# https://github.com/mikedh/trimesh
v 0.00388277 0.02368380 0.01287500
v 0.00388277 0.02368380 0.01287500
v 0.00326800 0.01993390 0.01287500
v 0.00326800 0.01993390 0.01287500
v 0.00540407 0.01946370 0.01287500
v 0.00540407 0.01946370 0.01287500
v 0.00129933 0.02396480 0.01287500
v 0.00129933 0.02396480 0.01287500
v 0.00109361 0.02017040 0.01287500
v 0.00109361 0.02017040 0.01287500
v 0.00642068 0.02312520 0.01287500
v 0.00642068 0.02312520 0.01287500
v 0.00747679 0.01876530 0.01287500
v 0.00747679 0.01876530 0.01287500
v -0.00388277 0.02368380 0.01287500
v -0.00388277 0.02368380 0.01287500
v -0.00326800 0.01993390 0.01287500
v -0.00326800 0.01993390 0.01287500
v -0.00109361 0.02017040 0.01287500
v -0.00109361 0.02017040 0.01287500
v -0.00642068 0.02312520 0.01287500
v -0.00642068 0.02312520 0.01287500
v -0.00540407 0.01946370 0.01287500
v -0.00540407 0.01946370 0.01287500
v -0.00129933 0.02396480 0.01287500
v -0.00129933 0.02396480 0.01287500
v -0.00888332 0.02229540 0.01287500
v -0.00888332 0.02229540 0.01287500
v -0.00747679 0.01876530 0.01287500
v -0.00747679 0.01876530 0.01287500
v 0.01346850 0.01986450 0.01287500
v 0.01346850 0.01986450 0.01287500
v 0.01133600 0.01671930 0.01287500
v 0.01133600 0.01671930 0.01287500
v 0.01307720 0.01539570 0.01287500
v 0.01307720 0.01539570 0.01287500
v 0.01124180 0.02120430 0.01287500
v 0.01124180 0.02120430 0.01287500
v 0.00946185 0.01784690 0.01287500
v 0.00946185 0.01784690 0.01287500
v -0.02274370 0.00766324 0.01287500
v -0.02274370 0.00766324 0.01287500
v -0.01914260 0.00644989 0.01287500
v -0.01914260 0.00644989 0.01287500
v -0.01833300 0.00848176 0.01287500
v -0.01833300 0.00848176 0.01287500
v -0.02343890 0.00515929 0.01287500
v -0.02343890 0.00515929 0.01287500
v -0.01972770 0.00434240 0.01287500
v -0.01972770 0.00434240 0.01287500
v -0.02385930 0.00259486 0.01287500
v -0.02385930 0.00259486 0.01287500
v -0.02008160 0.00218400 0.01287500
v -0.02008160 0.00218400 0.01287500
v -0.02400000 0.00000000 0.01287500
v -0.02400000 0.00000000 0.01287500
v -0.02020000 0.00000000 0.01287500
v -0.02020000 0.00000000 0.01287500
v -0.02178180 -0.01007730 0.01287500
v -0.02178180 -0.01007730 0.01287500
v -0.01833300 -0.00848176 0.01287500
v -0.01833300 -0.00848176 0.01287500
v -0.01914260 -0.00644989 0.01287500
v -0.01914260 -0.00644989 0.01287500
v -0.02056460 -0.01237330 0.01287500
v -0.02056460 -0.01237330 0.01287500
v -0.01730850 -0.01041420 0.01287500
v -0.01730850 -0.01041420 0.01287500
v -0.01124180 -0.02120430 0.01287500
v -0.01124180 -0.02120430 0.01287500
v -0.00946185 -0.01784690 0.01287500
v -0.00946185 -0.01784690 0.01287500
v -0.01133600 -0.01671930 0.01287500
v -0.01133600 -0.01671930 0.01287500
v -0.00888332 -0.02229540 0.01287500
v -0.00888332 -0.02229540 0.01287500
v -0.00747679 -0.01876530 0.01287500
v -0.00747679 -0.01876530 0.01287500
v 0.02400000 0.00000000 0.01287500
v 0.02400000 0.00000000 0.01287500
v 0.02385930 0.00259486 0.01287500
v 0.02385930 0.00259486 0.01287500
v 0.02008160 0.00218400 0.01287500
v 0.02008160 0.00218400 0.01287500
v 0.02343890 0.00515929 0.01287500
v 0.02343890 0.00515929 0.01287500
v 0.01972770 0.00434240 0.01287500
v 0.01972770 0.00434240 0.01287500
v 0.02274370 0.00766324 0.01287500
v 0.02274370 0.00766324 0.01287500
v 0.01914260 0.00644989 0.01287500
v 0.01914260 0.00644989 0.01287500
v 0.02178180 0.01007730 0.01287500
v 0.02178180 0.01007730 0.01287500
v 0.01833300 0.00848176 0.01287500
v 0.01833300 0.00848176 0.01287500
v 0.02056460 0.01237330 0.01287500
v 0.02056460 0.01237330 0.01287500
v 0.01730850 0.01041420 0.01287500
v 0.01730850 0.01041420 0.01287500
v 0.01910620 0.01452420 0.01287500
v 0.01910620 0.01452420 0.01287500
v 0.01608110 0.01222450 0.01287500
v 0.01608110 0.01222450 0.01287500
v 0.01742390 0.01650480 0.01287500
v 0.01742390 0.01650480 0.01287500
v 0.01466510 0.01389150 0.01287500
v 0.01466510 0.01389150 0.01287500
v 0.01553730 0.01829190 0.01287500
v 0.01553730 0.01829190 0.01287500
v 0.00888332 0.02229540 0.01287500
v 0.00888332 0.02229540 0.01287500
v -0.01124180 0.02120430 0.01287500
v -0.01124180 0.02120430 0.01287500
v -0.00946185 0.01784690 0.01287500
v -0.00946185 0.01784690 0.01287500
v -0.01742390 0.01650480 0.01287500
v -0.01742390 0.01650480 0.01287500
v -0.01466510 0.01389150 0.01287500
v -0.01466510 0.01389150 0.01287500
v -0.01307720 0.01539570 0.01287500
v -0.01307720 0.01539570 0.01287500
v -0.01910620 0.01452420 0.01287500
v -0.01910620 0.01452420 0.01287500
v -0.01608110 0.01222450 0.01287500
v -0.01608110 0.01222450 0.01287500
v -0.02056460 0.01237330 0.01287500
v -0.02056460 0.01237330 0.01287500
v -0.01730850 0.01041420 0.01287500
v -0.01730850 0.01041420 0.01287500
v -0.02178180 0.01007730 0.01287500
v -0.02178180 0.01007730 0.01287500
v -0.02385930 -0.00259486 0.01287500
v -0.02385930 -0.00259486 0.01287500
v -0.02008160 -0.00218400 0.01287500
v -0.02008160 -0.00218400 0.01287500
v -0.02343890 -0.00515929 0.01287500
v -0.02343890 -0.00515929 0.01287500
v -0.01972770 -0.00434240 0.01287500
v -0.01972770 -0.00434240 0.01287500
v -0.01910620 -0.01452420 0.01287500
v -0.01910620 -0.01452420 0.01287500
v -0.01608110 -0.01222450 0.01287500
v -0.01608110 -0.01222450 0.01287500
v -0.01742390 -0.01650480 0.01287500
v -0.01742390 -0.01650480 0.01287500
v -0.01553730 -0.01829190 0.01287500
v -0.01553730 -0.01829190 0.01287500
v -0.01307720 -0.01539570 0.01287500
v -0.01307720 -0.01539570 0.01287500
v -0.01346850 -0.01986450 0.01287500
v -0.01346850 -0.01986450 0.01287500
v -0.00642068 -0.02312520 0.01287500
v -0.00642068 -0.02312520 0.01287500
v -0.00540407 -0.01946370 0.01287500
v -0.00540407 -0.01946370 0.01287500
v -0.01346850 0.01986450 0.01287500
v -0.01346850 0.01986450 0.01287500
v -0.01133600 0.01671930 0.01287500
v -0.01133600 0.01671930 0.01287500
v -0.01553730 0.01829190 0.01287500
v -0.01553730 0.01829190 0.01287500
v -0.02274370 -0.00766324 0.01287500
v -0.02274370 -0.00766324 0.01287500
v -0.01466510 -0.01389150 0.01287500
v -0.01466510 -0.01389150 0.01287500
v -0.00388277 -0.02368380 0.01287500
v -0.00388277 -0.02368380 0.01287500
v -0.00326800 -0.01993390 0.01287500
v -0.00326800 -0.01993390 0.01287500
v -0.00129933 -0.02396480 0.01287500
v -0.00129933 -0.02396480 0.01287500
v -0.00109361 -0.02017040 0.01287500
v -0.00109361 -0.02017040 0.01287500
v 0.00642068 -0.02312520 0.01287500
v 0.00642068 -0.02312520 0.01287500
v 0.00540407 -0.01946370 0.01287500
v 0.00540407 -0.01946370 0.01287500
v 0.00326800 -0.01993390 0.01287500
v 0.00326800 -0.01993390 0.01287500
v 0.00888332 -0.02229540 0.01287500
v 0.00888332 -0.02229540 0.01287500
v 0.00747679 -0.01876530 0.01287500
v 0.00747679 -0.01876530 0.01287500
v 0.01124180 -0.02120430 0.01287500
v 0.01124180 -0.02120430 0.01287500
v 0.00946185 -0.01784690 0.01287500
v 0.00946185 -0.01784690 0.01287500
v 0.01346850 -0.01986450 0.01287500
v 0.01346850 -0.01986450 0.01287500
v 0.01133600 -0.01671930 0.01287500
v 0.01133600 -0.01671930 0.01287500
v 0.01553730 -0.01829190 0.01287500
v 0.01553730 -0.01829190 0.01287500
v 0.01307720 -0.01539570 0.01287500
v 0.01307720 -0.01539570 0.01287500
v 0.01742390 -0.01650480 0.01287500
v 0.01742390 -0.01650480 0.01287500
v 0.01466510 -0.01389150 0.01287500
v 0.01466510 -0.01389150 0.01287500
v 0.02343890 -0.00515929 0.01287500
v 0.02343890 -0.00515929 0.01287500
v 0.01972770 -0.00434240 0.01287500
v 0.01972770 -0.00434240 0.01287500
v 0.01914260 -0.00644989 0.01287500
v 0.01914260 -0.00644989 0.01287500
v 0.02385930 -0.00259486 0.01287500
v 0.02385930 -0.00259486 0.01287500
v 0.02008160 -0.00218400 0.01287500
v 0.02008160 -0.00218400 0.01287500
v 0.00129933 -0.02396480 0.01287500
v 0.00129933 -0.02396480 0.01287500
v 0.00109361 -0.02017040 0.01287500
v 0.00109361 -0.02017040 0.01287500
v 0.00388277 -0.02368380 0.01287500
v 0.00388277 -0.02368380 0.01287500
v 0.01910620 -0.01452420 0.01287500
v 0.01910620 -0.01452420 0.01287500
v 0.01608110 -0.01222450 0.01287500
v 0.01608110 -0.01222450 0.01287500
v 0.02056460 -0.01237330 0.01287500
v 0.02056460 -0.01237330 0.01287500
v 0.01730850 -0.01041420 0.01287500
v 0.01730850 -0.01041420 0.01287500
v 0.02178180 -0.01007730 0.01287500
v 0.02178180 -0.01007730 0.01287500
v 0.01833300 -0.00848176 0.01287500
v 0.01833300 -0.00848176 0.01287500
v 0.02274370 -0.00766324 0.01287500
v 0.02274370 -0.00766324 0.01287500
v 0.02020000 0.00000000 0.01287500
v 0.02020000 0.00000000 0.01287500
v -0.02400000 0.00000000 0.01107500
v -0.02400000 0.00000000 0.01107500
v -0.02343890 0.00515929 0.01107500
v -0.02343890 0.00515929 0.01107500
v -0.02365000 0.00387160 0.01107500
v -0.02365000 0.00387160 0.01107500
v -0.02274370 0.00766324 0.01107500
v -0.02274370 0.00766324 0.01107500
v -0.02178180 0.01007730 0.01107500
v -0.02178180 0.01007730 0.01107500
v -0.02056460 0.01237330 0.01107500
v -0.02056460 0.01237330 0.01107500
v -0.01910620 0.01452420 0.01107500
v -0.01910620 0.01452420 0.01107500
v -0.01742390 0.01650480 0.01107500
v -0.01742390 0.01650480 0.01107500
v -0.01385000 0.01957450 0.01107500
v -0.01385000 0.01957450 0.01107500
v -0.01346850 0.01986450 0.01107500
v -0.01346850 0.01986450 0.01107500
v -0.01124180 0.02120430 0.01107500
v -0.01124180 0.02120430 0.01107500
v -0.00888332 0.02229540 0.01107500
v -0.00888332 0.02229540 0.01107500
v -0.00642068 0.02312520 0.01107500
v -0.00642068 0.02312520 0.01107500
v -0.00388277 0.02368380 0.01107500
v -0.00388277 0.02368380 0.01107500
v -0.00129933 0.02396480 0.01107500
v -0.00129933 0.02396480 0.01107500
v 0.00129933 0.02396480 0.01107500
v 0.00129933 0.02396480 0.01107500
v 0.00388277 0.02368380 0.01107500
v 0.00388277 0.02368380 0.01107500
v 0.00642068 0.02312520 0.01107500
v 0.00642068 0.02312520 0.01107500
v 0.00888332 0.02229540 0.01107500
v 0.00888332 0.02229540 0.01107500
v 0.01124180 0.02120430 0.01107500
v 0.01124180 0.02120430 0.01107500
v 0.01553730 0.01829190 0.01107500
v 0.01553730 0.01829190 0.01107500
v 0.01385000 0.01957450 0.01107500
v 0.01385000 0.01957450 0.01107500
v 0.01742390 0.01650480 0.01107500
v 0.01742390 0.01650480 0.01107500
v 0.01910620 0.01452420 0.01107500
v 0.01910620 0.01452420 0.01107500
v 0.02056460 0.01237330 0.01107500
v 0.02056460 0.01237330 0.01107500
v 0.02178180 0.01007730 0.01107500
v 0.02178180 0.01007730 0.01107500
v 0.02274370 0.00766324 0.01107500
v 0.02274370 0.00766324 0.01107500
v 0.02365000 0.00387160 0.01107500
v 0.02365000 0.00387160 0.01107500
v 0.02385930 0.00259486 0.01107500
v 0.02385930 0.00259486 0.01107500
v 0.02400000 0.00000000 0.01107500
v 0.02400000 0.00000000 0.01107500
v 0.02343890 -0.00515929 0.01107500
v 0.02343890 -0.00515929 0.01107500
v 0.02365000 -0.00387160 0.01107500
v 0.02365000 -0.00387160 0.01107500
v 0.02274370 -0.00766324 0.01107500
v 0.02274370 -0.00766324 0.01107500
v 0.02178180 -0.01007730 0.01107500
v 0.02178180 -0.01007730 0.01107500
v 0.02056460 -0.01237330 0.01107500
v 0.02056460 -0.01237330 0.01107500
v 0.01910620 -0.01452420 0.01107500
v 0.01910620 -0.01452420 0.01107500
v 0.01742390 -0.01650480 0.01107500
v 0.01742390 -0.01650480 0.01107500
v 0.01385000 -0.01957450 0.01107500
v 0.01385000 -0.01957450 0.01107500
v 0.01346850 -0.01986450 0.01107500
v 0.01346850 -0.01986450 0.01107500
v 0.01124180 -0.02120430 0.01107500
v 0.01124180 -0.02120430 0.01107500
v 0.00888332 -0.02229540 0.01107500
v 0.00888332 -0.02229540 0.01107500
v 0.00642068 -0.02312520 0.01107500
v 0.00642068 -0.02312520 0.01107500
v 0.00388277 -0.02368380 0.01107500
v 0.00388277 -0.02368380 0.01107500
v 0.00129933 -0.02396480 0.01107500
v 0.00129933 -0.02396480 0.01107500
v -0.00129933 -0.02396480 0.01107500
v -0.00129933 -0.02396480 0.01107500
v -0.00388277 -0.02368380 0.01107500
v -0.00388277 -0.02368380 0.01107500
v -0.00642068 -0.02312520 0.01107500
v -0.00642068 -0.02312520 0.01107500
v -0.00888332 -0.02229540 0.01107500
v -0.00888332 -0.02229540 0.01107500
v -0.01124180 -0.02120430 0.01107500
v -0.01124180 -0.02120430 0.01107500
v -0.01553730 -0.01829190 0.01107500
v -0.01553730 -0.01829190 0.01107500
v -0.01385000 -0.01957450 0.01107500
v -0.01385000 -0.01957450 0.01107500
v -0.01742390 -0.01650480 0.01107500
v -0.01742390 -0.01650480 0.01107500
v -0.01910620 -0.01452420 0.01107500
v -0.01910620 -0.01452420 0.01107500
v -0.02056460 -0.01237330 0.01107500
v -0.02056460 -0.01237330 0.01107500
v -0.02178180 -0.01007730 0.01107500
v -0.02178180 -0.01007730 0.01107500
v -0.02274370 -0.00766324 0.01107500
v -0.02274370 -0.00766324 0.01107500
v -0.02365000 -0.00387160 0.01107500
v -0.02365000 -0.00387160 0.01107500
v -0.02385930 -0.00259486 0.01107500
v -0.02385930 -0.00259486 0.01107500
v -0.02343890 -0.00515929 0.01107500
v -0.02343890 -0.00515929 0.01107500
v -0.01346850 -0.01986450 0.01107500
v -0.01346850 -0.01986450 0.01107500
v 0.01553730 -0.01829190 0.01107500
v 0.01553730 -0.01829190 0.01107500
v 0.02385930 -0.00259486 0.01107500
v 0.02385930 -0.00259486 0.01107500
v 0.02343890 0.00515929 0.01107500
v 0.02343890 0.00515929 0.01107500
v 0.01346850 0.01986450 0.01107500
v 0.01346850 0.01986450 0.01107500
v -0.01553730 0.01829190 0.01107500
v -0.01553730 0.01829190 0.01107500
v -0.02385930 0.00259486 0.01107500
v -0.02385930 0.00259486 0.01107500
v -0.02008160 -0.00218400 0.01107500
v -0.02008160 -0.00218400 0.01107500
v -0.02020000 0.00000000 0.01107500
v -0.02020000 0.00000000 0.01107500
v -0.01972770 -0.00434240 0.01107500
v -0.01972770 -0.00434240 0.01107500
v -0.01914260 -0.00644989 0.01107500
v -0.01914260 -0.00644989 0.01107500
v -0.01833300 -0.00848176 0.01107500
v -0.01833300 -0.00848176 0.01107500
v -0.01730850 -0.01041420 0.01107500
v -0.01730850 -0.01041420 0.01107500
v -0.01608110 -0.01222450 0.01107500
v -0.01608110 -0.01222450 0.01107500
v -0.01466510 -0.01389150 0.01107500
v -0.01466510 -0.01389150 0.01107500
v -0.01307720 -0.01539570 0.01107500
v -0.01307720 -0.01539570 0.01107500
v -0.01133600 -0.01671930 0.01107500
v -0.01133600 -0.01671930 0.01107500
v -0.00946185 -0.01784690 0.01107500
v -0.00946185 -0.01784690 0.01107500
v -0.00747679 -0.01876530 0.01107500
v -0.00747679 -0.01876530 0.01107500
v -0.00540407 -0.01946370 0.01107500
v -0.00540407 -0.01946370 0.01107500
v -0.00326800 -0.01993390 0.01107500
v -0.00326800 -0.01993390 0.01107500
v -0.00109361 -0.02017040 0.01107500
v -0.00109361 -0.02017040 0.01107500
v 0.00109361 -0.02017040 0.01107500
v 0.00109361 -0.02017040 0.01107500
v 0.00326800 -0.01993390 0.01107500
v 0.00326800 -0.01993390 0.01107500
v 0.00540407 -0.01946370 0.01107500
v 0.00540407 -0.01946370 0.01107500
v 0.00747679 -0.01876530 0.01107500
v 0.00747679 -0.01876530 0.01107500
v 0.00946185 -0.01784690 0.01107500
v 0.00946185 -0.01784690 0.01107500
v 0.01133600 -0.01671930 0.01107500
v 0.01133600 -0.01671930 0.01107500
v 0.01307720 -0.01539570 0.01107500
v 0.01307720 -0.01539570 0.01107500
v 0.01466510 -0.01389150 0.01107500
v 0.01466510 -0.01389150 0.01107500
v 0.01608110 -0.01222450 0.01107500
v 0.01608110 -0.01222450 0.01107500
v 0.01730850 -0.01041420 0.01107500
v 0.01730850 -0.01041420 0.01107500
v 0.01833300 -0.00848176 0.01107500
v 0.01833300 -0.00848176 0.01107500
v 0.01914260 -0.00644989 0.01107500
v 0.01914260 -0.00644989 0.01107500
v 0.01972770 -0.00434240 0.01107500
v 0.01972770 -0.00434240 0.01107500
v 0.02008160 -0.00218400 0.01107500
v 0.02008160 -0.00218400 0.01107500
v 0.02020000 0.00000000 0.01107500
v 0.02020000 0.00000000 0.01107500
v 0.02008160 0.00218400 0.01107500
v 0.02008160 0.00218400 0.01107500
v 0.01972770 0.00434240 0.01107500
v 0.01972770 0.00434240 0.01107500
v 0.01914260 0.00644989 0.01107500
v 0.01914260 0.00644989 0.01107500
v 0.01833300 0.00848176 0.01107500
v 0.01833300 0.00848176 0.01107500
v 0.01730850 0.01041420 0.01107500
v 0.01730850 0.01041420 0.01107500
v 0.01608110 0.01222450 0.01107500
v 0.01608110 0.01222450 0.01107500
v 0.01466510 0.01389150 0.01107500
v 0.01466510 0.01389150 0.01107500
v 0.01307720 0.01539570 0.01107500
v 0.01307720 0.01539570 0.01107500
v 0.01133600 0.01671930 0.01107500
v 0.01133600 0.01671930 0.01107500
v 0.00946185 0.01784690 0.01107500
v 0.00946185 0.01784690 0.01107500
v 0.00747679 0.01876530 0.01107500
v 0.00747679 0.01876530 0.01107500
v 0.00540407 0.01946370 0.01107500
v 0.00540407 0.01946370 0.01107500
v 0.00326800 0.01993390 0.01107500
v 0.00326800 0.01993390 0.01107500
v 0.00109361 0.02017040 0.01107500
v 0.00109361 0.02017040 0.01107500
v -0.00109361 0.02017040 0.01107500
v -0.00109361 0.02017040 0.01107500
v -0.00326800 0.01993390 0.01107500
v -0.00326800 0.01993390 0.01107500
v -0.00540407 0.01946370 0.01107500
v -0.00540407 0.01946370 0.01107500
v -0.00747679 0.01876530 0.01107500
v -0.00747679 0.01876530 0.01107500
v -0.00946185 0.01784690 0.01107500
v -0.00946185 0.01784690 0.01107500
v -0.01133600 0.01671930 0.01107500
v -0.01133600 0.01671930 0.01107500
v -0.01307720 0.01539570 0.01107500
v -0.01307720 0.01539570 0.01107500
v -0.01466510 0.01389150 0.01107500
v -0.01466510 0.01389150 0.01107500
v -0.01608110 0.01222450 0.01107500
v -0.01608110 0.01222450 0.01107500
v -0.01730850 0.01041420 0.01107500
v -0.01730850 0.01041420 0.01107500
v -0.01833300 0.00848176 0.01107500
v -0.01833300 0.00848176 0.01107500
v -0.01914260 0.00644989 0.01107500
v -0.01914260 0.00644989 0.01107500
v -0.01972770 0.00434240 0.01107500
v -0.01972770 0.00434240 0.01107500
v -0.02008160 0.00218400 0.01107500
v -0.02008160 0.00218400 0.01107500
v 0.01191030 0.00716620 0.01107500
v 0.01191030 0.00716620 0.01107500
v 0.01106570 0.00841192 0.01107500
v 0.01106570 0.00841192 0.01107500
v 0.01317240 0.00443829 0.01107500
v 0.01317240 0.00443829 0.01107500
v 0.01357500 0.00298809 0.01107500
v 0.01357500 0.00298809 0.01107500
v 0.01261530 0.00583646 0.01107500
v 0.01261530 0.00583646 0.01107500
v 0.01009130 0.00955902 0.01107500
v 0.01009130 0.00955902 0.01107500
v -0.00514492 -0.01291280 0.01107500
v -0.00514492 -0.01291280 0.01107500
v -0.00651088 -0.01228080 0.01107500
v -0.00651088 -0.01228080 0.01107500
v -0.00371864 -0.01339330 0.01107500
v -0.00371864 -0.01339330 0.01107500
v 0.00224877 -0.01371690 0.01107500
v 0.00224877 -0.01371690 0.01107500
v 0.00371864 -0.01339330 0.01107500
v 0.00371864 -0.01339330 0.01107500
v -0.01191030 -0.00716620 0.01107500
v -0.01191030 -0.00716620 0.01107500
v -0.01261530 -0.00583646 0.01107500
v -0.01261530 -0.00583646 0.01107500
v -0.01106570 -0.00841192 0.01107500
v -0.01106570 -0.00841192 0.01107500
v -0.00780050 -0.01150490 0.01107500
v -0.00780050 -0.01150490 0.01107500
v -0.00224877 -0.01371690 0.01107500
v -0.00224877 -0.01371690 0.01107500
v -0.00075253 -0.01387960 0.01107500
v -0.00075253 -0.01387960 0.01107500
v 0.00075253 -0.01387960 0.01107500
v 0.00075253 -0.01387960 0.01107500
v 0.00899867 0.01059410 0.01107500
v 0.00899867 0.01059410 0.01107500
v 0.00780050 0.01150490 0.01107500
v 0.00780050 0.01150490 0.01107500
v 0.00651088 0.01228080 0.01107500
v 0.00651088 0.01228080 0.01107500
v -0.01317240 -0.00443829 0.01107500
v -0.01317240 -0.00443829 0.01107500
v 0.00514492 -0.01291280 0.01107500
v 0.00514492 -0.01291280 0.01107500
v 0.01381850 0.00150285 0.01107500
v 0.01381850 0.00150285 0.01107500
v 0.00371864 0.01339330 0.01107500
v 0.00371864 0.01339330 0.01107500
v 0.00514492 0.01291280 0.01107500
v 0.00514492 0.01291280 0.01107500
v 0.00224877 0.01371690 0.01107500
v 0.00224877 0.01371690 0.01107500
v -0.01381850 -0.00150285 0.01107500
v -0.01381850 -0.00150285 0.01107500
v -0.01390000 0.00000000 0.01107500
v -0.01390000 0.00000000 0.01107500
v -0.01357500 -0.00298809 0.01107500
v -0.01357500 -0.00298809 0.01107500
v -0.01009130 -0.00955902 0.01107500
v -0.01009130 -0.00955902 0.01107500
v -0.00899867 -0.01059410 0.01107500
v -0.00899867 -0.01059410 0.01107500
v 0.00651088 -0.01228080 0.01107500
v 0.00651088 -0.01228080 0.01107500
v 0.00780050 -0.01150490 0.01107500
v 0.00780050 -0.01150490 0.01107500
v 0.00075253 0.01387960 0.01107500
v 0.00075253 0.01387960 0.01107500
v -0.00075253 0.01387960 0.01107500
v -0.00075253 0.01387960 0.01107500
v -0.00224877 0.01371690 0.01107500
v -0.00224877 0.01371690 0.01107500
v -0.00371864 0.01339330 0.01107500
v -0.00371864 0.01339330 0.01107500
v -0.00514492 0.01291280 0.01107500
v -0.00514492 0.01291280 0.01107500
v -0.00651088 0.01228080 0.01107500
v -0.00651088 0.01228080 0.01107500
v 0.00899867 -0.01059410 0.01107500
v 0.00899867 -0.01059410 0.01107500
v 0.01009130 -0.00955902 0.01107500
v 0.01009130 -0.00955902 0.01107500
v 0.01106570 -0.00841192 0.01107500
v 0.01106570 -0.00841192 0.01107500
v 0.01191030 -0.00716620 0.01107500
v 0.01191030 -0.00716620 0.01107500
v 0.01261530 -0.00583646 0.01107500
v 0.01261530 -0.00583646 0.01107500
v 0.01317240 -0.00443829 0.01107500
v 0.01317240 -0.00443829 0.01107500
v -0.00780050 0.01150490 0.01107500
v -0.00780050 0.01150490 0.01107500
v -0.01261530 0.00583646 0.01107500
v -0.01261530 0.00583646 0.01107500
v -0.01191030 0.00716620 0.01107500
v -0.01191030 0.00716620 0.01107500
v -0.01317240 0.00443829 0.01107500
v -0.01317240 0.00443829 0.01107500
v -0.01381850 0.00150285 0.01107500
v -0.01381850 0.00150285 0.01107500
v -0.01357500 0.00298809 0.01107500
v -0.01357500 0.00298809 0.01107500
v 0.01357500 -0.00298809 0.01107500
v 0.01357500 -0.00298809 0.01107500
v 0.01381850 -0.00150285 0.01107500
v 0.01381850 -0.00150285 0.01107500
v -0.00899867 0.01059410 0.01107500
v -0.00899867 0.01059410 0.01107500
v -0.01009130 0.00955902 0.01107500
v -0.01009130 0.00955902 0.01107500
v -0.01106570 0.00841192 0.01107500
v -0.01106570 0.00841192 0.01107500
v 0.01390000 0.00000000 0.01107500
v 0.01390000 0.00000000 0.01107500
v -0.01381850 -0.00150285 0.00952500
v -0.01381850 -0.00150285 0.00952500
v -0.01390000 0.00000000 0.00952500
v -0.01390000 0.00000000 0.00952500
v -0.01357500 -0.00298809 0.00952500
v -0.01357500 -0.00298809 0.00952500
v -0.01317240 -0.00443829 0.00952500
v -0.01317240 -0.00443829 0.00952500
v -0.01261530 -0.00583646 0.00952500
v -0.01261530 -0.00583646 0.00952500
v -0.01191030 -0.00716620 0.00952500
v -0.01191030 -0.00716620 0.00952500
v -0.01106570 -0.00841192 0.00952500
v -0.01106570 -0.00841192 0.00952500
v -0.01009130 -0.00955902 0.00952500
v -0.01009130 -0.00955902 0.00952500
v -0.00899867 -0.01059410 0.00952500
v -0.00899867 -0.01059410 0.00952500
v -0.00780050 -0.01150490 0.00952500
v -0.00780050 -0.01150490 0.00952500
v -0.00651088 -0.01228080 0.00952500
v -0.00651088 -0.01228080 0.00952500
v -0.00514492 -0.01291280 0.00952500
v -0.00514492 -0.01291280 0.00952500
v -0.00371864 -0.01339330 0.00952500
v -0.00371864 -0.01339330 0.00952500
v -0.00224877 -0.01371690 0.00952500
v -0.00224877 -0.01371690 0.00952500
v -0.00075253 -0.01387960 0.00952500
v -0.00075253 -0.01387960 0.00952500
v 0.00075253 -0.01387960 0.00952500
v 0.00075253 -0.01387960 0.00952500
v 0.00224877 -0.01371690 0.00952500
v 0.00224877 -0.01371690 0.00952500
v 0.00371864 -0.01339330 0.00952500
v 0.00371864 -0.01339330 0.00952500
v 0.00514492 -0.01291280 0.00952500
v 0.00514492 -0.01291280 0.00952500
v 0.00651088 -0.01228080 0.00952500
v 0.00651088 -0.01228080 0.00952500
v 0.00780050 -0.01150490 0.00952500
v 0.00780050 -0.01150490 0.00952500
v 0.00899867 -0.01059410 0.00952500
v 0.00899867 -0.01059410 0.00952500
v 0.01009130 -0.00955902 0.00952500
v 0.01009130 -0.00955902 0.00952500
v 0.01106570 -0.00841192 0.00952500
v 0.01106570 -0.00841192 0.00952500
v 0.01191030 -0.00716620 0.00952500
v 0.01191030 -0.00716620 0.00952500
v 0.01261530 -0.00583646 0.00952500
v 0.01261530 -0.00583646 0.00952500
v 0.01317240 -0.00443829 0.00952500
v 0.01317240 -0.00443829 0.00952500
v 0.01357500 -0.00298809 0.00952500
v 0.01357500 -0.00298809 0.00952500
v 0.01381850 -0.00150285 0.00952500
v 0.01381850 -0.00150285 0.00952500
v 0.01390000 0.00000000 0.00952500
v 0.01390000 0.00000000 0.00952500
v 0.01381850 0.00150285 0.00952500
v 0.01381850 0.00150285 0.00952500
v 0.01357500 0.00298809 0.00952500
v 0.01357500 0.00298809 0.00952500
v 0.01317240 0.00443829 0.00952500
v 0.01317240 0.00443829 0.00952500
v 0.01261530 0.00583646 0.00952500
v 0.01261530 0.00583646 0.00952500
v 0.01191030 0.00716620 0.00952500
v 0.01191030 0.00716620 0.00952500
v 0.01106570 0.00841192 0.00952500
v 0.01106570 0.00841192 0.00952500
v 0.01009130 0.00955902 0.00952500
v 0.01009130 0.00955902 0.00952500
v 0.00899867 0.01059410 0.00952500
v 0.00899867 0.01059410 0.00952500
v 0.00780050 0.01150490 0.00952500
v 0.00780050 0.01150490 0.00952500
v 0.00651088 0.01228080 0.00952500
v 0.00651088 0.01228080 0.00952500
v 0.00514492 0.01291280 0.00952500
v 0.00514492 0.01291280 0.00952500
v 0.00371864 0.01339330 0.00952500
v 0.00371864 0.01339330 0.00952500
v 0.00224877 0.01371690 0.00952500
v 0.00224877 0.01371690 0.00952500
v 0.00075253 0.01387960 0.00952500
v 0.00075253 0.01387960 0.00952500
v -0.00075253 0.01387960 0.00952500
v -0.00075253 0.01387960 0.00952500
v -0.00224877 0.01371690 0.00952500
v -0.00224877 0.01371690 0.00952500
v -0.00371864 0.01339330 0.00952500
v -0.00371864 0.01339330 0.00952500
v -0.00514492 0.01291280 0.00952500
v -0.00514492 0.01291280 0.00952500
v -0.00651088 0.01228080 0.00952500
v -0.00651088 0.01228080 0.00952500
v -0.00780050 0.01150490 0.00952500
v -0.00780050 0.01150490 0.00952500
v -0.00899867 0.01059410 0.00952500
v -0.00899867 0.01059410 0.00952500
v -0.01009130 0.00955902 0.00952500
v -0.01009130 0.00955902 0.00952500
v -0.01106570 0.00841192 0.00952500
v -0.01106570 0.00841192 0.00952500
v -0.01191030 0.00716620 0.00952500
v -0.01191030 0.00716620 0.00952500
v -0.01261530 0.00583646 0.00952500
v -0.01261530 0.00583646 0.00952500
v -0.01317240 0.00443829 0.00952500
v -0.01317240 0.00443829 0.00952500
v -0.01357500 0.00298809 0.00952500
v -0.01357500 0.00298809 0.00952500
v -0.01381850 0.00150285 0.00952500
v -0.01381850 0.00150285 0.00952500
v -0.01530000 -0.03750000 0.00952500
v -0.01530000 -0.03750000 0.00952500
v -0.01950000 -0.03750000 0.00952500
v -0.01950000 -0.03750000 0.00952500
v -0.01911720 -0.03317970 0.00952500
v -0.01911720 -0.03317970 0.00952500
v -0.01982130 -0.03329520 0.00952500
v -0.01982130 -0.03329520 0.00952500
v -0.01946610 -0.03325650 0.00952500
v -0.01946610 -0.03325650 0.00952500
v -0.02197210 -0.03710850 0.00952500
v -0.02197210 -0.03710850 0.00952500
v -0.02275390 -0.03680840 0.00952500
v -0.02275390 -0.03680840 0.00952500
v -0.02122150 -0.03306560 0.00952500
v -0.02122150 -0.03306560 0.00952500
v -0.02350000 -0.03642820 0.00952500
v -0.02350000 -0.03642820 0.00952500
v -0.02154570 -0.03291560 0.00952500
v -0.02154570 -0.03291560 0.00952500
v -0.02033620 -0.03745620 0.00952500
v -0.02033620 -0.03745620 0.00952500
v -0.02017870 -0.03329520 0.00952500
v -0.02017870 -0.03329520 0.00952500
v -0.02116330 -0.03732520 0.00952500
v -0.02116330 -0.03732520 0.00952500
v -0.02053390 -0.03325650 0.00952500
v -0.02053390 -0.03325650 0.00952500
v -0.02088280 -0.03317970 0.00952500
v -0.02088280 -0.03317970 0.00952500
v -0.02420230 -0.03597210 0.00952500
v -0.02420230 -0.03597210 0.00952500
v -0.02185190 -0.03273140 0.00952500
v -0.02185190 -0.03273140 0.00952500
v -0.02485300 -0.03544520 0.00952500
v -0.02485300 -0.03544520 0.00952500
v -0.02213640 -0.03251510 0.00952500
v -0.02213640 -0.03251510 0.00952500
v -0.02544520 -0.03485300 0.00952500
v -0.02544520 -0.03485300 0.00952500
v -0.02239580 -0.03226940 0.00952500
v -0.02239580 -0.03226940 0.00952500
v -0.01671930 -0.02964320 0.00952500
v -0.01671930 -0.02964320 0.00952500
v -0.01677720 -0.02929060 0.00952500
v -0.01677720 -0.02929060 0.00952500
v -0.01687270 -0.03105370 0.00952500
v -0.01687270 -0.03105370 0.00952500
v -0.01677720 -0.03070940 0.00952500
v -0.01677720 -0.03070940 0.00952500
v -0.03000000 -0.02030000 0.00952500
v -0.03000000 -0.02030000 0.00952500
v -0.02088280 -0.02682030 0.00952500
v -0.02088280 -0.02682030 0.00952500
v -0.02122150 -0.02693440 0.00952500
v -0.02122150 -0.02693440 0.00952500
v -0.01911720 -0.02682030 0.00952500
v -0.01911720 -0.02682030 0.00952500
v -0.01946610 -0.02674350 0.00952500
v -0.01946610 -0.02674350 0.00952500
v -0.01737290 -0.02800290 0.00952500
v -0.01737290 -0.02800290 0.00952500
v -0.01760420 -0.02773060 0.00952500
v -0.01760420 -0.02773060 0.00952500
v -0.01687270 -0.02894630 0.00952500
v -0.01687270 -0.02894630 0.00952500
v -0.01700500 -0.03138560 0.00952500
v -0.01700500 -0.03138560 0.00952500
v -0.01786360 -0.03251510 0.00952500
v -0.01786360 -0.03251510 0.00952500
v -0.01760420 -0.03226940 0.00952500
v -0.01760420 -0.03226940 0.00952500
v -0.01877850 -0.03306560 0.00952500
v -0.01877850 -0.03306560 0.00952500
v -0.01845430 -0.03291560 0.00952500
v -0.01845430 -0.03291560 0.00952500
v -0.02053390 -0.02674350 0.00952500
v -0.02053390 -0.02674350 0.00952500
v -0.02017870 -0.02670480 0.00952500
v -0.02017870 -0.02670480 0.00952500
v -0.01877850 -0.02693440 0.00952500
v -0.01877850 -0.02693440 0.00952500
v -0.01717240 -0.02829870 0.00952500
v -0.01717240 -0.02829870 0.00952500
v -0.01700500 -0.02861440 0.00952500
v -0.01700500 -0.02861440 0.00952500
v -0.01670000 -0.03000000 0.00952500
v -0.01670000 -0.03000000 0.00952500
v -0.01717240 -0.03170130 0.00952500
v -0.01717240 -0.03170130 0.00952500
v -0.01737290 -0.03199710 0.00952500
v -0.01737290 -0.03199710 0.00952500
v -0.01814810 -0.03273140 0.00952500
v -0.01814810 -0.03273140 0.00952500
v -0.02680840 -0.03275390 0.00952500
v -0.02680840 -0.03275390 0.00952500
v -0.02710850 -0.03197210 0.00952500
v -0.02710850 -0.03197210 0.00952500
v -0.02312730 -0.03105370 0.00952500
v -0.02312730 -0.03105370 0.00952500
v -0.01845430 -0.02708440 0.00952500
v -0.01845430 -0.02708440 0.00952500
v -0.01786360 -0.02748490 0.00952500
v -0.01786360 -0.02748490 0.00952500
v -0.01814810 -0.02726860 0.00952500
v -0.01814810 -0.02726860 0.00952500
v -0.01671930 -0.03035680 0.00952500
v -0.01671930 -0.03035680 0.00952500
v -0.02597210 -0.03420230 0.00952500
v -0.02597210 -0.03420230 0.00952500
v -0.02262710 -0.03199710 0.00952500
v -0.02262710 -0.03199710 0.00952500
v -0.02642820 -0.03350000 0.00952500
v -0.02642820 -0.03350000 0.00952500
v -0.02282760 -0.03170130 0.00952500
v -0.02282760 -0.03170130 0.00952500
v -0.02299500 -0.03138560 0.00952500
v -0.02299500 -0.03138560 0.00952500
v -0.02322280 -0.03070940 0.00952500
v -0.02322280 -0.03070940 0.00952500
v -0.02185190 -0.02726860 0.00952500
v -0.02185190 -0.02726860 0.00952500
v -0.02213640 -0.02748490 0.00952500
v -0.02213640 -0.02748490 0.00952500
v -0.01982130 -0.02670480 0.00952500
v -0.01982130 -0.02670480 0.00952500
v -0.02299500 -0.02861440 0.00952500
v -0.02299500 -0.02861440 0.00952500
v -0.02312730 -0.02894630 0.00952500
v -0.02312730 -0.02894630 0.00952500
v -0.02154570 -0.02708440 0.00952500
v -0.02154570 -0.02708440 0.00952500
v -0.02745620 -0.03033620 0.00952500
v -0.02745620 -0.03033620 0.00952500
v -0.02330000 -0.03000000 0.00952500
v -0.02330000 -0.03000000 0.00952500
v -0.02328070 -0.03035680 0.00952500
v -0.02328070 -0.03035680 0.00952500
v -0.02282760 -0.02829870 0.00952500
v -0.02282760 -0.02829870 0.00952500
v -0.02239580 -0.02773060 0.00952500
v -0.02239580 -0.02773060 0.00952500
v -0.02262710 -0.02800290 0.00952500
v -0.02262710 -0.02800290 0.00952500
v -0.02732520 -0.03116330 0.00952500
v -0.02732520 -0.03116330 0.00952500
v -0.02322280 -0.02929060 0.00952500
v -0.02322280 -0.02929060 0.00952500
v -0.02328070 -0.02964320 0.00952500
v -0.02328070 -0.02964320 0.00952500
v -0.02750000 -0.02950000 0.00952500
v -0.02750000 -0.02950000 0.00952500
v -0.02750000 -0.02950000 0.00952500
v -0.02275390 0.03680840 0.00952500
v -0.02275390 0.03680840 0.00952500
v -0.02122150 0.03306560 0.00952500
v -0.02122150 0.03306560 0.00952500
v -0.02154570 0.03291560 0.00952500
v -0.02154570 0.03291560 0.00952500
v -0.02197210 0.03710850 0.00952500
v -0.02197210 0.03710850 0.00952500
v -0.02088280 0.03317970 0.00952500
v -0.02088280 0.03317970 0.00952500
v -0.02350000 0.03642820 0.00952500
v -0.02350000 0.03642820 0.00952500
v -0.02185190 0.03273140 0.00952500
v -0.02185190 0.03273140 0.00952500
v -0.02116330 0.03732520 0.00952500
v -0.02116330 0.03732520 0.00952500
v -0.02053390 0.03325650 0.00952500
v -0.02053390 0.03325650 0.00952500
v -0.02033620 0.03745620 0.00952500
v -0.02033620 0.03745620 0.00952500
v -0.02017870 0.03329520 0.00952500
v -0.02017870 0.03329520 0.00952500
v -0.01530000 0.03750000 0.00952500
v -0.01530000 0.03750000 0.00952500
v -0.01814810 0.03273140 0.00952500
v -0.01814810 0.03273140 0.00952500
v -0.01845430 0.03291560 0.00952500
v -0.01845430 0.03291560 0.00952500
v -0.01737290 0.03199710 0.00952500
v -0.01737290 0.03199710 0.00952500
v -0.01760420 0.03226940 0.00952500
v -0.01760420 0.03226940 0.00952500
v -0.01671930 0.03035680 0.00952500
v -0.01671930 0.03035680 0.00952500
v -0.01677720 0.03070940 0.00952500
v -0.01677720 0.03070940 0.00952500
v -0.01950000 0.03750000 0.00952500
v -0.01950000 0.03750000 0.00952500
v -0.01982130 0.03329520 0.00952500
v -0.01982130 0.03329520 0.00952500
v -0.01911720 0.03317970 0.00952500
v -0.01911720 0.03317970 0.00952500
v -0.01946610 0.03325650 0.00952500
v -0.01946610 0.03325650 0.00952500
v -0.01877850 0.03306560 0.00952500
v -0.01877850 0.03306560 0.00952500
v -0.01786360 0.03251510 0.00952500
v -0.01786360 0.03251510 0.00952500
v -0.01717240 0.03170130 0.00952500
v -0.01717240 0.03170130 0.00952500
v -0.01687270 0.03105370 0.00952500
v -0.01687270 0.03105370 0.00952500
v -0.01982130 0.02670480 0.00952500
v -0.01982130 0.02670480 0.00952500
v -0.01946610 0.02674350 0.00952500
v -0.01946610 0.02674350 0.00952500
v -0.02088280 0.02682030 0.00952500
v -0.02088280 0.02682030 0.00952500
v -0.02053390 0.02674350 0.00952500
v -0.02053390 0.02674350 0.00952500
v -0.02154570 0.02708440 0.00952500
v -0.02154570 0.02708440 0.00952500
v -0.02122150 0.02693440 0.00952500
v -0.02122150 0.02693440 0.00952500
v -0.02239580 0.02773060 0.00952500
v -0.02239580 0.02773060 0.00952500
v -0.02213640 0.02748490 0.00952500
v -0.02213640 0.02748490 0.00952500
v -0.01700500 0.03138560 0.00952500
v -0.01700500 0.03138560 0.00952500
v -0.01814810 0.02726860 0.00952500
v -0.01814810 0.02726860 0.00952500
v -0.01786360 0.02748490 0.00952500
v -0.01786360 0.02748490 0.00952500
v -0.01911720 0.02682030 0.00952500
v -0.01911720 0.02682030 0.00952500
v -0.02017870 0.02670480 0.00952500
v -0.02017870 0.02670480 0.00952500
v -0.02185190 0.02726860 0.00952500
v -0.02185190 0.02726860 0.00952500
v -0.01671930 0.02964320 0.00952500
v -0.01671930 0.02964320 0.00952500
v -0.01687270 0.02894630 0.00952500
v -0.01687270 0.02894630 0.00952500
v -0.01677720 0.02929060 0.00952500
v -0.01677720 0.02929060 0.00952500
v -0.01717240 0.02829870 0.00952500
v -0.01717240 0.02829870 0.00952500
v -0.01700500 0.02861440 0.00952500
v -0.01700500 0.02861440 0.00952500
v -0.01760420 0.02773060 0.00952500
v -0.01760420 0.02773060 0.00952500
v -0.02750000 0.02950000 0.00952500
v -0.02750000 0.02950000 0.00952500
v -0.02750000 0.02950000 0.00952500
v -0.02282760 0.02829870 0.00952500
v -0.02282760 0.02829870 0.00952500
v -0.02322280 0.02929060 0.00952500
v -0.02322280 0.02929060 0.00952500
v -0.02312730 0.02894630 0.00952500
v -0.02312730 0.02894630 0.00952500
v -0.02680840 0.03275390 0.00952500
v -0.02680840 0.03275390 0.00952500
v -0.02299500 0.03138560 0.00952500
v -0.02299500 0.03138560 0.00952500
v -0.02312730 0.03105370 0.00952500
v -0.02312730 0.03105370 0.00952500
v -0.01670000 0.03000000 0.00952500
v -0.01670000 0.03000000 0.00952500
v -0.01737290 0.02800290 0.00952500
v -0.01737290 0.02800290 0.00952500
v -0.01877850 0.02693440 0.00952500
v -0.01877850 0.02693440 0.00952500
v -0.01845430 0.02708440 0.00952500
v -0.01845430 0.02708440 0.00952500
v -0.02262710 0.02800290 0.00952500
v -0.02262710 0.02800290 0.00952500
v -0.02299500 0.02861440 0.00952500
v -0.02299500 0.02861440 0.00952500
v -0.02745620 0.03033620 0.00952500
v -0.02745620 0.03033620 0.00952500
v -0.02732520 0.03116330 0.00952500
v -0.02732520 0.03116330 0.00952500
v -0.02328070 0.03035680 0.00952500
v -0.02328070 0.03035680 0.00952500
v -0.02710850 0.03197210 0.00952500
v -0.02710850 0.03197210 0.00952500
v -0.02642820 0.03350000 0.00952500
v -0.02642820 0.03350000 0.00952500
v -0.02282760 0.03170130 0.00952500
v -0.02282760 0.03170130 0.00952500
v -0.02597210 0.03420230 0.00952500
v -0.02597210 0.03420230 0.00952500
v -0.02262710 0.03199710 0.00952500
v -0.02262710 0.03199710 0.00952500
v -0.02544520 0.03485300 0.00952500
v -0.02544520 0.03485300 0.00952500
v -0.02239580 0.03226940 0.00952500
v -0.02239580 0.03226940 0.00952500
v -0.02485300 0.03544520 0.00952500
v -0.02485300 0.03544520 0.00952500
v -0.02213640 0.03251510 0.00952500
v -0.02213640 0.03251510 0.00952500
v -0.02420230 0.03597210 0.00952500
v -0.02420230 0.03597210 0.00952500
v -0.02330000 0.03000000 0.00952500
v -0.02330000 0.03000000 0.00952500
v -0.02322280 0.03070940 0.00952500
v -0.02322280 0.03070940 0.00952500
v -0.02328070 0.02964320 0.00952500
v -0.02328070 0.02964320 0.00952500
v -0.03000000 0.02950000 0.00952500
v -0.03000000 0.02950000 0.00952500
v -0.03000000 0.02950000 0.00952500
v 0.02750000 -0.02030000 0.00952500
v 0.02750000 -0.02030000 0.00952500
v 0.01814810 0.02726860 0.00952500
v 0.01814810 0.02726860 0.00952500
v 0.02745620 0.03033620 0.00952500
v 0.02745620 0.03033620 0.00952500
v 0.02330000 0.03000000 0.00952500
v 0.02330000 0.03000000 0.00952500
v 0.02328070 0.03035680 0.00952500
v 0.02328070 0.03035680 0.00952500
v 0.02750000 0.02950000 0.00952500
v 0.02750000 0.02950000 0.00952500
v 0.02328070 0.02964320 0.00952500
v 0.02328070 0.02964320 0.00952500
v 0.02680840 0.03275390 0.00952500
v 0.02680840 0.03275390 0.00952500
v 0.02710850 0.03197210 0.00952500
v 0.02710850 0.03197210 0.00952500
v 0.02312730 0.03105370 0.00952500
v 0.02312730 0.03105370 0.00952500
v 0.02732520 0.03116330 0.00952500
v 0.02732520 0.03116330 0.00952500
v 0.02322280 0.03070940 0.00952500
v 0.02322280 0.03070940 0.00952500
v 0.02017870 0.02670480 0.00952500
v 0.02017870 0.02670480 0.00952500
v 0.01760420 0.02773060 0.00952500
v 0.01760420 0.02773060 0.00952500
v 0.01786360 0.02748490 0.00952500
v 0.01786360 0.02748490 0.00952500
v 0.02642820 0.03350000 0.00952500
v 0.02642820 0.03350000 0.00952500
v 0.02299500 0.03138560 0.00952500
v 0.02299500 0.03138560 0.00952500
v 0.01877850 0.02693440 0.00952500
v 0.01877850 0.02693440 0.00952500
v 0.01737290 0.02800290 0.00952500
v 0.01737290 0.02800290 0.00952500
v 0.02322280 0.02929060 0.00952500
v 0.02322280 0.02929060 0.00952500
v 0.02299500 0.02861440 0.00952500
v 0.02299500 0.02861440 0.00952500
v 0.02312730 0.02894630 0.00952500
v 0.02312730 0.02894630 0.00952500
v 0.01845430 0.02708440 0.00952500
v 0.01845430 0.02708440 0.00952500
v 0.01717240 0.02829870 0.00952500
v 0.01717240 0.02829870 0.00952500
v 0.01671930 0.02964320 0.00952500
v 0.01671930 0.02964320 0.00952500
v 0.01677720 0.02929060 0.00952500
v 0.01677720 0.02929060 0.00952500
v 0.01700500 0.03138560 0.00952500
v 0.01700500 0.03138560 0.00952500
v 0.01687270 0.03105370 0.00952500
v 0.01687270 0.03105370 0.00952500
v 0.01950000 0.03750000 0.00952500
v 0.01950000 0.03750000 0.00952500
v 0.01845430 0.03291560 0.00952500
v 0.01845430 0.03291560 0.00952500
v 0.01814810 0.03273140 0.00952500
v 0.01814810 0.03273140 0.00952500
v 0.01946610 0.03325650 0.00952500
v 0.01946610 0.03325650 0.00952500
v 0.01911720 0.03317970 0.00952500
v 0.01911720 0.03317970 0.00952500
v 0.02116330 0.03732520 0.00952500
v 0.02116330 0.03732520 0.00952500
v 0.02053390 0.03325650 0.00952500
v 0.02053390 0.03325650 0.00952500
v 0.02017870 0.03329520 0.00952500
v 0.02017870 0.03329520 0.00952500
v 0.02197210 0.03710850 0.00952500
v 0.02197210 0.03710850 0.00952500
v 0.02088280 0.03317970 0.00952500
v 0.02088280 0.03317970 0.00952500
v 0.02544520 0.03485300 0.00952500
v 0.02544520 0.03485300 0.00952500
v 0.02597210 0.03420230 0.00952500
v 0.02597210 0.03420230 0.00952500
v 0.02262710 0.03199710 0.00952500
v 0.02262710 0.03199710 0.00952500
v 0.02282760 0.03170130 0.00952500
v 0.02282760 0.03170130 0.00952500
v 0.02282760 0.02829870 0.00952500
v 0.02282760 0.02829870 0.00952500
v 0.01677720 0.03070940 0.00952500
v 0.01677720 0.03070940 0.00952500
v 0.01671930 0.03035680 0.00952500
v 0.01671930 0.03035680 0.00952500
v 0.01717240 0.03170130 0.00952500
v 0.01717240 0.03170130 0.00952500
v 0.01877850 0.03306560 0.00952500
v 0.01877850 0.03306560 0.00952500
v 0.01982130 0.03329520 0.00952500
v 0.01982130 0.03329520 0.00952500
v 0.02275390 0.03680840 0.00952500
v 0.02275390 0.03680840 0.00952500
v 0.02122150 0.03306560 0.00952500
v 0.02122150 0.03306560 0.00952500
v 0.02350000 0.03642820 0.00952500
v 0.02350000 0.03642820 0.00952500
v 0.02154570 0.03291560 0.00952500
v 0.02154570 0.03291560 0.00952500
v 0.02420230 0.03597210 0.00952500
v 0.02420230 0.03597210 0.00952500
v 0.02185190 0.03273140 0.00952500
v 0.02185190 0.03273140 0.00952500
v 0.02262710 0.02800290 0.00952500
v 0.02262710 0.02800290 0.00952500
v 0.02053390 0.02674350 0.00952500
v 0.02053390 0.02674350 0.00952500
v 0.02088280 0.02682030 0.00952500
v 0.02088280 0.02682030 0.00952500
v 0.01760420 0.03226940 0.00952500
v 0.01760420 0.03226940 0.00952500
v 0.01737290 0.03199710 0.00952500
v 0.01737290 0.03199710 0.00952500
v 0.02033620 0.03745620 0.00952500
v 0.02033620 0.03745620 0.00952500
v 0.02239580 0.02773060 0.00952500
v 0.02239580 0.02773060 0.00952500
v 0.02122150 0.02693440 0.00952500
v 0.02122150 0.02693440 0.00952500
v 0.02154570 0.02708440 0.00952500
v 0.02154570 0.02708440 0.00952500
v 0.01687270 0.02894630 0.00952500
v 0.01687270 0.02894630 0.00952500
v 0.01786360 0.03251510 0.00952500
v 0.01786360 0.03251510 0.00952500
v 0.02485300 0.03544520 0.00952500
v 0.02485300 0.03544520 0.00952500
v 0.02213640 0.03251510 0.00952500
v 0.02213640 0.03251510 0.00952500
v 0.02239580 0.03226940 0.00952500
v 0.02239580 0.03226940 0.00952500
v 0.02185190 0.02726860 0.00952500
v 0.02185190 0.02726860 0.00952500
v 0.02213640 0.02748490 0.00952500
v 0.02213640 0.02748490 0.00952500
v 0.01911720 0.02682030 0.00952500
v 0.01911720 0.02682030 0.00952500
v 0.01700500 0.02861440 0.00952500
v 0.01700500 0.02861440 0.00952500
v 0.01670000 0.03000000 0.00952500
v 0.01670000 0.03000000 0.00952500
v 0.01982130 0.02670480 0.00952500
v 0.01982130 0.02670480 0.00952500
v 0.01946610 0.02674350 0.00952500
v 0.01946610 0.02674350 0.00952500
v 0.01385410 -0.05502670 0.00952500
v 0.01385410 -0.05502670 0.00952500
v 0.01500000 -0.05150000 0.00952500
v 0.01500000 -0.05150000 0.00952500
v 0.01496710 -0.05212720 0.00952500
v 0.01496710 -0.05212720 0.00952500
v 0.01345890 -0.05551480 0.00952500
v 0.01345890 -0.05551480 0.00952500
v 0.01470630 -0.05335410 0.00952500
v 0.01470630 -0.05335410 0.00952500
v 0.01448130 -0.05394040 0.00952500
v 0.01448130 -0.05394040 0.00952500
v 0.01419620 -0.05450000 0.00952500
v 0.01419620 -0.05450000 0.00952500
v 0.01486890 -0.05274750 0.00952500
v 0.01486890 -0.05274750 0.00952500
v 0.02750000 -0.02950000 0.00952500
v 0.02750000 -0.02950000 0.00952500
v 0.02745620 -0.03033620 0.00952500
v 0.02745620 -0.03033620 0.00952500
v 0.02330000 -0.03000000 0.00952500
v 0.02330000 -0.03000000 0.00952500
v 0.02732520 -0.03116330 0.00952500
v 0.02732520 -0.03116330 0.00952500
v 0.02328070 -0.03035680 0.00952500
v 0.02328070 -0.03035680 0.00952500
v -0.01252670 -0.05635410 0.00952500
v -0.01252670 -0.05635410 0.00952500
v -0.01419620 -0.05450000 0.00952500
v -0.01419620 -0.05450000 0.00952500
v -0.01448130 -0.05394040 0.00952500
v -0.01448130 -0.05394040 0.00952500
v 0.01252670 -0.05635410 0.00952500
v 0.01252670 -0.05635410 0.00952500
v 0.01200000 -0.05669620 0.00952500
v 0.01200000 -0.05669620 0.00952500
v 0.01301480 -0.05595890 0.00952500
v 0.01301480 -0.05595890 0.00952500
v 0.02420230 -0.03597210 0.00952500
v 0.02420230 -0.03597210 0.00952500
v 0.02185190 -0.03273140 0.00952500
v 0.02185190 -0.03273140 0.00952500
v 0.02213640 -0.03251510 0.00952500
v 0.02213640 -0.03251510 0.00952500
v 0.02350000 -0.03642820 0.00952500
v 0.02350000 -0.03642820 0.00952500
v 0.02154570 -0.03291560 0.00952500
v 0.02154570 -0.03291560 0.00952500
v 0.02197210 -0.03710850 0.00952500
v 0.02197210 -0.03710850 0.00952500
v 0.02088280 -0.03317970 0.00952500
v 0.02088280 -0.03317970 0.00952500
v 0.02122150 -0.03306560 0.00952500
v 0.02122150 -0.03306560 0.00952500
v 0.02116330 -0.03732520 0.00952500
v 0.02116330 -0.03732520 0.00952500
v 0.02053390 -0.03325650 0.00952500
v 0.02053390 -0.03325650 0.00952500
v -0.01486890 -0.05274750 0.00952500
v -0.01486890 -0.05274750 0.00952500
v -0.01496710 -0.05212720 0.00952500
v -0.01496710 -0.05212720 0.00952500
v -0.01385410 -0.05502670 0.00952500
v -0.01385410 -0.05502670 0.00952500
v -0.01301480 -0.05595890 0.00952500
v -0.01301480 -0.05595890 0.00952500
v -0.01500000 -0.05150000 0.00952500
v -0.01500000 -0.05150000 0.00952500
v -0.01144040 -0.05698130 0.00952500
v -0.01144040 -0.05698130 0.00952500
v -0.01200000 -0.05669620 0.00952500
v -0.01200000 -0.05669620 0.00952500
v 0.01144040 -0.05698130 0.00952500
v 0.01144040 -0.05698130 0.00952500
v 0.01911720 -0.02682030 0.00952500
v 0.01911720 -0.02682030 0.00952500
v 0.01877850 -0.02693440 0.00952500
v 0.01877850 -0.02693440 0.00952500
v 0.01946610 -0.02674350 0.00952500
v 0.01946610 -0.02674350 0.00952500
v 0.02299500 -0.02861440 0.00952500
v 0.02299500 -0.02861440 0.00952500
v 0.02322280 -0.02929060 0.00952500
v 0.02322280 -0.02929060 0.00952500
v 0.02312730 -0.02894630 0.00952500
v 0.02312730 -0.02894630 0.00952500
v 0.02328070 -0.02964320 0.00952500
v 0.02328070 -0.02964320 0.00952500
v 0.02710850 -0.03197210 0.00952500
v 0.02710850 -0.03197210 0.00952500
v 0.02322280 -0.03070940 0.00952500
v 0.02322280 -0.03070940 0.00952500
v 0.02680840 -0.03275390 0.00952500
v 0.02680840 -0.03275390 0.00952500
v 0.02299500 -0.03138560 0.00952500
v 0.02299500 -0.03138560 0.00952500
v 0.02312730 -0.03105370 0.00952500
v 0.02312730 -0.03105370 0.00952500
v 0.02275390 -0.03680840 0.00952500
v 0.02275390 -0.03680840 0.00952500
v 0.02033620 -0.03745620 0.00952500
v 0.02033620 -0.03745620 0.00952500
v 0.02017870 -0.03329520 0.00952500
v 0.02017870 -0.03329520 0.00952500
v -0.01470630 -0.05335410 0.00952500
v -0.01470630 -0.05335410 0.00952500
v -0.01345890 -0.05551480 0.00952500
v -0.01345890 -0.05551480 0.00952500
v -0.01085410 -0.05720630 0.00952500
v -0.01085410 -0.05720630 0.00952500
v -0.00962717 -0.05746710 0.00952500
v -0.00962717 -0.05746710 0.00952500
v -0.01024750 -0.05736890 0.00952500
v -0.01024750 -0.05736890 0.00952500
v 0.01085410 -0.05720630 0.00952500
v 0.01085410 -0.05720630 0.00952500
v 0.01024750 -0.05736890 0.00952500
v 0.01024750 -0.05736890 0.00952500
v 0.01671930 -0.02964320 0.00952500
v 0.01671930 -0.02964320 0.00952500
v 0.01670000 -0.03000000 0.00952500
v 0.01670000 -0.03000000 0.00952500
v 0.01700500 -0.02861440 0.00952500
v 0.01700500 -0.02861440 0.00952500
v 0.01687270 -0.02894630 0.00952500
v 0.01687270 -0.02894630 0.00952500
v 0.01845430 -0.02708440 0.00952500
v 0.01845430 -0.02708440 0.00952500
v 0.01814810 -0.02726860 0.00952500
v 0.01814810 -0.02726860 0.00952500
v 0.02213640 -0.02748490 0.00952500
v 0.02213640 -0.02748490 0.00952500
v 0.02185190 -0.02726860 0.00952500
v 0.02185190 -0.02726860 0.00952500
v 0.02642820 -0.03350000 0.00952500
v 0.02642820 -0.03350000 0.00952500
v 0.02282760 -0.03170130 0.00952500
v 0.02282760 -0.03170130 0.00952500
v 0.01500000 -0.03750000 0.00952500
v 0.01500000 -0.03750000 0.00952500
v 0.01500000 -0.03750000 0.00952500
v 0.01877850 -0.03306560 0.00952500
v 0.01877850 -0.03306560 0.00952500
v 0.01911720 -0.03317970 0.00952500
v 0.01911720 -0.03317970 0.00952500
v 0.01814810 -0.03273140 0.00952500
v 0.01814810 -0.03273140 0.00952500
v 0.01845430 -0.03291560 0.00952500
v 0.01845430 -0.03291560 0.00952500
v 0.01677720 -0.02929060 0.00952500
v 0.01677720 -0.02929060 0.00952500
v 0.01717240 -0.02829870 0.00952500
v 0.01717240 -0.02829870 0.00952500
v 0.01760420 -0.02773060 0.00952500
v 0.01760420 -0.02773060 0.00952500
v 0.01737290 -0.02800290 0.00952500
v 0.01737290 -0.02800290 0.00952500
v 0.01786360 -0.02748490 0.00952500
v 0.01786360 -0.02748490 0.00952500
v 0.01982130 -0.02670480 0.00952500
v 0.01982130 -0.02670480 0.00952500
v 0.02088280 -0.02682030 0.00952500
v 0.02088280 -0.02682030 0.00952500
v 0.02053390 -0.02674350 0.00952500
v 0.02053390 -0.02674350 0.00952500
v 0.02154570 -0.02708440 0.00952500
v 0.02154570 -0.02708440 0.00952500
v 0.02122150 -0.02693440 0.00952500
v 0.02122150 -0.02693440 0.00952500
v 0.02239580 -0.02773060 0.00952500
v 0.02239580 -0.02773060 0.00952500
v 0.02282760 -0.02829870 0.00952500
v 0.02282760 -0.02829870 0.00952500
v 0.02262710 -0.02800290 0.00952500
v 0.02262710 -0.02800290 0.00952500
v 0.02597210 -0.03420230 0.00952500
v 0.02597210 -0.03420230 0.00952500
v 0.02262710 -0.03199710 0.00952500
v 0.02262710 -0.03199710 0.00952500
v 0.02544520 -0.03485300 0.00952500
v 0.02544520 -0.03485300 0.00952500
v 0.02239580 -0.03226940 0.00952500
v 0.02239580 -0.03226940 0.00952500
v 0.01950000 -0.03750000 0.00952500
v 0.01950000 -0.03750000 0.00952500
v 0.01982130 -0.03329520 0.00952500
v 0.01982130 -0.03329520 0.00952500
v 0.01946610 -0.03325650 0.00952500
v 0.01946610 -0.03325650 0.00952500
v 0.00900000 -0.05750000 0.00952500
v 0.00900000 -0.05750000 0.00952500
v 0.00962717 -0.05746710 0.00952500
v 0.00962717 -0.05746710 0.00952500
v 0.02017870 -0.02670480 0.00952500
v 0.02017870 -0.02670480 0.00952500
v 0.02485300 -0.03544520 0.00952500
v 0.02485300 -0.03544520 0.00952500
v 0.01760420 -0.03226940 0.00952500
v 0.01760420 -0.03226940 0.00952500
v 0.01786360 -0.03251510 0.00952500
v 0.01786360 -0.03251510 0.00952500
v 0.01717240 -0.03170130 0.00952500
v 0.01717240 -0.03170130 0.00952500
v 0.01737290 -0.03199710 0.00952500
v 0.01737290 -0.03199710 0.00952500
v 0.01677720 -0.03070940 0.00952500
v 0.01677720 -0.03070940 0.00952500
v 0.01687270 -0.03105370 0.00952500
v 0.01687270 -0.03105370 0.00952500
v -0.00900000 -0.05750000 0.00952500
v -0.00900000 -0.05750000 0.00952500
v 0.01700500 -0.03138560 0.00952500
v 0.01700500 -0.03138560 0.00952500
v 0.01671930 -0.03035680 0.00952500
v 0.01671930 -0.03035680 0.00952500
v -0.01500000 -0.03750000 0.00952500
v -0.01500000 -0.03750000 0.00952500
v -0.01500000 -0.03750000 0.00952500
v -0.03000000 -0.02950000 0.00952500
v -0.03000000 -0.02950000 0.00952500
v -0.03000000 -0.02950000 0.00952500
v -0.01530000 -0.02030000 0.00952500
v 0.00900000 -0.05750000 0.01107500
v 0.00900000 -0.05750000 0.01107500
v 0.00962717 -0.05746710 0.01107500
v 0.00962717 -0.05746710 0.01107500
v 0.01024750 -0.05736890 0.01107500
v 0.01024750 -0.05736890 0.01107500
v 0.01085410 -0.05720630 0.01107500
v 0.01085410 -0.05720630 0.01107500
v 0.01144040 -0.05698130 0.01107500
v 0.01144040 -0.05698130 0.01107500
v 0.01230200 -0.05650000 0.01107500
v 0.01230200 -0.05650000 0.01107500
v 0.01252670 -0.05635410 0.01107500
v 0.01252670 -0.05635410 0.01107500
v 0.01301480 -0.05595890 0.01107500
v 0.01301480 -0.05595890 0.01107500
v 0.01385410 -0.05502670 0.01107500
v 0.01385410 -0.05502670 0.01107500
v 0.01385000 -0.05503180 0.01107500
v 0.01385000 -0.05503180 0.01107500
v 0.01419620 -0.05450000 0.01107500
v 0.01419620 -0.05450000 0.01107500
v 0.01448130 -0.05394040 0.01107500
v 0.01448130 -0.05394040 0.01107500
v 0.01470630 -0.05335410 0.01107500
v 0.01470630 -0.05335410 0.01107500
v 0.01486890 -0.05274750 0.01107500
v 0.01486890 -0.05274750 0.01107500
v 0.01496710 -0.05212720 0.01107500
v 0.01496710 -0.05212720 0.01107500
v 0.01500000 -0.05150000 0.01107500
v 0.01500000 -0.05150000 0.01107500
v 0.01345890 -0.05551480 0.01107500
v 0.01345890 -0.05551480 0.01107500
v 0.01200000 -0.05669620 0.01107500
v 0.01200000 -0.05669620 0.01107500
v -0.00900000 -0.05750000 0.01107500
v -0.00900000 -0.05750000 0.01107500
v -0.00962717 -0.05746710 0.01107500
v -0.00962717 -0.05746710 0.01107500
v -0.01024750 -0.05736890 0.01107500
v -0.01024750 -0.05736890 0.01107500
v -0.01085410 -0.05720630 0.01107500
v -0.01085410 -0.05720630 0.01107500
v -0.01144040 -0.05698130 0.01107500
v -0.01144040 -0.05698130 0.01107500
v -0.01200000 -0.05669620 0.01107500
v -0.01200000 -0.05669620 0.01107500
v -0.01230200 -0.05650000 0.01107500
v -0.01230200 -0.05650000 0.01107500
v -0.01252670 -0.05635410 0.01107500
v -0.01252670 -0.05635410 0.01107500
v -0.01301480 -0.05595890 0.01107500
v -0.01301480 -0.05595890 0.01107500
v -0.01345890 -0.05551480 0.01107500
v -0.01345890 -0.05551480 0.01107500
v -0.01385000 -0.05503180 0.01107500
v -0.01385000 -0.05503180 0.01107500
v -0.01385410 -0.05502670 0.01107500
v -0.01385410 -0.05502670 0.01107500
v -0.01419620 -0.05450000 0.01107500
v -0.01419620 -0.05450000 0.01107500
v -0.01448130 -0.05394040 0.01107500
v -0.01448130 -0.05394040 0.01107500
v -0.01470630 -0.05335410 0.01107500
v -0.01470630 -0.05335410 0.01107500
v -0.01486890 -0.05274750 0.01107500
v -0.01486890 -0.05274750 0.01107500
v -0.01496710 -0.05212720 0.01107500
v -0.01496710 -0.05212720 0.01107500
v -0.01500000 -0.05150000 0.01107500
v -0.01500000 -0.05150000 0.01107500
v -0.02750000 0.02950000 0.01107500
v -0.02750000 0.02950000 0.01107500
v -0.02750000 0.02950000 0.01107500
v -0.02745620 0.03033620 0.01107500
v -0.02745620 0.03033620 0.01107500
v -0.02732520 0.03116330 0.01107500
v -0.02732520 0.03116330 0.01107500
v -0.02710850 0.03197210 0.01107500
v -0.02710850 0.03197210 0.01107500
v -0.02680840 0.03275390 0.01107500
v -0.02680840 0.03275390 0.01107500
v -0.02642820 0.03350000 0.01107500
v -0.02642820 0.03350000 0.01107500
v -0.02597210 0.03420230 0.01107500
v -0.02597210 0.03420230 0.01107500
v -0.02544520 0.03485300 0.01107500
v -0.02544520 0.03485300 0.01107500
v -0.02485300 0.03544520 0.01107500
v -0.02485300 0.03544520 0.01107500
v -0.02420230 0.03597210 0.01107500
v -0.02420230 0.03597210 0.01107500
v -0.02365000 0.03633080 0.01107500
v -0.02365000 0.03633080 0.01107500
v -0.02350000 0.03642820 0.01107500
v -0.02350000 0.03642820 0.01107500
v -0.02275390 0.03680840 0.01107500
v -0.02275390 0.03680840 0.01107500
v -0.02197210 0.03710850 0.01107500
v -0.02197210 0.03710850 0.01107500
v -0.02116330 0.03732520 0.01107500
v -0.02116330 0.03732520 0.01107500
v -0.02033620 0.03745620 0.01107500
v -0.02033620 0.03745620 0.01107500
v -0.01950000 0.03750000 0.01107500
v -0.01950000 0.03750000 0.01107500
v -0.01385000 0.03750000 0.01107500
v -0.01385000 0.03750000 0.01107500
v 0.01385000 0.03750000 0.01107500
v 0.01385000 0.03750000 0.01107500
v 0.01950000 0.03750000 0.01107500
v 0.01950000 0.03750000 0.01107500
v 0.02033620 0.03745620 0.01107500
v 0.02033620 0.03745620 0.01107500
v 0.02116330 0.03732520 0.01107500
v 0.02116330 0.03732520 0.01107500
v 0.02197210 0.03710850 0.01107500
v 0.02197210 0.03710850 0.01107500
v 0.02275390 0.03680840 0.01107500
v 0.02275390 0.03680840 0.01107500
v 0.02350000 0.03642820 0.01107500
v 0.02350000 0.03642820 0.01107500
v 0.02365000 0.03633080 0.01107500
v 0.02365000 0.03633080 0.01107500
v 0.02420230 0.03597210 0.01107500
v 0.02420230 0.03597210 0.01107500
v 0.02485300 0.03544520 0.01107500
v 0.02485300 0.03544520 0.01107500
v 0.02544520 0.03485300 0.01107500
v 0.02544520 0.03485300 0.01107500
v 0.02597210 0.03420230 0.01107500
v 0.02597210 0.03420230 0.01107500
v 0.02642820 0.03350000 0.01107500
v 0.02642820 0.03350000 0.01107500
v 0.02680840 0.03275390 0.01107500
v 0.02680840 0.03275390 0.01107500
v 0.02710850 0.03197210 0.01107500
v 0.02710850 0.03197210 0.01107500
v 0.02732520 0.03116330 0.01107500
v 0.02732520 0.03116330 0.01107500
v 0.02745620 0.03033620 0.01107500
v 0.02745620 0.03033620 0.01107500
v 0.02750000 0.02950000 0.01107500
v 0.02750000 0.02950000 0.01107500
v 0.02750000 0.02535000 0.01107500
v 0.02750000 0.02535000 0.01107500
v 0.02750000 -0.02535000 0.01107500
v 0.02750000 -0.02535000 0.01107500
v 0.02750000 -0.02950000 0.01107500
v 0.02750000 -0.02950000 0.01107500
v 0.02745620 -0.03033620 0.01107500
v 0.02745620 -0.03033620 0.01107500
v 0.02732520 -0.03116330 0.01107500
v 0.02732520 -0.03116330 0.01107500
v 0.02710850 -0.03197210 0.01107500
v 0.02710850 -0.03197210 0.01107500
v 0.02680840 -0.03275390 0.01107500
v 0.02680840 -0.03275390 0.01107500
v 0.02642820 -0.03350000 0.01107500
v 0.02642820 -0.03350000 0.01107500
v 0.02597210 -0.03420230 0.01107500
v 0.02597210 -0.03420230 0.01107500
v 0.02544520 -0.03485300 0.01107500
v 0.02544520 -0.03485300 0.01107500
v 0.02485300 -0.03544520 0.01107500
v 0.02485300 -0.03544520 0.01107500
v 0.02429140 -0.03590000 0.01107500
v 0.02429140 -0.03590000 0.01107500
v 0.02420230 -0.03597210 0.01107500
v 0.02420230 -0.03597210 0.01107500
v 0.02365000 -0.03633080 0.01107500
v 0.02365000 -0.03633080 0.01107500
v 0.02350000 -0.03642820 0.01107500
v 0.02350000 -0.03642820 0.01107500
v 0.02275390 -0.03680840 0.01107500
v 0.02275390 -0.03680840 0.01107500
v 0.02197210 -0.03710850 0.01107500
v 0.02197210 -0.03710850 0.01107500
v 0.02116330 -0.03732520 0.01107500
v 0.02116330 -0.03732520 0.01107500
v 0.02033620 -0.03745620 0.01107500
v 0.02033620 -0.03745620 0.01107500
v 0.01950000 -0.03750000 0.01107500
v 0.01950000 -0.03750000 0.01107500
v 0.01500000 -0.03750000 0.01107500
v 0.01500000 -0.03750000 0.01107500
v 0.01500000 -0.03750000 0.01107500
v -0.01500000 -0.03750000 0.01107500
v -0.01500000 -0.03750000 0.01107500
v -0.01500000 -0.03750000 0.01107500
v -0.01950000 -0.03750000 0.01107500
v -0.01950000 -0.03750000 0.01107500
v -0.02033620 -0.03745620 0.01107500
v -0.02033620 -0.03745620 0.01107500
v -0.02116330 -0.03732520 0.01107500
v -0.02116330 -0.03732520 0.01107500
v -0.02197210 -0.03710850 0.01107500
v -0.02197210 -0.03710850 0.01107500
v -0.02275390 -0.03680840 0.01107500
v -0.02275390 -0.03680840 0.01107500
v -0.02350000 -0.03642820 0.01107500
v -0.02350000 -0.03642820 0.01107500
v -0.02365000 -0.03633080 0.01107500
v -0.02365000 -0.03633080 0.01107500
v -0.02429140 -0.03590000 0.01107500
v -0.02429140 -0.03590000 0.01107500
v -0.02420230 -0.03597210 0.01107500
v -0.02420230 -0.03597210 0.01107500
v -0.02485300 -0.03544520 0.01107500
v -0.02485300 -0.03544520 0.01107500
v -0.02544520 -0.03485300 0.01107500
v -0.02544520 -0.03485300 0.01107500
v -0.02597210 -0.03420230 0.01107500
v -0.02597210 -0.03420230 0.01107500
v -0.02642820 -0.03350000 0.01107500
v -0.02642820 -0.03350000 0.01107500
v -0.02680840 -0.03275390 0.01107500
v -0.02680840 -0.03275390 0.01107500
v -0.02710850 -0.03197210 0.01107500
v -0.02710850 -0.03197210 0.01107500
v -0.02732520 -0.03116330 0.01107500
v -0.02732520 -0.03116330 0.01107500
v -0.02745620 -0.03033620 0.01107500
v -0.02745620 -0.03033620 0.01107500
v -0.02750000 -0.02950000 0.01107500
v -0.02750000 -0.02950000 0.01107500
v -0.02750000 -0.02950000 0.01107500
v -0.02330000 -0.03000000 0.01107500
v -0.02330000 -0.03000000 0.01107500
v -0.02328070 -0.03035680 0.01107500
v -0.02328070 -0.03035680 0.01107500
v -0.02322280 -0.03070940 0.01107500
v -0.02322280 -0.03070940 0.01107500
v -0.02312730 -0.03105370 0.01107500
v -0.02312730 -0.03105370 0.01107500
v -0.02299500 -0.03138560 0.01107500
v -0.02299500 -0.03138560 0.01107500
v -0.02282760 -0.03170130 0.01107500
v -0.02282760 -0.03170130 0.01107500
v -0.02262710 -0.03199710 0.01107500
v -0.02262710 -0.03199710 0.01107500
v -0.02239580 -0.03226940 0.01107500
v -0.02239580 -0.03226940 0.01107500
v -0.02213640 -0.03251510 0.01107500
v -0.02213640 -0.03251510 0.01107500
v -0.02185190 -0.03273140 0.01107500
v -0.02185190 -0.03273140 0.01107500
v -0.02154570 -0.03291560 0.01107500
v -0.02154570 -0.03291560 0.01107500
v -0.02122150 -0.03306560 0.01107500
v -0.02122150 -0.03306560 0.01107500
v -0.02088280 -0.03317970 0.01107500
v -0.02088280 -0.03317970 0.01107500
v -0.02053390 -0.03325650 0.01107500
v -0.02053390 -0.03325650 0.01107500
v -0.02017870 -0.03329520 0.01107500
v -0.02017870 -0.03329520 0.01107500
v -0.01982130 -0.03329520 0.01107500
v -0.01982130 -0.03329520 0.01107500
v -0.01946610 -0.03325650 0.01107500
v -0.01946610 -0.03325650 0.01107500
v -0.01911720 -0.03317970 0.01107500
v -0.01911720 -0.03317970 0.01107500
v -0.01877850 -0.03306560 0.01107500
v -0.01877850 -0.03306560 0.01107500
v -0.01845430 -0.03291560 0.01107500
v -0.01845430 -0.03291560 0.01107500
v -0.01814810 -0.03273140 0.01107500
v -0.01814810 -0.03273140 0.01107500
v -0.01786360 -0.03251510 0.01107500
v -0.01786360 -0.03251510 0.01107500
v -0.01760420 -0.03226940 0.01107500
v -0.01760420 -0.03226940 0.01107500
v -0.01737290 -0.03199710 0.01107500
v -0.01737290 -0.03199710 0.01107500
v -0.01717240 -0.03170130 0.01107500
v -0.01717240 -0.03170130 0.01107500
v -0.01700500 -0.03138560 0.01107500
v -0.01700500 -0.03138560 0.01107500
v -0.01687270 -0.03105370 0.01107500
v -0.01687270 -0.03105370 0.01107500
v -0.01677720 -0.03070940 0.01107500
v -0.01677720 -0.03070940 0.01107500
v -0.01671930 -0.03035680 0.01107500
v -0.01671930 -0.03035680 0.01107500
v -0.01670000 -0.03000000 0.01107500
v -0.01670000 -0.03000000 0.01107500
v -0.01671930 -0.02964320 0.01107500
v -0.01671930 -0.02964320 0.01107500
v -0.01677720 -0.02929060 0.01107500
v -0.01677720 -0.02929060 0.01107500
v -0.01687270 -0.02894630 0.01107500
v -0.01687270 -0.02894630 0.01107500
v -0.01700500 -0.02861440 0.01107500
v -0.01700500 -0.02861440 0.01107500
v -0.01717240 -0.02829870 0.01107500
v -0.01717240 -0.02829870 0.01107500
v -0.01737290 -0.02800290 0.01107500
v -0.01737290 -0.02800290 0.01107500
v -0.01760420 -0.02773060 0.01107500
v -0.01760420 -0.02773060 0.01107500
v -0.01786360 -0.02748490 0.01107500
v -0.01786360 -0.02748490 0.01107500
v -0.01814810 -0.02726860 0.01107500
v -0.01814810 -0.02726860 0.01107500
v -0.01845430 -0.02708440 0.01107500
v -0.01845430 -0.02708440 0.01107500
v -0.01877850 -0.02693440 0.01107500
v -0.01877850 -0.02693440 0.01107500
v -0.01911720 -0.02682030 0.01107500
v -0.01911720 -0.02682030 0.01107500
v -0.01946610 -0.02674350 0.01107500
v -0.01946610 -0.02674350 0.01107500
v -0.01982130 -0.02670480 0.01107500
v -0.01982130 -0.02670480 0.01107500
v -0.02017870 -0.02670480 0.01107500
v -0.02017870 -0.02670480 0.01107500
v -0.02053390 -0.02674350 0.01107500
v -0.02053390 -0.02674350 0.01107500
v -0.02088280 -0.02682030 0.01107500
v -0.02088280 -0.02682030 0.01107500
v -0.02122150 -0.02693440 0.01107500
v -0.02122150 -0.02693440 0.01107500
v -0.02154570 -0.02708440 0.01107500
v -0.02154570 -0.02708440 0.01107500
v -0.02185190 -0.02726860 0.01107500
v -0.02185190 -0.02726860 0.01107500
v -0.02213640 -0.02748490 0.01107500
v -0.02213640 -0.02748490 0.01107500
v -0.02239580 -0.02773060 0.01107500
v -0.02239580 -0.02773060 0.01107500
v -0.02262710 -0.02800290 0.01107500
v -0.02262710 -0.02800290 0.01107500
v -0.02282760 -0.02829870 0.01107500
v -0.02282760 -0.02829870 0.01107500
v -0.02299500 -0.02861440 0.01107500
v -0.02299500 -0.02861440 0.01107500
v -0.02312730 -0.02894630 0.01107500
v -0.02312730 -0.02894630 0.01107500
v -0.02322280 -0.02929060 0.01107500
v -0.02322280 -0.02929060 0.01107500
v -0.02328070 -0.02964320 0.01107500
v -0.02328070 -0.02964320 0.01107500
v 0.01670000 -0.03000000 0.01107500
v 0.01670000 -0.03000000 0.01107500
v 0.01671930 -0.03035680 0.01107500
v 0.01671930 -0.03035680 0.01107500
v 0.01677720 -0.03070940 0.01107500
v 0.01677720 -0.03070940 0.01107500
v 0.01687270 -0.03105370 0.01107500
v 0.01687270 -0.03105370 0.01107500
v 0.01700500 -0.03138560 0.01107500
v 0.01700500 -0.03138560 0.01107500
v 0.01717240 -0.03170130 0.01107500
v 0.01717240 -0.03170130 0.01107500
v 0.01737290 -0.03199710 0.01107500
v 0.01737290 -0.03199710 0.01107500
v 0.01760420 -0.03226940 0.01107500
v 0.01760420 -0.03226940 0.01107500
v 0.01786360 -0.03251510 0.01107500
v 0.01786360 -0.03251510 0.01107500
v 0.01814810 -0.03273140 0.01107500
v 0.01814810 -0.03273140 0.01107500
v 0.01845430 -0.03291560 0.01107500
v 0.01845430 -0.03291560 0.01107500
v 0.01877850 -0.03306560 0.01107500
v 0.01877850 -0.03306560 0.01107500
v 0.01911720 -0.03317970 0.01107500
v 0.01911720 -0.03317970 0.01107500
v 0.01946610 -0.03325650 0.01107500
v 0.01946610 -0.03325650 0.01107500
v 0.01982130 -0.03329520 0.01107500
v 0.01982130 -0.03329520 0.01107500
v 0.02017870 -0.03329520 0.01107500
v 0.02017870 -0.03329520 0.01107500
v 0.02053390 -0.03325650 0.01107500
v 0.02053390 -0.03325650 0.01107500
v 0.02088280 -0.03317970 0.01107500
v 0.02088280 -0.03317970 0.01107500
v 0.02122150 -0.03306560 0.01107500
v 0.02122150 -0.03306560 0.01107500
v 0.02154570 -0.03291560 0.01107500
v 0.02154570 -0.03291560 0.01107500
v 0.02185190 -0.03273140 0.01107500
v 0.02185190 -0.03273140 0.01107500
v 0.02213640 -0.03251510 0.01107500
v 0.02213640 -0.03251510 0.01107500
v 0.02239580 -0.03226940 0.01107500
v 0.02239580 -0.03226940 0.01107500
v 0.02262710 -0.03199710 0.01107500
v 0.02262710 -0.03199710 0.01107500
v 0.02282760 -0.03170130 0.01107500
v 0.02282760 -0.03170130 0.01107500
v 0.02299500 -0.03138560 0.01107500
v 0.02299500 -0.03138560 0.01107500
v 0.02312730 -0.03105370 0.01107500
v 0.02312730 -0.03105370 0.01107500
v 0.02322280 -0.03070940 0.01107500
v 0.02322280 -0.03070940 0.01107500
v 0.02328070 -0.03035680 0.01107500
v 0.02328070 -0.03035680 0.01107500
v 0.02330000 -0.03000000 0.01107500
v 0.02330000 -0.03000000 0.01107500
v 0.02328070 -0.02964320 0.01107500
v 0.02328070 -0.02964320 0.01107500
v 0.02322280 -0.02929060 0.01107500
v 0.02322280 -0.02929060 0.01107500
v 0.02312730 -0.02894630 0.01107500
v 0.02312730 -0.02894630 0.01107500
v 0.02299500 -0.02861440 0.01107500
v 0.02299500 -0.02861440 0.01107500
v 0.02282760 -0.02829870 0.01107500
v 0.02282760 -0.02829870 0.01107500
v 0.02262710 -0.02800290 0.01107500
v 0.02262710 -0.02800290 0.01107500
v 0.02239580 -0.02773060 0.01107500
v 0.02239580 -0.02773060 0.01107500
v 0.02213640 -0.02748490 0.01107500
v 0.02213640 -0.02748490 0.01107500
v 0.02185190 -0.02726860 0.01107500
v 0.02185190 -0.02726860 0.01107500
v 0.02154570 -0.02708440 0.01107500
v 0.02154570 -0.02708440 0.01107500
v 0.02122150 -0.02693440 0.01107500
v 0.02122150 -0.02693440 0.01107500
v 0.02088280 -0.02682030 0.01107500
v 0.02088280 -0.02682030 0.01107500
v 0.02053390 -0.02674350 0.01107500
v 0.02053390 -0.02674350 0.01107500
v 0.02017870 -0.02670480 0.01107500
v 0.02017870 -0.02670480 0.01107500
v 0.01982130 -0.02670480 0.01107500
v 0.01982130 -0.02670480 0.01107500
v 0.01946610 -0.02674350 0.01107500
v 0.01946610 -0.02674350 0.01107500
v 0.01911720 -0.02682030 0.01107500
v 0.01911720 -0.02682030 0.01107500
v 0.01877850 -0.02693440 0.01107500
v 0.01877850 -0.02693440 0.01107500
v 0.01845430 -0.02708440 0.01107500
v 0.01845430 -0.02708440 0.01107500
v 0.01814810 -0.02726860 0.01107500
v 0.01814810 -0.02726860 0.01107500
v 0.01786360 -0.02748490 0.01107500
v 0.01786360 -0.02748490 0.01107500
v 0.01760420 -0.02773060 0.01107500
v 0.01760420 -0.02773060 0.01107500
v 0.01737290 -0.02800290 0.01107500
v 0.01737290 -0.02800290 0.01107500
v 0.01717240 -0.02829870 0.01107500
v 0.01717240 -0.02829870 0.01107500
v 0.01700500 -0.02861440 0.01107500
v 0.01700500 -0.02861440 0.01107500
v 0.01687270 -0.02894630 0.01107500
v 0.01687270 -0.02894630 0.01107500
v 0.01677720 -0.02929060 0.01107500
v 0.01677720 -0.02929060 0.01107500
v 0.01671930 -0.02964320 0.01107500
v 0.01671930 -0.02964320 0.01107500
v -0.02330000 0.03000000 0.01107500
v -0.02330000 0.03000000 0.01107500
v -0.02328070 0.02964320 0.01107500
v -0.02328070 0.02964320 0.01107500
v -0.02322280 0.02929060 0.01107500
v -0.02322280 0.02929060 0.01107500
v -0.02312730 0.02894630 0.01107500
v -0.02312730 0.02894630 0.01107500
v -0.02299500 0.02861440 0.01107500
v -0.02299500 0.02861440 0.01107500
v -0.02282760 0.02829870 0.01107500
v -0.02282760 0.02829870 0.01107500
v -0.02262710 0.02800290 0.01107500
v -0.02262710 0.02800290 0.01107500
v -0.02239580 0.02773060 0.01107500
v -0.02239580 0.02773060 0.01107500
v -0.02213640 0.02748490 0.01107500
v -0.02213640 0.02748490 0.01107500
v -0.02185190 0.02726860 0.01107500
v -0.02185190 0.02726860 0.01107500
v -0.02154570 0.02708440 0.01107500
v -0.02154570 0.02708440 0.01107500
v -0.02122150 0.02693440 0.01107500
v -0.02122150 0.02693440 0.01107500
v -0.02088280 0.02682030 0.01107500
v -0.02088280 0.02682030 0.01107500
v -0.02053390 0.02674350 0.01107500
v -0.02053390 0.02674350 0.01107500
v -0.02017870 0.02670480 0.01107500
v -0.02017870 0.02670480 0.01107500
v -0.01982130 0.02670480 0.01107500
v -0.01982130 0.02670480 0.01107500
v -0.01946610 0.02674350 0.01107500
v -0.01946610 0.02674350 0.01107500
v -0.01911720 0.02682030 0.01107500
v -0.01911720 0.02682030 0.01107500
v -0.01877850 0.02693440 0.01107500
v -0.01877850 0.02693440 0.01107500
v -0.01845430 0.02708440 0.01107500
v -0.01845430 0.02708440 0.01107500
v -0.01814810 0.02726860 0.01107500
v -0.01814810 0.02726860 0.01107500
v -0.01786360 0.02748490 0.01107500
v -0.01786360 0.02748490 0.01107500
v -0.01760420 0.02773060 0.01107500
v -0.01760420 0.02773060 0.01107500
v -0.01737290 0.02800290 0.01107500
v -0.01737290 0.02800290 0.01107500
v -0.01717240 0.02829870 0.01107500
v -0.01717240 0.02829870 0.01107500
v -0.01700500 0.02861440 0.01107500
v -0.01700500 0.02861440 0.01107500
v -0.01687270 0.02894630 0.01107500
v -0.01687270 0.02894630 0.01107500
v -0.01677720 0.02929060 0.01107500
v -0.01677720 0.02929060 0.01107500
v -0.01671930 0.02964320 0.01107500
v -0.01671930 0.02964320 0.01107500
v -0.01670000 0.03000000 0.01107500
v -0.01670000 0.03000000 0.01107500
v -0.01671930 0.03035680 0.01107500
v -0.01671930 0.03035680 0.01107500
v -0.01677720 0.03070940 0.01107500
v -0.01677720 0.03070940 0.01107500
v -0.01687270 0.03105370 0.01107500
v -0.01687270 0.03105370 0.01107500
v -0.01700500 0.03138560 0.01107500
v -0.01700500 0.03138560 0.01107500
v -0.01717240 0.03170130 0.01107500
v -0.01717240 0.03170130 0.01107500
v -0.01737290 0.03199710 0.01107500
v -0.01737290 0.03199710 0.01107500
v -0.01760420 0.03226940 0.01107500
v -0.01760420 0.03226940 0.01107500
v -0.01786360 0.03251510 0.01107500
v -0.01786360 0.03251510 0.01107500
v -0.01814810 0.03273140 0.01107500
v -0.01814810 0.03273140 0.01107500
v -0.01845430 0.03291560 0.01107500
v -0.01845430 0.03291560 0.01107500
v -0.01877850 0.03306560 0.01107500
v -0.01877850 0.03306560 0.01107500
v -0.01911720 0.03317970 0.01107500
v -0.01911720 0.03317970 0.01107500
v -0.01946610 0.03325650 0.01107500
v -0.01946610 0.03325650 0.01107500
v -0.01982130 0.03329520 0.01107500
v -0.01982130 0.03329520 0.01107500
v -0.02017870 0.03329520 0.01107500
v -0.02017870 0.03329520 0.01107500
v -0.02053390 0.03325650 0.01107500
v -0.02053390 0.03325650 0.01107500
v -0.02088280 0.03317970 0.01107500
v -0.02088280 0.03317970 0.01107500
v -0.02122150 0.03306560 0.01107500
v -0.02122150 0.03306560 0.01107500
v -0.02154570 0.03291560 0.01107500
v -0.02154570 0.03291560 0.01107500
v -0.02185190 0.03273140 0.01107500
v -0.02185190 0.03273140 0.01107500
v -0.02213640 0.03251510 0.01107500
v -0.02213640 0.03251510 0.01107500
v -0.02239580 0.03226940 0.01107500
v -0.02239580 0.03226940 0.01107500
v -0.02262710 0.03199710 0.01107500
v -0.02262710 0.03199710 0.01107500
v -0.02282760 0.03170130 0.01107500
v -0.02282760 0.03170130 0.01107500
v -0.02299500 0.03138560 0.01107500
v -0.02299500 0.03138560 0.01107500
v -0.02312730 0.03105370 0.01107500
v -0.02312730 0.03105370 0.01107500
v -0.02322280 0.03070940 0.01107500
v -0.02322280 0.03070940 0.01107500
v -0.02328070 0.03035680 0.01107500
v -0.02328070 0.03035680 0.01107500
v 0.01670000 0.03000000 0.01107500
v 0.01670000 0.03000000 0.01107500
v 0.01671930 0.02964320 0.01107500
v 0.01671930 0.02964320 0.01107500
v 0.01677720 0.02929060 0.01107500
v 0.01677720 0.02929060 0.01107500
v 0.01687270 0.02894630 0.01107500
v 0.01687270 0.02894630 0.01107500
v 0.01700500 0.02861440 0.01107500
v 0.01700500 0.02861440 0.01107500
v 0.01717240 0.02829870 0.01107500
v 0.01717240 0.02829870 0.01107500
v 0.01737290 0.02800290 0.01107500
v 0.01737290 0.02800290 0.01107500
v 0.01760420 0.02773060 0.01107500
v 0.01760420 0.02773060 0.01107500
v 0.01786360 0.02748490 0.01107500
v 0.01786360 0.02748490 0.01107500
v 0.01814810 0.02726860 0.01107500
v 0.01814810 0.02726860 0.01107500
v 0.01845430 0.02708440 0.01107500
v 0.01845430 0.02708440 0.01107500
v 0.01877850 0.02693440 0.01107500
v 0.01877850 0.02693440 0.01107500
v 0.01911720 0.02682030 0.01107500
v 0.01911720 0.02682030 0.01107500
v 0.01946610 0.02674350 0.01107500
v 0.01946610 0.02674350 0.01107500
v 0.01982130 0.02670480 0.01107500
v 0.01982130 0.02670480 0.01107500
v 0.02017870 0.02670480 0.01107500
v 0.02017870 0.02670480 0.01107500
v 0.02053390 0.02674350 0.01107500
v 0.02053390 0.02674350 0.01107500
v 0.02088280 0.02682030 0.01107500
v 0.02088280 0.02682030 0.01107500
v 0.02122150 0.02693440 0.01107500
v 0.02122150 0.02693440 0.01107500
v 0.02154570 0.02708440 0.01107500
v 0.02154570 0.02708440 0.01107500
v 0.02185190 0.02726860 0.01107500
v 0.02185190 0.02726860 0.01107500
v 0.02213640 0.02748490 0.01107500
v 0.02213640 0.02748490 0.01107500
v 0.02239580 0.02773060 0.01107500
v 0.02239580 0.02773060 0.01107500
v 0.02262710 0.02800290 0.01107500
v 0.02262710 0.02800290 0.01107500
v 0.02282760 0.02829870 0.01107500
v 0.02282760 0.02829870 0.01107500
v 0.02299500 0.02861440 0.01107500
v 0.02299500 0.02861440 0.01107500
v 0.02312730 0.02894630 0.01107500
v 0.02312730 0.02894630 0.01107500
v 0.02322280 0.02929060 0.01107500
v 0.02322280 0.02929060 0.01107500
v 0.02328070 0.02964320 0.01107500
v 0.02328070 0.02964320 0.01107500
v 0.02330000 0.03000000 0.01107500
v 0.02330000 0.03000000 0.01107500
v 0.02328070 0.03035680 0.01107500
v 0.02328070 0.03035680 0.01107500
v 0.02322280 0.03070940 0.01107500
v 0.02322280 0.03070940 0.01107500
v 0.02312730 0.03105370 0.01107500
v 0.02312730 0.03105370 0.01107500
v 0.02299500 0.03138560 0.01107500
v 0.02299500 0.03138560 0.01107500
v 0.02282760 0.03170130 0.01107500
v 0.02282760 0.03170130 0.01107500
v 0.02262710 0.03199710 0.01107500
v 0.02262710 0.03199710 0.01107500
v 0.02239580 0.03226940 0.01107500
v 0.02239580 0.03226940 0.01107500
v 0.02213640 0.03251510 0.01107500
v 0.02213640 0.03251510 0.01107500
v 0.02185190 0.03273140 0.01107500
v 0.02185190 0.03273140 0.01107500
v 0.02154570 0.03291560 0.01107500
v 0.02154570 0.03291560 0.01107500
v 0.02122150 0.03306560 0.01107500
v 0.02122150 0.03306560 0.01107500
v 0.02088280 0.03317970 0.01107500
v 0.02088280 0.03317970 0.01107500
v 0.02053390 0.03325650 0.01107500
v 0.02053390 0.03325650 0.01107500
v 0.02017870 0.03329520 0.01107500
v 0.02017870 0.03329520 0.01107500
v 0.01982130 0.03329520 0.01107500
v 0.01982130 0.03329520 0.01107500
v 0.01946610 0.03325650 0.01107500
v 0.01946610 0.03325650 0.01107500
v 0.01911720 0.03317970 0.01107500
v 0.01911720 0.03317970 0.01107500
v 0.01877850 0.03306560 0.01107500
v 0.01877850 0.03306560 0.01107500
v 0.01845430 0.03291560 0.01107500
v 0.01845430 0.03291560 0.01107500
v 0.01814810 0.03273140 0.01107500
v 0.01814810 0.03273140 0.01107500
v 0.01786360 0.03251510 0.01107500
v 0.01786360 0.03251510 0.01107500
v 0.01760420 0.03226940 0.01107500
v 0.01760420 0.03226940 0.01107500
v 0.01737290 0.03199710 0.01107500
v 0.01737290 0.03199710 0.01107500
v 0.01717240 0.03170130 0.01107500
v 0.01717240 0.03170130 0.01107500
v 0.01700500 0.03138560 0.01107500
v 0.01700500 0.03138560 0.01107500
v 0.01687270 0.03105370 0.01107500
v 0.01687270 0.03105370 0.01107500
v 0.01677720 0.03070940 0.01107500
v 0.01677720 0.03070940 0.01107500
v 0.01671930 0.03035680 0.01107500
v 0.01671930 0.03035680 0.01107500
v -0.02800000 0.02950000 0.01107500
v -0.02800000 0.02950000 0.01107500
v -0.02800000 0.02950000 0.01107500
v -0.03000000 0.02950000 0.01307500
v -0.03000000 0.02950000 0.01307500
v -0.02800000 0.02950000 0.01307500
v -0.02800000 0.02950000 0.01307500
v -0.03000000 -0.02950000 0.01307500
v -0.03000000 -0.02950000 0.01307500
v -0.02800000 -0.02950000 0.01107500
v -0.02800000 -0.02950000 0.01107500
v -0.02800000 -0.02950000 0.01107500
v -0.02800000 -0.02950000 0.01307500
v -0.02800000 -0.02950000 0.01307500
v -0.02800000 0.02535000 0.01107500
v -0.02800000 0.02535000 0.01107500
v -0.02800000 0.02811800 0.01497710
v -0.02800000 0.02811800 0.01497710
v -0.02800000 0.02791580 0.01503130
v -0.02800000 0.02791580 0.01503130
v -0.02800000 0.02883830 0.01456130
v -0.02800000 0.02883830 0.01456130
v -0.02800000 0.02867560 0.01469300
v -0.02800000 0.02867560 0.01469300
v -0.02800000 0.02831350 0.01490210
v -0.02800000 0.02831350 0.01490210
v -0.02800000 0.02850000 0.01480710
v -0.02800000 0.02850000 0.01480710
v -0.02800000 0.02923210 0.01407500
v -0.02800000 0.02923210 0.01407500
v -0.02800000 0.02911800 0.01425060
v -0.02800000 0.02911800 0.01425060
v -0.02800000 -0.02535000 0.01107500
v -0.02800000 -0.02535000 0.01107500
v -0.02800000 -0.02940210 0.01369300
v -0.02800000 -0.02940210 0.01369300
v -0.02800000 -0.02945630 0.01349080
v -0.02800000 -0.02945630 0.01349080
v -0.02800000 0.02770910 0.01506400
v -0.02800000 0.02770910 0.01506400
v -0.02800000 0.02932710 0.01388850
v -0.02800000 0.02932710 0.01388850
v -0.02800000 -0.02948900 0.01328410
v -0.02800000 -0.02948900 0.01328410
v -0.02800000 -0.02850000 0.01480710
v -0.02800000 -0.02850000 0.01480710
v -0.02800000 -0.02867560 0.01469300
v -0.02800000 -0.02867560 0.01469300
v -0.02800000 -0.02791580 0.01503130
v -0.02800000 -0.02791580 0.01503130
v -0.02800000 -0.02811800 0.01497710
v -0.02800000 -0.02811800 0.01497710
v -0.02800000 0.02898630 0.01441330
v -0.02800000 0.02898630 0.01441330
v -0.02800000 0.02940210 0.01369300
v -0.02800000 0.02940210 0.01369300
v -0.02800000 0.02948900 0.01328410
v -0.02800000 0.02948900 0.01328410
v -0.02800000 0.02945630 0.01349080
v -0.02800000 0.02945630 0.01349080
v -0.02800000 -0.02932710 0.01388850
v -0.02800000 -0.02932710 0.01388850
v -0.02800000 -0.02911800 0.01425060
v -0.02800000 -0.02911800 0.01425060
v -0.02800000 -0.02923210 0.01407500
v -0.02800000 -0.02923210 0.01407500
v -0.02800000 -0.02831350 0.01490210
v -0.02800000 -0.02831350 0.01490210
v -0.02800000 -0.02770910 0.01506400
v -0.02800000 -0.02770910 0.01506400
v -0.02800000 -0.02883830 0.01456130
v -0.02800000 -0.02883830 0.01456130
v -0.02800000 -0.02898630 0.01441330
v -0.02800000 -0.02898630 0.01441330
v -0.02800000 -0.02750000 0.01507500
v -0.02800000 -0.02750000 0.01507500
v -0.02800000 0.02750000 0.01507500
v -0.02800000 0.02750000 0.01507500
v -0.03000000 0.02770910 0.01506400
v -0.03000000 0.02770910 0.01506400
v -0.03000000 0.02850000 0.01480710
v -0.03000000 0.02850000 0.01480710
v -0.03000000 0.02867560 0.01469300
v -0.03000000 0.02867560 0.01469300
v -0.03000000 0.02831350 0.01490210
v -0.03000000 0.02831350 0.01490210
v -0.03000000 0.02791580 0.01503130
v -0.03000000 0.02791580 0.01503130
v -0.03000000 -0.02811800 0.01497710
v -0.03000000 -0.02811800 0.01497710
v -0.03000000 -0.02791580 0.01503130
v -0.03000000 -0.02791580 0.01503130
v -0.03000000 -0.02883830 0.01456130
v -0.03000000 -0.02883830 0.01456130
v -0.03000000 -0.02867560 0.01469300
v -0.03000000 -0.02867560 0.01469300
v -0.03000000 0.02750000 0.01507500
v -0.03000000 0.02750000 0.01507500
v -0.03000000 0.02898630 0.01441330
v -0.03000000 0.02898630 0.01441330
v -0.03000000 0.02911800 0.01425060
v -0.03000000 0.02911800 0.01425060
v -0.03000000 0.02811800 0.01497710
v -0.03000000 0.02811800 0.01497710
v -0.03000000 -0.02831350 0.01490210
v -0.03000000 -0.02831350 0.01490210
v -0.03000000 -0.02850000 0.01480710
v -0.03000000 -0.02850000 0.01480710
v -0.03000000 -0.02948900 0.01328410
v -0.03000000 -0.02948900 0.01328410
v -0.03000000 -0.02945630 0.01349080
v -0.03000000 -0.02945630 0.01349080
v -0.03000000 0.02923210 0.01407500
v -0.03000000 0.02923210 0.01407500
v -0.03000000 0.02883830 0.01456130
v -0.03000000 0.02883830 0.01456130
v -0.03000000 0.02940210 0.01369300
v -0.03000000 0.02940210 0.01369300
v -0.03000000 0.02945630 0.01349080
v -0.03000000 0.02945630 0.01349080
v -0.03000000 0.02932710 0.01388850
v -0.03000000 0.02932710 0.01388850
v -0.03000000 -0.02770910 0.01506400
v -0.03000000 -0.02770910 0.01506400
v -0.03000000 -0.02911800 0.01425060
v -0.03000000 -0.02911800 0.01425060
v -0.03000000 -0.02898630 0.01441330
v -0.03000000 -0.02898630 0.01441330
v -0.03000000 -0.02932710 0.01388850
v -0.03000000 -0.02932710 0.01388850
v -0.03000000 -0.02923210 0.01407500
v -0.03000000 -0.02923210 0.01407500
v -0.03000000 -0.02940210 0.01369300
v -0.03000000 -0.02940210 0.01369300
v -0.03000000 0.02948900 0.01328410
v -0.03000000 0.02948900 0.01328410
v -0.03000000 -0.02750000 0.01507500
v -0.03000000 -0.02750000 0.01507500
v 0.01031080 -0.05374470 0.01107500
v 0.01031080 -0.05374470 0.01107500
v 0.01004860 -0.05408950 0.01107500
v 0.01004860 -0.05408950 0.01107500
v 0.00975080 -0.05440400 0.01107500
v 0.00975080 -0.05440400 0.01107500
v 0.01053400 -0.05337360 0.01107500
v 0.01053400 -0.05337360 0.01107500
v 0.01071590 -0.05298060 0.01107500
v 0.01071590 -0.05298060 0.01107500
v 0.01085420 -0.05042990 0.01107500
v 0.01085420 -0.05042990 0.01107500
v 0.01094730 -0.05085290 0.01107500
v 0.01094730 -0.05085290 0.01107500
v -0.01099410 -0.05171660 0.01107500
v -0.01099410 -0.05171660 0.01107500
v -0.01099410 -0.05128340 0.01107500
v -0.01099410 -0.05128340 0.01107500
v 0.00700000 -0.05550000 0.01107500
v 0.00700000 -0.05550000 0.01107500
v 0.01085420 -0.05257010 0.01107500
v 0.01085420 -0.05257010 0.01107500
v 0.01071590 -0.05001940 0.01107500
v 0.01071590 -0.05001940 0.01107500
v -0.01094730 -0.05085290 0.01107500
v -0.01094730 -0.05085290 0.01107500
v -0.01094730 -0.05214710 0.01107500
v -0.01094730 -0.05214710 0.01107500
v -0.01053400 -0.05337360 0.01107500
v -0.01053400 -0.05337360 0.01107500
v -0.01071590 -0.05298060 0.01107500
v -0.01071590 -0.05298060 0.01107500
v -0.01031080 -0.05374470 0.01107500
v -0.01031080 -0.05374470 0.01107500
v -0.01004860 -0.05408950 0.01107500
v -0.01004860 -0.05408950 0.01107500
v -0.00700000 -0.05550000 0.01107500
v -0.00700000 -0.05550000 0.01107500
v 0.00867956 -0.05513030 0.01107500
v 0.00867956 -0.05513030 0.01107500
v 0.00827721 -0.05529060 0.01107500
v 0.00827721 -0.05529060 0.01107500
v 0.00942070 -0.05468440 0.01107500
v 0.00942070 -0.05468440 0.01107500
v 0.00906222 -0.05492740 0.01107500
v 0.00906222 -0.05492740 0.01107500
v 0.01053400 -0.04962640 0.01107500
v 0.01053400 -0.04962640 0.01107500
v 0.00975080 -0.04859600 0.01107500
v 0.00975080 -0.04859600 0.01107500
v 0.01004860 -0.04891050 0.01107500
v 0.01004860 -0.04891050 0.01107500
v 0.00906222 -0.04807260 0.01107500
v 0.00906222 -0.04807260 0.01107500
v 0.00942070 -0.04831560 0.01107500
v 0.00942070 -0.04831560 0.01107500
v -0.00942070 -0.05468440 0.01107500
v -0.00942070 -0.05468440 0.01107500
v -0.00975080 -0.05440400 0.01107500
v -0.00975080 -0.05440400 0.01107500
v -0.00827721 -0.05529060 0.01107500
v -0.00827721 -0.05529060 0.01107500
v -0.00867956 -0.05513030 0.01107500
v -0.00867956 -0.05513030 0.01107500
v -0.00743248 -0.05547660 0.01107500
v -0.00743248 -0.05547660 0.01107500
v -0.00785988 -0.05540650 0.01107500
v -0.00785988 -0.05540650 0.01107500
v 0.00743248 -0.05547660 0.01107500
v 0.00743248 -0.05547660 0.01107500
v 0.00785988 -0.05540650 0.01107500
v 0.00785988 -0.05540650 0.01107500
v 0.01099410 -0.05171660 0.01107500
v 0.01099410 -0.05171660 0.01107500
v 0.01094730 -0.05214710 0.01107500
v 0.01094730 -0.05214710 0.01107500
v 0.01031080 -0.04925530 0.01107500
v 0.01031080 -0.04925530 0.01107500
v 0.00785988 -0.04759350 0.01107500
v 0.00785988 -0.04759350 0.01107500
v 0.00827721 -0.04770940 0.01107500
v 0.00827721 -0.04770940 0.01107500
v -0.00827721 -0.04770940 0.01107500
v -0.00827721 -0.04770940 0.01107500
v -0.00785988 -0.04759350 0.01107500
v -0.00785988 -0.04759350 0.01107500
v -0.01085420 -0.05042990 0.01107500
v -0.01085420 -0.05042990 0.01107500
v -0.01071590 -0.05001940 0.01107500
v -0.01071590 -0.05001940 0.01107500
v -0.01085420 -0.05257010 0.01107500
v -0.01085420 -0.05257010 0.01107500
v -0.00906222 -0.05492740 0.01107500
v -0.00906222 -0.05492740 0.01107500
v 0.00743248 -0.04752340 0.01107500
v 0.00743248 -0.04752340 0.01107500
v -0.00867956 -0.04786970 0.01107500
v -0.00867956 -0.04786970 0.01107500
v -0.00942070 -0.04831560 0.01107500
v -0.00942070 -0.04831560 0.01107500
v -0.00906222 -0.04807260 0.01107500
v -0.00906222 -0.04807260 0.01107500
v -0.01004860 -0.04891050 0.01107500
v -0.01004860 -0.04891050 0.01107500
v -0.00975080 -0.04859600 0.01107500
v -0.00975080 -0.04859600 0.01107500
v -0.01053400 -0.04962640 0.01107500
v -0.01053400 -0.04962640 0.01107500
v -0.01031080 -0.04925530 0.01107500
v -0.01031080 -0.04925530 0.01107500
v 0.01099410 -0.05128340 0.01107500
v 0.01099410 -0.05128340 0.01107500
v 0.00867956 -0.04786970 0.01107500
v 0.00867956 -0.04786970 0.01107500
v 0.00100000 -0.03850000 0.01107500
v 0.00100000 -0.03850000 0.01107500
v 0.00100000 -0.03850000 0.01107500
v 0.00100000 -0.04750000 0.01107500
v 0.00100000 -0.04750000 0.01107500
v 0.00100000 -0.04750000 0.01107500
v 0.00700000 -0.04750000 0.01107500
v 0.00700000 -0.04750000 0.01107500
v -0.00100000 -0.03850000 0.01107500
v -0.00100000 -0.03850000 0.01107500
v -0.00100000 -0.03850000 0.01107500
v -0.00700000 -0.04750000 0.01107500
v -0.00700000 -0.04750000 0.01107500
v -0.00743248 -0.04752340 0.01107500
v -0.00743248 -0.04752340 0.01107500
v -0.00100000 -0.04750000 0.01107500
v -0.00100000 -0.04750000 0.01107500
v -0.00100000 -0.04750000 0.01107500
v -0.02365000 -0.03590000 0.01107500
v -0.01385000 -0.03590000 0.01107500
v -0.01385000 -0.02535000 0.01107500
v -0.02365000 -0.02535000 0.01107500
v 0.01385000 -0.03590000 0.01107500
v 0.01385000 -0.02535000 0.01107500
v 0.02365000 -0.03590000 0.01107500
v 0.02365000 -0.02535000 0.01107500
v -0.01385000 0.02535000 0.01107500
v 0.01385000 0.02535000 0.01107500
v -0.02365000 0.02535000 0.01107500
v 0.02365000 0.02535000 0.01107500
v -0.00100000 -0.03850000 0.01407500
v -0.00100000 -0.03850000 0.01407500
v 0.00100000 -0.03850000 0.01407500
v 0.00100000 -0.03850000 0.01407500
v -0.00100000 -0.03851640 0.01438860
v -0.00100000 -0.03851640 0.01438860
v 0.00100000 -0.03851640 0.01438860
v 0.00100000 -0.03851640 0.01438860
v -0.00100000 -0.03856560 0.01469870
v -0.00100000 -0.03856560 0.01469870
v 0.00100000 -0.03856560 0.01469870
v 0.00100000 -0.03856560 0.01469870
v -0.00100000 -0.03864680 0.01500210
v -0.00100000 -0.03864680 0.01500210
v 0.00100000 -0.03864680 0.01500210
v 0.00100000 -0.03864680 0.01500210
v -0.00100000 -0.03875940 0.01529520
v -0.00100000 -0.03875940 0.01529520
v 0.00100000 -0.03875940 0.01529520
v 0.00100000 -0.03875940 0.01529520
v -0.00100000 -0.03890190 0.01557500
v -0.00100000 -0.03890190 0.01557500
v 0.00100000 -0.03890190 0.01557500
v 0.00100000 -0.03890190 0.01557500
v -0.00100000 -0.03907290 0.01583840
v -0.00100000 -0.03907290 0.01583840
v 0.00100000 -0.03907290 0.01583840
v 0.00100000 -0.03907290 0.01583840
v -0.00100000 -0.03927060 0.01608240
v -0.00100000 -0.03927060 0.01608240
v 0.00100000 -0.03927060 0.01608240
v 0.00100000 -0.03927060 0.01608240
v -0.00100000 -0.03949260 0.01630440
v -0.00100000 -0.03949260 0.01630440
v 0.00100000 -0.03949260 0.01630440
v 0.00100000 -0.03949260 0.01630440
v -0.00100000 -0.03973660 0.01650210
v -0.00100000 -0.03973660 0.01650210
v 0.00100000 -0.03973660 0.01650210
v 0.00100000 -0.03973660 0.01650210
v -0.00100000 -0.04000000 0.01667310
v -0.00100000 -0.04000000 0.01667310
v 0.00100000 -0.04000000 0.01667310
v 0.00100000 -0.04000000 0.01667310
v -0.00100000 -0.04027980 0.01681560
v -0.00100000 -0.04027980 0.01681560
v 0.00100000 -0.04027980 0.01681560
v 0.00100000 -0.04027980 0.01681560
v -0.00100000 -0.04057290 0.01692820
v -0.00100000 -0.04057290 0.01692820
v 0.00100000 -0.04057290 0.01692820
v 0.00100000 -0.04057290 0.01692820
v -0.00100000 -0.04087630 0.01700940
v -0.00100000 -0.04087630 0.01700940
v 0.00100000 -0.04087630 0.01700940
v 0.00100000 -0.04087630 0.01700940
v -0.00100000 -0.04118640 0.01705860
v -0.00100000 -0.04118640 0.01705860
v 0.00100000 -0.04118640 0.01705860
v 0.00100000 -0.04118640 0.01705860
v -0.00100000 -0.04150000 0.01707500
v -0.00100000 -0.04150000 0.01707500
v 0.00100000 -0.04150000 0.01707500
v 0.00100000 -0.04150000 0.01707500
v 0.00100000 -0.04650740 0.01784560
v 0.00100000 -0.04650740 0.01784560
v 0.00100000 -0.04672940 0.01806760
v 0.00100000 -0.04672940 0.01806760
v 0.00100000 -0.04600000 0.01747690
v 0.00100000 -0.04600000 0.01747690
v 0.00100000 -0.04626340 0.01764790
v 0.00100000 -0.04626340 0.01764790
v 0.00100000 -0.04542710 0.01722180
v 0.00100000 -0.04542710 0.01722180
v 0.00100000 -0.04572020 0.01733440
v 0.00100000 -0.04572020 0.01733440
v 0.00100000 -0.04481360 0.01709140
v 0.00100000 -0.04481360 0.01709140
v 0.00100000 -0.04512370 0.01714060
v 0.00100000 -0.04512370 0.01714060
v 0.00100000 -0.04450000 0.01707500
v 0.00100000 -0.04450000 0.01707500
v 0.00100000 -0.04743440 0.01945130
v 0.00100000 -0.04743440 0.01945130
v 0.00100000 -0.04748360 0.01976140
v 0.00100000 -0.04748360 0.01976140
v 0.00100000 -0.04724060 0.01885480
v 0.00100000 -0.04724060 0.01885480
v 0.00100000 -0.04735320 0.01914790
v 0.00100000 -0.04735320 0.01914790
v 0.00100000 -0.04692710 0.01831160
v 0.00100000 -0.04692710 0.01831160
v 0.00100000 -0.04709810 0.01857500
v 0.00100000 -0.04709810 0.01857500
v 0.00100000 -0.04750000 0.02007500
v 0.00100000 -0.04750000 0.02007500
v -0.00100000 -0.04450000 0.01707500
v -0.00100000 -0.04450000 0.01707500
v -0.00100000 -0.04650740 0.01784560
v -0.00100000 -0.04650740 0.01784560
v -0.00100000 -0.04626340 0.01764790
v -0.00100000 -0.04626340 0.01764790
v -0.00100000 -0.04692710 0.01831160
v -0.00100000 -0.04692710 0.01831160
v -0.00100000 -0.04672940 0.01806760
v -0.00100000 -0.04672940 0.01806760
v -0.00100000 -0.04481360 0.01709140
v -0.00100000 -0.04481360 0.01709140
v -0.00100000 -0.04542710 0.01722180
v -0.00100000 -0.04542710 0.01722180
v -0.00100000 -0.04512370 0.01714060
v -0.00100000 -0.04512370 0.01714060
v -0.00100000 -0.04600000 0.01747690
v -0.00100000 -0.04600000 0.01747690
v -0.00100000 -0.04572020 0.01733440
v -0.00100000 -0.04572020 0.01733440
v -0.00100000 -0.04724060 0.01885480
v -0.00100000 -0.04724060 0.01885480
v -0.00100000 -0.04709810 0.01857500
v -0.00100000 -0.04709810 0.01857500
v -0.00100000 -0.04743440 0.01945130
v -0.00100000 -0.04743440 0.01945130
v -0.00100000 -0.04735320 0.01914790
v -0.00100000 -0.04735320 0.01914790
v -0.00100000 -0.04750000 0.02007500
v -0.00100000 -0.04750000 0.02007500
v -0.00100000 -0.04748360 0.01976140
v -0.00100000 -0.04748360 0.01976140
v -0.00700000 -0.04750000 0.03605000
v -0.00700000 -0.04750000 0.03605000
v 0.00700000 -0.04750000 0.03605000
v 0.00700000 -0.04750000 0.03605000
v 0.01099410 -0.05171660 0.03983340
v 0.01099410 -0.05171660 0.03983340
v 0.01094730 -0.05214710 0.03940290
v 0.01094730 -0.05214710 0.03940290
v 0.01085420 -0.05257010 0.03897990
v 0.01085420 -0.05257010 0.03897990
v 0.01071590 -0.05298060 0.03856940
v 0.01071590 -0.05298060 0.03856940
v 0.01053400 -0.05337360 0.03817640
v 0.01053400 -0.05337360 0.03817640
v 0.01031080 -0.05374470 0.03780530
v 0.01031080 -0.05374470 0.03780530
v 0.01004860 -0.05408950 0.03746050
v 0.01004860 -0.05408950 0.03746050
v 0.00975080 -0.05440400 0.03714600
v 0.00975080 -0.05440400 0.03714600
v 0.00942070 -0.05468440 0.03686560
v 0.00942070 -0.05468440 0.03686560
v 0.00924475 -0.05481080 0.03673920
v 0.00924475 -0.05481080 0.03673920
v 0.00906222 -0.05492740 0.03662260
v 0.00906222 -0.05492740 0.03662260
v 0.00887363 -0.05503400 0.03651600
v 0.00887363 -0.05503400 0.03651600
v 0.00867956 -0.05513030 0.03641970
v 0.00867956 -0.05513030 0.03641970
v 0.00848055 -0.05521590 0.03633410
v 0.00848055 -0.05521590 0.03633410
v 0.00827721 -0.05529060 0.03625940
v 0.00827721 -0.05529060 0.03625940
v 0.00807011 -0.05535420 0.03619580
v 0.00807011 -0.05535420 0.03619580
v 0.00785988 -0.05540650 0.03614350
v 0.00785988 -0.05540650 0.03614350
v 0.00764713 -0.05544730 0.03610270
v 0.00764713 -0.05544730 0.03610270
v 0.00743248 -0.05547660 0.03607340
v 0.00743248 -0.05547660 0.03607340
v 0.00721656 -0.05549410 0.03605590
v 0.00721656 -0.05549410 0.03605590
v 0.00700000 -0.05550000 0.03605000
v 0.00700000 -0.05550000 0.03605000
v 0.00721656 -0.04750590 0.03605590
v 0.00721656 -0.04750590 0.03605590
v 0.00743248 -0.04752340 0.03607340
v 0.00743248 -0.04752340 0.03607340
v 0.00764713 -0.04755270 0.03610270
v 0.00764713 -0.04755270 0.03610270
v 0.00785988 -0.04759350 0.03614350
v 0.00785988 -0.04759350 0.03614350
v 0.00807011 -0.04764580 0.03619580
v 0.00807011 -0.04764580 0.03619580
v 0.00827721 -0.04770940 0.03625940
v 0.00827721 -0.04770940 0.03625940
v 0.00848055 -0.04778410 0.03633410
v 0.00848055 -0.04778410 0.03633410
v 0.00867956 -0.04786970 0.03641970
v 0.00867956 -0.04786970 0.03641970
v 0.00887363 -0.04796600 0.03651600
v 0.00887363 -0.04796600 0.03651600
v 0.00906222 -0.04807260 0.03662260
v 0.00906222 -0.04807260 0.03662260
v 0.00924475 -0.04818920 0.03673920
v 0.00924475 -0.04818920 0.03673920
v 0.00942070 -0.04831560 0.03686560
v 0.00942070 -0.04831560 0.03686560
v 0.00975080 -0.04859600 0.03714600
v 0.00975080 -0.04859600 0.03714600
v 0.01004860 -0.04891050 0.03746050
v 0.01004860 -0.04891050 0.03746050
v 0.01031080 -0.04925530 0.03780530
v 0.01031080 -0.04925530 0.03780530
v 0.01053400 -0.04962640 0.03817640
v 0.01053400 -0.04962640 0.03817640
v 0.01071590 -0.05001940 0.03856940
v 0.01071590 -0.05001940 0.03856940
v 0.01085420 -0.05042990 0.03897990
v 0.01085420 -0.05042990 0.03897990
v 0.01094730 -0.05085290 0.03940290
v 0.01094730 -0.05085290 0.03940290
v 0.01099410 -0.05128340 0.03983340
v 0.01099410 -0.05128340 0.03983340
v 0.01100000 -0.05150000 0.04005000
v -0.00700000 -0.05550000 0.03605000
v -0.00700000 -0.05550000 0.03605000
v -0.00721656 -0.05549410 0.03605590
v -0.00721656 -0.05549410 0.03605590
v -0.00743248 -0.05547660 0.03607340
v -0.00743248 -0.05547660 0.03607340
v -0.00764713 -0.05544730 0.03610270
v -0.00764713 -0.05544730 0.03610270
v -0.00785988 -0.05540650 0.03614350
v -0.00785988 -0.05540650 0.03614350
v -0.00807011 -0.05535420 0.03619580
v -0.00807011 -0.05535420 0.03619580
v -0.00827721 -0.05529060 0.03625940
v -0.00827721 -0.05529060 0.03625940
v -0.00848055 -0.05521590 0.03633410
v -0.00848055 -0.05521590 0.03633410
v -0.00867956 -0.05513030 0.03641970
v -0.00867956 -0.05513030 0.03641970
v -0.00887363 -0.05503400 0.03651600
v -0.00887363 -0.05503400 0.03651600
v -0.00906222 -0.05492740 0.03662260
v -0.00906222 -0.05492740 0.03662260
v -0.00924475 -0.05481080 0.03673920
v -0.00924475 -0.05481080 0.03673920
v -0.00942070 -0.05468440 0.03686560
v -0.00942070 -0.05468440 0.03686560
v -0.00975080 -0.05440400 0.03714600
v -0.00975080 -0.05440400 0.03714600
v -0.01004860 -0.05408950 0.03746050
v -0.01004860 -0.05408950 0.03746050
v -0.01031080 -0.05374470 0.03780530
v -0.01031080 -0.05374470 0.03780530
v -0.01053400 -0.05337360 0.03817640
v -0.01053400 -0.05337360 0.03817640
v -0.01071590 -0.05298060 0.03856940
v -0.01071590 -0.05298060 0.03856940
v -0.01085420 -0.05257010 0.03897990
v -0.01085420 -0.05257010 0.03897990
v -0.01094730 -0.05214710 0.03940290
v -0.01094730 -0.05214710 0.03940290
v -0.01099410 -0.05171660 0.03983340
v -0.01099410 -0.05171660 0.03983340
v -0.01099410 -0.05128340 0.03983340
v -0.01099410 -0.05128340 0.03983340
v -0.01100000 -0.05150000 0.04005000
v -0.01094730 -0.05085290 0.03940290
v -0.01094730 -0.05085290 0.03940290
v -0.01085420 -0.05042990 0.03897990
v -0.01085420 -0.05042990 0.03897990
v -0.01071590 -0.05001940 0.03856940
v -0.01071590 -0.05001940 0.03856940
v -0.01053400 -0.04962640 0.03817640
v -0.01053400 -0.04962640 0.03817640
v -0.01031080 -0.04925530 0.03780530
v -0.01031080 -0.04925530 0.03780530
v -0.01004860 -0.04891050 0.03746050
v -0.01004860 -0.04891050 0.03746050
v -0.00975080 -0.04859600 0.03714600
v -0.00975080 -0.04859600 0.03714600
v -0.00942070 -0.04831560 0.03686560
v -0.00942070 -0.04831560 0.03686560
v -0.00924475 -0.04818920 0.03673920
v -0.00924475 -0.04818920 0.03673920
v -0.00906222 -0.04807260 0.03662260
v -0.00906222 -0.04807260 0.03662260
v -0.00887363 -0.04796600 0.03651600
v -0.00887363 -0.04796600 0.03651600
v -0.00867956 -0.04786970 0.03641970
v -0.00867956 -0.04786970 0.03641970
v -0.00848055 -0.04778410 0.03633410
v -0.00848055 -0.04778410 0.03633410
v -0.00827721 -0.04770940 0.03625940
v -0.00827721 -0.04770940 0.03625940
v -0.00807011 -0.04764580 0.03619580
v -0.00807011 -0.04764580 0.03619580
v -0.00785988 -0.04759350 0.03614350
v -0.00785988 -0.04759350 0.03614350
v -0.00764713 -0.04755270 0.03610270
v -0.00764713 -0.04755270 0.03610270
v -0.00743248 -0.04752340 0.03607340
v -0.00743248 -0.04752340 0.03607340
v -0.00721656 -0.04750590 0.03605590
v -0.00721656 -0.04750590 0.03605590
v -0.00700000 -0.04150000 0.03605000
v -0.00700000 -0.04150000 0.03605000
v 0.00700000 -0.04150000 0.03605000
v 0.00700000 -0.04150000 0.03605000
v 0.00700000 -0.06150000 0.03605000
v 0.00700000 -0.06150000 0.03605000
v -0.00700000 -0.06150000 0.03605000
v -0.00700000 -0.06150000 0.03605000
v -0.01099410 -0.04150000 0.04026660
v -0.01099410 -0.04150000 0.04026660
v -0.01099410 -0.06150000 0.04026660
v -0.01099410 -0.06150000 0.04026660
v -0.01094730 -0.06150000 0.04069710
v -0.01094730 -0.06150000 0.04069710
v -0.01094730 -0.04150000 0.04069710
v -0.01094730 -0.04150000 0.04069710
v -0.01085420 -0.06150000 0.04112010
v -0.01085420 -0.06150000 0.04112010
v -0.01085420 -0.04150000 0.04112010
v -0.01085420 -0.04150000 0.04112010
v -0.01071590 -0.06150000 0.04153060
v -0.01071590 -0.06150000 0.04153060
v -0.01071590 -0.04150000 0.04153060
v -0.01071590 -0.04150000 0.04153060
v -0.01053400 -0.06150000 0.04192360
v -0.01053400 -0.06150000 0.04192360
v -0.01053400 -0.04150000 0.04192360
v -0.01053400 -0.04150000 0.04192360
v -0.01031080 -0.06150000 0.04229470
v -0.01031080 -0.06150000 0.04229470
v -0.01031080 -0.04150000 0.04229470
v -0.01031080 -0.04150000 0.04229470
v -0.01004860 -0.06150000 0.04263950
v -0.01004860 -0.06150000 0.04263950
v -0.01004860 -0.04150000 0.04263950
v -0.01004860 -0.04150000 0.04263950
v -0.00975080 -0.06150000 0.04295400
v -0.00975080 -0.06150000 0.04295400
v -0.00975080 -0.04150000 0.04295400
v -0.00975080 -0.04150000 0.04295400
v -0.00942070 -0.06150000 0.04323440
v -0.00942070 -0.06150000 0.04323440
v -0.00942070 -0.04150000 0.04323440
v -0.00942070 -0.04150000 0.04323440
v -0.00906222 -0.06150000 0.04347740
v -0.00906222 -0.06150000 0.04347740
v -0.00906222 -0.04150000 0.04347740
v -0.00906222 -0.04150000 0.04347740
v -0.00867956 -0.06150000 0.04368030
v -0.00867956 -0.06150000 0.04368030
v -0.00867956 -0.04150000 0.04368030
v -0.00867956 -0.04150000 0.04368030
v -0.00827721 -0.06150000 0.04384060
v -0.00827721 -0.06150000 0.04384060
v -0.00827721 -0.04150000 0.04384060
v -0.00827721 -0.04150000 0.04384060
v -0.00785988 -0.06150000 0.04395650
v -0.00785988 -0.06150000 0.04395650
v -0.00785988 -0.04150000 0.04395650
v -0.00785988 -0.04150000 0.04395650
v -0.00743248 -0.06150000 0.04402660
v -0.00743248 -0.06150000 0.04402660
v -0.00743248 -0.04150000 0.04402660
v -0.00743248 -0.04150000 0.04402660
v -0.00700000 -0.06150000 0.04405000
v -0.00700000 -0.06150000 0.04405000
v -0.00743248 -0.04150000 0.03607340
v -0.00743248 -0.04150000 0.03607340
v -0.00785988 -0.04150000 0.03614350
v -0.00785988 -0.04150000 0.03614350
v -0.00827721 -0.04150000 0.03625940
v -0.00827721 -0.04150000 0.03625940
v -0.00867956 -0.04150000 0.03641970
v -0.00867956 -0.04150000 0.03641970
v -0.00906222 -0.04150000 0.03662260
v -0.00906222 -0.04150000 0.03662260
v -0.00942070 -0.04150000 0.03686560
v -0.00942070 -0.04150000 0.03686560
v -0.00975080 -0.04150000 0.03714600
v -0.00975080 -0.04150000 0.03714600
v -0.01004860 -0.04150000 0.03746050
v -0.01004860 -0.04150000 0.03746050
v -0.01031080 -0.04150000 0.03780530
v -0.01031080 -0.04150000 0.03780530
v -0.01053400 -0.04150000 0.03817640
v -0.01053400 -0.04150000 0.03817640
v -0.01071590 -0.04150000 0.03856940
v -0.01071590 -0.04150000 0.03856940
v -0.01085420 -0.04150000 0.03897990
v -0.01085420 -0.04150000 0.03897990
v -0.01094730 -0.04150000 0.03940290
v -0.01094730 -0.04150000 0.03940290
v -0.01099410 -0.04150000 0.03983340
v -0.01099410 -0.04150000 0.03983340
v -0.01099410 -0.06150000 0.03983340
v -0.01099410 -0.06150000 0.03983340
v -0.01094730 -0.06150000 0.03940290
v -0.01094730 -0.06150000 0.03940290
v -0.01085420 -0.06150000 0.03897990
v -0.01085420 -0.06150000 0.03897990
v -0.01071590 -0.06150000 0.03856940
v -0.01071590 -0.06150000 0.03856940
v -0.01053400 -0.06150000 0.03817640
v -0.01053400 -0.06150000 0.03817640
v -0.01031080 -0.06150000 0.03780530
v -0.01031080 -0.06150000 0.03780530
v -0.01004860 -0.06150000 0.03746050
v -0.01004860 -0.06150000 0.03746050
v -0.00975080 -0.06150000 0.03714600
v -0.00975080 -0.06150000 0.03714600
v -0.00942070 -0.06150000 0.03686560
v -0.00942070 -0.06150000 0.03686560
v -0.00906222 -0.06150000 0.03662260
v -0.00906222 -0.06150000 0.03662260
v -0.00867956 -0.06150000 0.03641970
v -0.00867956 -0.06150000 0.03641970
v -0.00827721 -0.06150000 0.03625940
v -0.00827721 -0.06150000 0.03625940
v -0.00785988 -0.06150000 0.03614350
v -0.00785988 -0.06150000 0.03614350
v -0.00743248 -0.06150000 0.03607340
v -0.00743248 -0.06150000 0.03607340
v -0.00700000 -0.04150000 0.04405000
v -0.00700000 -0.04150000 0.04405000
v 0.00700000 -0.04150000 0.04405000
v 0.00700000 -0.04150000 0.04405000
v 0.00700000 -0.06150000 0.04405000
v 0.00700000 -0.06150000 0.04405000
v 0.00743248 -0.06150000 0.04402660
v 0.00743248 -0.06150000 0.04402660
v 0.00743248 -0.04150000 0.04402660
v 0.00743248 -0.04150000 0.04402660
v 0.00785988 -0.06150000 0.04395650
v 0.00785988 -0.06150000 0.04395650
v 0.00785988 -0.04150000 0.04395650
v 0.00785988 -0.04150000 0.04395650
v 0.00827721 -0.06150000 0.04384060
v 0.00827721 -0.06150000 0.04384060
v 0.00827721 -0.04150000 0.04384060
v 0.00827721 -0.04150000 0.04384060
v 0.00867956 -0.06150000 0.04368030
v 0.00867956 -0.06150000 0.04368030
v 0.00867956 -0.04150000 0.04368030
v 0.00867956 -0.04150000 0.04368030
v 0.00906222 -0.06150000 0.04347740
v 0.00906222 -0.06150000 0.04347740
v 0.00906222 -0.04150000 0.04347740
v 0.00906222 -0.04150000 0.04347740
v 0.00942070 -0.06150000 0.04323440
v 0.00942070 -0.06150000 0.04323440
v 0.00942070 -0.04150000 0.04323440
v 0.00942070 -0.04150000 0.04323440
v 0.00975080 -0.06150000 0.04295400
v 0.00975080 -0.06150000 0.04295400
v 0.00975080 -0.04150000 0.04295400
v 0.00975080 -0.04150000 0.04295400
v 0.01004860 -0.06150000 0.04263950
v 0.01004860 -0.06150000 0.04263950
v 0.01004860 -0.04150000 0.04263950
v 0.01004860 -0.04150000 0.04263950
v 0.01031080 -0.06150000 0.04229470
v 0.01031080 -0.06150000 0.04229470
v 0.01031080 -0.04150000 0.04229470
v 0.01031080 -0.04150000 0.04229470
v 0.01053400 -0.06150000 0.04192360
v 0.01053400 -0.06150000 0.04192360
v 0.01053400 -0.04150000 0.04192360
v 0.01053400 -0.04150000 0.04192360
v 0.01071590 -0.06150000 0.04153060
v 0.01071590 -0.06150000 0.04153060
v 0.01071590 -0.04150000 0.04153060
v 0.01071590 -0.04150000 0.04153060
v 0.01085420 -0.06150000 0.04112010
v 0.01085420 -0.06150000 0.04112010
v 0.01085420 -0.04150000 0.04112010
v 0.01085420 -0.04150000 0.04112010
v 0.01094730 -0.06150000 0.04069710
v 0.01094730 -0.06150000 0.04069710
v 0.01094730 -0.04150000 0.04069710
v 0.01094730 -0.04150000 0.04069710
v 0.01099410 -0.06150000 0.04026660
v 0.01099410 -0.06150000 0.04026660
v 0.00743248 -0.06150000 0.03607340
v 0.00743248 -0.06150000 0.03607340
v 0.00785988 -0.06150000 0.03614350
v 0.00785988 -0.06150000 0.03614350
v 0.00827721 -0.06150000 0.03625940
v 0.00827721 -0.06150000 0.03625940
v 0.00867956 -0.06150000 0.03641970
v 0.00867956 -0.06150000 0.03641970
v 0.00906222 -0.06150000 0.03662260
v 0.00906222 -0.06150000 0.03662260
v 0.00942070 -0.06150000 0.03686560
v 0.00942070 -0.06150000 0.03686560
v 0.00975080 -0.06150000 0.03714600
v 0.00975080 -0.06150000 0.03714600
v 0.01004860 -0.06150000 0.03746050
v 0.01004860 -0.06150000 0.03746050
v 0.01031080 -0.06150000 0.03780530
v 0.01031080 -0.06150000 0.03780530
v 0.01053400 -0.06150000 0.03817640
v 0.01053400 -0.06150000 0.03817640
v 0.01071590 -0.06150000 0.03856940
v 0.01071590 -0.06150000 0.03856940
v 0.01085420 -0.06150000 0.03897990
v 0.01085420 -0.06150000 0.03897990
v 0.01094730 -0.06150000 0.03940290
v 0.01094730 -0.06150000 0.03940290
v 0.01099410 -0.06150000 0.03983340
v 0.01099410 -0.06150000 0.03983340
v 0.01099410 -0.04150000 0.04026660
v 0.01099410 -0.04150000 0.04026660
v 0.01099410 -0.04150000 0.03983340
v 0.01099410 -0.04150000 0.03983340
v 0.01094730 -0.04150000 0.03940290
v 0.01094730 -0.04150000 0.03940290
v 0.01085420 -0.04150000 0.03897990
v 0.01085420 -0.04150000 0.03897990
v 0.01071590 -0.04150000 0.03856940
v 0.01071590 -0.04150000 0.03856940
v 0.01053400 -0.04150000 0.03817640
v 0.01053400 -0.04150000 0.03817640
v 0.01031080 -0.04150000 0.03780530
v 0.01031080 -0.04150000 0.03780530
v 0.01004860 -0.04150000 0.03746050
v 0.01004860 -0.04150000 0.03746050
v 0.00975080 -0.04150000 0.03714600
v 0.00975080 -0.04150000 0.03714600
v 0.00942070 -0.04150000 0.03686560
v 0.00942070 -0.04150000 0.03686560
v 0.00906222 -0.04150000 0.03662260
v 0.00906222 -0.04150000 0.03662260
v 0.00867956 -0.04150000 0.03641970
v 0.00867956 -0.04150000 0.03641970
v 0.00827721 -0.04150000 0.03625940
v 0.00827721 -0.04150000 0.03625940
v 0.00785988 -0.04150000 0.03614350
v 0.00785988 -0.04150000 0.03614350
v 0.00743248 -0.04150000 0.03607340
v 0.00743248 -0.04150000 0.03607340
v -0.00700000 -0.03950000 0.03805000
v -0.00700000 -0.03950000 0.03805000
v 0.00700000 -0.03950000 0.03805000
v 0.00700000 -0.03950000 0.03805000
v -0.00700000 -0.03950000 0.04205000
v -0.00700000 -0.03950000 0.04205000
v -0.00721624 -0.03950000 0.04203830
v -0.00721624 -0.03950000 0.04203830
v -0.00742994 -0.03950000 0.04200320
v -0.00742994 -0.03950000 0.04200320
v -0.00763860 -0.03950000 0.04194530
v -0.00763860 -0.03950000 0.04194530
v -0.00783978 -0.03950000 0.04186520
v -0.00783978 -0.03950000 0.04186520
v -0.00803111 -0.03950000 0.04176370
v -0.00803111 -0.03950000 0.04176370
v -0.00821035 -0.03950000 0.04164220
v -0.00821035 -0.03950000 0.04164220
v -0.00837540 -0.03950000 0.04150200
v -0.00837540 -0.03950000 0.04150200
v -0.00852432 -0.03950000 0.04134480
v -0.00852432 -0.03950000 0.04134480
v -0.00865538 -0.03950000 0.04117240
v -0.00865538 -0.03950000 0.04117240
v -0.00876702 -0.03950000 0.04098680
v -0.00876702 -0.03950000 0.04098680
v -0.00885795 -0.03950000 0.04079030
v -0.00885795 -0.03950000 0.04079030
v -0.00892710 -0.03950000 0.04058510
v -0.00892710 -0.03950000 0.04058510
v -0.00897365 -0.03950000 0.04037360
v -0.00897365 -0.03950000 0.04037360
v -0.00899707 -0.03950000 0.04015830
v -0.00899707 -0.03950000 0.04015830
v -0.00899707 -0.03950000 0.03994170
v -0.00899707 -0.03950000 0.03994170
v -0.00897365 -0.03950000 0.03972640
v -0.00897365 -0.03950000 0.03972640
v -0.00892710 -0.03950000 0.03951490
v -0.00892710 -0.03950000 0.03951490
v -0.00885795 -0.03950000 0.03930970
v -0.00885795 -0.03950000 0.03930970
v -0.00876702 -0.03950000 0.03911320
v -0.00876702 -0.03950000 0.03911320
v -0.00865538 -0.03950000 0.03892760
v -0.00865538 -0.03950000 0.03892760
v -0.00852432 -0.03950000 0.03875520
v -0.00852432 -0.03950000 0.03875520
v -0.00837540 -0.03950000 0.03859800
v -0.00837540 -0.03950000 0.03859800
v -0.00821035 -0.03950000 0.03845780
v -0.00821035 -0.03950000 0.03845780
v -0.00803111 -0.03950000 0.03833630
v -0.00803111 -0.03950000 0.03833630
v -0.00783978 -0.03950000 0.03823480
v -0.00783978 -0.03950000 0.03823480
v -0.00763860 -0.03950000 0.03815470
v -0.00763860 -0.03950000 0.03815470
v -0.00742994 -0.03950000 0.03809680
v -0.00742994 -0.03950000 0.03809680
v -0.00721624 -0.03950000 0.03806170
v -0.00721624 -0.03950000 0.03806170
v 0.00721624 -0.03950000 0.03806170
v 0.00721624 -0.03950000 0.03806170
v 0.00742994 -0.03950000 0.03809680
v 0.00742994 -0.03950000 0.03809680
v 0.00763860 -0.03950000 0.03815470
v 0.00763860 -0.03950000 0.03815470
v 0.00783978 -0.03950000 0.03823480
v 0.00783978 -0.03950000 0.03823480
v 0.00803111 -0.03950000 0.03833630
v 0.00803111 -0.03950000 0.03833630
v 0.00821035 -0.03950000 0.03845780
v 0.00821035 -0.03950000 0.03845780
v 0.00837540 -0.03950000 0.03859800
v 0.00837540 -0.03950000 0.03859800
v 0.00852432 -0.03950000 0.03875520
v 0.00852432 -0.03950000 0.03875520
v 0.00865538 -0.03950000 0.03892760
v 0.00865538 -0.03950000 0.03892760
v 0.00876702 -0.03950000 0.03911320
v 0.00876702 -0.03950000 0.03911320
v 0.00885795 -0.03950000 0.03930970
v 0.00885795 -0.03950000 0.03930970
v 0.00892710 -0.03950000 0.03951490
v 0.00892710 -0.03950000 0.03951490
v 0.00897365 -0.03950000 0.03972640
v 0.00897365 -0.03950000 0.03972640
v 0.00899707 -0.03950000 0.03994170
v 0.00899707 -0.03950000 0.03994170
v 0.00899707 -0.03950000 0.04015830
v 0.00899707 -0.03950000 0.04015830
v 0.00897365 -0.03950000 0.04037360
v 0.00897365 -0.03950000 0.04037360
v 0.00892710 -0.03950000 0.04058510
v 0.00892710 -0.03950000 0.04058510
v 0.00885795 -0.03950000 0.04079030
v 0.00885795 -0.03950000 0.04079030
v 0.00876702 -0.03950000 0.04098680
v 0.00876702 -0.03950000 0.04098680
v 0.00865538 -0.03950000 0.04117240
v 0.00865538 -0.03950000 0.04117240
v 0.00852432 -0.03950000 0.04134480
v 0.00852432 -0.03950000 0.04134480
v 0.00837540 -0.03950000 0.04150200
v 0.00837540 -0.03950000 0.04150200
v 0.00821035 -0.03950000 0.04164220
v 0.00821035 -0.03950000 0.04164220
v 0.00803111 -0.03950000 0.04176370
v 0.00803111 -0.03950000 0.04176370
v 0.00783978 -0.03950000 0.04186520
v 0.00783978 -0.03950000 0.04186520
v 0.00763860 -0.03950000 0.04194530
v 0.00763860 -0.03950000 0.04194530
v 0.00742994 -0.03950000 0.04200320
v 0.00742994 -0.03950000 0.04200320
v 0.00721624 -0.03950000 0.04203830
v 0.00721624 -0.03950000 0.04203830
v 0.00700000 -0.03950000 0.04205000
v 0.00700000 -0.03950000 0.04205000
v 0.00700000 -0.06350000 0.03805000
v 0.00700000 -0.06350000 0.03805000
v -0.00700000 -0.06350000 0.03805000
v -0.00700000 -0.06350000 0.03805000
v 0.00700000 -0.06350000 0.04205000
v 0.00700000 -0.06350000 0.04205000
v 0.00721624 -0.06350000 0.04203830
v 0.00721624 -0.06350000 0.04203830
v 0.00742994 -0.06350000 0.04200320
v 0.00742994 -0.06350000 0.04200320
v 0.00763860 -0.06350000 0.04194530
v 0.00763860 -0.06350000 0.04194530
v 0.00783978 -0.06350000 0.04186520
v 0.00783978 -0.06350000 0.04186520
v 0.00803111 -0.06350000 0.04176370
v 0.00803111 -0.06350000 0.04176370
v 0.00821035 -0.06350000 0.04164220
v 0.00821035 -0.06350000 0.04164220
v 0.00837540 -0.06350000 0.04150200
v 0.00837540 -0.06350000 0.04150200
v 0.00852432 -0.06350000 0.04134480
v 0.00852432 -0.06350000 0.04134480
v 0.00865538 -0.06350000 0.04117240
v 0.00865538 -0.06350000 0.04117240
v 0.00876702 -0.06350000 0.04098680
v 0.00876702 -0.06350000 0.04098680
v 0.00885795 -0.06350000 0.04079030
v 0.00885795 -0.06350000 0.04079030
v 0.00892710 -0.06350000 0.04058510
v 0.00892710 -0.06350000 0.04058510
v 0.00897365 -0.06350000 0.04037360
v 0.00897365 -0.06350000 0.04037360
v 0.00899707 -0.06350000 0.04015830
v 0.00899707 -0.06350000 0.04015830
v 0.00899707 -0.06350000 0.03994170
v 0.00899707 -0.06350000 0.03994170
v 0.00897365 -0.06350000 0.03972640
v 0.00897365 -0.06350000 0.03972640
v 0.00892710 -0.06350000 0.03951490
v 0.00892710 -0.06350000 0.03951490
v 0.00885795 -0.06350000 0.03930970
v 0.00885795 -0.06350000 0.03930970
v 0.00876702 -0.06350000 0.03911320
v 0.00876702 -0.06350000 0.03911320
v 0.00865538 -0.06350000 0.03892760
v 0.00865538 -0.06350000 0.03892760
v 0.00852432 -0.06350000 0.03875520
v 0.00852432 -0.06350000 0.03875520
v 0.00837540 -0.06350000 0.03859800
v 0.00837540 -0.06350000 0.03859800
v 0.00821035 -0.06350000 0.03845780
v 0.00821035 -0.06350000 0.03845780
v 0.00803111 -0.06350000 0.03833630
v 0.00803111 -0.06350000 0.03833630
v 0.00783978 -0.06350000 0.03823480
v 0.00783978 -0.06350000 0.03823480
v 0.00763860 -0.06350000 0.03815470
v 0.00763860 -0.06350000 0.03815470
v 0.00742994 -0.06350000 0.03809680
v 0.00742994 -0.06350000 0.03809680
v 0.00721624 -0.06350000 0.03806170
v 0.00721624 -0.06350000 0.03806170
v -0.00721624 -0.06350000 0.03806170
v -0.00721624 -0.06350000 0.03806170
v -0.00742994 -0.06350000 0.03809680
v -0.00742994 -0.06350000 0.03809680
v -0.00763860 -0.06350000 0.03815470
v -0.00763860 -0.06350000 0.03815470
v -0.00783978 -0.06350000 0.03823480
v -0.00783978 -0.06350000 0.03823480
v -0.00803111 -0.06350000 0.03833630
v -0.00803111 -0.06350000 0.03833630
v -0.00821035 -0.06350000 0.03845780
v -0.00821035 -0.06350000 0.03845780
v -0.00837540 -0.06350000 0.03859800
v -0.00837540 -0.06350000 0.03859800
v -0.00852432 -0.06350000 0.03875520
v -0.00852432 -0.06350000 0.03875520
v -0.00865538 -0.06350000 0.03892760
v -0.00865538 -0.06350000 0.03892760
v -0.00876702 -0.06350000 0.03911320
v -0.00876702 -0.06350000 0.03911320
v -0.00885795 -0.06350000 0.03930970
v -0.00885795 -0.06350000 0.03930970
v -0.00892710 -0.06350000 0.03951490
v -0.00892710 -0.06350000 0.03951490
v -0.00897365 -0.06350000 0.03972640
v -0.00897365 -0.06350000 0.03972640
v -0.00899707 -0.06350000 0.03994170
v -0.00899707 -0.06350000 0.03994170
v -0.00899707 -0.06350000 0.04015830
v -0.00899707 -0.06350000 0.04015830
v -0.00897365 -0.06350000 0.04037360
v -0.00897365 -0.06350000 0.04037360
v -0.00892710 -0.06350000 0.04058510
v -0.00892710 -0.06350000 0.04058510
v -0.00885795 -0.06350000 0.04079030
v -0.00885795 -0.06350000 0.04079030
v -0.00876702 -0.06350000 0.04098680
v -0.00876702 -0.06350000 0.04098680
v -0.00865538 -0.06350000 0.04117240
v -0.00865538 -0.06350000 0.04117240
v -0.00852432 -0.06350000 0.04134480
v -0.00852432 -0.06350000 0.04134480
v -0.00837540 -0.06350000 0.04150200
v -0.00837540 -0.06350000 0.04150200
v -0.00821035 -0.06350000 0.04164220
v -0.00821035 -0.06350000 0.04164220
v -0.00803111 -0.06350000 0.04176370
v -0.00803111 -0.06350000 0.04176370
v -0.00783978 -0.06350000 0.04186520
v -0.00783978 -0.06350000 0.04186520
v -0.00763860 -0.06350000 0.04194530
v -0.00763860 -0.06350000 0.04194530
v -0.00742994 -0.06350000 0.04200320
v -0.00742994 -0.06350000 0.04200320
v -0.00721624 -0.06350000 0.04203830
v -0.00721624 -0.06350000 0.04203830
v -0.00700000 -0.06350000 0.04205000
v -0.00700000 -0.06350000 0.04205000
f 1 4 6
f 1 7 9
f 12 6 14
f 9 4 1
f 16 18 20
f 16 21 24
f 6 12 1
f 7 26 20
f 24 18 16
f 21 28 29
f 32 34 35
f 32 38 39
f 20 9 7
f 29 24 21
f 41 44 45
f 47 50 44
f 52 54 50
f 52 55 58
f 60 62 63
f 60 65 68
f 70 72 74
f 70 76 77
f 79 81 84
f 81 85 88
f 85 89 92
f 89 93 96
f 97 100 96
f 97 102 104
f 102 105 107
f 105 109 35
f 39 34 32
f 38 112 14
f 20 26 16
f 28 113 116
f 117 120 121
f 117 124 125
f 128 129 125
f 128 132 45
f 44 41 47
f 58 54 52
f 134 136 58
f 134 137 140
f 68 62 60
f 65 141 144
f 146 147 149
f 147 152 74
f 77 72 70
f 76 153 156
f 88 84 81
f 96 92 89
f 104 100 97
f 35 107 105
f 14 39 38
f 116 29 28
f 158 159 116
f 158 162 121
f 125 120 117
f 45 129 128
f 50 47 52
f 140 136 134
f 163 63 140
f 144 68 65
f 141 146 165
f 74 149 147
f 156 77 76
f 153 167 170
f 92 88 85
f 107 104 102
f 14 112 12
f 121 159 158
f 125 124 128
f 58 55 134
f 63 163 60
f 149 165 146
f 170 156 153
f 172 173 170
f 175 177 179
f 175 181 183
f 186 187 183
f 189 192 187
f 194 195 192
f 194 197 199
f 202 204 205
f 202 207 210
f 96 93 97
f 116 113 158
f 45 132 41
f 165 144 141
f 170 167 172
f 172 212 213
f 215 179 213
f 183 177 175
f 187 186 189
f 199 195 194
f 197 218 220
f 218 222 223
f 226 228 223
f 226 229 205
f 210 204 202
f 207 79 231
f 35 109 32
f 140 137 163
f 213 173 172
f 179 215 175
f 192 189 194
f 223 220 218
f 205 228 226
f 231 210 207
f 121 162 117
f 213 212 215
f 220 199 197
f 205 229 202
f 74 152 70
f 223 222 226
f 183 181 186
f 84 231 79
f 234 56 51
f 48 235 238
f 238 51 48
f 235 48 42
f 240 42 131
f 241 131 127
f 243 127 123
f 246 123 118
f 247 118 161
f 161 157 250
f 157 251 250
f 251 157 114
f 254 114 27
f 255 27 22
f 258 22 15
f 259 15 25
f 262 25 8
f 264 8 2
f 265 2 11
f 268 11 111
f 270 111 37
f 271 37 31
f 110 274 275
f 275 31 110
f 274 110 106
f 278 106 101
f 280 101 98
f 281 98 94
f 283 94 90
f 286 90 86
f 86 82 287
f 82 290 287
f 290 82 80
f 291 80 208
f 201 294 295
f 295 208 201
f 294 201 230
f 298 230 225
f 299 225 221
f 301 221 217
f 304 217 198
f 306 198 193
f 193 190 307
f 190 309 307
f 309 190 185
f 311 185 182
f 314 182 176
f 316 176 216
f 317 216 211
f 319 211 171
f 322 171 168
f 323 168 154
f 325 154 75
f 328 75 69
f 330 69 151
f 148 331 333
f 333 151 148
f 331 148 145
f 335 145 142
f 338 142 66
f 340 66 59
f 342 59 164
f 343 164 138
f 138 133 345
f 133 347 345
f 347 133 56
f 56 234 347
f 345 350 138
f 138 350 343
f 164 343 342
f 59 342 340
f 66 340 338
f 142 338 335
f 145 335 331
f 333 352 151
f 151 352 330
f 69 330 328
f 75 328 325
f 154 325 323
f 168 323 322
f 171 322 319
f 211 319 317
f 216 317 316
f 176 316 314
f 182 314 311
f 185 311 309
f 307 353 193
f 193 353 306
f 198 306 304
f 217 304 301
f 221 301 299
f 225 299 298
f 230 298 294
f 295 355 208
f 208 355 291
f 80 291 290
f 287 358 86
f 86 358 286
f 90 286 283
f 94 283 281
f 98 281 280
f 101 280 278
f 106 278 274
f 275 359 31
f 31 359 271
f 37 271 270
f 111 270 268
f 11 268 265
f 2 265 264
f 8 264 262
f 25 262 259
f 15 259 258
f 22 258 255
f 27 255 254
f 114 254 251
f 250 362 161
f 161 362 247
f 118 247 246
f 123 246 243
f 127 243 241
f 131 241 240
f 42 240 235
f 238 364 51
f 51 364 234
f 365 368 57
f 369 365 135
f 372 369 139
f 373 372 64
f 375 373 61
f 378 375 67
f 379 378 143
f 382 379 166
f 383 382 150
f 386 383 73
f 387 386 71
f 390 387 78
f 391 390 155
f 394 391 169
f 395 394 174
f 397 395 214
f 400 397 180
f 401 400 178
f 404 401 184
f 406 404 188
f 407 406 191
f 410 407 196
f 411 410 200
f 414 411 219
f 415 414 224
f 418 415 227
f 419 418 206
f 422 419 203
f 423 422 209
f 426 423 232
f 427 426 83
f 430 427 87
f 431 430 91
f 434 431 95
f 435 434 99
f 437 435 103
f 440 437 108
f 441 440 36
f 444 441 33
f 445 444 40
f 448 445 13
f 449 448 5
f 452 449 3
f 454 452 10
f 455 454 19
f 458 455 17
f 459 458 23
f 462 459 30
f 463 462 115
f 466 463 160
f 467 466 122
f 469 467 119
f 472 469 126
f 473 472 130
f 476 473 46
f 477 476 43
f 480 477 49
f 368 480 53
f 53 57 368
f 49 53 480
f 43 49 477
f 46 43 476
f 130 46 473
f 126 130 472
f 119 126 469
f 122 119 467
f 160 122 466
f 115 160 463
f 30 115 462
f 23 30 459
f 17 23 458
f 19 17 455
f 10 19 454
f 3 10 452
f 5 3 449
f 13 5 448
f 40 13 445
f 33 40 444
f 36 33 441
f 108 36 440
f 103 108 437
f 99 103 435
f 95 99 434
f 91 95 431
f 87 91 430
f 83 87 427
f 232 83 426
f 209 232 423
f 203 209 422
f 206 203 419
f 227 206 418
f 224 227 415
f 219 224 414
f 200 219 411
f 196 200 410
f 191 196 407
f 188 191 406
f 184 188 404
f 178 184 401
f 180 178 400
f 214 180 397
f 174 214 395
f 169 174 394
f 155 169 391
f 78 155 390
f 71 78 387
f 73 71 386
f 150 73 383
f 166 150 382
f 143 166 379
f 67 143 378
f 61 67 375
f 64 61 373
f 139 64 372
f 135 139 369
f 57 135 365
f 432 433 482
f 433 436 483
f 429 486 487
f 429 432 490
f 483 482 433
f 436 438 491
f 388 493 496
f 388 389 497
f 396 398 500
f 399 501 500
f 490 486 429
f 491 483 436
f 376 503 506
f 377 507 503
f 385 496 510
f 497 493 388
f 392 512 497
f 392 393 513
f 393 396 516
f 500 398 399
f 482 490 432
f 438 439 518
f 442 519 518
f 442 443 522
f 374 506 523
f 503 376 377
f 496 385 388
f 513 512 392
f 500 516 396
f 402 525 501
f 424 425 527
f 425 428 487
f 518 491 438
f 522 519 442
f 447 530 531
f 447 450 534
f 366 536 537
f 366 370 540
f 506 374 376
f 380 541 507
f 381 544 541
f 381 384 510
f 497 389 392
f 501 399 402
f 403 545 525
f 403 405 548
f 487 527 425
f 518 439 442
f 446 531 522
f 534 530 447
f 451 550 534
f 453 551 550
f 456 553 551
f 456 457 556
f 460 558 556
f 460 461 559
f 540 536 366
f 370 371 523
f 507 377 380
f 510 544 381
f 516 513 393
f 548 545 403
f 408 562 548
f 408 409 563
f 412 566 563
f 412 413 567
f 413 416 570
f 416 417 571
f 487 428 429
f 531 446 447
f 550 451 453
f 556 553 456
f 559 558 460
f 461 464 574
f 474 575 578
f 474 475 579
f 479 582 583
f 479 367 537
f 523 540 370
f 541 380 381
f 525 402 403
f 563 562 408
f 567 566 412
f 571 570 416
f 420 586 571
f 420 421 587
f 522 443 446
f 551 453 456
f 574 559 461
f 464 465 590
f 468 591 590
f 468 470 594
f 471 578 594
f 579 575 474
f 478 583 579
f 537 582 479
f 523 371 374
f 548 405 408
f 570 567 413
f 587 586 420
f 534 450 451
f 590 574 464
f 594 591 468
f 578 471 474
f 583 478 479
f 510 384 385
f 571 417 420
f 421 424 595
f 556 457 460
f 594 470 471
f 537 367 366
f 595 587 421
f 590 465 468
f 563 409 412
f 579 475 478
f 527 595 424
f 598 599 538
f 602 598 535
f 603 602 539
f 606 603 524
f 607 606 505
f 610 607 504
f 611 610 508
f 614 611 542
f 615 614 543
f 618 615 509
f 619 618 495
f 622 619 494
f 623 622 498
f 626 623 511
f 627 626 514
f 630 627 515
f 631 630 499
f 634 631 502
f 635 634 526
f 638 635 546
f 639 638 547
f 642 639 561
f 644 642 564
f 645 644 565
f 647 645 568
f 650 647 569
f 651 650 572
f 654 651 585
f 655 654 588
f 658 655 596
f 659 658 528
f 662 659 488
f 663 662 485
f 665 663 489
f 668 665 481
f 669 668 484
f 672 669 492
f 673 672 517
f 676 673 520
f 677 676 521
f 680 677 532
f 682 680 529
f 683 682 533
f 686 683 549
f 687 686 552
f 690 687 554
f 691 690 555
f 693 691 557
f 696 693 560
f 697 696 573
f 700 697 589
f 701 700 592
f 704 701 593
f 706 704 577
f 707 706 576
f 709 707 580
f 711 709 584
f 599 711 581
f 581 538 599
f 584 581 711
f 580 584 709
f 576 580 707
f 577 576 706
f 593 577 704
f 592 593 701
f 589 592 700
f 573 589 697
f 560 573 696
f 557 560 693
f 555 557 691
f 554 555 690
f 552 554 687
f 549 552 686
f 533 549 683
f 529 533 682
f 532 529 680
f 521 532 677
f 520 521 676
f 517 520 673
f 492 517 672
f 484 492 669
f 481 484 668
f 489 481 665
f 485 489 663
f 488 485 662
f 528 488 659
f 596 528 658
f 588 596 655
f 585 588 654
f 572 585 651
f 569 572 650
f 568 569 647
f 565 568 645
f 564 565 644
f 561 564 642
f 547 561 639
f 546 547 638
f 526 546 635
f 502 526 634
f 499 502 631
f 515 499 630
f 514 515 627
f 511 514 626
f 498 511 623
f 494 498 622
f 495 494 619
f 509 495 618
f 543 509 615
f 542 543 614
f 508 542 611
f 504 508 610
f 505 504 607
f 524 505 606
f 539 524 603
f 535 539 602
f 538 535 598
f 714 715 718
f 715 719 722
f 723 726 727
f 726 730 732
f 722 718 715
f 734 735 719
f 738 739 735
f 723 742 739
f 732 727 726
f 730 744 745
f 744 748 749
f 748 752 753
f 1391 755 757
f 714 760 761
f 719 715 734
f 739 738 723
f 745 732 730
f 753 749 748
f 764 765 768
f 1391 769 772
f 1391 773 775
f 757 777 1391
f 714 779 760
f 714 782 784
f 714 786 787
f 735 734 738
f 749 745 744
f 764 790 765
f 1391 791 790
f 1391 793 769
f 1391 795 773
f 777 797 1391
f 1391 714 799
f 714 801 779
f 784 803 714
f 787 805 714
f 727 742 723
f 808 809 812
f 790 764 1391
f 1391 814 793
f 1391 816 817
f 797 795 1391
f 714 819 799
f 803 801 714
f 718 786 714
f 752 821 824
f 821 825 827
f 825 808 830
f 809 831 812
f 764 833 835
f 1391 837 791
f 817 814 1391
f 799 755 1391
f 805 782 714
f 827 824 821
f 812 830 808
f 764 840 841
f 764 843 833
f 772 837 1391
f 761 819 714
f 830 827 825
f 845 847 850
f 764 851 840
f 764 854 855
f 768 843 764
f 824 753 752
f 858 850 831
f 850 858 845
f 764 860 862
f 855 851 764
f 775 816 1391
f 845 863 847
f 841 860 764
f 831 809 858
f 764 847 863
f 835 854 764
f 862 847 764
f 867 868 870
f 872 874 868
f 877 870 879
f 868 867 872
f 870 877 867
f 872 881 882
f 882 874 872
f 881 885 887
f 889 890 892
f 889 895 896
f 889 898 901
f 887 882 881
f 885 903 905
f 903 907 908
f 889 910 907
f 889 913 890
f 889 915 895
f 901 917 889
f 1391 918 920
f 764 923 925
f 764 926 929
f 764 930 933
f 905 887 885
f 907 903 889
f 896 913 889
f 917 934 889
f 1391 937 939
f 920 940 1391
f 1391 764 942
f 929 923 764
f 933 944 764
f 908 905 903
f 934 915 889
f 889 1391 947
f 1391 949 951
f 1391 952 954
f 939 956 1391
f 942 918 1391
f 944 926 764
f 764 958 961
f 958 964 966
f 968 969 972
f 892 910 889
f 947 974 889
f 954 949 1391
f 956 975 1391
f 1391 977 979
f 925 942 764
f 961 982 764
f 966 983 958
f 986 988 989
f 972 991 968
f 993 995 969
f 997 1000 995
f 1002 1003 1000
f 1005 1008 1003
f 1009 879 1008
f 974 898 889
f 975 952 1391
f 940 977 1391
f 983 961 958
f 1012 958 986
f 988 991 1014
f 969 968 993
f 1000 997 1002
f 1008 1005 1009
f 951 947 1391
f 982 930 764
f 958 1012 1015
f 1014 989 988
f 995 993 997
f 879 1009 877
f 1015 964 958
f 972 1014 991
f 979 937 1391
f 1003 1002 1005
f 764 1017 958
f 1020 637 640
f 1020 633 636
f 636 637 1020
f 1020 1391 628
f 1023 666 667
f 1024 1027 1028
f 1031 1032 1027
f 1020 632 633
f 628 629 1020
f 1391 621 624
f 1391 617 620
f 1023 664 666
f 1023 660 661
f 1035 1036 1038
f 1041 1028 1043
f 1027 1024 1031
f 1044 1020 652
f 1020 646 648
f 1020 641 643
f 629 632 1020
f 620 621 1391
f 1391 613 616
f 1023 670 671
f 661 664 1023
f 1023 653 656
f 1047 1049 678
f 1051 1035 1053
f 1036 1043 1038
f 1028 1041 1024
f 1020 649 652
f 643 646 1020
f 1391 625 628
f 616 617 1391
f 667 670 1023
f 656 657 1023
f 1055 652 653
f 679 1057 1047
f 1038 1053 1035
f 1031 1058 1032
f 1031 1060 1063
f 648 649 1020
f 624 625 1391
f 1391 609 612
f 1391 605 608
f 657 660 1023
f 653 1023 1064
f 675 1049 1023
f 1057 681 684
f 678 679 1047
f 1067 1057 685
f 889 1068 1071
f 889 1072 1075
f 1076 1078 1081
f 1076 1083 1084
f 1086 1089 1090
f 1093 1094 1089
f 1096 1098 1100
f 1098 1051 1102
f 1043 1036 1041
f 1031 1105 1060
f 640 641 1020
f 608 609 1391
f 1391 601 604
f 653 1064 1055
f 1023 674 675
f 679 681 1057
f 685 688 1067
f 889 698 699
f 1071 695 889
f 889 1107 1108
f 889 1110 1072
f 1076 1113 1078
f 1076 1114 1083
f 1089 1086 1093
f 1093 1117 1118
f 1117 1120 1123
f 1120 1125 1127
f 1102 1100 1098
f 1063 1058 1031
f 1031 1020 1128
f 1020 1130 1133
f 612 613 1391
f 1391 597 601
f 1067 689 692
f 675 678 1049
f 688 689 1067
f 889 705 708
f 889 702 703
f 695 698 889
f 1075 1107 889
f 889 1134 1137
f 1084 1113 1076
f 1139 1090 1114
f 1118 1094 1093
f 1127 1123 1120
f 1053 1102 1051
f 1020 1140 1128
f 1020 1142 1145
f 1020 1044 1130
f 604 605 1391
f 692 694 1067
f 684 685 1057
f 695 1071 1146
f 889 712 600
f 708 710 889
f 699 702 889
f 1137 1110 889
f 889 1081 1148
f 1114 1076 1139
f 1123 1118 1117
f 1125 1151 1153
f 1151 1096 1154
f 1128 1105 1031
f 1020 1157 1158
f 1133 1142 1020
f 1391 600 597
f 652 1055 1161
f 671 674 1023
f 1146 1162 695
f 710 712 889
f 889 1164 1068
f 1148 1134 889
f 1090 1139 1086
f 1154 1153 1151
f 1158 1140 1020
f 652 1166 1044
f 1161 1168 652
f 1162 1067 695
f 703 705 889
f 1081 889 1076
f 1100 1154 1096
f 1168 1166 652
f 600 1391 889
f 1153 1127 1125
f 694 695 1067
f 1145 1157 1020
f 1170 1173 1175
f 1173 1170 1177
f 1178 1181 1182
f 1175 1185 1170
f 1187 1189 1191
f 1189 1192 1194
f 1197 1198 1201
f 1173 1202 1205
f 1177 1206 1173
f 1185 1178 1170
f 1194 1191 1189
f 1209 1210 1213
f 1214 1217 1210
f 1218 1221 1222
f 1218 1224 1226
f 1197 1229 1230
f 1197 1233 1198
f 1233 1197 1234
f 1237 1238 1241
f 1205 1242 1173
f 1182 1170 1178
f 1391 1244 1247
f 1020 1249 1244
f 1020 1187 1250
f 1187 1253 1255
f 1191 1256 1187
f 1192 1258 1260
f 1263 1264 1267
f 1210 1209 1214
f 1268 1222 1217
f 1226 1221 1218
f 1224 1270 1273
f 1197 1274 1229
f 1234 1276 1233
f 1237 1278 1238
f 1237 1280 1282
f 1173 1284 1286
f 1206 1202 1173
f 1391 1288 1290
f 1391 1293 1294
f 1391 1296 1299
f 1244 1391 1020
f 1020 1301 1303
f 1255 1250 1187
f 1260 1194 1192
f 1267 1258 1263
f 1304 1306 1264
f 1217 1214 1268
f 1273 1226 1224
f 1308 1312 1313
f 1308 1316 1317
f 1201 1274 1197
f 1282 1278 1237
f 1242 1284 1173
f 1391 1319 1288
f 1391 1321 1293
f 1391 1324 1325
f 1299 1328 1391
f 1020 1329 1249
f 1020 1332 1333
f 1020 1336 1337
f 1020 1340 1301
f 1020 1341 1344
f 1256 1253 1187
f 1264 1263 1304
f 1345 1348 1306
f 1349 1352 1348
f 1222 1268 1218
f 1270 1353 1356
f 1353 1313 1357
f 1317 1312 1308
f 1241 1197 1237
f 1237 1173 1359
f 1286 1361 1173
f 1294 1319 1391
f 1328 1324 1391
f 1020 1363 1329
f 1337 1332 1020
f 1344 1340 1020
f 1267 1260 1258
f 1348 1345 1349
f 1366 1213 1352
f 1356 1273 1270
f 1313 1353 1308
f 1308 1368 1370
f 1308 1371 1373
f 1308 1376 1377
f 1237 1380 1280
f 1361 1359 1173
f 1325 1321 1391
f 1333 1363 1020
f 1250 1341 1020
f 1352 1349 1366
f 1357 1356 1353
f 1373 1368 1308
f 1377 1382 1308
f 1308 1290 1383
f 1359 1380 1237
f 1308 1173 1237
f 1247 1296 1391
f 1306 1304 1345
f 1370 1316 1308
f 1383 1376 1308
f 1237 1386 1308
f 1303 1336 1020
f 1382 1371 1308
f 1386 1290 1308
f 1213 1366 1209
f 1290 714 1391
f 1230 1237 1197
f 1386 714 1290
f 1108 1164 889
f 989 1012 986
f 863 1388 764
f 1393 1360 1362
f 1395 1362 1287
f 1396 1287 1285
f 1399 1285 1243
f 1400 1243 1204
f 1204 1203 1403
f 1203 1404 1403
f 1404 1203 1207
f 1407 1207 1176
f 1171 1408 1411
f 1411 1176 1171
f 1408 1171 1183
f 1412 1183 1180
f 1415 1180 1179
f 1416 1179 1184
f 1419 1184 1174
f 1420 1174 1172
f 1172 1422 1420
f 1174 1420 1419
f 1184 1419 1416
f 1179 1416 1415
f 1180 1415 1412
f 1183 1412 1408
f 1411 1424 1176
f 1176 1424 1407
f 1207 1407 1404
f 1403 1427 1204
f 1204 1427 1400
f 1243 1400 1399
f 1285 1399 1396
f 1287 1396 1395
f 1362 1395 1393
f 1379 1428 1430
f 1281 1430 1433
f 1283 1433 1434
f 1279 1434 1437
f 1239 1437 1438
f 1240 1438 1440
f 1440 1196 1240
f 1196 1443 1445
f 1235 1445 1446
f 1277 1446 1449
f 1449 1232 1277
f 1232 1450 1453
f 1199 1453 1454
f 1200 1454 1457
f 1275 1457 1458
f 1228 1458 1460
f 1231 1460 1462
f 1462 1236 1231
f 1460 1231 1228
f 1458 1228 1275
f 1457 1275 1200
f 1454 1200 1199
f 1453 1199 1232
f 1449 1450 1232
f 1446 1277 1235
f 1445 1235 1196
f 1440 1443 1196
f 1438 1240 1239
f 1437 1239 1279
f 1434 1279 1283
f 1433 1283 1281
f 1430 1281 1379
f 959 1465 1468
f 985 1468 1469
f 987 1469 1472
f 992 1472 1474
f 967 1474 1475
f 994 1475 1478
f 998 1478 1479
f 1001 1479 1482
f 1006 1482 1483
f 1010 1483 1486
f 1486 876 1010
f 876 1487 1490
f 866 1490 1491
f 873 1491 1494
f 880 1494 1495
f 884 1495 1498
f 1498 902 884
f 1495 884 880
f 1494 880 873
f 1491 873 866
f 1490 866 876
f 1486 1487 876
f 1483 1010 1006
f 1482 1006 1001
f 1479 1001 998
f 1478 998 994
f 1475 994 967
f 1474 967 992
f 1472 992 987
f 1469 987 985
f 1468 985 959
f 888 1499 1502
f 1502 1077 888
f 1498 1499 888
f 888 902 1498
f 1502 1503 1077
f 1077 1503 1505
f 1138 1505 1507
f 1087 1507 1510
f 1092 1510 1512
f 1116 1512 1514
f 1124 1121 1515
f 1121 1514 1515
f 1124 1517 1520
f 1150 1520 1521
f 1097 1521 1524
f 1099 1524 1526
f 1050 1526 1527
f 1034 1527 1530
f 1037 1530 1531
f 1040 1531 1534
f 1025 1534 1535
f 1535 1030 1025
f 1534 1025 1040
f 1531 1040 1037
f 1530 1037 1034
f 1527 1034 1050
f 1526 1050 1099
f 1524 1099 1097
f 1521 1097 1150
f 1520 1150 1124
f 1515 1517 1124
f 1514 1121 1116
f 1512 1116 1092
f 1510 1092 1087
f 1507 1087 1138
f 1505 1138 1077
f 1537 1540 1021
f 1540 1186 1021
f 1021 1030 1537
f 1030 1535 1537
f 1540 1541 1186
f 1186 1541 1544
f 1188 1544 1545
f 1193 1545 1548
f 1259 1548 1549
f 1262 1549 1552
f 1305 1552 1553
f 1346 1553 1556
f 1350 1556 1558
f 1365 1558 1559
f 1559 1208 1365
f 1208 1562 1563
f 1563 1215 1208
f 1215 1566 1567
f 1269 1567 1570
f 1219 1570 1571
f 1225 1571 1574
f 1271 1574 1575
f 1575 1354 1271
f 1574 1271 1225
f 1571 1225 1219
f 1570 1219 1269
f 1567 1269 1215
f 1563 1566 1215
f 1559 1562 1208
f 1558 1365 1350
f 1556 1350 1346
f 1553 1346 1305
f 1552 1305 1262
f 1549 1262 1259
f 1548 1259 1193
f 1545 1193 1188
f 1544 1188 1186
f 1354 1575 1577
f 1577 1310 1354
f 1309 1578 1422
f 1422 1172 1309
f 1360 1393 1428
f 1428 1379 1360
f 1580 1387 1236
f 1236 1462 1580
f 1584 716 713
f 713 1581 1584
f 713 1385 1581
f 716 1584 1585
f 733 1585 1588
f 737 1588 1589
f 724 1589 1592
f 725 1592 1593
f 743 729 1596
f 729 1593 1596
f 747 743 1597
f 743 1600 1597
f 747 1601 1604
f 751 1604 1605
f 822 1605 1608
f 826 1608 1609
f 807 1609 1612
f 810 1612 1613
f 857 1613 1616
f 846 1616 1617
f 1617 865 846
f 1616 846 857
f 1613 857 810
f 1612 810 807
f 1609 807 826
f 1608 826 822
f 1605 822 751
f 1604 751 747
f 1597 1601 747
f 1596 1600 743
f 1593 729 725
f 1592 725 724
f 1589 724 737
f 1588 737 733
f 1585 733 716
f 849 848 1621
f 832 849 1623
f 811 832 1625
f 829 811 1626
f 828 829 1629
f 823 828 1630
f 754 823 1633
f 750 754 1634
f 746 750 1637
f 731 746 1638
f 728 731 1641
f 741 728 1642
f 740 741 1645
f 736 740 1646
f 720 736 1649
f 721 720 1650
f 717 721 1653
f 785 717 1654
f 788 785 1657
f 806 788 1659
f 781 806 1660
f 783 781 1663
f 804 783 1664
f 802 804 1667
f 780 802 1668
f 759 780 1671
f 762 759 1672
f 820 762 1674
f 800 820 1676
f 756 800 1678
f 758 756 1680
f 778 758 1682
f 798 778 1684
f 796 798 1686
f 774 796 1689
f 776 774 1690
f 815 776 1693
f 818 815 1694
f 813 818 1697
f 794 813 1698
f 770 794 1701
f 771 770 1702
f 838 771 1704
f 792 838 1706
f 789 792 1709
f 766 789 1711
f 767 766 1712
f 844 767 1714
f 834 844 1716
f 836 834 1718
f 853 836 1721
f 856 853 1722
f 852 856 1724
f 839 852 1727
f 842 839 1728
f 859 842 1731
f 861 859 1733
f 848 861 1735
f 1735 1621 848
f 1733 1735 861
f 1731 1733 859
f 1728 1731 842
f 1727 1728 839
f 1724 1727 852
f 1722 1724 856
f 1721 1722 853
f 1718 1721 836
f 1716 1718 834
f 1714 1716 844
f 1712 1714 767
f 1711 1712 766
f 1709 1711 789
f 1706 1709 792
f 1704 1706 838
f 1702 1704 771
f 1701 1702 770
f 1698 1701 794
f 1697 1698 813
f 1694 1697 818
f 1693 1694 815
f 1690 1693 776
f 1689 1690 774
f 1686 1689 796
f 1684 1686 798
f 1682 1684 778
f 1680 1682 758
f 1678 1680 756
f 1676 1678 800
f 1674 1676 820
f 1672 1674 762
f 1671 1672 759
f 1668 1671 780
f 1667 1668 802
f 1664 1667 804
f 1663 1664 783
f 1660 1663 781
f 1659 1660 806
f 1657 1659 788
f 1654 1657 785
f 1653 1654 717
f 1650 1653 721
f 1649 1650 720
f 1646 1649 736
f 1645 1646 740
f 1642 1645 741
f 1641 1642 728
f 1638 1641 731
f 1637 1638 746
f 1634 1637 750
f 1633 1634 754
f 1630 1633 823
f 1629 1630 828
f 1626 1629 829
f 1625 1626 811
f 1623 1625 832
f 1621 1623 849
f 1384 1291 1737
f 1375 1384 1739
f 1378 1375 1741
f 1381 1378 1742
f 1372 1381 1745
f 1374 1372 1747
f 1367 1374 1749
f 1369 1367 1751
f 1315 1369 1753
f 1318 1315 1754
f 1311 1318 1757
f 1314 1311 1758
f 1358 1314 1761
f 1355 1358 1762
f 1272 1355 1765
f 1227 1272 1766
f 1220 1227 1769
f 1223 1220 1770
f 1216 1223 1773
f 1211 1216 1774
f 1212 1211 1777
f 1351 1212 1778
f 1347 1351 1781
f 1307 1347 1782
f 1265 1307 1784
f 1266 1265 1787
f 1261 1266 1788
f 1195 1261 1790
f 1190 1195 1793
f 1257 1190 1794
f 1252 1257 1797
f 1254 1252 1799
f 1251 1254 1800
f 1342 1251 1803
f 1343 1342 1804
f 1339 1343 1806
f 1300 1339 1809
f 1302 1300 1810
f 1335 1302 1813
f 1338 1335 1814
f 1331 1338 1817
f 1334 1331 1818
f 1364 1334 1821
f 1330 1364 1823
f 1248 1330 1824
f 1245 1248 1827
f 1246 1245 1828
f 1297 1246 1830
f 1298 1297 1832
f 1327 1298 1834
f 1323 1327 1837
f 1326 1323 1839
f 1322 1326 1840
f 1292 1322 1843
f 1295 1292 1844
f 1320 1295 1847
f 1289 1320 1848
f 1291 1289 1850
f 1850 1737 1291
f 1848 1850 1289
f 1847 1848 1320
f 1844 1847 1295
f 1843 1844 1292
f 1840 1843 1322
f 1839 1840 1326
f 1837 1839 1323
f 1834 1837 1327
f 1832 1834 1298
f 1830 1832 1297
f 1828 1830 1246
f 1827 1828 1245
f 1824 1827 1248
f 1823 1824 1330
f 1821 1823 1364
f 1818 1821 1334
f 1817 1818 1331
f 1814 1817 1338
f 1813 1814 1335
f 1810 1813 1302
f 1809 1810 1300
f 1806 1809 1339
f 1804 1806 1343
f 1803 1804 1342
f 1800 1803 1251
f 1799 1800 1254
f 1797 1799 1252
f 1794 1797 1257
f 1793 1794 1190
f 1790 1793 1195
f 1788 1790 1261
f 1787 1788 1266
f 1784 1787 1265
f 1782 1784 1307
f 1781 1782 1347
f 1778 1781 1351
f 1777 1778 1212
f 1774 1777 1211
f 1773 1774 1216
f 1770 1773 1223
f 1769 1770 1220
f 1766 1769 1227
f 1765 1766 1272
f 1762 1765 1355
f 1761 1762 1358
f 1758 1761 1314
f 1757 1758 1311
f 1754 1757 1318
f 1753 1754 1315
f 1751 1753 1369
f 1749 1751 1367
f 1747 1749 1374
f 1745 1747 1372
f 1742 1745 1381
f 1741 1742 1378
f 1739 1741 1375
f 1737 1739 1384
f 1016 1011 1853
f 963 1016 1854
f 965 963 1857
f 984 965 1858
f 962 984 1860
f 981 962 1862
f 931 981 1865
f 932 931 1867
f 945 932 1869
f 927 945 1870
f 928 927 1872
f 922 928 1875
f 924 922 1877
f 943 924 1878
f 919 943 1881
f 921 919 1883
f 941 921 1884
f 978 941 1886
f 980 978 1889
f 936 980 1890
f 938 936 1893
f 957 938 1894
f 976 957 1897
f 953 976 1898
f 955 953 1900
f 948 955 1902
f 950 948 1905
f 946 950 1907
f 973 946 1908
f 899 973 1911
f 900 899 1913
f 916 900 1915
f 935 916 1917
f 914 935 1918
f 894 914 1921
f 897 894 1922
f 912 897 1925
f 891 912 1927
f 893 891 1929
f 911 893 1930
f 906 911 1933
f 909 906 1934
f 904 909 1937
f 886 904 1938
f 883 886 1941
f 875 883 1942
f 869 875 1945
f 871 869 1946
f 878 871 1949
f 1007 878 1951
f 1004 1007 1952
f 999 1004 1955
f 996 999 1956
f 970 996 1959
f 971 970 1960
f 1013 971 1963
f 990 1013 1965
f 1011 990 1966
f 1966 1853 1011
f 1965 1966 990
f 1963 1965 1013
f 1960 1963 971
f 1959 1960 970
f 1956 1959 996
f 1955 1956 999
f 1952 1955 1004
f 1951 1952 1007
f 1949 1951 878
f 1946 1949 871
f 1945 1946 869
f 1942 1945 875
f 1941 1942 883
f 1938 1941 886
f 1937 1938 904
f 1934 1937 909
f 1933 1934 906
f 1930 1933 911
f 1929 1930 893
f 1927 1929 891
f 1925 1927 912
f 1922 1925 897
f 1921 1922 894
f 1918 1921 914
f 1917 1918 935
f 1915 1917 916
f 1913 1915 900
f 1911 1913 899
f 1908 1911 973
f 1907 1908 946
f 1905 1907 950
f 1902 1905 948
f 1900 1902 955
f 1898 1900 953
f 1897 1898 976
f 1894 1897 957
f 1893 1894 938
f 1890 1893 936
f 1889 1890 980
f 1886 1889 978
f 1884 1886 941
f 1883 1884 921
f 1881 1883 919
f 1878 1881 943
f 1877 1878 924
f 1875 1877 922
f 1872 1875 928
f 1870 1872 927
f 1869 1870 945
f 1867 1869 932
f 1865 1867 931
f 1862 1865 981
f 1860 1862 962
f 1858 1860 984
f 1857 1858 965
f 1854 1857 963
f 1853 1854 1016
f 1069 1165 1969
f 1070 1069 1970
f 1147 1070 1973
f 1163 1147 1974
f 1066 1163 1977
f 1056 1066 1978
f 1046 1056 1981
f 1048 1046 1982
f 1022 1048 1985
f 1065 1022 1986
f 1054 1065 1989
f 1160 1054 1991
f 1169 1160 1992
f 1167 1169 1995
f 1045 1167 1997
f 1131 1045 1998
f 1132 1131 2001
f 1143 1132 2003
f 1144 1143 2004
f 1156 1144 2007
f 1159 1156 2008
f 1141 1159 2011
f 1129 1141 2012
f 1104 1129 2015
f 1061 1104 2016
f 1062 1061 2019
f 1059 1062 2020
f 1033 1059 2023
f 1026 1033 2024
f 1029 1026 2027
f 1042 1029 2028
f 1039 1042 2031
f 1052 1039 2032
f 1103 1052 2035
f 1101 1103 2036
f 1155 1101 2039
f 1152 1155 2040
f 1126 1152 2042
f 1122 1126 2045
f 1119 1122 2046
f 1095 1119 2048
f 1088 1095 2051
f 1091 1088 2052
f 1115 1091 2055
f 1082 1115 2056
f 1085 1082 2059
f 1112 1085 2060
f 1079 1112 2063
f 1080 1079 2065
f 1149 1080 2066
f 1135 1149 2069
f 1136 1135 2070
f 1111 1136 2073
f 1073 1111 2075
f 1074 1073 2076
f 1106 1074 2079
f 1109 1106 2080
f 1165 1109 2083
f 2083 1969 1165
f 2080 2083 1109
f 2079 2080 1106
f 2076 2079 1074
f 2075 2076 1073
f 2073 2075 1111
f 2070 2073 1136
f 2069 2070 1135
f 2066 2069 1149
f 2065 2066 1080
f 2063 2065 1079
f 2060 2063 1112
f 2059 2060 1085
f 2056 2059 1082
f 2055 2056 1115
f 2052 2055 1091
f 2051 2052 1088
f 2048 2051 1095
f 2046 2048 1119
f 2045 2046 1122
f 2042 2045 1126
f 2040 2042 1152
f 2039 2040 1155
f 2036 2039 1101
f 2035 2036 1103
f 2032 2035 1052
f 2031 2032 1039
f 2028 2031 1042
f 2027 2028 1029
f 2024 2027 1026
f 2023 2024 1033
f 2020 2023 1059
f 2019 2020 1062
f 2016 2019 1061
f 2015 2016 1104
f 2012 2015 1129
f 2011 2012 1141
f 2008 2011 1159
f 2007 2008 1156
f 2004 2007 1144
f 2003 2004 1143
f 2001 2003 1132
f 1998 2001 1131
f 1997 1998 1045
f 1995 1997 1167
f 1992 1995 1169
f 1991 1992 1160
f 1989 1991 1054
f 1986 1989 1065
f 1985 1986 1022
f 1982 1985 1048
f 1981 1982 1046
f 1978 1981 1056
f 1977 1978 1066
f 1974 1977 1163
f 1973 1974 1147
f 1970 1973 1070
f 1969 1970 1069
f 960 1019 2085
f 2088 2089 2085
f 2085 1019 2088
f 2085 1466 960
f 2092 1389 2095
f 864 1619 2095
f 2095 1389 864
f 2095 2096 2092
f 2098 2101 2102
f 2098 2105 2106
f 2098 2109 2101
f 2106 2110 2098
f 2110 2109 2098
f 2098 2113 2114
f 2116 2119 2120
f 2102 2122 2098
f 2098 2125 2113
f 2120 2127 2116
f 2116 2128 2130
f 2116 2133 2134
f 2098 2137 2105
f 2098 2138 2125
f 2098 2141 2142
f 2116 2145 2119
f 2116 2146 2149
f 2116 2150 2128
f 2116 2153 2133
f 2114 2137 2098
f 2098 2090 2141
f 2149 2145 2116
f 2116 2155 2156
f 2134 2150 2116
f 2142 2138 2098
f 2156 2146 2116
f 2116 2159 2153
f 2098 2086 2090
f 2161 2159 2116
f 2130 2155 2116
f 2116 2098 2161
f 2127 2097 2116
f 2097 2093 2116
f 2122 2161 2098
f 2162 2164 2167
f 2162 2169 2164
f 2169 2162 2170
f 763 2172 2175
f 763 2177 2178
f 2180 2183 2185
f 2170 2187 2169
f 763 2188 2172
f 2178 2190 763
f 763 2193 2194
f 2185 2197 2180
f 2198 2180 2162
f 2190 2188 763
f 763 2091 2193
f 2180 2200 2202
f 2197 2205 2180
f 2167 2198 2162
f 2175 2207 763
f 763 2208 2210
f 763 2213 2214
f 2194 2217 763
f 2202 2218 2180
f 2198 2183 2180
f 2210 2177 763
f 2217 2213 763
f 2205 2200 2180
f 2214 2208 763
f 2218 2087 2180
f 2180 1018 763
f 763 1390 2091
f 763 2221 2180
f 2087 1018 2180
f 2207 2221 763
f 2092 2096 2126
f 2192 2126 2121
f 2195 2121 2118
f 2216 2118 2144
f 2212 2144 2148
f 2215 2148 2147
f 2209 2147 2157
f 2211 2157 2154
f 2176 2154 2131
f 2179 2131 2129
f 2191 2129 2151
f 2189 2151 2135
f 2173 2135 2132
f 2174 2132 2152
f 2206 2152 2158
f 2158 2220 2206
f 2152 2206 2174
f 2132 2174 2173
f 2135 2173 2189
f 2151 2189 2191
f 2129 2191 2179
f 2131 2179 2176
f 2154 2176 2211
f 2157 2211 2209
f 2147 2209 2215
f 2148 2215 2212
f 2144 2212 2216
f 2118 2216 2195
f 2121 2195 2192
f 2126 2192 2092
f 2089 2088 2219
f 2140 2219 2203
f 2143 2203 2201
f 2139 2201 2204
f 2124 2204 2196
f 2112 2196 2184
f 2115 2184 2182
f 2136 2182 2199
f 2104 2199 2166
f 2107 2166 2165
f 2111 2165 2168
f 2108 2168 2186
f 2100 2186 2171
f 2103 2171 2163
f 2123 2163 2181
f 2181 2160 2123
f 2163 2123 2103
f 2171 2103 2100
f 2186 2100 2108
f 2168 2108 2111
f 2165 2111 2107
f 2166 2107 2104
f 2199 2104 2136
f 2182 2136 2115
f 2184 2115 2112
f 2196 2112 2124
f 2204 2124 2139
f 2201 2139 2143
f 2203 2143 2140
f 2219 2140 2089
f 2220 2158 2160
f 2160 2181 2220
f 2354 1644 1643
f 2354 1647 1644
f 2355 1652 1651
f 2355 1656 1655
f 2354 1639 1636
f 2354 1648 1647
f 1655 1652 2355
f 2354 1635 1632
f 2354 1640 1639
f 2354 1651 1648
f 2355 1658 1656
f 2356 1695 1692
f 1636 1635 2354
f 1651 2354 2355
f 1692 1691 2356
f 2357 1715 1713
f 2357 1725 1723
f 1643 1640 2354
f 2355 1662 1661
f 2355 1666 1665
f 1691 1688 2356
f 2356 1699 1696
f 2356 1703 1700
f 2357 1717 1715
f 2357 1720 1719
f 2357 1726 1725
f 1661 1658 2355
f 2355 1669 1666
f 2356 1687 1685
f 1696 1695 2356
f 2356 1705 1703
f 2356 2357 1707
f 1713 1710 2357
f 1723 1720 2357
f 2354 1628 1627
f 1632 1631 2354
f 2355 1670 1669
f 2355 1675 1673
f 2356 1683 1681
f 1688 1687 2356
f 1707 1705 2356
f 1710 1708 2357
f 2357 1729 1726
f 2357 1732 1730
f 2354 1622 1620
f 1631 1628 2354
f 1673 1670 2355
f 1685 1683 2356
f 1708 1707 2357
f 1730 1729 2357
f 2357 1620 1734
f 2354 1624 1622
f 1665 1662 2355
f 2355 2356 1679
f 1700 1699 2356
f 1734 1732 2357
f 1627 1624 2354
f 1679 1677 2355
f 1719 1717 2357
f 1677 1675 2355
f 1620 2357 2354
f 2356 2355 2358
f 2358 1738 1736
f 1736 2359 2358
f 2358 1759 1756
f 2358 2360 1764
f 2359 1826 1825
f 2359 1849 1846
f 1736 1851 2359
f 2358 1760 1759
f 1764 1763 2358
f 2360 1771 1768
f 2360 1779 1776
f 2361 1802 1801
f 2361 1815 1812
f 2359 1829 1826
f 2359 1833 1831
f 2359 1836 1835
f 1846 1845 2359
f 2358 1740 1738
f 2358 1744 1743
f 1763 1760 2358
f 2360 1772 1771
f 1776 1775 2360
f 2361 1798 1796
f 2361 1805 1802
f 2361 1808 1807
f 1812 1811 2361
f 2361 1819 1816
f 2361 1822 1820
f 1831 1829 2359
f 2359 1838 1836
f 2359 1842 1841
f 1851 1849 2359
f 2358 1746 1744
f 2358 1750 1748
f 2358 1755 1752
f 2360 1767 1764
f 1775 1772 2360
f 1801 1798 2361
f 1811 1808 2361
f 1820 1819 2361
f 1825 2361 2359
f 1841 1838 2359
f 1743 1740 2358
f 1752 1750 2358
f 1768 1767 2360
f 2360 1791 1789
f 2360 2361 1795
f 1807 1805 2361
f 1825 1822 2361
f 1845 1842 2359
f 1756 1755 2358
f 2360 1785 1783
f 1789 1786 2360
f 1795 1792 2360
f 1816 1815 2361
f 1748 1746 2358
f 1783 1780 2360
f 1792 1791 2360
f 1835 1833 2359
f 1786 1785 2360
f 1780 1779 2360
f 1500 2362 2363
f 2361 302 303
f 2361 300 302
f 2361 354 308
f 2361 297 300
f 2361 296 293
f 2361 305 354
f 293 297 2361
f 303 305 2361
f 2356 324 326
f 2356 2359 320
f 2356 327 329
f 2356 321 324
f 2359 318 320
f 2359 313 315
f 326 327 2356
f 315 318 2359
f 2359 310 312
f 320 321 2356
f 2359 308 310
f 312 313 2359
f 329 351 2356
f 2357 341 344
f 2357 339 341
f 2357 336 337
f 337 339 2357
f 2357 2356 334
f 344 349 2357
f 334 332 2357
f 332 336 2357
f 2099 2117 233
f 2117 348 233
f 2117 2357 346
f 2099 363 237
f 346 348 2117
f 233 363 2099
f 2364 244 245
f 2364 236 239
f 2364 361 249
f 2364 242 244
f 2364 237 236
f 2364 248 361
f 239 242 2364
f 245 248 2364
f 2363 2362 261
f 2363 269 272
f 261 263 2363
f 272 360 2363
f 2363 266 267
f 2362 260 261
f 267 269 2363
f 2362 257 260
f 2362 253 256
f 263 266 2363
f 2362 252 253
f 256 257 2362
f 2362 249 252
f 2365 2363 276
f 276 273 2365
f 2365 279 282
f 273 277 2365
f 2365 284 285
f 277 279 2365
f 282 284 2365
f 285 357 2365
f 1538 2365 288
f 1539 1538 292
f 288 289 1538
f 1539 356 296
f 289 292 1538
f 292 356 1539
f 2357 1602 1598
f 2357 1610 1607
f 2357 1614 1611
f 2357 1603 1602
f 1607 1606 2357
f 2357 1615 1614
f 1606 1603 2357
f 2357 1618 1615
f 1611 1610 2357
f 2117 2094 1618
f 1618 2357 2117
f 2354 1598 1599
f 1456 1452 1451
f 2354 1590 1587
f 1456 1455 1452
f 1448 1461 1459
f 2354 1591 1590
f 1459 1456 1448
f 1587 1586 2354
f 2354 1595 1594
f 1448 1463 1461
f 2355 1582 1463
f 2355 2354 1583
f 1594 1591 2354
f 1463 1448 2355
f 1586 1583 2354
f 1583 1582 2355
f 1402 1398 1401
f 1402 1394 1397
f 1397 1398 1402
f 1441 1435 1432
f 1435 1441 1439
f 1402 1392 1394
f 1441 1429 1392
f 1439 1436 1435
f 1392 1402 1441
f 1432 1431 1441
f 1431 1429 1441
f 2223 2225 1405
f 2225 2226 1402
f 1405 1406 2223
f 2228 2223 1425
f 1406 1425 2223
f 1410 2231 2228
f 2358 2233 2234
f 1448 2237 2238
f 1441 1402 2241
f 1402 1405 2225
f 1410 2243 2231
f 2358 2244 2233
f 2355 1448 2246
f 1448 2249 2237
f 1448 2250 2253
f 2250 1448 1447
f 2255 1444 1442
f 2257 1442 1441
f 2241 2258 1441
f 1402 2261 2262
f 1402 2265 2266
f 1425 1410 2228
f 2358 2268 2244
f 2358 2271 2272
f 2358 2274 2277
f 2238 2246 1448
f 1447 2255 2250
f 2255 1447 1444
f 1441 2278 2281
f 1441 2282 2284
f 1441 2287 2288
f 1402 2290 2241
f 2262 2293 1402
f 2226 2265 1402
f 1410 2294 2297
f 2358 2298 2268
f 2277 2271 2358
f 2358 2300 2302
f 2355 2305 2306
f 2355 2308 2311
f 1448 2312 2249
f 1442 2257 2255
f 1441 2315 2278
f 2288 2282 1441
f 2293 2290 1402
f 2297 2243 1410
f 2272 2298 2358
f 2358 2316 2300
f 2355 2319 2305
f 2355 2320 2323
f 2355 2325 2327
f 2355 2328 2330
f 2246 2308 2355
f 1441 2281 2257
f 2258 2287 1441
f 1410 2332 2294
f 2234 1410 2358
f 2302 2335 2358
f 2338 2341 2342
f 2323 2319 2355
f 2330 2325 2355
f 2253 2312 1448
f 2266 2261 1402
f 2335 2274 2358
f 2342 2358 2338
f 2346 2355 2348
f 2327 2320 2355
f 2284 2315 1441
f 2342 2316 2358
f 2358 2355 2346
f 2355 2350 2348
f 2311 2328 2355
f 2346 2338 2358
f 2306 2350 2355
f 2348 2353 2346
f 2360 1568 1565
f 2360 1572 1569
f 1410 1418 1421
f 1417 1410 1409
f 1569 1568 2360
f 2360 1576 1573
f 1410 1417 1418
f 1409 1413 1417
f 1573 1572 2360
f 2358 1579 1576
f 2358 1410 1423
f 1413 1414 1417
f 1576 2360 2358
f 1421 1423 1410
f 1423 1579 2358
f 2360 1564 1561
f 2361 1550 1547
f 2361 1551 1550
f 2361 1555 1554
f 2361 1546 1543
f 1554 1551 2361
f 2361 2360 1560
f 1547 1546 2361
f 1560 1557 2361
f 1557 1555 2361
f 1543 1542 2361
f 2365 1519 1518
f 2365 1523 1522
f 2365 1529 1528
f 1522 1519 2365
f 1528 1525 2365
f 2365 1536 1533
f 1525 1523 2365
f 1533 1532 2365
f 1532 1529 2365
f 2365 1538 1536
f 2363 1968 2082
f 2363 1971 1968
f 2363 1984 1983
f 2363 1990 1988
f 1501 2081 2078
f 2082 1501 2363
f 2363 1976 1975
f 1983 1980 2363
f 1988 1987 2363
f 1516 2029 2026
f 1516 2034 2033
f 1509 1508 2053
f 1508 1506 2054
f 1504 2061 2058
f 1504 1501 2062
f 2078 2077 1501
f 2363 1972 1971
f 2363 1979 1976
f 1987 1984 2363
f 1516 2030 2029
f 1516 2037 2034
f 2047 2044 1516
f 1511 2049 2047
f 1509 2050 2049
f 2054 2053 1508
f 2062 2061 1504
f 1501 2067 2064
f 2082 2081 1501
f 1980 1979 2363
f 2363 1994 1993
f 2363 2365 1996
f 2365 2002 2000
f 2033 2030 1516
f 1516 2041 2038
f 2047 1513 1511
f 2053 2050 1509
f 1506 1504 2057
f 2064 2062 1501
f 1501 2074 2072
f 1975 1972 2363
f 1996 1994 2363
f 2365 2005 2002
f 2365 2009 2006
f 2365 2022 2021
f 2038 2037 1516
f 1516 2044 2043
f 2049 1511 1509
f 2058 2057 1504
f 1501 2071 2068
f 2077 2074 1501
f 2365 1999 1996
f 2006 2005 2365
f 2021 2018 2365
f 2365 2026 2025
f 2043 2041 1516
f 2057 2054 1506
f 2072 2071 1501
f 2000 1999 2365
f 2365 2017 2014
f 2025 2022 2365
f 1516 1513 2047
f 1993 1990 2363
f 2365 2013 2010
f 2018 2017 2365
f 2068 2067 1501
f 2014 2013 2365
f 2010 2009 2365
f 1492 1944 1943
f 1492 1489 1947
f 1497 1935 1932
f 1493 1943 1940
f 1947 1944 1492
f 1497 1936 1935
f 1943 1493 1492
f 1489 1488 1948
f 1500 1928 1926
f 1497 1939 1936
f 1496 1940 1939
f 1948 1947 1489
f 2364 1879 1876
f 2362 1885 1882
f 2362 1888 1887
f 1500 1924 1923
f 1500 1931 1928
f 1932 1500 1497
f 1940 1496 1493
f 1948 1488 1485
f 1485 1954 1953
f 2364 1880 1879
f 1887 1885 2362
f 2362 1892 1891
f 2362 1899 1896
f 1926 1924 1500
f 1939 1497 1496
f 1953 1950 1485
f 1485 1958 1957
f 2364 1882 1880
f 1891 1888 2362
f 2362 1901 1899
f 1932 1931 1500
f 1957 1954 1485
f 2364 1864 1863
f 2364 1868 1866
f 2364 1873 1871
f 1882 2364 2362
f 1896 1895 2362
f 1485 1950 1948
f 1866 1864 2364
f 2364 1874 1873
f 1895 1892 2362
f 1923 1920 1500
f 1871 1868 2364
f 2362 1903 1901
f 1500 1919 1916
f 1485 1961 1958
f 2364 1861 1859
f 1876 1874 2364
f 2362 1500 1912
f 1920 1919 1500
f 1485 1964 1962
f 1863 1861 2364
f 2362 1906 1904
f 1500 1914 1912
f 1962 1961 1485
f 1485 2364 1852
f 2364 1856 1855
f 1904 1903 2362
f 1916 1914 1500
f 1852 1967 1485
f 1859 1856 2364
f 2362 1910 1909
f 1967 1964 1485
f 1909 1906 2362
f 1855 1852 2364
f 2364 1471 1470
f 2364 1476 1473
f 1473 1471 2364
f 2364 1481 1480
f 1470 1467 2364
f 2364 1484 1481
f 2364 1477 1476
f 2364 1485 1484
f 2099 2364 1464
f 1480 1477 2364
f 1467 1464 2364
f 1464 2084 2099
f 1912 1910 2362
f 2026 2365 1516
f 1518 1516 2365
f 1542 1539 2361
f 1561 1560 2360
f 1565 1564 2360
f 2234 2332 1410
f 1401 1426 1402
f 1451 1448 1456
f 1599 1595 2354
f 1598 2354 2357
f 296 2361 1539
f 357 288 2365
f 360 276 2363
f 249 2362 2364
f 237 2364 2099
f 349 346 2357
f 351 334 2356
f 308 2359 2361
f 2363 1501 1500
f 1796 1795 2361
f 2358 2359 2356
f 1681 1679 2356
f 2336 2345 2367
f 2367 2368 2336
f 2368 2367 2371
f 2372 2371 2374
f 2376 2374 2378
f 2381 2378 2382
f 2385 2382 2386
f 2388 2386 2391
f 2392 2391 2394
f 2396 2394 2399
f 2400 2399 2402
f 2404 2402 2407
f 2408 2407 2410
f 2412 2410 2415
f 2416 2415 2418
f 2420 2418 2423
f 2424 2423 2427
f 2427 2429 2424
f 2423 2424 2420
f 2418 2420 2416
f 2415 2416 2412
f 2410 2412 2408
f 2407 2408 2404
f 2402 2404 2400
f 2399 2400 2396
f 2394 2396 2392
f 2391 2392 2388
f 2386 2388 2385
f 2382 2385 2381
f 2378 2381 2376
f 2374 2376 2372
f 2371 2372 2368
f 2409 2421 2425
f 2421 2409 2413
f 2413 2417 2421
f 2428 2401 2405
f 2405 2409 2428
f 2428 2397 2401
f 2428 2389 2393
f 2428 2380 2384
f 2428 2373 2377
f 2393 2397 2428
f 2377 2380 2428
f 2384 2389 2428
f 2428 2369 2373
f 2339 2337 2428
f 2428 2337 2369
f 2339 2431 2432
f 2339 2434 2437
f 2425 2428 2409
f 2437 2431 2339
f 2339 2438 2441
f 2339 2442 2445
f 2428 2446 2339
f 2441 2434 2339
f 2446 2442 2339
f 2339 2449 2451
f 2339 2452 2454
f 2339 2457 2458
f 2445 2438 2339
f 2454 2449 2339
f 2432 2457 2339
f 2458 2452 2339
f 2451 2461 2339
f 2419 2414 2411
f 2406 2426 2422
f 2426 2406 2403
f 2422 2419 2406
f 2411 2406 2419
f 2426 2379 2375
f 2426 2387 2383
f 2426 2395 2390
f 2403 2398 2426
f 2383 2379 2426
f 2398 2395 2426
f 2390 2387 2426
f 2375 2370 2426
f 2370 2366 2426
f 2344 2351 2462
f 2462 2426 2344
f 2351 2464 2467
f 2351 2468 2470
f 2351 2473 2462
f 2351 2475 2477
f 2351 2478 2480
f 2470 2464 2351
f 2477 2473 2351
f 2467 2478 2351
f 2480 2475 2351
f 2351 2483 2485
f 2351 2486 2489
f 2351 2491 2493
f 2485 2468 2351
f 2493 2486 2351
f 2489 2483 2351
f 2366 2344 2426
f 2443 2447 2463
f 2444 2443 2472
f 2439 2444 2476
f 2440 2439 2474
f 2435 2440 2481
f 2436 2435 2479
f 2430 2436 2466
f 2433 2430 2465
f 2456 2433 2471
f 2459 2456 2469
f 2453 2459 2484
f 2455 2453 2482
f 2448 2455 2488
f 2450 2448 2487
f 2460 2450 2492
f 2492 2490 2460
f 2487 2492 2450
f 2488 2487 2448
f 2482 2488 2455
f 2484 2482 2453
f 2469 2484 2459
f 2471 2469 2456
f 2465 2471 2433
f 2466 2465 2430
f 2479 2466 2436
f 2481 2479 2435
f 2474 2481 2440
f 2476 2474 2439
f 2472 2476 2444
f 2463 2472 2443
f 2429 2427 2463
f 2463 2447 2429
f 2494 2497 2460
f 2343 2340 2460
f 2347 2494 2490
f 2460 2497 2343
f 2460 2490 2494
f 2490 2352 2347
f 2295 2498 2501
f 2296 2501 2503
f 2242 2503 2504
f 2230 2504 2507
f 2229 2507 2508
f 2222 2508 2511
f 2224 2511 2512
f 2227 2512 2515
f 2264 2516 2518
f 2264 2515 2516
f 2267 2521 2522
f 2267 2518 2521
f 2260 2525 2526
f 2260 2522 2525
f 2263 2529 2530
f 2263 2526 2529
f 2292 2533 2535
f 2292 2530 2533
f 2291 2536 2539
f 2291 2535 2536
f 2317 2343 2497
f 2497 2540 2317
f 2301 2317 2542
f 2542 2544 2301
f 2303 2301 2547
f 2547 2549 2303
f 2334 2303 2550
f 2550 2553 2334
f 2275 2334 2554
f 2554 2557 2275
f 2276 2275 2558
f 2558 2561 2276
f 2270 2276 2562
f 2273 2270 2565
f 2299 2273 2566
f 2269 2299 2568
f 2245 2269 2571
f 2232 2245 2573
f 2235 2232 2574
f 2333 2235 2577
f 2333 2579 2498
f 2579 2580 2498
f 2498 2295 2333
f 2577 2579 2333
f 2574 2577 2235
f 2573 2574 2232
f 2571 2573 2245
f 2568 2571 2269
f 2566 2568 2299
f 2565 2566 2273
f 2562 2565 2270
f 2561 2562 2276
f 2557 2558 2275
f 2553 2554 2334
f 2549 2550 2303
f 2544 2547 2301
f 2540 2542 2317
f 2539 2240 2291
f 2535 2291 2292
f 2530 2292 2263
f 2526 2263 2260
f 2522 2260 2267
f 2518 2267 2264
f 2515 2264 2227
f 2512 2227 2224
f 2511 2224 2222
f 2508 2222 2229
f 2507 2229 2230
f 2504 2230 2242
f 2503 2242 2296
f 2501 2296 2295
f 2286 2259 2581
f 2581 2584 2286
f 2289 2286 2585
f 2585 2588 2289
f 2283 2289 2589
f 2589 2592 2283
f 2285 2283 2593
f 2593 2596 2285
f 2314 2285 2597
f 2597 2600 2314
f 2279 2314 2601
f 2601 2604 2279
f 2280 2279 2605
f 2256 2280 2608
f 2254 2256 2609
f 2251 2254 2612
f 2252 2251 2613
f 2313 2252 2616
f 2248 2313 2617
f 2236 2248 2620
f 2236 2621 2624
f 2621 2625 2624
f 2239 2624 2627
f 2247 2627 2628
f 2309 2628 2631
f 2310 2631 2632
f 2329 2632 2635
f 2331 2635 2636
f 2324 2636 2639
f 2326 2639 2640
f 2321 2643 2644
f 2321 2640 2643
f 2322 2647 2648
f 2322 2644 2647
f 2318 2651 2652
f 2318 2648 2651
f 2304 2655 2657
f 2304 2652 2655
f 2307 2659 2660
f 2307 2657 2659
f 2349 2662 2494
f 2349 2660 2662
f 2494 2347 2349
f 2660 2349 2307
f 2657 2307 2304
f 2652 2304 2318
f 2648 2318 2322
f 2644 2322 2321
f 2640 2321 2326
f 2639 2326 2324
f 2636 2324 2331
f 2635 2331 2329
f 2632 2329 2310
f 2631 2310 2309
f 2628 2309 2247
f 2627 2247 2239
f 2624 2239 2236
f 2620 2621 2236
f 2617 2620 2248
f 2616 2617 2313
f 2613 2616 2252
f 2612 2613 2251
f 2609 2612 2254
f 2608 2609 2256
f 2605 2608 2280
f 2604 2605 2279
f 2600 2601 2314
f 2596 2597 2285
f 2592 2593 2283
f 2588 2589 2289
f 2584 2585 2286
f 2496 2495 2665
f 2665 2666 2496
f 2240 2539 2581
f 2581 2259 2240
f 2582 2538 2668
f 2668 2671 2582
f 2672 2675 2676
f 2679 2676 2680
f 2683 2680 2684
f 2687 2684 2688
f 2691 2688 2692
f 2695 2692 2696
f 2699 2696 2700
f 2703 2700 2704
f 2707 2704 2708
f 2711 2708 2712
f 2715 2712 2717
f 2718 2717 2720
f 2722 2720 2725
f 2726 2725 2729
f 2730 2665 2495
f 2495 2663 2730
f 2732 2730 2661
f 2661 2658 2732
f 2735 2732 2656
f 2656 2654 2735
f 2736 2735 2653
f 2653 2650 2736
f 2739 2736 2649
f 2649 2646 2739
f 2741 2739 2645
f 2645 2642 2741
f 2742 2741 2641
f 2745 2742 2638
f 2747 2745 2637
f 2748 2747 2634
f 2751 2748 2633
f 2752 2751 2630
f 2754 2752 2629
f 2757 2754 2626
f 2675 2625 2622
f 2675 2672 2625
f 2672 2757 2623
f 2623 2625 2672
f 2758 2622 2619
f 2761 2619 2618
f 2763 2618 2615
f 2764 2615 2614
f 2767 2614 2611
f 2768 2611 2610
f 2771 2610 2607
f 2773 2607 2606
f 2774 2603 2602
f 2774 2606 2603
f 2776 2599 2598
f 2776 2602 2599
f 2779 2595 2594
f 2779 2598 2595
f 2781 2591 2590
f 2781 2594 2591
f 2782 2587 2586
f 2782 2590 2587
f 2784 2583 2582
f 2784 2586 2583
f 2582 2671 2784
f 2586 2784 2782
f 2590 2782 2781
f 2594 2781 2779
f 2598 2779 2776
f 2602 2776 2774
f 2606 2774 2773
f 2607 2773 2771
f 2610 2771 2768
f 2611 2768 2767
f 2614 2767 2764
f 2615 2764 2763
f 2618 2763 2761
f 2619 2761 2758
f 2622 2758 2675
f 2626 2623 2757
f 2629 2626 2754
f 2630 2629 2752
f 2633 2630 2751
f 2634 2633 2748
f 2637 2634 2747
f 2638 2637 2745
f 2641 2638 2742
f 2642 2641 2741
f 2646 2645 2739
f 2650 2649 2736
f 2654 2653 2735
f 2658 2656 2732
f 2663 2661 2730
f 2729 2787 2726
f 2725 2726 2722
f 2720 2722 2718
f 2717 2718 2715
f 2712 2715 2711
f 2708 2711 2707
f 2704 2707 2703
f 2700 2703 2699
f 2696 2699 2695
f 2692 2695 2691
f 2688 2691 2687
f 2684 2687 2683
f 2680 2683 2679
f 2676 2679 2672
f 2788 2791 2792
f 2795 2792 2797
f 2798 2797 2800
f 2802 2800 2804
f 2806 2804 2809
f 2810 2809 2813
f 2814 2813 2816
f 2819 2816 2820
f 2822 2820 2824
f 2827 2824 2829
f 2830 2829 2832
f 2834 2832 2836
f 2839 2836 2840
f 2842 2840 2845
f 2847 2668 2538
f 2538 2537 2847
f 2848 2847 2534
f 2534 2532 2848
f 2851 2848 2531
f 2531 2528 2851
f 2853 2851 2527
f 2527 2524 2853
f 2854 2853 2523
f 2523 2520 2854
f 2856 2854 2519
f 2519 2517 2856
f 2859 2856 2514
f 2861 2859 2513
f 2862 2861 2510
f 2865 2862 2509
f 2867 2865 2506
f 2868 2867 2505
f 2870 2868 2502
f 2872 2870 2500
f 2875 2580 2578
f 2845 2872 2499
f 2499 2580 2845
f 2580 2875 2845
f 2876 2578 2576
f 2879 2576 2575
f 2881 2575 2572
f 2882 2572 2570
f 2884 2570 2569
f 2887 2569 2567
f 2889 2567 2564
f 2890 2564 2563
f 2892 2560 2559
f 2892 2563 2560
f 2895 2556 2555
f 2895 2559 2556
f 2896 2552 2551
f 2896 2555 2552
f 2898 2548 2546
f 2898 2551 2548
f 2900 2545 2543
f 2900 2546 2545
f 2902 2541 2496
f 2902 2543 2541
f 2496 2666 2902
f 2543 2902 2900
f 2546 2900 2898
f 2551 2898 2896
f 2555 2896 2895
f 2559 2895 2892
f 2563 2892 2890
f 2564 2890 2889
f 2567 2889 2887
f 2569 2887 2884
f 2570 2884 2882
f 2572 2882 2881
f 2575 2881 2879
f 2576 2879 2876
f 2578 2876 2875
f 2500 2499 2872
f 2502 2500 2870
f 2505 2502 2868
f 2506 2505 2867
f 2509 2506 2865
f 2510 2509 2862
f 2513 2510 2861
f 2514 2513 2859
f 2517 2514 2856
f 2520 2519 2854
f 2524 2523 2853
f 2528 2527 2851
f 2532 2531 2848
f 2537 2534 2847
f 2845 2875 2842
f 2840 2842 2839
f 2836 2839 2834
f 2832 2834 2830
f 2829 2830 2827
f 2824 2827 2822
f 2820 2822 2819
f 2816 2819 2814
f 2813 2814 2810
f 2809 2810 2806
f 2804 2806 2802
f 2800 2802 2798
f 2797 2798 2795
f 2792 2795 2788
f 2904 2906 2667
f 2667 2664 2904
f 2786 2908 2911
f 2727 2911 2913
f 2723 2913 2914
f 2719 2914 2917
f 2714 2917 2918
f 2710 2918 2921
f 2706 2921 2922
f 2702 2922 2925
f 2698 2925 2926
f 2694 2926 2929
f 2690 2929 2930
f 2686 2930 2933
f 2682 2933 2934
f 2678 2934 2937
f 2673 2937 2938
f 2756 2938 2941
f 2755 2941 2942
f 2753 2942 2945
f 2750 2945 2946
f 2749 2946 2949
f 2746 2949 2950
f 2744 2950 2953
f 2743 2953 2954
f 2740 2954 2957
f 2738 2957 2958
f 2737 2958 2961
f 2734 2961 2962
f 2733 2962 2965
f 2731 2965 2904
f 2904 2664 2731
f 2965 2731 2733
f 2962 2733 2734
f 2961 2734 2737
f 2958 2737 2738
f 2957 2738 2740
f 2954 2740 2743
f 2953 2743 2744
f 2950 2744 2746
f 2949 2746 2749
f 2946 2749 2750
f 2945 2750 2753
f 2942 2753 2755
f 2941 2755 2756
f 2938 2756 2673
f 2937 2673 2678
f 2934 2678 2682
f 2933 2682 2686
f 2930 2686 2690
f 2929 2690 2694
f 2926 2694 2698
f 2925 2698 2702
f 2922 2702 2706
f 2921 2706 2710
f 2918 2710 2714
f 2917 2714 2719
f 2914 2719 2723
f 2913 2723 2727
f 2911 2727 2786
f 2667 2906 2966
f 2903 2966 2969
f 2901 2969 2970
f 2899 2970 2973
f 2897 2973 2974
f 2894 2974 2977
f 2893 2977 2978
f 2891 2978 2981
f 2888 2981 2982
f 2886 2982 2985
f 2885 2985 2986
f 2883 2986 2988
f 2880 2988 2991
f 2878 2991 2993
f 2877 2993 2994
f 2874 2994 2997
f 2843 2997 2998
f 2838 2998 3001
f 2835 3001 3002
f 2831 3002 3004
f 2826 3004 3006
f 2823 3006 3009
f 2818 3009 3010
f 2815 3010 3012
f 2811 3012 3015
f 2807 3015 3016
f 2803 3016 3019
f 2799 3019 3020
f 2794 3020 3023
f 3023 2789 2794
f 3020 2794 2799
f 3019 2799 2803
f 3016 2803 2807
f 3015 2807 2811
f 3012 2811 2815
f 3010 2815 2818
f 3009 2818 2823
f 3006 2823 2826
f 3004 2826 2831
f 3002 2831 2835
f 3001 2835 2838
f 2998 2838 2843
f 2997 2843 2874
f 2994 2874 2877
f 2993 2877 2878
f 2991 2878 2880
f 2988 2880 2883
f 2986 2883 2885
f 2985 2885 2886
f 2982 2886 2888
f 2981 2888 2891
f 2978 2891 2893
f 2977 2893 2894
f 2974 2894 2897
f 2973 2897 2899
f 2970 2899 2901
f 2969 2901 2903
f 2966 2903 2667
f 3023 2908 2786
f 2786 2789 3023
f 2989 2995 2992
f 2989 2999 2996
f 2999 2989 2987
f 2996 2995 2989
f 2936 2935 2932
f 2992 2990 2989
f 2984 3003 3000
f 2931 2939 2936
f 2931 2944 2943
f 3003 2984 2983
f 3000 2999 2984
f 2931 2940 2939
f 2931 2947 2944
f 3007 2979 2976
f 2987 2984 2999
f 2980 3007 3005
f 2951 2931 2928
f 2943 2940 2931
f 2931 2951 2948
f 3007 2980 2979
f 3005 3003 2980
f 2975 3013 3011
f 2975 3022 3021
f 2928 2927 2951
f 2948 2947 2931
f 2924 2956 2955
f 3022 2968 2967
f 2983 2980 3003
f 3011 3008 2975
f 2975 3017 3014
f 3021 3018 2975
f 2956 2923 2920
f 2932 2931 2936
f 2955 2952 2924
f 2919 2905 2964
f 3022 2971 2968
f 3022 2975 2972
f 3008 3007 2975
f 3018 3017 2975
f 2905 2912 2910
f 2956 2924 2923
f 2952 2951 2924
f 2919 2960 2959
f 2964 2963 2919
f 2972 2971 3022
f 3014 3013 2975
f 2905 2915 2912
f 2905 2919 2916
f 2927 2924 2951
f 2963 2960 2919
f 2976 2975 3007
f 2909 3022 2907
f 2916 2915 2905
f 2959 2956 2919
f 2907 2905 2909
f 2920 2919 2956
f 2910 2909 2905
f 2967 2907 3022
f 3024 3026 2670
f 2670 2669 3024
f 2790 3028 3031
f 2793 3031 3033
f 2796 3033 3034
f 2801 3034 3037
f 2805 3037 3039
f 2808 3039 3040
f 2812 3040 3042
f 2817 3042 3044
f 2821 3044 3047
f 2825 3047 3049
f 2828 3049 3051
f 2833 3051 3052
f 2837 3052 3055
f 2841 3055 3056
f 2844 3056 3058
f 2873 3058 3060
f 2871 3060 3063
f 2869 3063 3065
f 2866 3065 3067
f 2864 3067 3068
f 2863 3068 3071
f 2860 3071 3073
f 2858 3073 3074
f 2857 3074 3076
f 2855 3076 3079
f 2852 3079 3080
f 2850 3080 3083
f 2849 3083 3084
f 2846 3084 3024
f 3024 2669 2846
f 3084 2846 2849
f 3083 2849 2850
f 3080 2850 2852
f 3079 2852 2855
f 3076 2855 2857
f 3074 2857 2858
f 3073 2858 2860
f 3071 2860 2863
f 3068 2863 2864
f 3067 2864 2866
f 3065 2866 2869
f 3063 2869 2871
f 3060 2871 2873
f 3058 2873 2844
f 3056 2844 2841
f 3055 2841 2837
f 3052 2837 2833
f 3051 2833 2828
f 3049 2828 2825
f 3047 2825 2821
f 3044 2821 2817
f 3042 2817 2812
f 3040 2812 2808
f 3039 2808 2805
f 3037 2805 2801
f 3034 2801 2796
f 3033 2796 2793
f 3031 2793 2790
f 2670 3026 3086
f 2785 3086 3089
f 2783 3089 3090
f 2780 3090 3092
f 2778 3092 3094
f 2777 3094 3097
f 2775 3097 3098
f 2772 3098 3101
f 2770 3101 3102
f 2769 3102 3104
f 2766 3104 3106
f 2765 3106 3108
f 2762 3108 3110
f 2760 3110 3113
f 2759 3113 3114
f 2674 3114 3117
f 2677 3117 3119
f 2681 3119 3120
f 2685 3120 3122
f 2689 3122 3125
f 2693 3125 3127
f 2697 3127 3128
f 2701 3128 3130
f 2705 3130 3132
f 2709 3132 3135
f 2713 3135 3137
f 2716 3137 3138
f 2721 3138 3141
f 2724 3141 3142
f 3142 2728 2724
f 3141 2724 2721
f 3138 2721 2716
f 3137 2716 2713
f 3135 2713 2709
f 3132 2709 2705
f 3130 2705 2701
f 3128 2701 2697
f 3127 2697 2693
f 3125 2693 2689
f 3122 2689 2685
f 3120 2685 2681
f 3119 2681 2677
f 3117 2677 2674
f 3114 2674 2759
f 3113 2759 2760
f 3110 2760 2762
f 3108 2762 2765
f 3106 2765 2766
f 3104 2766 2769
f 3102 2769 2770
f 3101 2770 2772
f 3098 2772 2775
f 3097 2775 2777
f 3094 2777 2778
f 3092 2778 2780
f 3090 2780 2783
f 3089 2783 2785
f 3086 2785 2670
f 3142 3028 2790
f 2790 2728 3142
f 2788 2787 2729
f 2729 2791 2788
f 3115 3105 3103
f 3109 3115 3112
f 3045 3082 3081
f 3115 3107 3105
f 3112 3111 3109
f 3100 3121 3118
f 3100 3136 3134
f 3045 3050 3048
f 3045 3054 3053
f 3045 3059 3057
f 3081 3078 3045
f 3143 3093 3091
f 3109 3107 3115
f 3118 3116 3100
f 3100 3126 3124
f 3100 3131 3129
f 3134 3133 3100
f 3100 3140 3139
f 3082 3036 3035
f 3053 3050 3045
f 3045 3061 3059
f 3045 3064 3062
f 3045 3072 3070
f 3078 3077 3045
f 3143 3095 3093
f 3116 3115 3100
f 3124 3123 3100
f 3133 3131 3100
f 3100 3143 3140
f 3082 3038 3036
f 3057 3054 3045
f 3045 3066 3064
f 3070 3069 3045
f 3077 3075 3045
f 3143 3096 3095
f 3143 3100 3099
f 3123 3121 3100
f 3139 3136 3100
f 3082 3041 3038
f 3082 3045 3043
f 3062 3061 3045
f 3075 3072 3045
f 3099 3096 3143
f 3129 3126 3100
f 3043 3041 3082
f 3069 3066 3045
f 3143 3088 3087
f 3103 3100 3115
f 3082 3032 3030
f 3048 3046 3045
f 3091 3088 3143
f 3029 3143 3027
f 3035 3032 3082
f 3029 3025 3085
f 3027 3025 3029
f 3085 3082 3029
f 3030 3029 3082
f 3087 3027 3143
f 6 4 1
f 9 7 1
f 14 6 12
f 1 4 9
f 20 18 16
f 24 21 16
f 1 12 6
f 20 26 7
f 16 18 24
f 29 28 21
f 35 34 32
f 39 38 32
f 7 9 20
f 21 24 29
f 45 44 41
f 44 50 47
f 50 54 52
f 58 55 52
f 63 62 60
f 68 65 60
f 74 72 70
f 77 76 70
f 84 81 79
f 88 85 81
f 92 89 85
f 96 93 89
f 96 100 97
f 104 102 97
f 107 105 102
f 35 109 105
f 32 34 39
f 14 112 38
f 16 26 20
f 116 113 28
f 121 120 117
f 125 124 117
f 125 129 128
f 45 132 128
f 47 41 44
f 52 54 58
f 58 136 134
f 140 137 134
f 60 62 68
f 144 141 65
f 149 147 146
f 74 152 147
f 70 72 77
f 156 153 76
f 81 84 88
f 89 92 96
f 97 100 104
f 105 107 35
f 38 39 14
f 28 29 116
f 116 159 158
f 121 162 158
f 117 120 125
f 128 129 45
f 52 47 50
f 134 136 140
f 140 63 163
f 65 68 144
f 165 146 141
f 147 149 74
f 76 77 156
f 170 167 153
f 85 88 92
f 102 104 107
f 12 112 14
f 158 159 121
f 128 124 125
f 134 55 58
f 60 163 63
f 146 165 149
f 153 156 170
f 170 173 172
f 179 177 175
f 183 181 175
f 183 187 186
f 187 192 189
f 192 195 194
f 199 197 194
f 205 204 202
f 210 207 202
f 97 93 96
f 158 113 116
f 41 132 45
f 141 144 165
f 172 167 170
f 213 212 172
f 213 179 215
f 175 177 183
f 189 186 187
f 194 195 199
f 220 218 197
f 223 222 218
f 223 228 226
f 205 229 226
f 202 204 210
f 231 79 207
f 32 109 35
f 163 137 140
f 172 173 213
f 175 215 179
f 194 189 192
f 218 220 223
f 226 228 205
f 207 210 231
f 117 162 121
f 215 212 213
f 197 199 220
f 202 229 205
f 70 152 74
f 226 222 223
f 186 181 183
f 79 231 84
f 51 56 234
f 238 235 48
f 48 51 238
f 42 48 235
f 131 42 240
f 127 131 241
f 123 127 243
f 118 123 246
f 161 118 247
f 250 157 161
f 250 251 157
f 114 157 251
f 27 114 254
f 22 27 255
f 15 22 258
f 25 15 259
f 8 25 262
f 2 8 264
f 11 2 265
f 111 11 268
f 37 111 270
f 31 37 271
f 275 274 110
f 110 31 275
f 106 110 274
f 101 106 278
f 98 101 280
f 94 98 281
f 90 94 283
f 86 90 286
f 287 82 86
f 287 290 82
f 80 82 290
f 208 80 291
f 295 294 201
f 201 208 295
f 230 201 294
f 225 230 298
f 221 225 299
f 217 221 301
f 198 217 304
f 193 198 306
f 307 190 193
f 307 309 190
f 185 190 309
f 182 185 311
f 176 182 314
f 216 176 316
f 211 216 317
f 171 211 319
f 168 171 322
f 154 168 323
f 75 154 325
f 69 75 328
f 151 69 330
f 333 331 148
f 148 151 333
f 145 148 331
f 142 145 335
f 66 142 338
f 59 66 340
f 164 59 342
f 138 164 343
f 345 133 138
f 345 347 133
f 56 133 347
f 347 234 56
f 138 350 345
f 343 350 138
f 342 343 164
f 340 342 59
f 338 340 66
f 335 338 142
f 331 335 145
f 151 352 333
f 330 352 151
f 328 330 69
f 325 328 75
f 323 325 154
f 322 323 168
f 319 322 171
f 317 319 211
f 316 317 216
f 314 316 176
f 311 314 182
f 309 311 185
f 193 353 307
f 306 353 193
f 304 306 198
f 301 304 217
f 299 301 221
f 298 299 225
f 294 298 230
f 208 355 295
f 291 355 208
f 290 291 80
f 86 358 287
f 286 358 86
f 283 286 90
f 281 283 94
f 280 281 98
f 278 280 101
f 274 278 106
f 31 359 275
f 271 359 31
f 270 271 37
f 268 270 111
f 265 268 11
f 264 265 2
f 262 264 8
f 259 262 25
f 258 259 15
f 255 258 22
f 254 255 27
f 251 254 114
f 161 362 250
f 247 362 161
f 246 247 118
f 243 246 123
f 241 243 127
f 240 241 131
f 235 240 42
f 51 364 238
f 234 364 51
f 57 368 365
f 135 365 369
f 139 369 372
f 64 372 373
f 61 373 375
f 67 375 378
f 143 378 379
f 166 379 382
f 150 382 383
f 73 383 386
f 71 386 387
f 78 387 390
f 155 390 391
f 169 391 394
f 174 394 395
f 214 395 397
f 180 397 400
f 178 400 401
f 184 401 404
f 188 404 406
f 191 406 407
f 196 407 410
f 200 410 411
f 219 411 414
f 224 414 415
f 227 415 418
f 206 418 419
f 203 419 422
f 209 422 423
f 232 423 426
f 83 426 427
f 87 427 430
f 91 430 431
f 95 431 434
f 99 434 435
f 103 435 437
f 108 437 440
f 36 440 441
f 33 441 444
f 40 444 445
f 13 445 448
f 5 448 449
f 3 449 452
f 10 452 454
f 19 454 455
f 17 455 458
f 23 458 459
f 30 459 462
f 115 462 463
f 160 463 466
f 122 466 467
f 119 467 469
f 126 469 472
f 130 472 473
f 46 473 476
f 43 476 477
f 49 477 480
f 53 480 368
f 368 57 53
f 480 53 49
f 477 49 43
f 476 43 46
f 473 46 130
f 472 130 126
f 469 126 119
f 467 119 122
f 466 122 160
f 463 160 115
f 462 115 30
f 459 30 23
f 458 23 17
f 455 17 19
f 454 19 10
f 452 10 3
f 449 3 5
f 448 5 13
f 445 13 40
f 444 40 33
f 441 33 36
f 440 36 108
f 437 108 103
f 435 103 99
f 434 99 95
f 431 95 91
f 430 91 87
f 427 87 83
f 426 83 232
f 423 232 209
f 422 209 203
f 419 203 206
f 418 206 227
f 415 227 224
f 414 224 219
f 411 219 200
f 410 200 196
f 407 196 191
f 406 191 188
f 404 188 184
f 401 184 178
f 400 178 180
f 397 180 214
f 395 214 174
f 394 174 169
f 391 169 155
f 390 155 78
f 387 78 71
f 386 71 73
f 383 73 150
f 382 150 166
f 379 166 143
f 378 143 67
f 375 67 61
f 373 61 64
f 372 64 139
f 369 139 135
f 365 135 57
f 482 433 432
f 483 436 433
f 487 486 429
f 490 432 429
f 433 482 483
f 491 438 436
f 496 493 388
f 497 389 388
f 500 398 396
f 500 501 399
f 429 486 490
f 436 483 491
f 506 503 376
f 503 507 377
f 510 496 385
f 388 493 497
f 497 512 392
f 513 393 392
f 516 396 393
f 399 398 500
f 432 490 482
f 518 439 438
f 518 519 442
f 522 443 442
f 523 506 374
f 377 376 503
f 388 385 496
f 392 512 513
f 396 516 500
f 501 525 402
f 527 425 424
f 487 428 425
f 438 491 518
f 442 519 522
f 531 530 447
f 534 450 447
f 537 536 366
f 540 370 366
f 376 374 506
f 507 541 380
f 541 544 381
f 510 384 381
f 392 389 497
f 402 399 501
f 525 545 403
f 548 405 403
f 425 527 487
f 442 439 518
f 522 531 446
f 447 530 534
f 534 550 451
f 550 551 453
f 551 553 456
f 556 457 456
f 556 558 460
f 559 461 460
f 366 536 540
f 523 371 370
f 380 377 507
f 381 544 510
f 393 513 516
f 403 545 548
f 548 562 408
f 563 409 408
f 563 566 412
f 567 413 412
f 570 416 413
f 571 417 416
f 429 428 487
f 447 446 531
f 453 451 550
f 456 553 556
f 460 558 559
f 574 464 461
f 578 575 474
f 579 475 474
f 583 582 479
f 537 367 479
f 370 540 523
f 381 380 541
f 403 402 525
f 408 562 563
f 412 566 567
f 416 570 571
f 571 586 420
f 587 421 420
f 446 443 522
f 456 453 551
f 461 559 574
f 590 465 464
f 590 591 468
f 594 470 468
f 594 578 471
f 474 575 579
f 579 583 478
f 479 582 537
f 374 371 523
f 408 405 548
f 413 567 570
f 420 586 587
f 451 450 534
f 464 574 590
f 468 591 594
f 474 471 578
f 479 478 583
f 385 384 510
f 420 417 571
f 595 424 421
f 460 457 556
f 471 470 594
f 366 367 537
f 421 587 595
f 468 465 590
f 412 409 563
f 478 475 579
f 424 595 527
f 538 599 598
f 535 598 602
f 539 602 603
f 524 603 606
f 505 606 607
f 504 607 610
f 508 610 611
f 542 611 614
f 543 614 615
f 509 615 618
f 495 618 619
f 494 619 622
f 498 622 623
f 511 623 626
f 514 626 627
f 515 627 630
f 499 630 631
f 502 631 634
f 526 634 635
f 546 635 638
f 547 638 639
f 561 639 642
f 564 642 644
f 565 644 645
f 568 645 647
f 569 647 650
f 572 650 651
f 585 651 654
f 588 654 655
f 596 655 658
f 528 658 659
f 488 659 662
f 485 662 663
f 489 663 665
f 481 665 668
f 484 668 669
f 492 669 672
f 517 672 673
f 520 673 676
f 521 676 677
f 532 677 680
f 529 680 682
f 533 682 683
f 549 683 686
f 552 686 687
f 554 687 690
f 555 690 691
f 557 691 693
f 560 693 696
f 573 696 697
f 589 697 700
f 592 700 701
f 593 701 704
f 577 704 706
f 576 706 707
f 580 707 709
f 584 709 711
f 581 711 599
f 599 538 581
f 711 581 584
f 709 584 580
f 707 580 576
f 706 576 577
f 704 577 593
f 701 593 592
f 700 592 589
f 697 589 573
f 696 573 560
f 693 560 557
f 691 557 555
f 690 555 554
f 687 554 552
f 686 552 549
f 683 549 533
f 682 533 529
f 680 529 532
f 677 532 521
f 676 521 520
f 673 520 517
f 672 517 492
f 669 492 484
f 668 484 481
f 665 481 489
f 663 489 485
f 662 485 488
f 659 488 528
f 658 528 596
f 655 596 588
f 654 588 585
f 651 585 572
f 650 572 569
f 647 569 568
f 645 568 565
f 644 565 564
f 642 564 561
f 639 561 547
f 638 547 546
f 635 546 526
f 634 526 502
f 631 502 499
f 630 499 515
f 627 515 514
f 626 514 511
f 623 511 498
f 622 498 494
f 619 494 495
f 618 495 509
f 615 509 543
f 614 543 542
f 611 542 508
f 610 508 504
f 607 504 505
f 606 505 524
f 603 524 539
f 602 539 535
f 598 535 538
f 718 715 714
f 722 719 715
f 727 726 723
f 732 730 726
f 715 718 722
f 719 735 734
f 735 739 738
f 739 742 723
f 726 727 732
f 745 744 730
f 749 748 744
f 753 752 748
f 757 755 1391
f 761 760 714
f 734 715 719
f 723 738 739
f 730 732 745
f 748 749 753
f 768 765 764
f 772 769 1391
f 775 773 1391
f 1391 777 757
f 760 779 714
f 784 782 714
f 787 786 714
f 738 734 735
f 744 745 749
f 765 790 764
f 790 791 1391
f 769 793 1391
f 773 795 1391
f 1391 797 777
f 799 714 1391
f 779 801 714
f 714 803 784
f 714 805 787
f 723 742 727
f 812 809 808
f 1391 764 790
f 793 814 1391
f 817 816 1391
f 1391 795 797
f 799 819 714
f 714 801 803
f 714 786 718
f 824 821 752
f 827 825 821
f 830 808 825
f 812 831 809
f 835 833 764
f 791 837 1391
f 1391 814 817
f 1391 755 799
f 714 782 805
f 821 824 827
f 808 830 812
f 841 840 764
f 833 843 764
f 1391 837 772
f 714 819 761
f 825 827 830
f 850 847 845
f 840 851 764
f 855 854 764
f 764 843 768
f 752 753 824
f 831 850 858
f 845 858 850
f 862 860 764
f 764 851 855
f 1391 816 775
f 847 863 845
f 764 860 841
f 858 809 831
f 863 847 764
f 764 854 835
f 764 847 862
f 870 868 867
f 868 874 872
f 879 870 877
f 872 867 868
f 867 877 870
f 882 881 872
f 872 874 882
f 887 885 881
f 892 890 889
f 896 895 889
f 901 898 889
f 881 882 887
f 905 903 885
f 908 907 903
f 907 910 889
f 890 913 889
f 895 915 889
f 889 917 901
f 920 918 1391
f 925 923 764
f 929 926 764
f 933 930 764
f 885 887 905
f 889 903 907
f 889 913 896
f 889 934 917
f 939 937 1391
f 1391 940 920
f 942 764 1391
f 764 923 929
f 764 944 933
f 903 905 908
f 889 915 934
f 947 1391 889
f 951 949 1391
f 954 952 1391
f 1391 956 939
f 1391 918 942
f 764 926 944
f 961 958 764
f 966 964 958
f 972 969 968
f 889 910 892
f 889 974 947
f 1391 949 954
f 1391 975 956
f 979 977 1391
f 764 942 925
f 764 982 961
f 958 983 966
f 989 988 986
f 968 991 972
f 969 995 993
f 995 1000 997
f 1000 1003 1002
f 1003 1008 1005
f 1008 879 1009
f 889 898 974
f 1391 952 975
f 1391 977 940
f 958 961 983
f 986 958 1012
f 1014 991 988
f 993 968 969
f 1002 997 1000
f 1009 1005 1008
f 1391 947 951
f 764 930 982
f 1015 1012 958
f 988 989 1014
f 997 993 995
f 877 1009 879
f 958 964 1015
f 991 1014 972
f 1391 937 979
f 1005 1002 1003
f 958 1017 764
f 640 637 1020
f 636 633 1020
f 1020 637 636
f 628 1391 1020
f 667 666 1023
f 1028 1027 1024
f 1027 1032 1031
f 633 632 1020
f 1020 629 628
f 624 621 1391
f 620 617 1391
f 666 664 1023
f 661 660 1023
f 1038 1036 1035
f 1043 1028 1041
f 1031 1024 1027
f 652 1020 1044
f 648 646 1020
f 643 641 1020
f 1020 632 629
f 1391 621 620
f 616 613 1391
f 671 670 1023
f 1023 664 661
f 656 653 1023
f 678 1049 1047
f 1053 1035 1051
f 1038 1043 1036
f 1024 1041 1028
f 652 649 1020
f 1020 646 643
f 628 625 1391
f 1391 617 616
f 1023 670 667
f 1023 657 656
f 653 652 1055
f 1047 1057 679
f 1035 1053 1038
f 1032 1058 1031
f 1063 1060 1031
f 1020 649 648
f 1391 625 624
f 612 609 1391
f 608 605 1391
f 1023 660 657
f 1064 1023 653
f 1023 1049 675
f 684 681 1057
f 1047 679 678
f 685 1057 1067
f 1071 1068 889
f 1075 1072 889
f 1081 1078 1076
f 1084 1083 1076
f 1090 1089 1086
f 1089 1094 1093
f 1100 1098 1096
f 1102 1051 1098
f 1041 1036 1043
f 1060 1105 1031
f 1020 641 640
f 1391 609 608
f 604 601 1391
f 1055 1064 653
f 675 674 1023
f 1057 681 679
f 1067 688 685
f 699 698 889
f 889 695 1071
f 1108 1107 889
f 1072 1110 889
f 1078 1113 1076
f 1083 1114 1076
f 1093 1086 1089
f 1118 1117 1093
f 1123 1120 1117
f 1127 1125 1120
f 1098 1100 1102
f 1031 1058 1063
f 1128 1020 1031
f 1133 1130 1020
f 1391 613 612
f 601 597 1391
f 692 689 1067
f 1049 678 675
f 1067 689 688
f 708 705 889
f 703 702 889
f 889 698 695
f 889 1107 1075
f 1137 1134 889
f 1076 1113 1084
f 1114 1090 1139
f 1093 1094 1118
f 1120 1123 1127
f 1051 1102 1053
f 1128 1140 1020
f 1145 1142 1020
f 1130 1044 1020
f 1391 605 604
f 1067 694 692
f 1057 685 684
f 1146 1071 695
f 600 712 889
f 889 710 708
f 889 702 699
f 889 1110 1137
f 1148 1081 889
f 1139 1076 1114
f 1117 1118 1123
f 1153 1151 1125
f 1154 1096 1151
f 1031 1105 1128
f 1158 1157 1020
f 1020 1142 1133
f 597 600 1391
f 1161 1055 652
f 1023 674 671
f 695 1162 1146
f 889 712 710
f 1068 1164 889
f 889 1134 1148
f 1086 1139 1090
f 1151 1153 1154
f 1020 1140 1158
f 1044 1166 652
f 652 1168 1161
f 695 1067 1162
f 889 705 703
f 1076 889 1081
f 1096 1154 1100
f 652 1166 1168
f 889 1391 600
f 1125 1127 1153
f 1067 695 694
f 1020 1157 1145
f 1175 1173 1170
f 1177 1170 1173
f 1182 1181 1178
f 1170 1185 1175
f 1191 1189 1187
f 1194 1192 1189
f 1201 1198 1197
f 1205 1202 1173
f 1173 1206 1177
f 1170 1178 1185
f 1189 1191 1194
f 1213 1210 1209
f 1210 1217 1214
f 1222 1221 1218
f 1226 1224 1218
f 1230 1229 1197
f 1198 1233 1197
f 1234 1197 1233
f 1241 1238 1237
f 1173 1242 1205
f 1178 1170 1182
f 1247 1244 1391
f 1244 1249 1020
f 1250 1187 1020
f 1255 1253 1187
f 1187 1256 1191
f 1260 1258 1192
f 1267 1264 1263
f 1214 1209 1210
f 1217 1222 1268
f 1218 1221 1226
f 1273 1270 1224
f 1229 1274 1197
f 1233 1276 1234
f 1238 1278 1237
f 1282 1280 1237
f 1286 1284 1173
f 1173 1202 1206
f 1290 1288 1391
f 1294 1293 1391
f 1299 1296 1391
f 1020 1391 1244
f 1303 1301 1020
f 1187 1250 1255
f 1192 1194 1260
f 1263 1258 1267
f 1264 1306 1304
f 1268 1214 1217
f 1224 1226 1273
f 1313 1312 1308
f 1317 1316 1308
f 1197 1274 1201
f 1237 1278 1282
f 1173 1284 1242
f 1288 1319 1391
f 1293 1321 1391
f 1325 1324 1391
f 1391 1328 1299
f 1249 1329 1020
f 1333 1332 1020
f 1337 1336 1020
f 1301 1340 1020
f 1344 1341 1020
f 1187 1253 1256
f 1304 1263 1264
f 1306 1348 1345
f 1348 1352 1349
f 1218 1268 1222
f 1356 1353 1270
f 1357 1313 1353
f 1308 1312 1317
f 1237 1197 1241
f 1359 1173 1237
f 1173 1361 1286
f 1391 1319 1294
f 1391 1324 1328
f 1329 1363 1020
f 1020 1332 1337
f 1020 1340 1344
f 1258 1260 1267
f 1349 1345 1348
f 1352 1213 1366
f 1270 1273 1356
f 1308 1353 1313
f 1370 1368 1308
f 1373 1371 1308
f 1377 1376 1308
f 1280 1380 1237
f 1173 1359 1361
f 1391 1321 1325
f 1020 1363 1333
f 1020 1341 1250
f 1366 1349 1352
f 1353 1356 1357
f 1308 1368 1373
f 1308 1382 1377
f 1383 1290 1308
f 1237 1380 1359
f 1237 1173 1308
f 1391 1296 1247
f 1345 1304 1306
f 1308 1316 1370
f 1308 1376 1383
f 1308 1386 1237
f 1020 1336 1303
f 1308 1371 1382
f 1308 1290 1386
f 1209 1366 1213
f 1391 714 1290
f 1197 1237 1230
f 1290 714 1386
f 889 1164 1108
f 986 1012 989
f 764 1388 863
f 1362 1360 1393
f 1287 1362 1395
f 1285 1287 1396
f 1243 1285 1399
f 1204 1243 1400
f 1403 1203 1204
f 1403 1404 1203
f 1207 1203 1404
f 1176 1207 1407
f 1411 1408 1171
f 1171 1176 1411
f 1183 1171 1408
f 1180 1183 1412
f 1179 1180 1415
f 1184 1179 1416
f 1174 1184 1419
f 1172 1174 1420
f 1420 1422 1172
f 1419 1420 1174
f 1416 1419 1184
f 1415 1416 1179
f 1412 1415 1180
f 1408 1412 1183
f 1176 1424 1411
f 1407 1424 1176
f 1404 1407 1207
f 1204 1427 1403
f 1400 1427 1204
f 1399 1400 1243
f 1396 1399 1285
f 1395 1396 1287
f 1393 1395 1362
f 1430 1428 1379
f 1433 1430 1281
f 1434 1433 1283
f 1437 1434 1279
f 1438 1437 1239
f 1440 1438 1240
f 1240 1196 1440
f 1445 1443 1196
f 1446 1445 1235
f 1449 1446 1277
f 1277 1232 1449
f 1453 1450 1232
f 1454 1453 1199
f 1457 1454 1200
f 1458 1457 1275
f 1460 1458 1228
f 1462 1460 1231
f 1231 1236 1462
f 1228 1231 1460
f 1275 1228 1458
f 1200 1275 1457
f 1199 1200 1454
f 1232 1199 1453
f 1232 1450 1449
f 1235 1277 1446
f 1196 1235 1445
f 1196 1443 1440
f 1239 1240 1438
f 1279 1239 1437
f 1283 1279 1434
f 1281 1283 1433
f 1379 1281 1430
f 1468 1465 959
f 1469 1468 985
f 1472 1469 987
f 1474 1472 992
f 1475 1474 967
f 1478 1475 994
f 1479 1478 998
f 1482 1479 1001
f 1483 1482 1006
f 1486 1483 1010
f 1010 876 1486
f 1490 1487 876
f 1491 1490 866
f 1494 1491 873
f 1495 1494 880
f 1498 1495 884
f 884 902 1498
f 880 884 1495
f 873 880 1494
f 866 873 1491
f 876 866 1490
f 876 1487 1486
f 1006 1010 1483
f 1001 1006 1482
f 998 1001 1479
f 994 998 1478
f 967 994 1475
f 992 967 1474
f 987 992 1472
f 985 987 1469
f 959 985 1468
f 1502 1499 888
f 888 1077 1502
f 888 1499 1498
f 1498 902 888
f 1077 1503 1502
f 1505 1503 1077
f 1507 1505 1138
f 1510 1507 1087
f 1512 1510 1092
f 1514 1512 1116
f 1515 1121 1124
f 1515 1514 1121
f 1520 1517 1124
f 1521 1520 1150
f 1524 1521 1097
f 1526 1524 1099
f 1527 1526 1050
f 1530 1527 1034
f 1531 1530 1037
f 1534 1531 1040
f 1535 1534 1025
f 1025 1030 1535
f 1040 1025 1534
f 1037 1040 1531
f 1034 1037 1530
f 1050 1034 1527
f 1099 1050 1526
f 1097 1099 1524
f 1150 1097 1521
f 1124 1150 1520
f 1124 1517 1515
f 1116 1121 1514
f 1092 1116 1512
f 1087 1092 1510
f 1138 1087 1507
f 1077 1138 1505
f 1021 1540 1537
f 1021 1186 1540
f 1537 1030 1021
f 1537 1535 1030
f 1186 1541 1540
f 1544 1541 1186
f 1545 1544 1188
f 1548 1545 1193
f 1549 1548 1259
f 1552 1549 1262
f 1553 1552 1305
f 1556 1553 1346
f 1558 1556 1350
f 1559 1558 1365
f 1365 1208 1559
f 1563 1562 1208
f 1208 1215 1563
f 1567 1566 1215
f 1570 1567 1269
f 1571 1570 1219
f 1574 1571 1225
f 1575 1574 1271
f 1271 1354 1575
f 1225 1271 1574
f 1219 1225 1571
f 1269 1219 1570
f 1215 1269 1567
f 1215 1566 1563
f 1208 1562 1559
f 1350 1365 1558
f 1346 1350 1556
f 1305 1346 1553
f 1262 1305 1552
f 1259 1262 1549
f 1193 1259 1548
f 1188 1193 1545
f 1186 1188 1544
f 1577 1575 1354
f 1354 1310 1577
f 1422 1578 1309
f 1309 1172 1422
f 1428 1393 1360
f 1360 1379 1428
f 1236 1387 1580
f 1580 1462 1236
f 713 716 1584
f 1584 1581 713
f 1581 1385 713
f 1585 1584 716
f 1588 1585 733
f 1589 1588 737
f 1592 1589 724
f 1593 1592 725
f 1596 729 743
f 1596 1593 729
f 1597 743 747
f 1597 1600 743
f 1604 1601 747
f 1605 1604 751
f 1608 1605 822
f 1609 1608 826
f 1612 1609 807
f 1613 1612 810
f 1616 1613 857
f 1617 1616 846
f 846 865 1617
f 857 846 1616
f 810 857 1613
f 807 810 1612
f 826 807 1609
f 822 826 1608
f 751 822 1605
f 747 751 1604
f 747 1601 1597
f 743 1600 1596
f 725 729 1593
f 724 725 1592
f 737 724 1589
f 733 737 1588
f 716 733 1585
f 1621 848 849
f 1623 849 832
f 1625 832 811
f 1626 811 829
f 1629 829 828
f 1630 828 823
f 1633 823 754
f 1634 754 750
f 1637 750 746
f 1638 746 731
f 1641 731 728
f 1642 728 741
f 1645 741 740
f 1646 740 736
f 1649 736 720
f 1650 720 721
f 1653 721 717
f 1654 717 785
f 1657 785 788
f 1659 788 806
f 1660 806 781
f 1663 781 783
f 1664 783 804
f 1667 804 802
f 1668 802 780
f 1671 780 759
f 1672 759 762
f 1674 762 820
f 1676 820 800
f 1678 800 756
f 1680 756 758
f 1682 758 778
f 1684 778 798
f 1686 798 796
f 1689 796 774
f 1690 774 776
f 1693 776 815
f 1694 815 818
f 1697 818 813
f 1698 813 794
f 1701 794 770
f 1702 770 771
f 1704 771 838
f 1706 838 792
f 1709 792 789
f 1711 789 766
f 1712 766 767
f 1714 767 844
f 1716 844 834
f 1718 834 836
f 1721 836 853
f 1722 853 856
f 1724 856 852
f 1727 852 839
f 1728 839 842
f 1731 842 859
f 1733 859 861
f 1735 861 848
f 848 1621 1735
f 861 1735 1733
f 859 1733 1731
f 842 1731 1728
f 839 1728 1727
f 852 1727 1724
f 856 1724 1722
f 853 1722 1721
f 836 1721 1718
f 834 1718 1716
f 844 1716 1714
f 767 1714 1712
f 766 1712 1711
f 789 1711 1709
f 792 1709 1706
f 838 1706 1704
f 771 1704 1702
f 770 1702 1701
f 794 1701 1698
f 813 1698 1697
f 818 1697 1694
f 815 1694 1693
f 776 1693 1690
f 774 1690 1689
f 796 1689 1686
f 798 1686 1684
f 778 1684 1682
f 758 1682 1680
f 756 1680 1678
f 800 1678 1676
f 820 1676 1674
f 762 1674 1672
f 759 1672 1671
f 780 1671 1668
f 802 1668 1667
f 804 1667 1664
f 783 1664 1663
f 781 1663 1660
f 806 1660 1659
f 788 1659 1657
f 785 1657 1654
f 717 1654 1653
f 721 1653 1650
f 720 1650 1649
f 736 1649 1646
f 740 1646 1645
f 741 1645 1642
f 728 1642 1641
f 731 1641 1638
f 746 1638 1637
f 750 1637 1634
f 754 1634 1633
f 823 1633 1630
f 828 1630 1629
f 829 1629 1626
f 811 1626 1625
f 832 1625 1623
f 849 1623 1621
f 1737 1291 1384
f 1739 1384 1375
f 1741 1375 1378
f 1742 1378 1381
f 1745 1381 1372
f 1747 1372 1374
f 1749 1374 1367
f 1751 1367 1369
f 1753 1369 1315
f 1754 1315 1318
f 1757 1318 1311
f 1758 1311 1314
f 1761 1314 1358
f 1762 1358 1355
f 1765 1355 1272
f 1766 1272 1227
f 1769 1227 1220
f 1770 1220 1223
f 1773 1223 1216
f 1774 1216 1211
f 1777 1211 1212
f 1778 1212 1351
f 1781 1351 1347
f 1782 1347 1307
f 1784 1307 1265
f 1787 1265 1266
f 1788 1266 1261
f 1790 1261 1195
f 1793 1195 1190
f 1794 1190 1257
f 1797 1257 1252
f 1799 1252 1254
f 1800 1254 1251
f 1803 1251 1342
f 1804 1342 1343
f 1806 1343 1339
f 1809 1339 1300
f 1810 1300 1302
f 1813 1302 1335
f 1814 1335 1338
f 1817 1338 1331
f 1818 1331 1334
f 1821 1334 1364
f 1823 1364 1330
f 1824 1330 1248
f 1827 1248 1245
f 1828 1245 1246
f 1830 1246 1297
f 1832 1297 1298
f 1834 1298 1327
f 1837 1327 1323
f 1839 1323 1326
f 1840 1326 1322
f 1843 1322 1292
f 1844 1292 1295
f 1847 1295 1320
f 1848 1320 1289
f 1850 1289 1291
f 1291 1737 1850
f 1289 1850 1848
f 1320 1848 1847
f 1295 1847 1844
f 1292 1844 1843
f 1322 1843 1840
f 1326 1840 1839
f 1323 1839 1837
f 1327 1837 1834
f 1298 1834 1832
f 1297 1832 1830
f 1246 1830 1828
f 1245 1828 1827
f 1248 1827 1824
f 1330 1824 1823
f 1364 1823 1821
f 1334 1821 1818
f 1331 1818 1817
f 1338 1817 1814
f 1335 1814 1813
f 1302 1813 1810
f 1300 1810 1809
f 1339 1809 1806
f 1343 1806 1804
f 1342 1804 1803
f 1251 1803 1800
f 1254 1800 1799
f 1252 1799 1797
f 1257 1797 1794
f 1190 1794 1793
f 1195 1793 1790
f 1261 1790 1788
f 1266 1788 1787
f 1265 1787 1784
f 1307 1784 1782
f 1347 1782 1781
f 1351 1781 1778
f 1212 1778 1777
f 1211 1777 1774
f 1216 1774 1773
f 1223 1773 1770
f 1220 1770 1769
f 1227 1769 1766
f 1272 1766 1765
f 1355 1765 1762
f 1358 1762 1761
f 1314 1761 1758
f 1311 1758 1757
f 1318 1757 1754
f 1315 1754 1753
f 1369 1753 1751
f 1367 1751 1749
f 1374 1749 1747
f 1372 1747 1745
f 1381 1745 1742
f 1378 1742 1741
f 1375 1741 1739
f 1384 1739 1737
f 1853 1011 1016
f 1854 1016 963
f 1857 963 965
f 1858 965 984
f 1860 984 962
f 1862 962 981
f 1865 981 931
f 1867 931 932
f 1869 932 945
f 1870 945 927
f 1872 927 928
f 1875 928 922
f 1877 922 924
f 1878 924 943
f 1881 943 919
f 1883 919 921
f 1884 921 941
f 1886 941 978
f 1889 978 980
f 1890 980 936
f 1893 936 938
f 1894 938 957
f 1897 957 976
f 1898 976 953
f 1900 953 955
f 1902 955 948
f 1905 948 950
f 1907 950 946
f 1908 946 973
f 1911 973 899
f 1913 899 900
f 1915 900 916
f 1917 916 935
f 1918 935 914
f 1921 914 894
f 1922 894 897
f 1925 897 912
f 1927 912 891
f 1929 891 893
f 1930 893 911
f 1933 911 906
f 1934 906 909
f 1937 909 904
f 1938 904 886
f 1941 886 883
f 1942 883 875
f 1945 875 869
f 1946 869 871
f 1949 871 878
f 1951 878 1007
f 1952 1007 1004
f 1955 1004 999
f 1956 999 996
f 1959 996 970
f 1960 970 971
f 1963 971 1013
f 1965 1013 990
f 1966 990 1011
f 1011 1853 1966
f 990 1966 1965
f 1013 1965 1963
f 971 1963 1960
f 970 1960 1959
f 996 1959 1956
f 999 1956 1955
f 1004 1955 1952
f 1007 1952 1951
f 878 1951 1949
f 871 1949 1946
f 869 1946 1945
f 875 1945 1942
f 883 1942 1941
f 886 1941 1938
f 904 1938 1937
f 909 1937 1934
f 906 1934 1933
f 911 1933 1930
f 893 1930 1929
f 891 1929 1927
f 912 1927 1925
f 897 1925 1922
f 894 1922 1921
f 914 1921 1918
f 935 1918 1917
f 916 1917 1915
f 900 1915 1913
f 899 1913 1911
f 973 1911 1908
f 946 1908 1907
f 950 1907 1905
f 948 1905 1902
f 955 1902 1900
f 953 1900 1898
f 976 1898 1897
f 957 1897 1894
f 938 1894 1893
f 936 1893 1890
f 980 1890 1889
f 978 1889 1886
f 941 1886 1884
f 921 1884 1883
f 919 1883 1881
f 943 1881 1878
f 924 1878 1877
f 922 1877 1875
f 928 1875 1872
f 927 1872 1870
f 945 1870 1869
f 932 1869 1867
f 931 1867 1865
f 981 1865 1862
f 962 1862 1860
f 984 1860 1858
f 965 1858 1857
f 963 1857 1854
f 1016 1854 1853
f 1969 1165 1069
f 1970 1069 1070
f 1973 1070 1147
f 1974 1147 1163
f 1977 1163 1066
f 1978 1066 1056
f 1981 1056 1046
f 1982 1046 1048
f 1985 1048 1022
f 1986 1022 1065
f 1989 1065 1054
f 1991 1054 1160
f 1992 1160 1169
f 1995 1169 1167
f 1997 1167 1045
f 1998 1045 1131
f 2001 1131 1132
f 2003 1132 1143
f 2004 1143 1144
f 2007 1144 1156
f 2008 1156 1159
f 2011 1159 1141
f 2012 1141 1129
f 2015 1129 1104
f 2016 1104 1061
f 2019 1061 1062
f 2020 1062 1059
f 2023 1059 1033
f 2024 1033 1026
f 2027 1026 1029
f 2028 1029 1042
f 2031 1042 1039
f 2032 1039 1052
f 2035 1052 1103
f 2036 1103 1101
f 2039 1101 1155
f 2040 1155 1152
f 2042 1152 1126
f 2045 1126 1122
f 2046 1122 1119
f 2048 1119 1095
f 2051 1095 1088
f 2052 1088 1091
f 2055 1091 1115
f 2056 1115 1082
f 2059 1082 1085
f 2060 1085 1112
f 2063 1112 1079
f 2065 1079 1080
f 2066 1080 1149
f 2069 1149 1135
f 2070 1135 1136
f 2073 1136 1111
f 2075 1111 1073
f 2076 1073 1074
f 2079 1074 1106
f 2080 1106 1109
f 2083 1109 1165
f 1165 1969 2083
f 1109 2083 2080
f 1106 2080 2079
f 1074 2079 2076
f 1073 2076 2075
f 1111 2075 2073
f 1136 2073 2070
f 1135 2070 2069
f 1149 2069 2066
f 1080 2066 2065
f 1079 2065 2063
f 1112 2063 2060
f 1085 2060 2059
f 1082 2059 2056
f 1115 2056 2055
f 1091 2055 2052
f 1088 2052 2051
f 1095 2051 2048
f 1119 2048 2046
f 1122 2046 2045
f 1126 2045 2042
f 1152 2042 2040
f 1155 2040 2039
f 1101 2039 2036
f 1103 2036 2035
f 1052 2035 2032
f 1039 2032 2031
f 1042 2031 2028
f 1029 2028 2027
f 1026 2027 2024
f 1033 2024 2023
f 1059 2023 2020
f 1062 2020 2019
f 1061 2019 2016
f 1104 2016 2015
f 1129 2015 2012
f 1141 2012 2011
f 1159 2011 2008
f 1156 2008 2007
f 1144 2007 2004
f 1143 2004 2003
f 1132 2003 2001
f 1131 2001 1998
f 1045 1998 1997
f 1167 1997 1995
f 1169 1995 1992
f 1160 1992 1991
f 1054 1991 1989
f 1065 1989 1986
f 1022 1986 1985
f 1048 1985 1982
f 1046 1982 1981
f 1056 1981 1978
f 1066 1978 1977
f 1163 1977 1974
f 1147 1974 1973
f 1070 1973 1970
f 1069 1970 1969
f 2085 1019 960
f 2085 2089 2088
f 2088 1019 2085
f 960 1466 2085
f 2095 1389 2092
f 2095 1619 864
f 864 1389 2095
f 2092 2096 2095
f 2102 2101 2098
f 2106 2105 2098
f 2101 2109 2098
f 2098 2110 2106
f 2098 2109 2110
f 2114 2113 2098
f 2120 2119 2116
f 2098 2122 2102
f 2113 2125 2098
f 2116 2127 2120
f 2130 2128 2116
f 2134 2133 2116
f 2105 2137 2098
f 2125 2138 2098
f 2142 2141 2098
f 2119 2145 2116
f 2149 2146 2116
f 2128 2150 2116
f 2133 2153 2116
f 2098 2137 2114
f 2141 2090 2098
f 2116 2145 2149
f 2156 2155 2116
f 2116 2150 2134
f 2098 2138 2142
f 2116 2146 2156
f 2153 2159 2116
f 2090 2086 2098
f 2116 2159 2161
f 2116 2155 2130
f 2161 2098 2116
f 2116 2097 2127
f 2116 2093 2097
f 2098 2161 2122
f 2167 2164 2162
f 2164 2169 2162
f 2170 2162 2169
f 2175 2172 763
f 2178 2177 763
f 2185 2183 2180
f 2169 2187 2170
f 2172 2188 763
f 763 2190 2178
f 2194 2193 763
f 2180 2197 2185
f 2162 2180 2198
f 763 2188 2190
f 2193 2091 763
f 2202 2200 2180
f 2180 2205 2197
f 2162 2198 2167
f 763 2207 2175
f 2210 2208 763
f 2214 2213 763
f 763 2217 2194
f 2180 2218 2202
f 2180 2183 2198
f 763 2177 2210
f 763 2213 2217
f 2180 2200 2205
f 763 2208 2214
f 2180 2087 2218
f 763 1018 2180
f 2091 1390 763
f 2180 2221 763
f 2180 1018 2087
f 763 2221 2207
f 2126 2096 2092
f 2121 2126 2192
f 2118 2121 2195
f 2144 2118 2216
f 2148 2144 2212
f 2147 2148 2215
f 2157 2147 2209
f 2154 2157 2211
f 2131 2154 2176
f 2129 2131 2179
f 2151 2129 2191
f 2135 2151 2189
f 2132 2135 2173
f 2152 2132 2174
f 2158 2152 2206
f 2206 2220 2158
f 2174 2206 2152
f 2173 2174 2132
f 2189 2173 2135
f 2191 2189 2151
f 2179 2191 2129
f 2176 2179 2131
f 2211 2176 2154
f 2209 2211 2157
f 2215 2209 2147
f 2212 2215 2148
f 2216 2212 2144
f 2195 2216 2118
f 2192 2195 2121
f 2092 2192 2126
f 2219 2088 2089
f 2203 2219 2140
f 2201 2203 2143
f 2204 2201 2139
f 2196 2204 2124
f 2184 2196 2112
f 2182 2184 2115
f 2199 2182 2136
f 2166 2199 2104
f 2165 2166 2107
f 2168 2165 2111
f 2186 2168 2108
f 2171 2186 2100
f 2163 2171 2103
f 2181 2163 2123
f 2123 2160 2181
f 2103 2123 2163
f 2100 2103 2171
f 2108 2100 2186
f 2111 2108 2168
f 2107 2111 2165
f 2104 2107 2166
f 2136 2104 2199
f 2115 2136 2182
f 2112 2115 2184
f 2124 2112 2196
f 2139 2124 2204
f 2143 2139 2201
f 2140 2143 2203
f 2089 2140 2219
f 2160 2158 2220
f 2220 2181 2160
f 1643 1644 2354
f 1644 1647 2354
f 1651 1652 2355
f 1655 1656 2355
f 1636 1639 2354
f 1647 1648 2354
f 2355 1652 1655
f 1632 1635 2354
f 1639 1640 2354
f 1648 1651 2354
f 1656 1658 2355
f 1692 1695 2356
f 2354 1635 1636
f 2355 2354 1651
f 2356 1691 1692
f 1713 1715 2357
f 1723 1725 2357
f 2354 1640 1643
f 1661 1662 2355
f 1665 1666 2355
f 2356 1688 1691
f 1696 1699 2356
f 1700 1703 2356
f 1715 1717 2357
f 1719 1720 2357
f 1725 1726 2357
f 2355 1658 1661
f 1666 1669 2355
f 1685 1687 2356
f 2356 1695 1696
f 1703 1705 2356
f 1707 2357 2356
f 2357 1710 1713
f 2357 1720 1723
f 1627 1628 2354
f 2354 1631 1632
f 1669 1670 2355
f 1673 1675 2355
f 1681 1683 2356
f 2356 1687 1688
f 2356 1705 1707
f 2357 1708 1710
f 1726 1729 2357
f 1730 1732 2357
f 1620 1622 2354
f 2354 1628 1631
f 2355 1670 1673
f 2356 1683 1685
f 2357 1707 1708
f 2357 1729 1730
f 1734 1620 2357
f 1622 1624 2354
f 2355 1662 1665
f 1679 2356 2355
f 2356 1699 1700
f 2357 1732 1734
f 2354 1624 1627
f 2355 1677 1679
f 2357 1717 1719
f 2355 1675 1677
f 2354 2357 1620
f 2358 2355 2356
f 1736 1738 2358
f 2358 2359 1736
f 1756 1759 2358
f 1764 2360 2358
f 1825 1826 2359
f 1846 1849 2359
f 2359 1851 1736
f 1759 1760 2358
f 2358 1763 1764
f 1768 1771 2360
f 1776 1779 2360
f 1801 1802 2361
f 1812 1815 2361
f 1826 1829 2359
f 1831 1833 2359
f 1835 1836 2359
f 2359 1845 1846
f 1738 1740 2358
f 1743 1744 2358
f 2358 1760 1763
f 1771 1772 2360
f 2360 1775 1776
f 1796 1798 2361
f 1802 1805 2361
f 1807 1808 2361
f 2361 1811 1812
f 1816 1819 2361
f 1820 1822 2361
f 2359 1829 1831
f 1836 1838 2359
f 1841 1842 2359
f 2359 1849 1851
f 1744 1746 2358
f 1748 1750 2358
f 1752 1755 2358
f 1764 1767 2360
f 2360 1772 1775
f 2361 1798 1801
f 2361 1808 1811
f 2361 1819 1820
f 2359 2361 1825
f 2359 1838 1841
f 2358 1740 1743
f 2358 1750 1752
f 2360 1767 1768
f 1789 1791 2360
f 1795 2361 2360
f 2361 1805 1807
f 2361 1822 1825
f 2359 1842 1845
f 2358 1755 1756
f 1783 1785 2360
f 2360 1786 1789
f 2360 1792 1795
f 2361 1815 1816
f 2358 1746 1748
f 2360 1780 1783
f 2360 1791 1792
f 2359 1833 1835
f 2360 1785 1786
f 2360 1779 1780
f 2363 2362 1500
f 303 302 2361
f 302 300 2361
f 308 354 2361
f 300 297 2361
f 293 296 2361
f 354 305 2361
f 2361 297 293
f 2361 305 303
f 326 324 2356
f 320 2359 2356
f 329 327 2356
f 324 321 2356
f 320 318 2359
f 315 313 2359
f 2356 327 326
f 2359 318 315
f 312 310 2359
f 2356 321 320
f 310 308 2359
f 2359 313 312
f 2356 351 329
f 344 341 2357
f 341 339 2357
f 337 336 2357
f 2357 339 337
f 334 2356 2357
f 2357 349 344
f 2357 332 334
f 2357 336 332
f 233 2117 2099
f 233 348 2117
f 346 2357 2117
f 237 363 2099
f 2117 348 346
f 2099 363 233
f 245 244 2364
f 239 236 2364
f 249 361 2364
f 244 242 2364
f 236 237 2364
f 361 248 2364
f 2364 242 239
f 2364 248 245
f 261 2362 2363
f 272 269 2363
f 2363 263 261
f 2363 360 272
f 267 266 2363
f 261 260 2362
f 2363 269 267
f 260 257 2362
f 256 253 2362
f 2363 266 263
f 253 252 2362
f 2362 257 256
f 252 249 2362
f 276 2363 2365
f 2365 273 276
f 282 279 2365
f 2365 277 273
f 285 284 2365
f 2365 279 277
f 2365 284 282
f 2365 357 285
f 288 2365 1538
f 292 1538 1539
f 1538 289 288
f 296 356 1539
f 1538 292 289
f 1539 356 292
f 1598 1602 2357
f 1607 1610 2357
f 1611 1614 2357
f 1602 1603 2357
f 2357 1606 1607
f 1614 1615 2357
f 2357 1603 1606
f 1615 1618 2357
f 2357 1610 1611
f 1618 2094 2117
f 2117 2357 1618
f 1599 1598 2354
f 1451 1452 1456
f 1587 1590 2354
f 1452 1455 1456
f 1459 1461 1448
f 1590 1591 2354
f 1448 1456 1459
f 2354 1586 1587
f 1594 1595 2354
f 1461 1463 1448
f 1463 1582 2355
f 1583 2354 2355
f 2354 1591 1594
f 2355 1448 1463
f 2354 1583 1586
f 2355 1582 1583
f 1401 1398 1402
f 1397 1394 1402
f 1402 1398 1397
f 1432 1435 1441
f 1439 1441 1435
f 1394 1392 1402
f 1392 1429 1441
f 1435 1436 1439
f 1441 1402 1392
f 1441 1431 1432
f 1441 1429 1431
f 1405 2225 2223
f 1402 2226 2225
f 2223 1406 1405
f 1425 2223 2228
f 2223 1425 1406
f 2228 2231 1410
f 2234 2233 2358
f 2238 2237 1448
f 2241 1402 1441
f 2225 1405 1402
f 2231 2243 1410
f 2233 2244 2358
f 2246 1448 2355
f 2237 2249 1448
f 2253 2250 1448
f 1447 1448 2250
f 1442 1444 2255
f 1441 1442 2257
f 1441 2258 2241
f 2262 2261 1402
f 2266 2265 1402
f 2228 1410 1425
f 2244 2268 2358
f 2272 2271 2358
f 2277 2274 2358
f 1448 2246 2238
f 2250 2255 1447
f 1444 1447 2255
f 2281 2278 1441
f 2284 2282 1441
f 2288 2287 1441
f 2241 2290 1402
f 1402 2293 2262
f 1402 2265 2226
f 2297 2294 1410
f 2268 2298 2358
f 2358 2271 2277
f 2302 2300 2358
f 2306 2305 2355
f 2311 2308 2355
f 2249 2312 1448
f 2255 2257 1442
f 2278 2315 1441
f 1441 2282 2288
f 1402 2290 2293
f 1410 2243 2297
f 2358 2298 2272
f 2300 2316 2358
f 2305 2319 2355
f 2323 2320 2355
f 2327 2325 2355
f 2330 2328 2355
f 2355 2308 2246
f 2257 2281 1441
f 1441 2287 2258
f 2294 2332 1410
f 2358 1410 2234
f 2358 2335 2302
f 2342 2341 2338
f 2355 2319 2323
f 2355 2325 2330
f 1448 2312 2253
f 1402 2261 2266
f 2358 2274 2335
f 2338 2358 2342
f 2348 2355 2346
f 2355 2320 2327
f 1441 2315 2284
f 2358 2316 2342
f 2346 2355 2358
f 2348 2350 2355
f 2355 2328 2311
f 2358 2338 2346
f 2355 2350 2306
f 2346 2353 2348
f 1565 1568 2360
f 1569 1572 2360
f 1421 1418 1410
f 1409 1410 1417
f 2360 1568 1569
f 1573 1576 2360
f 1418 1417 1410
f 1417 1413 1409
f 2360 1572 1573
f 1576 1579 2358
f 1423 1410 2358
f 1417 1414 1413
f 2358 2360 1576
f 1410 1423 1421
f 2358 1579 1423
f 1561 1564 2360
f 1547 1550 2361
f 1550 1551 2361
f 1554 1555 2361
f 1543 1546 2361
f 2361 1551 1554
f 1560 2360 2361
f 2361 1546 1547
f 2361 1557 1560
f 2361 1555 1557
f 2361 1542 1543
f 1518 1519 2365
f 1522 1523 2365
f 1528 1529 2365
f 2365 1519 1522
f 2365 1525 1528
f 1533 1536 2365
f 2365 1523 1525
f 2365 1532 1533
f 2365 1529 1532
f 1536 1538 2365
f 2082 1968 2363
f 1968 1971 2363
f 1983 1984 2363
f 1988 1990 2363
f 2078 2081 1501
f 2363 1501 2082
f 1975 1976 2363
f 2363 1980 1983
f 2363 1987 1988
f 2026 2029 1516
f 2033 2034 1516
f 2053 1508 1509
f 2054 1506 1508
f 2058 2061 1504
f 2062 1501 1504
f 1501 2077 2078
f 1971 1972 2363
f 1976 1979 2363
f 2363 1984 1987
f 2029 2030 1516
f 2034 2037 1516
f 1516 2044 2047
f 2047 2049 1511
f 2049 2050 1509
f 1508 2053 2054
f 1504 2061 2062
f 2064 2067 1501
f 1501 2081 2082
f 2363 1979 1980
f 1993 1994 2363
f 1996 2365 2363
f 2000 2002 2365
f 1516 2030 2033
f 2038 2041 1516
f 1511 1513 2047
f 1509 2050 2053
f 2057 1504 1506
f 1501 2062 2064
f 2072 2074 1501
f 2363 1972 1975
f 2363 1994 1996
f 2002 2005 2365
f 2006 2009 2365
f 2021 2022 2365
f 1516 2037 2038
f 2043 2044 1516
f 1509 1511 2049
f 1504 2057 2058
f 2068 2071 1501
f 1501 2074 2077
f 1996 1999 2365
f 2365 2005 2006
f 2365 2018 2021
f 2025 2026 2365
f 1516 2041 2043
f 1506 2054 2057
f 1501 2071 2072
f 2365 1999 2000
f 2014 2017 2365
f 2365 2022 2025
f 2047 1513 1516
f 2363 1990 1993
f 2010 2013 2365
f 2365 2017 2018
f 1501 2067 2068
f 2365 2013 2014
f 2365 2009 2010
f 1943 1944 1492
f 1947 1489 1492
f 1932 1935 1497
f 1940 1943 1493
f 1492 1944 1947
f 1935 1936 1497
f 1492 1493 1943
f 1948 1488 1489
f 1926 1928 1500
f 1936 1939 1497
f 1939 1940 1496
f 1489 1947 1948
f 1876 1879 2364
f 1882 1885 2362
f 1887 1888 2362
f 1923 1924 1500
f 1928 1931 1500
f 1497 1500 1932
f 1493 1496 1940
f 1485 1488 1948
f 1953 1954 1485
f 1879 1880 2364
f 2362 1885 1887
f 1891 1892 2362
f 1896 1899 2362
f 1500 1924 1926
f 1496 1497 1939
f 1485 1950 1953
f 1957 1958 1485
f 1880 1882 2364
f 2362 1888 1891
f 1899 1901 2362
f 1500 1931 1932
f 1485 1954 1957
f 1863 1864 2364
f 1866 1868 2364
f 1871 1873 2364
f 2362 2364 1882
f 2362 1895 1896
f 1948 1950 1485
f 2364 1864 1866
f 1873 1874 2364
f 2362 1892 1895
f 1500 1920 1923
f 2364 1868 1871
f 1901 1903 2362
f 1916 1919 1500
f 1958 1961 1485
f 1859 1861 2364
f 2364 1874 1876
f 1912 1500 2362
f 1500 1919 1920
f 1962 1964 1485
f 2364 1861 1863
f 1904 1906 2362
f 1912 1914 1500
f 1485 1961 1962
f 1852 2364 1485
f 1855 1856 2364
f 2362 1903 1904
f 1500 1914 1916
f 1485 1967 1852
f 2364 1856 1859
f 1909 1910 2362
f 1485 1964 1967
f 2362 1906 1909
f 2364 1852 1855
f 1470 1471 2364
f 1473 1476 2364
f 2364 1471 1473
f 1480 1481 2364
f 2364 1467 1470
f 1481 1484 2364
f 1476 1477 2364
f 1484 1485 2364
f 1464 2364 2099
f 2364 1477 1480
f 2364 1464 1467
f 2099 2084 1464
f 2362 1910 1912
f 1516 2365 2026
f 2365 1516 1518
f 2361 1539 1542
f 2360 1560 1561
f 2360 1564 1565
f 1410 2332 2234
f 1402 1426 1401
f 1456 1448 1451
f 2354 1595 1599
f 2357 2354 1598
f 1539 2361 296
f 2365 288 357
f 2363 276 360
f 2364 2362 249
f 2099 2364 237
f 2357 346 349
f 2356 334 351
f 2361 2359 308
f 1500 1501 2363
f 2361 1795 1796
f 2356 2359 2358
f 2356 1679 1681
f 2367 2345 2336
f 2336 2368 2367
f 2371 2367 2368
f 2374 2371 2372
f 2378 2374 2376
f 2382 2378 2381
f 2386 2382 2385
f 2391 2386 2388
f 2394 2391 2392
f 2399 2394 2396
f 2402 2399 2400
f 2407 2402 2404
f 2410 2407 2408
f 2415 2410 2412
f 2418 2415 2416
f 2423 2418 2420
f 2427 2423 2424
f 2424 2429 2427
f 2420 2424 2423
f 2416 2420 2418
f 2412 2416 2415
f 2408 2412 2410
f 2404 2408 2407
f 2400 2404 2402
f 2396 2400 2399
f 2392 2396 2394
f 2388 2392 2391
f 2385 2388 2386
f 2381 2385 2382
f 2376 2381 2378
f 2372 2376 2374
f 2368 2372 2371
f 2425 2421 2409
f 2413 2409 2421
f 2421 2417 2413
f 2405 2401 2428
f 2428 2409 2405
f 2401 2397 2428
f 2393 2389 2428
f 2384 2380 2428
f 2377 2373 2428
f 2428 2397 2393
f 2428 2380 2377
f 2428 2389 2384
f 2373 2369 2428
f 2428 2337 2339
f 2369 2337 2428
f 2432 2431 2339
f 2437 2434 2339
f 2409 2428 2425
f 2339 2431 2437
f 2441 2438 2339
f 2445 2442 2339
f 2339 2446 2428
f 2339 2434 2441
f 2339 2442 2446
f 2451 2449 2339
f 2454 2452 2339
f 2458 2457 2339
f 2339 2438 2445
f 2339 2449 2454
f 2339 2457 2432
f 2339 2452 2458
f 2339 2461 2451
f 2411 2414 2419
f 2422 2426 2406
f 2403 2406 2426
f 2406 2419 2422
f 2419 2406 2411
f 2375 2379 2426
f 2383 2387 2426
f 2390 2395 2426
f 2426 2398 2403
f 2426 2379 2383
f 2426 2395 2398
f 2426 2387 2390
f 2426 2370 2375
f 2426 2366 2370
f 2462 2351 2344
f 2344 2426 2462
f 2467 2464 2351
f 2470 2468 2351
f 2462 2473 2351
f 2477 2475 2351
f 2480 2478 2351
f 2351 2464 2470
f 2351 2473 2477
f 2351 2478 2467
f 2351 2475 2480
f 2485 2483 2351
f 2489 2486 2351
f 2493 2491 2351
f 2351 2468 2485
f 2351 2486 2493
f 2351 2483 2489
f 2426 2344 2366
f 2463 2447 2443
f 2472 2443 2444
f 2476 2444 2439
f 2474 2439 2440
f 2481 2440 2435
f 2479 2435 2436
f 2466 2436 2430
f 2465 2430 2433
f 2471 2433 2456
f 2469 2456 2459
f 2484 2459 2453
f 2482 2453 2455
f 2488 2455 2448
f 2487 2448 2450
f 2492 2450 2460
f 2460 2490 2492
f 2450 2492 2487
f 2448 2487 2488
f 2455 2488 2482
f 2453 2482 2484
f 2459 2484 2469
f 2456 2469 2471
f 2433 2471 2465
f 2430 2465 2466
f 2436 2466 2479
f 2435 2479 2481
f 2440 2481 2474
f 2439 2474 2476
f 2444 2476 2472
f 2443 2472 2463
f 2463 2427 2429
f 2429 2447 2463
f 2460 2497 2494
f 2460 2340 2343
f 2490 2494 2347
f 2343 2497 2460
f 2494 2490 2460
f 2347 2352 2490
f 2501 2498 2295
f 2503 2501 2296
f 2504 2503 2242
f 2507 2504 2230
f 2508 2507 2229
f 2511 2508 2222
f 2512 2511 2224
f 2515 2512 2227
f 2518 2516 2264
f 2516 2515 2264
f 2522 2521 2267
f 2521 2518 2267
f 2526 2525 2260
f 2525 2522 2260
f 2530 2529 2263
f 2529 2526 2263
f 2535 2533 2292
f 2533 2530 2292
f 2539 2536 2291
f 2536 2535 2291
f 2497 2343 2317
f 2317 2540 2497
f 2542 2317 2301
f 2301 2544 2542
f 2547 2301 2303
f 2303 2549 2547
f 2550 2303 2334
f 2334 2553 2550
f 2554 2334 2275
f 2275 2557 2554
f 2558 2275 2276
f 2276 2561 2558
f 2562 2276 2270
f 2565 2270 2273
f 2566 2273 2299
f 2568 2299 2269
f 2571 2269 2245
f 2573 2245 2232
f 2574 2232 2235
f 2577 2235 2333
f 2498 2579 2333
f 2498 2580 2579
f 2333 2295 2498
f 2333 2579 2577
f 2235 2577 2574
f 2232 2574 2573
f 2245 2573 2571
f 2269 2571 2568
f 2299 2568 2566
f 2273 2566 2565
f 2270 2565 2562
f 2276 2562 2561
f 2275 2558 2557
f 2334 2554 2553
f 2303 2550 2549
f 2301 2547 2544
f 2317 2542 2540
f 2291 2240 2539
f 2292 2291 2535
f 2263 2292 2530
f 2260 2263 2526
f 2267 2260 2522
f 2264 2267 2518
f 2227 2264 2515
f 2224 2227 2512
f 2222 2224 2511
f 2229 2222 2508
f 2230 2229 2507
f 2242 2230 2504
f 2296 2242 2503
f 2295 2296 2501
f 2581 2259 2286
f 2286 2584 2581
f 2585 2286 2289
f 2289 2588 2585
f 2589 2289 2283
f 2283 2592 2589
f 2593 2283 2285
f 2285 2596 2593
f 2597 2285 2314
f 2314 2600 2597
f 2601 2314 2279
f 2279 2604 2601
f 2605 2279 2280
f 2608 2280 2256
f 2609 2256 2254
f 2612 2254 2251
f 2613 2251 2252
f 2616 2252 2313
f 2617 2313 2248
f 2620 2248 2236
f 2624 2621 2236
f 2624 2625 2621
f 2627 2624 2239
f 2628 2627 2247
f 2631 2628 2309
f 2632 2631 2310
f 2635 2632 2329
f 2636 2635 2331
f 2639 2636 2324
f 2640 2639 2326
f 2644 2643 2321
f 2643 2640 2321
f 2648 2647 2322
f 2647 2644 2322
f 2652 2651 2318
f 2651 2648 2318
f 2657 2655 2304
f 2655 2652 2304
f 2660 2659 2307
f 2659 2657 2307
f 2494 2662 2349
f 2662 2660 2349
f 2349 2347 2494
f 2307 2349 2660
f 2304 2307 2657
f 2318 2304 2652
f 2322 2318 2648
f 2321 2322 2644
f 2326 2321 2640
f 2324 2326 2639
f 2331 2324 2636
f 2329 2331 2635
f 2310 2329 2632
f 2309 2310 2631
f 2247 2309 2628
f 2239 2247 2627
f 2236 2239 2624
f 2236 2621 2620
f 2248 2620 2617
f 2313 2617 2616
f 2252 2616 2613
f 2251 2613 2612
f 2254 2612 2609
f 2256 2609 2608
f 2280 2608 2605
f 2279 2605 2604
f 2314 2601 2600
f 2285 2597 2596
f 2283 2593 2592
f 2289 2589 2588
f 2286 2585 2584
f 2665 2495 2496
f 2496 2666 2665
f 2581 2539 2240
f 2240 2259 2581
f 2668 2538 2582
f 2582 2671 2668
f 2676 2675 2672
f 2680 2676 2679
f 2684 2680 2683
f 2688 2684 2687
f 2692 2688 2691
f 2696 2692 2695
f 2700 2696 2699
f 2704 2700 2703
f 2708 2704 2707
f 2712 2708 2711
f 2717 2712 2715
f 2720 2717 2718
f 2725 2720 2722
f 2729 2725 2726
f 2495 2665 2730
f 2730 2663 2495
f 2661 2730 2732
f 2732 2658 2661
f 2656 2732 2735
f 2735 2654 2656
f 2653 2735 2736
f 2736 2650 2653
f 2649 2736 2739
f 2739 2646 2649
f 2645 2739 2741
f 2741 2642 2645
f 2641 2741 2742
f 2638 2742 2745
f 2637 2745 2747
f 2634 2747 2748
f 2633 2748 2751
f 2630 2751 2752
f 2629 2752 2754
f 2626 2754 2757
f 2622 2625 2675
f 2625 2672 2675
f 2623 2757 2672
f 2672 2625 2623
f 2619 2622 2758
f 2618 2619 2761
f 2615 2618 2763
f 2614 2615 2764
f 2611 2614 2767
f 2610 2611 2768
f 2607 2610 2771
f 2606 2607 2773
f 2602 2603 2774
f 2603 2606 2774
f 2598 2599 2776
f 2599 2602 2776
f 2594 2595 2779
f 2595 2598 2779
f 2590 2591 2781
f 2591 2594 2781
f 2586 2587 2782
f 2587 2590 2782
f 2582 2583 2784
f 2583 2586 2784
f 2784 2671 2582
f 2782 2784 2586
f 2781 2782 2590
f 2779 2781 2594
f 2776 2779 2598
f 2774 2776 2602
f 2773 2774 2606
f 2771 2773 2607
f 2768 2771 2610
f 2767 2768 2611
f 2764 2767 2614
f 2763 2764 2615
f 2761 2763 2618
f 2758 2761 2619
f 2675 2758 2622
f 2757 2623 2626
f 2754 2626 2629
f 2752 2629 2630
f 2751 2630 2633
f 2748 2633 2634
f 2747 2634 2637
f 2745 2637 2638
f 2742 2638 2641
f 2741 2641 2642
f 2739 2645 2646
f 2736 2649 2650
f 2735 2653 2654
f 2732 2656 2658
f 2730 2661 2663
f 2726 2787 2729
f 2722 2726 2725
f 2718 2722 2720
f 2715 2718 2717
f 2711 2715 2712
f 2707 2711 2708
f 2703 2707 2704
f 2699 2703 2700
f 2695 2699 2696
f 2691 2695 2692
f 2687 2691 2688
f 2683 2687 2684
f 2679 2683 2680
f 2672 2679 2676
f 2792 2791 2788
f 2797 2792 2795
f 2800 2797 2798
f 2804 2800 2802
f 2809 2804 2806
f 2813 2809 2810
f 2816 2813 2814
f 2820 2816 2819
f 2824 2820 2822
f 2829 2824 2827
f 2832 2829 2830
f 2836 2832 2834
f 2840 2836 2839
f 2845 2840 2842
f 2538 2668 2847
f 2847 2537 2538
f 2534 2847 2848
f 2848 2532 2534
f 2531 2848 2851
f 2851 2528 2531
f 2527 2851 2853
f 2853 2524 2527
f 2523 2853 2854
f 2854 2520 2523
f 2519 2854 2856
f 2856 2517 2519
f 2514 2856 2859
f 2513 2859 2861
f 2510 2861 2862
f 2509 2862 2865
f 2506 2865 2867
f 2505 2867 2868
f 2502 2868 2870
f 2500 2870 2872
f 2578 2580 2875
f 2499 2872 2845
f 2845 2580 2499
f 2845 2875 2580
f 2576 2578 2876
f 2575 2576 2879
f 2572 2575 2881
f 2570 2572 2882
f 2569 2570 2884
f 2567 2569 2887
f 2564 2567 2889
f 2563 2564 2890
f 2559 2560 2892
f 2560 2563 2892
f 2555 2556 2895
f 2556 2559 2895
f 2551 2552 2896
f 2552 2555 2896
f 2546 2548 2898
f 2548 2551 2898
f 2543 2545 2900
f 2545 2546 2900
f 2496 2541 2902
f 2541 2543 2902
f 2902 2666 2496
f 2900 2902 2543
f 2898 2900 2546
f 2896 2898 2551
f 2895 2896 2555
f 2892 2895 2559
f 2890 2892 2563
f 2889 2890 2564
f 2887 2889 2567
f 2884 2887 2569
f 2882 2884 2570
f 2881 2882 2572
f 2879 2881 2575
f 2876 2879 2576
f 2875 2876 2578
f 2872 2499 2500
f 2870 2500 2502
f 2868 2502 2505
f 2867 2505 2506
f 2865 2506 2509
f 2862 2509 2510
f 2861 2510 2513
f 2859 2513 2514
f 2856 2514 2517
f 2854 2519 2520
f 2853 2523 2524
f 2851 2527 2528
f 2848 2531 2532
f 2847 2534 2537
f 2842 2875 2845
f 2839 2842 2840
f 2834 2839 2836
f 2830 2834 2832
f 2827 2830 2829
f 2822 2827 2824
f 2819 2822 2820
f 2814 2819 2816
f 2810 2814 2813
f 2806 2810 2809
f 2802 2806 2804
f 2798 2802 2800
f 2795 2798 2797
f 2788 2795 2792
f 2667 2906 2904
f 2904 2664 2667
f 2911 2908 2786
f 2913 2911 2727
f 2914 2913 2723
f 2917 2914 2719
f 2918 2917 2714
f 2921 2918 2710
f 2922 2921 2706
f 2925 2922 2702
f 2926 2925 2698
f 2929 2926 2694
f 2930 2929 2690
f 2933 2930 2686
f 2934 2933 2682
f 2937 2934 2678
f 2938 2937 2673
f 2941 2938 2756
f 2942 2941 2755
f 2945 2942 2753
f 2946 2945 2750
f 2949 2946 2749
f 2950 2949 2746
f 2953 2950 2744
f 2954 2953 2743
f 2957 2954 2740
f 2958 2957 2738
f 2961 2958 2737
f 2962 2961 2734
f 2965 2962 2733
f 2904 2965 2731
f 2731 2664 2904
f 2733 2731 2965
f 2734 2733 2962
f 2737 2734 2961
f 2738 2737 2958
f 2740 2738 2957
f 2743 2740 2954
f 2744 2743 2953
f 2746 2744 2950
f 2749 2746 2949
f 2750 2749 2946
f 2753 2750 2945
f 2755 2753 2942
f 2756 2755 2941
f 2673 2756 2938
f 2678 2673 2937
f 2682 2678 2934
f 2686 2682 2933
f 2690 2686 2930
f 2694 2690 2929
f 2698 2694 2926
f 2702 2698 2925
f 2706 2702 2922
f 2710 2706 2921
f 2714 2710 2918
f 2719 2714 2917
f 2723 2719 2914
f 2727 2723 2913
f 2786 2727 2911
f 2966 2906 2667
f 2969 2966 2903
f 2970 2969 2901
f 2973 2970 2899
f 2974 2973 2897
f 2977 2974 2894
f 2978 2977 2893
f 2981 2978 2891
f 2982 2981 2888
f 2985 2982 2886
f 2986 2985 2885
f 2988 2986 2883
f 2991 2988 2880
f 2993 2991 2878
f 2994 2993 2877
f 2997 2994 2874
f 2998 2997 2843
f 3001 2998 2838
f 3002 3001 2835
f 3004 3002 2831
f 3006 3004 2826
f 3009 3006 2823
f 3010 3009 2818
f 3012 3010 2815
f 3015 3012 2811
f 3016 3015 2807
f 3019 3016 2803
f 3020 3019 2799
f 3023 3020 2794
f 2794 2789 3023
f 2799 2794 3020
f 2803 2799 3019
f 2807 2803 3016
f 2811 2807 3015
f 2815 2811 3012
f 2818 2815 3010
f 2823 2818 3009
f 2826 2823 3006
f 2831 2826 3004
f 2835 2831 3002
f 2838 2835 3001
f 2843 2838 2998
f 2874 2843 2997
f 2877 2874 2994
f 2878 2877 2993
f 2880 2878 2991
f 2883 2880 2988
f 2885 2883 2986
f 2886 2885 2985
f 2888 2886 2982
f 2891 2888 2981
f 2893 2891 2978
f 2894 2893 2977
f 2897 2894 2974
f 2899 2897 2973
f 2901 2899 2970
f 2903 2901 2969
f 2667 2903 2966
f 2786 2908 3023
f 3023 2789 2786
f 2992 2995 2989
f 2996 2999 2989
f 2987 2989 2999
f 2989 2995 2996
f 2932 2935 2936
f 2989 2990 2992
f 3000 3003 2984
f 2936 2939 2931
f 2943 2944 2931
f 2983 2984 3003
f 2984 2999 3000
f 2939 2940 2931
f 2944 2947 2931
f 2976 2979 3007
f 2999 2984 2987
f 3005 3007 2980
f 2928 2931 2951
f 2931 2940 2943
f 2948 2951 2931
f 2979 2980 3007
f 2980 3003 3005
f 3011 3013 2975
f 3021 3022 2975
f 2951 2927 2928
f 2931 2947 2948
f 2955 2956 2924
f 2967 2968 3022
f 3003 2980 2983
f 2975 3008 3011
f 3014 3017 2975
f 2975 3018 3021
f 2920 2923 2956
f 2936 2931 2932
f 2924 2952 2955
f 2964 2905 2919
f 2968 2971 3022
f 2972 2975 3022
f 2975 3007 3008
f 2975 3017 3018
f 2910 2912 2905
f 2923 2924 2956
f 2924 2951 2952
f 2959 2960 2919
f 2919 2963 2964
f 3022 2971 2972
f 2975 3013 3014
f 2912 2915 2905
f 2916 2919 2905
f 2951 2924 2927
f 2919 2960 2963
f 3007 2975 2976
f 2907 3022 2909
f 2905 2915 2916
f 2919 2956 2959
f 2909 2905 2907
f 2956 2919 2920
f 2905 2909 2910
f 3022 2907 2967
f 2670 3026 3024
f 3024 2669 2670
f 3031 3028 2790
f 3033 3031 2793
f 3034 3033 2796
f 3037 3034 2801
f 3039 3037 2805
f 3040 3039 2808
f 3042 3040 2812
f 3044 3042 2817
f 3047 3044 2821
f 3049 3047 2825
f 3051 3049 2828
f 3052 3051 2833
f 3055 3052 2837
f 3056 3055 2841
f 3058 3056 2844
f 3060 3058 2873
f 3063 3060 2871
f 3065 3063 2869
f 3067 3065 2866
f 3068 3067 2864
f 3071 3068 2863
f 3073 3071 2860
f 3074 3073 2858
f 3076 3074 2857
f 3079 3076 2855
f 3080 3079 2852
f 3083 3080 2850
f 3084 3083 2849
f 3024 3084 2846
f 2846 2669 3024
f 2849 2846 3084
f 2850 2849 3083
f 2852 2850 3080
f 2855 2852 3079
f 2857 2855 3076
f 2858 2857 3074
f 2860 2858 3073
f 2863 2860 3071
f 2864 2863 3068
f 2866 2864 3067
f 2869 2866 3065
f 2871 2869 3063
f 2873 2871 3060
f 2844 2873 3058
f 2841 2844 3056
f 2837 2841 3055
f 2833 2837 3052
f 2828 2833 3051
f 2825 2828 3049
f 2821 2825 3047
f 2817 2821 3044
f 2812 2817 3042
f 2808 2812 3040
f 2805 2808 3039
f 2801 2805 3037
f 2796 2801 3034
f 2793 2796 3033
f 2790 2793 3031
f 3086 3026 2670
f 3089 3086 2785
f 3090 3089 2783
f 3092 3090 2780
f 3094 3092 2778
f 3097 3094 2777
f 3098 3097 2775
f 3101 3098 2772
f 3102 3101 2770
f 3104 3102 2769
f 3106 3104 2766
f 3108 3106 2765
f 3110 3108 2762
f 3113 3110 2760
f 3114 3113 2759
f 3117 3114 2674
f 3119 3117 2677
f 3120 3119 2681
f 3122 3120 2685
f 3125 3122 2689
f 3127 3125 2693
f 3128 3127 2697
f 3130 3128 2701
f 3132 3130 2705
f 3135 3132 2709
f 3137 3135 2713
f 3138 3137 2716
f 3141 3138 2721
f 3142 3141 2724
f 2724 2728 3142
f 2721 2724 3141
f 2716 2721 3138
f 2713 2716 3137
f 2709 2713 3135
f 2705 2709 3132
f 2701 2705 3130
f 2697 2701 3128
f 2693 2697 3127
f 2689 2693 3125
f 2685 2689 3122
f 2681 2685 3120
f 2677 2681 3119
f 2674 2677 3117
f 2759 2674 3114
f 2760 2759 3113
f 2762 2760 3110
f 2765 2762 3108
f 2766 2765 3106
f 2769 2766 3104
f 2770 2769 3102
f 2772 2770 3101
f 2775 2772 3098
f 2777 2775 3097
f 2778 2777 3094
f 2780 2778 3092
f 2783 2780 3090
f 2785 2783 3089
f 2670 2785 3086
f 2790 3028 3142
f 3142 2728 2790
f 2729 2787 2788
f 2788 2791 2729
f 3103 3105 3115
f 3112 3115 3109
f 3081 3082 3045
f 3105 3107 3115
f 3109 3111 3112
f 3118 3121 3100
f 3134 3136 3100
f 3048 3050 3045
f 3053 3054 3045
f 3057 3059 3045
f 3045 3078 3081
f 3091 3093 3143
f 3115 3107 3109
f 3100 3116 3118
f 3124 3126 3100
f 3129 3131 3100
f 3100 3133 3134
f 3139 3140 3100
f 3035 3036 3082
f 3045 3050 3053
f 3059 3061 3045
f 3062 3064 3045
f 3070 3072 3045
f 3045 3077 3078
f 3093 3095 3143
f 3100 3115 3116
f 3100 3123 3124
f 3100 3131 3133
f 3140 3143 3100
f 3036 3038 3082
f 3045 3054 3057
f 3064 3066 3045
f 3045 3069 3070
f 3045 3075 3077
f 3095 3096 3143
f 3099 3100 3143
f 3100 3121 3123
f 3100 3136 3139
f 3038 3041 3082
f 3043 3045 3082
f 3045 3061 3062
f 3045 3072 3075
f 3143 3096 3099
f 3100 3126 3129
f 3082 3041 3043
f 3045 3066 3069
f 3087 3088 3143
f 3115 3100 3103
f 3030 3032 3082
f 3045 3046 3048
f 3143 3088 3091
f 3027 3143 3029
f 3082 3032 3035
f 3085 3025 3029
f 3029 3025 3027
f 3029 3082 3085
f 3082 3029 3030
f 3143 3027 3087

