# OBJ generated by ONSHAPE BY PTC INC, 1.213 Units = meters
mtllib ti_tray.mtl
g Assembly - TRAY v1
v 0.00388277 0.0236838 0.012875 
v 0.003268 0.0199339 0.012875 
v 0.00540407 0.0194637 0.012875 
v 0.00129933 0.0239648 0.012875 
v 0.00109361 0.0201704 0.012875 
v 0.00642068 0.0231252 0.012875 
v 0.00747679 0.0187653 0.012875 
v -0.00388277 0.0236838 0.012875 
v -0.003268 0.0199339 0.012875 
v -0.00109361 0.0201704 0.012875 
v -0.00642068 0.0231252 0.012875 
v -0.00540407 0.0194637 0.012875 
v -0.00129933 0.0239648 0.012875 
v -0.00888332 0.0222954 0.012875 
v -0.00747679 0.0187653 0.012875 
v 0.0134685 0.0198645 0.012875 
v 0.011336 0.0167193 0.012875 
v 0.0130772 0.0153957 0.012875 
v 0.0112418 0.0212043 0.012875 
v 0.00946185 0.0178469 0.012875 
v -0.0227437 0.00766324 0.012875 
v -0.0191426 0.00644989 0.012875 
v -0.018333 0.00848176 0.012875 
v -0.0234389 0.00515929 0.012875 
v -0.0197277 0.0043424 0.012875 
v -0.0238593 0.00259486 0.012875 
v -0.0200816 0.002184 0.012875 
v -0.024 1.46958e-18 0.012875 
v -0.0202 1.22465e-18 0.012875 
v -0.0217818 -0.0100773 0.012875 
v -0.018333 -0.00848176 0.012875 
v -0.0191426 -0.00644989 0.012875 
v -0.0205646 -0.0123733 0.012875 
v -0.0173085 -0.0104142 0.012875 
v -0.0112418 -0.0212043 0.012875 
v -0.00946185 -0.0178469 0.012875 
v -0.011336 -0.0167193 0.012875 
v -0.00888332 -0.0222954 0.012875 
v -0.00747679 -0.0187653 0.012875 
v 0.024 1.0287e-17 0.012875 
v 0.0238593 0.00259486 0.012875 
v 0.0200816 0.002184 0.012875 
v 0.0234389 0.00515929 0.012875 
v 0.0197277 0.0043424 0.012875 
v 0.0227437 0.00766324 0.012875 
v 0.0191426 0.00644989 0.012875 
v 0.0217818 0.0100773 0.012875 
v 0.018333 0.00848176 0.012875 
v 0.0205646 0.0123733 0.012875 
v 0.0173085 0.0104142 0.012875 
v 0.0191062 0.0145242 0.012875 
v 0.0160811 0.0122245 0.012875 
v 0.0174239 0.0165048 0.012875 
v 0.0146651 0.0138915 0.012875 
v 0.0155373 0.0182919 0.012875 
v 0.00888332 0.0222954 0.012875 
v -0.0112418 0.0212043 0.012875 
v -0.00946185 0.0178469 0.012875 
v -0.0174239 0.0165048 0.012875 
v -0.0146651 0.0138915 0.012875 
v -0.0130772 0.0153957 0.012875 
v -0.0191062 0.0145242 0.012875 
v -0.0160811 0.0122245 0.012875 
v -0.0205646 0.0123733 0.012875 
v -0.0173085 0.0104142 0.012875 
v -0.0217818 0.0100773 0.012875 
v -0.0238593 -0.00259486 0.012875 
v -0.0200816 -0.002184 0.012875 
v -0.0234389 -0.00515929 0.012875 
v -0.0197277 -0.0043424 0.012875 
v -0.0191062 -0.0145242 0.012875 
v -0.0160811 -0.0122245 0.012875 
v -0.0174239 -0.0165048 0.012875 
v -0.0155373 -0.0182919 0.012875 
v -0.0130772 -0.0153957 0.012875 
v -0.0134685 -0.0198645 0.012875 
v -0.00642068 -0.0231252 0.012875 
v -0.00540407 -0.0194637 0.012875 
v -0.0134685 0.0198645 0.012875 
v -0.011336 0.0167193 0.012875 
v -0.0155373 0.0182919 0.012875 
v -0.0227437 -0.00766324 0.012875 
v -0.0146651 -0.0138915 0.012875 
v -0.00388277 -0.0236838 0.012875 
v -0.003268 -0.0199339 0.012875 
v -0.00129933 -0.0239648 0.012875 
v -0.00109361 -0.0201704 0.012875 
v 0.00642068 -0.0231252 0.012875 
v 0.00540407 -0.0194637 0.012875 
v 0.003268 -0.0199339 0.012875 
v 0.00888332 -0.0222954 0.012875 
v 0.00747679 -0.0187653 0.012875 
v 0.0112418 -0.0212043 0.012875 
v 0.00946185 -0.0178469 0.012875 
v 0.0134685 -0.0198645 0.012875 
v 0.011336 -0.0167193 0.012875 
v 0.0155373 -0.0182919 0.012875 
v 0.0130772 -0.0153957 0.012875 
v 0.0174239 -0.0165048 0.012875 
v 0.0146651 -0.0138915 0.012875 
v 0.0234389 -0.00515929 0.012875 
v 0.0197277 -0.0043424 0.012875 
v 0.0191426 -0.00644989 0.012875 
v 0.0238593 -0.00259486 0.012875 
v 0.0200816 -0.002184 0.012875 
v 0.00129933 -0.0239648 0.012875 
v 0.00109361 -0.0201704 0.012875 
v 0.00388277 -0.0236838 0.012875 
v 0.0191062 -0.0145242 0.012875 
v 0.0160811 -0.0122245 0.012875 
v 0.0205646 -0.0123733 0.012875 
v 0.0173085 -0.0104142 0.012875 
v 0.0217818 -0.0100773 0.012875 
v 0.018333 -0.00848176 0.012875 
v 0.0227437 -0.00766324 0.012875 
v 0.0202 3.69843e-18 0.012875 
v -0.024 1.46958e-18 0.011075 
v -0.0234389 0.00515929 0.011075 
v -0.02365 0.0038716 0.011075 
v -0.0227437 0.00766324 0.011075 
v -0.0217818 0.0100773 0.011075 
v -0.0205646 0.0123733 0.011075 
v -0.0191062 0.0145242 0.011075 
v -0.0174239 0.0165048 0.011075 
v -0.01385 0.0195745 0.011075 
v -0.0134685 0.0198645 0.011075 
v -0.0112418 0.0212043 0.011075 
v -0.00888332 0.0222954 0.011075 
v -0.00642068 0.0231252 0.011075 
v -0.00388277 0.0236838 0.011075 
v -0.00129933 0.0239648 0.011075 
v 0.00129933 0.0239648 0.011075 
v 0.00388277 0.0236838 0.011075 
v 0.00642068 0.0231252 0.011075 
v 0.00888332 0.0222954 0.011075 
v 0.0112418 0.0212043 0.011075 
v 0.0155373 0.0182919 0.011075 
v 0.01385 0.0195745 0.011075 
v 0.0174239 0.0165048 0.011075 
v 0.0191062 0.0145242 0.011075 
v 0.0205646 0.0123733 0.011075 
v 0.0217818 0.0100773 0.011075 
v 0.0227437 0.00766324 0.011075 
v 0.02365 0.0038716 0.011075 
v 0.0238593 0.00259486 0.011075 
v 0.024 4.40873e-18 0.011075 
v 0.0234389 -0.00515929 0.011075 
v 0.02365 -0.0038716 0.011075 
v 0.0227437 -0.00766324 0.011075 
v 0.0217818 -0.0100773 0.011075 
v 0.0205646 -0.0123733 0.011075 
v 0.0191062 -0.0145242 0.011075 
v 0.0174239 -0.0165048 0.011075 
v 0.01385 -0.0195745 0.011075 
v 0.0134685 -0.0198645 0.011075 
v 0.0112418 -0.0212043 0.011075 
v 0.00888332 -0.0222954 0.011075 
v 0.00642068 -0.0231252 0.011075 
v 0.00388277 -0.0236838 0.011075 
v 0.00129933 -0.0239648 0.011075 
v -0.00129933 -0.0239648 0.011075 
v -0.00388277 -0.0236838 0.011075 
v -0.00642068 -0.0231252 0.011075 
v -0.00888332 -0.0222954 0.011075 
v -0.0112418 -0.0212043 0.011075 
v -0.0155373 -0.0182919 0.011075 
v -0.01385 -0.0195745 0.011075 
v -0.0174239 -0.0165048 0.011075 
v -0.0191062 -0.0145242 0.011075 
v -0.0205646 -0.0123733 0.011075 
v -0.0217818 -0.0100773 0.011075 
v -0.0227437 -0.00766324 0.011075 
v -0.02365 -0.0038716 0.011075 
v -0.0238593 -0.00259486 0.011075 
v -0.0234389 -0.00515929 0.011075 
v -0.0134685 -0.0198645 0.011075 
v 0.0155373 -0.0182919 0.011075 
v 0.0238593 -0.00259486 0.011075 
v 0.0234389 0.00515929 0.011075 
v 0.0134685 0.0198645 0.011075 
v -0.0155373 0.0182919 0.011075 
v -0.0238593 0.00259486 0.011075 
v -0.0200816 -0.002184 0.011075 
v -0.0202 1.22465e-18 0.011075 
v -0.0197277 -0.0043424 0.011075 
v -0.0191426 -0.00644989 0.011075 
v -0.018333 -0.00848176 0.011075 
v -0.0173085 -0.0104142 0.011075 
v -0.0160811 -0.0122245 0.011075 
v -0.0146651 -0.0138915 0.011075 
v -0.0130772 -0.0153957 0.011075 
v -0.011336 -0.0167193 0.011075 
v -0.00946185 -0.0178469 0.011075 
v -0.00747679 -0.0187653 0.011075 
v -0.00540407 -0.0194637 0.011075 
v -0.003268 -0.0199339 0.011075 
v -0.00109361 -0.0201704 0.011075 
v 0.00109361 -0.0201704 0.011075 
v 0.003268 -0.0199339 0.011075 
v 0.00540407 -0.0194637 0.011075 
v 0.00747679 -0.0187653 0.011075 
v 0.00946185 -0.0178469 0.011075 
v 0.011336 -0.0167193 0.011075 
v 0.0130772 -0.0153957 0.011075 
v 0.0146651 -0.0138915 0.011075 
v 0.0160811 -0.0122245 0.011075 
v 0.0173085 -0.0104142 0.011075 
v 0.018333 -0.00848176 0.011075 
v 0.0191426 -0.00644989 0.011075 
v 0.0197277 -0.0043424 0.011075 
v 0.0200816 -0.002184 0.011075 
v 0.0202 8.64601e-18 0.011075 
v 0.0200816 0.002184 0.011075 
v 0.0197277 0.0043424 0.011075 
v 0.0191426 0.00644989 0.011075 
v 0.018333 0.00848176 0.011075 
v 0.0173085 0.0104142 0.011075 
v 0.0160811 0.0122245 0.011075 
v 0.0146651 0.0138915 0.011075 
v 0.0130772 0.0153957 0.011075 
v 0.011336 0.0167193 0.011075 
v 0.00946185 0.0178469 0.011075 
v 0.00747679 0.0187653 0.011075 
v 0.00540407 0.0194637 0.011075 
v 0.003268 0.0199339 0.011075 
v 0.00109361 0.0201704 0.011075 
v -0.00109361 0.0201704 0.011075 
v -0.003268 0.0199339 0.011075 
v -0.00540407 0.0194637 0.011075 
v -0.00747679 0.0187653 0.011075 
v -0.00946185 0.0178469 0.011075 
v -0.011336 0.0167193 0.011075 
v -0.0130772 0.0153957 0.011075 
v -0.0146651 0.0138915 0.011075 
v -0.0160811 0.0122245 0.011075 
v -0.0173085 0.0104142 0.011075 
v -0.018333 0.00848176 0.011075 
v -0.0191426 0.00644989 0.011075 
v -0.0197277 0.0043424 0.011075 
v -0.0200816 0.002184 0.011075 
v 0.0119103 0.0071662 0.011075 
v 0.0110657 0.00841192 0.011075 
v 0.0131724 0.00443829 0.011075 
v 0.013575 0.00298809 0.011075 
v 0.0126153 0.00583646 0.011075 
v 0.0100913 0.00955902 0.011075 
v -0.00514492 -0.0129128 0.011075 
v -0.00651088 -0.0122808 0.011075 
v -0.00371864 -0.0133933 0.011075 
v 0.00224877 -0.0137169 0.011075 
v 0.00371864 -0.0133933 0.011075 
v -0.0119103 -0.0071662 0.011075 
v -0.0126153 -0.00583646 0.011075 
v -0.0110657 -0.00841192 0.011075 
v -0.0078005 -0.0115049 0.011075 
v -0.00224877 -0.0137169 0.011075 
v -0.000752531 -0.0138796 0.011075 
v 0.000752531 -0.0138796 0.011075 
v 0.00899867 0.0105941 0.011075 
v 0.0078005 0.0115049 0.011075 
v 0.00651088 0.0122808 0.011075 
v -0.0131724 -0.00443829 0.011075 
v 0.00514492 -0.0129128 0.011075 
v 0.0138185 0.00150285 0.011075 
v 0.00371864 0.0133933 0.011075 
v 0.00514492 0.0129128 0.011075 
v 0.00224877 0.0137169 0.011075 
v -0.0138185 -0.00150285 0.011075 
v -0.0139 0 0.011075 
v -0.013575 -0.00298809 0.011075 
v -0.0100913 -0.00955902 0.011075 
v -0.00899867 -0.0105941 0.011075 
v 0.00651088 -0.0122808 0.011075 
v 0.0078005 -0.0115049 0.011075 
v 0.000752531 0.0138796 0.011075 
v -0.000752531 0.0138796 0.011075 
v -0.00224877 0.0137169 0.011075 
v -0.00371864 0.0133933 0.011075 
v -0.00514492 0.0129128 0.011075 
v -0.00651088 0.0122808 0.011075 
v 0.00899867 -0.0105941 0.011075 
v 0.0100913 -0.00955902 0.011075 
v 0.0110657 -0.00841192 0.011075 
v 0.0119103 -0.0071662 0.011075 
v 0.0126153 -0.00583646 0.011075 
v 0.0131724 -0.00443829 0.011075 
v -0.0078005 0.0115049 0.011075 
v -0.0126153 0.00583646 0.011075 
v -0.0119103 0.0071662 0.011075 
v -0.0131724 0.00443829 0.011075 
v -0.0138185 0.00150285 0.011075 
v -0.013575 0.00298809 0.011075 
v 0.013575 -0.00298809 0.011075 
v 0.0138185 -0.00150285 0.011075 
v -0.00899867 0.0105941 0.011075 
v -0.0100913 0.00955902 0.011075 
v -0.0110657 0.00841192 0.011075 
v 0.0139 1.70226e-18 0.011075 
v -0.0138185 -0.00150285 0.009525 
v -0.0139 0 0.009525 
v -0.013575 -0.00298809 0.009525 
v -0.0131724 -0.00443829 0.009525 
v -0.0126153 -0.00583646 0.009525 
v -0.0119103 -0.0071662 0.009525 
v -0.0110657 -0.00841192 0.009525 
v -0.0100913 -0.00955902 0.009525 
v -0.00899867 -0.0105941 0.009525 
v -0.0078005 -0.0115049 0.009525 
v -0.00651088 -0.0122808 0.009525 
v -0.00514492 -0.0129128 0.009525 
v -0.00371864 -0.0133933 0.009525 
v -0.00224877 -0.0137169 0.009525 
v -0.000752531 -0.0138796 0.009525 
v 0.000752531 -0.0138796 0.009525 
v 0.00224877 -0.0137169 0.009525 
v 0.00371864 -0.0133933 0.009525 
v 0.00514492 -0.0129128 0.009525 
v 0.00651088 -0.0122808 0.009525 
v 0.0078005 -0.0115049 0.009525 
v 0.00899867 -0.0105941 0.009525 
v 0.0100913 -0.00955902 0.009525 
v 0.0110657 -0.00841192 0.009525 
v 0.0119103 -0.0071662 0.009525 
v 0.0126153 -0.00583646 0.009525 
v 0.0131724 -0.00443829 0.009525 
v 0.013575 -0.00298809 0.009525 
v 0.0138185 -0.00150285 0.009525 
v 0.0139 5.10678e-18 0.009525 
v 0.0138185 0.00150285 0.009525 
v 0.013575 0.00298809 0.009525 
v 0.0131724 0.00443829 0.009525 
v 0.0126153 0.00583646 0.009525 
v 0.0119103 0.0071662 0.009525 
v 0.0110657 0.00841192 0.009525 
v 0.0100913 0.00955902 0.009525 
v 0.00899867 0.0105941 0.009525 
v 0.0078005 0.0115049 0.009525 
v 0.00651088 0.0122808 0.009525 
v 0.00514492 0.0129128 0.009525 
v 0.00371864 0.0133933 0.009525 
v 0.00224877 0.0137169 0.009525 
v 0.000752531 0.0138796 0.009525 
v -0.000752531 0.0138796 0.009525 
v -0.00224877 0.0137169 0.009525 
v -0.00371864 0.0133933 0.009525 
v -0.00514492 0.0129128 0.009525 
v -0.00651088 0.0122808 0.009525 
v -0.0078005 0.0115049 0.009525 
v -0.00899867 0.0105941 0.009525 
v -0.0100913 0.00955902 0.009525 
v -0.0110657 0.00841192 0.009525 
v -0.0119103 0.0071662 0.009525 
v -0.0126153 0.00583646 0.009525 
v -0.0131724 0.00443829 0.009525 
v -0.013575 0.00298809 0.009525 
v -0.0138185 0.00150285 0.009525 
v -0.0153 -0.0375 0.009525 
v -0.0195 -0.0375 0.009525 
v -0.0191172 -0.0331797 0.009525 
v -0.0198213 -0.0332952 0.009525 
v -0.0194661 -0.0332565 0.009525 
v -0.0219721 -0.0371085 0.009525 
v -0.0227539 -0.0368084 0.009525 
v -0.0212215 -0.0330656 0.009525 
v -0.0235 -0.0364282 0.009525 
v -0.0215457 -0.0329156 0.009525 
v -0.0203362 -0.0374562 0.009525 
v -0.0201787 -0.0332952 0.009525 
v -0.0211633 -0.0373252 0.009525 
v -0.0205339 -0.0332565 0.009525 
v -0.0208828 -0.0331797 0.009525 
v -0.0242023 -0.0359721 0.009525 
v -0.0218519 -0.0327314 0.009525 
v -0.024853 -0.0354452 0.009525 
v -0.0221364 -0.0325151 0.009525 
v -0.0254452 -0.034853 0.009525 
v -0.0223958 -0.0322694 0.009525 
v -0.0167193 -0.0296432 0.009525 
v -0.0167772 -0.0292906 0.009525 
v -0.0168727 -0.0310537 0.009525 
v -0.0167772 -0.0307094 0.009525 
v -0.03 -0.0203 0.009525 
v -0.0208828 -0.0268203 0.009525 
v -0.0212215 -0.0269344 0.009525 
v -0.0191172 -0.0268203 0.009525 
v -0.0194661 -0.0267435 0.009525 
v -0.0173729 -0.0280029 0.009525 
v -0.0176042 -0.0277306 0.009525 
v -0.0168727 -0.0289463 0.009525 
v -0.017005 -0.0313856 0.009525 
v -0.0178636 -0.0325151 0.009525 
v -0.0176042 -0.0322694 0.009525 
v -0.0187785 -0.0330656 0.009525 
v -0.0184543 -0.0329156 0.009525 
v -0.0205339 -0.0267435 0.009525 
v -0.0201787 -0.0267048 0.009525 
v -0.0187785 -0.0269344 0.009525 
v -0.0171724 -0.0282987 0.009525 
v -0.017005 -0.0286144 0.009525 
v -0.0167 -0.03 0.009525 
v -0.0171724 -0.0317013 0.009525 
v -0.0173729 -0.0319971 0.009525 
v -0.0181481 -0.0327314 0.009525 
v -0.0268084 -0.0327539 0.009525 
v -0.0271085 -0.0319721 0.009525 
v -0.0231273 -0.0310537 0.009525 
v -0.0184543 -0.0270844 0.009525 
v -0.0178636 -0.0274849 0.009525 
v -0.0181481 -0.0272686 0.009525 
v -0.0167193 -0.0303568 0.009525 
v -0.0259721 -0.0342023 0.009525 
v -0.0226271 -0.0319971 0.009525 
v -0.0264282 -0.0335 0.009525 
v -0.0228276 -0.0317013 0.009525 
v -0.022995 -0.0313856 0.009525 
v -0.0232228 -0.0307094 0.009525 
v -0.0218519 -0.0272686 0.009525 
v -0.0221364 -0.0274849 0.009525 
v -0.0198213 -0.0267048 0.009525 
v -0.022995 -0.0286144 0.009525 
v -0.0231273 -0.0289463 0.009525 
v -0.0215457 -0.0270844 0.009525 
v -0.0274562 -0.0303362 0.009525 
v -0.0233 -0.03 0.009525 
v -0.0232807 -0.0303568 0.009525 
v -0.0228276 -0.0282987 0.009525 
v -0.0223958 -0.0277306 0.009525 
v -0.0226271 -0.0280029 0.009525 
v -0.0273252 -0.0311633 0.009525 
v -0.0232228 -0.0292906 0.009525 
v -0.0232807 -0.0296432 0.009525 
v -0.0275 -0.0295 0.009525 
v -0.0227539 0.0368084 0.009525 
v -0.0212215 0.0330656 0.009525 
v -0.0215457 0.0329156 0.009525 
v -0.0219721 0.0371085 0.009525 
v -0.0208828 0.0331797 0.009525 
v -0.0235 0.0364282 0.009525 
v -0.0218519 0.0327314 0.009525 
v -0.0211633 0.0373252 0.009525 
v -0.0205339 0.0332565 0.009525 
v -0.0203362 0.0374562 0.009525 
v -0.0201787 0.0332952 0.009525 
v -0.0153 0.0375 0.009525 
v -0.0181481 0.0327314 0.009525 
v -0.0184543 0.0329156 0.009525 
v -0.0173729 0.0319971 0.009525 
v -0.0176042 0.0322694 0.009525 
v -0.0167193 0.0303568 0.009525 
v -0.0167772 0.0307094 0.009525 
v -0.0195 0.0375 0.009525 
v -0.0198213 0.0332952 0.009525 
v -0.0191172 0.0331797 0.009525 
v -0.0194661 0.0332565 0.009525 
v -0.0187785 0.0330656 0.009525 
v -0.0178636 0.0325151 0.009525 
v -0.0171724 0.0317013 0.009525 
v -0.0168727 0.0310537 0.009525 
v -0.0198213 0.0267048 0.009525 
v -0.0194661 0.0267435 0.009525 
v -0.0208828 0.0268203 0.009525 
v -0.0205339 0.0267435 0.009525 
v -0.0215457 0.0270844 0.009525 
v -0.0212215 0.0269344 0.009525 
v -0.0223958 0.0277306 0.009525 
v -0.0221364 0.0274849 0.009525 
v -0.017005 0.0313856 0.009525 
v -0.0181481 0.0272686 0.009525 
v -0.0178636 0.0274849 0.009525 
v -0.0191172 0.0268203 0.009525 
v -0.0201787 0.0267048 0.009525 
v -0.0218519 0.0272686 0.009525 
v -0.0167193 0.0296432 0.009525 
v -0.0168727 0.0289463 0.009525 
v -0.0167772 0.0292906 0.009525 
v -0.0171724 0.0282987 0.009525 
v -0.017005 0.0286144 0.009525 
v -0.0176042 0.0277306 0.009525 
v -0.0275 0.0295 0.009525 
v -0.0228276 0.0282987 0.009525 
v -0.0232228 0.0292906 0.009525 
v -0.0231273 0.0289463 0.009525 
v -0.0268084 0.0327539 0.009525 
v -0.022995 0.0313856 0.009525 
v -0.0231273 0.0310537 0.009525 
v -0.0167 0.03 0.009525 
v -0.0173729 0.0280029 0.009525 
v -0.0187785 0.0269344 0.009525 
v -0.0184543 0.0270844 0.009525 
v -0.0226271 0.0280029 0.009525 
v -0.022995 0.0286144 0.009525 
v -0.0274562 0.0303362 0.009525 
v -0.0273252 0.0311633 0.009525 
v -0.0232807 0.0303568 0.009525 
v -0.0271085 0.0319721 0.009525 
v -0.0264282 0.0335 0.009525 
v -0.0228276 0.0317013 0.009525 
v -0.0259721 0.0342023 0.009525 
v -0.0226271 0.0319971 0.009525 
v -0.0254452 0.034853 0.009525 
v -0.0223958 0.0322694 0.009525 
v -0.024853 0.0354452 0.009525 
v -0.0221364 0.0325151 0.009525 
v -0.0242023 0.0359721 0.009525 
v -0.0233 0.03 0.009525 
v -0.0232228 0.0307094 0.009525 
v -0.0232807 0.0296432 0.009525 
v -0.03 0.0295 0.009525 
v 0.0275 -0.0203 0.009525 
v 0.0181481 0.0272686 0.009525 
v 0.0274562 0.0303362 0.009525 
v 0.0233 0.03 0.009525 
v 0.0232807 0.0303568 0.009525 
v 0.0275 0.0295 0.009525 
v 0.0232807 0.0296432 0.009525 
v 0.0268084 0.0327539 0.009525 
v 0.0271085 0.0319721 0.009525 
v 0.0231273 0.0310537 0.009525 
v 0.0273252 0.0311633 0.009525 
v 0.0232228 0.0307094 0.009525 
v 0.0201787 0.0267048 0.009525 
v 0.0176042 0.0277306 0.009525 
v 0.0178636 0.0274849 0.009525 
v 0.0264282 0.0335 0.009525 
v 0.022995 0.0313856 0.009525 
v 0.0187785 0.0269344 0.009525 
v 0.0173729 0.0280029 0.009525 
v 0.0232228 0.0292906 0.009525 
v 0.022995 0.0286144 0.009525 
v 0.0231273 0.0289463 0.009525 
v 0.0184543 0.0270844 0.009525 
v 0.0171724 0.0282987 0.009525 
v 0.0167193 0.0296432 0.009525 
v 0.0167772 0.0292906 0.009525 
v 0.017005 0.0313856 0.009525 
v 0.0168727 0.0310537 0.009525 
v 0.0195 0.0375 0.009525 
v 0.0184543 0.0329156 0.009525 
v 0.0181481 0.0327314 0.009525 
v 0.0194661 0.0332565 0.009525 
v 0.0191172 0.0331797 0.009525 
v 0.0211633 0.0373252 0.009525 
v 0.0205339 0.0332565 0.009525 
v 0.0201787 0.0332952 0.009525 
v 0.0219721 0.0371085 0.009525 
v 0.0208828 0.0331797 0.009525 
v 0.0254452 0.034853 0.009525 
v 0.0259721 0.0342023 0.009525 
v 0.0226271 0.0319971 0.009525 
v 0.0228276 0.0317013 0.009525 
v 0.0228276 0.0282987 0.009525 
v 0.0167772 0.0307094 0.009525 
v 0.0167193 0.0303568 0.009525 
v 0.0171724 0.0317013 0.009525 
v 0.0187785 0.0330656 0.009525 
v 0.0198213 0.0332952 0.009525 
v 0.0227539 0.0368084 0.009525 
v 0.0212215 0.0330656 0.009525 
v 0.0235 0.0364282 0.009525 
v 0.0215457 0.0329156 0.009525 
v 0.0242023 0.0359721 0.009525 
v 0.0218519 0.0327314 0.009525 
v 0.0226271 0.0280029 0.009525 
v 0.0205339 0.0267435 0.009525 
v 0.0208828 0.0268203 0.009525 
v 0.0176042 0.0322694 0.009525 
v 0.0173729 0.0319971 0.009525 
v 0.0203362 0.0374562 0.009525 
v 0.0223958 0.0277306 0.009525 
v 0.0212215 0.0269344 0.009525 
v 0.0215457 0.0270844 0.009525 
v 0.0168727 0.0289463 0.009525 
v 0.0178636 0.0325151 0.009525 
v 0.024853 0.0354452 0.009525 
v 0.0221364 0.0325151 0.009525 
v 0.0223958 0.0322694 0.009525 
v 0.0218519 0.0272686 0.009525 
v 0.0221364 0.0274849 0.009525 
v 0.0191172 0.0268203 0.009525 
v 0.017005 0.0286144 0.009525 
v 0.0167 0.03 0.009525 
v 0.0198213 0.0267048 0.009525 
v 0.0194661 0.0267435 0.009525 
v 0.0138541 -0.0550267 0.009525 
v 0.015 -0.0515 0.009525 
v 0.0149671 -0.0521272 0.009525 
v 0.0134589 -0.0555148 0.009525 
v 0.0147063 -0.0533541 0.009525 
v 0.0144813 -0.0539404 0.009525 
v 0.0141962 -0.0545 0.009525 
v 0.0148689 -0.0527475 0.009525 
v 0.0275 -0.0295 0.009525 
v 0.0274562 -0.0303362 0.009525 
v 0.0233 -0.03 0.009525 
v 0.0273252 -0.0311633 0.009525 
v 0.0232807 -0.0303568 0.009525 
v -0.0125267 -0.0563541 0.009525 
v -0.0141962 -0.0545 0.009525 
v -0.0144813 -0.0539404 0.009525 
v 0.0125267 -0.0563541 0.009525 
v 0.012 -0.0566962 0.009525 
v 0.0130148 -0.0559589 0.009525 
v 0.0242023 -0.0359721 0.009525 
v 0.0218519 -0.0327314 0.009525 
v 0.0221364 -0.0325151 0.009525 
v 0.0235 -0.0364282 0.009525 
v 0.0215457 -0.0329156 0.009525 
v 0.0219721 -0.0371085 0.009525 
v 0.0208828 -0.0331797 0.009525 
v 0.0212215 -0.0330656 0.009525 
v 0.0211633 -0.0373252 0.009525 
v 0.0205339 -0.0332565 0.009525 
v -0.0148689 -0.0527475 0.009525 
v -0.0149671 -0.0521272 0.009525 
v -0.0138541 -0.0550267 0.009525 
v -0.0130148 -0.0559589 0.009525 
v -0.015 -0.0515 0.009525 
v -0.0114404 -0.0569813 0.009525 
v -0.012 -0.0566962 0.009525 
v 0.0114404 -0.0569813 0.009525 
v 0.0191172 -0.0268203 0.009525 
v 0.0187785 -0.0269344 0.009525 
v 0.0194661 -0.0267435 0.009525 
v 0.022995 -0.0286144 0.009525 
v 0.0232228 -0.0292906 0.009525 
v 0.0231273 -0.0289463 0.009525 
v 0.0232807 -0.0296432 0.009525 
v 0.0271085 -0.0319721 0.009525 
v 0.0232228 -0.0307094 0.009525 
v 0.0268084 -0.0327539 0.009525 
v 0.022995 -0.0313856 0.009525 
v 0.0231273 -0.0310537 0.009525 
v 0.0227539 -0.0368084 0.009525 
v 0.0203362 -0.0374562 0.009525 
v 0.0201787 -0.0332952 0.009525 
v -0.0147063 -0.0533541 0.009525 
v -0.0134589 -0.0555148 0.009525 
v -0.0108541 -0.0572063 0.009525 
v -0.00962717 -0.0574671 0.009525 
v -0.0102475 -0.0573689 0.009525 
v 0.0108541 -0.0572063 0.009525 
v 0.0102475 -0.0573689 0.009525 
v 0.0167193 -0.0296432 0.009525 
v 0.0167 -0.03 0.009525 
v 0.017005 -0.0286144 0.009525 
v 0.0168727 -0.0289463 0.009525 
v 0.0184543 -0.0270844 0.009525 
v 0.0181481 -0.0272686 0.009525 
v 0.0221364 -0.0274849 0.009525 
v 0.0218519 -0.0272686 0.009525 
v 0.0264282 -0.0335 0.009525 
v 0.0228276 -0.0317013 0.009525 
v 0.015 -0.0375 0.009525 
v 0.0187785 -0.0330656 0.009525 
v 0.0191172 -0.0331797 0.009525 
v 0.0181481 -0.0327314 0.009525 
v 0.0184543 -0.0329156 0.009525 
v 0.0167772 -0.0292906 0.009525 
v 0.0171724 -0.0282987 0.009525 
v 0.0176042 -0.0277306 0.009525 
v 0.0173729 -0.0280029 0.009525 
v 0.0178636 -0.0274849 0.009525 
v 0.0198213 -0.0267048 0.009525 
v 0.0208828 -0.0268203 0.009525 
v 0.0205339 -0.0267435 0.009525 
v 0.0215457 -0.0270844 0.009525 
v 0.0212215 -0.0269344 0.009525 
v 0.0223958 -0.0277306 0.009525 
v 0.0228276 -0.0282987 0.009525 
v 0.0226271 -0.0280029 0.009525 
v 0.0259721 -0.0342023 0.009525 
v 0.0226271 -0.0319971 0.009525 
v 0.0254452 -0.034853 0.009525 
v 0.0223958 -0.0322694 0.009525 
v 0.0195 -0.0375 0.009525 
v 0.0198213 -0.0332952 0.009525 
v 0.0194661 -0.0332565 0.009525 
v 0.009 -0.0575 0.009525 
v 0.00962717 -0.0574671 0.009525 
v 0.0201787 -0.0267048 0.009525 
v 0.024853 -0.0354452 0.009525 
v 0.0176042 -0.0322694 0.009525 
v 0.0178636 -0.0325151 0.009525 
v 0.0171724 -0.0317013 0.009525 
v 0.0173729 -0.0319971 0.009525 
v 0.0167772 -0.0307094 0.009525 
v 0.0168727 -0.0310537 0.009525 
v -0.009 -0.0575 0.009525 
v 0.017005 -0.0313856 0.009525 
v 0.0167193 -0.0303568 0.009525 
v -0.015 -0.0375 0.009525 
v -0.03 -0.0295 0.009525 
v -0.0153 -0.0203 0.009525 
v 0.009 -0.0575 0.011075 
v 0.00962717 -0.0574671 0.011075 
v 0.0102475 -0.0573689 0.011075 
v 0.0108541 -0.0572063 0.011075 
v 0.0114404 -0.0569813 0.011075 
v 0.012302 -0.0565 0.011075 
v 0.0125267 -0.0563541 0.011075 
v 0.0130148 -0.0559589 0.011075 
v 0.0138541 -0.0550267 0.011075 
v 0.01385 -0.0550318 0.011075 
v 0.0141962 -0.0545 0.011075 
v 0.0144813 -0.0539404 0.011075 
v 0.0147063 -0.0533541 0.011075 
v 0.0148689 -0.0527475 0.011075 
v 0.0149671 -0.0521272 0.011075 
v 0.015 -0.0515 0.011075 
v 0.0134589 -0.0555148 0.011075 
v 0.012 -0.0566962 0.011075 
v -0.009 -0.0575 0.011075 
v -0.00962717 -0.0574671 0.011075 
v -0.0102475 -0.0573689 0.011075 
v -0.0108541 -0.0572063 0.011075 
v -0.0114404 -0.0569813 0.011075 
v -0.012 -0.0566962 0.011075 
v -0.012302 -0.0565 0.011075 
v -0.0125267 -0.0563541 0.011075 
v -0.0130148 -0.0559589 0.011075 
v -0.0134589 -0.0555148 0.011075 
v -0.01385 -0.0550318 0.011075 
v -0.0138541 -0.0550267 0.011075 
v -0.0141962 -0.0545 0.011075 
v -0.0144813 -0.0539404 0.011075 
v -0.0147063 -0.0533541 0.011075 
v -0.0148689 -0.0527475 0.011075 
v -0.0149671 -0.0521272 0.011075 
v -0.015 -0.0515 0.011075 
v -0.0275 0.0295 0.011075 
v -0.0274562 0.0303362 0.011075 
v -0.0273252 0.0311633 0.011075 
v -0.0271085 0.0319721 0.011075 
v -0.0268084 0.0327539 0.011075 
v -0.0264282 0.0335 0.011075 
v -0.0259721 0.0342023 0.011075 
v -0.0254452 0.034853 0.011075 
v -0.024853 0.0354452 0.011075 
v -0.0242023 0.0359721 0.011075 
v -0.02365 0.0363308 0.011075 
v -0.0235 0.0364282 0.011075 
v -0.0227539 0.0368084 0.011075 
v -0.0219721 0.0371085 0.011075 
v -0.0211633 0.0373252 0.011075 
v -0.0203362 0.0374562 0.011075 
v -0.0195 0.0375 0.011075 
v -0.01385 0.0375 0.011075 
v 0.01385 0.0375 0.011075 
v 0.0195 0.0375 0.011075 
v 0.0203362 0.0374562 0.011075 
v 0.0211633 0.0373252 0.011075 
v 0.0219721 0.0371085 0.011075 
v 0.0227539 0.0368084 0.011075 
v 0.0235 0.0364282 0.011075 
v 0.02365 0.0363308 0.011075 
v 0.0242023 0.0359721 0.011075 
v 0.024853 0.0354452 0.011075 
v 0.0254452 0.034853 0.011075 
v 0.0259721 0.0342023 0.011075 
v 0.0264282 0.0335 0.011075 
v 0.0268084 0.0327539 0.011075 
v 0.0271085 0.0319721 0.011075 
v 0.0273252 0.0311633 0.011075 
v 0.0274562 0.0303362 0.011075 
v 0.0275 0.0295 0.011075 
v 0.0275 0.02535 0.011075 
v 0.0275 -0.02535 0.011075 
v 0.0275 -0.0295 0.011075 
v 0.0274562 -0.0303362 0.011075 
v 0.0273252 -0.0311633 0.011075 
v 0.0271085 -0.0319721 0.011075 
v 0.0268084 -0.0327539 0.011075 
v 0.0264282 -0.0335 0.011075 
v 0.0259721 -0.0342023 0.011075 
v 0.0254452 -0.034853 0.011075 
v 0.024853 -0.0354452 0.011075 
v 0.0242914 -0.0359 0.011075 
v 0.0242023 -0.0359721 0.011075 
v 0.02365 -0.0363308 0.011075 
v 0.0235 -0.0364282 0.011075 
v 0.0227539 -0.0368084 0.011075 
v 0.0219721 -0.0371085 0.011075 
v 0.0211633 -0.0373252 0.011075 
v 0.0203362 -0.0374562 0.011075 
v 0.0195 -0.0375 0.011075 
v 0.015 -0.0375 0.011075 
v -0.015 -0.0375 0.011075 
v -0.0195 -0.0375 0.011075 
v -0.0203362 -0.0374562 0.011075 
v -0.0211633 -0.0373252 0.011075 
v -0.0219721 -0.0371085 0.011075 
v -0.0227539 -0.0368084 0.011075 
v -0.0235 -0.0364282 0.011075 
v -0.02365 -0.0363308 0.011075 
v -0.0242914 -0.0359 0.011075 
v -0.0242023 -0.0359721 0.011075 
v -0.024853 -0.0354452 0.011075 
v -0.0254452 -0.034853 0.011075 
v -0.0259721 -0.0342023 0.011075 
v -0.0264282 -0.0335 0.011075 
v -0.0268084 -0.0327539 0.011075 
v -0.0271085 -0.0319721 0.011075 
v -0.0273252 -0.0311633 0.011075 
v -0.0274562 -0.0303362 0.011075 
v -0.0275 -0.0295 0.011075 
v -0.0233 -0.03 0.011075 
v -0.0232807 -0.0303568 0.011075 
v -0.0232228 -0.0307094 0.011075 
v -0.0231273 -0.0310537 0.011075 
v -0.022995 -0.0313856 0.011075 
v -0.0228276 -0.0317013 0.011075 
v -0.0226271 -0.0319971 0.011075 
v -0.0223958 -0.0322694 0.011075 
v -0.0221364 -0.0325151 0.011075 
v -0.0218519 -0.0327314 0.011075 
v -0.0215457 -0.0329156 0.011075 
v -0.0212215 -0.0330656 0.011075 
v -0.0208828 -0.0331797 0.011075 
v -0.0205339 -0.0332565 0.011075 
v -0.0201787 -0.0332952 0.011075 
v -0.0198213 -0.0332952 0.011075 
v -0.0194661 -0.0332565 0.011075 
v -0.0191172 -0.0331797 0.011075 
v -0.0187785 -0.0330656 0.011075 
v -0.0184543 -0.0329156 0.011075 
v -0.0181481 -0.0327314 0.011075 
v -0.0178636 -0.0325151 0.011075 
v -0.0176042 -0.0322694 0.011075 
v -0.0173729 -0.0319971 0.011075 
v -0.0171724 -0.0317013 0.011075 
v -0.017005 -0.0313856 0.011075 
v -0.0168727 -0.0310537 0.011075 
v -0.0167772 -0.0307094 0.011075 
v -0.0167193 -0.0303568 0.011075 
v -0.0167 -0.03 0.011075 
v -0.0167193 -0.0296432 0.011075 
v -0.0167772 -0.0292906 0.011075 
v -0.0168727 -0.0289463 0.011075 
v -0.017005 -0.0286144 0.011075 
v -0.0171724 -0.0282987 0.011075 
v -0.0173729 -0.0280029 0.011075 
v -0.0176042 -0.0277306 0.011075 
v -0.0178636 -0.0274849 0.011075 
v -0.0181481 -0.0272686 0.011075 
v -0.0184543 -0.0270844 0.011075 
v -0.0187785 -0.0269344 0.011075 
v -0.0191172 -0.0268203 0.011075 
v -0.0194661 -0.0267435 0.011075 
v -0.0198213 -0.0267048 0.011075 
v -0.0201787 -0.0267048 0.011075 
v -0.0205339 -0.0267435 0.011075 
v -0.0208828 -0.0268203 0.011075 
v -0.0212215 -0.0269344 0.011075 
v -0.0215457 -0.0270844 0.011075 
v -0.0218519 -0.0272686 0.011075 
v -0.0221364 -0.0274849 0.011075 
v -0.0223958 -0.0277306 0.011075 
v -0.0226271 -0.0280029 0.011075 
v -0.0228276 -0.0282987 0.011075 
v -0.022995 -0.0286144 0.011075 
v -0.0231273 -0.0289463 0.011075 
v -0.0232228 -0.0292906 0.011075 
v -0.0232807 -0.0296432 0.011075 
v 0.0167 -0.03 0.011075 
v 0.0167193 -0.0303568 0.011075 
v 0.0167772 -0.0307094 0.011075 
v 0.0168727 -0.0310537 0.011075 
v 0.017005 -0.0313856 0.011075 
v 0.0171724 -0.0317013 0.011075 
v 0.0173729 -0.0319971 0.011075 
v 0.0176042 -0.0322694 0.011075 
v 0.0178636 -0.0325151 0.011075 
v 0.0181481 -0.0327314 0.011075 
v 0.0184543 -0.0329156 0.011075 
v 0.0187785 -0.0330656 0.011075 
v 0.0191172 -0.0331797 0.011075 
v 0.0194661 -0.0332565 0.011075 
v 0.0198213 -0.0332952 0.011075 
v 0.0201787 -0.0332952 0.011075 
v 0.0205339 -0.0332565 0.011075 
v 0.0208828 -0.0331797 0.011075 
v 0.0212215 -0.0330656 0.011075 
v 0.0215457 -0.0329156 0.011075 
v 0.0218519 -0.0327314 0.011075 
v 0.0221364 -0.0325151 0.011075 
v 0.0223958 -0.0322694 0.011075 
v 0.0226271 -0.0319971 0.011075 
v 0.0228276 -0.0317013 0.011075 
v 0.022995 -0.0313856 0.011075 
v 0.0231273 -0.0310537 0.011075 
v 0.0232228 -0.0307094 0.011075 
v 0.0232807 -0.0303568 0.011075 
v 0.0233 -0.03 0.011075 
v 0.0232807 -0.0296432 0.011075 
v 0.0232228 -0.0292906 0.011075 
v 0.0231273 -0.0289463 0.011075 
v 0.022995 -0.0286144 0.011075 
v 0.0228276 -0.0282987 0.011075 
v 0.0226271 -0.0280029 0.011075 
v 0.0223958 -0.0277306 0.011075 
v 0.0221364 -0.0274849 0.011075 
v 0.0218519 -0.0272686 0.011075 
v 0.0215457 -0.0270844 0.011075 
v 0.0212215 -0.0269344 0.011075 
v 0.0208828 -0.0268203 0.011075 
v 0.0205339 -0.0267435 0.011075 
v 0.0201787 -0.0267048 0.011075 
v 0.0198213 -0.0267048 0.011075 
v 0.0194661 -0.0267435 0.011075 
v 0.0191172 -0.0268203 0.011075 
v 0.0187785 -0.0269344 0.011075 
v 0.0184543 -0.0270844 0.011075 
v 0.0181481 -0.0272686 0.011075 
v 0.0178636 -0.0274849 0.011075 
v 0.0176042 -0.0277306 0.011075 
v 0.0173729 -0.0280029 0.011075 
v 0.0171724 -0.0282987 0.011075 
v 0.017005 -0.0286144 0.011075 
v 0.0168727 -0.0289463 0.011075 
v 0.0167772 -0.0292906 0.011075 
v 0.0167193 -0.0296432 0.011075 
v -0.0233 0.03 0.011075 
v -0.0232807 0.0296432 0.011075 
v -0.0232228 0.0292906 0.011075 
v -0.0231273 0.0289463 0.011075 
v -0.022995 0.0286144 0.011075 
v -0.0228276 0.0282987 0.011075 
v -0.0226271 0.0280029 0.011075 
v -0.0223958 0.0277306 0.011075 
v -0.0221364 0.0274849 0.011075 
v -0.0218519 0.0272686 0.011075 
v -0.0215457 0.0270844 0.011075 
v -0.0212215 0.0269344 0.011075 
v -0.0208828 0.0268203 0.011075 
v -0.0205339 0.0267435 0.011075 
v -0.0201787 0.0267048 0.011075 
v -0.0198213 0.0267048 0.011075 
v -0.0194661 0.0267435 0.011075 
v -0.0191172 0.0268203 0.011075 
v -0.0187785 0.0269344 0.011075 
v -0.0184543 0.0270844 0.011075 
v -0.0181481 0.0272686 0.011075 
v -0.0178636 0.0274849 0.011075 
v -0.0176042 0.0277306 0.011075 
v -0.0173729 0.0280029 0.011075 
v -0.0171724 0.0282987 0.011075 
v -0.017005 0.0286144 0.011075 
v -0.0168727 0.0289463 0.011075 
v -0.0167772 0.0292906 0.011075 
v -0.0167193 0.0296432 0.011075 
v -0.0167 0.03 0.011075 
v -0.0167193 0.0303568 0.011075 
v -0.0167772 0.0307094 0.011075 
v -0.0168727 0.0310537 0.011075 
v -0.017005 0.0313856 0.011075 
v -0.0171724 0.0317013 0.011075 
v -0.0173729 0.0319971 0.011075 
v -0.0176042 0.0322694 0.011075 
v -0.0178636 0.0325151 0.011075 
v -0.0181481 0.0327314 0.011075 
v -0.0184543 0.0329156 0.011075 
v -0.0187785 0.0330656 0.011075 
v -0.0191172 0.0331797 0.011075 
v -0.0194661 0.0332565 0.011075 
v -0.0198213 0.0332952 0.011075 
v -0.0201787 0.0332952 0.011075 
v -0.0205339 0.0332565 0.011075 
v -0.0208828 0.0331797 0.011075 
v -0.0212215 0.0330656 0.011075 
v -0.0215457 0.0329156 0.011075 
v -0.0218519 0.0327314 0.011075 
v -0.0221364 0.0325151 0.011075 
v -0.0223958 0.0322694 0.011075 
v -0.0226271 0.0319971 0.011075 
v -0.0228276 0.0317013 0.011075 
v -0.022995 0.0313856 0.011075 
v -0.0231273 0.0310537 0.011075 
v -0.0232228 0.0307094 0.011075 
v -0.0232807 0.0303568 0.011075 
v 0.0167 0.03 0.011075 
v 0.0167193 0.0296432 0.011075 
v 0.0167772 0.0292906 0.011075 
v 0.0168727 0.0289463 0.011075 
v 0.017005 0.0286144 0.011075 
v 0.0171724 0.0282987 0.011075 
v 0.0173729 0.0280029 0.011075 
v 0.0176042 0.0277306 0.011075 
v 0.0178636 0.0274849 0.011075 
v 0.0181481 0.0272686 0.011075 
v 0.0184543 0.0270844 0.011075 
v 0.0187785 0.0269344 0.011075 
v 0.0191172 0.0268203 0.011075 
v 0.0194661 0.0267435 0.011075 
v 0.0198213 0.0267048 0.011075 
v 0.0201787 0.0267048 0.011075 
v 0.0205339 0.0267435 0.011075 
v 0.0208828 0.0268203 0.011075 
v 0.0212215 0.0269344 0.011075 
v 0.0215457 0.0270844 0.011075 
v 0.0218519 0.0272686 0.011075 
v 0.0221364 0.0274849 0.011075 
v 0.0223958 0.0277306 0.011075 
v 0.0226271 0.0280029 0.011075 
v 0.0228276 0.0282987 0.011075 
v 0.022995 0.0286144 0.011075 
v 0.0231273 0.0289463 0.011075 
v 0.0232228 0.0292906 0.011075 
v 0.0232807 0.0296432 0.011075 
v 0.0233 0.03 0.011075 
v 0.0232807 0.0303568 0.011075 
v 0.0232228 0.0307094 0.011075 
v 0.0231273 0.0310537 0.011075 
v 0.022995 0.0313856 0.011075 
v 0.0228276 0.0317013 0.011075 
v 0.0226271 0.0319971 0.011075 
v 0.0223958 0.0322694 0.011075 
v 0.0221364 0.0325151 0.011075 
v 0.0218519 0.0327314 0.011075 
v 0.0215457 0.0329156 0.011075 
v 0.0212215 0.0330656 0.011075 
v 0.0208828 0.0331797 0.011075 
v 0.0205339 0.0332565 0.011075 
v 0.0201787 0.0332952 0.011075 
v 0.0198213 0.0332952 0.011075 
v 0.0194661 0.0332565 0.011075 
v 0.0191172 0.0331797 0.011075 
v 0.0187785 0.0330656 0.011075 
v 0.0184543 0.0329156 0.011075 
v 0.0181481 0.0327314 0.011075 
v 0.0178636 0.0325151 0.011075 
v 0.0176042 0.0322694 0.011075 
v 0.0173729 0.0319971 0.011075 
v 0.0171724 0.0317013 0.011075 
v 0.017005 0.0313856 0.011075 
v 0.0168727 0.0310537 0.011075 
v 0.0167772 0.0307094 0.011075 
v 0.0167193 0.0303568 0.011075 
v -0.028 0.0295 0.011075 
v -0.03 0.0295 0.013075 
v -0.028 0.0295 0.013075 
v -0.03 -0.0295 0.013075 
v -0.028 -0.0295 0.011075 
v -0.028 -0.0295 0.013075 
v -0.028 0.02535 0.011075 
v -0.028 0.028118 0.0149771 
v -0.028 0.0279158 0.0150313 
v -0.028 0.0288383 0.0145613 
v -0.028 0.0286756 0.014693 
v -0.028 0.0283135 0.0149021 
v -0.028 0.0285 0.0148071 
v -0.028 0.0292321 0.014075 
v -0.028 0.029118 0.0142506 
v -0.028 -0.02535 0.011075 
v -0.028 -0.0294021 0.013693 
v -0.028 -0.0294563 0.0134908 
v -0.028 0.0277091 0.015064 
v -0.028 0.0293271 0.0138885 
v -0.028 -0.029489 0.0132841 
v -0.028 -0.0285 0.0148071 
v -0.028 -0.0286756 0.014693 
v -0.028 -0.0279158 0.0150313 
v -0.028 -0.028118 0.0149771 
v -0.028 0.0289863 0.0144133 
v -0.028 0.0294021 0.013693 
v -0.028 0.029489 0.0132841 
v -0.028 0.0294563 0.0134908 
v -0.028 -0.0293271 0.0138885 
v -0.028 -0.029118 0.0142506 
v -0.028 -0.0292321 0.014075 
v -0.028 -0.0283135 0.0149021 
v -0.028 -0.0277091 0.015064 
v -0.028 -0.0288383 0.0145613 
v -0.028 -0.0289863 0.0144133 
v -0.028 -0.0275 0.015075 
v -0.028 0.0275 0.015075 
v -0.03 0.0277091 0.015064 
v -0.03 0.0285 0.0148071 
v -0.03 0.0286756 0.014693 
v -0.03 0.0283135 0.0149021 
v -0.03 0.0279158 0.0150313 
v -0.03 -0.028118 0.0149771 
v -0.03 -0.0279158 0.0150313 
v -0.03 -0.0288383 0.0145613 
v -0.03 -0.0286756 0.014693 
v -0.03 0.0275 0.015075 
v -0.03 0.0289863 0.0144133 
v -0.03 0.029118 0.0142506 
v -0.03 0.028118 0.0149771 
v -0.03 -0.0283135 0.0149021 
v -0.03 -0.0285 0.0148071 
v -0.03 -0.029489 0.0132841 
v -0.03 -0.0294563 0.0134908 
v -0.03 0.0292321 0.014075 
v -0.03 0.0288383 0.0145613 
v -0.03 0.0294021 0.013693 
v -0.03 0.0294563 0.0134908 
v -0.03 0.0293271 0.0138885 
v -0.03 -0.0277091 0.015064 
v -0.03 -0.029118 0.0142506 
v -0.03 -0.0289863 0.0144133 
v -0.03 -0.0293271 0.0138885 
v -0.03 -0.0292321 0.014075 
v -0.03 -0.0294021 0.013693 
v -0.03 0.029489 0.0132841 
v -0.03 -0.0275 0.015075 
v 0.0103108 -0.0537447 0.011075 
v 0.0100486 -0.0540895 0.011075 
v 0.0097508 -0.054404 0.011075 
v 0.010534 -0.0533736 0.011075 
v 0.0107159 -0.0529806 0.011075 
v 0.0108542 -0.0504299 0.011075 
v 0.0109473 -0.0508529 0.011075 
v -0.0109941 -0.0517166 0.011075 
v -0.0109941 -0.0512834 0.011075 
v 0.007 -0.0555 0.011075 
v 0.0108542 -0.0525701 0.011075 
v 0.0107159 -0.0500194 0.011075 
v -0.0109473 -0.0508529 0.011075 
v -0.0109473 -0.0521471 0.011075 
v -0.010534 -0.0533736 0.011075 
v -0.0107159 -0.0529806 0.011075 
v -0.0103108 -0.0537447 0.011075 
v -0.0100486 -0.0540895 0.011075 
v -0.007 -0.0555 0.011075 
v 0.00867956 -0.0551303 0.011075 
v 0.00827721 -0.0552906 0.011075 
v 0.0094207 -0.0546844 0.011075 
v 0.00906222 -0.0549274 0.011075 
v 0.010534 -0.0496264 0.011075 
v 0.0097508 -0.048596 0.011075 
v 0.0100486 -0.0489105 0.011075 
v 0.00906222 -0.0480726 0.011075 
v 0.0094207 -0.0483156 0.011075 
v -0.0094207 -0.0546844 0.011075 
v -0.0097508 -0.054404 0.011075 
v -0.00827721 -0.0552906 0.011075 
v -0.00867956 -0.0551303 0.011075 
v -0.00743248 -0.0554766 0.011075 
v -0.00785988 -0.0554065 0.011075 
v 0.00743248 -0.0554766 0.011075 
v 0.00785988 -0.0554065 0.011075 
v 0.0109941 -0.0517166 0.011075 
v 0.0109473 -0.0521471 0.011075 
v 0.0103108 -0.0492553 0.011075 
v 0.00785988 -0.0475935 0.011075 
v 0.00827721 -0.0477094 0.011075 
v -0.00827721 -0.0477094 0.011075 
v -0.00785988 -0.0475935 0.011075 
v -0.0108542 -0.0504299 0.011075 
v -0.0107159 -0.0500194 0.011075 
v -0.0108542 -0.0525701 0.011075 
v -0.00906222 -0.0549274 0.011075 
v 0.00743248 -0.0475234 0.011075 
v -0.00867956 -0.0478697 0.011075 
v -0.0094207 -0.0483156 0.011075 
v -0.00906222 -0.0480726 0.011075 
v -0.0100486 -0.0489105 0.011075 
v -0.0097508 -0.048596 0.011075 
v -0.010534 -0.0496264 0.011075 
v -0.0103108 -0.0492553 0.011075 
v 0.0109941 -0.0512834 0.011075 
v 0.00867956 -0.0478697 0.011075 
v 0.001 -0.0385 0.011075 
v 0.001 -0.0475 0.011075 
v 0.007 -0.0475 0.011075 
v -0.001 -0.0385 0.011075 
v -0.007 -0.0475 0.011075 
v -0.00743248 -0.0475234 0.011075 
v -0.001 -0.0475 0.011075 
v -0.02365 -0.0359 0.011075 
v -0.01385 -0.0359 0.011075 
v -0.01385 -0.02535 0.011075 
v -0.02365 -0.02535 0.011075 
v 0.01385 -0.0359 0.011075 
v 0.01385 -0.02535 0.011075 
v 0.02365 -0.0359 0.011075 
v 0.02365 -0.02535 0.011075 
v -0.01385 0.02535 0.011075 
v 0.01385 0.02535 0.011075 
v -0.02365 0.02535 0.011075 
v 0.02365 0.02535 0.011075 
v -0.001 -0.0385 0.014075 
v 0.001 -0.0385 0.014075 
v -0.001 -0.0385164 0.0143886 
v 0.001 -0.0385164 0.0143886 
v -0.001 -0.0385656 0.0146987 
v 0.001 -0.0385656 0.0146987 
v -0.001 -0.0386468 0.0150021 
v 0.001 -0.0386468 0.0150021 
v -0.001 -0.0387594 0.0152952 
v 0.001 -0.0387594 0.0152952 
v -0.001 -0.0389019 0.015575 
v 0.001 -0.0389019 0.015575 
v -0.001 -0.0390729 0.0158384 
v 0.001 -0.0390729 0.0158384 
v -0.001 -0.0392706 0.0160824 
v 0.001 -0.0392706 0.0160824 
v -0.001 -0.0394926 0.0163044 
v 0.001 -0.0394926 0.0163044 
v -0.001 -0.0397366 0.0165021 
v 0.001 -0.0397366 0.0165021 
v -0.001 -0.04 0.0166731 
v 0.001 -0.04 0.0166731 
v -0.001 -0.0402798 0.0168156 
v 0.001 -0.0402798 0.0168156 
v -0.001 -0.0405729 0.0169282 
v 0.001 -0.0405729 0.0169282 
v -0.001 -0.0408763 0.0170094 
v 0.001 -0.0408763 0.0170094 
v -0.001 -0.0411864 0.0170586 
v 0.001 -0.0411864 0.0170586 
v -0.001 -0.0415 0.017075 
v 0.001 -0.0415 0.017075 
v 0.001 -0.0465074 0.0178456 
v 0.001 -0.0467294 0.0180676 
v 0.001 -0.046 0.0174769 
v 0.001 -0.0462634 0.0176479 
v 0.001 -0.0454271 0.0172218 
v 0.001 -0.0457202 0.0173344 
v 0.001 -0.0448136 0.0170914 
v 0.001 -0.0451237 0.0171406 
v 0.001 -0.0445 0.017075 
v 0.001 -0.0474344 0.0194513 
v 0.001 -0.0474836 0.0197614 
v 0.001 -0.0472406 0.0188548 
v 0.001 -0.0473532 0.0191479 
v 0.001 -0.0469271 0.0183116 
v 0.001 -0.0470981 0.018575 
v 0.001 -0.0475 0.020075 
v -0.001 -0.0445 0.017075 
v -0.001 -0.0465074 0.0178456 
v -0.001 -0.0462634 0.0176479 
v -0.001 -0.0469271 0.0183116 
v -0.001 -0.0467294 0.0180676 
v -0.001 -0.0448136 0.0170914 
v -0.001 -0.0454271 0.0172218 
v -0.001 -0.0451237 0.0171406 
v -0.001 -0.046 0.0174769 
v -0.001 -0.0457202 0.0173344 
v -0.001 -0.0472406 0.0188548 
v -0.001 -0.0470981 0.018575 
v -0.001 -0.0474344 0.0194513 
v -0.001 -0.0473532 0.0191479 
v -0.001 -0.0475 0.020075 
v -0.001 -0.0474836 0.0197614 
v -0.007 -0.0475 0.03605 
v 0.007 -0.0475 0.03605 
v 0.0109941 -0.0517166 0.0398334 
v 0.0109473 -0.0521471 0.0394029 
v 0.0108542 -0.0525701 0.0389799 
v 0.0107159 -0.0529806 0.0385694 
v 0.010534 -0.0533736 0.0381764 
v 0.0103108 -0.0537447 0.0378053 
v 0.0100486 -0.0540895 0.0374605 
v 0.0097508 -0.054404 0.037146 
v 0.0094207 -0.0546844 0.0368656 
v 0.00924475 -0.0548108 0.0367392 
v 0.00906222 -0.0549274 0.0366226 
v 0.00887363 -0.055034 0.036516 
v 0.00867956 -0.0551303 0.0364197 
v 0.00848055 -0.0552159 0.0363341 
v 0.00827721 -0.0552906 0.0362594 
v 0.00807011 -0.0553542 0.0361958 
v 0.00785988 -0.0554065 0.0361435 
v 0.00764713 -0.0554473 0.0361027 
v 0.00743248 -0.0554766 0.0360734 
v 0.00721656 -0.0554941 0.0360559 
v 0.007 -0.0555 0.03605 
v 0.00721656 -0.0475059 0.0360559 
v 0.00743248 -0.0475234 0.0360734 
v 0.00764713 -0.0475527 0.0361027 
v 0.00785988 -0.0475935 0.0361435 
v 0.00807011 -0.0476458 0.0361958 
v 0.00827721 -0.0477094 0.0362594 
v 0.00848055 -0.0477841 0.0363341 
v 0.00867956 -0.0478697 0.0364197 
v 0.00887363 -0.047966 0.036516 
v 0.00906222 -0.0480726 0.0366226 
v 0.00924475 -0.0481892 0.0367392 
v 0.0094207 -0.0483156 0.0368656 
v 0.0097508 -0.048596 0.037146 
v 0.0100486 -0.0489105 0.0374605 
v 0.0103108 -0.0492553 0.0378053 
v 0.010534 -0.0496264 0.0381764 
v 0.0107159 -0.0500194 0.0385694 
v 0.0108542 -0.0504299 0.0389799 
v 0.0109473 -0.0508529 0.0394029 
v 0.0109941 -0.0512834 0.0398334 
v 0.011 -0.0515 0.04005 
v -0.007 -0.0555 0.03605 
v -0.00721656 -0.0554941 0.0360559 
v -0.00743248 -0.0554766 0.0360734 
v -0.00764713 -0.0554473 0.0361027 
v -0.00785988 -0.0554065 0.0361435 
v -0.00807011 -0.0553542 0.0361958 
v -0.00827721 -0.0552906 0.0362594 
v -0.00848055 -0.0552159 0.0363341 
v -0.00867956 -0.0551303 0.0364197 
v -0.00887363 -0.055034 0.036516 
v -0.00906222 -0.0549274 0.0366226 
v -0.00924475 -0.0548108 0.0367392 
v -0.0094207 -0.0546844 0.0368656 
v -0.0097508 -0.054404 0.037146 
v -0.0100486 -0.0540895 0.0374605 
v -0.0103108 -0.0537447 0.0378053 
v -0.010534 -0.0533736 0.0381764 
v -0.0107159 -0.0529806 0.0385694 
v -0.0108542 -0.0525701 0.0389799 
v -0.0109473 -0.0521471 0.0394029 
v -0.0109941 -0.0517166 0.0398334 
v -0.0109941 -0.0512834 0.0398334 
v -0.011 -0.0515 0.04005 
v -0.0109473 -0.0508529 0.0394029 
v -0.0108542 -0.0504299 0.0389799 
v -0.0107159 -0.0500194 0.0385694 
v -0.010534 -0.0496264 0.0381764 
v -0.0103108 -0.0492553 0.0378053 
v -0.0100486 -0.0489105 0.0374605 
v -0.0097508 -0.048596 0.037146 
v -0.0094207 -0.0483156 0.0368656 
v -0.00924475 -0.0481892 0.0367392 
v -0.00906222 -0.0480726 0.0366226 
v -0.00887363 -0.047966 0.036516 
v -0.00867956 -0.0478697 0.0364197 
v -0.00848055 -0.0477841 0.0363341 
v -0.00827721 -0.0477094 0.0362594 
v -0.00807011 -0.0476458 0.0361958 
v -0.00785988 -0.0475935 0.0361435 
v -0.00764713 -0.0475527 0.0361027 
v -0.00743248 -0.0475234 0.0360734 
v -0.00721656 -0.0475059 0.0360559 
v -0.007 -0.0415 0.03605 
v 0.007 -0.0415 0.03605 
v 0.007 -0.0615 0.03605 
v -0.007 -0.0615 0.03605 
v -0.0109941 -0.0415 0.0402666 
v -0.0109941 -0.0615 0.0402666 
v -0.0109473 -0.0615 0.0406971 
v -0.0109473 -0.0415 0.0406971 
v -0.0108542 -0.0615 0.0411201 
v -0.0108542 -0.0415 0.0411201 
v -0.0107159 -0.0615 0.0415306 
v -0.0107159 -0.0415 0.0415306 
v -0.010534 -0.0615 0.0419236 
v -0.010534 -0.0415 0.0419236 
v -0.0103108 -0.0615 0.0422947 
v -0.0103108 -0.0415 0.0422947 
v -0.0100486 -0.0615 0.0426395 
v -0.0100486 -0.0415 0.0426395 
v -0.0097508 -0.0615 0.042954 
v -0.0097508 -0.0415 0.042954 
v -0.0094207 -0.0615 0.0432344 
v -0.0094207 -0.0415 0.0432344 
v -0.00906222 -0.0615 0.0434774 
v -0.00906222 -0.0415 0.0434774 
v -0.00867956 -0.0615 0.0436803 
v -0.00867956 -0.0415 0.0436803 
v -0.00827721 -0.0615 0.0438406 
v -0.00827721 -0.0415 0.0438406 
v -0.00785988 -0.0615 0.0439565 
v -0.00785988 -0.0415 0.0439565 
v -0.00743248 -0.0615 0.0440266 
v -0.00743248 -0.0415 0.0440266 
v -0.007 -0.0615 0.04405 
v -0.00743248 -0.0415 0.0360734 
v -0.00785988 -0.0415 0.0361435 
v -0.00827721 -0.0415 0.0362594 
v -0.00867956 -0.0415 0.0364197 
v -0.00906222 -0.0415 0.0366226 
v -0.0094207 -0.0415 0.0368656 
v -0.0097508 -0.0415 0.037146 
v -0.0100486 -0.0415 0.0374605 
v -0.0103108 -0.0415 0.0378053 
v -0.010534 -0.0415 0.0381764 
v -0.0107159 -0.0415 0.0385694 
v -0.0108542 -0.0415 0.0389799 
v -0.0109473 -0.0415 0.0394029 
v -0.0109941 -0.0415 0.0398334 
v -0.0109941 -0.0615 0.0398334 
v -0.0109473 -0.0615 0.0394029 
v -0.0108542 -0.0615 0.0389799 
v -0.0107159 -0.0615 0.0385694 
v -0.010534 -0.0615 0.0381764 
v -0.0103108 -0.0615 0.0378053 
v -0.0100486 -0.0615 0.0374605 
v -0.0097508 -0.0615 0.037146 
v -0.0094207 -0.0615 0.0368656 
v -0.00906222 -0.0615 0.0366226 
v -0.00867956 -0.0615 0.0364197 
v -0.00827721 -0.0615 0.0362594 
v -0.00785988 -0.0615 0.0361435 
v -0.00743248 -0.0615 0.0360734 
v -0.007 -0.0415 0.04405 
v 0.007 -0.0415 0.04405 
v 0.007 -0.0615 0.04405 
v 0.00743248 -0.0615 0.0440266 
v 0.00743248 -0.0415 0.0440266 
v 0.00785988 -0.0615 0.0439565 
v 0.00785988 -0.0415 0.0439565 
v 0.00827721 -0.0615 0.0438406 
v 0.00827721 -0.0415 0.0438406 
v 0.00867956 -0.0615 0.0436803 
v 0.00867956 -0.0415 0.0436803 
v 0.00906222 -0.0615 0.0434774 
v 0.00906222 -0.0415 0.0434774 
v 0.0094207 -0.0615 0.0432344 
v 0.0094207 -0.0415 0.0432344 
v 0.0097508 -0.0615 0.042954 
v 0.0097508 -0.0415 0.042954 
v 0.0100486 -0.0615 0.0426395 
v 0.0100486 -0.0415 0.0426395 
v 0.0103108 -0.0615 0.0422947 
v 0.0103108 -0.0415 0.0422947 
v 0.010534 -0.0615 0.0419236 
v 0.010534 -0.0415 0.0419236 
v 0.0107159 -0.0615 0.0415306 
v 0.0107159 -0.0415 0.0415306 
v 0.0108542 -0.0615 0.0411201 
v 0.0108542 -0.0415 0.0411201 
v 0.0109473 -0.0615 0.0406971 
v 0.0109473 -0.0415 0.0406971 
v 0.0109941 -0.0615 0.0402666 
v 0.00743248 -0.0615 0.0360734 
v 0.00785988 -0.0615 0.0361435 
v 0.00827721 -0.0615 0.0362594 
v 0.00867956 -0.0615 0.0364197 
v 0.00906222 -0.0615 0.0366226 
v 0.0094207 -0.0615 0.0368656 
v 0.0097508 -0.0615 0.037146 
v 0.0100486 -0.0615 0.0374605 
v 0.0103108 -0.0615 0.0378053 
v 0.010534 -0.0615 0.0381764 
v 0.0107159 -0.0615 0.0385694 
v 0.0108542 -0.0615 0.0389799 
v 0.0109473 -0.0615 0.0394029 
v 0.0109941 -0.0615 0.0398334 
v 0.0109941 -0.0415 0.0402666 
v 0.0109941 -0.0415 0.0398334 
v 0.0109473 -0.0415 0.0394029 
v 0.0108542 -0.0415 0.0389799 
v 0.0107159 -0.0415 0.0385694 
v 0.010534 -0.0415 0.0381764 
v 0.0103108 -0.0415 0.0378053 
v 0.0100486 -0.0415 0.0374605 
v 0.0097508 -0.0415 0.037146 
v 0.0094207 -0.0415 0.0368656 
v 0.00906222 -0.0415 0.0366226 
v 0.00867956 -0.0415 0.0364197 
v 0.00827721 -0.0415 0.0362594 
v 0.00785988 -0.0415 0.0361435 
v 0.00743248 -0.0415 0.0360734 
v -0.007 -0.0395 0.03805 
v 0.007 -0.0395 0.03805 
v -0.007 -0.0395 0.04205 
v -0.00721624 -0.0395 0.0420383 
v -0.00742994 -0.0395 0.0420032 
v -0.0076386 -0.0395 0.0419453 
v -0.00783978 -0.0395 0.0418652 
v -0.00803111 -0.0395 0.0417637 
v -0.00821035 -0.0395 0.0416422 
v -0.0083754 -0.0395 0.041502 
v -0.00852432 -0.0395 0.0413448 
v -0.00865538 -0.0395 0.0411724 
v -0.00876702 -0.0395 0.0409868 
v -0.00885795 -0.0395 0.0407903 
v -0.0089271 -0.0395 0.0405851 
v -0.00897365 -0.0395 0.0403736 
v -0.00899707 -0.0395 0.0401583 
v -0.00899707 -0.0395 0.0399417 
v -0.00897365 -0.0395 0.0397264 
v -0.0089271 -0.0395 0.0395149 
v -0.00885795 -0.0395 0.0393097 
v -0.00876702 -0.0395 0.0391132 
v -0.00865538 -0.0395 0.0389276 
v -0.00852432 -0.0395 0.0387552 
v -0.0083754 -0.0395 0.038598 
v -0.00821035 -0.0395 0.0384578 
v -0.00803111 -0.0395 0.0383363 
v -0.00783978 -0.0395 0.0382348 
v -0.0076386 -0.0395 0.0381547 
v -0.00742994 -0.0395 0.0380968 
v -0.00721624 -0.0395 0.0380617 
v 0.00721624 -0.0395 0.0380617 
v 0.00742994 -0.0395 0.0380968 
v 0.0076386 -0.0395 0.0381547 
v 0.00783978 -0.0395 0.0382348 
v 0.00803111 -0.0395 0.0383363 
v 0.00821035 -0.0395 0.0384578 
v 0.0083754 -0.0395 0.038598 
v 0.00852432 -0.0395 0.0387552 
v 0.00865538 -0.0395 0.0389276 
v 0.00876702 -0.0395 0.0391132 
v 0.00885795 -0.0395 0.0393097 
v 0.0089271 -0.0395 0.0395149 
v 0.00897365 -0.0395 0.0397264 
v 0.00899707 -0.0395 0.0399417 
v 0.00899707 -0.0395 0.0401583 
v 0.00897365 -0.0395 0.0403736 
v 0.0089271 -0.0395 0.0405851 
v 0.00885795 -0.0395 0.0407903 
v 0.00876702 -0.0395 0.0409868 
v 0.00865538 -0.0395 0.0411724 
v 0.00852432 -0.0395 0.0413448 
v 0.0083754 -0.0395 0.041502 
v 0.00821035 -0.0395 0.0416422 
v 0.00803111 -0.0395 0.0417637 
v 0.00783978 -0.0395 0.0418652 
v 0.0076386 -0.0395 0.0419453 
v 0.00742994 -0.0395 0.0420032 
v 0.00721624 -0.0395 0.0420383 
v 0.007 -0.0395 0.04205 
v 0.007 -0.0635 0.03805 
v -0.007 -0.0635 0.03805 
v 0.007 -0.0635 0.04205 
v 0.00721624 -0.0635 0.0420383 
v 0.00742994 -0.0635 0.0420032 
v 0.0076386 -0.0635 0.0419453 
v 0.00783978 -0.0635 0.0418652 
v 0.00803111 -0.0635 0.0417637 
v 0.00821035 -0.0635 0.0416422 
v 0.0083754 -0.0635 0.041502 
v 0.00852432 -0.0635 0.0413448 
v 0.00865538 -0.0635 0.0411724 
v 0.00876702 -0.0635 0.0409868 
v 0.00885795 -0.0635 0.0407903 
v 0.0089271 -0.0635 0.0405851 
v 0.00897365 -0.0635 0.0403736 
v 0.00899707 -0.0635 0.0401583 
v 0.00899707 -0.0635 0.0399417 
v 0.00897365 -0.0635 0.0397264 
v 0.0089271 -0.0635 0.0395149 
v 0.00885795 -0.0635 0.0393097 
v 0.00876702 -0.0635 0.0391132 
v 0.00865538 -0.0635 0.0389276 
v 0.00852432 -0.0635 0.0387552 
v 0.0083754 -0.0635 0.038598 
v 0.00821035 -0.0635 0.0384578 
v 0.00803111 -0.0635 0.0383363 
v 0.00783978 -0.0635 0.0382348 
v 0.0076386 -0.0635 0.0381547 
v 0.00742994 -0.0635 0.0380968 
v 0.00721624 -0.0635 0.0380617 
v -0.00721624 -0.0635 0.0380617 
v -0.00742994 -0.0635 0.0380968 
v -0.0076386 -0.0635 0.0381547 
v -0.00783978 -0.0635 0.0382348 
v -0.00803111 -0.0635 0.0383363 
v -0.00821035 -0.0635 0.0384578 
v -0.0083754 -0.0635 0.038598 
v -0.00852432 -0.0635 0.0387552 
v -0.00865538 -0.0635 0.0389276 
v -0.00876702 -0.0635 0.0391132 
v -0.00885795 -0.0635 0.0393097 
v -0.0089271 -0.0635 0.0395149 
v -0.00897365 -0.0635 0.0397264 
v -0.00899707 -0.0635 0.0399417 
v -0.00899707 -0.0635 0.0401583 
v -0.00897365 -0.0635 0.0403736 
v -0.0089271 -0.0635 0.0405851 
v -0.00885795 -0.0635 0.0407903 
v -0.00876702 -0.0635 0.0409868 
v -0.00865538 -0.0635 0.0411724 
v -0.00852432 -0.0635 0.0413448 
v -0.0083754 -0.0635 0.041502 
v -0.00821035 -0.0635 0.0416422 
v -0.00803111 -0.0635 0.0417637 
v -0.00783978 -0.0635 0.0418652 
v -0.0076386 -0.0635 0.0419453 
v -0.00742994 -0.0635 0.0420032 
v -0.00721624 -0.0635 0.0420383 
v -0.007 -0.0635 0.04205 
vn 0 0 1 
vn -1 0 0 
vn -0.994138 0.108119 0 
vn -0.976621 0.21497 0 
vn -0.986864 0.161553 0 
vn -0.947653 0.319302 0 
vn -0.907575 0.419889 0 
vn -0.856857 0.515554 0 
vn -0.796093 0.605174 0 
vn -0.725995 0.687699 0 
vn -0.647386 0.762162 0 
vn -0.561187 0.827689 0 
vn -0.577593 0.816325 0 
vn -0.468408 0.883512 0 
vn -0.370138 0.928977 0 
vn -0.267528 0.96355 0 
vn -0.161782 0.986827 0 
vn -0.0541389 0.998533 0 
vn 0.0541389 0.998533 0 
vn 0.161782 0.986827 0 
vn 0.267528 0.96355 0 
vn 0.370138 0.928977 0 
vn 0.468408 0.883512 0 
vn 0.561187 0.827689 0 
vn 0.647386 0.762162 0 
vn 0.577593 0.816325 0 
vn 0.725995 0.687699 0 
vn 0.796093 0.605174 0 
vn 0.856857 0.515554 0 
vn 0.907575 0.419889 0 
vn 0.947653 0.319302 0 
vn 0.976621 0.21497 0 
vn 0.994138 0.108119 0 
vn 0.986864 0.161553 0 
vn 1 5.66554e-16 0 
vn 0.994138 -0.108119 0 
vn 0.976621 -0.21497 0 
vn 0.986864 -0.161553 0 
vn 0.947653 -0.319302 0 
vn 0.907575 -0.419889 0 
vn 0.856857 -0.515554 0 
vn 0.796093 -0.605174 0 
vn 0.725995 -0.687699 0 
vn 0.647386 -0.762162 0 
vn 0.561187 -0.827689 0 
vn 0.577593 -0.816325 0 
vn 0.468408 -0.883512 0 
vn 0.370138 -0.928977 0 
vn 0.267528 -0.96355 0 
vn 0.161782 -0.986827 0 
vn 0.0541389 -0.998533 0 
vn -0.0541389 -0.998533 0 
vn -0.161782 -0.986827 0 
vn -0.267528 -0.96355 0 
vn -0.370138 -0.928977 0 
vn -0.468408 -0.883512 0 
vn -0.561187 -0.827689 0 
vn -0.647386 -0.762162 0 
vn -0.577593 -0.816325 0 
vn -0.725995 -0.687699 0 
vn -0.796093 -0.605174 0 
vn -0.856857 -0.515554 0 
vn -0.907575 -0.419889 0 
vn -0.947653 -0.319302 0 
vn -0.976621 -0.21497 0 
vn -0.994138 -0.108119 0 
vn -0.986864 -0.161553 0 
vn -0.976621 -0.21497 0 
vn -0.561187 -0.827689 0 
vn 0.647386 -0.762162 0 
vn 0.994138 -0.108119 0 
vn 0.976621 0.21497 0 
vn 0.561187 0.827689 0 
vn -0.647386 0.762162 0 
vn -0.994138 0.108119 0 
vn 0.994138 0.108119 0 
vn 1 2.44929e-16 0 
vn 0.976621 0.21497 0 
vn 0.994138 0.108119 0 
vn 0.947653 0.319302 0 
vn 0.976621 0.21497 0 
vn 0.907575 0.419889 0 
vn 0.947653 0.319302 0 
vn 0.856857 0.515554 0 
vn 0.907575 0.419889 0 
vn 0.796093 0.605174 0 
vn 0.856857 0.515554 0 
vn 0.725995 0.687699 0 
vn 0.796093 0.605174 0 
vn 0.647386 0.762162 0 
vn 0.725995 0.687699 0 
vn 0.561187 0.827689 0 
vn 0.647386 0.762162 0 
vn 0.468408 0.883512 0 
vn 0.561187 0.827689 0 
vn 0.370138 0.928977 0 
vn 0.468408 0.883512 0 
vn 0.267528 0.96355 0 
vn 0.370138 0.928977 0 
vn 0.161782 0.986827 0 
vn 0.267528 0.96355 0 
vn 0.0541389 0.998533 0 
vn 0.161782 0.986827 0 
vn -0.0541389 0.998533 0 
vn 0.0541389 0.998533 0 
vn -0.161782 0.986827 0 
vn -0.0541389 0.998533 0 
vn -0.267528 0.96355 0 
vn -0.161782 0.986827 0 
vn -0.370138 0.928977 0 
vn -0.267528 0.96355 0 
vn -0.468408 0.883512 0 
vn -0.370138 0.928977 0 
vn -0.561187 0.827689 0 
vn -0.468408 0.883512 0 
vn -0.647386 0.762162 0 
vn -0.561187 0.827689 0 
vn -0.725995 0.687699 0 
vn -0.647386 0.762162 0 
vn -0.796093 0.605174 0 
vn -0.725995 0.687699 0 
vn -0.856857 0.515554 0 
vn -0.796093 0.605174 0 
vn -0.907575 0.419889 0 
vn -0.856857 0.515554 0 
vn -0.947653 0.319302 0 
vn -0.907575 0.419889 0 
vn -0.976621 0.21497 0 
vn -0.947653 0.319302 0 
vn -0.994138 0.108119 0 
vn -0.976621 0.21497 0 
vn -1 -5.66554e-16 0 
vn -0.994138 0.108119 0 
vn -0.994138 -0.108119 0 
vn -1 -1.22465e-16 0 
vn -0.976621 -0.21497 0 
vn -0.994138 -0.108119 0 
vn -0.947653 -0.319302 0 
vn -0.976621 -0.21497 0 
vn -0.907575 -0.419889 0 
vn -0.947653 -0.319302 0 
vn -0.856857 -0.515554 0 
vn -0.907575 -0.419889 0 
vn -0.796093 -0.605174 0 
vn -0.856857 -0.515554 0 
vn -0.725995 -0.687699 0 
vn -0.796093 -0.605174 0 
vn -0.647386 -0.762162 0 
vn -0.725995 -0.687699 0 
vn -0.561187 -0.827689 0 
vn -0.647386 -0.762162 0 
vn -0.468408 -0.883512 0 
vn -0.561187 -0.827689 0 
vn -0.370138 -0.928977 0 
vn -0.468408 -0.883512 0 
vn -0.267528 -0.96355 0 
vn -0.370138 -0.928977 0 
vn -0.161782 -0.986827 0 
vn -0.267528 -0.96355 0 
vn -0.0541389 -0.998533 0 
vn -0.161782 -0.986827 0 
vn 0.0541389 -0.998533 0 
vn -0.0541389 -0.998533 0 
vn 0.161782 -0.986827 0 
vn 0.0541389 -0.998533 0 
vn 0.267528 -0.96355 0 
vn 0.161782 -0.986827 0 
vn 0.370138 -0.928977 0 
vn 0.267528 -0.96355 0 
vn 0.468408 -0.883512 0 
vn 0.370138 -0.928977 0 
vn 0.561187 -0.827689 0 
vn 0.468408 -0.883512 0 
vn 0.647386 -0.762162 0 
vn 0.561187 -0.827689 0 
vn 0.725995 -0.687699 0 
vn 0.647386 -0.762162 0 
vn 0.796093 -0.605174 0 
vn 0.725995 -0.687699 0 
vn 0.856857 -0.515554 0 
vn 0.796093 -0.605174 0 
vn 0.907575 -0.419889 0 
vn 0.856857 -0.515554 0 
vn 0.947653 -0.319302 0 
vn 0.907575 -0.419889 0 
vn 0.976621 -0.21497 0 
vn 0.947653 -0.319302 0 
vn 0.994138 -0.108119 0 
vn 0.976621 -0.21497 0 
vn 0 0 1 
vn 0.994138 0.108119 0 
vn 1 2.44929e-16 0 
vn 0.976621 0.21497 0 
vn 0.994138 0.108119 0 
vn 0.947653 0.319302 0 
vn 0.976621 0.21497 0 
vn 0.907575 0.419889 0 
vn 0.947653 0.319302 0 
vn 0.856857 0.515554 0 
vn 0.907575 0.419889 0 
vn 0.796093 0.605174 0 
vn 0.856857 0.515554 0 
vn 0.725995 0.687699 0 
vn 0.796093 0.605174 0 
vn 0.647386 0.762162 0 
vn 0.725995 0.687699 0 
vn 0.561187 0.827689 0 
vn 0.647386 0.762162 0 
vn 0.468408 0.883512 0 
vn 0.561187 0.827689 0 
vn 0.370138 0.928977 0 
vn 0.468408 0.883512 0 
vn 0.267528 0.96355 0 
vn 0.370138 0.928977 0 
vn 0.161782 0.986827 0 
vn 0.267528 0.96355 0 
vn 0.0541389 0.998533 0 
vn 0.161782 0.986827 0 
vn -0.0541389 0.998533 0 
vn 0.0541389 0.998533 0 
vn -0.161782 0.986827 0 
vn -0.0541389 0.998533 0 
vn -0.267528 0.96355 0 
vn -0.161782 0.986827 0 
vn -0.370138 0.928977 0 
vn -0.267528 0.96355 0 
vn -0.468408 0.883512 0 
vn -0.370138 0.928977 0 
vn -0.561187 0.827689 0 
vn -0.468408 0.883512 0 
vn -0.647386 0.762162 0 
vn -0.561187 0.827689 0 
vn -0.725995 0.687699 0 
vn -0.647386 0.762162 0 
vn -0.796093 0.605174 0 
vn -0.725995 0.687699 0 
vn -0.856857 0.515554 0 
vn -0.796093 0.605174 0 
vn -0.907575 0.419889 0 
vn -0.856857 0.515554 0 
vn -0.947653 0.319302 0 
vn -0.907575 0.419889 0 
vn -0.976621 0.21497 0 
vn -0.947653 0.319302 0 
vn -0.994138 0.108119 0 
vn -0.976621 0.21497 0 
vn -1 -5.66554e-16 0 
vn -0.994138 0.108119 0 
vn -0.994138 -0.108119 0 
vn -1 -1.22465e-16 0 
vn -0.976621 -0.21497 0 
vn -0.994138 -0.108119 0 
vn -0.947653 -0.319302 0 
vn -0.976621 -0.21497 0 
vn -0.907575 -0.419889 0 
vn -0.947653 -0.319302 0 
vn -0.856857 -0.515554 0 
vn -0.907575 -0.419889 0 
vn -0.796093 -0.605174 0 
vn -0.856857 -0.515554 0 
vn -0.725995 -0.687699 0 
vn -0.796093 -0.605174 0 
vn -0.647386 -0.762162 0 
vn -0.725995 -0.687699 0 
vn -0.561187 -0.827689 0 
vn -0.647386 -0.762162 0 
vn -0.468408 -0.883512 0 
vn -0.561187 -0.827689 0 
vn -0.370138 -0.928977 0 
vn -0.468408 -0.883512 0 
vn -0.267528 -0.96355 0 
vn -0.370138 -0.928977 0 
vn -0.161782 -0.986827 0 
vn -0.267528 -0.96355 0 
vn -0.0541389 -0.998533 0 
vn -0.161782 -0.986827 0 
vn 0.0541389 -0.998533 0 
vn -0.0541389 -0.998533 0 
vn 0.161782 -0.986827 0 
vn 0.0541389 -0.998533 0 
vn 0.267528 -0.96355 0 
vn 0.161782 -0.986827 0 
vn 0.370138 -0.928977 0 
vn 0.267528 -0.96355 0 
vn 0.468408 -0.883512 0 
vn 0.370138 -0.928977 0 
vn 0.561187 -0.827689 0 
vn 0.468408 -0.883512 0 
vn 0.647386 -0.762162 0 
vn 0.561187 -0.827689 0 
vn 0.725995 -0.687699 0 
vn 0.647386 -0.762162 0 
vn 0.796093 -0.605174 0 
vn 0.725995 -0.687699 0 
vn 0.856857 -0.515554 0 
vn 0.796093 -0.605174 0 
vn 0.907575 -0.419889 0 
vn 0.856857 -0.515554 0 
vn 0.947653 -0.319302 0 
vn 0.907575 -0.419889 0 
vn 0.976621 -0.21497 0 
vn 0.947653 -0.319302 0 
vn 0.994138 -0.108119 0 
vn 0.976621 -0.21497 0 
vn 0 0 -1 
vn -2.89121e-16 -1 0 
vn 0.104528 -0.994522 0 
vn 0.207912 -0.978148 0 
vn 0.309017 -0.951057 0 
vn 0.406737 -0.913545 0 
vn 0.5 -0.866025 0 
vn 0.587785 -0.809017 0 
vn 0.55108 -0.834452 0 
vn 0.669131 -0.743145 0 
vn 0.743145 -0.669131 0 
vn 0.809017 -0.587785 0 
vn 0.808379 -0.588663 0 
vn 0.866025 -0.5 0 
vn 0.913545 -0.406737 0 
vn 0.951057 -0.309017 0 
vn 0.978148 -0.207912 0 
vn 0.994522 -0.104528 0 
vn 1 0 0 
vn 0.743145 -0.669131 0 
vn 0.5 -0.866025 0 
vn 2.89121e-16 -1 0 
vn -0.104528 -0.994522 0 
vn -0.207912 -0.978148 0 
vn -0.309017 -0.951057 0 
vn -0.406737 -0.913545 0 
vn -0.5 -0.866025 0 
vn -0.55108 -0.834452 0 
vn -0.587785 -0.809017 0 
vn -0.669131 -0.743145 0 
vn -0.743145 -0.669131 0 
vn -0.808379 -0.588663 0 
vn -0.809017 -0.587785 0 
vn -0.866025 -0.5 0 
vn -0.913545 -0.406737 0 
vn -0.951057 -0.309017 0 
vn -0.978148 -0.207912 0 
vn -0.994522 -0.104528 0 
vn -1 0 0 
vn -0.994522 0.104528 0 
vn -0.978148 0.207912 0 
vn -0.951057 0.309017 0 
vn -0.913545 0.406737 0 
vn -0.866025 0.5 0 
vn -0.809017 0.587785 0 
vn -0.743145 0.669131 0 
vn -0.669131 0.743145 0 
vn -0.587785 0.809017 0 
vn -0.519228 0.854636 0 
vn -0.5 0.866025 0 
vn -0.406737 0.913545 0 
vn -0.309017 0.951057 0 
vn -0.207912 0.978148 0 
vn -0.104528 0.994522 0 
vn 0 1 0 
vn 0.104528 0.994522 0 
vn 0.207912 0.978148 0 
vn 0.309017 0.951057 0 
vn 0.406737 0.913545 0 
vn 0.5 0.866025 0 
vn 0.587785 0.809017 0 
vn 0.519228 0.854636 0 
vn 0.669131 0.743145 0 
vn 0.743145 0.669131 0 
vn 0.809017 0.587785 0 
vn 0.866025 0.5 0 
vn 0.913545 0.406737 0 
vn 0.951057 0.309017 0 
vn 0.978148 0.207912 0 
vn 0.994522 0.104528 0 
vn 1 0 0 
vn 0.994522 -0.104528 0 
vn 0.978148 -0.207912 0 
vn 0.951057 -0.309017 0 
vn 0.913545 -0.406737 0 
vn 0.866025 -0.5 0 
vn 0.809017 -0.587785 0 
vn 0.743145 -0.669131 0 
vn 0.669131 -0.743145 0 
vn 0.599308 -0.800518 0 
vn 0.587785 -0.809017 0 
vn 0.519228 -0.854636 0 
vn 0.5 -0.866025 0 
vn 0.406737 -0.913545 0 
vn 0.309017 -0.951057 0 
vn 0.207912 -0.978148 0 
vn 0.104528 -0.994522 0 
vn 0 -1 0 
vn 1 0 0 
vn -1 0 0 
vn 0 -1 0 
vn -0.104528 -0.994522 0 
vn -0.207912 -0.978148 0 
vn -0.309017 -0.951057 0 
vn -0.406737 -0.913545 0 
vn -0.5 -0.866025 0 
vn -0.587785 -0.809017 0 
vn -0.519228 -0.854636 0 
vn -0.669131 -0.743145 0 
vn -0.599308 -0.800518 0 
vn -0.587785 -0.809017 0 
vn -0.669131 -0.743145 0 
vn -0.743145 -0.669131 0 
vn -0.809017 -0.587785 0 
vn -0.866025 -0.5 0 
vn -0.913545 -0.406737 0 
vn -0.951057 -0.309017 0 
vn -0.978148 -0.207912 0 
vn -0.994522 -0.104528 0 
vn -1 0 0 
vn 0.994138 0.108119 0 
vn 1 2.44929e-16 0 
vn 0.976621 0.21497 0 
vn 0.994138 0.108119 0 
vn 0.947653 0.319302 0 
vn 0.976621 0.21497 0 
vn 0.907575 0.419889 0 
vn 0.947653 0.319302 0 
vn 0.856857 0.515554 0 
vn 0.907575 0.419889 0 
vn 0.796093 0.605174 0 
vn 0.856857 0.515554 0 
vn 0.725995 0.687699 0 
vn 0.796093 0.605174 0 
vn 0.647386 0.762162 0 
vn 0.725995 0.687699 0 
vn 0.561187 0.827689 0 
vn 0.647386 0.762162 0 
vn 0.468408 0.883512 0 
vn 0.561187 0.827689 0 
vn 0.370138 0.928977 0 
vn 0.468408 0.883512 0 
vn 0.267528 0.96355 0 
vn 0.370138 0.928977 0 
vn 0.161782 0.986827 0 
vn 0.267528 0.96355 0 
vn 0.0541389 0.998533 0 
vn 0.161782 0.986827 0 
vn -0.0541389 0.998533 0 
vn 0.0541389 0.998533 0 
vn -0.161782 0.986827 0 
vn -0.0541389 0.998533 0 
vn -0.267528 0.96355 0 
vn -0.161782 0.986827 0 
vn -0.370138 0.928977 0 
vn -0.267528 0.96355 0 
vn -0.468408 0.883512 0 
vn -0.370138 0.928977 0 
vn -0.561187 0.827689 0 
vn -0.468408 0.883512 0 
vn -0.647386 0.762162 0 
vn -0.561187 0.827689 0 
vn -0.725995 0.687699 0 
vn -0.647386 0.762162 0 
vn -0.796093 0.605174 0 
vn -0.725995 0.687699 0 
vn -0.856857 0.515554 0 
vn -0.796093 0.605174 0 
vn -0.907575 0.419889 0 
vn -0.856857 0.515554 0 
vn -0.947653 0.319302 0 
vn -0.907575 0.419889 0 
vn -0.976621 0.21497 0 
vn -0.947653 0.319302 0 
vn -0.994138 0.108119 0 
vn -0.976621 0.21497 0 
vn -1 0 0 
vn -0.994138 0.108119 0 
vn -0.994138 -0.108119 0 
vn -1 0 0 
vn -0.976621 -0.21497 0 
vn -0.994138 -0.108119 0 
vn -0.947653 -0.319302 0 
vn -0.976621 -0.21497 0 
vn -0.907575 -0.419889 0 
vn -0.947653 -0.319302 0 
vn -0.856857 -0.515554 0 
vn -0.907575 -0.419889 0 
vn -0.796093 -0.605174 0 
vn -0.856857 -0.515554 0 
vn -0.725995 -0.687699 0 
vn -0.796093 -0.605174 0 
vn -0.647386 -0.762162 0 
vn -0.725995 -0.687699 0 
vn -0.561187 -0.827689 0 
vn -0.647386 -0.762162 0 
vn -0.468408 -0.883512 0 
vn -0.561187 -0.827689 0 
vn -0.370138 -0.928977 0 
vn -0.468408 -0.883512 0 
vn -0.267528 -0.96355 0 
vn -0.370138 -0.928977 0 
vn -0.161782 -0.986827 0 
vn -0.267528 -0.96355 0 
vn -0.0541389 -0.998533 0 
vn -0.161782 -0.986827 0 
vn 0.0541389 -0.998533 0 
vn -0.0541389 -0.998533 0 
vn 0.161782 -0.986827 0 
vn 0.0541389 -0.998533 0 
vn 0.267528 -0.96355 0 
vn 0.161782 -0.986827 0 
vn 0.370138 -0.928977 0 
vn 0.267528 -0.96355 0 
vn 0.468408 -0.883512 0 
vn 0.370138 -0.928977 0 
vn 0.561187 -0.827689 0 
vn 0.468408 -0.883512 0 
vn 0.647386 -0.762162 0 
vn 0.561187 -0.827689 0 
vn 0.725995 -0.687699 0 
vn 0.647386 -0.762162 0 
vn 0.796093 -0.605174 0 
vn 0.725995 -0.687699 0 
vn 0.856857 -0.515554 0 
vn 0.796093 -0.605174 0 
vn 0.907575 -0.419889 0 
vn 0.856857 -0.515554 0 
vn 0.947653 -0.319302 0 
vn 0.907575 -0.419889 0 
vn 0.976621 -0.21497 0 
vn 0.947653 -0.319302 0 
vn 0.994138 -0.108119 0 
vn 0.976621 -0.21497 0 
vn 0.994138 0.108119 0 
vn 1 2.44929e-16 0 
vn 0.976621 0.21497 0 
vn 0.994138 0.108119 0 
vn 0.947653 0.319302 0 
vn 0.976621 0.21497 0 
vn 0.907575 0.419889 0 
vn 0.947653 0.319302 0 
vn 0.856857 0.515554 0 
vn 0.907575 0.419889 0 
vn 0.796093 0.605174 0 
vn 0.856857 0.515554 0 
vn 0.725995 0.687699 0 
vn 0.796093 0.605174 0 
vn 0.647386 0.762162 0 
vn 0.725995 0.687699 0 
vn 0.561187 0.827689 0 
vn 0.647386 0.762162 0 
vn 0.468408 0.883512 0 
vn 0.561187 0.827689 0 
vn 0.370138 0.928977 0 
vn 0.468408 0.883512 0 
vn 0.267528 0.96355 0 
vn 0.370138 0.928977 0 
vn 0.161782 0.986827 0 
vn 0.267528 0.96355 0 
vn 0.0541389 0.998533 0 
vn 0.161782 0.986827 0 
vn -0.0541389 0.998533 0 
vn 0.0541389 0.998533 0 
vn -0.161782 0.986827 0 
vn -0.0541389 0.998533 0 
vn -0.267528 0.96355 0 
vn -0.161782 0.986827 0 
vn -0.370138 0.928977 0 
vn -0.267528 0.96355 0 
vn -0.468408 0.883512 0 
vn -0.370138 0.928977 0 
vn -0.561187 0.827689 0 
vn -0.468408 0.883512 0 
vn -0.647386 0.762162 0 
vn -0.561187 0.827689 0 
vn -0.725995 0.687699 0 
vn -0.647386 0.762162 0 
vn -0.796093 0.605174 0 
vn -0.725995 0.687699 0 
vn -0.856857 0.515554 0 
vn -0.796093 0.605174 0 
vn -0.907575 0.419889 0 
vn -0.856857 0.515554 0 
vn -0.947653 0.319302 0 
vn -0.907575 0.419889 0 
vn -0.976621 0.21497 0 
vn -0.947653 0.319302 0 
vn -0.994138 0.108119 0 
vn -0.976621 0.21497 0 
vn -1 0 0 
vn -0.994138 0.108119 0 
vn -0.994138 -0.108119 0 
vn -1 0 0 
vn -0.976621 -0.21497 0 
vn -0.994138 -0.108119 0 
vn -0.947653 -0.319302 0 
vn -0.976621 -0.21497 0 
vn -0.907575 -0.419889 0 
vn -0.947653 -0.319302 0 
vn -0.856857 -0.515554 0 
vn -0.907575 -0.419889 0 
vn -0.796093 -0.605174 0 
vn -0.856857 -0.515554 0 
vn -0.725995 -0.687699 0 
vn -0.796093 -0.605174 0 
vn -0.647386 -0.762162 0 
vn -0.725995 -0.687699 0 
vn -0.561187 -0.827689 0 
vn -0.647386 -0.762162 0 
vn -0.468408 -0.883512 0 
vn -0.561187 -0.827689 0 
vn -0.370138 -0.928977 0 
vn -0.468408 -0.883512 0 
vn -0.267528 -0.96355 0 
vn -0.370138 -0.928977 0 
vn -0.161782 -0.986827 0 
vn -0.267528 -0.96355 0 
vn -0.0541389 -0.998533 0 
vn -0.161782 -0.986827 0 
vn 0.0541389 -0.998533 0 
vn -0.0541389 -0.998533 0 
vn 0.161782 -0.986827 0 
vn 0.0541389 -0.998533 0 
vn 0.267528 -0.96355 0 
vn 0.161782 -0.986827 0 
vn 0.370138 -0.928977 0 
vn 0.267528 -0.96355 0 
vn 0.468408 -0.883512 0 
vn 0.370138 -0.928977 0 
vn 0.561187 -0.827689 0 
vn 0.468408 -0.883512 0 
vn 0.647386 -0.762162 0 
vn 0.561187 -0.827689 0 
vn 0.725995 -0.687699 0 
vn 0.647386 -0.762162 0 
vn 0.796093 -0.605174 0 
vn 0.725995 -0.687699 0 
vn 0.856857 -0.515554 0 
vn 0.796093 -0.605174 0 
vn 0.907575 -0.419889 0 
vn 0.856857 -0.515554 0 
vn 0.947653 -0.319302 0 
vn 0.907575 -0.419889 0 
vn 0.976621 -0.21497 0 
vn 0.947653 -0.319302 0 
vn 0.994138 -0.108119 0 
vn 0.976621 -0.21497 0 
vn 0.994138 0.108119 0 
vn 1 2.44929e-16 0 
vn 0.976621 0.21497 0 
vn 0.994138 0.108119 0 
vn 0.947653 0.319302 0 
vn 0.976621 0.21497 0 
vn 0.907575 0.419889 0 
vn 0.947653 0.319302 0 
vn 0.856857 0.515554 0 
vn 0.907575 0.419889 0 
vn 0.796093 0.605174 0 
vn 0.856857 0.515554 0 
vn 0.725995 0.687699 0 
vn 0.796093 0.605174 0 
vn 0.647386 0.762162 0 
vn 0.725995 0.687699 0 
vn 0.561187 0.827689 0 
vn 0.647386 0.762162 0 
vn 0.468408 0.883512 0 
vn 0.561187 0.827689 0 
vn 0.370138 0.928977 0 
vn 0.468408 0.883512 0 
vn 0.267528 0.96355 0 
vn 0.370138 0.928977 0 
vn 0.161782 0.986827 0 
vn 0.267528 0.96355 0 
vn 0.0541389 0.998533 0 
vn 0.161782 0.986827 0 
vn -0.0541389 0.998533 0 
vn 0.0541389 0.998533 0 
vn -0.161782 0.986827 0 
vn -0.0541389 0.998533 0 
vn -0.267528 0.96355 0 
vn -0.161782 0.986827 0 
vn -0.370138 0.928977 0 
vn -0.267528 0.96355 0 
vn -0.468408 0.883512 0 
vn -0.370138 0.928977 0 
vn -0.561187 0.827689 0 
vn -0.468408 0.883512 0 
vn -0.647386 0.762162 0 
vn -0.561187 0.827689 0 
vn -0.725995 0.687699 0 
vn -0.647386 0.762162 0 
vn -0.796093 0.605174 0 
vn -0.725995 0.687699 0 
vn -0.856857 0.515554 0 
vn -0.796093 0.605174 0 
vn -0.907575 0.419889 0 
vn -0.856857 0.515554 0 
vn -0.947653 0.319302 0 
vn -0.907575 0.419889 0 
vn -0.976621 0.21497 0 
vn -0.947653 0.319302 0 
vn -0.994138 0.108119 0 
vn -0.976621 0.21497 0 
vn -1 0 0 
vn -0.994138 0.108119 0 
vn -0.994138 -0.108119 0 
vn -1 0 0 
vn -0.976621 -0.21497 0 
vn -0.994138 -0.108119 0 
vn -0.947653 -0.319302 0 
vn -0.976621 -0.21497 0 
vn -0.907575 -0.419889 0 
vn -0.947653 -0.319302 0 
vn -0.856857 -0.515554 0 
vn -0.907575 -0.419889 0 
vn -0.796093 -0.605174 0 
vn -0.856857 -0.515554 0 
vn -0.725995 -0.687699 0 
vn -0.796093 -0.605174 0 
vn -0.647386 -0.762162 0 
vn -0.725995 -0.687699 0 
vn -0.561187 -0.827689 0 
vn -0.647386 -0.762162 0 
vn -0.468408 -0.883512 0 
vn -0.561187 -0.827689 0 
vn -0.370138 -0.928977 0 
vn -0.468408 -0.883512 0 
vn -0.267528 -0.96355 0 
vn -0.370138 -0.928977 0 
vn -0.161782 -0.986827 0 
vn -0.267528 -0.96355 0 
vn -0.0541389 -0.998533 0 
vn -0.161782 -0.986827 0 
vn 0.0541389 -0.998533 0 
vn -0.0541389 -0.998533 0 
vn 0.161782 -0.986827 0 
vn 0.0541389 -0.998533 0 
vn 0.267528 -0.96355 0 
vn 0.161782 -0.986827 0 
vn 0.370138 -0.928977 0 
vn 0.267528 -0.96355 0 
vn 0.468408 -0.883512 0 
vn 0.370138 -0.928977 0 
vn 0.561187 -0.827689 0 
vn 0.468408 -0.883512 0 
vn 0.647386 -0.762162 0 
vn 0.561187 -0.827689 0 
vn 0.725995 -0.687699 0 
vn 0.647386 -0.762162 0 
vn 0.796093 -0.605174 0 
vn 0.725995 -0.687699 0 
vn 0.856857 -0.515554 0 
vn 0.796093 -0.605174 0 
vn 0.907575 -0.419889 0 
vn 0.856857 -0.515554 0 
vn 0.947653 -0.319302 0 
vn 0.907575 -0.419889 0 
vn 0.976621 -0.21497 0 
vn 0.947653 -0.319302 0 
vn 0.994138 -0.108119 0 
vn 0.976621 -0.21497 0 
vn 0.994138 0.108119 0 
vn 1 2.44929e-16 0 
vn 0.976621 0.21497 0 
vn 0.994138 0.108119 0 
vn 0.947653 0.319302 0 
vn 0.976621 0.21497 0 
vn 0.907575 0.419889 0 
vn 0.947653 0.319302 0 
vn 0.856857 0.515554 0 
vn 0.907575 0.419889 0 
vn 0.796093 0.605174 0 
vn 0.856857 0.515554 0 
vn 0.725995 0.687699 0 
vn 0.796093 0.605174 0 
vn 0.647386 0.762162 0 
vn 0.725995 0.687699 0 
vn 0.561187 0.827689 0 
vn 0.647386 0.762162 0 
vn 0.468408 0.883512 0 
vn 0.561187 0.827689 0 
vn 0.370138 0.928977 0 
vn 0.468408 0.883512 0 
vn 0.267528 0.96355 0 
vn 0.370138 0.928977 0 
vn 0.161782 0.986827 0 
vn 0.267528 0.96355 0 
vn 0.0541389 0.998533 0 
vn 0.161782 0.986827 0 
vn -0.0541389 0.998533 0 
vn 0.0541389 0.998533 0 
vn -0.161782 0.986827 0 
vn -0.0541389 0.998533 0 
vn -0.267528 0.96355 0 
vn -0.161782 0.986827 0 
vn -0.370138 0.928977 0 
vn -0.267528 0.96355 0 
vn -0.468408 0.883512 0 
vn -0.370138 0.928977 0 
vn -0.561187 0.827689 0 
vn -0.468408 0.883512 0 
vn -0.647386 0.762162 0 
vn -0.561187 0.827689 0 
vn -0.725995 0.687699 0 
vn -0.647386 0.762162 0 
vn -0.796093 0.605174 0 
vn -0.725995 0.687699 0 
vn -0.856857 0.515554 0 
vn -0.796093 0.605174 0 
vn -0.907575 0.419889 0 
vn -0.856857 0.515554 0 
vn -0.947653 0.319302 0 
vn -0.907575 0.419889 0 
vn -0.976621 0.21497 0 
vn -0.947653 0.319302 0 
vn -0.994138 0.108119 0 
vn -0.976621 0.21497 0 
vn -1 0 0 
vn -0.994138 0.108119 0 
vn -0.994138 -0.108119 0 
vn -1 0 0 
vn -0.976621 -0.21497 0 
vn -0.994138 -0.108119 0 
vn -0.947653 -0.319302 0 
vn -0.976621 -0.21497 0 
vn -0.907575 -0.419889 0 
vn -0.947653 -0.319302 0 
vn -0.856857 -0.515554 0 
vn -0.907575 -0.419889 0 
vn -0.796093 -0.605174 0 
vn -0.856857 -0.515554 0 
vn -0.725995 -0.687699 0 
vn -0.796093 -0.605174 0 
vn -0.647386 -0.762162 0 
vn -0.725995 -0.687699 0 
vn -0.561187 -0.827689 0 
vn -0.647386 -0.762162 0 
vn -0.468408 -0.883512 0 
vn -0.561187 -0.827689 0 
vn -0.370138 -0.928977 0 
vn -0.468408 -0.883512 0 
vn -0.267528 -0.96355 0 
vn -0.370138 -0.928977 0 
vn -0.161782 -0.986827 0 
vn -0.267528 -0.96355 0 
vn -0.0541389 -0.998533 0 
vn -0.161782 -0.986827 0 
vn 0.0541389 -0.998533 0 
vn -0.0541389 -0.998533 0 
vn 0.161782 -0.986827 0 
vn 0.0541389 -0.998533 0 
vn 0.267528 -0.96355 0 
vn 0.161782 -0.986827 0 
vn 0.370138 -0.928977 0 
vn 0.267528 -0.96355 0 
vn 0.468408 -0.883512 0 
vn 0.370138 -0.928977 0 
vn 0.561187 -0.827689 0 
vn 0.468408 -0.883512 0 
vn 0.647386 -0.762162 0 
vn 0.561187 -0.827689 0 
vn 0.725995 -0.687699 0 
vn 0.647386 -0.762162 0 
vn 0.796093 -0.605174 0 
vn 0.725995 -0.687699 0 
vn 0.856857 -0.515554 0 
vn 0.796093 -0.605174 0 
vn 0.907575 -0.419889 0 
vn 0.856857 -0.515554 0 
vn 0.947653 -0.319302 0 
vn 0.907575 -0.419889 0 
vn 0.976621 -0.21497 0 
vn 0.947653 -0.319302 0 
vn 0.994138 -0.108119 0 
vn 0.976621 -0.21497 0 
vn 0 1 0 
vn 0 -1 0 
vn 1 0 0 
vn -1 0 0 
vn 0 -1 0 
vn 0 -0.994522 0.104528 
vn 0 -0.978148 0.207912 
vn 0 -0.951057 0.309017 
vn 0 -0.913545 0.406737 
vn 0 -0.866025 0.5 
vn 0 -0.809017 0.587785 
vn 0 -0.743145 0.669131 
vn 0 -0.669131 0.743145 
vn 0 -0.587785 0.809017 
vn 0 -0.5 0.866025 
vn 0 -0.406737 0.913545 
vn 0 -0.309017 0.951057 
vn 0 -0.207912 0.978148 
vn 0 -0.104528 0.994522 
vn 0 0 1 
vn 0 1 0 
vn 0 0.994522 0.104528 
vn 0 0.978148 0.207912 
vn 0 0.951057 0.309017 
vn 0 0.913545 0.406737 
vn 0 0.866025 0.5 
vn 0 0.809017 0.587785 
vn 0 0.743145 0.669131 
vn 0 0.669131 0.743145 
vn 0 0.587785 0.809017 
vn 0 0.5 0.866025 
vn 0 0.406737 0.913545 
vn 0 0.309017 0.951057 
vn 0 0.207912 0.978148 
vn 0 0.104528 0.994522 
vn 0 0 1 
vn 0 1 0 
vn 0 0.994522 0.104528 
vn 0 0.978148 0.207912 
vn 0 0.951057 0.309017 
vn 0 0.913545 0.406737 
vn 0 0.866025 0.5 
vn 0 0.809017 0.587785 
vn 0 0.743145 0.669131 
vn 0 0.669131 0.743145 
vn 0 0.587785 0.809017 
vn 0 0.5 0.866025 
vn 0 0.406737 0.913545 
vn 0 0.309017 0.951057 
vn 0 0.207912 0.978148 
vn 0 0.104528 0.994522 
vn 0 0 1 
vn 1 -4.81868e-17 0 
vn -1 4.81868e-17 0 
vn 0 0.104528 0.994522 
vn 0 0 1 
vn 0 0.207912 0.978148 
vn 0 0.104528 0.994522 
vn 0 0.309017 0.951057 
vn 0 0.207912 0.978148 
vn 0 0.406737 0.913545 
vn 0 0.309017 0.951057 
vn 0 0.5 0.866025 
vn 0 0.406737 0.913545 
vn 0 0.587785 0.809017 
vn 0 0.5 0.866025 
vn 0 0.669131 0.743145 
vn 0 0.587785 0.809017 
vn 0 0.743145 0.669131 
vn 0 0.669131 0.743145 
vn 0 0.809017 0.587785 
vn 0 0.743145 0.669131 
vn 0 0.866025 0.5 
vn 0 0.809017 0.587785 
vn 0 0.913545 0.406737 
vn 0 0.866025 0.5 
vn 0 0.951057 0.309017 
vn 0 0.913545 0.406737 
vn 0 0.978148 0.207912 
vn 0 0.951057 0.309017 
vn 0 0.994522 0.104528 
vn 0 0.978148 0.207912 
vn 0 1 0 
vn 0 0.994522 0.104528 
vn 0 0 1 
vn 0 1 0 
vn 0.998533 -0.0541389 0 
vn 0.986827 -0.161782 0 
vn 0.96355 -0.267528 0 
vn 0.928977 -0.370138 0 
vn 0.883512 -0.468408 0 
vn 0.827689 -0.561187 0 
vn 0.762162 -0.647386 0 
vn 0.687699 -0.725995 0 
vn 0.605174 -0.796093 0 
vn 0.561187 -0.827689 0 
vn 0.515554 -0.856857 0 
vn 0.468408 -0.883512 0 
vn 0.419889 -0.907575 0 
vn 0.370138 -0.928977 0 
vn 0.319302 -0.947653 0 
vn 0.267528 -0.96355 0 
vn 0.21497 -0.976621 0 
vn 0.161782 -0.986827 0 
vn 0.108119 -0.994138 0 
vn 0.0541389 -0.998533 0 
vn 0 -1 0 
vn 0.108119 0.994138 0 
vn 0 1 0 
vn 0.0541389 0.998533 0 
vn 0.21497 0.976621 0 
vn 0.108119 0.994138 0 
vn 0.161782 0.986827 0 
vn 0.319302 0.947653 0 
vn 0.21497 0.976621 0 
vn 0.267528 0.96355 0 
vn 0.419889 0.907575 0 
vn 0.319302 0.947653 0 
vn 0.370138 0.928977 0 
vn 0.515554 0.856857 0 
vn 0.419889 0.907575 0 
vn 0.468408 0.883512 0 
vn 0.605174 0.796093 0 
vn 0.515554 0.856857 0 
vn 0.561187 0.827689 0 
vn 0.687699 0.725995 0 
vn 0.605174 0.796093 0 
vn 0.762162 0.647386 0 
vn 0.687699 0.725995 0 
vn 0.827689 0.561187 0 
vn 0.762162 0.647386 0 
vn 0.883512 0.468408 0 
vn 0.827689 0.561187 0 
vn 0.928977 0.370138 0 
vn 0.883512 0.468408 0 
vn 0.96355 0.267528 0 
vn 0.928977 0.370138 0 
vn 0.986827 0.161782 0 
vn 0.96355 0.267528 0 
vn 0.998533 0.0541389 0 
vn 0.986827 0.161782 0 
vn 1 0 0 
vn 0 -1 0 
vn -0.108119 -0.994138 0 
vn -0.0541389 -0.998533 0 
vn -0.21497 -0.976621 0 
vn -0.108119 -0.994138 0 
vn -0.161782 -0.986827 0 
vn -0.319302 -0.947653 0 
vn -0.21497 -0.976621 0 
vn -0.267528 -0.96355 0 
vn -0.419889 -0.907575 0 
vn -0.319302 -0.947653 0 
vn -0.370138 -0.928977 0 
vn -0.515554 -0.856857 0 
vn -0.419889 -0.907575 0 
vn -0.468408 -0.883512 0 
vn -0.605174 -0.796093 0 
vn -0.515554 -0.856857 0 
vn -0.561187 -0.827689 0 
vn -0.687699 -0.725995 0 
vn -0.605174 -0.796093 0 
vn -0.762162 -0.647386 0 
vn -0.687699 -0.725995 0 
vn -0.827689 -0.561187 0 
vn -0.762162 -0.647386 0 
vn -0.883512 -0.468408 0 
vn -0.827689 -0.561187 0 
vn -0.928977 -0.370138 0 
vn -0.883512 -0.468408 0 
vn -0.96355 -0.267528 0 
vn -0.928977 -0.370138 0 
vn -0.986827 -0.161782 0 
vn -0.96355 -0.267528 0 
vn -0.998533 -0.0541389 0 
vn -0.986827 -0.161782 0 
vn -0.998533 0.0541389 0 
vn -1 0 0 
vn -0.986827 0.161782 0 
vn -0.96355 0.267528 0 
vn -0.928977 0.370138 0 
vn -0.883512 0.468408 0 
vn -0.827689 0.561187 0 
vn -0.762162 0.647386 0 
vn -0.687699 0.725995 0 
vn -0.605174 0.796093 0 
vn -0.561187 0.827689 0 
vn -0.515554 0.856857 0 
vn -0.468408 0.883512 0 
vn -0.419889 0.907575 0 
vn -0.370138 0.928977 0 
vn -0.319302 0.947653 0 
vn -0.267528 0.96355 0 
vn -0.21497 0.976621 0 
vn -0.161782 0.986827 0 
vn -0.108119 0.994138 0 
vn -0.0541389 0.998533 0 
vn 0 1 0 
vn 0 0 -1 
vn 0 -1 0 
vn -0.998533 0 0.0541389 
vn -0.986827 0 0.161782 
vn -0.96355 0 0.267528 
vn -0.928977 0 0.370138 
vn -0.883512 0 0.468408 
vn -0.827689 0 0.561187 
vn -0.762162 0 0.647386 
vn -0.687699 0 0.725995 
vn -0.605174 0 0.796093 
vn -0.515554 0 0.856857 
vn -0.419889 0 0.907575 
vn -0.319302 0 0.947653 
vn -0.21497 0 0.976621 
vn -0.108119 0 0.994138 
vn 0 0 1 
vn -0.108119 0 -0.994138 
vn 2.1684e-16 0 -1 
vn -0.0541389 0 -0.998533 
vn -0.21497 0 -0.976621 
vn -0.108119 0 -0.994138 
vn -0.161782 0 -0.986827 
vn -0.319302 0 -0.947653 
vn -0.21497 0 -0.976621 
vn -0.267528 0 -0.96355 
vn -0.419889 0 -0.907575 
vn -0.319302 0 -0.947653 
vn -0.370138 0 -0.928977 
vn -0.515554 0 -0.856857 
vn -0.419889 0 -0.907575 
vn -0.468408 0 -0.883512 
vn -0.605174 0 -0.796093 
vn -0.515554 0 -0.856857 
vn -0.561187 0 -0.827689 
vn -0.687699 0 -0.725995 
vn -0.605174 0 -0.796093 
vn -0.762162 0 -0.647386 
vn -0.687699 0 -0.725995 
vn -0.827689 0 -0.561187 
vn -0.762162 0 -0.647386 
vn -0.883512 0 -0.468408 
vn -0.827689 0 -0.561187 
vn -0.928977 0 -0.370138 
vn -0.883512 0 -0.468408 
vn -0.96355 0 -0.267528 
vn -0.928977 0 -0.370138 
vn -0.986827 0 -0.161782 
vn -0.96355 0 -0.267528 
vn -0.998533 0 -0.0541389 
vn -0.986827 0 -0.161782 
vn -1 0 0 
vn -0.998533 0 -0.0541389 
vn -0.986827 0 -0.161782 
vn -0.96355 0 -0.267528 
vn -0.928977 0 -0.370138 
vn -0.883512 0 -0.468408 
vn -0.827689 0 -0.561187 
vn -0.762162 0 -0.647386 
vn -0.687699 0 -0.725995 
vn -0.605174 0 -0.796093 
vn -0.561187 0 -0.827689 
vn -0.515554 0 -0.856857 
vn -0.468408 0 -0.883512 
vn -0.419889 0 -0.907575 
vn -0.370138 0 -0.928977 
vn -0.319302 0 -0.947653 
vn -0.267528 0 -0.96355 
vn -0.21497 0 -0.976621 
vn -0.161782 0 -0.986827 
vn -0.108119 0 -0.994138 
vn -0.0541389 0 -0.998533 
vn 2.1684e-16 0 -1 
vn 0 0 1 
vn 0.108119 0 0.994138 
vn 0.21497 0 0.976621 
vn 0.319302 0 0.947653 
vn 0.419889 0 0.907575 
vn 0.515554 0 0.856857 
vn 0.605174 0 0.796093 
vn 0.687699 0 0.725995 
vn 0.762162 0 0.647386 
vn 0.827689 0 0.561187 
vn 0.883512 0 0.468408 
vn 0.928977 0 0.370138 
vn 0.96355 0 0.267528 
vn 0.986827 0 0.161782 
vn 0.998533 0 0.0541389 
vn 0.108119 0 -0.994138 
vn 2.1684e-16 0 -1 
vn 0.0541389 0 -0.998533 
vn 0.21497 0 -0.976621 
vn 0.108119 0 -0.994138 
vn 0.161782 0 -0.986827 
vn 0.319302 0 -0.947653 
vn 0.21497 0 -0.976621 
vn 0.267528 0 -0.96355 
vn 0.419889 0 -0.907575 
vn 0.319302 0 -0.947653 
vn 0.370138 0 -0.928977 
vn 0.515554 0 -0.856857 
vn 0.419889 0 -0.907575 
vn 0.468408 0 -0.883512 
vn 0.605174 0 -0.796093 
vn 0.515554 0 -0.856857 
vn 0.561187 0 -0.827689 
vn 0.687699 0 -0.725995 
vn 0.605174 0 -0.796093 
vn 0.762162 0 -0.647386 
vn 0.687699 0 -0.725995 
vn 0.827689 0 -0.561187 
vn 0.762162 0 -0.647386 
vn 0.883512 0 -0.468408 
vn 0.827689 0 -0.561187 
vn 0.928977 0 -0.370138 
vn 0.883512 0 -0.468408 
vn 0.96355 0 -0.267528 
vn 0.928977 0 -0.370138 
vn 0.986827 0 -0.161782 
vn 0.96355 0 -0.267528 
vn 0.998533 0 -0.0541389 
vn 0.986827 0 -0.161782 
vn 0.998533 0 0.0541389 
vn 1 0 0 
vn 0.998533 0 -0.0541389 
vn 0.986827 0 -0.161782 
vn 0.96355 0 -0.267528 
vn 0.928977 0 -0.370138 
vn 0.883512 0 -0.468408 
vn 0.827689 0 -0.561187 
vn 0.762162 0 -0.647386 
vn 0.687699 0 -0.725995 
vn 0.605174 0 -0.796093 
vn 0.561187 0 -0.827689 
vn 0.515554 0 -0.856857 
vn 0.468408 0 -0.883512 
vn 0.419889 0 -0.907575 
vn 0.370138 0 -0.928977 
vn 0.319302 0 -0.947653 
vn 0.267528 0 -0.96355 
vn 0.21497 0 -0.976621 
vn 0.161782 0 -0.986827 
vn 0.108119 0 -0.994138 
vn 0.0541389 0 -0.998533 
vn 2.1684e-16 0 -1 
vn 0 0.707107 -0.707107 
vn 1.53329e-16 0.707107 0.707107 
vn -0.0764517 0.707107 0.702962 
vn -0.152007 0.707107 0.690575 
vn -0.22578 0.707107 0.670092 
vn -0.296906 0.707107 0.641753 
vn -0.364552 0.707107 0.60589 
vn -0.427923 0.707107 0.562923 
vn -0.486277 0.707107 0.513356 
vn -0.53893 0.707107 0.457771 
vn -0.585265 0.707107 0.396819 
vn -0.624737 0.707107 0.331215 
vn -0.656886 0.707107 0.261727 
vn -0.681333 0.707107 0.189171 
vn -0.697792 0.707107 0.114397 
vn -0.70607 0.707107 0.038282 
vn -0.70607 0.707107 -0.038282 
vn -0.697792 0.707107 -0.114397 
vn -0.681333 0.707107 -0.189171 
vn -0.656886 0.707107 -0.261727 
vn -0.624737 0.707107 -0.331215 
vn -0.585265 0.707107 -0.396819 
vn -0.53893 0.707107 -0.457771 
vn -0.486277 0.707107 -0.513356 
vn -0.427923 0.707107 -0.562923 
vn -0.364552 0.707107 -0.60589 
vn -0.296906 0.707107 -0.641753 
vn -0.22578 0.707107 -0.670092 
vn -0.152007 0.707107 -0.690575 
vn -0.0764517 0.707107 -0.702962 
vn 0 0.707107 -0.707107 
vn 0.0764517 0.707107 -0.702962 
vn 0.152007 0.707107 -0.690575 
vn 0.22578 0.707107 -0.670092 
vn 0.296906 0.707107 -0.641753 
vn 0.364552 0.707107 -0.60589 
vn 0.427923 0.707107 -0.562923 
vn 0.486277 0.707107 -0.513356 
vn 0.53893 0.707107 -0.457771 
vn 0.585265 0.707107 -0.396819 
vn 0.624737 0.707107 -0.331215 
vn 0.656886 0.707107 -0.261727 
vn 0.681333 0.707107 -0.189171 
vn 0.697792 0.707107 -0.114397 
vn 0.70607 0.707107 -0.038282 
vn 0.70607 0.707107 0.038282 
vn 0.697792 0.707107 0.114397 
vn 0.681333 0.707107 0.189171 
vn 0.656886 0.707107 0.261727 
vn 0.624737 0.707107 0.331215 
vn 0.585265 0.707107 0.396819 
vn 0.53893 0.707107 0.457771 
vn 0.486277 0.707107 0.513356 
vn 0.427923 0.707107 0.562923 
vn 0.364552 0.707107 0.60589 
vn 0.296906 0.707107 0.641753 
vn 0.22578 0.707107 0.670092 
vn 0.152007 0.707107 0.690575 
vn 0.0764517 0.707107 0.702962 
vn 0 0.707107 0.707107 
vn 0 1 0 
vn 0 -0.707107 -0.707107 
vn 0 -0.707107 0.707107 
vn 0.0764517 -0.707107 0.702962 
vn 0.152007 -0.707107 0.690575 
vn 0.22578 -0.707107 0.670092 
vn 0.296906 -0.707107 0.641753 
vn 0.364552 -0.707107 0.60589 
vn 0.427923 -0.707107 0.562923 
vn 0.486277 -0.707107 0.513356 
vn 0.53893 -0.707107 0.457771 
vn 0.585265 -0.707107 0.396819 
vn 0.624737 -0.707107 0.331215 
vn 0.656886 -0.707107 0.261727 
vn 0.681333 -0.707107 0.189171 
vn 0.697792 -0.707107 0.114397 
vn 0.70607 -0.707107 0.038282 
vn 0.70607 -0.707107 -0.038282 
vn 0.697792 -0.707107 -0.114397 
vn 0.681333 -0.707107 -0.189171 
vn 0.656886 -0.707107 -0.261727 
vn 0.624737 -0.707107 -0.331215 
vn 0.585265 -0.707107 -0.396819 
vn 0.53893 -0.707107 -0.457771 
vn 0.486277 -0.707107 -0.513356 
vn 0.427923 -0.707107 -0.562923 
vn 0.364552 -0.707107 -0.60589 
vn 0.296906 -0.707107 -0.641753 
vn 0.22578 -0.707107 -0.670092 
vn 0.152007 -0.707107 -0.690575 
vn 0.0764517 -0.707107 -0.702962 
vn 0 -0.707107 -0.707107 
vn -0.0764517 -0.707107 -0.702962 
vn -0.152007 -0.707107 -0.690575 
vn -0.22578 -0.707107 -0.670092 
vn -0.296906 -0.707107 -0.641753 
vn -0.364552 -0.707107 -0.60589 
vn -0.427923 -0.707107 -0.562923 
vn -0.486277 -0.707107 -0.513356 
vn -0.53893 -0.707107 -0.457771 
vn -0.585265 -0.707107 -0.396819 
vn -0.624737 -0.707107 -0.331215 
vn -0.656886 -0.707107 -0.261727 
vn -0.681333 -0.707107 -0.189171 
vn -0.697792 -0.707107 -0.114397 
vn -0.70607 -0.707107 -0.038282 
vn -0.70607 -0.707107 0.038282 
vn -0.697792 -0.707107 0.114397 
vn -0.681333 -0.707107 0.189171 
vn -0.656886 -0.707107 0.261727 
vn -0.624737 -0.707107 0.331215 
vn -0.585265 -0.707107 0.396819 
vn -0.53893 -0.707107 0.457771 
vn -0.486277 -0.707107 0.513356 
vn -0.427923 -0.707107 0.562923 
vn -0.364552 -0.707107 0.60589 
vn -0.296906 -0.707107 0.641753 
vn -0.22578 -0.707107 0.670092 
vn -0.152007 -0.707107 0.690575 
vn -0.0764517 -0.707107 0.702962 
vn 0 -0.707107 0.707107 
vn 0 0 1 
vn 0 -1 0 
usemtl 0.917647_0.917647_0.917647_0.000000_0.000000
o mesh0
f 1//1 2//1 3//1 
f 1//1 4//1 5//1 
f 6//1 3//1 7//1 
f 5//1 2//1 1//1 
f 8//1 9//1 10//1 
f 8//1 11//1 12//1 
f 3//1 6//1 1//1 
f 4//1 13//1 10//1 
f 12//1 9//1 8//1 
f 11//1 14//1 15//1 
f 16//1 17//1 18//1 
f 16//1 19//1 20//1 
f 10//1 5//1 4//1 
f 15//1 12//1 11//1 
f 21//1 22//1 23//1 
f 24//1 25//1 22//1 
f 26//1 27//1 25//1 
f 26//1 28//1 29//1 
f 30//1 31//1 32//1 
f 30//1 33//1 34//1 
f 35//1 36//1 37//1 
f 35//1 38//1 39//1 
f 40//1 41//1 42//1 
f 41//1 43//1 44//1 
f 43//1 45//1 46//1 
f 45//1 47//1 48//1 
f 49//1 50//1 48//1 
f 49//1 51//1 52//1 
f 51//1 53//1 54//1 
f 53//1 55//1 18//1 
f 20//1 17//1 16//1 
f 19//1 56//1 7//1 
f 10//1 13//1 8//1 
f 14//1 57//1 58//1 
f 59//1 60//1 61//1 
f 59//1 62//1 63//1 
f 64//1 65//1 63//1 
f 64//1 66//1 23//1 
f 22//1 21//1 24//1 
f 29//1 27//1 26//1 
f 67//1 68//1 29//1 
f 67//1 69//1 70//1 
f 34//1 31//1 30//1 
f 33//1 71//1 72//1 
f 73//1 74//1 75//1 
f 74//1 76//1 37//1 
f 39//1 36//1 35//1 
f 38//1 77//1 78//1 
f 44//1 42//1 41//1 
f 48//1 46//1 45//1 
f 52//1 50//1 49//1 
f 18//1 54//1 53//1 
f 7//1 20//1 19//1 
f 58//1 15//1 14//1 
f 79//1 80//1 58//1 
f 79//1 81//1 61//1 
f 63//1 60//1 59//1 
f 23//1 65//1 64//1 
f 25//1 24//1 26//1 
f 70//1 68//1 67//1 
f 82//1 32//1 70//1 
f 72//1 34//1 33//1 
f 71//1 73//1 83//1 
f 37//1 75//1 74//1 
f 78//1 39//1 38//1 
f 77//1 84//1 85//1 
f 46//1 44//1 43//1 
f 54//1 52//1 51//1 
f 7//1 56//1 6//1 
f 61//1 80//1 79//1 
f 63//1 62//1 64//1 
f 29//1 28//1 67//1 
f 32//1 82//1 30//1 
f 75//1 83//1 73//1 
f 85//1 78//1 77//1 
f 86//1 87//1 85//1 
f 88//1 89//1 90//1 
f 88//1 91//1 92//1 
f 93//1 94//1 92//1 
f 95//1 96//1 94//1 
f 97//1 98//1 96//1 
f 97//1 99//1 100//1 
f 101//1 102//1 103//1 
f 101//1 104//1 105//1 
f 48//1 47//1 49//1 
f 58//1 57//1 79//1 
f 23//1 66//1 21//1 
f 83//1 72//1 71//1 
f 85//1 84//1 86//1 
f 86//1 106//1 107//1 
f 108//1 90//1 107//1 
f 92//1 89//1 88//1 
f 94//1 93//1 95//1 
f 100//1 98//1 97//1 
f 99//1 109//1 110//1 
f 109//1 111//1 112//1 
f 113//1 114//1 112//1 
f 113//1 115//1 103//1 
f 105//1 102//1 101//1 
f 104//1 40//1 116//1 
f 18//1 55//1 16//1 
f 70//1 69//1 82//1 
f 107//1 87//1 86//1 
f 90//1 108//1 88//1 
f 96//1 95//1 97//1 
f 112//1 110//1 109//1 
f 103//1 114//1 113//1 
f 116//1 105//1 104//1 
f 61//1 81//1 59//1 
f 107//1 106//1 108//1 
f 110//1 100//1 99//1 
f 103//1 115//1 101//1 
f 37//1 76//1 35//1 
f 112//1 111//1 113//1 
f 92//1 91//1 93//1 
f 42//1 116//1 40//1 
o mesh1
f 117//2 28//2 26//3 
f 24//4 118//4 119//5 
f 119//5 26//3 24//4 
f 118//4 24//4 21//6 
f 120//6 21//6 66//7 
f 121//7 66//7 64//8 
f 122//8 64//8 62//9 
f 123//9 62//9 59//10 
f 124//10 59//10 81//11 
f 81//11 79//12 125//13 
f 79//12 126//12 125//13 
f 126//12 79//12 57//14 
f 127//14 57//14 14//15 
f 128//15 14//15 11//16 
f 129//16 11//16 8//17 
f 130//17 8//17 13//18 
f 131//18 13//18 4//19 
f 132//19 4//19 1//20 
f 133//20 1//20 6//21 
f 134//21 6//21 56//22 
f 135//22 56//22 19//23 
f 136//23 19//23 16//24 
f 55//25 137//25 138//26 
f 138//26 16//24 55//25 
f 137//25 55//25 53//27 
f 139//27 53//27 51//28 
f 140//28 51//28 49//29 
f 141//29 49//29 47//30 
f 142//30 47//30 45//31 
f 143//31 45//31 43//32 
f 43//32 41//33 144//34 
f 41//33 145//33 144//34 
f 145//33 41//33 40//35 
f 146//35 40//35 104//36 
f 101//37 147//37 148//38 
f 148//38 104//36 101//37 
f 147//37 101//37 115//39 
f 149//39 115//39 113//40 
f 150//40 113//40 111//41 
f 151//41 111//41 109//42 
f 152//42 109//42 99//43 
f 153//43 99//43 97//44 
f 97//44 95//45 154//46 
f 95//45 155//45 154//46 
f 155//45 95//45 93//47 
f 156//47 93//47 91//48 
f 157//48 91//48 88//49 
f 158//49 88//49 108//50 
f 159//50 108//50 106//51 
f 160//51 106//51 86//52 
f 161//52 86//52 84//53 
f 162//53 84//53 77//54 
f 163//54 77//54 38//55 
f 164//55 38//55 35//56 
f 165//56 35//56 76//57 
f 74//58 166//58 167//59 
f 167//59 76//57 74//58 
f 166//58 74//58 73//60 
f 168//60 73//60 71//61 
f 169//61 71//61 33//62 
f 170//62 33//62 30//63 
f 171//63 30//63 82//64 
f 172//64 82//64 69//65 
f 69//65 67//66 173//67 
f 67//66 174//66 173//67 
f 174//66 67//66 28//2 
f 28//2 117//2 174//66 
f 173//67 175//68 69//65 
f 69//65 175//68 172//64 
f 82//64 172//64 171//63 
f 30//63 171//63 170//62 
f 33//62 170//62 169//61 
f 71//61 169//61 168//60 
f 73//60 168//60 166//58 
f 167//59 176//69 76//57 
f 76//57 176//69 165//56 
f 35//56 165//56 164//55 
f 38//55 164//55 163//54 
f 77//54 163//54 162//53 
f 84//53 162//53 161//52 
f 86//52 161//52 160//51 
f 106//51 160//51 159//50 
f 108//50 159//50 158//49 
f 88//49 158//49 157//48 
f 91//48 157//48 156//47 
f 93//47 156//47 155//45 
f 154//46 177//70 97//44 
f 97//44 177//70 153//43 
f 99//43 153//43 152//42 
f 109//42 152//42 151//41 
f 111//41 151//41 150//40 
f 113//40 150//40 149//39 
f 115//39 149//39 147//37 
f 148//38 178//71 104//36 
f 104//36 178//71 146//35 
f 40//35 146//35 145//33 
f 144//34 179//72 43//32 
f 43//32 179//72 143//31 
f 45//31 143//31 142//30 
f 47//30 142//30 141//29 
f 49//29 141//29 140//28 
f 51//28 140//28 139//27 
f 53//27 139//27 137//25 
f 138//26 180//73 16//24 
f 16//24 180//73 136//23 
f 19//23 136//23 135//22 
f 56//22 135//22 134//21 
f 6//21 134//21 133//20 
f 1//20 133//20 132//19 
f 4//19 132//19 131//18 
f 13//18 131//18 130//17 
f 8//17 130//17 129//16 
f 11//16 129//16 128//15 
f 14//15 128//15 127//14 
f 57//14 127//14 126//12 
f 125//13 181//74 81//11 
f 81//11 181//74 124//10 
f 59//10 124//10 123//9 
f 62//9 123//9 122//8 
f 64//8 122//8 121//7 
f 66//7 121//7 120//6 
f 21//6 120//6 118//4 
f 119//5 182//75 26//3 
f 26//3 182//75 117//2 
o mesh2
f 183//76 184//77 29//77 
f 185//78 183//76 68//79 
f 186//80 185//78 70//81 
f 187//82 186//80 32//83 
f 188//84 187//82 31//85 
f 189//86 188//84 34//87 
f 190//88 189//86 72//89 
f 191//90 190//88 83//91 
f 192//92 191//90 75//93 
f 193//94 192//92 37//95 
f 194//96 193//94 36//97 
f 195//98 194//96 39//99 
f 196//100 195//98 78//101 
f 197//102 196//100 85//103 
f 198//104 197//102 87//105 
f 199//106 198//104 107//107 
f 200//108 199//106 90//109 
f 201//110 200//108 89//111 
f 202//112 201//110 92//113 
f 203//114 202//112 94//115 
f 204//116 203//114 96//117 
f 205//118 204//116 98//119 
f 206//120 205//118 100//121 
f 207//122 206//120 110//123 
f 208//124 207//122 112//125 
f 209//126 208//124 114//127 
f 210//128 209//126 103//129 
f 211//130 210//128 102//131 
f 212//132 211//130 105//133 
f 213//134 212//132 116//135 
f 214//136 213//134 42//137 
f 215//138 214//136 44//139 
f 216//140 215//138 46//141 
f 217//142 216//140 48//143 
f 218//144 217//142 50//145 
f 219//146 218//144 52//147 
f 220//148 219//146 54//149 
f 221//150 220//148 18//151 
f 222//152 221//150 17//153 
f 223//154 222//152 20//155 
f 224//156 223//154 7//157 
f 225//158 224//156 3//159 
f 226//160 225//158 2//161 
f 227//162 226//160 5//163 
f 228//164 227//162 10//165 
f 229//166 228//164 9//167 
f 230//168 229//166 12//169 
f 231//170 230//168 15//171 
f 232//172 231//170 58//173 
f 233//174 232//172 80//175 
f 234//176 233//174 61//177 
f 235//178 234//176 60//179 
f 236//180 235//178 63//181 
f 237//182 236//180 65//183 
f 238//184 237//182 23//185 
f 239//186 238//184 22//187 
f 240//188 239//186 25//189 
f 184//77 240//188 27//188 
f 27//188 29//77 184//77 
f 25//189 27//188 240//188 
f 22//187 25//189 239//186 
f 23//185 22//187 238//184 
f 65//183 23//185 237//182 
f 63//181 65//183 236//180 
f 60//179 63//181 235//178 
f 61//177 60//179 234//176 
f 80//175 61//177 233//174 
f 58//173 80//175 232//172 
f 15//171 58//173 231//170 
f 12//169 15//171 230//168 
f 9//167 12//169 229//166 
f 10//165 9//167 228//164 
f 5//163 10//165 227//162 
f 2//161 5//163 226//160 
f 3//159 2//161 225//158 
f 7//157 3//159 224//156 
f 20//155 7//157 223//154 
f 17//153 20//155 222//152 
f 18//151 17//153 221//150 
f 54//149 18//151 220//148 
f 52//147 54//149 219//146 
f 50//145 52//147 218//144 
f 48//143 50//145 217//142 
f 46//141 48//143 216//140 
f 44//139 46//141 215//138 
f 42//137 44//139 214//136 
f 116//135 42//137 213//134 
f 105//133 116//135 212//132 
f 102//131 105//133 211//130 
f 103//129 102//131 210//128 
f 114//127 103//129 209//126 
f 112//125 114//127 208//124 
f 110//123 112//125 207//122 
f 100//121 110//123 206//120 
f 98//119 100//121 205//118 
f 96//117 98//119 204//116 
f 94//115 96//117 203//114 
f 92//113 94//115 202//112 
f 89//111 92//113 201//110 
f 90//109 89//111 200//108 
f 107//107 90//109 199//106 
f 87//105 107//107 198//104 
f 85//103 87//105 197//102 
f 78//101 85//103 196//100 
f 39//99 78//101 195//98 
f 36//97 39//99 194//96 
f 37//95 36//97 193//94 
f 75//93 37//95 192//92 
f 83//91 75//93 191//90 
f 72//89 83//91 190//88 
f 34//87 72//89 189//86 
f 31//85 34//87 188//84 
f 32//83 31//85 187//82 
f 70//81 32//83 186//80 
f 68//79 70//81 185//78 
f 29//77 68//79 183//76 
o mesh3
f 216//190 217//190 241//190 
f 217//190 218//190 242//190 
f 215//190 243//190 244//190 
f 215//190 216//190 245//190 
f 242//190 241//190 217//190 
f 218//190 219//190 246//190 
f 194//190 247//190 248//190 
f 194//190 195//190 249//190 
f 198//190 199//190 250//190 
f 200//190 251//190 250//190 
f 245//190 243//190 215//190 
f 246//190 242//190 218//190 
f 188//190 252//190 253//190 
f 189//190 254//190 252//190 
f 193//190 248//190 255//190 
f 249//190 247//190 194//190 
f 196//190 256//190 249//190 
f 196//190 197//190 257//190 
f 197//190 198//190 258//190 
f 250//190 199//190 200//190 
f 241//190 245//190 216//190 
f 219//190 220//190 259//190 
f 221//190 260//190 259//190 
f 221//190 222//190 261//190 
f 187//190 253//190 262//190 
f 252//190 188//190 189//190 
f 248//190 193//190 194//190 
f 257//190 256//190 196//190 
f 250//190 258//190 198//190 
f 201//190 263//190 251//190 
f 212//190 213//190 264//190 
f 213//190 214//190 244//190 
f 259//190 246//190 219//190 
f 261//190 260//190 221//190 
f 224//190 265//190 266//190 
f 224//190 225//190 267//190 
f 183//190 268//190 269//190 
f 183//190 185//190 270//190 
f 253//190 187//190 188//190 
f 190//190 271//190 254//190 
f 191//190 272//190 271//190 
f 191//190 192//190 255//190 
f 249//190 195//190 196//190 
f 251//190 200//190 201//190 
f 202//190 273//190 263//190 
f 202//190 203//190 274//190 
f 244//190 264//190 213//190 
f 259//190 220//190 221//190 
f 223//190 266//190 261//190 
f 267//190 265//190 224//190 
f 226//190 275//190 267//190 
f 227//190 276//190 275//190 
f 228//190 277//190 276//190 
f 228//190 229//190 278//190 
f 230//190 279//190 278//190 
f 230//190 231//190 280//190 
f 270//190 268//190 183//190 
f 185//190 186//190 262//190 
f 254//190 189//190 190//190 
f 255//190 272//190 191//190 
f 258//190 257//190 197//190 
f 274//190 273//190 202//190 
f 204//190 281//190 274//190 
f 204//190 205//190 282//190 
f 206//190 283//190 282//190 
f 206//190 207//190 284//190 
f 207//190 208//190 285//190 
f 208//190 209//190 286//190 
f 244//190 214//190 215//190 
f 266//190 223//190 224//190 
f 275//190 226//190 227//190 
f 278//190 277//190 228//190 
f 280//190 279//190 230//190 
f 231//190 232//190 287//190 
f 237//190 288//190 289//190 
f 237//190 238//190 290//190 
f 240//190 291//190 292//190 
f 240//190 184//190 269//190 
f 262//190 270//190 185//190 
f 271//190 190//190 191//190 
f 263//190 201//190 202//190 
f 282//190 281//190 204//190 
f 284//190 283//190 206//190 
f 286//190 285//190 208//190 
f 210//190 293//190 286//190 
f 210//190 211//190 294//190 
f 261//190 222//190 223//190 
f 276//190 227//190 228//190 
f 287//190 280//190 231//190 
f 232//190 233//190 295//190 
f 234//190 296//190 295//190 
f 234//190 235//190 297//190 
f 236//190 289//190 297//190 
f 290//190 288//190 237//190 
f 239//190 292//190 290//190 
f 269//190 291//190 240//190 
f 262//190 186//190 187//190 
f 274//190 203//190 204//190 
f 285//190 284//190 207//190 
f 294//190 293//190 210//190 
f 267//190 225//190 226//190 
f 295//190 287//190 232//190 
f 297//190 296//190 234//190 
f 289//190 236//190 237//190 
f 292//190 239//190 240//190 
f 255//190 192//190 193//190 
f 286//190 209//190 210//190 
f 211//190 212//190 298//190 
f 278//190 229//190 230//190 
f 297//190 235//190 236//190 
f 269//190 184//190 183//190 
f 298//190 294//190 211//190 
f 295//190 233//190 234//190 
f 282//190 205//190 206//190 
f 290//190 238//190 239//190 
f 264//190 298//190 212//190 
o mesh4
f 299//191 300//192 269//192 
f 301//193 299//191 268//194 
f 302//195 301//193 270//196 
f 303//197 302//195 262//198 
f 304//199 303//197 253//200 
f 305//201 304//199 252//202 
f 306//203 305//201 254//204 
f 307//205 306//203 271//206 
f 308//207 307//205 272//208 
f 309//209 308//207 255//210 
f 310//211 309//209 248//212 
f 311//213 310//211 247//214 
f 312//215 311//213 249//216 
f 313//217 312//215 256//218 
f 314//219 313//217 257//220 
f 315//221 314//219 258//222 
f 316//223 315//221 250//224 
f 317//225 316//223 251//226 
f 318//227 317//225 263//228 
f 319//229 318//227 273//230 
f 320//231 319//229 274//232 
f 321//233 320//231 281//234 
f 322//235 321//233 282//236 
f 323//237 322//235 283//238 
f 324//239 323//237 284//240 
f 325//241 324//239 285//242 
f 326//243 325//241 286//244 
f 327//245 326//243 293//246 
f 328//247 327//245 294//248 
f 329//249 328//247 298//250 
f 330//251 329//249 264//252 
f 331//253 330//251 244//254 
f 332//255 331//253 243//256 
f 333//257 332//255 245//258 
f 334//259 333//257 241//260 
f 335//261 334//259 242//262 
f 336//263 335//261 246//264 
f 337//265 336//263 259//266 
f 338//267 337//265 260//268 
f 339//269 338//267 261//270 
f 340//271 339//269 266//272 
f 341//273 340//271 265//274 
f 342//275 341//273 267//276 
f 343//277 342//275 275//278 
f 344//279 343//277 276//280 
f 345//281 344//279 277//282 
f 346//283 345//281 278//284 
f 347//285 346//283 279//286 
f 348//287 347//285 280//288 
f 349//289 348//287 287//290 
f 350//291 349//289 295//292 
f 351//293 350//291 296//294 
f 352//295 351//293 297//296 
f 353//297 352//295 289//298 
f 354//299 353//297 288//300 
f 355//301 354//299 290//302 
f 356//303 355//301 292//304 
f 300//192 356//303 291//303 
f 291//303 269//192 300//192 
f 292//304 291//303 356//303 
f 290//302 292//304 355//301 
f 288//300 290//302 354//299 
f 289//298 288//300 353//297 
f 297//296 289//298 352//295 
f 296//294 297//296 351//293 
f 295//292 296//294 350//291 
f 287//290 295//292 349//289 
f 280//288 287//290 348//287 
f 279//286 280//288 347//285 
f 278//284 279//286 346//283 
f 277//282 278//284 345//281 
f 276//280 277//282 344//279 
f 275//278 276//280 343//277 
f 267//276 275//278 342//275 
f 265//274 267//276 341//273 
f 266//272 265//274 340//271 
f 261//270 266//272 339//269 
f 260//268 261//270 338//267 
f 259//266 260//268 337//265 
f 246//264 259//266 336//263 
f 242//262 246//264 335//261 
f 241//260 242//262 334//259 
f 245//258 241//260 333//257 
f 243//256 245//258 332//255 
f 244//254 243//256 331//253 
f 264//252 244//254 330//251 
f 298//250 264//252 329//249 
f 294//248 298//250 328//247 
f 293//246 294//248 327//245 
f 286//244 293//246 326//243 
f 285//242 286//244 325//241 
f 284//240 285//242 324//239 
f 283//238 284//240 323//237 
f 282//236 283//238 322//235 
f 281//234 282//236 321//233 
f 274//232 281//234 320//231 
f 273//230 274//232 319//229 
f 263//228 273//230 318//227 
f 251//226 263//228 317//225 
f 250//224 251//226 316//223 
f 258//222 250//224 315//221 
f 257//220 258//222 314//219 
f 256//218 257//220 313//217 
f 249//216 256//218 312//215 
f 247//214 249//216 311//213 
f 248//212 247//214 310//211 
f 255//210 248//212 309//209 
f 272//208 255//210 308//207 
f 271//206 272//208 307//205 
f 254//204 271//206 306//203 
f 252//202 254//204 305//201 
f 253//200 252//202 304//199 
f 262//198 253//200 303//197 
f 270//196 262//198 302//195 
f 268//194 270//196 301//193 
f 269//192 268//194 299//191 
o mesh5
f 357//305 358//305 359//305 
f 358//305 360//305 361//305 
f 362//305 363//305 364//305 
f 363//305 365//305 366//305 
f 361//305 359//305 358//305 
f 367//305 368//305 360//305 
f 369//305 370//305 368//305 
f 362//305 371//305 370//305 
f 366//305 364//305 363//305 
f 365//305 372//305 373//305 
f 372//305 374//305 375//305 
f 374//305 376//305 377//305 
f 693//305 378//305 379//305 
f 357//305 380//305 381//305 
f 360//305 358//305 367//305 
f 370//305 369//305 362//305 
f 373//305 366//305 365//305 
f 377//305 375//305 374//305 
f 382//305 383//305 384//305 
f 693//305 385//305 386//305 
f 693//305 387//305 388//305 
f 379//305 389//305 693//305 
f 357//305 390//305 380//305 
f 357//305 391//305 392//305 
f 357//305 393//305 394//305 
f 368//305 367//305 369//305 
f 375//305 373//305 372//305 
f 382//305 395//305 383//305 
f 693//305 396//305 395//305 
f 693//305 397//305 385//305 
f 693//305 398//305 387//305 
f 389//305 399//305 693//305 
f 693//305 357//305 400//305 
f 357//305 401//305 390//305 
f 392//305 402//305 357//305 
f 394//305 403//305 357//305 
f 364//305 371//305 362//305 
f 404//305 405//305 406//305 
f 395//305 382//305 693//305 
f 693//305 407//305 397//305 
f 693//305 408//305 409//305 
f 399//305 398//305 693//305 
f 357//305 410//305 400//305 
f 402//305 401//305 357//305 
f 359//305 393//305 357//305 
f 376//305 411//305 412//305 
f 411//305 413//305 414//305 
f 413//305 404//305 415//305 
f 405//305 416//305 406//305 
f 382//305 417//305 418//305 
f 693//305 419//305 396//305 
f 409//305 407//305 693//305 
f 400//305 378//305 693//305 
f 403//305 391//305 357//305 
f 414//305 412//305 411//305 
f 406//305 415//305 404//305 
f 382//305 420//305 421//305 
f 382//305 422//305 417//305 
f 386//305 419//305 693//305 
f 381//305 410//305 357//305 
f 415//305 414//305 413//305 
f 423//305 424//305 425//305 
f 382//305 426//305 420//305 
f 382//305 427//305 428//305 
f 384//305 422//305 382//305 
f 412//305 377//305 376//305 
f 429//305 425//305 416//305 
f 425//305 429//305 423//305 
f 382//305 430//305 431//305 
f 428//305 426//305 382//305 
f 388//305 408//305 693//305 
f 423//305 432//305 424//305 
f 421//305 430//305 382//305 
f 416//305 405//305 429//305 
f 382//305 424//305 432//305 
f 418//305 427//305 382//305 
f 431//305 424//305 382//305 
f 433//305 434//305 435//305 
f 436//305 437//305 434//305 
f 438//305 435//305 439//305 
f 434//305 433//305 436//305 
f 435//305 438//305 433//305 
f 436//305 440//305 441//305 
f 441//305 437//305 436//305 
f 440//305 442//305 443//305 
f 444//305 445//305 446//305 
f 444//305 447//305 448//305 
f 444//305 449//305 450//305 
f 443//305 441//305 440//305 
f 442//305 451//305 452//305 
f 451//305 453//305 454//305 
f 444//305 455//305 453//305 
f 444//305 456//305 445//305 
f 444//305 457//305 447//305 
f 450//305 458//305 444//305 
f 693//305 459//305 460//305 
f 382//305 461//305 462//305 
f 382//305 463//305 464//305 
f 382//305 465//305 466//305 
f 452//305 443//305 442//305 
f 453//305 451//305 444//305 
f 448//305 456//305 444//305 
f 458//305 467//305 444//305 
f 693//305 468//305 469//305 
f 460//305 470//305 693//305 
f 693//305 382//305 471//305 
f 464//305 461//305 382//305 
f 466//305 472//305 382//305 
f 454//305 452//305 451//305 
f 467//305 457//305 444//305 
f 444//305 693//305 473//305 
f 693//305 474//305 475//305 
f 693//305 476//305 477//305 
f 469//305 478//305 693//305 
f 471//305 459//305 693//305 
f 472//305 463//305 382//305 
f 382//305 479//305 480//305 
f 479//305 481//305 482//305 
f 483//305 484//305 485//305 
f 446//305 455//305 444//305 
f 473//305 486//305 444//305 
f 477//305 474//305 693//305 
f 478//305 487//305 693//305 
f 693//305 488//305 489//305 
f 462//305 471//305 382//305 
f 480//305 490//305 382//305 
f 482//305 491//305 479//305 
f 492//305 493//305 494//305 
f 485//305 495//305 483//305 
f 496//305 497//305 484//305 
f 498//305 499//305 497//305 
f 500//305 501//305 499//305 
f 502//305 503//305 501//305 
f 504//305 439//305 503//305 
f 486//305 449//305 444//305 
f 487//305 476//305 693//305 
f 470//305 488//305 693//305 
f 491//305 480//305 479//305 
f 505//305 479//305 492//305 
f 493//305 495//305 506//305 
f 484//305 483//305 496//305 
f 499//305 498//305 500//305 
f 503//305 502//305 504//305 
f 475//305 473//305 693//305 
f 490//305 465//305 382//305 
f 479//305 505//305 507//305 
f 506//305 494//305 493//305 
f 497//305 496//305 498//305 
f 439//305 504//305 438//305 
f 507//305 481//305 479//305 
f 485//305 506//305 495//305 
f 489//305 468//305 693//305 
f 501//305 500//305 502//305 
f 382//305 508//305 479//305 
f 509//305 319//305 320//305 
f 509//305 317//305 318//305 
f 318//305 319//305 509//305 
f 509//305 693//305 314//305 
f 510//305 333//305 334//305 
f 511//305 512//305 513//305 
f 514//305 515//305 512//305 
f 509//305 316//305 317//305 
f 314//305 315//305 509//305 
f 693//305 311//305 312//305 
f 693//305 309//305 310//305 
f 510//305 332//305 333//305 
f 510//305 330//305 331//305 
f 516//305 517//305 518//305 
f 519//305 513//305 520//305 
f 512//305 511//305 514//305 
f 521//305 509//305 326//305 
f 509//305 323//305 324//305 
f 509//305 321//305 322//305 
f 315//305 316//305 509//305 
f 310//305 311//305 693//305 
f 693//305 307//305 308//305 
f 510//305 335//305 336//305 
f 331//305 332//305 510//305 
f 510//305 327//305 328//305 
f 522//305 523//305 339//305 
f 524//305 516//305 525//305 
f 517//305 520//305 518//305 
f 513//305 519//305 511//305 
f 509//305 325//305 326//305 
f 322//305 323//305 509//305 
f 693//305 313//305 314//305 
f 308//305 309//305 693//305 
f 334//305 335//305 510//305 
f 328//305 329//305 510//305 
f 526//305 326//305 327//305 
f 340//305 527//305 522//305 
f 518//305 525//305 516//305 
f 514//305 528//305 515//305 
f 514//305 529//305 530//305 
f 324//305 325//305 509//305 
f 312//305 313//305 693//305 
f 693//305 305//305 306//305 
f 693//305 303//305 304//305 
f 329//305 330//305 510//305 
f 327//305 510//305 531//305 
f 338//305 523//305 510//305 
f 527//305 341//305 342//305 
f 339//305 340//305 522//305 
f 532//305 527//305 343//305 
f 444//305 533//305 534//305 
f 444//305 535//305 536//305 
f 537//305 538//305 539//305 
f 537//305 540//305 541//305 
f 542//305 543//305 544//305 
f 545//305 546//305 543//305 
f 547//305 548//305 549//305 
f 548//305 524//305 550//305 
f 520//305 517//305 519//305 
f 514//305 551//305 529//305 
f 320//305 321//305 509//305 
f 304//305 305//305 693//305 
f 693//305 301//305 302//305 
f 327//305 531//305 526//305 
f 510//305 337//305 338//305 
f 340//305 341//305 527//305 
f 343//305 344//305 532//305 
f 444//305 349//305 350//305 
f 534//305 348//305 444//305 
f 444//305 552//305 553//305 
f 444//305 554//305 535//305 
f 537//305 555//305 538//305 
f 537//305 556//305 540//305 
f 543//305 542//305 545//305 
f 545//305 557//305 558//305 
f 557//305 559//305 560//305 
f 559//305 561//305 562//305 
f 550//305 549//305 548//305 
f 530//305 528//305 514//305 
f 514//305 509//305 563//305 
f 509//305 564//305 565//305 
f 306//305 307//305 693//305 
f 693//305 299//305 301//305 
f 532//305 345//305 346//305 
f 338//305 339//305 523//305 
f 344//305 345//305 532//305 
f 444//305 353//305 354//305 
f 444//305 351//305 352//305 
f 348//305 349//305 444//305 
f 536//305 552//305 444//305 
f 444//305 566//305 567//305 
f 541//305 555//305 537//305 
f 568//305 544//305 556//305 
f 558//305 546//305 545//305 
f 562//305 560//305 559//305 
f 525//305 550//305 524//305 
f 509//305 569//305 563//305 
f 509//305 570//305 571//305 
f 509//305 521//305 564//305 
f 302//305 303//305 693//305 
f 346//305 347//305 532//305 
f 342//305 343//305 527//305 
f 348//305 534//305 572//305 
f 444//305 356//305 300//305 
f 354//305 355//305 444//305 
f 350//305 351//305 444//305 
f 567//305 554//305 444//305 
f 444//305 539//305 573//305 
f 556//305 537//305 568//305 
f 560//305 558//305 557//305 
f 561//305 574//305 575//305 
f 574//305 547//305 576//305 
f 563//305 551//305 514//305 
f 509//305 577//305 578//305 
f 565//305 570//305 509//305 
f 693//305 300//305 299//305 
f 326//305 526//305 579//305 
f 336//305 337//305 510//305 
f 572//305 580//305 348//305 
f 355//305 356//305 444//305 
f 444//305 581//305 533//305 
f 573//305 566//305 444//305 
f 544//305 568//305 542//305 
f 576//305 575//305 574//305 
f 578//305 569//305 509//305 
f 326//305 582//305 521//305 
f 579//305 583//305 326//305 
f 580//305 532//305 348//305 
f 352//305 353//305 444//305 
f 539//305 444//305 537//305 
f 549//305 576//305 547//305 
f 583//305 582//305 326//305 
f 300//305 693//305 444//305 
f 575//305 562//305 561//305 
f 347//305 348//305 532//305 
f 571//305 577//305 509//305 
f 584//305 585//305 586//305 
f 585//305 584//305 587//305 
f 588//305 589//305 590//305 
f 586//305 591//305 584//305 
f 592//305 593//305 594//305 
f 593//305 595//305 596//305 
f 597//305 598//305 599//305 
f 585//305 600//305 601//305 
f 587//305 602//305 585//305 
f 591//305 588//305 584//305 
f 596//305 594//305 593//305 
f 603//305 604//305 605//305 
f 606//305 607//305 604//305 
f 608//305 609//305 610//305 
f 608//305 611//305 612//305 
f 597//305 613//305 614//305 
f 597//305 615//305 598//305 
f 615//305 597//305 616//305 
f 617//305 618//305 619//305 
f 601//305 620//305 585//305 
f 590//305 584//305 588//305 
f 693//305 621//305 622//305 
f 509//305 623//305 621//305 
f 509//305 592//305 624//305 
f 592//305 625//305 626//305 
f 594//305 627//305 592//305 
f 595//305 628//305 629//305 
f 630//305 631//305 632//305 
f 604//305 603//305 606//305 
f 633//305 610//305 607//305 
f 612//305 609//305 608//305 
f 611//305 634//305 635//305 
f 597//305 636//305 613//305 
f 616//305 637//305 615//305 
f 617//305 638//305 618//305 
f 617//305 639//305 640//305 
f 585//305 641//305 642//305 
f 602//305 600//305 585//305 
f 693//305 643//305 644//305 
f 693//305 645//305 646//305 
f 693//305 647//305 648//305 
f 621//305 693//305 509//305 
f 509//305 649//305 650//305 
f 626//305 624//305 592//305 
f 629//305 596//305 595//305 
f 632//305 628//305 630//305 
f 651//305 652//305 631//305 
f 607//305 606//305 633//305 
f 635//305 612//305 611//305 
f 653//305 654//305 655//305 
f 653//305 656//305 657//305 
f 599//305 636//305 597//305 
f 640//305 638//305 617//305 
f 620//305 641//305 585//305 
f 693//305 658//305 643//305 
f 693//305 659//305 645//305 
f 693//305 660//305 661//305 
f 648//305 662//305 693//305 
f 509//305 663//305 623//305 
f 509//305 664//305 665//305 
f 509//305 666//305 667//305 
f 509//305 668//305 649//305 
f 509//305 669//305 670//305 
f 627//305 625//305 592//305 
f 631//305 630//305 651//305 
f 671//305 672//305 652//305 
f 673//305 674//305 672//305 
f 610//305 633//305 608//305 
f 634//305 675//305 676//305 
f 675//305 655//305 677//305 
f 657//305 654//305 653//305 
f 619//305 597//305 617//305 
f 617//305 585//305 678//305 
f 642//305 679//305 585//305 
f 646//305 658//305 693//305 
f 662//305 660//305 693//305 
f 509//305 680//305 663//305 
f 667//305 664//305 509//305 
f 670//305 668//305 509//305 
f 632//305 629//305 628//305 
f 672//305 671//305 673//305 
f 681//305 605//305 674//305 
f 676//305 635//305 634//305 
f 655//305 675//305 653//305 
f 653//305 682//305 683//305 
f 653//305 684//305 685//305 
f 653//305 686//305 687//305 
f 617//305 688//305 639//305 
f 679//305 678//305 585//305 
f 661//305 659//305 693//305 
f 665//305 680//305 509//305 
f 624//305 669//305 509//305 
f 674//305 673//305 681//305 
f 677//305 676//305 675//305 
f 685//305 682//305 653//305 
f 687//305 689//305 653//305 
f 653//305 644//305 690//305 
f 678//305 688//305 617//305 
f 653//305 585//305 617//305 
f 622//305 647//305 693//305 
f 652//305 651//305 671//305 
f 683//305 656//305 653//305 
f 690//305 686//305 653//305 
f 617//305 691//305 653//305 
f 650//305 666//305 509//305 
f 689//305 684//305 653//305 
f 691//305 644//305 653//305 
f 605//305 681//305 603//305 
f 644//305 357//305 693//305 
f 614//305 617//305 597//305 
f 691//305 357//305 644//305 
f 553//305 581//305 444//305 
f 494//305 505//305 492//305 
f 432//305 692//305 382//305 
o mesh6
f 694//306 678//306 679//307 
f 695//307 679//307 642//308 
f 696//308 642//308 641//309 
f 697//309 641//309 620//310 
f 698//310 620//310 601//311 
f 601//311 600//312 699//313 
f 600//312 700//312 699//313 
f 700//312 600//312 602//314 
f 701//314 602//314 587//315 
f 584//316 702//316 703//317 
f 703//317 587//315 584//316 
f 702//316 584//316 590//318 
f 704//318 590//318 589//319 
f 705//319 589//319 588//320 
f 706//320 588//320 591//321 
f 707//321 591//321 586//322 
f 708//322 586//322 585//323 
f 585//323 709//323 708//322 
f 586//322 708//322 707//321 
f 591//321 707//321 706//320 
f 588//320 706//320 705//319 
f 589//319 705//319 704//318 
f 590//318 704//318 702//316 
f 703//317 710//324 587//315 
f 587//315 710//324 701//314 
f 602//314 701//314 700//312 
f 699//313 711//325 601//311 
f 601//311 711//325 698//310 
f 620//310 698//310 697//309 
f 641//309 697//309 696//308 
f 642//308 696//308 695//307 
f 679//307 695//307 694//306 
o mesh7
f 688//326 712//326 713//327 
f 639//327 713//327 714//328 
f 640//328 714//328 715//329 
f 638//329 715//329 716//330 
f 618//330 716//330 717//331 
f 619//331 717//331 718//332 
f 718//332 597//333 619//331 
f 597//333 719//333 720//334 
f 616//334 720//334 721//335 
f 637//335 721//335 722//336 
f 722//336 615//337 637//335 
f 615//337 723//337 724//338 
f 598//338 724//338 725//339 
f 599//339 725//339 726//340 
f 636//340 726//340 727//341 
f 613//341 727//341 728//342 
f 614//342 728//342 729//343 
f 729//343 617//343 614//342 
f 728//342 614//342 613//341 
f 727//341 613//341 636//340 
f 726//340 636//340 599//339 
f 725//339 599//339 598//338 
f 724//338 598//338 615//337 
f 722//336 723//337 615//337 
f 721//335 637//335 616//334 
f 720//334 616//334 597//333 
f 718//332 719//333 597//333 
f 717//331 619//331 618//330 
f 716//330 618//330 638//329 
f 715//329 638//329 640//328 
f 714//328 640//328 639//327 
f 713//327 639//327 688//326 
o mesh8
f 479//343 730//343 731//344 
f 492//344 731//344 732//345 
f 493//345 732//345 733//346 
f 495//346 733//346 734//347 
f 483//347 734//347 735//348 
f 496//348 735//348 736//349 
f 498//349 736//349 737//350 
f 500//350 737//350 738//351 
f 502//351 738//351 739//352 
f 504//352 739//352 740//353 
f 740//353 438//354 504//352 
f 438//354 741//354 742//355 
f 433//355 742//355 743//356 
f 436//356 743//356 744//357 
f 440//357 744//357 745//358 
f 442//358 745//358 746//359 
f 746//359 451//359 442//358 
f 745//358 442//358 440//357 
f 744//357 440//357 436//356 
f 743//356 436//356 433//355 
f 742//355 433//355 438//354 
f 740//353 741//354 438//354 
f 739//352 504//352 502//351 
f 738//351 502//351 500//350 
f 737//350 500//350 498//349 
f 736//349 498//349 496//348 
f 735//348 496//348 483//347 
f 734//347 483//347 495//346 
f 733//346 495//346 493//345 
f 732//345 493//345 492//344 
f 731//344 492//344 479//343 
o mesh9
f 444//359 747//359 748//359 
f 748//359 537//359 444//359 
f 746//359 747//359 444//359 
f 444//359 451//359 746//359 
f 748//359 749//359 537//359 
o mesh10
f 537//359 749//359 750//360 
f 568//360 750//360 751//361 
f 542//361 751//361 752//362 
f 545//362 752//362 753//363 
f 557//363 753//363 754//364 
f 561//365 559//364 755//366 
f 559//364 754//364 755//366 
f 561//365 756//365 757//367 
f 574//367 757//367 758//368 
f 547//368 758//368 759//369 
f 548//369 759//369 760//370 
f 524//370 760//370 761//371 
f 516//371 761//371 762//372 
f 517//372 762//372 763//373 
f 519//373 763//373 764//374 
f 511//374 764//374 765//375 
f 765//375 514//375 511//374 
f 764//374 511//374 519//373 
f 763//373 519//373 517//372 
f 762//372 517//372 516//371 
f 761//371 516//371 524//370 
f 760//370 524//370 548//369 
f 759//369 548//369 547//368 
f 758//368 547//368 574//367 
f 757//367 574//367 561//365 
f 755//366 756//365 561//365 
f 754//364 559//364 557//363 
f 753//363 557//363 545//362 
f 752//362 545//362 542//361 
f 751//361 542//361 568//360 
f 750//360 568//360 537//359 
o mesh11
f 766//375 767//375 509//375 
f 767//375 592//375 509//375 
f 509//375 514//375 766//375 
f 514//375 765//375 766//375 
f 767//375 768//375 592//375 
o mesh12
f 592//375 768//375 769//376 
f 593//376 769//376 770//377 
f 595//377 770//377 771//378 
f 628//378 771//378 772//379 
f 630//379 772//379 773//380 
f 651//380 773//380 774//381 
f 671//381 774//381 775//382 
f 673//382 775//382 776//383 
f 681//383 776//383 777//384 
f 777//384 603//385 681//383 
f 603//385 778//385 779//386 
f 779//386 606//387 603//385 
f 606//387 780//387 781//388 
f 633//388 781//388 782//389 
f 608//389 782//389 783//390 
f 611//390 783//390 784//391 
f 634//391 784//391 785//392 
f 785//392 675//392 634//391 
f 784//391 634//391 611//390 
f 783//390 611//390 608//389 
f 782//389 608//389 633//388 
f 781//388 633//388 606//387 
f 779//386 780//387 606//387 
f 777//384 778//385 603//385 
f 776//383 681//383 673//382 
f 775//382 673//382 671//381 
f 774//381 671//381 651//380 
f 773//380 651//380 630//379 
f 772//379 630//379 628//378 
f 771//378 628//378 595//377 
f 770//377 595//377 593//376 
f 769//376 593//376 592//375 
o mesh13
f 675//392 785//392 786//392 
f 786//392 653//392 675//392 
o mesh14
f 653//393 786//393 709//393 
f 709//393 585//393 653//393 
o mesh15
f 678//392 694//392 712//392 
f 712//392 688//392 678//392 
o mesh16
f 787//394 691//394 617//394 
f 617//394 729//394 787//394 
o mesh17
f 788//395 358//395 357//395 
f 357//395 787//395 788//395 
f 357//395 691//395 787//395 
o mesh18
f 358//395 788//395 789//396 
f 367//396 789//396 790//397 
f 369//397 790//397 791//398 
f 362//398 791//398 792//399 
f 363//399 792//399 793//400 
f 372//401 365//400 794//402 
f 365//400 793//400 794//402 
f 374//403 372//401 795//404 
f 372//401 796//405 795//404 
f 374//403 797//406 798//407 
f 376//407 798//407 799//408 
f 411//408 799//408 800//409 
f 413//409 800//409 801//410 
f 404//410 801//410 802//411 
f 405//411 802//411 803//412 
f 429//412 803//412 804//413 
f 423//413 804//413 805//414 
f 805//414 432//414 423//413 
f 804//413 423//413 429//412 
f 803//412 429//412 405//411 
f 802//411 405//411 404//410 
f 801//410 404//410 413//409 
f 800//409 413//409 411//408 
f 799//408 411//408 376//407 
f 798//407 376//407 374//403 
f 795//404 797//406 374//403 
f 794//402 796//405 372//401 
f 793//400 365//400 363//399 
f 792//399 363//399 362//398 
f 791//398 362//398 369//397 
f 790//397 369//397 367//396 
f 789//396 367//396 358//395 
o mesh19
f 425//415 424//416 806//416 
f 416//417 425//415 807//418 
f 406//419 416//417 808//420 
f 415//421 406//419 809//422 
f 414//423 415//421 810//424 
f 412//425 414//423 811//426 
f 377//427 412//425 812//428 
f 375//429 377//427 813//430 
f 373//431 375//429 814//432 
f 366//433 373//431 815//434 
f 364//435 366//433 816//436 
f 371//437 364//435 817//438 
f 370//439 371//437 818//440 
f 368//441 370//439 819//442 
f 360//443 368//441 820//444 
f 361//445 360//443 821//446 
f 359//447 361//445 822//448 
f 393//449 359//447 823//450 
f 394//451 393//449 824//452 
f 403//453 394//451 825//454 
f 391//455 403//453 826//456 
f 392//457 391//455 827//458 
f 402//459 392//457 828//460 
f 401//461 402//459 829//462 
f 390//463 401//461 830//464 
f 380//465 390//463 831//466 
f 381//467 380//465 832//468 
f 410//469 381//467 833//470 
f 400//471 410//469 834//472 
f 378//473 400//471 835//474 
f 379//475 378//473 836//476 
f 389//477 379//475 837//478 
f 399//479 389//477 838//480 
f 398//481 399//479 839//482 
f 387//483 398//481 840//484 
f 388//485 387//483 841//486 
f 408//487 388//485 842//488 
f 409//489 408//487 843//490 
f 407//491 409//489 844//492 
f 397//493 407//491 845//494 
f 385//495 397//493 846//496 
f 386//497 385//495 847//498 
f 419//499 386//497 848//500 
f 396//501 419//499 849//502 
f 395//503 396//501 850//504 
f 383//505 395//503 851//506 
f 384//507 383//505 852//508 
f 422//509 384//507 853//510 
f 417//511 422//509 854//512 
f 418//513 417//511 855//514 
f 427//515 418//513 856//516 
f 428//517 427//515 857//518 
f 426//519 428//517 858//520 
f 420//521 426//519 859//522 
f 421//523 420//521 860//524 
f 430//525 421//523 861//526 
f 431//527 430//525 862//528 
f 424//416 431//527 863//527 
f 863//527 806//416 424//416 
f 862//528 863//527 431//527 
f 861//526 862//528 430//525 
f 860//524 861//526 421//523 
f 859//522 860//524 420//521 
f 858//520 859//522 426//519 
f 857//518 858//520 428//517 
f 856//516 857//518 427//515 
f 855//514 856//516 418//513 
f 854//512 855//514 417//511 
f 853//510 854//512 422//509 
f 852//508 853//510 384//507 
f 851//506 852//508 383//505 
f 850//504 851//506 395//503 
f 849//502 850//504 396//501 
f 848//500 849//502 419//499 
f 847//498 848//500 386//497 
f 846//496 847//498 385//495 
f 845//494 846//496 397//493 
f 844//492 845//494 407//491 
f 843//490 844//492 409//489 
f 842//488 843//490 408//487 
f 841//486 842//488 388//485 
f 840//484 841//486 387//483 
f 839//482 840//484 398//481 
f 838//480 839//482 399//479 
f 837//478 838//480 389//477 
f 836//476 837//478 379//475 
f 835//474 836//476 378//473 
f 834//472 835//474 400//471 
f 833//470 834//472 410//469 
f 832//468 833//470 381//467 
f 831//466 832//468 380//465 
f 830//464 831//466 390//463 
f 829//462 830//464 401//461 
f 828//460 829//462 402//459 
f 827//458 828//460 392//457 
f 826//456 827//458 391//455 
f 825//454 826//456 403//453 
f 824//452 825//454 394//451 
f 823//450 824//452 393//449 
f 822//448 823//450 359//447 
f 821//446 822//448 361//445 
f 820//444 821//446 360//443 
f 819//442 820//444 368//441 
f 818//440 819//442 370//439 
f 817//438 818//440 371//437 
f 816//436 817//438 364//435 
f 815//434 816//436 366//433 
f 814//432 815//434 373//431 
f 813//430 814//432 375//429 
f 812//428 813//430 377//427 
f 811//426 812//428 412//425 
f 810//424 811//426 414//423 
f 809//422 810//424 415//421 
f 808//420 809//422 406//419 
f 807//418 808//420 416//417 
f 806//416 807//418 425//415 
o mesh20
f 690//529 644//530 864//530 
f 686//531 690//529 865//532 
f 687//533 686//531 866//534 
f 689//535 687//533 867//536 
f 684//537 689//535 868//538 
f 685//539 684//537 869//540 
f 682//541 685//539 870//542 
f 683//543 682//541 871//544 
f 656//545 683//543 872//546 
f 657//547 656//545 873//548 
f 654//549 657//547 874//550 
f 655//551 654//549 875//552 
f 677//553 655//551 876//554 
f 676//555 677//553 877//556 
f 635//557 676//555 878//558 
f 612//559 635//557 879//560 
f 609//561 612//559 880//562 
f 610//563 609//561 881//564 
f 607//565 610//563 882//566 
f 604//567 607//565 883//568 
f 605//569 604//567 884//570 
f 674//571 605//569 885//572 
f 672//573 674//571 886//574 
f 652//575 672//573 887//576 
f 631//577 652//575 888//578 
f 632//579 631//577 889//580 
f 629//581 632//579 890//582 
f 596//583 629//581 891//584 
f 594//585 596//583 892//586 
f 627//587 594//585 893//588 
f 625//589 627//587 894//590 
f 626//591 625//589 895//592 
f 624//593 626//591 896//594 
f 669//595 624//593 897//596 
f 670//597 669//595 898//598 
f 668//599 670//597 899//600 
f 649//601 668//599 900//602 
f 650//603 649//601 901//604 
f 666//605 650//603 902//606 
f 667//607 666//605 903//608 
f 664//609 667//607 904//610 
f 665//611 664//609 905//612 
f 680//613 665//611 906//614 
f 663//615 680//613 907//616 
f 623//617 663//615 908//618 
f 621//619 623//617 909//620 
f 622//621 621//619 910//622 
f 647//623 622//621 911//624 
f 648//625 647//623 912//626 
f 662//627 648//625 913//628 
f 660//629 662//627 914//630 
f 661//631 660//629 915//632 
f 659//633 661//631 916//634 
f 645//635 659//633 917//636 
f 646//637 645//635 918//638 
f 658//639 646//637 919//640 
f 643//641 658//639 920//642 
f 644//530 643//641 921//641 
f 921//641 864//530 644//530 
f 920//642 921//641 643//641 
f 919//640 920//642 658//639 
f 918//638 919//640 646//637 
f 917//636 918//638 645//635 
f 916//634 917//636 659//633 
f 915//632 916//634 661//631 
f 914//630 915//632 660//629 
f 913//628 914//630 662//627 
f 912//626 913//628 648//625 
f 911//624 912//626 647//623 
f 910//622 911//624 622//621 
f 909//620 910//622 621//619 
f 908//618 909//620 623//617 
f 907//616 908//618 663//615 
f 906//614 907//616 680//613 
f 905//612 906//614 665//611 
f 904//610 905//612 664//609 
f 903//608 904//610 667//607 
f 902//606 903//608 666//605 
f 901//604 902//606 650//603 
f 900//602 901//604 649//601 
f 899//600 900//602 668//599 
f 898//598 899//600 670//597 
f 897//596 898//598 669//595 
f 896//594 897//596 624//593 
f 895//592 896//594 626//591 
f 894//590 895//592 625//589 
f 893//588 894//590 627//587 
f 892//586 893//588 594//585 
f 891//584 892//586 596//583 
f 890//582 891//584 629//581 
f 889//580 890//582 632//579 
f 888//578 889//580 631//577 
f 887//576 888//578 652//575 
f 886//574 887//576 672//573 
f 885//572 886//574 674//571 
f 884//570 885//572 605//569 
f 883//568 884//570 604//567 
f 882//566 883//568 607//565 
f 881//564 882//566 610//563 
f 880//562 881//564 609//561 
f 879//560 880//562 612//559 
f 878//558 879//560 635//557 
f 877//556 878//558 676//555 
f 876//554 877//556 677//553 
f 875//552 876//554 655//551 
f 874//550 875//552 654//549 
f 873//548 874//550 657//547 
f 872//546 873//548 656//545 
f 871//544 872//546 683//543 
f 870//542 871//544 682//541 
f 869//540 870//542 685//539 
f 868//538 869//540 684//537 
f 867//536 868//538 689//535 
f 866//534 867//536 687//533 
f 865//532 866//534 686//531 
f 864//530 865//532 690//529 
o mesh21
f 507//643 505//644 922//644 
f 481//645 507//643 923//646 
f 482//647 481//645 924//648 
f 491//649 482//647 925//650 
f 480//651 491//649 926//652 
f 490//653 480//651 927//654 
f 465//655 490//653 928//656 
f 466//657 465//655 929//658 
f 472//659 466//657 930//660 
f 463//661 472//659 931//662 
f 464//663 463//661 932//664 
f 461//665 464//663 933//666 
f 462//667 461//665 934//668 
f 471//669 462//667 935//670 
f 459//671 471//669 936//672 
f 460//673 459//671 937//674 
f 470//675 460//673 938//676 
f 488//677 470//675 939//678 
f 489//679 488//677 940//680 
f 468//681 489//679 941//682 
f 469//683 468//681 942//684 
f 478//685 469//683 943//686 
f 487//687 478//685 944//688 
f 476//689 487//687 945//690 
f 477//691 476//689 946//692 
f 474//693 477//691 947//694 
f 475//695 474//693 948//696 
f 473//697 475//695 949//698 
f 486//699 473//697 950//700 
f 449//701 486//699 951//702 
f 450//703 449//701 952//704 
f 458//705 450//703 953//706 
f 467//707 458//705 954//708 
f 457//709 467//707 955//710 
f 447//711 457//709 956//712 
f 448//713 447//711 957//714 
f 456//715 448//713 958//716 
f 445//717 456//715 959//718 
f 446//719 445//717 960//720 
f 455//721 446//719 961//722 
f 453//723 455//721 962//724 
f 454//725 453//723 963//726 
f 452//727 454//725 964//728 
f 443//729 452//727 965//730 
f 441//731 443//729 966//732 
f 437//733 441//731 967//734 
f 434//735 437//733 968//736 
f 435//737 434//735 969//738 
f 439//739 435//737 970//740 
f 503//741 439//739 971//742 
f 501//743 503//741 972//744 
f 499//745 501//743 973//746 
f 497//747 499//745 974//748 
f 484//749 497//747 975//750 
f 485//751 484//749 976//752 
f 506//753 485//751 977//754 
f 494//755 506//753 978//756 
f 505//644 494//755 979//755 
f 979//755 922//644 505//644 
f 978//756 979//755 494//755 
f 977//754 978//756 506//753 
f 976//752 977//754 485//751 
f 975//750 976//752 484//749 
f 974//748 975//750 497//747 
f 973//746 974//748 499//745 
f 972//744 973//746 501//743 
f 971//742 972//744 503//741 
f 970//740 971//742 439//739 
f 969//738 970//740 435//737 
f 968//736 969//738 434//735 
f 967//734 968//736 437//733 
f 966//732 967//734 441//731 
f 965//730 966//732 443//729 
f 964//728 965//730 452//727 
f 963//726 964//728 454//725 
f 962//724 963//726 453//723 
f 961//722 962//724 455//721 
f 960//720 961//722 446//719 
f 959//718 960//720 445//717 
f 958//716 959//718 456//715 
f 957//714 958//716 448//713 
f 956//712 957//714 447//711 
f 955//710 956//712 457//709 
f 954//708 955//710 467//707 
f 953//706 954//708 458//705 
f 952//704 953//706 450//703 
f 951//702 952//704 449//701 
f 950//700 951//702 486//699 
f 949//698 950//700 473//697 
f 948//696 949//698 475//695 
f 947//694 948//696 474//693 
f 946//692 947//694 477//691 
f 945//690 946//692 476//689 
f 944//688 945//690 487//687 
f 943//686 944//688 478//685 
f 942//684 943//686 469//683 
f 941//682 942//684 468//681 
f 940//680 941//682 489//679 
f 939//678 940//680 488//677 
f 938//676 939//678 470//675 
f 937//674 938//676 460//673 
f 936//672 937//674 459//671 
f 935//670 936//672 471//669 
f 934//668 935//670 462//667 
f 933//666 934//668 461//665 
f 932//664 933//666 464//663 
f 931//662 932//664 463//661 
f 930//660 931//662 472//659 
f 929//658 930//660 466//657 
f 928//656 929//658 465//655 
f 927//654 928//656 490//653 
f 926//652 927//654 480//651 
f 925//650 926//652 491//649 
f 924//648 925//650 482//647 
f 923//646 924//648 481//645 
f 922//644 923//646 507//643 
o mesh22
f 533//757 581//758 980//758 
f 534//759 533//757 981//760 
f 572//761 534//759 982//762 
f 580//763 572//761 983//764 
f 532//765 580//763 984//766 
f 527//767 532//765 985//768 
f 522//769 527//767 986//770 
f 523//771 522//769 987//772 
f 510//773 523//771 988//774 
f 531//775 510//773 989//776 
f 526//777 531//775 990//778 
f 579//779 526//777 991//780 
f 583//781 579//779 992//782 
f 582//783 583//781 993//784 
f 521//785 582//783 994//786 
f 564//787 521//785 995//788 
f 565//789 564//787 996//790 
f 570//791 565//789 997//792 
f 571//793 570//791 998//794 
f 577//795 571//793 999//796 
f 578//797 577//795 1000//798 
f 569//799 578//797 1001//800 
f 563//801 569//799 1002//802 
f 551//803 563//801 1003//804 
f 529//805 551//803 1004//806 
f 530//807 529//805 1005//808 
f 528//809 530//807 1006//810 
f 515//811 528//809 1007//812 
f 512//813 515//811 1008//814 
f 513//815 512//813 1009//816 
f 520//817 513//815 1010//818 
f 518//819 520//817 1011//820 
f 525//821 518//819 1012//822 
f 550//823 525//821 1013//824 
f 549//825 550//823 1014//826 
f 576//827 549//825 1015//828 
f 575//829 576//827 1016//830 
f 562//831 575//829 1017//832 
f 560//833 562//831 1018//834 
f 558//835 560//833 1019//836 
f 546//837 558//835 1020//838 
f 543//839 546//837 1021//840 
f 544//841 543//839 1022//842 
f 556//843 544//841 1023//844 
f 540//845 556//843 1024//846 
f 541//847 540//845 1025//848 
f 555//849 541//847 1026//850 
f 538//851 555//849 1027//852 
f 539//853 538//851 1028//854 
f 573//855 539//853 1029//856 
f 566//857 573//855 1030//858 
f 567//859 566//857 1031//860 
f 554//861 567//859 1032//862 
f 535//863 554//861 1033//864 
f 536//865 535//863 1034//866 
f 552//867 536//865 1035//868 
f 553//869 552//867 1036//870 
f 581//758 553//869 1037//869 
f 1037//869 980//758 581//758 
f 1036//870 1037//869 553//869 
f 1035//868 1036//870 552//867 
f 1034//866 1035//868 536//865 
f 1033//864 1034//866 535//863 
f 1032//862 1033//864 554//861 
f 1031//860 1032//862 567//859 
f 1030//858 1031//860 566//857 
f 1029//856 1030//858 573//855 
f 1028//854 1029//856 539//853 
f 1027//852 1028//854 538//851 
f 1026//850 1027//852 555//849 
f 1025//848 1026//850 541//847 
f 1024//846 1025//848 540//845 
f 1023//844 1024//846 556//843 
f 1022//842 1023//844 544//841 
f 1021//840 1022//842 543//839 
f 1020//838 1021//840 546//837 
f 1019//836 1020//838 558//835 
f 1018//834 1019//836 560//833 
f 1017//832 1018//834 562//831 
f 1016//830 1017//832 575//829 
f 1015//828 1016//830 576//827 
f 1014//826 1015//828 549//825 
f 1013//824 1014//826 550//823 
f 1012//822 1013//824 525//821 
f 1011//820 1012//822 518//819 
f 1010//818 1011//820 520//817 
f 1009//816 1010//818 513//815 
f 1008//814 1009//816 512//813 
f 1007//812 1008//814 515//811 
f 1006//810 1007//812 528//809 
f 1005//808 1006//810 530//807 
f 1004//806 1005//808 529//805 
f 1003//804 1004//806 551//803 
f 1002//802 1003//804 563//801 
f 1001//800 1002//802 569//799 
f 1000//798 1001//800 578//797 
f 999//796 1000//798 577//795 
f 998//794 999//796 571//793 
f 997//792 998//794 570//791 
f 996//790 997//792 565//789 
f 995//788 996//790 564//787 
f 994//786 995//788 521//785 
f 993//784 994//786 582//783 
f 992//782 993//784 583//781 
f 991//780 992//782 579//779 
f 990//778 991//780 526//777 
f 989//776 990//778 531//775 
f 988//774 989//776 510//773 
f 987//772 988//774 523//771 
f 986//770 987//772 522//769 
f 985//768 986//770 527//767 
f 984//766 985//768 532//765 
f 983//764 984//766 580//763 
f 982//762 983//764 572//761 
f 981//760 982//762 534//759 
f 980//758 981//760 533//757 
o mesh23
f 479//871 508//871 1038//871 
f 1039//871 1040//871 1038//871 
f 1038//871 508//871 1039//871 
f 1038//871 730//871 479//871 
o mesh24
f 1041//872 692//872 1042//872 
f 432//872 805//872 1042//872 
f 1042//872 692//872 432//872 
f 1042//872 1043//872 1041//872 
o mesh25
f 1044//873 1045//873 1046//873 
f 1044//873 1047//873 1048//873 
f 1044//873 1049//873 1045//873 
f 1048//873 1050//873 1044//873 
f 1050//873 1049//873 1044//873 
f 1044//873 1051//873 1052//873 
f 1053//873 1054//873 1055//873 
f 1046//873 1056//873 1044//873 
f 1044//873 1057//873 1051//873 
f 1055//873 1058//873 1053//873 
f 1053//873 1059//873 1060//873 
f 1053//873 1061//873 1062//873 
f 1044//873 1063//873 1047//873 
f 1044//873 1064//873 1057//873 
f 1044//873 1065//873 1066//873 
f 1053//873 1067//873 1054//873 
f 1053//873 1068//873 1069//873 
f 1053//873 1070//873 1059//873 
f 1053//873 1071//873 1061//873 
f 1052//873 1063//873 1044//873 
f 1044//873 1040//873 1065//873 
f 1069//873 1067//873 1053//873 
f 1053//873 1072//873 1073//873 
f 1062//873 1070//873 1053//873 
f 1066//873 1064//873 1044//873 
f 1073//873 1068//873 1053//873 
f 1053//873 1074//873 1071//873 
f 1044//873 1038//873 1040//873 
f 1075//873 1074//873 1053//873 
f 1060//873 1072//873 1053//873 
f 1053//873 1044//873 1075//873 
f 1058//873 1043//873 1053//873 
f 1043//873 1042//873 1053//873 
f 1056//873 1075//873 1044//873 
o mesh26
f 1076//874 1077//874 1078//874 
f 1076//874 1079//874 1077//874 
f 1079//874 1076//874 1080//874 
f 382//874 1081//874 1082//874 
f 382//874 1083//874 1084//874 
f 1085//874 1086//874 1087//874 
f 1080//874 1088//874 1079//874 
f 382//874 1089//874 1081//874 
f 1084//874 1090//874 382//874 
f 382//874 1091//874 1092//874 
f 1087//874 1093//874 1085//874 
f 1094//874 1085//874 1076//874 
f 1090//874 1089//874 382//874 
f 382//874 1041//874 1091//874 
f 1085//874 1095//874 1096//874 
f 1093//874 1097//874 1085//874 
f 1078//874 1094//874 1076//874 
f 1082//874 1098//874 382//874 
f 382//874 1099//874 1100//874 
f 382//874 1101//874 1102//874 
f 1092//874 1103//874 382//874 
f 1096//874 1104//874 1085//874 
f 1094//874 1086//874 1085//874 
f 1100//874 1083//874 382//874 
f 1103//874 1101//874 382//874 
f 1097//874 1095//874 1085//874 
f 1102//874 1099//874 382//874 
f 1104//874 1039//874 1085//874 
f 1085//874 508//874 382//874 
f 382//874 692//874 1041//874 
f 382//874 1105//874 1085//874 
f 1039//874 508//874 1085//874 
f 1098//874 1105//874 382//874 
o mesh27
f 1041//875 1043//875 1058//876 
f 1091//876 1058//876 1055//877 
f 1092//877 1055//877 1054//878 
f 1103//878 1054//878 1067//879 
f 1101//879 1067//879 1069//880 
f 1102//880 1069//880 1068//881 
f 1099//881 1068//881 1073//882 
f 1100//882 1073//882 1072//883 
f 1083//883 1072//883 1060//884 
f 1084//884 1060//884 1059//885 
f 1090//885 1059//885 1070//886 
f 1089//886 1070//886 1062//887 
f 1081//887 1062//887 1061//888 
f 1082//888 1061//888 1071//889 
f 1098//889 1071//889 1074//890 
f 1074//890 1105//890 1098//889 
f 1071//889 1098//889 1082//888 
f 1061//888 1082//888 1081//887 
f 1062//887 1081//887 1089//886 
f 1070//886 1089//886 1090//885 
f 1059//885 1090//885 1084//884 
f 1060//884 1084//884 1083//883 
f 1072//883 1083//883 1100//882 
f 1073//882 1100//882 1099//881 
f 1068//881 1099//881 1102//880 
f 1069//880 1102//880 1101//879 
f 1067//879 1101//879 1103//878 
f 1054//878 1103//878 1092//877 
f 1055//877 1092//877 1091//876 
f 1058//876 1091//876 1041//875 
o mesh28
f 1040//891 1039//891 1104//892 
f 1065//892 1104//892 1096//893 
f 1066//893 1096//893 1095//894 
f 1064//894 1095//894 1097//895 
f 1057//895 1097//895 1093//896 
f 1051//896 1093//896 1087//897 
f 1052//897 1087//897 1086//898 
f 1063//898 1086//898 1094//899 
f 1047//899 1094//899 1078//900 
f 1048//900 1078//900 1077//901 
f 1050//901 1077//901 1079//902 
f 1049//902 1079//902 1088//903 
f 1045//903 1088//903 1080//904 
f 1046//904 1080//904 1076//905 
f 1056//905 1076//905 1085//906 
f 1085//906 1075//906 1056//905 
f 1076//905 1056//905 1046//904 
f 1080//904 1046//904 1045//903 
f 1088//903 1045//903 1049//902 
f 1079//902 1049//902 1050//901 
f 1077//901 1050//901 1048//900 
f 1078//900 1048//900 1047//899 
f 1094//899 1047//899 1063//898 
f 1086//898 1063//898 1052//897 
f 1087//897 1052//897 1051//896 
f 1093//896 1051//896 1057//895 
f 1097//895 1057//895 1064//894 
f 1095//894 1064//894 1066//893 
f 1096//893 1066//893 1065//892 
f 1104//892 1065//892 1040//891 
o mesh29
f 1105//906 1074//906 1075//906 
f 1075//906 1085//906 1105//906 
o mesh30
f 1170//906 818//906 817//906 
f 1170//906 819//906 818//906 
f 1171//906 822//906 821//906 
f 1171//906 824//906 823//906 
f 1170//906 815//906 814//906 
f 1170//906 820//906 819//906 
f 823//906 822//906 1171//906 
f 1170//906 813//906 812//906 
f 1170//906 816//906 815//906 
f 1170//906 821//906 820//906 
f 1171//906 825//906 824//906 
f 1172//906 843//906 842//906 
f 814//906 813//906 1170//906 
f 821//906 1170//906 1171//906 
f 842//906 841//906 1172//906 
f 1173//906 853//906 852//906 
f 1173//906 858//906 857//906 
f 817//906 816//906 1170//906 
f 1171//906 827//906 826//906 
f 1171//906 829//906 828//906 
f 841//906 840//906 1172//906 
f 1172//906 845//906 844//906 
f 1172//906 847//906 846//906 
f 1173//906 854//906 853//906 
f 1173//906 856//906 855//906 
f 1173//906 859//906 858//906 
f 826//906 825//906 1171//906 
f 1171//906 830//906 829//906 
f 1172//906 839//906 838//906 
f 844//906 843//906 1172//906 
f 1172//906 848//906 847//906 
f 1172//906 1173//906 849//906 
f 852//906 851//906 1173//906 
f 857//906 856//906 1173//906 
f 1170//906 810//906 809//906 
f 812//906 811//906 1170//906 
f 1171//906 831//906 830//906 
f 1171//906 833//906 832//906 
f 1172//906 837//906 836//906 
f 840//906 839//906 1172//906 
f 849//906 848//906 1172//906 
f 851//906 850//906 1173//906 
f 1173//906 860//906 859//906 
f 1173//906 862//906 861//906 
f 1170//906 807//906 806//906 
f 811//906 810//906 1170//906 
f 832//906 831//906 1171//906 
f 838//906 837//906 1172//906 
f 850//906 849//906 1173//906 
f 861//906 860//906 1173//906 
f 1173//906 806//906 863//906 
f 1170//906 808//906 807//906 
f 828//906 827//906 1171//906 
f 1171//906 1172//906 835//906 
f 846//906 845//906 1172//906 
f 863//906 862//906 1173//906 
f 809//906 808//906 1170//906 
f 835//906 834//906 1171//906 
f 855//906 854//906 1173//906 
f 834//906 833//906 1171//906 
f 806//906 1173//906 1170//906 
f 1172//906 1171//906 1174//906 
f 1174//906 865//906 864//906 
f 864//906 1175//906 1174//906 
f 1174//906 875//906 874//906 
f 1174//906 1176//906 878//906 
f 1175//906 909//906 908//906 
f 1175//906 920//906 919//906 
f 864//906 921//906 1175//906 
f 1174//906 876//906 875//906 
f 878//906 877//906 1174//906 
f 1176//906 881//906 880//906 
f 1176//906 885//906 884//906 
f 1177//906 897//906 896//906 
f 1177//906 903//906 902//906 
f 1175//906 910//906 909//906 
f 1175//906 912//906 911//906 
f 1175//906 914//906 913//906 
f 919//906 918//906 1175//906 
f 1174//906 866//906 865//906 
f 1174//906 868//906 867//906 
f 877//906 876//906 1174//906 
f 1176//906 882//906 881//906 
f 884//906 883//906 1176//906 
f 1177//906 895//906 894//906 
f 1177//906 898//906 897//906 
f 1177//906 900//906 899//906 
f 902//906 901//906 1177//906 
f 1177//906 905//906 904//906 
f 1177//906 907//906 906//906 
f 911//906 910//906 1175//906 
f 1175//906 915//906 914//906 
f 1175//906 917//906 916//906 
f 921//906 920//906 1175//906 
f 1174//906 869//906 868//906 
f 1174//906 871//906 870//906 
f 1174//906 873//906 872//906 
f 1176//906 879//906 878//906 
f 883//906 882//906 1176//906 
f 896//906 895//906 1177//906 
f 901//906 900//906 1177//906 
f 906//906 905//906 1177//906 
f 908//906 1177//906 1175//906 
f 916//906 915//906 1175//906 
f 867//906 866//906 1174//906 
f 872//906 871//906 1174//906 
f 880//906 879//906 1176//906 
f 1176//906 891//906 890//906 
f 1176//906 1177//906 893//906 
f 899//906 898//906 1177//906 
f 908//906 907//906 1177//906 
f 918//906 917//906 1175//906 
f 874//906 873//906 1174//906 
f 1176//906 888//906 887//906 
f 890//906 889//906 1176//906 
f 893//906 892//906 1176//906 
f 904//906 903//906 1177//906 
f 870//906 869//906 1174//906 
f 887//906 886//906 1176//906 
f 892//906 891//906 1176//906 
f 913//906 912//906 1175//906 
f 889//906 888//906 1176//906 
f 886//906 885//906 1176//906 
f 747//906 1178//906 1179//906 
f 1177//906 151//906 152//906 
f 1177//906 150//906 151//906 
f 1177//906 177//906 154//906 
f 1177//906 149//906 150//906 
f 1177//906 148//906 147//906 
f 1177//906 153//906 177//906 
f 147//906 149//906 1177//906 
f 152//906 153//906 1177//906 
f 1172//906 162//906 163//906 
f 1172//906 1175//906 160//906 
f 1172//906 164//906 165//906 
f 1172//906 161//906 162//906 
f 1175//906 159//906 160//906 
f 1175//906 157//906 158//906 
f 163//906 164//906 1172//906 
f 158//906 159//906 1175//906 
f 1175//906 155//906 156//906 
f 160//906 161//906 1172//906 
f 1175//906 154//906 155//906 
f 156//906 157//906 1175//906 
f 165//906 176//906 1172//906 
f 1173//906 171//906 172//906 
f 1173//906 170//906 171//906 
f 1173//906 168//906 169//906 
f 169//906 170//906 1173//906 
f 1173//906 1172//906 167//906 
f 172//906 175//906 1173//906 
f 167//906 166//906 1173//906 
f 166//906 168//906 1173//906 
f 1044//906 1053//906 117//906 
f 1053//906 174//906 117//906 
f 1053//906 1173//906 173//906 
f 1044//906 182//906 119//906 
f 173//906 174//906 1053//906 
f 117//906 182//906 1044//906 
f 1180//906 122//906 123//906 
f 1180//906 118//906 120//906 
f 1180//906 181//906 125//906 
f 1180//906 121//906 122//906 
f 1180//906 119//906 118//906 
f 1180//906 124//906 181//906 
f 120//906 121//906 1180//906 
f 123//906 124//906 1180//906 
f 1179//906 1178//906 131//906 
f 1179//906 135//906 136//906 
f 131//906 132//906 1179//906 
f 136//906 180//906 1179//906 
f 1179//906 133//906 134//906 
f 1178//906 130//906 131//906 
f 134//906 135//906 1179//906 
f 1178//906 129//906 130//906 
f 1178//906 127//906 128//906 
f 132//906 133//906 1179//906 
f 1178//906 126//906 127//906 
f 128//906 129//906 1178//906 
f 1178//906 125//906 126//906 
f 1181//906 1179//906 138//906 
f 138//906 137//906 1181//906 
f 1181//906 140//906 141//906 
f 137//906 139//906 1181//906 
f 1181//906 142//906 143//906 
f 139//906 140//906 1181//906 
f 141//906 142//906 1181//906 
f 143//906 179//906 1181//906 
f 766//906 1181//906 144//906 
f 767//906 766//906 146//906 
f 144//906 145//906 766//906 
f 767//906 178//906 148//906 
f 145//906 146//906 766//906 
f 146//906 178//906 767//906 
f 1173//906 797//906 795//906 
f 1173//906 801//906 800//906 
f 1173//906 803//906 802//906 
f 1173//906 798//906 797//906 
f 800//906 799//906 1173//906 
f 1173//906 804//906 803//906 
f 799//906 798//906 1173//906 
f 1173//906 805//906 804//906 
f 802//906 801//906 1173//906 
f 1053//906 1042//906 805//906 
f 805//906 1173//906 1053//906 
f 1170//906 795//906 796//906 
f 726//906 724//906 723//906 
f 1170//906 791//906 790//906 
f 726//906 725//906 724//906 
f 722//906 728//906 727//906 
f 1170//906 792//906 791//906 
f 727//906 726//906 722//906 
f 790//906 789//906 1170//906 
f 1170//906 794//906 793//906 
f 722//906 729//906 728//906 
f 1171//906 787//906 729//906 
f 1171//906 1170//906 788//906 
f 793//906 792//906 1170//906 
f 729//906 722//906 1171//906 
f 789//906 788//906 1170//906 
f 788//906 787//906 1171//906 
f 699//906 697//906 698//906 
f 699//906 695//906 696//906 
f 696//906 697//906 699//906 
f 718//906 715//906 714//906 
f 715//906 718//906 717//906 
f 699//906 694//906 695//906 
f 718//906 712//906 694//906 
f 717//906 716//906 715//906 
f 694//906 699//906 718//906 
f 714//906 713//906 718//906 
f 713//906 712//906 718//906 
f 1106//906 1107//906 700//906 
f 1107//906 1108//906 699//906 
f 700//906 701//906 1106//906 
f 1109//906 1106//906 710//906 
f 701//906 710//906 1106//906 
f 703//906 1110//906 1109//906 
f 1174//906 1111//906 1112//906 
f 722//906 1113//906 1114//906 
f 718//906 699//906 1115//906 
f 699//906 700//906 1107//906 
f 703//906 1116//906 1110//906 
f 1174//906 1117//906 1111//906 
f 1171//906 722//906 1118//906 
f 722//906 1119//906 1113//906 
f 722//906 1120//906 1121//906 
f 1120//906 722//906 721//906 
f 1122//906 720//906 719//906 
f 1123//906 719//906 718//906 
f 1115//906 1124//906 718//906 
f 699//906 1125//906 1126//906 
f 699//906 1127//906 1128//906 
f 710//906 703//906 1109//906 
f 1174//906 1129//906 1117//906 
f 1174//906 1130//906 1131//906 
f 1174//906 1132//906 1133//906 
f 1114//906 1118//906 722//906 
f 721//906 1122//906 1120//906 
f 1122//906 721//906 720//906 
f 718//906 1134//906 1135//906 
f 718//906 1136//906 1137//906 
f 718//906 1138//906 1139//906 
f 699//906 1140//906 1115//906 
f 1126//906 1141//906 699//906 
f 1108//906 1127//906 699//906 
f 703//906 1142//906 1143//906 
f 1174//906 1144//906 1129//906 
f 1133//906 1130//906 1174//906 
f 1174//906 1145//906 1146//906 
f 1171//906 1147//906 1148//906 
f 1171//906 1149//906 1150//906 
f 722//906 1151//906 1119//906 
f 719//906 1123//906 1122//906 
f 718//906 1152//906 1134//906 
f 1139//906 1136//906 718//906 
f 1141//906 1140//906 699//906 
f 1143//906 1116//906 703//906 
f 1131//906 1144//906 1174//906 
f 1174//906 1153//906 1145//906 
f 1171//906 1154//906 1147//906 
f 1171//906 1155//906 1156//906 
f 1171//906 1157//906 1158//906 
f 1171//906 1159//906 1160//906 
f 1118//906 1149//906 1171//906 
f 718//906 1135//906 1123//906 
f 1124//906 1138//906 718//906 
f 703//906 1161//906 1142//906 
f 1112//906 703//906 1174//906 
f 1146//906 1162//906 1174//906 
f 1163//906 1164//906 1165//906 
f 1156//906 1154//906 1171//906 
f 1160//906 1157//906 1171//906 
f 1121//906 1151//906 722//906 
f 1128//906 1125//906 699//906 
f 1162//906 1132//906 1174//906 
f 1165//906 1174//906 1163//906 
f 1166//906 1171//906 1167//906 
f 1158//906 1155//906 1171//906 
f 1137//906 1152//906 718//906 
f 1165//906 1153//906 1174//906 
f 1174//906 1171//906 1166//906 
f 1171//906 1168//906 1167//906 
f 1150//906 1159//906 1171//906 
f 1166//906 1163//906 1174//906 
f 1148//906 1168//906 1171//906 
f 1167//906 1169//906 1166//906 
f 1176//906 781//906 780//906 
f 1176//906 783//906 782//906 
f 703//906 707//906 708//906 
f 706//906 703//906 702//906 
f 782//906 781//906 1176//906 
f 1176//906 785//906 784//906 
f 703//906 706//906 707//906 
f 702//906 704//906 706//906 
f 784//906 783//906 1176//906 
f 1174//906 786//906 785//906 
f 1174//906 703//906 709//906 
f 704//906 705//906 706//906 
f 785//906 1176//906 1174//906 
f 708//906 709//906 703//906 
f 709//906 786//906 1174//906 
f 1176//906 779//906 778//906 
f 1177//906 772//906 771//906 
f 1177//906 773//906 772//906 
f 1177//906 775//906 774//906 
f 1177//906 770//906 769//906 
f 774//906 773//906 1177//906 
f 1177//906 1176//906 777//906 
f 771//906 770//906 1177//906 
f 777//906 776//906 1177//906 
f 776//906 775//906 1177//906 
f 769//906 768//906 1177//906 
f 1181//906 757//906 756//906 
f 1181//906 759//906 758//906 
f 1181//906 762//906 761//906 
f 758//906 757//906 1181//906 
f 761//906 760//906 1181//906 
f 1181//906 765//906 764//906 
f 760//906 759//906 1181//906 
f 764//906 763//906 1181//906 
f 763//906 762//906 1181//906 
f 1181//906 766//906 765//906 
f 1179//906 980//906 1037//906 
f 1179//906 981//906 980//906 
f 1179//906 988//906 987//906 
f 1179//906 991//906 990//906 
f 748//906 1036//906 1035//906 
f 1037//906 748//906 1179//906 
f 1179//906 984//906 983//906 
f 987//906 986//906 1179//906 
f 990//906 989//906 1179//906 
f 755//906 1010//906 1009//906 
f 755//906 1013//906 1012//906 
f 752//906 751//906 1022//906 
f 751//906 750//906 1023//906 
f 749//906 1026//906 1025//906 
f 749//906 748//906 1027//906 
f 1035//906 1034//906 748//906 
f 1179//906 982//906 981//906 
f 1179//906 985//906 984//906 
f 989//906 988//906 1179//906 
f 755//906 1011//906 1010//906 
f 755//906 1014//906 1013//906 
f 1019//906 1018//906 755//906 
f 753//906 1020//906 1019//906 
f 752//906 1021//906 1020//906 
f 1023//906 1022//906 751//906 
f 1027//906 1026//906 749//906 
f 748//906 1029//906 1028//906 
f 1037//906 1036//906 748//906 
f 986//906 985//906 1179//906 
f 1179//906 993//906 992//906 
f 1179//906 1181//906 994//906 
f 1181//906 997//906 996//906 
f 1012//906 1011//906 755//906 
f 755//906 1016//906 1015//906 
f 1019//906 754//906 753//906 
f 1022//906 1021//906 752//906 
f 750//906 749//906 1024//906 
f 1028//906 1027//906 748//906 
f 748//906 1033//906 1032//906 
f 983//906 982//906 1179//906 
f 994//906 993//906 1179//906 
f 1181//906 998//906 997//906 
f 1181//906 1000//906 999//906 
f 1181//906 1007//906 1006//906 
f 1015//906 1014//906 755//906 
f 755//906 1018//906 1017//906 
f 1020//906 753//906 752//906 
f 1025//906 1024//906 749//906 
f 748//906 1031//906 1030//906 
f 1034//906 1033//906 748//906 
f 1181//906 995//906 994//906 
f 999//906 998//906 1181//906 
f 1006//906 1005//906 1181//906 
f 1181//906 1009//906 1008//906 
f 1017//906 1016//906 755//906 
f 1024//906 1023//906 750//906 
f 1032//906 1031//906 748//906 
f 996//906 995//906 1181//906 
f 1181//906 1004//906 1003//906 
f 1008//906 1007//906 1181//906 
f 755//906 754//906 1019//906 
f 992//906 991//906 1179//906 
f 1181//906 1002//906 1001//906 
f 1005//906 1004//906 1181//906 
f 1030//906 1029//906 748//906 
f 1003//906 1002//906 1181//906 
f 1001//906 1000//906 1181//906 
f 743//906 968//906 967//906 
f 743//906 742//906 969//906 
f 746//906 963//906 962//906 
f 744//906 967//906 966//906 
f 969//906 968//906 743//906 
f 746//906 964//906 963//906 
f 967//906 744//906 743//906 
f 742//906 741//906 970//906 
f 747//906 960//906 959//906 
f 746//906 965//906 964//906 
f 745//906 966//906 965//906 
f 970//906 969//906 742//906 
f 1180//906 935//906 934//906 
f 1178//906 938//906 937//906 
f 1178//906 940//906 939//906 
f 747//906 958//906 957//906 
f 747//906 961//906 960//906 
f 962//906 747//906 746//906 
f 966//906 745//906 744//906 
f 970//906 741//906 740//906 
f 740//906 973//906 972//906 
f 1180//906 936//906 935//906 
f 939//906 938//906 1178//906 
f 1178//906 942//906 941//906 
f 1178//906 945//906 944//906 
f 959//906 958//906 747//906 
f 965//906 746//906 745//906 
f 972//906 971//906 740//906 
f 740//906 975//906 974//906 
f 1180//906 937//906 936//906 
f 941//906 940//906 1178//906 
f 1178//906 946//906 945//906 
f 962//906 961//906 747//906 
f 974//906 973//906 740//906 
f 1180//906 928//906 927//906 
f 1180//906 930//906 929//906 
f 1180//906 932//906 931//906 
f 937//906 1180//906 1178//906 
f 944//906 943//906 1178//906 
f 740//906 971//906 970//906 
f 929//906 928//906 1180//906 
f 1180//906 933//906 932//906 
f 943//906 942//906 1178//906 
f 957//906 956//906 747//906 
f 931//906 930//906 1180//906 
f 1178//906 947//906 946//906 
f 747//906 955//906 954//906 
f 740//906 976//906 975//906 
f 1180//906 926//906 925//906 
f 934//906 933//906 1180//906 
f 1178//906 747//906 952//906 
f 956//906 955//906 747//906 
f 740//906 978//906 977//906 
f 927//906 926//906 1180//906 
f 1178//906 949//906 948//906 
f 747//906 953//906 952//906 
f 977//906 976//906 740//906 
f 740//906 1180//906 922//906 
f 1180//906 924//906 923//906 
f 948//906 947//906 1178//906 
f 954//906 953//906 747//906 
f 922//906 979//906 740//906 
f 925//906 924//906 1180//906 
f 1178//906 951//906 950//906 
f 979//906 978//906 740//906 
f 950//906 949//906 1178//906 
f 923//906 922//906 1180//906 
f 1180//906 733//906 732//906 
f 1180//906 735//906 734//906 
f 734//906 733//906 1180//906 
f 1180//906 738//906 737//906 
f 732//906 731//906 1180//906 
f 1180//906 739//906 738//906 
f 1180//906 736//906 735//906 
f 1180//906 740//906 739//906 
f 1044//906 1180//906 730//906 
f 737//906 736//906 1180//906 
f 731//906 730//906 1180//906 
f 730//906 1038//906 1044//906 
f 952//906 951//906 1178//906 
f 1009//906 1181//906 755//906 
f 756//906 755//906 1181//906 
f 768//906 767//906 1177//906 
f 778//906 777//906 1176//906 
f 780//906 779//906 1176//906 
f 1112//906 1161//906 703//906 
f 698//906 711//906 699//906 
f 723//906 722//906 726//906 
f 796//906 794//906 1170//906 
f 795//906 1170//906 1173//906 
f 148//906 1177//906 767//906 
f 179//906 144//906 1181//906 
f 180//906 138//906 1179//906 
f 125//906 1178//906 1180//906 
f 119//906 1180//906 1044//906 
f 175//906 173//906 1173//906 
f 176//906 167//906 1172//906 
f 154//906 1175//906 1177//906 
f 1179//906 748//906 747//906 
f 894//906 893//906 1177//906 
f 1174//906 1175//906 1172//906 
f 836//906 835//906 1172//906 
o mesh31
f 1163//907 1166//907 1182//907 
f 1182//907 1183//907 1163//907 
o mesh32
f 1183//907 1182//907 1184//908 
f 1185//908 1184//908 1186//909 
f 1187//909 1186//909 1188//910 
f 1189//910 1188//910 1190//911 
f 1191//911 1190//911 1192//912 
f 1193//912 1192//912 1194//913 
f 1195//913 1194//913 1196//914 
f 1197//914 1196//914 1198//915 
f 1199//915 1198//915 1200//916 
f 1201//916 1200//916 1202//917 
f 1203//917 1202//917 1204//918 
f 1205//918 1204//918 1206//919 
f 1207//919 1206//919 1208//920 
f 1209//920 1208//920 1210//921 
f 1211//921 1210//921 1212//922 
f 1212//922 1213//922 1211//921 
f 1210//921 1211//921 1209//920 
f 1208//920 1209//920 1207//919 
f 1206//919 1207//919 1205//918 
f 1204//918 1205//918 1203//917 
f 1202//917 1203//917 1201//916 
f 1200//916 1201//916 1199//915 
f 1198//915 1199//915 1197//914 
f 1196//914 1197//914 1195//913 
f 1194//913 1195//913 1193//912 
f 1192//912 1193//912 1191//911 
f 1190//911 1191//911 1189//910 
f 1188//910 1189//910 1187//909 
f 1186//909 1187//909 1185//908 
f 1184//908 1185//908 1183//907 
o mesh33
f 1203//923 1209//923 1211//923 
f 1209//923 1203//923 1205//923 
f 1205//923 1207//923 1209//923 
f 1213//923 1199//923 1201//923 
f 1201//923 1203//923 1213//923 
f 1213//923 1197//923 1199//923 
f 1213//923 1193//923 1195//923 
f 1213//923 1189//923 1191//923 
f 1213//923 1185//923 1187//923 
f 1195//923 1197//923 1213//923 
f 1187//923 1189//923 1213//923 
f 1191//923 1193//923 1213//923 
f 1213//923 1183//923 1185//923 
f 1164//923 1163//923 1213//923 
f 1213//923 1163//923 1183//923 
f 1164//923 1214//923 1215//923 
f 1164//923 1216//923 1217//923 
f 1211//923 1213//923 1203//923 
f 1217//923 1214//923 1164//923 
f 1164//923 1218//923 1219//923 
f 1164//923 1220//923 1221//923 
f 1213//923 1222//923 1164//923 
f 1219//923 1216//923 1164//923 
f 1222//923 1220//923 1164//923 
f 1164//923 1223//923 1224//923 
f 1164//923 1225//923 1226//923 
f 1164//923 1227//923 1228//923 
f 1221//923 1218//923 1164//923 
f 1226//923 1223//923 1164//923 
f 1215//923 1227//923 1164//923 
f 1228//923 1225//923 1164//923 
f 1224//923 1229//923 1164//923 
o mesh34
f 1208//924 1206//924 1204//924 
f 1202//924 1212//924 1210//924 
f 1212//924 1202//924 1200//924 
f 1210//924 1208//924 1202//924 
f 1204//924 1202//924 1208//924 
f 1212//924 1188//924 1186//924 
f 1212//924 1192//924 1190//924 
f 1212//924 1196//924 1194//924 
f 1200//924 1198//924 1212//924 
f 1190//924 1188//924 1212//924 
f 1198//924 1196//924 1212//924 
f 1194//924 1192//924 1212//924 
f 1186//924 1184//924 1212//924 
f 1184//924 1182//924 1212//924 
f 1166//924 1169//924 1230//924 
f 1230//924 1212//924 1166//924 
f 1169//924 1231//924 1232//924 
f 1169//924 1233//924 1234//924 
f 1169//924 1235//924 1230//924 
f 1169//924 1236//924 1237//924 
f 1169//924 1238//924 1239//924 
f 1234//924 1231//924 1169//924 
f 1237//924 1235//924 1169//924 
f 1232//924 1238//924 1169//924 
f 1239//924 1236//924 1169//924 
f 1169//924 1240//924 1241//924 
f 1169//924 1242//924 1243//924 
f 1169//924 1244//924 1245//924 
f 1241//924 1233//924 1169//924 
f 1245//924 1242//924 1169//924 
f 1243//924 1240//924 1169//924 
f 1182//924 1166//924 1212//924 
o mesh35
f 1220//925 1222//926 1230//926 
f 1221//927 1220//925 1235//928 
f 1218//929 1221//927 1237//930 
f 1219//931 1218//929 1236//932 
f 1216//933 1219//931 1239//934 
f 1217//935 1216//933 1238//936 
f 1214//937 1217//935 1232//938 
f 1215//939 1214//937 1231//940 
f 1227//941 1215//939 1234//942 
f 1228//943 1227//941 1233//944 
f 1225//945 1228//943 1241//946 
f 1226//947 1225//945 1240//948 
f 1223//949 1226//947 1243//950 
f 1224//951 1223//949 1242//952 
f 1229//953 1224//951 1245//954 
f 1245//954 1244//953 1229//953 
f 1242//952 1245//954 1224//951 
f 1243//950 1242//952 1223//949 
f 1240//948 1243//950 1226//947 
f 1241//946 1240//948 1225//945 
f 1233//944 1241//946 1228//943 
f 1234//942 1233//944 1227//941 
f 1231//940 1234//942 1215//939 
f 1232//938 1231//940 1214//937 
f 1238//936 1232//938 1217//935 
f 1239//934 1238//936 1216//933 
f 1236//932 1239//934 1219//931 
f 1237//930 1236//932 1218//929 
f 1235//928 1237//930 1221//927 
f 1230//926 1235//928 1220//925 
o mesh36
f 1213//955 1212//955 1230//955 
f 1230//955 1222//955 1213//955 
o mesh37
f 1246//956 1247//956 1229//956 
f 1165//956 1164//956 1229//956 
f 1167//956 1246//956 1244//956 
f 1229//956 1247//956 1165//956 
f 1229//956 1244//956 1246//956 
f 1244//956 1169//956 1167//956 
o mesh38
f 1142//957 1248//957 1249//958 
f 1143//958 1249//958 1250//959 
f 1116//959 1250//959 1251//960 
f 1110//960 1251//960 1252//961 
f 1109//961 1252//961 1253//962 
f 1106//962 1253//962 1254//963 
f 1107//963 1254//963 1255//964 
f 1108//964 1255//964 1256//965 
f 1127//965 1257//966 1258//967 
f 1127//965 1256//965 1257//966 
f 1128//967 1259//968 1260//969 
f 1128//967 1258//967 1259//968 
f 1125//969 1261//970 1262//971 
f 1125//969 1260//969 1261//970 
f 1126//971 1263//972 1264//973 
f 1126//971 1262//971 1263//972 
f 1141//973 1265//974 1266//975 
f 1141//973 1264//973 1265//974 
f 1140//975 1267//976 1268//977 
f 1140//975 1266//975 1267//976 
f 1153//978 1165//979 1247//979 
f 1247//979 1269//980 1153//978 
f 1145//981 1153//978 1270//982 
f 1270//982 1271//983 1145//981 
f 1146//984 1145//981 1272//985 
f 1272//985 1273//986 1146//984 
f 1162//987 1146//984 1274//988 
f 1274//988 1275//989 1162//987 
f 1132//990 1162//987 1276//991 
f 1276//991 1277//992 1132//990 
f 1133//993 1132//990 1278//994 
f 1278//994 1279//995 1133//993 
f 1130//996 1133//993 1280//997 
f 1131//998 1130//996 1281//999 
f 1144//1000 1131//998 1282//1001 
f 1129//1002 1144//1000 1283//1003 
f 1117//1004 1129//1002 1284//1005 
f 1111//1006 1117//1004 1285//1007 
f 1112//1008 1111//1006 1286//1009 
f 1161//1010 1112//1008 1287//1011 
f 1161//1010 1288//1010 1248//957 
f 1288//1010 1289//1012 1248//957 
f 1248//957 1142//957 1161//1010 
f 1287//1011 1288//1010 1161//1010 
f 1286//1009 1287//1011 1112//1008 
f 1285//1007 1286//1009 1111//1006 
f 1284//1005 1285//1007 1117//1004 
f 1283//1003 1284//1005 1129//1002 
f 1282//1001 1283//1003 1144//1000 
f 1281//999 1282//1001 1131//998 
f 1280//997 1281//999 1130//996 
f 1279//995 1280//997 1133//993 
f 1277//992 1278//994 1132//990 
f 1275//989 1276//991 1162//987 
f 1273//986 1274//988 1146//984 
f 1271//983 1272//985 1145//981 
f 1269//980 1270//982 1153//978 
f 1268//977 1115//1013 1140//975 
f 1266//975 1140//975 1141//973 
f 1264//973 1141//973 1126//971 
f 1262//971 1126//971 1125//969 
f 1260//969 1125//969 1128//967 
f 1258//967 1128//967 1127//965 
f 1256//965 1127//965 1108//964 
f 1255//964 1108//964 1107//963 
f 1254//963 1107//963 1106//962 
f 1253//962 1106//962 1109//961 
f 1252//961 1109//961 1110//960 
f 1251//960 1110//960 1116//959 
f 1250//959 1116//959 1143//958 
f 1249//958 1143//958 1142//957 
o mesh39
f 1138//1014 1124//1013 1290//1013 
f 1290//1013 1291//1015 1138//1014 
f 1139//1016 1138//1014 1292//1017 
f 1292//1017 1293//1018 1139//1016 
f 1136//1019 1139//1016 1294//1020 
f 1294//1020 1295//1021 1136//1019 
f 1137//1022 1136//1019 1296//1023 
f 1296//1023 1297//1024 1137//1022 
f 1152//1025 1137//1022 1298//1026 
f 1298//1026 1299//1027 1152//1025 
f 1134//1028 1152//1025 1300//1029 
f 1300//1029 1301//1030 1134//1028 
f 1135//1031 1134//1028 1302//1032 
f 1123//1033 1135//1031 1303//1034 
f 1122//1035 1123//1033 1304//1036 
f 1120//1037 1122//1035 1305//1038 
f 1121//1039 1120//1037 1306//1040 
f 1151//1041 1121//1039 1307//1042 
f 1119//1043 1151//1041 1308//1044 
f 1113//1045 1119//1043 1309//1046 
f 1113//1045 1310//1045 1311//1047 
f 1310//1045 1312//1048 1311//1047 
f 1114//1047 1311//1047 1313//1049 
f 1118//1049 1313//1049 1314//1050 
f 1149//1050 1314//1050 1315//1051 
f 1150//1051 1315//1051 1316//1052 
f 1159//1052 1316//1052 1317//1053 
f 1160//1053 1317//1053 1318//1054 
f 1157//1054 1318//1054 1319//1055 
f 1158//1055 1319//1055 1320//1056 
f 1155//1056 1321//1057 1322//1058 
f 1155//1056 1320//1056 1321//1057 
f 1156//1058 1323//1059 1324//1060 
f 1156//1058 1322//1058 1323//1059 
f 1154//1060 1325//1061 1326//1062 
f 1154//1060 1324//1060 1325//1061 
f 1147//1062 1327//1063 1328//1064 
f 1147//1062 1326//1062 1327//1063 
f 1148//1064 1329//1065 1330//1066 
f 1148//1064 1328//1064 1329//1065 
f 1168//1066 1331//1067 1246//1068 
f 1168//1066 1330//1066 1331//1067 
f 1246//1068 1167//1068 1168//1066 
f 1330//1066 1168//1066 1148//1064 
f 1328//1064 1148//1064 1147//1062 
f 1326//1062 1147//1062 1154//1060 
f 1324//1060 1154//1060 1156//1058 
f 1322//1058 1156//1058 1155//1056 
f 1320//1056 1155//1056 1158//1055 
f 1319//1055 1158//1055 1157//1054 
f 1318//1054 1157//1054 1160//1053 
f 1317//1053 1160//1053 1159//1052 
f 1316//1052 1159//1052 1150//1051 
f 1315//1051 1150//1051 1149//1050 
f 1314//1050 1149//1050 1118//1049 
f 1313//1049 1118//1049 1114//1047 
f 1311//1047 1114//1047 1113//1045 
f 1309//1046 1310//1045 1113//1045 
f 1308//1044 1309//1046 1119//1043 
f 1307//1042 1308//1044 1151//1041 
f 1306//1040 1307//1042 1121//1039 
f 1305//1038 1306//1040 1120//1037 
f 1304//1036 1305//1038 1122//1035 
f 1303//1034 1304//1036 1123//1033 
f 1302//1032 1303//1034 1135//1031 
f 1301//1030 1302//1032 1134//1028 
f 1299//1027 1300//1029 1152//1025 
f 1297//1024 1298//1026 1137//1022 
f 1295//1021 1296//1023 1136//1019 
f 1293//1018 1294//1020 1139//1016 
f 1291//1015 1292//1017 1138//1014 
o mesh40
f 1247//1069 1246//1069 1332//1069 
f 1332//1069 1333//1069 1247//1069 
o mesh41
f 1115//1070 1268//1070 1290//1070 
f 1290//1070 1124//1070 1115//1070 
o mesh42
f 1290//1069 1268//1069 1334//1069 
f 1334//1069 1335//1069 1290//1069 
o mesh43
f 1336//1071 1337//1071 1338//1072 
f 1339//1072 1338//1072 1340//1073 
f 1341//1073 1340//1073 1342//1074 
f 1343//1074 1342//1074 1344//1075 
f 1345//1075 1344//1075 1346//1076 
f 1347//1076 1346//1076 1348//1077 
f 1349//1077 1348//1077 1350//1078 
f 1351//1078 1350//1078 1352//1079 
f 1353//1079 1352//1079 1354//1080 
f 1355//1080 1354//1080 1356//1081 
f 1357//1081 1356//1081 1358//1082 
f 1359//1082 1358//1082 1360//1083 
f 1361//1083 1360//1083 1362//1084 
f 1363//1084 1362//1084 1364//1085 
f 1365//1086 1332//1087 1246//1087 
f 1246//1087 1331//1088 1365//1086 
f 1366//1089 1365//1086 1330//1090 
f 1330//1090 1329//1091 1366//1089 
f 1367//1092 1366//1089 1328//1093 
f 1328//1093 1327//1094 1367//1092 
f 1368//1095 1367//1092 1326//1096 
f 1326//1096 1325//1097 1368//1095 
f 1369//1098 1368//1095 1324//1099 
f 1324//1099 1323//1100 1369//1098 
f 1370//1101 1369//1098 1322//1102 
f 1322//1102 1321//1103 1370//1101 
f 1371//1104 1370//1101 1320//1105 
f 1372//1106 1371//1104 1319//1107 
f 1373//1108 1372//1106 1318//1109 
f 1374//1110 1373//1108 1317//1111 
f 1375//1112 1374//1110 1316//1113 
f 1376//1114 1375//1112 1315//1115 
f 1377//1116 1376//1114 1314//1117 
f 1378//1118 1377//1116 1313//1119 
f 1337//1071 1312//1120 1310//1121 
f 1337//1071 1336//1071 1312//1120 
f 1336//1071 1378//1118 1311//1121 
f 1311//1121 1312//1120 1336//1071 
f 1379//1121 1310//1121 1309//1122 
f 1380//1122 1309//1122 1308//1123 
f 1381//1123 1308//1123 1307//1124 
f 1382//1124 1307//1124 1306//1125 
f 1383//1125 1306//1125 1305//1126 
f 1384//1126 1305//1126 1304//1127 
f 1385//1127 1304//1127 1303//1128 
f 1386//1128 1303//1128 1302//1129 
f 1387//1129 1301//1130 1300//1131 
f 1387//1129 1302//1129 1301//1130 
f 1388//1131 1299//1132 1298//1133 
f 1388//1131 1300//1131 1299//1132 
f 1389//1133 1297//1134 1296//1135 
f 1389//1133 1298//1133 1297//1134 
f 1390//1135 1295//1136 1294//1137 
f 1390//1135 1296//1135 1295//1136 
f 1391//1137 1293//1138 1292//1139 
f 1391//1137 1294//1137 1293//1138 
f 1392//1139 1291//1140 1290//1141 
f 1392//1139 1292//1139 1291//1140 
f 1290//1141 1335//1141 1392//1139 
f 1292//1139 1392//1139 1391//1137 
f 1294//1137 1391//1137 1390//1135 
f 1296//1135 1390//1135 1389//1133 
f 1298//1133 1389//1133 1388//1131 
f 1300//1131 1388//1131 1387//1129 
f 1302//1129 1387//1129 1386//1128 
f 1303//1128 1386//1128 1385//1127 
f 1304//1127 1385//1127 1384//1126 
f 1305//1126 1384//1126 1383//1125 
f 1306//1125 1383//1125 1382//1124 
f 1307//1124 1382//1124 1381//1123 
f 1308//1123 1381//1123 1380//1122 
f 1309//1122 1380//1122 1379//1121 
f 1310//1121 1379//1121 1337//1071 
f 1313//1119 1311//1121 1378//1118 
f 1314//1117 1313//1119 1377//1116 
f 1315//1115 1314//1117 1376//1114 
f 1316//1113 1315//1115 1375//1112 
f 1317//1111 1316//1113 1374//1110 
f 1318//1109 1317//1111 1373//1108 
f 1319//1107 1318//1109 1372//1106 
f 1320//1105 1319//1107 1371//1104 
f 1321//1103 1320//1105 1370//1101 
f 1323//1100 1322//1102 1369//1098 
f 1325//1097 1324//1099 1368//1095 
f 1327//1094 1326//1096 1367//1092 
f 1329//1091 1328//1093 1366//1089 
f 1331//1088 1330//1090 1365//1086 
f 1364//1085 1393//1142 1363//1084 
f 1362//1084 1363//1084 1361//1083 
f 1360//1083 1361//1083 1359//1082 
f 1358//1082 1359//1082 1357//1081 
f 1356//1081 1357//1081 1355//1080 
f 1354//1080 1355//1080 1353//1079 
f 1352//1079 1353//1079 1351//1078 
f 1350//1078 1351//1078 1349//1077 
f 1348//1077 1349//1077 1347//1076 
f 1346//1076 1347//1076 1345//1075 
f 1344//1075 1345//1075 1343//1074 
f 1342//1074 1343//1074 1341//1073 
f 1340//1073 1341//1073 1339//1072 
f 1338//1072 1339//1072 1336//1071 
o mesh44
f 1394//1142 1395//1142 1396//1143 
f 1397//1143 1396//1143 1398//1144 
f 1399//1144 1398//1144 1400//1145 
f 1401//1145 1400//1145 1402//1146 
f 1403//1146 1402//1146 1404//1147 
f 1405//1147 1404//1147 1406//1148 
f 1407//1148 1406//1148 1408//1149 
f 1409//1149 1408//1149 1410//1150 
f 1411//1150 1410//1150 1412//1151 
f 1413//1151 1412//1151 1414//1152 
f 1415//1152 1414//1152 1416//1153 
f 1417//1153 1416//1153 1418//1154 
f 1419//1154 1418//1154 1420//1155 
f 1421//1155 1420//1155 1422//1156 
f 1423//1157 1334//1158 1268//1158 
f 1268//1158 1267//1159 1423//1157 
f 1424//1160 1423//1157 1266//1161 
f 1266//1161 1265//1162 1424//1160 
f 1425//1163 1424//1160 1264//1164 
f 1264//1164 1263//1165 1425//1163 
f 1426//1166 1425//1163 1262//1167 
f 1262//1167 1261//1168 1426//1166 
f 1427//1169 1426//1166 1260//1170 
f 1260//1170 1259//1171 1427//1169 
f 1428//1172 1427//1169 1258//1173 
f 1258//1173 1257//1174 1428//1172 
f 1429//1175 1428//1172 1256//1176 
f 1430//1177 1429//1175 1255//1178 
f 1431//1179 1430//1177 1254//1180 
f 1432//1181 1431//1179 1253//1182 
f 1433//1183 1432//1181 1252//1184 
f 1434//1185 1433//1183 1251//1186 
f 1435//1187 1434//1185 1250//1188 
f 1436//1189 1435//1187 1249//1190 
f 1437//1191 1289//1192 1288//1193 
f 1422//1156 1436//1189 1248//1193 
f 1248//1193 1289//1192 1422//1156 
f 1289//1192 1437//1191 1422//1156 
f 1438//1193 1288//1193 1287//1194 
f 1439//1194 1287//1194 1286//1195 
f 1440//1195 1286//1195 1285//1196 
f 1441//1196 1285//1196 1284//1197 
f 1442//1197 1284//1197 1283//1198 
f 1443//1198 1283//1198 1282//1199 
f 1444//1199 1282//1199 1281//1200 
f 1445//1200 1281//1200 1280//1201 
f 1446//1201 1279//1202 1278//1203 
f 1446//1201 1280//1201 1279//1202 
f 1447//1203 1277//1204 1276//1205 
f 1447//1203 1278//1203 1277//1204 
f 1448//1205 1275//1206 1274//1207 
f 1448//1205 1276//1205 1275//1206 
f 1449//1207 1273//1208 1272//1209 
f 1449//1207 1274//1207 1273//1208 
f 1450//1209 1271//1210 1270//1211 
f 1450//1209 1272//1209 1271//1210 
f 1451//1211 1269//1212 1247//1213 
f 1451//1211 1270//1211 1269//1212 
f 1247//1213 1333//1213 1451//1211 
f 1270//1211 1451//1211 1450//1209 
f 1272//1209 1450//1209 1449//1207 
f 1274//1207 1449//1207 1448//1205 
f 1276//1205 1448//1205 1447//1203 
f 1278//1203 1447//1203 1446//1201 
f 1280//1201 1446//1201 1445//1200 
f 1281//1200 1445//1200 1444//1199 
f 1282//1199 1444//1199 1443//1198 
f 1283//1198 1443//1198 1442//1197 
f 1284//1197 1442//1197 1441//1196 
f 1285//1196 1441//1196 1440//1195 
f 1286//1195 1440//1195 1439//1194 
f 1287//1194 1439//1194 1438//1193 
f 1288//1193 1438//1193 1437//1191 
f 1249//1190 1248//1193 1436//1189 
f 1250//1188 1249//1190 1435//1187 
f 1251//1186 1250//1188 1434//1185 
f 1252//1184 1251//1186 1433//1183 
f 1253//1182 1252//1184 1432//1181 
f 1254//1180 1253//1182 1431//1179 
f 1255//1178 1254//1180 1430//1177 
f 1256//1176 1255//1178 1429//1175 
f 1257//1174 1256//1176 1428//1172 
f 1259//1171 1258//1173 1427//1169 
f 1261//1168 1260//1170 1426//1166 
f 1263//1165 1262//1167 1425//1163 
f 1265//1162 1264//1164 1424//1160 
f 1267//1159 1266//1161 1423//1157 
f 1422//1156 1437//1191 1421//1155 
f 1420//1155 1421//1155 1419//1154 
f 1418//1154 1419//1154 1417//1153 
f 1416//1153 1417//1153 1415//1152 
f 1414//1152 1415//1152 1413//1151 
f 1412//1151 1413//1151 1411//1150 
f 1410//1150 1411//1150 1409//1149 
f 1408//1149 1409//1149 1407//1148 
f 1406//1148 1407//1148 1405//1147 
f 1404//1147 1405//1147 1403//1146 
f 1402//1146 1403//1146 1401//1145 
f 1400//1145 1401//1145 1399//1144 
f 1398//1144 1399//1144 1397//1143 
f 1396//1143 1397//1143 1394//1142 
o mesh45
f 1452//1214 1453//1214 1333//1214 
f 1333//1214 1332//1214 1452//1214 
o mesh46
f 1393//1215 1454//1215 1455//1216 
f 1363//1216 1455//1216 1456//1217 
f 1361//1217 1456//1217 1457//1218 
f 1359//1218 1457//1218 1458//1219 
f 1357//1219 1458//1219 1459//1220 
f 1355//1220 1459//1220 1460//1221 
f 1353//1221 1460//1221 1461//1222 
f 1351//1222 1461//1222 1462//1223 
f 1349//1223 1462//1223 1463//1224 
f 1347//1224 1463//1224 1464//1225 
f 1345//1225 1464//1225 1465//1226 
f 1343//1226 1465//1226 1466//1227 
f 1341//1227 1466//1227 1467//1228 
f 1339//1228 1467//1228 1468//1229 
f 1336//1229 1468//1229 1469//1230 
f 1378//1230 1469//1230 1470//1231 
f 1377//1231 1470//1231 1471//1232 
f 1376//1232 1471//1232 1472//1233 
f 1375//1233 1472//1233 1473//1234 
f 1374//1234 1473//1234 1474//1235 
f 1373//1235 1474//1235 1475//1236 
f 1372//1236 1475//1236 1476//1237 
f 1371//1237 1476//1237 1477//1238 
f 1370//1238 1477//1238 1478//1239 
f 1369//1239 1478//1239 1479//1240 
f 1368//1240 1479//1240 1480//1241 
f 1367//1241 1480//1241 1481//1242 
f 1366//1242 1481//1242 1482//1243 
f 1365//1243 1482//1243 1452//1244 
f 1452//1244 1332//1244 1365//1243 
f 1482//1243 1365//1243 1366//1242 
f 1481//1242 1366//1242 1367//1241 
f 1480//1241 1367//1241 1368//1240 
f 1479//1240 1368//1240 1369//1239 
f 1478//1239 1369//1239 1370//1238 
f 1477//1238 1370//1238 1371//1237 
f 1476//1237 1371//1237 1372//1236 
f 1475//1236 1372//1236 1373//1235 
f 1474//1235 1373//1235 1374//1234 
f 1473//1234 1374//1234 1375//1233 
f 1472//1233 1375//1233 1376//1232 
f 1471//1232 1376//1232 1377//1231 
f 1470//1231 1377//1231 1378//1230 
f 1469//1230 1378//1230 1336//1229 
f 1468//1229 1336//1229 1339//1228 
f 1467//1228 1339//1228 1341//1227 
f 1466//1227 1341//1227 1343//1226 
f 1465//1226 1343//1226 1345//1225 
f 1464//1225 1345//1225 1347//1224 
f 1463//1224 1347//1224 1349//1223 
f 1462//1223 1349//1223 1351//1222 
f 1461//1222 1351//1222 1353//1221 
f 1460//1221 1353//1221 1355//1220 
f 1459//1220 1355//1220 1357//1219 
f 1458//1219 1357//1219 1359//1218 
f 1457//1218 1359//1218 1361//1217 
f 1456//1217 1361//1217 1363//1216 
f 1455//1216 1363//1216 1393//1215 
o mesh47
f 1333//1244 1453//1244 1483//1245 
f 1451//1245 1483//1245 1484//1246 
f 1450//1246 1484//1246 1485//1247 
f 1449//1247 1485//1247 1486//1248 
f 1448//1248 1486//1248 1487//1249 
f 1447//1249 1487//1249 1488//1250 
f 1446//1250 1488//1250 1489//1251 
f 1445//1251 1489//1251 1490//1252 
f 1444//1252 1490//1252 1491//1253 
f 1443//1253 1491//1253 1492//1254 
f 1442//1254 1492//1254 1493//1255 
f 1441//1255 1493//1255 1494//1256 
f 1440//1256 1494//1256 1495//1257 
f 1439//1257 1495//1257 1496//1258 
f 1438//1258 1496//1258 1497//1259 
f 1437//1259 1497//1259 1498//1260 
f 1421//1260 1498//1260 1499//1261 
f 1419//1261 1499//1261 1500//1262 
f 1417//1262 1500//1262 1501//1263 
f 1415//1263 1501//1263 1502//1264 
f 1413//1264 1502//1264 1503//1265 
f 1411//1265 1503//1265 1504//1266 
f 1409//1266 1504//1266 1505//1267 
f 1407//1267 1505//1267 1506//1268 
f 1405//1268 1506//1268 1507//1269 
f 1403//1269 1507//1269 1508//1270 
f 1401//1270 1508//1270 1509//1271 
f 1399//1271 1509//1271 1510//1272 
f 1397//1272 1510//1272 1511//1273 
f 1511//1273 1394//1273 1397//1272 
f 1510//1272 1397//1272 1399//1271 
f 1509//1271 1399//1271 1401//1270 
f 1508//1270 1401//1270 1403//1269 
f 1507//1269 1403//1269 1405//1268 
f 1506//1268 1405//1268 1407//1267 
f 1505//1267 1407//1267 1409//1266 
f 1504//1266 1409//1266 1411//1265 
f 1503//1265 1411//1265 1413//1264 
f 1502//1264 1413//1264 1415//1263 
f 1501//1263 1415//1263 1417//1262 
f 1500//1262 1417//1262 1419//1261 
f 1499//1261 1419//1261 1421//1260 
f 1498//1260 1421//1260 1437//1259 
f 1497//1259 1437//1259 1438//1258 
f 1496//1258 1438//1258 1439//1257 
f 1495//1257 1439//1257 1440//1256 
f 1494//1256 1440//1256 1441//1255 
f 1493//1255 1441//1255 1442//1254 
f 1492//1254 1442//1254 1443//1253 
f 1491//1253 1443//1253 1444//1252 
f 1490//1252 1444//1252 1445//1251 
f 1489//1251 1445//1251 1446//1250 
f 1488//1250 1446//1250 1447//1249 
f 1487//1249 1447//1249 1448//1248 
f 1486//1248 1448//1248 1449//1247 
f 1485//1247 1449//1247 1450//1246 
f 1484//1246 1450//1246 1451//1245 
f 1483//1245 1451//1245 1333//1244 
o mesh48
f 1511//1273 1454//1273 1393//1273 
f 1393//1273 1394//1273 1511//1273 
o mesh49
f 1494//1274 1497//1274 1496//1274 
f 1494//1274 1499//1274 1498//1274 
f 1499//1274 1494//1274 1493//1274 
f 1498//1274 1497//1274 1494//1274 
f 1468//1274 1467//1274 1466//1274 
f 1496//1274 1495//1274 1494//1274 
f 1492//1274 1501//1274 1500//1274 
f 1465//1274 1469//1274 1468//1274 
f 1465//1274 1472//1274 1471//1274 
f 1501//1274 1492//1274 1491//1274 
f 1500//1274 1499//1274 1492//1274 
f 1465//1274 1470//1274 1469//1274 
f 1465//1274 1473//1274 1472//1274 
f 1503//1274 1489//1274 1488//1274 
f 1493//1274 1492//1274 1499//1274 
f 1490//1274 1503//1274 1502//1274 
f 1475//1274 1465//1274 1464//1274 
f 1471//1274 1470//1274 1465//1274 
f 1465//1274 1475//1274 1474//1274 
f 1503//1274 1490//1274 1489//1274 
f 1502//1274 1501//1274 1490//1274 
f 1487//1274 1506//1274 1505//1274 
f 1487//1274 1511//1274 1510//1274 
f 1464//1274 1463//1274 1475//1274 
f 1474//1274 1473//1274 1465//1274 
f 1462//1274 1478//1274 1477//1274 
f 1511//1274 1484//1274 1483//1274 
f 1491//1274 1490//1274 1501//1274 
f 1505//1274 1504//1274 1487//1274 
f 1487//1274 1508//1274 1507//1274 
f 1510//1274 1509//1274 1487//1274 
f 1478//1274 1461//1274 1460//1274 
f 1466//1274 1465//1274 1468//1274 
f 1477//1274 1476//1274 1462//1274 
f 1459//1274 1452//1274 1482//1274 
f 1511//1274 1485//1274 1484//1274 
f 1511//1274 1487//1274 1486//1274 
f 1504//1274 1503//1274 1487//1274 
f 1509//1274 1508//1274 1487//1274 
f 1452//1274 1456//1274 1455//1274 
f 1478//1274 1462//1274 1461//1274 
f 1476//1274 1475//1274 1462//1274 
f 1459//1274 1480//1274 1479//1274 
f 1482//1274 1481//1274 1459//1274 
f 1486//1274 1485//1274 1511//1274 
f 1507//1274 1506//1274 1487//1274 
f 1452//1274 1457//1274 1456//1274 
f 1452//1274 1459//1274 1458//1274 
f 1463//1274 1462//1274 1475//1274 
f 1481//1274 1480//1274 1459//1274 
f 1488//1274 1487//1274 1503//1274 
f 1454//1274 1511//1274 1453//1274 
f 1458//1274 1457//1274 1452//1274 
f 1479//1274 1478//1274 1459//1274 
f 1453//1274 1452//1274 1454//1274 
f 1460//1274 1459//1274 1478//1274 
f 1455//1274 1454//1274 1452//1274 
f 1483//1274 1453//1274 1511//1274 
o mesh50
f 1512//1275 1513//1275 1335//1275 
f 1335//1275 1334//1275 1512//1275 
o mesh51
f 1395//1276 1514//1276 1515//1277 
f 1396//1277 1515//1277 1516//1278 
f 1398//1278 1516//1278 1517//1279 
f 1400//1279 1517//1279 1518//1280 
f 1402//1280 1518//1280 1519//1281 
f 1404//1281 1519//1281 1520//1282 
f 1406//1282 1520//1282 1521//1283 
f 1408//1283 1521//1283 1522//1284 
f 1410//1284 1522//1284 1523//1285 
f 1412//1285 1523//1285 1524//1286 
f 1414//1286 1524//1286 1525//1287 
f 1416//1287 1525//1287 1526//1288 
f 1418//1288 1526//1288 1527//1289 
f 1420//1289 1527//1289 1528//1290 
f 1422//1290 1528//1290 1529//1291 
f 1436//1291 1529//1291 1530//1292 
f 1435//1292 1530//1292 1531//1293 
f 1434//1293 1531//1293 1532//1294 
f 1433//1294 1532//1294 1533//1295 
f 1432//1295 1533//1295 1534//1296 
f 1431//1296 1534//1296 1535//1297 
f 1430//1297 1535//1297 1536//1298 
f 1429//1298 1536//1298 1537//1299 
f 1428//1299 1537//1299 1538//1300 
f 1427//1300 1538//1300 1539//1301 
f 1426//1301 1539//1301 1540//1302 
f 1425//1302 1540//1302 1541//1303 
f 1424//1303 1541//1303 1542//1304 
f 1423//1304 1542//1304 1512//1305 
f 1512//1305 1334//1305 1423//1304 
f 1542//1304 1423//1304 1424//1303 
f 1541//1303 1424//1303 1425//1302 
f 1540//1302 1425//1302 1426//1301 
f 1539//1301 1426//1301 1427//1300 
f 1538//1300 1427//1300 1428//1299 
f 1537//1299 1428//1299 1429//1298 
f 1536//1298 1429//1298 1430//1297 
f 1535//1297 1430//1297 1431//1296 
f 1534//1296 1431//1296 1432//1295 
f 1533//1295 1432//1295 1433//1294 
f 1532//1294 1433//1294 1434//1293 
f 1531//1293 1434//1293 1435//1292 
f 1530//1292 1435//1292 1436//1291 
f 1529//1291 1436//1291 1422//1290 
f 1528//1290 1422//1290 1420//1289 
f 1527//1289 1420//1289 1418//1288 
f 1526//1288 1418//1288 1416//1287 
f 1525//1287 1416//1287 1414//1286 
f 1524//1286 1414//1286 1412//1285 
f 1523//1285 1412//1285 1410//1284 
f 1522//1284 1410//1284 1408//1283 
f 1521//1283 1408//1283 1406//1282 
f 1520//1282 1406//1282 1404//1281 
f 1519//1281 1404//1281 1402//1280 
f 1518//1280 1402//1280 1400//1279 
f 1517//1279 1400//1279 1398//1278 
f 1516//1278 1398//1278 1396//1277 
f 1515//1277 1396//1277 1395//1276 
o mesh52
f 1335//1305 1513//1305 1543//1306 
f 1392//1306 1543//1306 1544//1307 
f 1391//1307 1544//1307 1545//1308 
f 1390//1308 1545//1308 1546//1309 
f 1389//1309 1546//1309 1547//1310 
f 1388//1310 1547//1310 1548//1311 
f 1387//1311 1548//1311 1549//1312 
f 1386//1312 1549//1312 1550//1313 
f 1385//1313 1550//1313 1551//1314 
f 1384//1314 1551//1314 1552//1315 
f 1383//1315 1552//1315 1553//1316 
f 1382//1316 1553//1316 1554//1317 
f 1381//1317 1554//1317 1555//1318 
f 1380//1318 1555//1318 1556//1319 
f 1379//1319 1556//1319 1557//1320 
f 1337//1320 1557//1320 1558//1321 
f 1338//1321 1558//1321 1559//1322 
f 1340//1322 1559//1322 1560//1323 
f 1342//1323 1560//1323 1561//1324 
f 1344//1324 1561//1324 1562//1325 
f 1346//1325 1562//1325 1563//1326 
f 1348//1326 1563//1326 1564//1327 
f 1350//1327 1564//1327 1565//1328 
f 1352//1328 1565//1328 1566//1329 
f 1354//1329 1566//1329 1567//1330 
f 1356//1330 1567//1330 1568//1331 
f 1358//1331 1568//1331 1569//1332 
f 1360//1332 1569//1332 1570//1333 
f 1362//1333 1570//1333 1571//1334 
f 1571//1334 1364//1334 1362//1333 
f 1570//1333 1362//1333 1360//1332 
f 1569//1332 1360//1332 1358//1331 
f 1568//1331 1358//1331 1356//1330 
f 1567//1330 1356//1330 1354//1329 
f 1566//1329 1354//1329 1352//1328 
f 1565//1328 1352//1328 1350//1327 
f 1564//1327 1350//1327 1348//1326 
f 1563//1326 1348//1326 1346//1325 
f 1562//1325 1346//1325 1344//1324 
f 1561//1324 1344//1324 1342//1323 
f 1560//1323 1342//1323 1340//1322 
f 1559//1322 1340//1322 1338//1321 
f 1558//1321 1338//1321 1337//1320 
f 1557//1320 1337//1320 1379//1319 
f 1556//1319 1379//1319 1380//1318 
f 1555//1318 1380//1318 1381//1317 
f 1554//1317 1381//1317 1382//1316 
f 1553//1316 1382//1316 1383//1315 
f 1552//1315 1383//1315 1384//1314 
f 1551//1314 1384//1314 1385//1313 
f 1550//1313 1385//1313 1386//1312 
f 1549//1312 1386//1312 1387//1311 
f 1548//1311 1387//1311 1388//1310 
f 1547//1310 1388//1310 1389//1309 
f 1546//1309 1389//1309 1390//1308 
f 1545//1308 1390//1308 1391//1307 
f 1544//1307 1391//1307 1392//1306 
f 1543//1306 1392//1306 1335//1305 
o mesh53
f 1571//1334 1514//1334 1395//1334 
f 1395//1334 1364//1334 1571//1334 
o mesh54
f 1394//1335 1393//1335 1364//1335 
f 1364//1335 1395//1335 1394//1335 
o mesh55
f 1557//1336 1552//1336 1551//1336 
f 1554//1336 1557//1336 1556//1336 
f 1522//1336 1541//1336 1540//1336 
f 1557//1336 1553//1336 1552//1336 
f 1556//1336 1555//1336 1554//1336 
f 1550//1336 1560//1336 1559//1336 
f 1550//1336 1568//1336 1567//1336 
f 1522//1336 1525//1336 1524//1336 
f 1522//1336 1527//1336 1526//1336 
f 1522//1336 1529//1336 1528//1336 
f 1540//1336 1539//1336 1522//1336 
f 1571//1336 1546//1336 1545//1336 
f 1554//1336 1553//1336 1557//1336 
f 1559//1336 1558//1336 1550//1336 
f 1550//1336 1563//1336 1562//1336 
f 1550//1336 1565//1336 1564//1336 
f 1567//1336 1566//1336 1550//1336 
f 1550//1336 1570//1336 1569//1336 
f 1541//1336 1518//1336 1517//1336 
f 1526//1336 1525//1336 1522//1336 
f 1522//1336 1530//1336 1529//1336 
f 1522//1336 1532//1336 1531//1336 
f 1522//1336 1536//1336 1535//1336 
f 1539//1336 1538//1336 1522//1336 
f 1571//1336 1547//1336 1546//1336 
f 1558//1336 1557//1336 1550//1336 
f 1562//1336 1561//1336 1550//1336 
f 1566//1336 1565//1336 1550//1336 
f 1550//1336 1571//1336 1570//1336 
f 1541//1336 1519//1336 1518//1336 
f 1528//1336 1527//1336 1522//1336 
f 1522//1336 1533//1336 1532//1336 
f 1535//1336 1534//1336 1522//1336 
f 1538//1336 1537//1336 1522//1336 
f 1571//1336 1548//1336 1547//1336 
f 1571//1336 1550//1336 1549//1336 
f 1561//1336 1560//1336 1550//1336 
f 1569//1336 1568//1336 1550//1336 
f 1541//1336 1520//1336 1519//1336 
f 1541//1336 1522//1336 1521//1336 
f 1531//1336 1530//1336 1522//1336 
f 1537//1336 1536//1336 1522//1336 
f 1549//1336 1548//1336 1571//1336 
f 1564//1336 1563//1336 1550//1336 
f 1521//1336 1520//1336 1541//1336 
f 1534//1336 1533//1336 1522//1336 
f 1571//1336 1544//1336 1543//1336 
f 1551//1336 1550//1336 1557//1336 
f 1541//1336 1516//1336 1515//1336 
f 1524//1336 1523//1336 1522//1336 
f 1545//1336 1544//1336 1571//1336 
f 1514//1336 1571//1336 1513//1336 
f 1517//1336 1516//1336 1541//1336 
f 1514//1336 1512//1336 1542//1336 
f 1513//1336 1512//1336 1514//1336 
f 1542//1336 1541//1336 1514//1336 
f 1515//1336 1514//1336 1541//1336 
f 1543//1336 1513//1336 1571//1336 
