# OBJ generated by ONSHAPE BY PTC INC, 1.214 Units = meters
mtllib ti_cathode_plate.mtl
g Assembly - CATHODE_PLATE_TI v1
v -0.000243268 0.0105 0.0140507 
v -0.000483683 0.0105 0.0140901 
v -0.000718428 0.0105 0.0141553 
v -0.00094475 0.0105 0.0142455 
v -0.00116 0.0105 0.0143596 
v -0.00136164 0.0105 0.0144963 
v -0.00154732 0.0105 0.014654 
v -0.00171486 0.0105 0.0148309 
v -0.0018623 0.0105 0.0150248 
v -0.0019879 0.0105 0.0152336 
v -0.0020902 0.0105 0.0154547 
v -0.00216799 0.0105 0.0156856 
v -0.00222036 0.0105 0.0159235 
v -0.0022467 0.0105 0.0161657 
v -0.0022467 0.0105 0.0164093 
v -0.00222036 0.0105 0.0166515 
v -0.00216799 0.0105 0.0168894 
v -0.0020902 0.0105 0.0171203 
v -0.0019879 0.0105 0.0173414 
v -0.0018623 0.0105 0.0175502 
v -0.00171486 0.0105 0.0177441 
v -0.00154732 0.0105 0.017921 
v -0.00136164 0.0105 0.0180787 
v -0.00116 0.0105 0.0182154 
v -0.00094475 0.0105 0.0183295 
v -0.000718428 0.0105 0.0184197 
v -0.000483683 0.0105 0.0184849 
v -0.000243268 0.0105 0.0185243 
v 2.64524e-19 0.0105 0.0185375 
v 0.000243268 0.0105 0.0185243 
v 0.000483683 0.0105 0.0184849 
v 0.000718428 0.0105 0.0184197 
v 0.00094475 0.0105 0.0183295 
v 0.00116 0.0105 0.0182154 
v 0.00136164 0.0105 0.0180787 
v 0.00154732 0.0105 0.017921 
v 0.00171486 0.0105 0.0177441 
v 0.0018623 0.0105 0.0175502 
v 0.0019879 0.0105 0.0173414 
v 0.0020902 0.0105 0.0171203 
v 0.00216799 0.0105 0.0168894 
v 0.00222036 0.0105 0.0166515 
v 0.0022467 0.0105 0.0164093 
v 0.0022467 0.0105 0.0161657 
v 0.00222036 0.0105 0.0159235 
v 0.00216799 0.0105 0.0156856 
v 0.0020902 0.0105 0.0154547 
v 0.0019879 0.0105 0.0152336 
v 0.0018623 0.0105 0.0150248 
v 0.00171486 0.0105 0.0148309 
v 0.00154732 0.0105 0.014654 
v 0.00136164 0.0105 0.0144963 
v 0.00116 0.0105 0.0143596 
v 0.00094475 0.0105 0.0142455 
v 0.000718428 0.0105 0.0141553 
v 0.000483683 0.0105 0.0140901 
v 0.000243268 0.0105 0.0140507 
v -5.62113e-19 0.0105 0.0140375 
v 0 0.0105 0.0162875 
v -1.10218e-20 0.0375 0.0140375 
v -0.000243268 0.0375 0.0140507 
v -0.000483683 0.0375 0.0140901 
v -0.000718428 0.0375 0.0141553 
v -0.00094475 0.0375 0.0142455 
v -0.00116 0.0375 0.0143596 
v -0.00136164 0.0375 0.0144963 
v -0.00154732 0.0375 0.014654 
v -0.00171486 0.0375 0.0148309 
v -0.0018623 0.0375 0.0150248 
v -0.0019879 0.0375 0.0152336 
v -0.0020902 0.0375 0.0154547 
v -0.00216799 0.0375 0.0156856 
v -0.00222036 0.0375 0.0159235 
v -0.0022467 0.0375 0.0161657 
v -0.0022467 0.0375 0.0164093 
v -0.00222036 0.0375 0.0166515 
v -0.00216799 0.0375 0.0168894 
v -0.0020902 0.0375 0.0171203 
v -0.0019879 0.0375 0.0173414 
v -0.0018623 0.0375 0.0175502 
v -0.00171486 0.0375 0.0177441 
v -0.00154732 0.0375 0.017921 
v -0.00136164 0.0375 0.0180787 
v -0.00116 0.0375 0.0182154 
v -0.00094475 0.0375 0.0183295 
v -0.000718428 0.0375 0.0184197 
v -0.000483683 0.0375 0.0184849 
v -0.000243268 0.0375 0.0185243 
v 2.64524e-19 0.0375 0.0185375 
v 0.000243268 0.0375 0.0185243 
v 0.000483683 0.0375 0.0184849 
v 0.000718428 0.0375 0.0184197 
v 0.00094475 0.0375 0.0183295 
v 0.00116 0.0375 0.0182154 
v 0.00136164 0.0375 0.0180787 
v 0.00154732 0.0375 0.017921 
v 0.00171486 0.0375 0.0177441 
v 0.0018623 0.0375 0.0175502 
v 0.0019879 0.0375 0.0173414 
v 0.0020902 0.0375 0.0171203 
v 0.00216799 0.0375 0.0168894 
v 0.00222036 0.0375 0.0166515 
v 0.0022467 0.0375 0.0164093 
v 0.0022467 0.0375 0.0161657 
v 0.00222036 0.0375 0.0159235 
v 0.00216799 0.0375 0.0156856 
v 0.0020902 0.0375 0.0154547 
v 0.0019879 0.0375 0.0152336 
v 0.0018623 0.0375 0.0150248 
v 0.00171486 0.0375 0.0148309 
v 0.00154732 0.0375 0.014654 
v 0.00136164 0.0375 0.0144963 
v 0.00116 0.0375 0.0143596 
v 0.00094475 0.0375 0.0142455 
v 0.000718428 0.0375 0.0141553 
v 0.000483683 0.0375 0.0140901 
v 0.000243268 0.0375 0.0140507 
v 0.00836846 0.0375 0.017157 
v 0.00829281 0.0375 0.0168133 
v 0.00825477 0.0375 0.0164635 
v 0.00825477 0.0375 0.0161115 
v 0.00829281 0.0375 0.0157617 
v 0.00836846 0.0375 0.015418 
v 0.00848083 0.0375 0.0150846 
v 0 0.0375 0.011525 
v -0.00848083 0.0375 0.0150846 
v -0.00836846 0.0375 0.015418 
v 0.0165638 0.0375 0.02105 
v 0.013735 0.0375 0.018647 
v 0.0134668 0.0375 0.0188748 
v 0.00848083 0.0375 0.0174904 
v 0.0128646 0.0375 0.0192371 
v 0.0125377 0.0375 0.0193674 
v 0.0131756 0.0375 0.0190723 
v 0 0.0375 0.02105 
v 0.00862859 0.0375 0.0178098 
v 0.00982445 0.0375 0.0190723 
v 0.00953318 0.0375 0.0188748 
v 0.0108013 0.0375 0.0194615 
v 0.0104623 0.0375 0.0193674 
v -0.0195 0.0375 0.02105 
v -0.0131756 0.0375 0.0190723 
v -0.0134668 0.0375 0.0188748 
v -0.0121987 0.0375 0.0194615 
v -0.0125377 0.0375 0.0193674 
v 0.0121987 0.0375 0.0194615 
v 0.013977 0.0375 0.0183915 
v 0.0111486 0.0375 0.0130566 
v 0.0115 0.0375 0.0130375 
v 0.0101354 0.0375 0.0133379 
v 0.0104623 0.0375 0.0132076 
v 0.00926498 0.0375 0.013928 
v 0.00953318 0.0375 0.0137002 
v 0.00881001 0.0375 0.0181114 
v -0.00881001 0.0375 0.0144636 
v -0.00862859 0.0375 0.0147652 
v -0.00926498 0.0375 0.013928 
v -0.00902297 0.0375 0.0141835 
v -0.00982445 0.0375 0.0135027 
v -0.00953318 0.0375 0.0137002 
v 0.0101354 0.0375 0.0192371 
v 0.0111486 0.0375 0.0195184 
v -0.0195 0.0375 0.011525 
v -0.0115 0.0375 0.0130375 
v -0.0128646 0.0375 0.0133379 
v -0.0125377 0.0375 0.0132076 
v -0.013735 0.0375 0.013928 
v -0.0134668 0.0375 0.0137002 
v -0.0147072 0.0375 0.0157617 
v -0.0146315 0.0375 0.015418 
v -0.0147452 0.0375 0.0164635 
v -0.0146315 0.0375 0.017157 
v -0.0147072 0.0375 0.0168133 
v -0.0128646 0.0375 0.0192371 
v -0.0118514 0.0375 0.0195184 
v -0.00926498 0.0375 0.018647 
v -0.00953318 0.0375 0.0188748 
v 0.01419 0.0375 0.0181114 
v 0.0195 0.0375 0.011525 
v 0.0121987 0.0375 0.0131135 
v 0.0125377 0.0375 0.0132076 
v 0.0108013 0.0375 0.0131135 
v 0.00982445 0.0375 0.0135027 
v 0.00862859 0.0375 0.0147652 
v -0.0101354 0.0375 0.0133379 
v 0.0115 0.0375 0.0195375 
v -0.0108013 0.0375 0.0131135 
v -0.0104623 0.0375 0.0132076 
v -0.0118514 0.0375 0.0130566 
v -0.0121987 0.0375 0.0131135 
v -0.0131756 0.0375 0.0135027 
v -0.0145192 0.0375 0.0150846 
v -0.0143714 0.0375 0.0147652 
v -0.0147452 0.0375 0.0161115 
v -0.0143714 0.0375 0.0178098 
v -0.0145192 0.0375 0.0174904 
v -0.0101354 0.0375 0.0192371 
v -0.0104623 0.0375 0.0193674 
v -0.00982445 0.0375 0.0190723 
v 0.0118514 0.0375 0.0195184 
v 0.0195 0.0375 0.02105 
v 0.0143714 0.0375 0.0178098 
v 0.0147452 0.0375 0.0164635 
v 0.0147072 0.0375 0.0168133 
v 0.0147452 0.0375 0.0161115 
v 0.0146315 0.0375 0.015418 
v 0.0147072 0.0375 0.0157617 
v 0.0118514 0.0375 0.0130566 
v 0.00902297 0.0375 0.0141835 
v 0.00881001 0.0375 0.0144636 
v 0.00926498 0.0375 0.018647 
v 0.00902297 0.0375 0.0183915 
v -0.0111486 0.0375 0.0130566 
v -0.013977 0.0375 0.0141835 
v -0.01419 0.0375 0.0144636 
v -0.01419 0.0375 0.0181114 
v -0.013735 0.0375 0.018647 
v -0.013977 0.0375 0.0183915 
v -0.0115 0.0375 0.0195375 
v -0.0108013 0.0375 0.0194615 
v -0.00902297 0.0375 0.0183915 
v 0.0146315 0.0375 0.017157 
v 0.0145192 0.0375 0.0174904 
v 0.0145192 0.0375 0.0150846 
v 0.01419 0.0375 0.0144636 
v 0.0143714 0.0375 0.0147652 
v 0.013735 0.0375 0.013928 
v 0.013977 0.0375 0.0141835 
v 0.0131756 0.0375 0.0135027 
v 0.0134668 0.0375 0.0137002 
v -0.0111486 0.0375 0.0195184 
v -0.00848083 0.0375 0.0174904 
v -0.00836846 0.0375 0.017157 
v 0.0128646 0.0375 0.0133379 
v -0.00862859 0.0375 0.0178098 
v -0.00881001 0.0375 0.0181114 
v -0.00825477 0.0375 0.0164635 
v -0.00829281 0.0375 0.0168133 
v -0.00825477 0.0375 0.0161115 
v -0.00829281 0.0375 0.0157617 
v 0.0203362 0.0374562 0.02105 
v 0.0203362 0.0374562 0.011525 
v 0.0211138 0.037333 0.02105 
v 0.0211633 0.0373252 0.011525 
v 0.0211633 0.0373252 0.02105 
v 0.0219721 0.0371085 0.02105 
v 0.0219721 0.0371085 0.011525 
v 0.0227539 0.0368084 0.02105 
v 0.0227539 0.0368084 0.011525 
v 0.0235 0.0364282 0.02105 
v 0.0235 0.0364282 0.011525 
v 0.0242023 0.0359721 0.02105 
v 0.0242023 0.0359721 0.011525 
v 0.024853 0.0354452 0.02105 
v 0.024853 0.0354452 0.011525 
v 0.0254452 0.034853 0.02105 
v 0.0254452 0.034853 0.011525 
v 0.0259721 0.0342023 0.02105 
v 0.0259721 0.0342023 0.011525 
v 0.0264282 0.0335 0.02105 
v 0.0264282 0.0335 0.011525 
v 0.0268084 0.0327539 0.02105 
v 0.0268084 0.0327539 0.011525 
v 0.0271085 0.0319721 0.02105 
v 0.0271085 0.0319721 0.011525 
v 0.0273252 0.0311633 0.02105 
v 0.0273252 0.0311633 0.011525 
v 0.0274562 0.0303362 0.02105 
v 0.0274562 0.0303362 0.011525 
v 0.0275 0.0295 0.02105 
v 0.0275 0.0295 0.011525 
v -0.0203362 0.0374562 0.011525 
v -0.0211633 0.0373252 0.011525 
v -0.0211138 0.037333 0.02105 
v -0.0211633 0.0373252 0.02105 
v -0.0219721 0.0371085 0.011525 
v -0.0219721 0.0371085 0.02105 
v -0.0227539 0.0368084 0.011525 
v -0.0227539 0.0368084 0.02105 
v -0.0235 0.0364282 0.011525 
v -0.0235 0.0364282 0.02105 
v -0.0242023 0.0359721 0.011525 
v -0.0242023 0.0359721 0.02105 
v -0.024853 0.0354452 0.011525 
v -0.024853 0.0354452 0.02105 
v -0.0254452 0.034853 0.011525 
v -0.0254452 0.034853 0.02105 
v -0.0259721 0.0342023 0.011525 
v -0.0259721 0.0342023 0.02105 
v -0.0264282 0.0335 0.011525 
v -0.0264282 0.0335 0.02105 
v -0.0268084 0.0327539 0.011525 
v -0.0268084 0.0327539 0.02105 
v -0.0271085 0.0319721 0.011525 
v -0.0271085 0.0319721 0.02105 
v -0.0273252 0.0311633 0.011525 
v -0.0273252 0.0311633 0.02105 
v -0.0274562 0.0303362 0.011525 
v -0.0274562 0.0303362 0.02105 
v -0.0275 0.0295 0.011525 
v -0.0275 0.0295 0.02105 
v -0.0203362 0.0374562 0.02105 
v -0.0275 -0.02585 0.011525 
v -0.0275 0 0.02105 
v -0.0275 0.0228138 0.02105 
v -0.0275 -0.0295 0.02105 
v -0.0275 -0.0228138 0.02105 
v -0.0275 -0.0295 0.011525 
v -0.0195 -0.0375 0.011525 
v -0.0195 -0.0375 0.02105 
v -0.0203362 -0.0374562 0.02105 
v -0.0203362 -0.0374562 0.011525 
v -0.0211138 -0.037333 0.02105 
v -0.0211633 -0.0373252 0.011525 
v -0.0211633 -0.0373252 0.02105 
v -0.0219721 -0.0371085 0.02105 
v -0.0219721 -0.0371085 0.011525 
v -0.0227539 -0.0368084 0.02105 
v -0.0227539 -0.0368084 0.011525 
v -0.0235 -0.0364282 0.02105 
v -0.0235 -0.0364282 0.011525 
v -0.0242023 -0.0359721 0.02105 
v -0.0242023 -0.0359721 0.011525 
v -0.024853 -0.0354452 0.02105 
v -0.0254452 -0.034853 0.011525 
v -0.024853 -0.0354452 0.011525 
v -0.0248982 -0.0354 0.02105 
v -0.0254452 -0.034853 0.02105 
v -0.0259721 -0.0342023 0.02105 
v -0.0259721 -0.0342023 0.011525 
v -0.0264282 -0.0335 0.02105 
v -0.0264282 -0.0335 0.011525 
v -0.0268084 -0.0327539 0.02105 
v -0.0268084 -0.0327539 0.011525 
v -0.0271085 -0.0319721 0.02105 
v -0.0271085 -0.0319721 0.011525 
v -0.0273252 -0.0311633 0.02105 
v -0.0273252 -0.0311633 0.011525 
v -0.0274562 -0.0303362 0.02105 
v -0.0274562 -0.0303362 0.011525 
v 0 -0.0375 0.011525 
v 0.0195 -0.0375 0.011525 
v 0.0165638 -0.0375 0.02105 
v 0.0195 -0.0375 0.02105 
v 0 -0.0375 0.02105 
v 0.0203362 -0.0374562 0.011525 
v 0.0211633 -0.0373252 0.011525 
v 0.0211138 -0.037333 0.02105 
v 0.0211633 -0.0373252 0.02105 
v 0.0219721 -0.0371085 0.011525 
v 0.0219721 -0.0371085 0.02105 
v 0.0227539 -0.0368084 0.011525 
v 0.0227539 -0.0368084 0.02105 
v 0.0235 -0.0364282 0.011525 
v 0.0235 -0.0364282 0.02105 
v 0.0242023 -0.0359721 0.011525 
v 0.0242023 -0.0359721 0.02105 
v 0.024853 -0.0354452 0.011525 
v 0.0254452 -0.034853 0.011525 
v 0.0254452 -0.034853 0.02105 
v 0.0248982 -0.0354 0.02105 
v 0.0259721 -0.0342023 0.011525 
v 0.0259721 -0.0342023 0.02105 
v 0.0264282 -0.0335 0.011525 
v 0.0264282 -0.0335 0.02105 
v 0.0268084 -0.0327539 0.011525 
v 0.0268084 -0.0327539 0.02105 
v 0.0271085 -0.0319721 0.011525 
v 0.0271085 -0.0319721 0.02105 
v 0.0273252 -0.0311633 0.011525 
v 0.0273252 -0.0311633 0.02105 
v 0.0274562 -0.0303362 0.011525 
v 0.0274562 -0.0303362 0.02105 
v 0.0275 -0.0295 0.011525 
v 0.0275 -0.0295 0.02105 
v 0.024853 -0.0354452 0.02105 
v 0.0203362 -0.0374562 0.02105 
v 0.0275 0.0058865 0.0166866 
v 0.0275 0.0059366 0.0168124 
v 0.0275 0 0.02105 
v 0.0275 0.0058284 0.0164226 
v 0.0275 -0.0059366 0.0168124 
v 0.0275 -0.0058865 0.0166866 
v 0.0275 -0.0058284 0.0161524 
v 0.0275 0.0059366 0.0157626 
v 0.0275 0.0058865 0.0158884 
v 0.0275 -0.00607595 0.017044 
v 0.0275 0.00585029 0.0165562 
v 0.0275 -0.00585029 0.0165562 
v 0.0275 -0.006 0.0169319 
v 0.0275 0.00607595 0.015531 
v 0.0275 -0.00585029 0.0160188 
v 0.0275 -0.0058865 0.0158884 
v 0.0275 0.00585029 0.0160188 
v 0.0275 0.006 0.0156431 
v 0.0275 0.006 0.0169319 
v 0.0275 -0.0058284 0.0164226 
v 0.0275 -0.00582107 0.0162875 
v 0.0275 0.0058284 0.0161524 
v 0.0275 0.00582107 0.0162875 
v 0.0275 -0.0059366 0.0157626 
v 0.0275 0.0187792 0.0165562 
v 0.0275 0.00713874 0.0175357 
v 0.0275 0.0187573 0.0164226 
v 0.0275 0.0072733 0.017521 
v 0.0275 -0.00607595 0.015531 
v 0.0275 -0.00616357 0.0154279 
v 0.0275 -0.00626183 0.0153348 
v 0.0275 0.00636958 0.0152529 
v 0.0275 0.00626183 0.0153348 
v 0.0275 -0.00686884 0.017521 
v 0.0275 -0.00673666 0.0174919 
v 0.0275 0.0228138 0.02105 
v 0.0275 0.0203344 0.0174919 
v 0.0275 0.0204627 0.0174487 
v 0.0275 0.0200677 0.0175357 
v 0.0275 0.0202022 0.017521 
v 0.0275 0.01875 0.0162875 
v 0.0275 0.0066084 0.0174487 
v 0.0275 0.00673666 0.0174919 
v 0.0275 0.00648556 0.0151831 
v 0.0275 -0.00673666 0.0150831 
v 0.0275 -0.00686884 0.015054 
v 0.0275 -0.00648556 0.0151831 
v 0.0275 -0.0066084 0.0151263 
v 0.0275 -0.006 0.0156431 
v 0.0275 -0.00700339 0.0150393 
v 0.0275 0.00700339 0.0150393 
v 0.0275 0.00686884 0.015054 
v 0.0275 -0.00700339 0.0175357 
v 0.0275 0.0208092 0.0153348 
v 0.0275 0.0207015 0.0152529 
v 0.0275 0.0196656 0.0174919 
v 0.0275 0.0197978 0.017521 
v 0.0275 0.0194145 0.0173919 
v 0.0275 0.0195373 0.0174487 
v 0.0275 0.00686884 0.017521 
v 0.0275 0.00636958 0.0173221 
v 0.0275 0.00648556 0.0173919 
v 0.0275 -0.00636958 0.0152529 
v 0.0275 0.00607595 0.017044 
v 0.0275 0.00616357 0.0154279 
v 0.0275 0.00673666 0.0150831 
v 0.0275 -0.00648556 0.0173919 
v 0.0275 -0.00636958 0.0173221 
v 0.0275 -0.0066084 0.0174487 
v 0.0275 -0.00829184 0.0160188 
v 0.0275 -0.02585 0.011525 
v 0.0275 -0.00713874 0.0150393 
v 0.0275 -0.0072733 0.015054 
v 0.0275 0.0205855 0.0151831 
v 0.0275 0.0204627 0.0151263 
v 0.0275 0.0209075 0.0154279 
v 0.0275 0.0209075 0.0171471 
v 0.0275 0.0205855 0.0173919 
v 0.0275 0.0192985 0.0173221 
v 0.0275 0.0188154 0.0166866 
v 0.0275 0.0188655 0.0168124 
v 0.0275 0.00700339 0.0175357 
v 0.0275 0.0066084 0.0151263 
v 0.0275 0.00713874 0.0150393 
v 0.0275 -0.00626183 0.0172402 
v 0.0275 -0.00616357 0.0171471 
v 0.0275 -0.0228138 0.02105 
v 0.0275 -0.0072733 0.017521 
v 0.0275 -0.00753374 0.0174487 
v 0.0275 -0.00740548 0.0174919 
v 0.0275 -0.00829184 0.0165562 
v 0.0275 -0.00825563 0.0166866 
v 0.0275 -0.00832107 0.0162875 
v 0.0275 -0.00820554 0.0157626 
v 0.0275 -0.00825563 0.0158884 
v 0.0275 -0.0078803 0.0153348 
v 0.0275 -0.00797856 0.0154279 
v 0.0275 -0.00740548 0.0150831 
v 0.0275 0.0208092 0.0172402 
v 0.0275 0.0199323 0.0175357 
v 0.0275 0.0190049 0.017044 
v 0.0275 0.0190925 0.0171471 
v 0.0275 0.0189289 0.0169319 
v 0.0275 0.00616357 0.0171471 
v 0.0275 -0.00777255 0.0173221 
v 0.0275 -0.00765658 0.0173919 
v 0.0275 -0.00831374 0.0164226 
v 0.0275 -0.00831374 0.0161524 
v 0.0275 -0.00814214 0.0156431 
v 0.0275 -0.00806618 0.015531 
v 0.0275 -0.00753374 0.0151263 
v 0.0275 0.0200677 0.0150393 
v 0.0275 0.0199323 0.0150393 
v 0.0275 0.0209951 0.015531 
v 0.0275 0.02125 0.0162875 
v 0.0275 0.0207015 0.0173221 
v 0.0275 0.0191908 0.0172402 
v 0.0275 0.00626183 0.0172402 
v 0.0275 -0.00713874 0.0175357 
v 0.0275 -0.00806618 0.017044 
v 0.0275 -0.00797856 0.0171471 
v 0.0275 -0.00820554 0.0168124 
v 0.0275 -0.00814214 0.0169319 
v 0.0275 -0.00765658 0.0151831 
v 0.0275 -0.00777255 0.0152529 
v 0.0275 0.00814214 0.0156431 
v 0.0275 0.00806618 0.015531 
v 0.0275 0.00829184 0.0160188 
v 0.0275 0.0210711 0.0156431 
v 0.0275 0.0211846 0.0158884 
v 0.0275 0.0211345 0.0157626 
v 0.0275 0.0212427 0.0161524 
v 0.0275 -0.0078803 0.0172402 
v 0.0275 0.00740548 0.0150831 
v 0.0275 0.0072733 0.015054 
v 0.0275 0.00765658 0.0151831 
v 0.0275 0.00753374 0.0151263 
v 0.0275 0.0078803 0.0153348 
v 0.0275 0.00777255 0.0152529 
v 0.0275 0.00797856 0.0154279 
v 0.0275 0.00831374 0.0161524 
v 0.0275 0.0189289 0.0156431 
v 0.0275 0.0188655 0.0157626 
v 0.0275 0.0191908 0.0153348 
v 0.0275 0.0190925 0.0154279 
v 0.0275 0.0194145 0.0151831 
v 0.0275 0.0192985 0.0152529 
v 0.0275 0.0196656 0.0150831 
v 0.0275 0.0195373 0.0151263 
v 0.0275 0.0197978 0.015054 
v 0.0275 0.00740548 0.0174919 
v 0.0275 0.0212208 0.0160188 
v 0.0275 0.0212208 0.0165562 
v 0.0275 0.0212427 0.0164226 
v 0.0275 0.0209951 0.017044 
v 0.0275 0.0210711 0.0169319 
v 0.0275 0.00825563 0.0158884 
v 0.0275 0.0190049 0.015531 
v 0.0275 0.00825563 0.0166866 
v 0.0275 0.00829184 0.0165562 
v 0.0275 0.00765658 0.0173919 
v 0.0275 0.00777255 0.0173221 
v 0.0275 0.00753374 0.0174487 
v 0.0275 0.0203344 0.0150831 
v 0.0275 0.0202022 0.015054 
v 0.0275 0.0211846 0.0166866 
v 0.0275 0.0211345 0.0168124 
v 0.0275 0.0187792 0.0160188 
v 0.0275 0.0187573 0.0161524 
v 0.0275 0.0188154 0.0158884 
v 0.0275 0.00820554 0.0157626 
v 0.0275 0.00831374 0.0164226 
v 0.0275 0.00832107 0.0162875 
v 0.0275 0.00820554 0.0168124 
v 0.0275 0.00806618 0.017044 
v 0.0275 0.00814214 0.0169319 
v 0.0275 0.0078803 0.0172402 
v 0.0275 0.00797856 0.0171471 
v 0.0225 0.0187573 0.0161524 
v 0.0225 0.01875 0.0162875 
v 0.0225 0.0187792 0.0160188 
v 0.0225 0.0188154 0.0158884 
v 0.0225 0.0188655 0.0157626 
v 0.0225 0.0189289 0.0156431 
v 0.0225 0.0190049 0.015531 
v 0.0225 0.0190925 0.0154279 
v 0.0225 0.0191908 0.0153348 
v 0.0225 0.0192985 0.0152529 
v 0.0225 0.0194145 0.0151831 
v 0.0225 0.0195373 0.0151263 
v 0.0225 0.0196656 0.0150831 
v 0.0225 0.0197978 0.015054 
v 0.0225 0.0199323 0.0150393 
v 0.0225 0.0200677 0.0150393 
v 0.0225 0.0202022 0.015054 
v 0.0225 0.0203344 0.0150831 
v 0.0225 0.0204627 0.0151263 
v 0.0225 0.0205855 0.0151831 
v 0.0225 0.0207015 0.0152529 
v 0.0225 0.0208092 0.0153348 
v 0.0225 0.0209075 0.0154279 
v 0.0225 0.0209951 0.015531 
v 0.0225 0.0210711 0.0156431 
v 0.0225 0.0211345 0.0157626 
v 0.0225 0.0211846 0.0158884 
v 0.0225 0.0212208 0.0160188 
v 0.0225 0.0212427 0.0161524 
v 0.0225 0.02125 0.0162875 
v 0.0225 0.0212427 0.0164226 
v 0.0225 0.0212208 0.0165562 
v 0.0225 0.0211846 0.0166866 
v 0.0225 0.0211345 0.0168124 
v 0.0225 0.0210711 0.0169319 
v 0.0225 0.0209951 0.017044 
v 0.0225 0.0209075 0.0171471 
v 0.0225 0.0208092 0.0172402 
v 0.0225 0.0207015 0.0173221 
v 0.0225 0.0205855 0.0173919 
v 0.0225 0.0204627 0.0174487 
v 0.0225 0.0203344 0.0174919 
v 0.0225 0.0202022 0.017521 
v 0.0225 0.0200677 0.0175357 
v 0.0225 0.0199323 0.0175357 
v 0.0225 0.0197978 0.017521 
v 0.0225 0.0196656 0.0174919 
v 0.0225 0.0195373 0.0174487 
v 0.0225 0.0194145 0.0173919 
v 0.0225 0.0192985 0.0173221 
v 0.0225 0.0191908 0.0172402 
v 0.0225 0.0190925 0.0171471 
v 0.0225 0.0190049 0.017044 
v 0.0225 0.0189289 0.0169319 
v 0.0225 0.0188655 0.0168124 
v 0.0225 0.0188154 0.0166866 
v 0.0225 0.0187792 0.0165562 
v 0.0225 0.0187573 0.0164226 
v 0.0225 0.02 0.0162875 
v 0.0215 0.0058284 0.0161524 
v 0.0215 0.00582107 0.0162875 
v 0.0215 0.00585029 0.0160188 
v 0.0215 0.0058865 0.0158884 
v 0.0215 0.0059366 0.0157626 
v 0.0215 0.006 0.0156431 
v 0.0215 0.00607595 0.015531 
v 0.0215 0.00616357 0.0154279 
v 0.0215 0.00626183 0.0153348 
v 0.0215 0.00636958 0.0152529 
v 0.0215 0.00648556 0.0151831 
v 0.0215 0.0066084 0.0151263 
v 0.0215 0.00673666 0.0150831 
v 0.0215 0.00686884 0.015054 
v 0.0215 0.00700339 0.0150393 
v 0.0215 0.00713874 0.0150393 
v 0.0215 0.0072733 0.015054 
v 0.0215 0.00740548 0.0150831 
v 0.0215 0.00753374 0.0151263 
v 0.0215 0.00765658 0.0151831 
v 0.0215 0.00777255 0.0152529 
v 0.0215 0.0078803 0.0153348 
v 0.0215 0.00797856 0.0154279 
v 0.0215 0.00806618 0.015531 
v 0.0215 0.00814214 0.0156431 
v 0.0215 0.00820554 0.0157626 
v 0.0215 0.00825563 0.0158884 
v 0.0215 0.00829184 0.0160188 
v 0.0215 0.00831374 0.0161524 
v 0.0215 0.00832107 0.0162875 
v 0.0215 0.00831374 0.0164226 
v 0.0215 0.00829184 0.0165562 
v 0.0215 0.00825563 0.0166866 
v 0.0215 0.00820554 0.0168124 
v 0.0215 0.00814214 0.0169319 
v 0.0215 0.00806618 0.017044 
v 0.0215 0.00797856 0.0171471 
v 0.0215 0.0078803 0.0172402 
v 0.0215 0.00777255 0.0173221 
v 0.0215 0.00765658 0.0173919 
v 0.0215 0.00753374 0.0174487 
v 0.0215 0.00740548 0.0174919 
v 0.0215 0.0072733 0.017521 
v 0.0215 0.00713874 0.0175357 
v 0.0215 0.00700339 0.0175357 
v 0.0215 0.00686884 0.017521 
v 0.0215 0.00673666 0.0174919 
v 0.0215 0.0066084 0.0174487 
v 0.0215 0.00648556 0.0173919 
v 0.0215 0.00636958 0.0173221 
v 0.0215 0.00626183 0.0172402 
v 0.0215 0.00616357 0.0171471 
v 0.0215 0.00607595 0.017044 
v 0.0215 0.006 0.0169319 
v 0.0215 0.0059366 0.0168124 
v 0.0215 0.0058865 0.0166866 
v 0.0215 0.00585029 0.0165562 
v 0.0215 0.0058284 0.0164226 
v 0.0215 0.00755661 0.0168591 
v 0.0215 0.00761556 0.0168033 
v 0.0215 0.00749196 0.0169083 
v 0.0215 0.00658553 0.0168591 
v 0.0215 0.00665018 0.0169083 
v 0.0215 0.00652657 0.0168033 
v 0.0215 0.00775175 0.0166024 
v 0.0215 0.00778181 0.016527 
v 0.0215 0.00771371 0.0166742 
v 0.0215 0.00742237 0.0169501 
v 0.0215 0.00671976 0.0169501 
v 0.0215 0.00639039 0.0166024 
v 0.0215 0.00642842 0.0166742 
v 0.0215 0.00636033 0.016527 
v 0.0215 0.00658553 0.0157159 
v 0.0215 0.00652657 0.0157717 
v 0.0215 0.00665018 0.0156667 
v 0.0215 0.00766814 0.0167414 
v 0.0215 0.006474 0.0167414 
v 0.0215 0.00671976 0.0156249 
v 0.0215 0.00780353 0.0161263 
v 0.0215 0.00778181 0.016048 
v 0.0215 0.00781667 0.0162064 
v 0.0215 0.00780353 0.0164487 
v 0.0215 0.00781667 0.0163686 
v 0.0215 0.0071924 0.0170276 
v 0.0215 0.00727171 0.0170102 
v 0.0215 0.00711167 0.0170364 
v 0.0215 0.00694973 0.0170276 
v 0.0215 0.00703046 0.0170364 
v 0.0215 0.00687042 0.0170102 
v 0.0215 0.0063386 0.0164487 
v 0.0215 0.00632546 0.0163686 
v 0.0215 0.00632107 0.0162875 
v 0.0215 0.00632546 0.0162064 
v 0.0215 0.00679346 0.0155908 
v 0.0215 0.00687042 0.0155648 
v 0.0215 0.00694973 0.0155474 
v 0.0215 0.00755661 0.0157159 
v 0.0215 0.00749196 0.0156667 
v 0.0215 0.00761556 0.0157717 
v 0.0215 0.00775175 0.0159726 
v 0.0215 0.00771371 0.0159008 
v 0.0215 0.00782107 0.0162875 
v 0.0215 0.00734867 0.0169842 
v 0.0215 0.00679346 0.0169842 
v 0.0215 0.0063386 0.0161263 
v 0.0215 0.00636033 0.016048 
v 0.0215 0.00639039 0.0159726 
v 0.0215 0.00642842 0.0159008 
v 0.0215 0.00766814 0.0158336 
v 0.0215 0.006474 0.0158336 
v 0.0215 0.00727171 0.0155648 
v 0.0215 0.0071924 0.0155474 
v 0.0215 0.00734867 0.0155908 
v 0.0215 0.00742237 0.0156249 
v 0.0215 0.00703046 0.0155386 
v 0.0215 0.00711167 0.0155386 
v 0.0215 -0.00831374 0.0161524 
v 0.0215 -0.00832107 0.0162875 
v 0.0215 -0.00829184 0.0160188 
v 0.0215 -0.00825563 0.0158884 
v 0.0215 -0.00820554 0.0157626 
v 0.0215 -0.00814214 0.0156431 
v 0.0215 -0.00806618 0.015531 
v 0.0215 -0.00797856 0.0154279 
v 0.0215 -0.0078803 0.0153348 
v 0.0215 -0.00777255 0.0152529 
v 0.0215 -0.00765658 0.0151831 
v 0.0215 -0.00753374 0.0151263 
v 0.0215 -0.00740548 0.0150831 
v 0.0215 -0.0072733 0.015054 
v 0.0215 -0.00713874 0.0150393 
v 0.0215 -0.00700339 0.0150393 
v 0.0215 -0.00686884 0.015054 
v 0.0215 -0.00673666 0.0150831 
v 0.0215 -0.0066084 0.0151263 
v 0.0215 -0.00648556 0.0151831 
v 0.0215 -0.00636958 0.0152529 
v 0.0215 -0.00626183 0.0153348 
v 0.0215 -0.00616357 0.0154279 
v 0.0215 -0.00607595 0.015531 
v 0.0215 -0.006 0.0156431 
v 0.0215 -0.0059366 0.0157626 
v 0.0215 -0.0058865 0.0158884 
v 0.0215 -0.00585029 0.0160188 
v 0.0215 -0.0058284 0.0161524 
v 0.0215 -0.00582107 0.0162875 
v 0.0215 -0.0058284 0.0164226 
v 0.0215 -0.00585029 0.0165562 
v 0.0215 -0.0058865 0.0166866 
v 0.0215 -0.0059366 0.0168124 
v 0.0215 -0.006 0.0169319 
v 0.0215 -0.00607595 0.017044 
v 0.0215 -0.00616357 0.0171471 
v 0.0215 -0.00626183 0.0172402 
v 0.0215 -0.00636958 0.0173221 
v 0.0215 -0.00648556 0.0173919 
v 0.0215 -0.0066084 0.0174487 
v 0.0215 -0.00673666 0.0174919 
v 0.0215 -0.00686884 0.017521 
v 0.0215 -0.00700339 0.0175357 
v 0.0215 -0.00713874 0.0175357 
v 0.0215 -0.0072733 0.017521 
v 0.0215 -0.00740548 0.0174919 
v 0.0215 -0.00753374 0.0174487 
v 0.0215 -0.00765658 0.0173919 
v 0.0215 -0.00777255 0.0173221 
v 0.0215 -0.0078803 0.0172402 
v 0.0215 -0.00797856 0.0171471 
v 0.0215 -0.00806618 0.017044 
v 0.0215 -0.00814214 0.0169319 
v 0.0215 -0.00820554 0.0168124 
v 0.0215 -0.00825563 0.0166866 
v 0.0215 -0.00829184 0.0165562 
v 0.0215 -0.00831374 0.0164226 
v 0.0215 -0.0063386 0.0161263 
v 0.0215 -0.00632546 0.0162064 
v 0.0215 -0.00632107 0.0162875 
v 0.0215 -0.00632546 0.0163686 
v 0.0215 -0.0063386 0.0164487 
v 0.0215 -0.00636033 0.016527 
v 0.0215 -0.006474 0.0158336 
v 0.0215 -0.00642842 0.0159008 
v 0.0215 -0.00639039 0.0159726 
v 0.0215 -0.00636033 0.016048 
v 0.0215 -0.00639039 0.0166024 
v 0.0215 -0.00749196 0.0169083 
v 0.0215 -0.00742237 0.0169501 
v 0.0215 -0.00755661 0.0168591 
v 0.0215 -0.00781667 0.0163686 
v 0.0215 -0.00780353 0.0164487 
v 0.0215 -0.00782107 0.0162875 
v 0.0215 -0.00781667 0.0162064 
v 0.0215 -0.00780353 0.0161263 
v 0.0215 -0.00749196 0.0156667 
v 0.0215 -0.00742237 0.0156249 
v 0.0215 -0.00665018 0.0169083 
v 0.0215 -0.00658553 0.0168591 
v 0.0215 -0.00671976 0.0169501 
v 0.0215 -0.00761556 0.0168033 
v 0.0215 -0.00778181 0.016527 
v 0.0215 -0.00778181 0.016048 
v 0.0215 -0.00755661 0.0157159 
v 0.0215 -0.00642842 0.0166742 
v 0.0215 -0.006474 0.0167414 
v 0.0215 -0.00652657 0.0168033 
v 0.0215 -0.00766814 0.0167414 
v 0.0215 -0.00775175 0.0166024 
v 0.0215 -0.00775175 0.0159726 
v 0.0215 -0.00761556 0.0157717 
v 0.0215 -0.00694973 0.0170276 
v 0.0215 -0.00687042 0.0170102 
v 0.0215 -0.00703046 0.0170364 
v 0.0215 -0.00771371 0.0166742 
v 0.0215 -0.00771371 0.0159008 
v 0.0215 -0.00766814 0.0158336 
v 0.0215 -0.00658553 0.0157159 
v 0.0215 -0.00665018 0.0156667 
v 0.0215 -0.00652657 0.0157717 
v 0.0215 -0.00679346 0.0169842 
v 0.0215 -0.0071924 0.0170276 
v 0.0215 -0.00711167 0.0170364 
v 0.0215 -0.00727171 0.0170102 
v 0.0215 -0.00727171 0.0155648 
v 0.0215 -0.0071924 0.0155474 
v 0.0215 -0.00734867 0.0169842 
v 0.0215 -0.00734867 0.0155908 
v 0.0215 -0.00687042 0.0155648 
v 0.0215 -0.00679346 0.0155908 
v 0.0215 -0.00671976 0.0156249 
v 0.0215 -0.00711167 0.0155386 
v 0.0215 -0.00703046 0.0155386 
v 0.0215 -0.00694973 0.0155474 
v 0 0.00632546 0.0162064 
v 0 0.00632107 0.0162875 
v 0 0.0063386 0.0161263 
v 0 0.00636033 0.016048 
v 0 0.00639039 0.0159726 
v 0 0.00642842 0.0159008 
v 0 0.006474 0.0158336 
v 0 0.00652657 0.0157717 
v 0 0.00766814 0.0158336 
v 0 0.00761556 0.0157717 
v 0 0.00771371 0.0159008 
v 0 0.00775175 0.0159726 
v 0 0.00778181 0.016048 
v 0 0.00780353 0.0161263 
v 0 0.00781667 0.0162064 
v 0 0.00782107 0.0162875 
v 0 0.00781667 0.0163686 
v 0 0.00780353 0.0164487 
v 0 0.00778181 0.016527 
v 0 0.00775175 0.0166024 
v 0 0.00771371 0.0166742 
v 0 0.00766814 0.0167414 
v 0 0.00761556 0.0168033 
v 0 0.006474 0.0167414 
v 0 0.00652657 0.0168033 
v 0 0.00642842 0.0166742 
v 0 0.00639039 0.0166024 
v 0 0.00636033 0.016527 
v 0 0.0063386 0.0164487 
v 0 0.00632546 0.0163686 
v 0.000119378 0.00755661 0.0157159 
v 8.0891e-05 0.00756448 0.0157227 
v 2.70695e-05 0.00757033 0.0157278 
v 5.4219e-05 0.00756812 0.0157259 
v 5.78241e-20 0.00757107 0.0157285 
v 0.000185069 0.00753556 0.0156986 
v 0.00021008 0.00752479 0.0156903 
v 0.000159768 0.00754485 0.0157061 
v 0.000234204 0.00751282 0.0156814 
v 0.000133651 0.00755245 0.0157124 
v 0.000280594 0.00748491 0.015662 
v 0.000323693 0.00745215 0.0156415 
v 0.00026902 0.00749188 0.0156669 
v 0.000362998 0.00741492 0.015621 
v 0.000398047 0.00737365 0.0156012 
v 0.000355223 0.00742228 0.015625 
v 0.000441731 0.00730532 0.015575 
v 0.000453788 0.00728101 0.0155675 
v 0.000415856 0.00734867 0.0155908 
v 0.000427884 0.00732852 0.0155834 
v 0.000457975 0.00727171 0.0155648 
v 0.000473827 0.00723072 0.0155547 
v 0.000493405 0.00715201 0.0155419 
v 0.000497069 0.00712513 0.0155395 
v 0.000485054 0.0071924 0.0155474 
v 0.000487934 0.00717848 0.0155455 
v 0.000498349 0.00711167 0.0155386 
v 0.0005 0.00707107 0.0155375 
v 0.000493407 0.00699014 0.0155419 
v 0.00048831 0.00696358 0.0155452 
v 0.000498349 0.00703046 0.0155386 
v 0.000496705 0.00701705 0.0155397 
v 0.000485054 0.00694973 0.0155474 
v 0.000473827 0.00691142 0.0155547 
v 0.000457975 0.00687042 0.0155648 
v 0.000453538 0.00686124 0.0155676 
v 0.000441708 0.00683677 0.015575 
v 0.000428429 0.00681329 0.0155832 
v 0.000415083 0.00679361 0.0155911 
v 0.000398047 0.00676848 0.0156012 
v 0.000362998 0.00672722 0.015621 
v 0.000355223 0.00671985 0.015625 
v 0.000323693 0.00668999 0.0156415 
v 0.000280594 0.00665722 0.015662 
v 0.000159827 0.0065973 0.0157061 
v 0.000133764 0.00658929 0.0157127 
v 0.000234204 0.00662931 0.0156814 
v 0.000210028 0.00661732 0.0156903 
v 0.000185069 0.00660658 0.0156986 
v 0.00026902 0.00665026 0.0156669 
v 8.0891e-05 0.00657765 0.0157227 
v 5.41633e-05 0.00657401 0.0157259 
v 2.70695e-05 0.0065718 0.0157278 
v 0.000119378 0.00658553 0.0157159 
v 0.000119378 0.00658553 0.0168591 
v 8.0891e-05 0.00657765 0.0168523 
v 2.70695e-05 0.0065718 0.0168472 
v 5.42112e-05 0.00657402 0.0168491 
v -1.27213e-19 0.00657107 0.0168465 
v 0.000185069 0.00660658 0.0168764 
v 0.000210075 0.00661734 0.0168847 
v 0.000159795 0.00659729 0.0168689 
v 0.000234204 0.00662931 0.0168936 
v 0.000133651 0.00658968 0.0168626 
v 0.000280594 0.00665722 0.016913 
v 0.000323693 0.00668999 0.0169335 
v 0.00026902 0.00665026 0.0169081 
v 0.000362998 0.00672722 0.016954 
v 0.000398047 0.00676848 0.0169738 
v 0.000355223 0.00671985 0.01695 
v 0.000441731 0.00683682 0.017 
v 0.000453788 0.00686112 0.0170075 
v 0.000427884 0.00681362 0.0169916 
v 0.000415856 0.00679346 0.0169842 
v 0.000457975 0.00687042 0.0170102 
v 0.000473827 0.00691142 0.0170203 
v 0.000493407 0.00699014 0.0170331 
v 0.000497069 0.00701701 0.0170355 
v 0.000485054 0.00694973 0.0170276 
v 0.000487933 0.00696366 0.0170295 
v 0.0005 0.00707082 0.0170375 
v 0.000499589 0.00709134 0.0170372 
v 0.000498349 0.00703046 0.0170364 
v 0.00049926 0.00704387 0.0170375 
v 0.000493406 0.007152 0.0170331 
v 0.00048831 0.00717855 0.0170298 
v 0.000498349 0.00711167 0.0170364 
v 0.000496705 0.00712508 0.0170353 
v 0.000485054 0.0071924 0.0170276 
v 0.000473827 0.00723072 0.0170203 
v 0.000457975 0.00727171 0.0170102 
v 0.000453538 0.00728089 0.0170074 
v 0.000441708 0.00730536 0.017 
v 0.000428429 0.00732884 0.0169918 
v 0.000415083 0.00734853 0.0169839 
v 0.000398047 0.00737365 0.0169738 
v 0.000362998 0.00741492 0.016954 
v 0.000355223 0.00742228 0.01695 
v 0.000323693 0.00745215 0.0169335 
v 0.000280594 0.00748491 0.016913 
v 0.000159827 0.00754484 0.0168689 
v 0.000133764 0.00755284 0.0168623 
v 0.000234204 0.00751282 0.0168936 
v 0.000210028 0.00752482 0.0168847 
v 0.000185069 0.00753556 0.0168764 
v 0.00026902 0.00749188 0.0169081 
v 8.0891e-05 0.00756448 0.0168523 
v 5.41633e-05 0.00756813 0.0168491 
v 2.70695e-05 0.00757033 0.0168472 
v 0.000119378 0.00755661 0.0168591 
v -9.15287e-19 0.00757107 0.0168465 
v -1.08383e-18 0.00657107 0.0157285 
v -0.000323693 0.00668999 0.0170375 
v -0.00048831 0.00696358 0.0170375 
v -0.000497069 0.00701701 0.0170375 
v -0.000428429 0.00681329 0.0170375 
v -0.000453788 0.00686112 0.0170375 
v -0.000362998 0.00672722 0.0170375 
v -0.000398047 0.00676848 0.0170375 
v -0.0005 0.00707107 0.0170375 
v 0.000398047 0.00676848 0.0170375 
v 0.000362998 0.00672722 0.0170375 
v 0.000323693 0.00745215 0.0170375 
v 0.000362998 0.00741492 0.0170375 
v -0.000323693 0.00745215 0.0170375 
v -0.000428429 0.00732884 0.0170375 
v -0.000398047 0.00737365 0.0170375 
v -0.000473827 0.00723072 0.0170375 
v -0.000453788 0.00728101 0.0170375 
v -0.000497069 0.00712513 0.0170375 
v -0.000473827 0.00691142 0.0170375 
v -0.000234204 0.00662931 0.0170375 
v -0.000280594 0.00665722 0.0170375 
v -0.000133764 0.00658929 0.0170375 
v -0.000185069 0.00660658 0.0170375 
v -2.70695e-05 0.0065718 0.0170375 
v -8.0891e-05 0.00657765 0.0170375 
v 0.000428429 0.00681329 0.0170375 
v 0.000473827 0.00691142 0.0170375 
v 0.000453788 0.00686112 0.0170375 
v 0.000428429 0.00732884 0.0170375 
v 0.000453788 0.00728101 0.0170375 
v 0.000398047 0.00737365 0.0170375 
v -0.000133764 0.00755284 0.0170375 
v -8.0891e-05 0.00756448 0.0170375 
v -0.000234204 0.00751282 0.0170375 
v -0.000185069 0.00753556 0.0170375 
v -0.000280594 0.00748491 0.0170375 
v -0.00048831 0.00717855 0.0170375 
v 2.70695e-05 0.0065718 0.0170375 
v 0.000133764 0.00658929 0.0170375 
v 8.0891e-05 0.00657765 0.0170375 
v 0.000234204 0.00662931 0.0170375 
v 0.000185069 0.00660658 0.0170375 
v 0.000323693 0.00668999 0.0170375 
v 0.000280594 0.00665722 0.0170375 
v 0.000497069 0.00701701 0.0170375 
v 0.00048831 0.00696358 0.0170375 
v 0.000473827 0.00723072 0.0170375 
v 0.00048831 0.00717855 0.0170375 
v 0.000234204 0.00751282 0.0170375 
v 0.000280594 0.00748491 0.0170375 
v 0.000133764 0.00755284 0.0170375 
v 0.000185069 0.00753556 0.0170375 
v 2.70695e-05 0.00757033 0.0170375 
v 8.0891e-05 0.00756448 0.0170375 
v -2.70695e-05 0.00757033 0.0170375 
v -0.000362998 0.00741492 0.0170375 
v 0.000497069 0.00712513 0.0170375 
v -8.0891e-05 0.00756448 0.011325 
v -0.000133764 0.00755284 0.011325 
v -0.000185069 0.00753556 0.011325 
v -0.000234204 0.00751282 0.011325 
v -0.000280594 0.00748491 0.011325 
v -0.000323693 0.00745215 0.011325 
v 0.000362998 0.00672722 0.011325 
v 0.000398047 0.00676848 0.011325 
v 0.000428429 0.00681329 0.011325 
v 0.000453788 0.00686112 0.011325 
v 0.000473827 0.00691142 0.011325 
v 0.00048831 0.00696358 0.011325 
v 0.000497069 0.00701701 0.011325 
v 0.0005 0.00707107 0.011325 
v 0.000497069 0.00712513 0.011325 
v 0.00048831 0.00717855 0.011325 
v 0.000473827 0.00723072 0.011325 
v 0.000453788 0.00728101 0.011325 
v 0.000428429 0.00732884 0.011325 
v 0.000398047 0.00737365 0.011325 
v 0.000362998 0.00741492 0.011325 
v 0.000323693 0.00745215 0.011325 
v 0.000280594 0.00748491 0.011325 
v 0.000234204 0.00751282 0.011325 
v 0.000185069 0.00753556 0.011325 
v 0.000133764 0.00755284 0.011325 
v 8.0891e-05 0.00756448 0.011325 
v 2.70695e-05 0.00757033 0.011325 
v -2.70695e-05 0.00757033 0.011325 
v 0.000280594 0.00665722 0.012325 
v 0.000234204 0.00662931 0.012325 
v 0.000185069 0.00660658 0.012325 
v 0.000133764 0.00658929 0.012325 
v 8.0891e-05 0.00657765 0.012325 
v 2.70695e-05 0.0065718 0.012325 
v -2.70695e-05 0.0065718 0.012325 
v -8.0891e-05 0.00657765 0.012325 
v -0.000133764 0.00658929 0.012325 
v -0.000185069 0.00660658 0.012325 
v -0.000234204 0.00662931 0.012325 
v -0.000280594 0.00665722 0.012325 
v -0.000323693 0.00668999 0.012325 
v -0.000362998 0.00672722 0.012325 
v -0.000398047 0.00676848 0.012325 
v -0.000428429 0.00681329 0.012325 
v -0.000453788 0.00686112 0.012325 
v -0.000473827 0.00691142 0.012325 
v -0.00048831 0.00696358 0.012325 
v -0.000497069 0.00701701 0.012325 
v -0.0005 0.00707107 0.012325 
v -0.000497069 0.00712513 0.012325 
v -0.00048831 0.00717855 0.012325 
v -0.000473827 0.00723072 0.012325 
v -0.000453788 0.00728101 0.012325 
v -0.000428429 0.00732884 0.012325 
v -0.000398047 0.00737365 0.012325 
v -0.000353553 0.00742462 0.012325 
v -0.000362998 0.00741492 0.012325 
v 0.000353553 0.00671751 0.012325 
v 0.000353553 0.00671751 0.011325 
v 0.000323693 0.00668999 0.012325 
v -0.000353553 0.00742462 0.011325 
v -0.00648181 -0.000117851 0.011325 
v -0.00648181 -0.000117851 0.012325 
v -0.00601041 -0.000589256 0.011325 
v -0.00601041 -0.000589256 0.012325 
v -0.00603727 -0.000613358 0.012325 
v -0.00603727 -0.000613358 0.011325 
v -0.00606659 -0.000634414 0.012325 
v -0.00606659 -0.000634414 0.011325 
v -0.00609801 -0.000652177 0.012325 
v -0.00609801 -0.000652177 0.011325 
v -0.00613116 -0.00066644 0.012325 
v -0.00613116 -0.00066644 0.011325 
v -0.00616566 -0.000677034 0.012325 
v -0.00616566 -0.000677034 0.011325 
v -0.00620111 -0.000683835 0.012325 
v -0.00620111 -0.000683835 0.011325 
v -0.00623708 -0.000686764 0.012325 
v -0.00623708 -0.000686764 0.011325 
v -0.00627316 -0.000685787 0.012325 
v -0.00627316 -0.000685787 0.011325 
v -0.00630893 -0.000680915 0.012325 
v -0.00630893 -0.000680915 0.011325 
v -0.00634395 -0.000672204 0.012325 
v -0.00634395 -0.000672204 0.011325 
v -0.00637783 -0.000659758 0.012325 
v -0.00637783 -0.000659758 0.011325 
v -0.00641016 -0.000643721 0.012325 
v -0.00641016 -0.000643721 0.011325 
v -0.00644057 -0.000624283 0.012325 
v -0.00644057 -0.000624283 0.011325 
v -0.00646871 -0.000601671 0.012325 
v -0.00646871 -0.000601671 0.011325 
v -0.00649423 -0.000576149 0.012325 
v -0.00649423 -0.000576149 0.011325 
v -0.00651684 -0.000548018 0.012325 
v -0.00651684 -0.000548018 0.011325 
v -0.00653628 -0.000517607 0.012325 
v -0.00653628 -0.000517607 0.011325 
v -0.00655231 -0.000485273 0.012325 
v -0.00655231 -0.000485273 0.011325 
v -0.00656476 -0.000451394 0.012325 
v -0.00656476 -0.000451394 0.011325 
v -0.00657347 -0.000416368 0.012325 
v -0.00657347 -0.000416368 0.011325 
v -0.00657834 -0.000380606 0.012325 
v -0.00657834 -0.000380606 0.011325 
v -0.00657932 -0.000344527 0.012325 
v -0.00657932 -0.000344527 0.011325 
v -0.00657639 -0.000308553 0.012325 
v -0.00657639 -0.000308553 0.011325 
v -0.00656959 -0.000273107 0.012325 
v -0.00656959 -0.000273107 0.011325 
v -0.006559 -0.000238605 0.012325 
v -0.006559 -0.000238605 0.011325 
v -0.00654473 -0.000205449 0.012325 
v -0.00654473 -0.000205449 0.011325 
v -0.00652697 -0.000174031 0.012325 
v -0.00652697 -0.000174031 0.011325 
v -0.00650591 -0.000144717 0.012325 
v -0.00650591 -0.000144717 0.011325 
v 0.000589256 0.00601041 0.011325 
v 0.000589256 0.00601041 0.012325 
v 0.000696718 0.00610682 0.012325 
v 0.000813974 0.00619104 0.012325 
v 0.000696718 0.00610682 0.011325 
v 0.000939649 0.00626209 0.012325 
v 0.000813974 0.00619104 0.011325 
v 0.00107227 0.00631914 0.012325 
v 0.000939649 0.00626209 0.011325 
v 0.00121028 0.00636152 0.012325 
v 0.00107227 0.00631914 0.011325 
v 0.00135206 0.00638873 0.012325 
v 0.00121028 0.00636152 0.011325 
v 0.00149596 0.00640044 0.012325 
v 0.00135206 0.00638873 0.011325 
v 0.00164028 0.00639653 0.012325 
v 0.00149596 0.00640044 0.011325 
v 0.00178333 0.00637704 0.012325 
v 0.00164028 0.00639653 0.011325 
v 0.00192343 0.0063422 0.012325 
v 0.00178333 0.00637704 0.011325 
v 0.00205894 0.00629242 0.012325 
v 0.00192343 0.0063422 0.011325 
v 0.00218828 0.00622827 0.012325 
v 0.00205894 0.00629242 0.011325 
v 0.00230992 0.00615052 0.012325 
v 0.00218828 0.00622827 0.011325 
v 0.00242245 0.00606007 0.012325 
v 0.00230992 0.00615052 0.011325 
v 0.00252453 0.00595798 0.012325 
v 0.00242245 0.00606007 0.011325 
v 0.00261498 0.00584546 0.012325 
v 0.00252453 0.00595798 0.011325 
v 0.00269274 0.00572381 0.012325 
v 0.00261498 0.00584546 0.011325 
v 0.00275688 0.00559448 0.012325 
v 0.00269274 0.00572381 0.011325 
v 0.00280667 0.00545896 0.012325 
v 0.00275688 0.00559448 0.011325 
v 0.00284151 0.00531886 0.012325 
v 0.00280667 0.00545896 0.011325 
v 0.002861 0.00517581 0.012325 
v 0.00284151 0.00531886 0.011325 
v 0.00286491 0.00503149 0.012325 
v 0.002861 0.00517581 0.011325 
v 0.00285319 0.0048876 0.012325 
v 0.00286491 0.00503149 0.011325 
v 0.00282599 0.00474581 0.012325 
v 0.00285319 0.0048876 0.011325 
v 0.00278361 0.0046078 0.012325 
v 0.00282599 0.00474581 0.011325 
v 0.00272656 0.00447518 0.012325 
v 0.00278361 0.0046078 0.011325 
v 0.00265551 0.00434951 0.012325 
v 0.00272656 0.00447518 0.011325 
v 0.00257128 0.00423225 0.012325 
v 0.00265551 0.00434951 0.011325 
v 0.00247487 0.00412479 0.012325 
v 0.00257128 0.00423225 0.011325 
v 0.00247487 0.00412479 0.011325 
v -0.00412479 -0.00247487 0.011325 
v -0.00412479 -0.00247487 0.012325 
v -0.00365339 -0.00294628 0.011325 
v -0.00365339 -0.00294628 0.012325 
v -0.00368025 -0.00297038 0.012325 
v -0.00368025 -0.00297038 0.011325 
v -0.00370956 -0.00299144 0.012325 
v -0.00370956 -0.00299144 0.011325 
v -0.00374098 -0.0030092 0.012325 
v -0.00374098 -0.0030092 0.011325 
v -0.00377414 -0.00302346 0.012325 
v -0.00377414 -0.00302346 0.011325 
v -0.00380864 -0.00303406 0.012325 
v -0.00380864 -0.00303406 0.011325 
v -0.00384409 -0.00304086 0.012325 
v -0.00384409 -0.00304086 0.011325 
v -0.00388006 -0.00304379 0.012325 
v -0.00388006 -0.00304379 0.011325 
v -0.00391614 -0.00304281 0.012325 
v -0.00391614 -0.00304281 0.011325 
v -0.0039519 -0.00303794 0.012325 
v -0.0039519 -0.00303794 0.011325 
v -0.00398693 -0.00302923 0.012325 
v -0.00398693 -0.00302923 0.011325 
v -0.00402081 -0.00301678 0.012325 
v -0.00402081 -0.00301678 0.011325 
v -0.00405314 -0.00300074 0.012325 
v -0.00405314 -0.00300074 0.011325 
v -0.00408355 -0.00298131 0.012325 
v -0.00408355 -0.00298131 0.011325 
v -0.00411168 -0.00295869 0.012325 
v -0.00411168 -0.00295869 0.011325 
v -0.0041372 -0.00293317 0.012325 
v -0.0041372 -0.00293317 0.011325 
v -0.00415982 -0.00290504 0.012325 
v -0.00415982 -0.00290504 0.011325 
v -0.00417926 -0.00287463 0.012325 
v -0.00417926 -0.00287463 0.011325 
v -0.00419529 -0.0028423 0.012325 
v -0.00419529 -0.0028423 0.011325 
v -0.00420774 -0.00280842 0.012325 
v -0.00420774 -0.00280842 0.011325 
v -0.00421645 -0.00277339 0.012325 
v -0.00421645 -0.00277339 0.011325 
v -0.00422132 -0.00273763 0.012325 
v -0.00422132 -0.00273763 0.011325 
v -0.0042223 -0.00270155 0.012325 
v -0.0042223 -0.00270155 0.011325 
v -0.00421937 -0.00266558 0.012325 
v -0.00421937 -0.00266558 0.011325 
v -0.00421257 -0.00263013 0.012325 
v -0.00421257 -0.00263013 0.011325 
v -0.00420197 -0.00259563 0.012325 
v -0.00420197 -0.00259563 0.011325 
v -0.00418771 -0.00256247 0.012325 
v -0.00418771 -0.00256247 0.011325 
v -0.00416995 -0.00253105 0.012325 
v -0.00416995 -0.00253105 0.011325 
v -0.00414889 -0.00250174 0.012325 
v -0.00414889 -0.00250174 0.011325 
v 0.00294628 0.00365339 0.011325 
v 0.00294628 0.00365339 0.012325 
v 0.00305374 0.00374979 0.012325 
v 0.003171 0.00383402 0.012325 
v 0.00305374 0.00374979 0.011325 
v 0.00329667 0.00390507 0.012325 
v 0.003171 0.00383402 0.011325 
v 0.00342929 0.00396212 0.012325 
v 0.00329667 0.00390507 0.011325 
v 0.0035673 0.0040045 0.012325 
v 0.00342929 0.00396212 0.011325 
v 0.00370909 0.0040317 0.012325 
v 0.0035673 0.0040045 0.011325 
v 0.00385298 0.00404342 0.012325 
v 0.00370909 0.0040317 0.011325 
v 0.0039973 0.00403951 0.012325 
v 0.00385298 0.00404342 0.011325 
v 0.00414035 0.00402002 0.012325 
v 0.0039973 0.00403951 0.011325 
v 0.00428045 0.00398518 0.012325 
v 0.00414035 0.00402002 0.011325 
v 0.00441597 0.00393539 0.012325 
v 0.00428045 0.00398518 0.011325 
v 0.0045453 0.00387125 0.012325 
v 0.00441597 0.00393539 0.011325 
v 0.00466695 0.00379349 0.012325 
v 0.0045453 0.00387125 0.011325 
v 0.00477947 0.00370304 0.012325 
v 0.00466695 0.00379349 0.011325 
v 0.00488156 0.00360096 0.012325 
v 0.00477947 0.00370304 0.011325 
v 0.00497201 0.00348844 0.012325 
v 0.00488156 0.00360096 0.011325 
v 0.00504976 0.00336679 0.012325 
v 0.00497201 0.00348844 0.011325 
v 0.0051139 0.00323745 0.012325 
v 0.00504976 0.00336679 0.011325 
v 0.00516369 0.00310194 0.012325 
v 0.0051139 0.00323745 0.011325 
v 0.00519853 0.00296184 0.012325 
v 0.00516369 0.00310194 0.011325 
v 0.00521802 0.00281879 0.012325 
v 0.00519853 0.00296184 0.011325 
v 0.00522193 0.00267447 0.012325 
v 0.00521802 0.00281879 0.011325 
v 0.00521021 0.00253058 0.012325 
v 0.00522193 0.00267447 0.011325 
v 0.00518301 0.00238879 0.012325 
v 0.00521021 0.00253058 0.011325 
v 0.00514063 0.00225078 0.012325 
v 0.00518301 0.00238879 0.011325 
v 0.00508358 0.00211816 0.012325 
v 0.00514063 0.00225078 0.011325 
v 0.00501253 0.00199249 0.012325 
v 0.00508358 0.00211816 0.011325 
v 0.00492831 0.00187523 0.012325 
v 0.00501253 0.00199249 0.011325 
v 0.0048319 0.00176777 0.012325 
v 0.00492831 0.00187523 0.011325 
v 0.0048319 0.00176777 0.011325 
v -0.00176777 -0.0048319 0.011325 
v -0.00176777 -0.0048319 0.012325 
v -0.00129636 -0.0053033 0.011325 
v -0.00129636 -0.0053033 0.012325 
v -0.00132323 -0.0053274 0.012325 
v -0.00132323 -0.0053274 0.011325 
v -0.00135254 -0.00534846 0.012325 
v -0.00135254 -0.00534846 0.011325 
v -0.00138396 -0.00536622 0.012325 
v -0.00138396 -0.00536622 0.011325 
v -0.00141712 -0.00538048 0.012325 
v -0.00141712 -0.00538048 0.011325 
v -0.00145162 -0.00539108 0.012325 
v -0.00145162 -0.00539108 0.011325 
v -0.00148706 -0.00539788 0.012325 
v -0.00148706 -0.00539788 0.011325 
v -0.00152304 -0.00540081 0.012325 
v -0.00152304 -0.00540081 0.011325 
v -0.00155912 -0.00539983 0.012325 
v -0.00155912 -0.00539983 0.011325 
v -0.00159488 -0.00539496 0.012325 
v -0.00159488 -0.00539496 0.011325 
v -0.00162991 -0.00538625 0.012325 
v -0.00162991 -0.00538625 0.011325 
v -0.00166378 -0.0053738 0.012325 
v -0.00166378 -0.0053738 0.011325 
v -0.00169612 -0.00535777 0.012325 
v -0.00169612 -0.00535777 0.011325 
v -0.00172653 -0.00533833 0.012325 
v -0.00172653 -0.00533833 0.011325 
v -0.00175466 -0.00531572 0.012325 
v -0.00175466 -0.00531572 0.011325 
v -0.00178018 -0.00529019 0.012325 
v -0.00178018 -0.00529019 0.011325 
v -0.00180279 -0.00526206 0.012325 
v -0.00180279 -0.00526206 0.011325 
v -0.00182223 -0.00523165 0.012325 
v -0.00182223 -0.00523165 0.011325 
v -0.00183827 -0.00519932 0.012325 
v -0.00183827 -0.00519932 0.011325 
v -0.00185072 -0.00516544 0.012325 
v -0.00185072 -0.00516544 0.011325 
v -0.00185943 -0.00513041 0.012325 
v -0.00185943 -0.00513041 0.011325 
v -0.0018643 -0.00509465 0.012325 
v -0.0018643 -0.00509465 0.011325 
v -0.00186528 -0.00505857 0.012325 
v -0.00186528 -0.00505857 0.011325 
v -0.00186235 -0.0050226 0.012325 
v -0.00186235 -0.0050226 0.011325 
v -0.00185555 -0.00498715 0.012325 
v -0.00185555 -0.00498715 0.011325 
v -0.00184495 -0.00495265 0.012325 
v -0.00184495 -0.00495265 0.011325 
v -0.00183069 -0.00491949 0.012325 
v -0.00183069 -0.00491949 0.011325 
v -0.00181293 -0.00488808 0.012325 
v -0.00181293 -0.00488808 0.011325 
v -0.00179187 -0.00485876 0.012325 
v -0.00179187 -0.00485876 0.011325 
v 0.0053033 0.00129636 0.011325 
v 0.0053033 0.00129636 0.012325 
v 0.00541076 0.00139277 0.012325 
v 0.00552802 0.001477 0.012325 
v 0.00541076 0.00139277 0.011325 
v 0.00565369 0.00154805 0.012325 
v 0.00552802 0.001477 0.011325 
v 0.00578631 0.0016051 0.012325 
v 0.00565369 0.00154805 0.011325 
v 0.00592433 0.00164747 0.012325 
v 0.00578631 0.0016051 0.011325 
v 0.00606611 0.00167468 0.012325 
v 0.00592433 0.00164747 0.011325 
v 0.00621 0.0016864 0.012325 
v 0.00606611 0.00167468 0.011325 
v 0.00635432 0.00168249 0.012325 
v 0.00621 0.0016864 0.011325 
v 0.00649737 0.001663 0.012325 
v 0.00635432 0.00168249 0.011325 
v 0.00663747 0.00162816 0.012325 
v 0.00649737 0.001663 0.011325 
v 0.00677299 0.00157837 0.012325 
v 0.00663747 0.00162816 0.011325 
v 0.00690233 0.00151423 0.012325 
v 0.00677299 0.00157837 0.011325 
v 0.00702397 0.00143647 0.012325 
v 0.00690233 0.00151423 0.011325 
v 0.00713649 0.00134602 0.012325 
v 0.00702397 0.00143647 0.011325 
v 0.00723858 0.00124394 0.012325 
v 0.00713649 0.00134602 0.011325 
v 0.00732903 0.00113141 0.012325 
v 0.00723858 0.00124394 0.011325 
v 0.00740678 0.00100977 0.012325 
v 0.00732903 0.00113141 0.011325 
v 0.00747093 0.000880431 0.012325 
v 0.00740678 0.00100977 0.011325 
v 0.00752071 0.000744917 0.012325 
v 0.00747093 0.000880431 0.011325 
v 0.00755555 0.000604814 0.012325 
v 0.00752071 0.000744917 0.011325 
v 0.00757504 0.000461765 0.012325 
v 0.00755555 0.000604814 0.011325 
v 0.00757895 0.000317448 0.012325 
v 0.00757504 0.000461765 0.011325 
v 0.00756724 0.000173553 0.012325 
v 0.00757895 0.000317448 0.011325 
v 0.00754003 3.17695e-05 0.012325 
v 0.00756724 0.000173553 0.011325 
v 0.00749766 -0.000106242 0.012325 
v 0.00754003 3.17695e-05 0.011325 
v 0.00744061 -0.000238862 0.012325 
v 0.00749766 -0.000106242 0.011325 
v 0.00736955 -0.000364537 0.012325 
v 0.00744061 -0.000238862 0.011325 
v 0.00728533 -0.000481793 0.012325 
v 0.00736955 -0.000364537 0.011325 
v 0.00718892 -0.000589256 0.012325 
v 0.00728533 -0.000481793 0.011325 
v 0.00718892 -0.000589256 0.011325 
v 0.000353553 -0.00742462 0.011325 
v 0.000353553 -0.00742462 0.012325 
v -0.00718892 0.000589256 0.012325 
v -0.00718892 0.000589256 0.011325 
v -0.00728533 0.000481793 0.011325 
v -0.00736955 0.000364537 0.011325 
v -0.00728533 0.000481793 0.012325 
v -0.00744061 0.000238862 0.011325 
v -0.00736955 0.000364537 0.012325 
v -0.00749766 0.000106242 0.011325 
v -0.00744061 0.000238862 0.012325 
v -0.00754003 -3.17695e-05 0.011325 
v -0.00749766 0.000106242 0.012325 
v -0.00756724 -0.000173553 0.011325 
v -0.00754003 -3.17695e-05 0.012325 
v -0.00757895 -0.000317448 0.011325 
v -0.00756724 -0.000173553 0.012325 
v -0.00757504 -0.000461765 0.011325 
v -0.00757895 -0.000317448 0.012325 
v -0.00755555 -0.000604814 0.011325 
v -0.00757504 -0.000461765 0.012325 
v -0.00752071 -0.000744917 0.011325 
v -0.00755555 -0.000604814 0.012325 
v -0.00747093 -0.000880431 0.011325 
v -0.00752071 -0.000744917 0.012325 
v -0.00740678 -0.00100977 0.011325 
v -0.00747093 -0.000880431 0.012325 
v -0.00732903 -0.00113141 0.011325 
v -0.00740678 -0.00100977 0.012325 
v -0.00723858 -0.00124394 0.011325 
v -0.00732903 -0.00113141 0.012325 
v -0.00713649 -0.00134602 0.011325 
v -0.00723858 -0.00124394 0.012325 
v -0.00702397 -0.00143647 0.011325 
v -0.00713649 -0.00134602 0.012325 
v -0.00690233 -0.00151423 0.011325 
v -0.00702397 -0.00143647 0.012325 
v -0.00677299 -0.00157837 0.011325 
v -0.00690233 -0.00151423 0.012325 
v -0.00663747 -0.00162816 0.011325 
v -0.00677299 -0.00157837 0.012325 
v -0.00649737 -0.001663 0.011325 
v -0.00663747 -0.00162816 0.012325 
v -0.00635432 -0.00168249 0.011325 
v -0.00649737 -0.001663 0.012325 
v -0.00621 -0.0016864 0.011325 
v -0.00635432 -0.00168249 0.012325 
v -0.00606611 -0.00167468 0.011325 
v -0.00621 -0.0016864 0.012325 
v -0.00592433 -0.00164747 0.011325 
v -0.00606611 -0.00167468 0.012325 
v -0.00578631 -0.0016051 0.011325 
v -0.00592433 -0.00164747 0.012325 
v -0.00565369 -0.00154805 0.011325 
v -0.00578631 -0.0016051 0.012325 
v -0.00552802 -0.001477 0.011325 
v -0.00565369 -0.00154805 0.012325 
v -0.00541076 -0.00139277 0.011325 
v -0.00552802 -0.001477 0.012325 
v -0.0053033 -0.00129636 0.011325 
v -0.00541076 -0.00139277 0.012325 
v -0.0053033 -0.00129636 0.012325 
v 0.00129636 0.0053033 0.012325 
v 0.00129636 0.0053033 0.011325 
v 0.00176777 0.0048319 0.012325 
v 0.00176777 0.0048319 0.011325 
v 0.00179187 0.00485876 0.011325 
v 0.00179187 0.00485876 0.012325 
v 0.00181293 0.00488808 0.011325 
v 0.00181293 0.00488808 0.012325 
v 0.00183069 0.00491949 0.011325 
v 0.00183069 0.00491949 0.012325 
v 0.00184495 0.00495265 0.011325 
v 0.00184495 0.00495265 0.012325 
v 0.00185555 0.00498715 0.011325 
v 0.00185555 0.00498715 0.012325 
v 0.00186235 0.0050226 0.011325 
v 0.00186235 0.0050226 0.012325 
v 0.00186528 0.00505857 0.011325 
v 0.00186528 0.00505857 0.012325 
v 0.0018643 0.00509465 0.011325 
v 0.0018643 0.00509465 0.012325 
v 0.00185943 0.00513041 0.011325 
v 0.00185943 0.00513041 0.012325 
v 0.00185072 0.00516544 0.011325 
v 0.00185072 0.00516544 0.012325 
v 0.00183827 0.00519932 0.011325 
v 0.00183827 0.00519932 0.012325 
v 0.00182223 0.00523165 0.011325 
v 0.00182223 0.00523165 0.012325 
v 0.00180279 0.00526206 0.011325 
v 0.00180279 0.00526206 0.012325 
v 0.00178018 0.00529019 0.011325 
v 0.00178018 0.00529019 0.012325 
v 0.00175466 0.00531572 0.011325 
v 0.00175466 0.00531572 0.012325 
v 0.00172653 0.00533833 0.011325 
v 0.00172653 0.00533833 0.012325 
v 0.00169612 0.00535777 0.011325 
v 0.00169612 0.00535777 0.012325 
v 0.00166378 0.0053738 0.011325 
v 0.00166378 0.0053738 0.012325 
v 0.00162991 0.00538625 0.011325 
v 0.00162991 0.00538625 0.012325 
v 0.00159488 0.00539496 0.011325 
v 0.00159488 0.00539496 0.012325 
v 0.00155912 0.00539983 0.011325 
v 0.00155912 0.00539983 0.012325 
v 0.00152304 0.00540081 0.011325 
v 0.00152304 0.00540081 0.012325 
v 0.00148706 0.00539788 0.011325 
v 0.00148706 0.00539788 0.012325 
v 0.00145162 0.00539108 0.011325 
v 0.00145162 0.00539108 0.012325 
v 0.00141712 0.00538048 0.011325 
v 0.00141712 0.00538048 0.012325 
v 0.00138396 0.00536622 0.011325 
v 0.00138396 0.00536622 0.012325 
v 0.00135254 0.00534846 0.011325 
v 0.00135254 0.00534846 0.012325 
v 0.00132323 0.0053274 0.011325 
v 0.00132323 0.0053274 0.012325 
v -0.0048319 -0.00176777 0.012325 
v -0.0048319 -0.00176777 0.011325 
v -0.00492831 -0.00187523 0.011325 
v -0.00501253 -0.00199249 0.011325 
v -0.00492831 -0.00187523 0.012325 
v -0.00508358 -0.00211816 0.011325 
v -0.00501253 -0.00199249 0.012325 
v -0.00514063 -0.00225078 0.011325 
v -0.00508358 -0.00211816 0.012325 
v -0.00518301 -0.00238879 0.011325 
v -0.00514063 -0.00225078 0.012325 
v -0.00521021 -0.00253058 0.011325 
v -0.00518301 -0.00238879 0.012325 
v -0.00522193 -0.00267447 0.011325 
v -0.00521021 -0.00253058 0.012325 
v -0.00521802 -0.00281879 0.011325 
v -0.00522193 -0.00267447 0.012325 
v -0.00519853 -0.00296184 0.011325 
v -0.00521802 -0.00281879 0.012325 
v -0.00516369 -0.00310194 0.011325 
v -0.00519853 -0.00296184 0.012325 
v -0.0051139 -0.00323745 0.011325 
v -0.00516369 -0.00310194 0.012325 
v -0.00504976 -0.00336679 0.011325 
v -0.0051139 -0.00323745 0.012325 
v -0.00497201 -0.00348844 0.011325 
v -0.00504976 -0.00336679 0.012325 
v -0.00488156 -0.00360096 0.011325 
v -0.00497201 -0.00348844 0.012325 
v -0.00477947 -0.00370304 0.011325 
v -0.00488156 -0.00360096 0.012325 
v -0.00466695 -0.00379349 0.011325 
v -0.00477947 -0.00370304 0.012325 
v -0.0045453 -0.00387125 0.011325 
v -0.00466695 -0.00379349 0.012325 
v -0.00441597 -0.00393539 0.011325 
v -0.0045453 -0.00387125 0.012325 
v -0.00428045 -0.00398518 0.011325 
v -0.00441597 -0.00393539 0.012325 
v -0.00414035 -0.00402002 0.011325 
v -0.00428045 -0.00398518 0.012325 
v -0.0039973 -0.00403951 0.011325 
v -0.00414035 -0.00402002 0.012325 
v -0.00385298 -0.00404342 0.011325 
v -0.0039973 -0.00403951 0.012325 
v -0.00370909 -0.0040317 0.011325 
v -0.00385298 -0.00404342 0.012325 
v -0.0035673 -0.0040045 0.011325 
v -0.00370909 -0.0040317 0.012325 
v -0.00342929 -0.00396212 0.011325 
v -0.0035673 -0.0040045 0.012325 
v -0.00329667 -0.00390507 0.011325 
v -0.00342929 -0.00396212 0.012325 
v -0.003171 -0.00383402 0.011325 
v -0.00329667 -0.00390507 0.012325 
v -0.00305374 -0.00374979 0.011325 
v -0.003171 -0.00383402 0.012325 
v -0.00294628 -0.00365339 0.011325 
v -0.00305374 -0.00374979 0.012325 
v -0.00294628 -0.00365339 0.012325 
v 0.00365339 0.00294628 0.012325 
v 0.00365339 0.00294628 0.011325 
v 0.00412479 0.00247487 0.012325 
v 0.00412479 0.00247487 0.011325 
v 0.00414889 0.00250174 0.011325 
v 0.00414889 0.00250174 0.012325 
v 0.00416995 0.00253105 0.011325 
v 0.00416995 0.00253105 0.012325 
v 0.00418771 0.00256247 0.011325 
v 0.00418771 0.00256247 0.012325 
v 0.00420197 0.00259563 0.011325 
v 0.00420197 0.00259563 0.012325 
v 0.00421257 0.00263013 0.011325 
v 0.00421257 0.00263013 0.012325 
v 0.00421937 0.00266558 0.011325 
v 0.00421937 0.00266558 0.012325 
v 0.0042223 0.00270155 0.011325 
v 0.0042223 0.00270155 0.012325 
v 0.00422132 0.00273763 0.011325 
v 0.00422132 0.00273763 0.012325 
v 0.00421645 0.00277339 0.011325 
v 0.00421645 0.00277339 0.012325 
v 0.00420774 0.00280842 0.011325 
v 0.00420774 0.00280842 0.012325 
v 0.00419529 0.0028423 0.011325 
v 0.00419529 0.0028423 0.012325 
v 0.00417926 0.00287463 0.011325 
v 0.00417926 0.00287463 0.012325 
v 0.00415982 0.00290504 0.011325 
v 0.00415982 0.00290504 0.012325 
v 0.0041372 0.00293317 0.011325 
v 0.0041372 0.00293317 0.012325 
v 0.00411168 0.00295869 0.011325 
v 0.00411168 0.00295869 0.012325 
v 0.00408355 0.00298131 0.011325 
v 0.00408355 0.00298131 0.012325 
v 0.00405314 0.00300074 0.011325 
v 0.00405314 0.00300074 0.012325 
v 0.00402081 0.00301678 0.011325 
v 0.00402081 0.00301678 0.012325 
v 0.00398693 0.00302923 0.011325 
v 0.00398693 0.00302923 0.012325 
v 0.0039519 0.00303794 0.011325 
v 0.0039519 0.00303794 0.012325 
v 0.00391614 0.00304281 0.011325 
v 0.00391614 0.00304281 0.012325 
v 0.00388006 0.00304379 0.011325 
v 0.00388006 0.00304379 0.012325 
v 0.00384409 0.00304086 0.011325 
v 0.00384409 0.00304086 0.012325 
v 0.00380864 0.00303406 0.011325 
v 0.00380864 0.00303406 0.012325 
v 0.00377414 0.00302346 0.011325 
v 0.00377414 0.00302346 0.012325 
v 0.00374098 0.0030092 0.011325 
v 0.00374098 0.0030092 0.012325 
v 0.00370956 0.00299144 0.011325 
v 0.00370956 0.00299144 0.012325 
v 0.00368025 0.00297038 0.011325 
v 0.00368025 0.00297038 0.012325 
v -0.00247487 -0.00412479 0.012325 
v -0.00247487 -0.00412479 0.011325 
v -0.00257128 -0.00423225 0.011325 
v -0.00265551 -0.00434951 0.011325 
v -0.00257128 -0.00423225 0.012325 
v -0.00272656 -0.00447518 0.011325 
v -0.00265551 -0.00434951 0.012325 
v -0.00278361 -0.0046078 0.011325 
v -0.00272656 -0.00447518 0.012325 
v -0.00282599 -0.00474581 0.011325 
v -0.00278361 -0.0046078 0.012325 
v -0.00285319 -0.0048876 0.011325 
v -0.00282599 -0.00474581 0.012325 
v -0.00286491 -0.00503149 0.011325 
v -0.00285319 -0.0048876 0.012325 
v -0.002861 -0.00517581 0.011325 
v -0.00286491 -0.00503149 0.012325 
v -0.00284151 -0.00531886 0.011325 
v -0.002861 -0.00517581 0.012325 
v -0.00280667 -0.00545896 0.011325 
v -0.00284151 -0.00531886 0.012325 
v -0.00275688 -0.00559448 0.011325 
v -0.00280667 -0.00545896 0.012325 
v -0.00269274 -0.00572381 0.011325 
v -0.00275688 -0.00559448 0.012325 
v -0.00261498 -0.00584546 0.011325 
v -0.00269274 -0.00572381 0.012325 
v -0.00252453 -0.00595798 0.011325 
v -0.00261498 -0.00584546 0.012325 
v -0.00242245 -0.00606007 0.011325 
v -0.00252453 -0.00595798 0.012325 
v -0.00230992 -0.00615052 0.011325 
v -0.00242245 -0.00606007 0.012325 
v -0.00218828 -0.00622827 0.011325 
v -0.00230992 -0.00615052 0.012325 
v -0.00205894 -0.00629242 0.011325 
v -0.00218828 -0.00622827 0.012325 
v -0.00192343 -0.0063422 0.011325 
v -0.00205894 -0.00629242 0.012325 
v -0.00178333 -0.00637704 0.011325 
v -0.00192343 -0.0063422 0.012325 
v -0.00164028 -0.00639653 0.011325 
v -0.00178333 -0.00637704 0.012325 
v -0.00149596 -0.00640044 0.011325 
v -0.00164028 -0.00639653 0.012325 
v -0.00135206 -0.00638873 0.011325 
v -0.00149596 -0.00640044 0.012325 
v -0.00121028 -0.00636152 0.011325 
v -0.00135206 -0.00638873 0.012325 
v -0.00107227 -0.00631914 0.011325 
v -0.00121028 -0.00636152 0.012325 
v -0.000939649 -0.00626209 0.011325 
v -0.00107227 -0.00631914 0.012325 
v -0.000813974 -0.00619104 0.011325 
v -0.000939649 -0.00626209 0.012325 
v -0.000696718 -0.00610682 0.011325 
v -0.000813974 -0.00619104 0.012325 
v -0.000589256 -0.00601041 0.011325 
v -0.000696718 -0.00610682 0.012325 
v -0.000589256 -0.00601041 0.012325 
v 0.00601041 0.000589256 0.012325 
v 0.00601041 0.000589256 0.011325 
v 0.00603727 0.000613358 0.012325 
v 0.00641016 0.000643721 0.012325 
v 0.00644057 0.000624283 0.012325 
v 0.00637783 0.000659758 0.012325 
v 0.00634395 0.000672204 0.012325 
v 0.00606659 0.000634414 0.012325 
v 0.00609801 0.000652177 0.012325 
v 0.00630893 0.000680915 0.012325 
v 0.00649423 0.000576149 0.012325 
v 0.00646871 0.000601671 0.012325 
v 0.00651684 0.000548018 0.012325 
v 0.00653628 0.000517607 0.012325 
v 0.00655231 0.000485273 0.012325 
v 0.00657834 0.000380606 0.012325 
v 0.00657347 0.000416368 0.012325 
v 0.00657932 0.000344527 0.012325 
v 0.000428429 -0.00681329 0.012325 
v 0.000398047 -0.00676848 0.012325 
v 0.0005 -0.00707107 0.012325 
v 0.000497069 -0.00701701 0.012325 
v 0.00048831 -0.00717855 0.012325 
v 0.000497069 -0.00712513 0.012325 
v 0.00613116 0.00066644 0.012325 
v 0.00657639 0.000308553 0.012325 
v 0.000453788 -0.00686112 0.012325 
v 0.00048831 -0.00696358 0.012325 
v 0.000473827 -0.00691142 0.012325 
v 0.00616566 0.000677034 0.012325 
v 0.00620111 0.000683835 0.012325 
v 0.00623708 0.000686764 0.012325 
v 0.00627316 0.000685787 0.012325 
v 0.00656476 0.000451394 0.012325 
v 0.00656959 0.000273107 0.012325 
v 0.006559 0.000238605 0.012325 
v 0.00654473 0.000205449 0.012325 
v 0.00648181 0.000117851 0.012325 
v -0.000280594 -0.00665722 0.012325 
v -0.000323693 -0.00668999 0.012325 
v -8.0891e-05 -0.00657765 0.012325 
v 0.000185069 -0.00660658 0.012325 
v 0.000133764 -0.00658929 0.012325 
v 0.000362998 -0.00672722 0.012325 
v 0.000362998 -0.00741492 0.012325 
v -0.000234204 -0.00662931 0.012325 
v -0.000133764 -0.00658929 0.012325 
v 0.000234204 -0.00662931 0.012325 
v 0.000323693 -0.00668999 0.012325 
v 0.000280594 -0.00665722 0.012325 
v 0.000453788 -0.00728101 0.012325 
v 0.000473827 -0.00723072 0.012325 
v 0.00652697 0.000174031 0.012325 
v 0.00650591 0.000144717 0.012325 
v -0.000185069 -0.00660658 0.012325 
v 8.0891e-05 -0.00657765 0.012325 
v 2.70695e-05 -0.0065718 0.012325 
v 0.000398047 -0.00737365 0.012325 
v -2.70695e-05 -0.0065718 0.012325 
v 0.000428429 -0.00732884 0.012325 
v -0.000353553 -0.00671751 0.012325 
v 0.00648181 0.000117851 0.011325 
v -0.000353553 -0.00671751 0.011325 
v 0.00650591 0.000144717 0.011325 
v 0.00652697 0.000174031 0.011325 
v 0.00654473 0.000205449 0.011325 
v 0.006559 0.000238605 0.011325 
v 0.00656959 0.000273107 0.011325 
v 0.00657639 0.000308553 0.011325 
v 0.00657932 0.000344527 0.011325 
v 0.00657834 0.000380606 0.011325 
v 0.00657347 0.000416368 0.011325 
v 0.00656476 0.000451394 0.011325 
v 0.00655231 0.000485273 0.011325 
v 0.00653628 0.000517607 0.011325 
v 0.00651684 0.000548018 0.011325 
v 0.00649423 0.000576149 0.011325 
v 0.00646871 0.000601671 0.011325 
v 0.00644057 0.000624283 0.011325 
v 0.00641016 0.000643721 0.011325 
v 0.00637783 0.000659758 0.011325 
v 0.00634395 0.000672204 0.011325 
v 0.00630893 0.000680915 0.011325 
v 0.00627316 0.000685787 0.011325 
v 0.00623708 0.000686764 0.011325 
v 0.00620111 0.000683835 0.011325 
v 0.00616566 0.000677034 0.011325 
v 0.00613116 0.00066644 0.011325 
v 0.00609801 0.000652177 0.011325 
v 0.00606659 0.000634414 0.011325 
v 0.00603727 0.000613358 0.011325 
v -0.000595528 -0.0109839 0.011325 
v -0.000473827 -0.00723072 0.011325 
v -0.0005 -0.00707107 0.011325 
v -0.000497069 -0.00712513 0.011325 
v -0.00048831 -0.00696358 0.011325 
v -0.000497069 -0.00701701 0.011325 
v -0.00712125 0.00838378 0.011325 
v -0.00048831 -0.00717855 0.011325 
v -0.00712125 -0.00838378 0.011325 
v -0.00998333 -0.00461878 0.011325 
v -0.00617306 0.00910458 0.011325 
v -0.00515249 0.00971863 0.011325 
v -0.00798595 0.00756469 0.011325 
v 0.00294281 0.010599 0.011325 
v 0.00942543 -0.00567109 0.011325 
v 0.00875702 -0.00665692 0.011325 
v -0.000398047 -0.00737365 0.011325 
v -0.000362998 -0.00741492 0.011325 
v -0.000453788 -0.00728101 0.011325 
v -0.000428429 -0.00732884 0.011325 
v -0.000453788 -0.00686112 0.011325 
v -0.000473827 -0.00691142 0.011325 
v -0.00798595 -0.00756469 0.011325 
v -0.00875702 -0.00665692 0.011325 
v -0.00942543 -0.00567109 0.011325 
v -0.00407152 0.0102187 0.011325 
v -0.00875702 0.00665692 0.011325 
v 0.00712125 -0.00838378 0.011325 
v 0.00798595 -0.00756469 0.011325 
v -0.000428429 -0.00681329 0.011325 
v -0.00515249 -0.00971863 0.011325 
v -0.00617306 -0.00910458 0.011325 
v -0.00998333 0.00461878 0.011325 
v -0.00942543 0.00567109 0.011325 
v 0.0017796 0.0108551 0.011325 
v 0.0104242 0.00351232 0.011325 
v 0.0107428 0.00236467 0.011325 
v 0.011 -6.73556e-19 0.011325 
v 0.0109355 -0.00118931 0.011325 
v 0.00515249 -0.00971863 0.011325 
v 0.00407152 -0.0102187 0.011325 
v 0.00617306 -0.00910458 0.011325 
v 0.00998333 -0.00461878 0.011325 
v -0.000185069 -0.00753556 0.011325 
v -0.000133764 -0.00755284 0.011325 
v -0.000362998 -0.00672722 0.011325 
v -0.00407152 -0.0102187 0.011325 
v 0.000595528 0.0109839 0.011325 
v 0.00712125 0.00838378 0.011325 
v 0.00798595 0.00756469 0.011325 
v 0.00998333 0.00461878 0.011325 
v 0.0104242 -0.00351232 0.011325 
v -0.000234204 -0.00751282 0.011325 
v -0.000323693 -0.00745215 0.011325 
v -0.000280594 -0.00748491 0.011325 
v -0.000398047 -0.00676848 0.011325 
v -0.0017796 -0.0108551 0.011325 
v -0.00294281 -0.010599 0.011325 
v -0.0104242 0.00351232 0.011325 
v 0.00407152 0.0102187 0.011325 
v 0.00515249 0.00971863 0.011325 
v 0.00875702 0.00665692 0.011325 
v 0.00942543 0.00567109 0.011325 
v 0.0107428 -0.00236467 0.011325 
v -0.0104242 -0.00351232 0.011325 
v -0.00294281 0.010599 0.011325 
v 0.00617306 0.00910458 0.011325 
v 0.00294281 -0.010599 0.011325 
v 0.000323693 -0.00745215 0.011325 
v 0.0109355 0.00118931 0.011325 
v 0.0017796 -0.0108551 0.011325 
v 0.000595528 -0.0109839 0.011325 
v 0.000133764 -0.00755284 0.011325 
v -8.0891e-05 -0.00756448 0.011325 
v -0.0107428 -0.00236467 0.011325 
v -0.0109355 -0.00118931 0.011325 
v -0.0017796 0.0108551 0.011325 
v 0.000280594 -0.00748491 0.011325 
v 8.0891e-05 -0.00756448 0.011325 
v -2.70695e-05 -0.00757033 0.011325 
v -0.011 3.36778e-18 0.011325 
v -0.000595528 0.0109839 0.011325 
v 0.000234204 -0.00751282 0.011325 
v 0.000185069 -0.00753556 0.011325 
v 2.70695e-05 -0.00757033 0.011325 
v -0.0109355 0.00118931 0.011325 
v -0.0107428 0.00236467 0.011325 
v 0.011 -6.73556e-19 0.011525 
v 0.0109355 0.00118931 0.011525 
v 0.0107428 0.00236467 0.011525 
v 0.0104242 0.00351232 0.011525 
v 0.00998333 0.00461878 0.011525 
v 0.00942543 0.00567109 0.011525 
v 0.00875702 0.00665692 0.011525 
v 0.00798595 0.00756469 0.011525 
v 0.00712125 0.00838378 0.011525 
v 0.00617306 0.00910458 0.011525 
v 0.00515249 0.00971863 0.011525 
v 0.00407152 0.0102187 0.011525 
v 0.00294281 0.010599 0.011525 
v 0.0017796 0.0108551 0.011525 
v 0.000595528 0.0109839 0.011525 
v -0.000595528 0.0109839 0.011525 
v -0.0017796 0.0108551 0.011525 
v -0.00294281 0.010599 0.011525 
v -0.00407152 0.0102187 0.011525 
v -0.00515249 0.00971863 0.011525 
v -0.00617306 0.00910458 0.011525 
v -0.00712125 0.00838378 0.011525 
v -0.00798595 0.00756469 0.011525 
v -0.00875702 0.00665692 0.011525 
v -0.00942543 0.00567109 0.011525 
v -0.00998333 0.00461878 0.011525 
v -0.0104242 0.00351232 0.011525 
v -0.0107428 0.00236467 0.011525 
v -0.0109355 0.00118931 0.011525 
v -0.011 6.73556e-19 0.011525 
v -0.0109355 -0.00118931 0.011525 
v -0.0107428 -0.00236467 0.011525 
v -0.0104242 -0.00351232 0.011525 
v -0.00998333 -0.00461878 0.011525 
v -0.00942543 -0.00567109 0.011525 
v -0.00875702 -0.00665692 0.011525 
v -0.00798595 -0.00756469 0.011525 
v -0.00712125 -0.00838378 0.011525 
v -0.00617306 -0.00910458 0.011525 
v -0.00515249 -0.00971863 0.011525 
v -0.00407152 -0.0102187 0.011525 
v -0.00294281 -0.010599 0.011525 
v -0.0017796 -0.0108551 0.011525 
v -0.000595528 -0.0109839 0.011525 
v 0.000595528 -0.0109839 0.011525 
v 0.0017796 -0.0108551 0.011525 
v 0.00294281 -0.010599 0.011525 
v 0.00407152 -0.0102187 0.011525 
v 0.00515249 -0.00971863 0.011525 
v 0.00617306 -0.00910458 0.011525 
v 0.00712125 -0.00838378 0.011525 
v 0.00798595 -0.00756469 0.011525 
v 0.00875702 -0.00665692 0.011525 
v 0.00942543 -0.00567109 0.011525 
v 0.00998333 -0.00461878 0.011525 
v 0.0104242 -0.00351232 0.011525 
v 0.0107428 -0.00236467 0.011525 
v 0.0109355 -0.00118931 0.011525 
v -0.00102864 -0.0189721 0.011525 
v -0.00307386 -0.0187497 0.011525 
v -0.00508304 -0.0183074 0.011525 
v -0.00703262 -0.0176506 0.011525 
v 0.00703262 -0.0176506 0.011525 
v 0.00508304 -0.0183074 0.011525 
v 0.00307386 -0.0187497 0.011525 
v -0.00889976 -0.0167867 0.011525 
v -0.0151258 0.0114983 0.011525 
v -0.0137939 0.0130663 0.011525 
v 0.00889976 -0.0167867 0.011525 
v 0.00102864 -0.0189721 0.011525 
v -0.0106626 -0.0157261 0.011525 
v -0.0123003 -0.0144811 0.011525 
v -0.0137939 -0.0130663 0.011525 
v -0.019 -1.16341e-18 0.011525 
v -0.0188886 0.00205426 0.011525 
v -0.0185558 0.00408444 0.011525 
v -0.0172439 0.00797789 0.011525 
v -0.0162803 0.00979552 0.011525 
v -0.0123003 0.0144811 0.011525 
v -0.00703262 0.0176506 0.011525 
v -0.00508304 0.0183074 0.011525 
v -0.00307386 0.0187497 0.011525 
v 0.0137939 0.0130663 0.011525 
v 0.0151258 0.0114983 0.011525 
v -0.0180054 0.00606673 0.011525 
v -0.0106626 0.0157261 0.011525 
v -0.00889976 0.0167867 0.011525 
v -0.00102864 0.0189721 0.011525 
v 0.00102864 0.0189721 0.011525 
v 0.00703262 0.0176506 0.011525 
v 0.00889976 0.0167867 0.011525 
v 0.0106626 0.0157261 0.011525 
v 0.0123003 0.0144811 0.011525 
v 0.0162803 0.00979552 0.011525 
v 0.0172439 0.00797789 0.011525 
v 0.0180054 0.00606673 0.011525 
v 0.0180054 -0.00606673 0.011525 
v 0.0172439 -0.00797789 0.011525 
v 0.0162803 -0.00979552 0.011525 
v 0.00307386 0.0187497 0.011525 
v 0.0185558 -0.00408444 0.011525 
v 0.0151258 -0.0114983 0.011525 
v -0.0151258 -0.0114983 0.011525 
v -0.0162803 -0.00979552 0.011525 
v -0.0172439 -0.00797789 0.011525 
v 0.00508304 0.0183074 0.011525 
v 0.0185558 0.00408444 0.011525 
v 0.0188886 0.00205426 0.011525 
v 0.019 1.16341e-18 0.011525 
v 0.0188886 -0.00205426 0.011525 
v 0.0137939 -0.0130663 0.011525 
v 0.0123003 -0.0144811 0.011525 
v 0.0106626 -0.0157261 0.011525 
v -0.0180054 -0.00606673 0.011525 
v -0.0185558 -0.00408444 0.011525 
v -0.0188886 -0.00205426 0.011525 
v 0.000497069 -0.00701701 0.0170375 
v 0.000496705 -0.00701705 0.0170353 
v 0.000498349 -0.00703046 0.0170364 
v 0.00048831 -0.00696358 0.0170375 
v 0.000493406 -0.00699013 0.0170331 
v 0.00048831 -0.00696358 0.0170298 
v 0.000473827 -0.00691142 0.0170375 
v 0.000473827 -0.00691142 0.0170203 
v 0.000485054 -0.00694973 0.0170276 
v 0.000453788 -0.00686112 0.0170375 
v 0.000457975 -0.00687042 0.0170102 
v 0.000453538 -0.00686124 0.0170074 
v 0.000428429 -0.00681329 0.0170375 
v 0.000441708 -0.00683677 0.017 
v 0.000428429 -0.00681329 0.0169918 
v 0.000398047 -0.00676848 0.0170375 
v 0.000415083 -0.00679361 0.0169839 
v 0.000398047 -0.00676848 0.0169738 
v 0.000362998 -0.00672722 0.0170375 
v 0.000362998 -0.00672722 0.016954 
v 0.000323693 -0.00668999 0.0170375 
v 0.000355223 -0.00671985 0.01695 
v 0.000323693 -0.00668999 0.0169335 
v 0.000280594 -0.00665722 0.0170375 
v 0.000280594 -0.00665722 0.016913 
v 0.000234204 -0.00662931 0.0170375 
v 0.00026902 -0.00665026 0.0169081 
v 0.000234204 -0.00662931 0.0168936 
v 0.000185069 -0.00660658 0.0170375 
v 0.000210028 -0.00661732 0.0168847 
v 0.000185069 -0.00660658 0.0168764 
v 0.000133764 -0.00658929 0.0170375 
v 0.000159827 -0.0065973 0.0168689 
v 0.000133764 -0.00658929 0.0168623 
v 8.0891e-05 -0.00657765 0.0170375 
v 0.000119378 -0.00658553 0.0168591 
v 8.0891e-05 -0.00657765 0.0168523 
v 2.70695e-05 -0.0065718 0.0170375 
v 5.41633e-05 -0.00657401 0.0168491 
v 2.70695e-05 -0.0065718 0.0168472 
v -0.000362998 -0.00672722 0.0170375 
v -0.000398047 -0.00676848 0.0170375 
v -0.000428429 -0.00681329 0.0170375 
v -0.000453788 -0.00686112 0.0170375 
v -0.000473827 -0.00691142 0.0170375 
v -0.00048831 -0.00696358 0.0170375 
v -0.000497069 -0.00701701 0.0170375 
v -0.0005 -0.00707107 0.0170375 
v -0.000497069 -0.00712513 0.0170375 
v -0.00048831 -0.00717855 0.0170375 
v -0.000473827 -0.00723072 0.0170375 
v -0.000453788 -0.00728101 0.0170375 
v -0.000428429 -0.00732884 0.0170375 
v -0.000398047 -0.00737365 0.0170375 
v -0.000362998 -0.00741492 0.0170375 
v -0.000323693 -0.00745215 0.0170375 
v -0.000280594 -0.00748491 0.0170375 
v -0.000234204 -0.00751282 0.0170375 
v -0.000185069 -0.00753556 0.0170375 
v -0.000133764 -0.00755284 0.0170375 
v -8.0891e-05 -0.00756448 0.0170375 
v -2.70695e-05 -0.00757033 0.0170375 
v 0.000497069 -0.00712513 0.0170375 
v 0.00049926 -0.00709826 0.0170375 
v 0.000498349 -0.00711167 0.0170364 
v 0.000497069 -0.00712513 0.0170355 
v 0.000493407 -0.007152 0.0170331 
v 0.00048831 -0.00717855 0.0170375 
v 0.000473827 -0.00723072 0.0170375 
v 0.000485054 -0.0071924 0.0170276 
v 0.000487933 -0.00717848 0.0170295 
v 0.000453788 -0.00728101 0.0170375 
v 0.000473827 -0.00723072 0.0170203 
v 0.000457975 -0.00727171 0.0170102 
v 0.000453788 -0.00728101 0.0170075 
v 0.000441731 -0.00730532 0.017 
v 0.000428429 -0.00732884 0.0170375 
v 0.000398047 -0.00737365 0.0170375 
v 0.000427884 -0.00732852 0.0169916 
v 0.000415856 -0.00734867 0.0169842 
v 0.000362998 -0.00741492 0.0170375 
v 0.000398047 -0.00737365 0.0169738 
v 0.000323693 -0.00745215 0.0170375 
v 0.000362998 -0.00741492 0.016954 
v 0.000355223 -0.00742228 0.01695 
v 0.000280594 -0.00748491 0.0170375 
v 0.000323693 -0.00745215 0.0169335 
v 0.000234204 -0.00751282 0.0170375 
v 0.000280594 -0.00748491 0.016913 
v 0.00026902 -0.00749188 0.0169081 
v 0.000185069 -0.00753556 0.0170375 
v 0.000234204 -0.00751282 0.0168936 
v 0.000210075 -0.0075248 0.0168847 
v 0.000133764 -0.00755284 0.0170375 
v 0.000185069 -0.00753556 0.0168764 
v 0.000159795 -0.00754485 0.0168689 
v 8.0891e-05 -0.00756448 0.0170375 
v 0.000133651 -0.00755245 0.0168626 
v 0.000119378 -0.00755661 0.0168591 
v 2.70695e-05 -0.00757033 0.0170375 
v 8.0891e-05 -0.00756448 0.0168523 
v 5.42112e-05 -0.00756812 0.0168491 
v -1.086e-18 -0.00757107 0.0157285 
v 2.70695e-05 -0.00757033 0.0157278 
v -1.27213e-19 -0.00757107 0.0168465 
v 2.70695e-05 -0.00757033 0.0168472 
v 5.41633e-05 -0.00756813 0.0157259 
v 8.0891e-05 -0.00756448 0.0157227 
v 0.000119378 -0.00755661 0.0157159 
v 0.000133764 -0.00755284 0.0157127 
v 0.000159827 -0.00754484 0.0157061 
v 0.000185069 -0.00753556 0.0156986 
v 0.000210028 -0.00752482 0.0156903 
v 0.000234204 -0.00751282 0.0156814 
v 0.00026902 -0.00749188 0.0156669 
v 0.000280594 -0.00748491 0.015662 
v 0.000323693 -0.00745215 0.0156415 
v -0.000323693 -0.00668999 0.0170375 
v -0.000280594 -0.00665722 0.0170375 
v -0.000234204 -0.00662931 0.0170375 
v -0.000185069 -0.00660658 0.0170375 
v -0.000133764 -0.00658929 0.0170375 
v -8.0891e-05 -0.00657765 0.0170375 
v -2.70695e-05 -0.0065718 0.0170375 
v -9.13986e-19 -0.00657107 0.0168465 
v 5.78241e-20 -0.00657107 0.0157285 
v 2.70695e-05 -0.0065718 0.0157278 
v 8.0891e-05 -0.00657765 0.0157227 
v 5.4219e-05 -0.00657402 0.0157259 
v 0.000133651 -0.00658968 0.0157124 
v 0.000119378 -0.00658553 0.0157159 
v 0.000185069 -0.00660658 0.0156986 
v 0.000159768 -0.00659728 0.0157061 
v 0.000234204 -0.00662931 0.0156814 
v 0.00021008 -0.00661734 0.0156903 
v 0.000280594 -0.00665722 0.015662 
v 0.00026902 -0.00665026 0.0156669 
v 0.000323693 -0.00668999 0.0156415 
v 0.000362998 -0.00672722 0.015621 
v 0.000355223 -0.00671985 0.015625 
v 0.000398047 -0.00676848 0.0156012 
v 0.000427884 -0.00681362 0.0155834 
v 0.000415856 -0.00679346 0.0155908 
v 0.000453788 -0.00686112 0.0155675 
v 0.000441731 -0.00683682 0.015575 
v 0.000473827 -0.00691142 0.0155547 
v 0.000457975 -0.00687042 0.0155648 
v 0.000487934 -0.00696366 0.0155455 
v 0.000485054 -0.00694973 0.0155474 
v 0.000497069 -0.00701701 0.0155395 
v 0.000493405 -0.00699013 0.0155419 
v 0.0005 -0.00707107 0.0155375 
v 0.000498349 -0.00703046 0.0155386 
v 0.000496705 -0.00712508 0.0155397 
v 0.000498349 -0.00711167 0.0155386 
v 0.000493407 -0.007152 0.0155419 
v 0.00048831 -0.00717855 0.0155452 
v 0.000485054 -0.0071924 0.0155474 
v 0.000473827 -0.00723072 0.0155547 
v 0.000453538 -0.00728089 0.0155676 
v 0.000457975 -0.00727171 0.0155648 
v 0.000441708 -0.00730536 0.015575 
v 0.000428429 -0.00732884 0.0155832 
v 0.000415083 -0.00734853 0.0155911 
v 0.000398047 -0.00737365 0.0156012 
v 0.000362998 -0.00741492 0.015621 
v 0.000355223 -0.00742228 0.015625 
v 0.000499589 -0.0070508 0.0170372 
v 0 -0.00781667 0.0162064 
v 0 -0.00782107 0.0162875 
v 0 -0.00780353 0.0161263 
v 0 -0.00778181 0.016048 
v 0 -0.00775175 0.0159726 
v 0 -0.00771371 0.0159008 
v 0 -0.00766814 0.0158336 
v 0 -0.00761556 0.0157717 
v 0 -0.006474 0.0158336 
v 0 -0.00652657 0.0157717 
v 0 -0.00642842 0.0159008 
v 0 -0.00639039 0.0159726 
v 0 -0.00636033 0.016048 
v 0 -0.0063386 0.0161263 
v 0 -0.00632546 0.0162064 
v 0 -0.00632107 0.0162875 
v 0 -0.00632546 0.0163686 
v 0 -0.0063386 0.0164487 
v 0 -0.00636033 0.016527 
v 0 -0.00639039 0.0166024 
v 0 -0.00642842 0.0166742 
v 0 -0.006474 0.0167414 
v 0 -0.00652657 0.0168033 
v 0 -0.00766814 0.0167414 
v 0 -0.00761556 0.0168033 
v 0 -0.00771371 0.0166742 
v 0 -0.00775175 0.0166024 
v 0 -0.00778181 0.016527 
v 0 -0.00780353 0.0164487 
v 0 -0.00781667 0.0163686 
v 0.0005 -0.00707132 0.0170375 
v 0.0137939 0.0130663 0.013375 
v 0.0151258 0.0114983 0.013375 
v 0.0162803 0.00979552 0.013375 
v 0.0172439 0.00797789 0.013375 
v 0.0180054 0.00606673 0.013375 
v 0.0185558 0.00408444 0.013375 
v 0.0188886 0.00205426 0.013375 
v 0.019 1.16341e-18 0.013375 
v 0.0188886 -0.00205426 0.013375 
v 0.0185558 -0.00408444 0.013375 
v 0.0180054 -0.00606673 0.013375 
v 0.0172439 -0.00797789 0.013375 
v 0.0162803 -0.00979552 0.013375 
v 0.0151258 -0.0114983 0.013375 
v 0.0137939 -0.0130663 0.013375 
v 0.0123003 -0.0144811 0.013375 
v 0.0106626 -0.0157261 0.013375 
v 0.00889976 -0.0167867 0.013375 
v 0.00703262 -0.0176506 0.013375 
v 0.00508304 -0.0183074 0.013375 
v 0.00307386 -0.0187497 0.013375 
v 0.00102864 -0.0189721 0.013375 
v -0.00102864 -0.0189721 0.013375 
v -0.00307386 -0.0187497 0.013375 
v -0.00508304 -0.0183074 0.013375 
v -0.00703262 -0.0176506 0.013375 
v -0.00889976 -0.0167867 0.013375 
v -0.0106626 -0.0157261 0.013375 
v -0.0123003 -0.0144811 0.013375 
v -0.0137939 -0.0130663 0.013375 
v -0.0151258 -0.0114983 0.013375 
v -0.0162803 -0.00979552 0.013375 
v -0.0172439 -0.00797789 0.013375 
v -0.0180054 -0.00606673 0.013375 
v -0.0185558 -0.00408444 0.013375 
v -0.0188886 -0.00205426 0.013375 
v -0.019 -1.16341e-18 0.013375 
v -0.0188886 0.00205426 0.013375 
v -0.0185558 0.00408444 0.013375 
v -0.0180054 0.00606673 0.013375 
v -0.0172439 0.00797789 0.013375 
v -0.0162803 0.00979552 0.013375 
v -0.0151258 0.0114983 0.013375 
v -0.0137939 0.0130663 0.013375 
v -0.0128646 0.0139822 0.0133379 
v -0.0130625 0.0137975 0.013375 
v -0.0130625 0.0137975 0.0134377 
v -0.0125377 0.014276 0.0132076 
v -0.0115 0.0151245 0.0130375 
v -0.0122996 0.0144802 0.0131415 
v -0.0121987 0.0145668 0.0131135 
v -0.0118514 0.0148507 0.0130566 
v -0.0111486 0.0153853 0.0130566 
v -0.0108013 0.0156311 0.0131135 
v -0.00953318 0.0164353 0.0137002 
v -0.00939625 0.016514 0.0138103 
v -0.00926498 0.016588 0.013928 
v -0.00914105 0.0166566 0.0140519 
v -0.00902297 0.0167208 0.0141835 
v -0.00982445 0.0162628 0.0135027 
v -0.0104623 0.01586 0.0132076 
v -0.010662 0.0157252 0.0131522 
v -0.0101354 0.0160709 0.0133379 
v -0.0087875 0.0168458 0.013375 
v -0.00889976 0.0167867 0.0143378 
v -0.0088108 0.0168335 0.0144642 
v -0.0087875 0.0168458 0.0144973 
v -0.00703262 0.0176506 0.013375 
v -0.00508304 0.0183074 0.013375 
v -0.00307386 0.0187497 0.013375 
v -0.00102864 0.0189721 0.013375 
v 0.00102864 0.0189721 0.013375 
v 0.00307386 0.0187497 0.013375 
v 0.00508304 0.0183074 0.013375 
v 0.00703262 0.0176506 0.013375 
v 0.00889976 0.0167867 0.0143378 
v 0.0087875 0.0168458 0.013375 
v 0.0087875 0.0168458 0.0144973 
v 0.0088108 0.0168335 0.0144642 
v 0.0101354 0.0160709 0.0133379 
v 0.0104623 0.01586 0.0132076 
v 0.00982445 0.0162628 0.0135027 
v 0.00926498 0.016588 0.013928 
v 0.00939653 0.0165138 0.01381 
v 0.00914098 0.0166566 0.014052 
v 0.00902297 0.0167208 0.0141835 
v 0.00953318 0.0164353 0.0137002 
v 0.0118514 0.0148507 0.0130566 
v 0.0121987 0.0145668 0.0131135 
v 0.0115 0.0151245 0.0130375 
v 0.0111486 0.0153853 0.0130566 
v 0.0108013 0.0156311 0.0131135 
v 0.010662 0.0157252 0.0131522 
v 0.0130625 0.0137975 0.013375 
v 0.0128646 0.0139822 0.0133379 
v 0.0130625 0.0137975 0.0134377 
v 0.0125377 0.014276 0.0132076 
v 0.0122996 0.0144802 0.0131415 
v -0.0086938 0.0169013 0.013375 
v -0.00860669 0.0169668 0.013375 
v -0.00865413 0.0169293 0.0147179 
v -0.00863043 0.0169504 0.0147661 
v -0.00869521 0.0169036 0.01465 
v -0.00852723 0.0170413 0.013375 
v -0.00860907 0.0169695 0.0148095 
v -0.00845634 0.017124 0.013375 
v -0.00852029 0.0170486 0.0149899 
v -0.00848429 0.0170954 0.0150859 
v -0.00852781 0.0170419 0.0149746 
v -0.00839487 0.017214 0.013375 
v -0.00846008 0.0171269 0.0151504 
v -0.00840194 0.0172025 0.0153054 
v -0.00834355 0.0173101 0.013375 
v -0.008396 0.0172146 0.0153285 
v -0.0083727 0.017262 0.0154191 
v -0.00830299 0.0174112 0.013375 
v -0.008348 0.0173122 0.0155152 
v -0.0083124 0.0173847 0.0156537 
v -0.00827367 0.0175161 0.013375 
v -0.00830533 0.0174118 0.0157036 
v -0.00829701 0.0174438 0.0157623 
v -0.00825593 0.0176236 0.013375 
v -0.00827793 0.0175172 0.0158969 
v -0.0082618 0.0175792 0.0160108 
v -0.00825 0.0177324 0.013375 
v -0.00825824 0.0176238 0.0160914 
v -0.00825734 0.017635 0.0161117 
v -0.00825002 0.0177269 0.0162775 
v -0.00825 0.0177324 0.0162875 
v 0.00825593 0.0176236 0.013375 
v 0.00825002 0.0177269 0.0162775 
v 0.00825734 0.017635 0.0161117 
v 0.00825 0.0177324 0.013375 
v 0.00825 0.0177324 0.0162875 
v 0.0082618 0.0175792 0.0160108 
v 0.00827793 0.0175172 0.0158969 
v 0.00825824 0.0176238 0.0160914 
v 0.00827367 0.0175161 0.013375 
v 0.00829701 0.0174438 0.0157623 
v 0.00830533 0.0174118 0.0157036 
v 0.00830299 0.0174112 0.013375 
v 0.0083124 0.0173847 0.0156537 
v 0.008348 0.0173122 0.0155152 
v 0.00834355 0.0173101 0.013375 
v 0.0083727 0.017262 0.0154191 
v 0.008396 0.0172146 0.0153285 
v 0.00839487 0.017214 0.013375 
v 0.00840194 0.0172025 0.0153054 
v 0.00846008 0.0171269 0.0151504 
v 0.00845634 0.017124 0.013375 
v 0.00852029 0.0170486 0.0149899 
v 0.00852781 0.0170419 0.0149746 
v 0.00848429 0.0170954 0.0150859 
v 0.00852723 0.0170413 0.013375 
v 0.00860907 0.0169695 0.0148095 
v 0.00860669 0.0169668 0.013375 
v 0.00865413 0.0169293 0.0147179 
v 0.00869521 0.0169036 0.01465 
v 0.00863043 0.0169504 0.0147661 
v 0.0086938 0.0169013 0.013375 
v -0.0147444 0.014418 0.013375 
v -0.01475 0.0145182 0.0162775 
v -0.0147421 0.0144264 0.0161117 
v -0.01475 0.0145237 0.013375 
v -0.01475 0.0145237 0.0162875 
v -0.0147364 0.0143592 0.0159902 
v -0.0147275 0.0143136 0.0159072 
v -0.0147414 0.0144183 0.0160971 
v -0.0147 0.0142114 0.013375 
v -0.0147263 0.0143073 0.0158957 
v -0.0147027 0.0142354 0.0157625 
v -0.0147277 0.0143136 0.013375 
v -0.0146647 0.0141195 0.0155477 
v -0.0146611 0.0141131 0.0155353 
v -0.0146953 0.014213 0.0157209 
v -0.0146617 0.0141128 0.013375 
v -0.0146273 0.0140535 0.0154193 
v -0.014609 0.0140212 0.0153564 
v -0.0146132 0.0140188 0.013375 
v -0.0145673 0.0139475 0.0152132 
v -0.0145537 0.0139315 0.0151796 
v -0.014555 0.0139304 0.013375 
v -0.0145158 0.0138868 0.0150859 
v -0.0144853 0.0138508 0.0150104 
v -0.0144878 0.0138487 0.013375 
v -0.0144337 0.0137939 0.014889 
v -0.0144111 0.013776 0.0148463 
v -0.0144519 0.0138114 0.0149277 
v -0.0144123 0.0137745 0.013375 
v -0.0143688 0.0137425 0.0147666 
v -0.0143282 0.0137103 0.01469 
v -0.0143295 0.0137087 0.013375 
v -0.0143042 0.0136913 0.0146446 
v -0.0142385 0.013655 0.0145423 
v -0.0142401 0.013652 0.013375 
v -0.0141604 0.0136118 0.0144208 
v -0.0141449 0.0136061 0.0144002 
v -0.0141885 0.0136273 0.0144646 
v -0.0141453 0.0136051 0.013375 
v -0.0140456 0.0135696 0.0142685 
v -0.014046 0.0135685 0.013375 
v -0.0139763 0.013551 0.0141841 
v -0.013943 0.0135447 0.0141463 
v -0.0140012 0.0135558 0.0142123 
v -0.014027 0.0135628 0.0142438 
v -0.0139434 0.0135426 0.013375 
v -0.013873 0.0135313 0.0140668 
v -0.0138386 0.0135293 0.0140321 
v -0.0138387 0.0135276 0.013375 
v -0.0137349 0.0135242 0.0139282 
v -0.013733 0.0135244 0.0139265 
v -0.013743 0.0135237 0.0139356 
v -0.013733 0.0135238 0.013375 
v -0.0136288 0.0135311 0.0138318 
v -0.0136274 0.0135313 0.0138306 
v -0.0136274 0.0135312 0.013375 
v -0.013546 0.0135447 0.0137624 
v -0.0135235 0.0135507 0.0137448 
v -0.0135232 0.0135497 0.013375 
v -0.0134419 0.0135723 0.0136814 
v -0.0134219 0.01358 0.0136672 
v -0.0134665 0.0135658 0.0137006 
v -0.0134216 0.0135792 0.013375 
v -0.0133402 0.0136115 0.0136087 
v -0.0133237 0.0136193 0.0135975 
v -0.0133236 0.0136191 0.013375 
v -0.0133026 0.0136294 0.0135832 
v -0.0132307 0.0136698 0.0135369 
v -0.0132304 0.0136692 0.013375 
v -0.0131754 0.0137067 0.013503 
v -0.0131432 0.0137292 0.0134836 
v -0.0132182 0.0136768 0.0135288 
v -0.0131431 0.0137289 0.013375 
v -0.0131381 0.0137327 0.0134805 
v 0.0131431 0.0137289 0.013375 
v 0.0131381 0.0137327 0.0134805 
v 0.0132304 0.0136692 0.013375 
v 0.0131432 0.0137292 0.0134836 
v 0.0131754 0.0137067 0.013503 
v 0.0132182 0.0136768 0.0135288 
v 0.0133236 0.0136191 0.013375 
v 0.0132307 0.0136698 0.0135369 
v 0.0133026 0.0136294 0.0135832 
v 0.0134216 0.0135792 0.013375 
v 0.0133237 0.0136193 0.0135975 
v 0.0133402 0.0136115 0.0136087 
v 0.0135232 0.0135497 0.013375 
v 0.0134419 0.0135723 0.0136814 
v 0.0134665 0.0135658 0.0137006 
v 0.0134219 0.01358 0.0136672 
v 0.0136274 0.0135312 0.013375 
v 0.0135235 0.0135507 0.0137448 
v 0.013546 0.0135447 0.0137624 
v 0.013733 0.0135238 0.013375 
v 0.0136274 0.0135313 0.0138306 
v 0.0136288 0.0135311 0.0138318 
v 0.0138387 0.0135276 0.013375 
v 0.013733 0.0135244 0.0139265 
v 0.0137349 0.0135242 0.0139282 
v 0.013743 0.0135237 0.0139356 
v 0.0139434 0.0135426 0.013375 
v 0.0138386 0.0135293 0.0140321 
v 0.013873 0.0135313 0.0140668 
v 0.014046 0.0135685 0.013375 
v 0.013943 0.0135447 0.0141463 
v 0.0139763 0.013551 0.0141841 
v 0.0140012 0.0135558 0.0142123 
v 0.014027 0.0135628 0.0142438 
v 0.0141453 0.0136051 0.013375 
v 0.0140456 0.0135696 0.0142685 
v 0.0142401 0.013652 0.013375 
v 0.0141604 0.0136118 0.0144208 
v 0.0141885 0.0136273 0.0144646 
v 0.0141449 0.0136061 0.0144002 
v 0.0143295 0.0137087 0.013375 
v 0.0142385 0.013655 0.0145423 
v 0.0143042 0.0136913 0.0146446 
v 0.0144123 0.0137745 0.013375 
v 0.0143282 0.0137103 0.01469 
v 0.0143688 0.0137425 0.0147666 
v 0.0144878 0.0138487 0.013375 
v 0.0144111 0.013776 0.0148463 
v 0.0144337 0.0137939 0.014889 
v 0.0144519 0.0138114 0.0149277 
v 0.014555 0.0139304 0.013375 
v 0.0144853 0.0138508 0.0150104 
v 0.0145158 0.0138868 0.0150859 
v 0.0146132 0.0140188 0.013375 
v 0.0145537 0.0139315 0.0151796 
v 0.0145673 0.0139475 0.0152132 
v 0.0146617 0.0141128 0.013375 
v 0.014609 0.0140212 0.0153564 
v 0.0146273 0.0140535 0.0154193 
v 0.0147 0.0142114 0.013375 
v 0.0146611 0.0141131 0.0155353 
v 0.0146647 0.0141195 0.0155477 
v 0.0147277 0.0143136 0.013375 
v 0.0146953 0.014213 0.0157209 
v 0.0147027 0.0142354 0.0157625 
v 0.0147263 0.0143073 0.0158957 
v 0.0147444 0.014418 0.013375 
v 0.0147275 0.0143136 0.0159072 
v 0.0147364 0.0143592 0.0159902 
v 0.01475 0.0145237 0.013375 
v 0.0147414 0.0144183 0.0160971 
v 0.0147421 0.0144264 0.0161117 
v 0.01475 0.0145182 0.0162775 
v 0.01475 0.0145237 0.0162875 
v 0.01475 0.0196707 0.0162875 
v 0.01475 0.0196707 0.013375 
v 0.0147443 0.0197773 0.013375 
v 0.01475 0.0196763 0.0162775 
v 0.0147396 0.0197677 0.0161119 
v 0.0147386 0.0197766 0.0160958 
v 0.0147267 0.0198825 0.0159041 
v 0.0146992 0.0199855 0.013375 
v 0.014726 0.0198886 0.0158931 
v 0.0147026 0.019959 0.0157625 
v 0.0147273 0.0198826 0.013375 
v 0.0146624 0.02008 0.0155381 
v 0.0146598 0.0200846 0.0155291 
v 0.0146943 0.0199839 0.0157163 
v 0.0146602 0.0200849 0.013375 
v 0.0146278 0.0201412 0.0154191 
v 0.0146074 0.0201775 0.0153486 
v 0.0146109 0.0201795 0.013375 
v 0.0145717 0.0202407 0.0152257 
v 0.0145498 0.0202667 0.0151713 
v 0.0145518 0.0202683 0.013375 
v 0.0145155 0.0203074 0.015086 
v 0.0144811 0.0203482 0.0150006 
v 0.0144836 0.0203503 0.013375 
v 0.0144512 0.0203837 0.0149264 
v 0.0144049 0.0204222 0.0148363 
v 0.014407 0.0204246 0.013375 
v 0.0143689 0.0204521 0.0147664 
v 0.0143229 0.0204903 0.014677 
v 0.0143229 0.0204903 0.013375 
v 0.00825 0.0221458 0.013375 
v 0.00825 0.0221458 0.0162875 
v 0.00953802 0.0231034 0.013375 
v 0.00963542 0.0230686 0.013375 
v 0.00963542 0.0230686 0.0136256 
v 0.00954001 0.0231028 0.013695 
v 0.00943755 0.0231281 0.013375 
v 0.00953799 0.0231033 0.0136966 
v 0.00953329 0.0231045 0.0137003 
v 0.00933506 0.0231422 0.013375 
v 0.00943744 0.0231276 0.0137761 
v 0.00942896 0.0231297 0.0137828 
v 0.00923167 0.0231457 0.013375 
v 0.00931614 0.0231436 0.0138806 
v 0.00926516 0.0231452 0.0139282 
v 0.00933496 0.0231413 0.0138643 
v 0.00924661 0.0231458 0.0139455 
v 0.00912847 0.0231384 0.013375 
v 0.00923172 0.0231449 0.0139607 
v 0.00902658 0.0231205 0.013375 
v 0.00912849 0.0231382 0.0140654 
v 0.00912471 0.0231379 0.0140693 
v 0.00892707 0.0230922 0.013375 
v 0.00902698 0.0231186 0.0141809 
v 0.00902396 0.023118 0.0141844 
v 0.00898718 0.0231107 0.0142264 
v 0.00883102 0.0230538 0.013375 
v 0.00892788 0.0230899 0.0143039 
v 0.00885427 0.0230642 0.0144 
v 0.00883257 0.0230545 0.0144308 
v 0.00873945 0.0230057 0.013375 
v 0.00883108 0.0230537 0.0144331 
v 0.00881109 0.0230426 0.0144643 
v 0.00865335 0.0229483 0.013375 
v 0.00874071 0.0230034 0.0145742 
v 0.0086983 0.0229799 0.0146404 
v 0.00857364 0.0228824 0.013375 
v 0.00865542 0.0229457 0.0147216 
v 0.00863156 0.0229267 0.0147667 
v 0.00850116 0.0228086 0.013375 
v 0.00857456 0.0228813 0.0148746 
v 0.00856015 0.0228698 0.0149019 
v 0.00843669 0.0227277 0.013375 
v 0.00850412 0.022806 0.015037 
v 0.00848384 0.0227829 0.0150858 
v 0.00844298 0.0227363 0.0151843 
v 0.00838094 0.0226405 0.013375 
v 0.00843678 0.0227276 0.0152019 
v 0.00842592 0.0227123 0.0152327 
v 0.00833448 0.0225481 0.013375 
v 0.00838535 0.0226381 0.0153764 
v 0.00837322 0.0226159 0.0154194 
v 0.00829782 0.0224514 0.013375 
v 0.00833579 0.0225474 0.0155519 
v 0.00832827 0.0225336 0.0155786 
v 0.00827135 0.0223513 0.013375 
v 0.00830258 0.0224499 0.0157333 
v 0.00829773 0.0224341 0.0157625 
v 0.00825535 0.0222491 0.013375 
v 0.00827228 0.0223511 0.0159158 
v 0.00826931 0.0223414 0.0159337 
v 0.0082599 0.0222487 0.0161015 
v 0.00825932 0.022243 0.0161118 
v 0.00825002 0.0221514 0.0162775 
v 0.00829281 0.0115 0.0168133 
v 0.00825477 0.0115 0.0164635 
v 0.00836846 0.0115 0.017157 
v 0.00848083 0.0115 0.0174904 
v 0.00862859 0.0115 0.0178098 
v 0.00881001 0.0115 0.0181114 
v 0.00902297 0.0115 0.0183915 
v 0.00926498 0.0115 0.018647 
v 0.00953318 0.0115 0.0188748 
v 0.00982445 0.0115 0.0190723 
v 0.0101354 0.0115 0.0192371 
v 0.0104623 0.0115 0.0193674 
v 0.0108013 0.0115 0.0194615 
v 0.0111486 0.0115 0.0195184 
v 0.0115 0.0115 0.0195375 
v 0.0118514 0.0115 0.0195184 
v 0.0121987 0.0115 0.0194615 
v 0.0125377 0.0115 0.0193674 
v 0.0128646 0.0115 0.0192371 
v 0.0131756 0.0115 0.0190723 
v 0.0134668 0.0115 0.0188748 
v 0.013735 0.0115 0.018647 
v 0.013977 0.0115 0.0183915 
v 0.01419 0.0115 0.0181114 
v 0.0143714 0.0115 0.0178098 
v 0.0145192 0.0115 0.0174904 
v 0.0146315 0.0115 0.017157 
v 0.0147072 0.0115 0.0168133 
v 0.0147452 0.0115 0.0164635 
v 0.00982445 0.0229887 0.0135027 
v 0.0101354 0.0228533 0.0133379 
v 0.010199 0.0228246 0.0133125 
v 0.0104623 0.0227055 0.0132076 
v 0.0108013 0.0225462 0.0131135 
v 0.0111486 0.0223765 0.0130566 
v 0.0115 0.022198 0.0130375 
v 0.0118514 0.0220124 0.0130566 
v 0.0121987 0.0218218 0.0131135 
v 0.0125364 0.0216296 0.0132072 
v 0.0125377 0.0216288 0.0132077 
v 0.0128646 0.021436 0.0133379 
v 0.0131756 0.0212463 0.0135027 
v 0.0134668 0.0210629 0.0137002 
v 0.013735 0.020889 0.013928 
v 0.013977 0.0207278 0.0141835 
v 0.01419 0.0205826 0.0144636 
v 0.0147452 0.0115 0.0161115 
v 0.0147072 0.0115 0.0157617 
v 0.0146315 0.0115 0.015418 
v 0.0145192 0.0115 0.0150846 
v 0.0143714 0.0115 0.0147652 
v 0.01419 0.0115 0.0144636 
v 0.013735 0.0115 0.013928 
v 0.013977 0.0115 0.0141835 
v 0.0134668 0.0115 0.0137002 
v 0.0131756 0.0115 0.0135027 
v 0.0128646 0.0115 0.0133379 
v 0.0125377 0.0115 0.0132076 
v 0.0121987 0.0115 0.0131135 
v 0.0118514 0.0115 0.0130566 
v 0.0115 0.0115 0.0130375 
v 0.0111486 0.0115 0.0130566 
v 0.0108013 0.0115 0.0131135 
v 0.0104623 0.0115 0.0132076 
v 0.0101354 0.0115 0.0133379 
v 0.00982445 0.0115 0.0135027 
v 0.00953318 0.0115 0.0137002 
v 0.00926498 0.0115 0.013928 
v 0.00902297 0.0115 0.0141835 
v 0.00881001 0.0115 0.0144636 
v 0.00862859 0.0115 0.0147652 
v 0.00848083 0.0115 0.0150846 
v 0.00836846 0.0115 0.015418 
v 0.00829281 0.0115 0.0157617 
v 0.00825477 0.0115 0.0161115 
v 0.0115 0.0115 0.0162875 
v -0.00843669 0.0227277 0.013375 
v -0.00850116 0.0228086 0.013375 
v -0.00774941 0.0237686 0.013375 
v -0.00521424 0.0244502 0.013375 
v -0.00833448 0.0225481 0.013375 
v -0.00838094 0.0226405 0.013375 
v 0.00774941 0.0237686 0.013375 
v -0.00829782 0.0224514 0.013375 
v -0.00825 0.0221458 0.013375 
v -0.00873945 0.0230057 0.013375 
v -0.00883102 0.0230538 0.013375 
v -0.00857364 0.0228824 0.013375 
v -0.00865335 0.0229483 0.013375 
v -0.00923167 0.0231457 0.013375 
v -0.00933506 0.0231422 0.013375 
v -0.00892707 0.0230922 0.013375 
v -0.00902658 0.0231205 0.013375 
v -0.00827135 0.0223513 0.013375 
v -0.00943755 0.0231281 0.013375 
v -0.00912847 0.0231384 0.013375 
v -0.00825535 0.0222491 0.013375 
v -1.53081e-18 0.025 0.013375 
v 0.00262157 0.0248622 0.013375 
v -0.00262157 0.0248622 0.013375 
v 0.00521424 0.0244502 0.013375 
v -0.00953802 0.0231034 0.013375 
v -0.00963542 0.0230686 0.013375 
v -0.00825002 0.0221514 0.0162775 
v -0.00825932 0.022243 0.0161118 
v -0.00825 0.0221458 0.0162875 
v -0.00826931 0.0223414 0.0159337 
v -0.00827228 0.0223511 0.0159158 
v -0.0082599 0.0222487 0.0161015 
v -0.00829773 0.0224341 0.0157625 
v -0.00830258 0.0224499 0.0157333 
v -0.00832827 0.0225336 0.0155786 
v -0.00833579 0.0225474 0.0155519 
v -0.00837322 0.0226159 0.0154194 
v -0.00838535 0.0226381 0.0153764 
v -0.00842592 0.0227123 0.0152327 
v -0.00843678 0.0227276 0.0152019 
v -0.00848384 0.0227829 0.0150858 
v -0.00850412 0.022806 0.015037 
v -0.00844298 0.0227363 0.0151843 
v -0.00856015 0.0228698 0.0149019 
v -0.00857456 0.0228813 0.0148746 
v -0.00863156 0.0229267 0.0147667 
v -0.00865542 0.0229457 0.0147216 
v -0.0086983 0.0229799 0.0146404 
v -0.00874071 0.0230034 0.0145742 
v -0.00881109 0.0230426 0.0144643 
v -0.00883108 0.0230537 0.0144331 
v -0.00883257 0.0230545 0.0144308 
v -0.00885427 0.0230642 0.0144 
v -0.00902396 0.023118 0.0141844 
v -0.00902698 0.0231186 0.0141809 
v -0.00898718 0.0231107 0.0142264 
v -0.00892788 0.0230899 0.0143039 
v -0.00912471 0.0231379 0.0140693 
v -0.00912849 0.0231382 0.0140654 
v -0.00923172 0.0231449 0.0139607 
v -0.00931614 0.0231436 0.0138806 
v -0.00933496 0.0231413 0.0138643 
v -0.00924661 0.0231458 0.0139455 
v -0.00926516 0.0231452 0.0139282 
v -0.00942896 0.0231297 0.0137828 
v -0.00943744 0.0231276 0.0137761 
v -0.00953329 0.0231045 0.0137003 
v -0.00953799 0.0231033 0.0136966 
v -0.00954001 0.0231028 0.013695 
v -0.00963542 0.0230686 0.0136256 
v -0.01475 0.0196707 0.013375 
v -0.01475 0.0196707 0.0162875 
v -0.014407 0.0204246 0.013375 
v -0.0143229 0.0204903 0.013375 
v -0.0143229 0.0204903 0.014677 
v -0.0143689 0.0204521 0.0147664 
v -0.0144836 0.0203503 0.013375 
v -0.0144049 0.0204222 0.0148363 
v -0.0144512 0.0203837 0.0149264 
v -0.0145518 0.0202683 0.013375 
v -0.0144811 0.0203482 0.0150006 
v -0.0145155 0.0203074 0.015086 
v -0.0146109 0.0201795 0.013375 
v -0.0145498 0.0202667 0.0151713 
v -0.0145717 0.0202407 0.0152257 
v -0.0146602 0.0200849 0.013375 
v -0.0146074 0.0201775 0.0153486 
v -0.0146278 0.0201412 0.0154191 
v -0.0146992 0.0199855 0.013375 
v -0.0146598 0.0200846 0.0155291 
v -0.0146624 0.02008 0.0155381 
v -0.0147273 0.0198826 0.013375 
v -0.0146943 0.0199839 0.0157163 
v -0.0147026 0.019959 0.0157625 
v -0.014726 0.0198886 0.0158931 
v -0.0147443 0.0197773 0.013375 
v -0.0147267 0.0198825 0.0159041 
v -0.0147386 0.0197766 0.0160958 
v -0.0147396 0.0197677 0.0161119 
v -0.01475 0.0196763 0.0162775 
v -0.0147072 0.0115 0.0168133 
v -0.0147452 0.0115 0.0164635 
v -0.0146315 0.0115 0.017157 
v -0.0145192 0.0115 0.0174904 
v -0.0143714 0.0115 0.0178098 
v -0.01419 0.0115 0.0181114 
v -0.013977 0.0115 0.0183915 
v -0.013735 0.0115 0.018647 
v -0.0134668 0.0115 0.0188748 
v -0.0131756 0.0115 0.0190723 
v -0.0128646 0.0115 0.0192371 
v -0.0125377 0.0115 0.0193674 
v -0.0121987 0.0115 0.0194615 
v -0.0118514 0.0115 0.0195184 
v -0.0115 0.0115 0.0195375 
v -0.0111486 0.0115 0.0195184 
v -0.0108013 0.0115 0.0194615 
v -0.0104623 0.0115 0.0193674 
v -0.0101354 0.0115 0.0192371 
v -0.00982445 0.0115 0.0190723 
v -0.00953318 0.0115 0.0188748 
v -0.00926498 0.0115 0.018647 
v -0.00902297 0.0115 0.0183915 
v -0.00881001 0.0115 0.0181114 
v -0.00862859 0.0115 0.0178098 
v -0.00848083 0.0115 0.0174904 
v -0.00836846 0.0115 0.017157 
v -0.00829281 0.0115 0.0168133 
v -0.00825477 0.0115 0.0164635 
v -0.01419 0.0205826 0.0144636 
v -0.013977 0.0207278 0.0141835 
v -0.013735 0.020889 0.013928 
v -0.0134668 0.0210629 0.0137002 
v -0.0131756 0.0212463 0.0135027 
v -0.0128646 0.021436 0.0133379 
v -0.0125377 0.0216288 0.0132076 
v -0.0125364 0.0216296 0.0132073 
v -0.0121987 0.0218218 0.0131135 
v -0.0118514 0.0220124 0.0130566 
v -0.0115 0.022198 0.0130375 
v -0.0111486 0.0223765 0.0130566 
v -0.0108013 0.0225462 0.0131135 
v -0.0104623 0.0227055 0.0132076 
v -0.010199 0.0228246 0.0133125 
v -0.0101354 0.0228533 0.0133379 
v -0.00982445 0.0229887 0.0135027 
v -0.00825477 0.0115 0.0161115 
v -0.00829281 0.0115 0.0157617 
v -0.00836846 0.0115 0.015418 
v -0.00862859 0.0115 0.0147652 
v -0.00848083 0.0115 0.0150846 
v -0.00881001 0.0115 0.0144636 
v -0.00902297 0.0115 0.0141835 
v -0.00926498 0.0115 0.013928 
v -0.00953318 0.0115 0.0137002 
v -0.00982445 0.0115 0.0135027 
v -0.0101354 0.0115 0.0133379 
v -0.0104623 0.0115 0.0132076 
v -0.0108013 0.0115 0.0131135 
v -0.0111486 0.0115 0.0130566 
v -0.0115 0.0115 0.0130375 
v -0.0118514 0.0115 0.0130566 
v -0.0121987 0.0115 0.0131135 
v -0.0125377 0.0115 0.0132076 
v -0.0128646 0.0115 0.0133379 
v -0.0131756 0.0115 0.0135027 
v -0.013735 0.0115 0.013928 
v -0.0134668 0.0115 0.0137002 
v -0.013977 0.0115 0.0141835 
v -0.01419 0.0115 0.0144636 
v -0.0143714 0.0115 0.0147652 
v -0.0145192 0.0115 0.0150846 
v -0.0146315 0.0115 0.015418 
v -0.0147072 0.0115 0.0157617 
v -0.0147452 0.0115 0.0161115 
v -0.0115 0.0115 0.0162875 
v 0.0147354 0.0201957 0.011525 
v 0.016772 0.0185392 0.011525 
v 0.016772 0.0185392 0.013375 
v 0.0125364 0.0216296 0.011525 
v 0.0147354 0.0201957 0.013375 
v 0.0101991 0.0228249 0.011525 
v 0.00774941 0.0237686 0.011525 
v 0.00521424 0.0244502 0.011525 
v 0.00262157 0.0248622 0.011525 
v -1.53081e-18 0.025 0.011525 
v -0.00262157 0.0248622 0.011525 
v -0.00521424 0.0244502 0.011525 
v -0.00774941 0.0237686 0.011525 
v -0.0101991 0.0228249 0.011525 
v -0.0125364 0.0216296 0.011525 
v -0.0147354 0.0201957 0.011525 
v -0.016772 0.0185392 0.011525 
v -0.0147354 0.0201957 0.013375 
v -0.016772 0.0185392 0.013375 
v 0.0189203 0.0175425 0.02105 
v 0.0189277 0.0176777 0.02105 
v 0.0189277 0.0176777 0.011525 
v 0.0188984 0.017409 0.02105 
v 0.0189203 0.0175425 0.011525 
v 0.0188622 0.0172785 0.02105 
v 0.0188984 0.017409 0.011525 
v 0.0188121 0.0171528 0.02105 
v 0.0188622 0.0172785 0.011525 
v 0.0187487 0.0170332 0.02105 
v 0.0188121 0.0171528 0.011525 
v 0.0186728 0.0169212 0.02105 
v 0.0187487 0.0170332 0.011525 
v 0.0185852 0.016818 0.02105 
v 0.0186728 0.0169212 0.011525 
v 0.0169762 0.0187123 0.02105 
v 0.0168684 0.0186304 0.02105 
v 0.0168684 0.0186304 0.011525 
v 0.0170922 0.0187821 0.02105 
v 0.0169762 0.0187123 0.011525 
v 0.017215 0.0188389 0.02105 
v 0.0170922 0.0187821 0.011525 
v 0.0173433 0.0188821 0.02105 
v 0.017215 0.0188389 0.011525 
v 0.0174754 0.0189112 0.02105 
v 0.0173433 0.0188821 0.011525 
v 0.01761 0.0189258 0.02105 
v 0.0174754 0.0189112 0.011525 
v 0.0177453 0.0189258 0.02105 
v 0.01761 0.0189258 0.011525 
v 0.0178799 0.0189112 0.02105 
v 0.0177453 0.0189258 0.011525 
v 0.0180121 0.0188821 0.02105 
v 0.0178799 0.0189112 0.011525 
v 0.0181403 0.0188389 0.02105 
v 0.0180121 0.0188821 0.011525 
v 0.0182632 0.0187821 0.02105 
v 0.0181403 0.0188389 0.011525 
v 0.0183792 0.0187123 0.02105 
v 0.0182632 0.0187821 0.011525 
v 0.0184869 0.0186304 0.02105 
v 0.0183792 0.0187123 0.011525 
v 0.0185852 0.0185373 0.02105 
v 0.0184869 0.0186304 0.011525 
v 0.0186728 0.0184341 0.02105 
v 0.0185852 0.0185373 0.011525 
v 0.0187487 0.0183221 0.02105 
v 0.0186728 0.0184341 0.011525 
v 0.0188121 0.0182025 0.02105 
v 0.0187487 0.0183221 0.011525 
v 0.0188622 0.0180768 0.02105 
v 0.0188121 0.0182025 0.011525 
v 0.0188984 0.0179464 0.02105 
v 0.0188622 0.0180768 0.011525 
v 0.0189203 0.0178128 0.02105 
v 0.0188984 0.0179464 0.011525 
v 0.0189203 0.0178128 0.011525 
v 0.0184869 0.016725 0.02105 
v 0.0185392 0.016772 0.013375 
v 0.0185852 0.016818 0.011525 
v 0.0185392 0.016772 0.011525 
v 0.0183792 0.0166431 0.02105 
v 0.0184869 0.016725 0.013375 
v 0.0182632 0.0165733 0.02105 
v 0.0183792 0.0166431 0.013375 
v 0.0181403 0.0165164 0.02105 
v 0.0182632 0.0165733 0.013375 
v 0.0180121 0.0164732 0.02105 
v 0.0181403 0.0165164 0.013375 
v 0.0178799 0.0164441 0.02105 
v 0.0180121 0.0164732 0.013375 
v 0.0177453 0.0164295 0.02105 
v 0.0178799 0.0164441 0.013375 
v 0.01761 0.0164295 0.02105 
v 0.0177453 0.0164295 0.013375 
v 0.0174754 0.0164441 0.02105 
v 0.01761 0.0164295 0.013375 
v 0.0173433 0.0164732 0.02105 
v 0.0174754 0.0164441 0.013375 
v 0.017215 0.0165164 0.02105 
v 0.0173433 0.0164732 0.013375 
v 0.0170922 0.0165733 0.02105 
v 0.017215 0.0165164 0.013375 
v 0.0169762 0.0166431 0.02105 
v 0.0170922 0.0165733 0.013375 
v 0.0168684 0.016725 0.02105 
v 0.0169762 0.0166431 0.013375 
v 0.0167702 0.016818 0.02105 
v 0.0168684 0.016725 0.013375 
v 0.0166826 0.0169212 0.02105 
v 0.0167702 0.016818 0.013375 
v 0.0166066 0.0170332 0.02105 
v 0.0166826 0.0169212 0.013375 
v 0.0166066 0.0170332 0.013375 
v 0.0165432 0.0171528 0.013375 
v 0.0165638 0.0171139 0.02105 
v 0.0165432 0.0171528 0.02105 
v 0.0164931 0.0172785 0.02105 
v 0.0164569 0.017409 0.02105 
v 0.0164931 0.0172785 0.013375 
v 0.016435 0.0175425 0.02105 
v 0.0164569 0.017409 0.013375 
v 0.0164277 0.0176777 0.02105 
v 0.016435 0.0175425 0.013375 
v 0.016435 0.0178128 0.02105 
v 0.0164277 0.0176777 0.013375 
v 0.0164569 0.0179464 0.02105 
v 0.016435 0.0178128 0.013375 
v 0.0164931 0.0180768 0.02105 
v 0.0164569 0.0179464 0.013375 
v 0.0165432 0.0182025 0.02105 
v 0.0164931 0.0180768 0.013375 
v 0.0166066 0.0183221 0.013375 
v 0.0166066 0.0183221 0.02105 
v 0.0165638 0.0182415 0.02105 
v 0.0165432 0.0182025 0.013375 
v 0.0166826 0.0184341 0.02105 
v 0.0167702 0.0185373 0.02105 
v 0.0166826 0.0184341 0.013375 
v 0.0167702 0.0185373 0.013375 
v -0.0186728 0.0169212 0.02105 
v -0.0185852 0.016818 0.02105 
v -0.0185852 0.016818 0.011525 
v -0.0187487 0.0170332 0.02105 
v -0.0186728 0.0169212 0.011525 
v -0.0188121 0.0171528 0.02105 
v -0.0187487 0.0170332 0.011525 
v -0.0188622 0.0172785 0.02105 
v -0.0188121 0.0171528 0.011525 
v -0.0188984 0.017409 0.02105 
v -0.0188622 0.0172785 0.011525 
v -0.0189203 0.0175425 0.02105 
v -0.0188984 0.017409 0.011525 
v -0.0189277 0.0176777 0.02105 
v -0.0189203 0.0175425 0.011525 
v -0.0189203 0.0178128 0.02105 
v -0.0189277 0.0176777 0.011525 
v -0.0188984 0.0179464 0.02105 
v -0.0189203 0.0178128 0.011525 
v -0.0188622 0.0180768 0.02105 
v -0.0188984 0.0179464 0.011525 
v -0.0188121 0.0182025 0.02105 
v -0.0188622 0.0180768 0.011525 
v -0.0187487 0.0183221 0.02105 
v -0.0188121 0.0182025 0.011525 
v -0.0186728 0.0184341 0.02105 
v -0.0187487 0.0183221 0.011525 
v -0.0185852 0.0185373 0.02105 
v -0.0186728 0.0184341 0.011525 
v -0.0184869 0.0186304 0.02105 
v -0.0185852 0.0185373 0.011525 
v -0.0183792 0.0187123 0.02105 
v -0.0184869 0.0186304 0.011525 
v -0.0182632 0.0187821 0.02105 
v -0.0183792 0.0187123 0.011525 
v -0.0181403 0.0188389 0.02105 
v -0.0182632 0.0187821 0.011525 
v -0.0180121 0.0188821 0.02105 
v -0.0181403 0.0188389 0.011525 
v -0.0178799 0.0189112 0.02105 
v -0.0180121 0.0188821 0.011525 
v -0.0177453 0.0189258 0.02105 
v -0.0178799 0.0189112 0.011525 
v -0.01761 0.0189258 0.02105 
v -0.0177453 0.0189258 0.011525 
v -0.0174754 0.0189112 0.02105 
v -0.01761 0.0189258 0.011525 
v -0.0173433 0.0188821 0.02105 
v -0.0174754 0.0189112 0.011525 
v -0.017215 0.0188389 0.02105 
v -0.0173433 0.0188821 0.011525 
v -0.0170922 0.0187821 0.02105 
v -0.017215 0.0188389 0.011525 
v -0.0169762 0.0187123 0.02105 
v -0.0170922 0.0187821 0.011525 
v -0.0168684 0.0186304 0.02105 
v -0.0169762 0.0187123 0.011525 
v -0.0167702 0.0185373 0.02105 
v -0.0168684 0.0186304 0.011525 
v -0.0166826 0.0184341 0.02105 
v -0.0167702 0.0185373 0.013375 
v -0.0166066 0.0183221 0.02105 
v -0.0166826 0.0184341 0.013375 
v -0.0165432 0.0182025 0.02105 
v -0.0166066 0.0183221 0.013375 
v -0.0164931 0.0180768 0.02105 
v -0.0165432 0.0182025 0.013375 
v -0.0164569 0.0179464 0.02105 
v -0.0164931 0.0180768 0.013375 
v -0.016435 0.0178128 0.02105 
v -0.0164569 0.0179464 0.013375 
v -0.0164277 0.0176777 0.02105 
v -0.016435 0.0178128 0.013375 
v -0.016435 0.0175425 0.02105 
v -0.0164277 0.0176777 0.013375 
v -0.0164569 0.017409 0.02105 
v -0.016435 0.0175425 0.013375 
v -0.0164931 0.0172785 0.02105 
v -0.0164569 0.017409 0.013375 
v -0.0165432 0.0171528 0.02105 
v -0.0164931 0.0172785 0.013375 
v -0.0166066 0.0170332 0.02105 
v -0.0165432 0.0171528 0.013375 
v -0.0166826 0.0169212 0.02105 
v -0.0166066 0.0170332 0.013375 
v -0.0167702 0.016818 0.02105 
v -0.0166826 0.0169212 0.013375 
v -0.0168684 0.016725 0.02105 
v -0.0167702 0.016818 0.013375 
v -0.0169762 0.0166431 0.02105 
v -0.0168684 0.016725 0.013375 
v -0.0170922 0.0165733 0.02105 
v -0.0169762 0.0166431 0.013375 
v -0.017215 0.0165164 0.02105 
v -0.0170922 0.0165733 0.013375 
v -0.0173433 0.0164732 0.02105 
v -0.017215 0.0165164 0.013375 
v -0.0174754 0.0164441 0.02105 
v -0.0173433 0.0164732 0.013375 
v -0.01761 0.0164295 0.02105 
v -0.0174754 0.0164441 0.013375 
v -0.0177453 0.0164295 0.02105 
v -0.01761 0.0164295 0.013375 
v -0.0178799 0.0164441 0.02105 
v -0.0177453 0.0164295 0.013375 
v -0.0180121 0.0164732 0.02105 
v -0.0178799 0.0164441 0.013375 
v -0.0181403 0.0165164 0.02105 
v -0.0180121 0.0164732 0.013375 
v -0.0182632 0.0165733 0.02105 
v -0.0181403 0.0165164 0.013375 
v -0.0183792 0.0166431 0.02105 
v -0.0182632 0.0165733 0.013375 
v -0.0184869 0.016725 0.02105 
v -0.0183792 0.0166431 0.013375 
v -0.0185392 0.016772 0.013375 
v -0.0184869 0.016725 0.013375 
v -0.0185392 0.016772 0.011525 
v -0.0201957 0.0147354 0.011525 
v -0.0216296 0.0125364 0.011525 
v -0.0201957 0.0147354 0.013375 
v -0.0228249 0.0101991 0.011525 
v -0.0216296 0.0125364 0.013375 
v -0.0237686 0.00774941 0.011525 
v -0.0228249 0.0101991 0.013375 
v -0.0244502 0.00521424 0.011525 
v -0.0237686 0.00774941 0.013375 
v -0.0248622 0.00262157 0.011525 
v -0.0244502 0.00521424 0.013375 
v -0.025 -7.65404e-18 0.011525 
v -0.0248622 0.00262157 0.013375 
v -0.0248622 -0.00262157 0.011525 
v -0.025 -7.65404e-18 0.013375 
v -0.0244502 -0.00521424 0.011525 
v -0.0248622 -0.00262157 0.013375 
v -0.0237686 -0.00774941 0.011525 
v -0.0244502 -0.00521424 0.013375 
v -0.0228249 -0.0101991 0.011525 
v -0.0237686 -0.00774941 0.013375 
v -0.0216296 -0.0125364 0.011525 
v -0.0228249 -0.0101991 0.013375 
v -0.0201957 -0.0147354 0.011525 
v -0.0216296 -0.0125364 0.013375 
v -0.0185392 -0.016772 0.011525 
v -0.0201957 -0.0147354 0.013375 
v -0.0185392 -0.016772 0.013375 
v -0.0169762 -0.0187123 0.02105 
v -0.0168684 -0.0186304 0.02105 
v -0.0168684 -0.0186304 0.011525 
v -0.0170922 -0.0187821 0.02105 
v -0.0169762 -0.0187123 0.011525 
v -0.017215 -0.0188389 0.02105 
v -0.0170922 -0.0187821 0.011525 
v -0.0173433 -0.0188821 0.02105 
v -0.017215 -0.0188389 0.011525 
v -0.0174754 -0.0189112 0.02105 
v -0.0173433 -0.0188821 0.011525 
v -0.01761 -0.0189258 0.02105 
v -0.0174754 -0.0189112 0.011525 
v -0.0177453 -0.0189258 0.02105 
v -0.01761 -0.0189258 0.011525 
v -0.0178799 -0.0189112 0.02105 
v -0.0177453 -0.0189258 0.011525 
v -0.0180121 -0.0188821 0.02105 
v -0.0178799 -0.0189112 0.011525 
v -0.0181403 -0.0188389 0.02105 
v -0.0180121 -0.0188821 0.011525 
v -0.0182632 -0.0187821 0.02105 
v -0.0181403 -0.0188389 0.011525 
v -0.0183792 -0.0187123 0.02105 
v -0.0182632 -0.0187821 0.011525 
v -0.0184869 -0.0186304 0.02105 
v -0.0183792 -0.0187123 0.011525 
v -0.0185852 -0.0185373 0.02105 
v -0.0184869 -0.0186304 0.011525 
v -0.0186728 -0.0184341 0.02105 
v -0.0185852 -0.0185373 0.011525 
v -0.0187487 -0.0183221 0.02105 
v -0.0186728 -0.0184341 0.011525 
v -0.0188121 -0.0182025 0.02105 
v -0.0187487 -0.0183221 0.011525 
v -0.0188622 -0.0180768 0.02105 
v -0.0188121 -0.0182025 0.011525 
v -0.0188984 -0.0179464 0.02105 
v -0.0188622 -0.0180768 0.011525 
v -0.0189203 -0.0178128 0.02105 
v -0.0188984 -0.0179464 0.011525 
v -0.0189277 -0.0176777 0.02105 
v -0.0189203 -0.0178128 0.011525 
v -0.0189203 -0.0175425 0.02105 
v -0.0189277 -0.0176777 0.011525 
v -0.0188984 -0.017409 0.02105 
v -0.0189203 -0.0175425 0.011525 
v -0.0188622 -0.0172785 0.02105 
v -0.0188984 -0.017409 0.011525 
v -0.0188121 -0.0171528 0.02105 
v -0.0188622 -0.0172785 0.011525 
v -0.0187487 -0.0170332 0.02105 
v -0.0188121 -0.0171528 0.011525 
v -0.0186728 -0.0169212 0.02105 
v -0.0187487 -0.0170332 0.011525 
v -0.0185852 -0.016818 0.02105 
v -0.0186728 -0.0169212 0.011525 
v -0.0184869 -0.016725 0.02105 
v -0.0185852 -0.016818 0.011525 
v -0.0183792 -0.0166431 0.02105 
v -0.0184869 -0.016725 0.013375 
v -0.0182632 -0.0165733 0.02105 
v -0.0183792 -0.0166431 0.013375 
v -0.0181403 -0.0165164 0.02105 
v -0.0182632 -0.0165733 0.013375 
v -0.0180121 -0.0164732 0.02105 
v -0.0181403 -0.0165164 0.013375 
v -0.0178799 -0.0164441 0.02105 
v -0.0180121 -0.0164732 0.013375 
v -0.0177453 -0.0164295 0.02105 
v -0.0178799 -0.0164441 0.013375 
v -0.01761 -0.0164295 0.02105 
v -0.0177453 -0.0164295 0.013375 
v -0.0174754 -0.0164441 0.02105 
v -0.01761 -0.0164295 0.013375 
v -0.0173433 -0.0164732 0.02105 
v -0.0174754 -0.0164441 0.013375 
v -0.017215 -0.0165164 0.02105 
v -0.0173433 -0.0164732 0.013375 
v -0.0170922 -0.0165733 0.02105 
v -0.017215 -0.0165164 0.013375 
v -0.0169762 -0.0166431 0.02105 
v -0.0170922 -0.0165733 0.013375 
v -0.0168684 -0.016725 0.02105 
v -0.0169762 -0.0166431 0.013375 
v -0.0167702 -0.016818 0.02105 
v -0.0168684 -0.016725 0.013375 
v -0.0166826 -0.0169212 0.02105 
v -0.0167702 -0.016818 0.013375 
v -0.0166066 -0.0170332 0.02105 
v -0.0166826 -0.0169212 0.013375 
v -0.0165432 -0.0171528 0.02105 
v -0.0166066 -0.0170332 0.013375 
v -0.0164931 -0.0172785 0.02105 
v -0.0165432 -0.0171528 0.013375 
v -0.0164569 -0.017409 0.02105 
v -0.0164931 -0.0172785 0.013375 
v -0.016435 -0.0175425 0.02105 
v -0.0164569 -0.017409 0.013375 
v -0.0164277 -0.0176777 0.02105 
v -0.016435 -0.0175425 0.013375 
v -0.016435 -0.0178128 0.02105 
v -0.0164277 -0.0176777 0.013375 
v -0.0164569 -0.0179464 0.02105 
v -0.016435 -0.0178128 0.013375 
v -0.0164931 -0.0180768 0.02105 
v -0.0164569 -0.0179464 0.013375 
v -0.0165432 -0.0182025 0.02105 
v -0.0164931 -0.0180768 0.013375 
v -0.0166066 -0.0183221 0.02105 
v -0.0165432 -0.0182025 0.013375 
v -0.0166826 -0.0184341 0.02105 
v -0.0166066 -0.0183221 0.013375 
v -0.0167702 -0.0185373 0.02105 
v -0.0166826 -0.0184341 0.013375 
v -0.016772 -0.0185392 0.013375 
v -0.0167702 -0.0185373 0.013375 
v -0.016772 -0.0185392 0.011525 
v 0.0244502 0.00521424 0.013375 
v 0.0178799 -0.0164441 0.013375 
v 0.0177453 -0.0164295 0.013375 
v 0.0180121 -0.0164732 0.013375 
v 0.0248622 0.00262157 0.013375 
v 0.025 1.53081e-18 0.013375 
v 0.0181403 -0.0165164 0.013375 
v 0.0248622 -0.00262157 0.013375 
v 0.0244502 -0.00521424 0.013375 
v 0.00262157 -0.0248622 0.013375 
v 0.0164569 -0.0179464 0.013375 
v 0.0182632 -0.0165733 0.013375 
v 0.0237686 -0.00774941 0.013375 
v 0.0228249 -0.0101991 0.013375 
v 0.0173433 -0.0164732 0.013375 
v 0.017215 -0.0165164 0.013375 
v 0.01761 -0.0164295 0.013375 
v 0.0174754 -0.0164441 0.013375 
v 0.0228249 0.0101991 0.013375 
v 0.0166066 -0.0183221 0.013375 
v 0.0166826 -0.0184341 0.013375 
v 0.0125364 -0.0216296 0.013375 
v 0.0165432 -0.0182025 0.013375 
v 0.00774941 -0.0237686 0.013375 
v 0.0164931 -0.0180768 0.013375 
v 4.59243e-18 -0.025 0.013375 
v -0.00262157 -0.0248622 0.013375 
v 0.0237686 0.00774941 0.013375 
v 0.0183792 -0.0166431 0.013375 
v 0.0167702 -0.0185373 0.013375 
v 0.0147354 -0.0201957 0.013375 
v 0.0101991 -0.0228249 0.013375 
v 0.00521424 -0.0244502 0.013375 
v 0.0164277 -0.0176777 0.013375 
v 0.016435 -0.0178128 0.013375 
v 0.0216296 -0.0125364 0.013375 
v 0.0201957 -0.0147354 0.013375 
v 0.0201957 0.0147354 0.013375 
v 0.0167702 -0.016818 0.013375 
v 0.0166826 -0.0169212 0.013375 
v 0.0170922 -0.0165733 0.013375 
v 0.0169762 -0.0166431 0.013375 
v 0.0216296 0.0125364 0.013375 
v 0.0185392 -0.016772 0.013375 
v 0.0184869 -0.016725 0.013375 
v 0.0164569 -0.017409 0.013375 
v 0.016435 -0.0175425 0.013375 
v 0.0165432 -0.0171528 0.013375 
v 0.0164931 -0.0172785 0.013375 
v 0.0168684 -0.016725 0.013375 
v 0.016772 -0.0185392 0.013375 
v -0.00521424 -0.0244502 0.013375 
v -0.00774941 -0.0237686 0.013375 
v -0.0101991 -0.0228249 0.013375 
v -0.0125364 -0.0216296 0.013375 
v -0.0147354 -0.0201957 0.013375 
v 0.0166066 -0.0170332 0.013375 
v 0.0189203 -0.0178128 0.02105 
v 0.0189277 -0.0176777 0.02105 
v 0.0189277 -0.0176777 0.011525 
v 0.0188984 -0.0179464 0.02105 
v 0.0189203 -0.0178128 0.011525 
v 0.0188622 -0.0180768 0.02105 
v 0.0188984 -0.0179464 0.011525 
v 0.0188121 -0.0182025 0.02105 
v 0.0188622 -0.0180768 0.011525 
v 0.0187487 -0.0183221 0.02105 
v 0.0188121 -0.0182025 0.011525 
v 0.0186728 -0.0184341 0.02105 
v 0.0187487 -0.0183221 0.011525 
v 0.0185852 -0.0185373 0.02105 
v 0.0186728 -0.0184341 0.011525 
v 0.0184869 -0.0186304 0.02105 
v 0.0185852 -0.0185373 0.011525 
v 0.0183792 -0.0187123 0.02105 
v 0.0184869 -0.0186304 0.011525 
v 0.0182632 -0.0187821 0.02105 
v 0.0183792 -0.0187123 0.011525 
v 0.0181403 -0.0188389 0.02105 
v 0.0182632 -0.0187821 0.011525 
v 0.0180121 -0.0188821 0.02105 
v 0.0181403 -0.0188389 0.011525 
v 0.0178799 -0.0189112 0.02105 
v 0.0180121 -0.0188821 0.011525 
v 0.0177453 -0.0189258 0.02105 
v 0.0178799 -0.0189112 0.011525 
v 0.01761 -0.0189258 0.02105 
v 0.0177453 -0.0189258 0.011525 
v 0.0174754 -0.0189112 0.02105 
v 0.01761 -0.0189258 0.011525 
v 0.0173433 -0.0188821 0.02105 
v 0.0174754 -0.0189112 0.011525 
v 0.017215 -0.0188389 0.02105 
v 0.0173433 -0.0188821 0.011525 
v 0.0170922 -0.0187821 0.02105 
v 0.017215 -0.0188389 0.011525 
v 0.0169762 -0.0187123 0.02105 
v 0.0170922 -0.0187821 0.011525 
v 0.0168684 -0.0186304 0.02105 
v 0.0169762 -0.0187123 0.011525 
v 0.0186728 -0.0169212 0.02105 
v 0.0185852 -0.016818 0.02105 
v 0.0185852 -0.016818 0.011525 
v 0.0187487 -0.0170332 0.02105 
v 0.0186728 -0.0169212 0.011525 
v 0.0188121 -0.0171528 0.02105 
v 0.0187487 -0.0170332 0.011525 
v 0.0188622 -0.0172785 0.02105 
v 0.0188121 -0.0171528 0.011525 
v 0.0188984 -0.017409 0.02105 
v 0.0188622 -0.0172785 0.011525 
v 0.0189203 -0.0175425 0.02105 
v 0.0188984 -0.017409 0.011525 
v 0.0189203 -0.0175425 0.011525 
v 0.0167702 -0.0185373 0.02105 
v 0.0168684 -0.0186304 0.011525 
v 0.016772 -0.0185392 0.011525 
v 0.0166826 -0.0184341 0.02105 
v 0.0166066 -0.0183221 0.02105 
v 0.0165638 -0.0182415 0.02105 
v 0.0165432 -0.0182025 0.02105 
v 0.0164931 -0.0180768 0.02105 
v 0.0164569 -0.0179464 0.02105 
v 0.016435 -0.0178128 0.02105 
v 0.0164277 -0.0176777 0.02105 
v 0.016435 -0.0175425 0.02105 
v 0.0164569 -0.017409 0.02105 
v 0.0164931 -0.0172785 0.02105 
v 0.0165432 -0.0171528 0.02105 
v 0.0166066 -0.0170332 0.02105 
v 0.0165638 -0.0171139 0.02105 
v 0.0166826 -0.0169212 0.02105 
v 0.0167702 -0.016818 0.02105 
v 0.0168684 -0.016725 0.02105 
v 0.0169762 -0.0166431 0.02105 
v 0.0170922 -0.0165733 0.02105 
v 0.017215 -0.0165164 0.02105 
v 0.0173433 -0.0164732 0.02105 
v 0.0174754 -0.0164441 0.02105 
v 0.01761 -0.0164295 0.02105 
v 0.0177453 -0.0164295 0.02105 
v 0.0178799 -0.0164441 0.02105 
v 0.0180121 -0.0164732 0.02105 
v 0.0181403 -0.0165164 0.02105 
v 0.0182632 -0.0165733 0.02105 
v 0.0183792 -0.0166431 0.02105 
v 0.0184869 -0.016725 0.02105 
v 0.0185392 -0.016772 0.011525 
v -0.0147354 -0.0201957 0.011525 
v -0.0125364 -0.0216296 0.011525 
v -0.0101991 -0.0228249 0.011525 
v -0.00774941 -0.0237686 0.011525 
v -0.00521424 -0.0244502 0.011525 
v -0.00262157 -0.0248622 0.011525 
v 4.59243e-18 -0.025 0.011525 
v 0.00262157 -0.0248622 0.011525 
v 0.00521424 -0.0244502 0.011525 
v 0.00774941 -0.0237686 0.011525 
v 0.0101991 -0.0228249 0.011525 
v 0.0125364 -0.0216296 0.011525 
v 0.0147354 -0.0201957 0.011525 
v 0.0201957 -0.0147354 0.011525 
v 0.0216296 -0.0125364 0.011525 
v 0.0228249 -0.0101991 0.011525 
v 0.0237686 -0.00774941 0.011525 
v 0.0244502 -0.00521424 0.011525 
v 0.0248622 -0.00262157 0.011525 
v 0.025 1.53081e-18 0.011525 
v 0.0248622 0.00262157 0.011525 
v 0.0244502 0.00521424 0.011525 
v 0.0237686 0.00774941 0.011525 
v 0.0228249 0.0101991 0.011525 
v 0.0216296 0.0125364 0.011525 
v 0.0201957 0.0147354 0.011525 
v 0.0194661 0.0267435 0.011525 
v 0.0191172 0.0268203 0.011525 
v 0.0231273 0.0310537 0.011525 
v 0.0232807 0.0296432 0.011525 
v 0.0233 0.03 0.011525 
v 0.0226271 0.0280029 0.011525 
v 0.0221364 0.0274849 0.011525 
v 0.0223958 0.0277306 0.011525 
v 0.0212215 0.0269344 0.011525 
v 0.0215457 0.0270844 0.011525 
v 0.0205339 0.0332565 0.011525 
v 0.0201787 0.0332952 0.011525 
v 0.0208828 0.0331797 0.011525 
v 0.022995 0.0313856 0.011525 
v 0.0232228 0.0307094 0.011525 
v 0.0232807 0.0303568 0.011525 
v 0.022995 0.0286144 0.011525 
v 0.0231273 0.0289463 0.011525 
v 0.0218519 0.0272686 0.011525 
v 0.0187785 0.0269344 0.011525 
v 0.0181481 0.0272686 0.011525 
v 0.0184543 0.0270844 0.011525 
v 0.0167193 0.0303568 0.011525 
v 0.017005 0.0313856 0.011525 
v 0.0168727 0.0310537 0.011525 
v 0.0212215 0.0330656 0.011525 
v 0.0215457 0.0329156 0.011525 
v 0.0218519 0.0327314 0.011525 
v 0.0232228 0.0292906 0.011525 
v 0.0228276 0.0282987 0.011525 
v 0.0205339 0.0267435 0.011525 
v 0.0208828 0.0268203 0.011525 
v 0.0198213 0.0267048 0.011525 
v 0.0167772 0.0307094 0.011525 
v 0.0171724 0.0317013 0.011525 
v 0.0184543 0.0329156 0.011525 
v 0.0181481 0.0327314 0.011525 
v 0.0198213 0.0332952 0.011525 
v 0.0194661 0.0332565 0.011525 
v 0.0226271 0.0319971 0.011525 
v 0.0228276 0.0317013 0.011525 
v 0.0201787 0.0267048 0.011525 
v 0.0176042 0.0322694 0.011525 
v 0.0173729 0.0319971 0.011525 
v 0.0187785 0.0330656 0.011525 
v 0.0191172 0.0331797 0.011525 
v 0.0221364 0.0325151 0.011525 
v 0.0223958 0.0322694 0.011525 
v 0.0178636 0.0325151 0.011525 
v 0.0167 0.03 0.011525 
v 0.0167193 0.0296432 0.011525 
v 0.0168727 0.0289463 0.011525 
v 0.017005 0.0286144 0.011525 
v 0.0167772 0.0292906 0.011525 
v 0.0171724 0.0282987 0.011525 
v 0.0173729 0.0280029 0.011525 
v 0.0176042 0.0277306 0.011525 
v 0.0178636 0.0274849 0.011525 
v 0.0233 -0.03 0.011525 
v 0.0232807 -0.0303568 0.011525 
v 0.0215457 -0.0329156 0.011525 
v 0.0218519 -0.0327314 0.011525 
v 0.0212215 -0.0330656 0.011525 
v 0.0232228 -0.0292906 0.011525 
v 0.0231273 -0.0289463 0.011525 
v 0.0208828 -0.0331797 0.011525 
v 0.0205339 -0.0332565 0.011525 
v 0.0201787 -0.0332952 0.011525 
v 0.0181481 -0.0327314 0.011525 
v 0.0232807 -0.0296432 0.011525 
v 0.0232228 -0.0307094 0.011525 
v 0.022995 -0.0313856 0.011525 
v 0.0231273 -0.0310537 0.011525 
v 0.0191172 -0.0331797 0.011525 
v 0.0194661 -0.0332565 0.011525 
v 0.0178636 -0.0325151 0.011525 
v 0.017005 -0.0286144 0.011525 
v 0.0168727 -0.0289463 0.011525 
v 0.0184543 -0.0270844 0.011525 
v 0.0181481 -0.0272686 0.011525 
v 0.0208828 -0.0268203 0.011525 
v 0.0205339 -0.0267435 0.011525 
v 0.0215457 -0.0270844 0.011525 
v 0.0212215 -0.0269344 0.011525 
v 0.0221364 -0.0274849 0.011525 
v 0.0218519 -0.0272686 0.011525 
v 0.022995 -0.0286144 0.011525 
v 0.0228276 -0.0317013 0.011525 
v 0.0226271 -0.0319971 0.011525 
v 0.0223958 -0.0322694 0.011525 
v 0.0221364 -0.0325151 0.011525 
v 0.0198213 -0.0332952 0.011525 
v 0.0187785 -0.0330656 0.011525 
v 0.0184543 -0.0329156 0.011525 
v 0.0167772 -0.0292906 0.011525 
v 0.0167193 -0.0296432 0.011525 
v 0.0171724 -0.0282987 0.011525 
v 0.0176042 -0.0277306 0.011525 
v 0.0173729 -0.0280029 0.011525 
v 0.0178636 -0.0274849 0.011525 
v 0.0191172 -0.0268203 0.011525 
v 0.0187785 -0.0269344 0.011525 
v 0.0198213 -0.0267048 0.011525 
v 0.0194661 -0.0267435 0.011525 
v 0.0201787 -0.0267048 0.011525 
v 0.0223958 -0.0277306 0.011525 
v 0.0228276 -0.0282987 0.011525 
v 0.0226271 -0.0280029 0.011525 
v 0.0167772 -0.0307094 0.011525 
v 0.0168727 -0.0310537 0.011525 
v 0.0167 -0.03 0.011525 
v 0.0167193 -0.0303568 0.011525 
v 0.0171724 -0.0317013 0.011525 
v 0.0173729 -0.0319971 0.011525 
v 0.017005 -0.0313856 0.011525 
v 0.0176042 -0.0322694 0.011525 
v -0.0167193 -0.0303568 0.011525 
v -0.0184543 -0.0329156 0.011525 
v -0.0181481 -0.0327314 0.011525 
v -0.0167 -0.03 0.011525 
v -0.0187785 -0.0330656 0.011525 
v -0.0205339 -0.0332565 0.011525 
v -0.0201787 -0.0332952 0.011525 
v -0.0208828 -0.0331797 0.011525 
v -0.0218519 -0.0327314 0.011525 
v -0.0221364 -0.0325151 0.011525 
v -0.0231273 -0.0289463 0.011525 
v -0.0167772 -0.0292906 0.011525 
v -0.0168727 -0.0289463 0.011525 
v -0.0167193 -0.0296432 0.011525 
v -0.0191172 -0.0331797 0.011525 
v -0.0198213 -0.0332952 0.011525 
v -0.0194661 -0.0332565 0.011525 
v -0.0212215 -0.0330656 0.011525 
v -0.0215457 -0.0329156 0.011525 
v -0.0232807 -0.0296432 0.011525 
v -0.0233 -0.03 0.011525 
v -0.022995 -0.0286144 0.011525 
v -0.0215457 -0.0270844 0.011525 
v -0.0218519 -0.0272686 0.011525 
v -0.0191172 -0.0268203 0.011525 
v -0.0194661 -0.0267435 0.011525 
v -0.0184543 -0.0270844 0.011525 
v -0.0187785 -0.0269344 0.011525 
v -0.0178636 -0.0274849 0.011525 
v -0.0181481 -0.0272686 0.011525 
v -0.017005 -0.0286144 0.011525 
v -0.0167772 -0.0307094 0.011525 
v -0.017005 -0.0313856 0.011525 
v -0.0168727 -0.0310537 0.011525 
v -0.0232228 -0.0292906 0.011525 
v -0.0228276 -0.0282987 0.011525 
v -0.0223958 -0.0277306 0.011525 
v -0.0226271 -0.0280029 0.011525 
v -0.0221364 -0.0274849 0.011525 
v -0.0208828 -0.0268203 0.011525 
v -0.0212215 -0.0269344 0.011525 
v -0.0201787 -0.0267048 0.011525 
v -0.0205339 -0.0267435 0.011525 
v -0.0198213 -0.0267048 0.011525 
v -0.0176042 -0.0277306 0.011525 
v -0.0171724 -0.0282987 0.011525 
v -0.0173729 -0.0280029 0.011525 
v -0.0171724 -0.0317013 0.011525 
v -0.0176042 -0.0322694 0.011525 
v -0.0173729 -0.0319971 0.011525 
v -0.0178636 -0.0325151 0.011525 
v -0.0231273 -0.0310537 0.011525 
v -0.0226271 -0.0319971 0.011525 
v -0.0228276 -0.0317013 0.011525 
v -0.022995 -0.0313856 0.011525 
v -0.0232228 -0.0307094 0.011525 
v -0.0232807 -0.0303568 0.011525 
v -0.0223958 -0.0322694 0.011525 
v -0.0194661 0.0267435 0.011525 
v -0.0191172 0.0268203 0.011525 
v -0.0167193 0.0296432 0.011525 
v -0.0167 0.03 0.011525 
v -0.0178636 0.0274849 0.011525 
v -0.0176042 0.0277306 0.011525 
v -0.0187785 0.0269344 0.011525 
v -0.0184543 0.0270844 0.011525 
v -0.022995 0.0313856 0.011525 
v -0.0231273 0.0310537 0.011525 
v -0.0167772 0.0307094 0.011525 
v -0.0168727 0.0310537 0.011525 
v -0.0167193 0.0303568 0.011525 
v -0.017005 0.0286144 0.011525 
v -0.0168727 0.0289463 0.011525 
v -0.0171724 0.0282987 0.011525 
v -0.0173729 0.0280029 0.011525 
v -0.0181481 0.0272686 0.011525 
v -0.0198213 0.0267048 0.011525 
v -0.0208828 0.0268203 0.011525 
v -0.0205339 0.0267435 0.011525 
v -0.0232807 0.0303568 0.011525 
v -0.0232228 0.0307094 0.011525 
v -0.0228276 0.0317013 0.011525 
v -0.0205339 0.0332565 0.011525 
v -0.0201787 0.0332952 0.011525 
v -0.0191172 0.0331797 0.011525 
v -0.0194661 0.0332565 0.011525 
v -0.0181481 0.0327314 0.011525 
v -0.017005 0.0313856 0.011525 
v -0.0167772 0.0292906 0.011525 
v -0.0212215 0.0269344 0.011525 
v -0.0218519 0.0272686 0.011525 
v -0.0215457 0.0270844 0.011525 
v -0.0226271 0.0319971 0.011525 
v -0.0223958 0.0322694 0.011525 
v -0.0215457 0.0329156 0.011525 
v -0.0218519 0.0327314 0.011525 
v -0.0212215 0.0330656 0.011525 
v -0.0208828 0.0331797 0.011525 
v -0.0187785 0.0330656 0.011525 
v -0.0184543 0.0329156 0.011525 
v -0.0201787 0.0267048 0.011525 
v -0.0221364 0.0325151 0.011525 
v -0.0198213 0.0332952 0.011525 
v -0.0171724 0.0317013 0.011525 
v -0.0173729 0.0319971 0.011525 
v -0.022995 0.0286144 0.011525 
v -0.0176042 0.0322694 0.011525 
v -0.0178636 0.0325151 0.011525 
v -0.0231273 0.0289463 0.011525 
v -0.0233 0.03 0.011525 
v -0.0228276 0.0282987 0.011525 
v -0.0232228 0.0292906 0.011525 
v -0.0232807 0.0296432 0.011525 
v -0.0223958 0.0277306 0.011525 
v -0.0221364 0.0274849 0.011525 
v -0.0226271 0.0280029 0.011525 
v 0 -0.02585 0.011525 
v 0.0167 -0.03 0.02105 
v 0.0167193 -0.0303568 0.02105 
v 0.0167772 -0.0292906 0.02105 
v 0.0168727 -0.0289463 0.02105 
v 0.0167193 -0.0296432 0.02105 
v 0.0178636 -0.0274849 0.02105 
v 0.0181481 -0.0272686 0.02105 
v 0.017005 -0.0286144 0.02105 
v 0.0167772 -0.0307094 0.02105 
v 0.017005 -0.0313856 0.02105 
v 0.0168727 -0.0310537 0.02105 
v 0.0205339 -0.0267435 0.02105 
v 0.0208828 -0.0268203 0.02105 
v 0.0194661 -0.0267435 0.02105 
v 0.0176042 -0.0277306 0.02105 
v 0.0171724 -0.0282987 0.02105 
v 0.0173729 -0.0280029 0.02105 
v 0.0171724 -0.0317013 0.02105 
v 0.0184543 -0.0329156 0.02105 
v 0.0181481 -0.0327314 0.02105 
v 0.0194661 -0.0332565 0.02105 
v 0.0191172 -0.0331797 0.02105 
v 0.0198213 -0.0332952 0.02105 
v 0.0201787 -0.0267048 0.02105 
v 0.0191172 -0.0268203 0.02105 
v 0.0184543 -0.0270844 0.02105 
v 0.0187785 -0.0269344 0.02105 
v 0.0176042 -0.0322694 0.02105 
v 0.0173729 -0.0319971 0.02105 
v 0.0187785 -0.0330656 0.02105 
v 0.0198213 -0.0267048 0.02105 
v 0.0178636 -0.0325151 0.02105 
v 0.0208828 -0.0331797 0.02105 
v 0.0205339 -0.0332565 0.02105 
v 0.0201787 -0.0332952 0.02105 
v 0.0211138 -0.0331019 0.02105 
v -0.0167193 -0.0296432 0.02105 
v -0.0167 -0.03 0.02105 
v -0.0205339 -0.0332565 0.02105 
v -0.0208828 -0.0331797 0.02105 
v -0.0187785 -0.0330656 0.02105 
v -0.0181481 -0.0327314 0.02105 
v -0.0184543 -0.0329156 0.02105 
v -0.0201787 -0.0332952 0.02105 
v -0.0191172 -0.0331797 0.02105 
v -0.0194661 -0.0332565 0.02105 
v -0.0167772 -0.0307094 0.02105 
v -0.0168727 -0.0310537 0.02105 
v -0.0167193 -0.0303568 0.02105 
v -0.0187785 -0.0269344 0.02105 
v -0.0198213 -0.0332952 0.02105 
v -0.0176042 -0.0322694 0.02105 
v -0.0178636 -0.0325151 0.02105 
v -0.0171724 -0.0317013 0.02105 
v -0.0173729 -0.0319971 0.02105 
v -0.017005 -0.0313856 0.02105 
v -0.0167772 -0.0292906 0.02105 
v -0.017005 -0.0286144 0.02105 
v -0.0168727 -0.0289463 0.02105 
v -0.0191172 -0.0268203 0.02105 
v -0.0171724 -0.0282987 0.02105 
v -0.0184543 -0.0270844 0.02105 
v -0.0181481 -0.0272686 0.02105 
v -0.0194661 -0.0267435 0.02105 
v -0.0176042 -0.0277306 0.02105 
v -0.0173729 -0.0280029 0.02105 
v -0.0178636 -0.0274849 0.02105 
v -0.0198213 -0.0267048 0.02105 
v -0.0211138 -0.0268981 0.02105 
v -0.0208828 -0.0268203 0.02105 
v -0.0201787 -0.0267048 0.02105 
v -0.0205339 -0.0267435 0.02105 
v 0.0215457 0.0270844 0.02105 
v 0.0218519 0.0272686 0.02105 
v 0.0226271 0.0280029 0.02105 
v 0.0223958 0.0277306 0.02105 
v 0.0231273 0.0289463 0.02105 
v 0.022995 0.0286144 0.02105 
v 0.0233 0.03 0.02105 
v 0.0232807 0.0303568 0.02105 
v 0.0221364 0.0274849 0.02105 
v 0.0228276 0.0282987 0.02105 
v 0.0232228 0.0292906 0.02105 
v 0.0232807 0.0296432 0.02105 
v 0.0232228 0.0307094 0.02105 
v 0.022995 0.0313856 0.02105 
v 0.0231273 0.0310537 0.02105 
v 0.0228276 0.0317013 0.02105 
v 0.0211138 0.0331019 0.02105 
v 0.0226271 0.0319971 0.02105 
v 0.0223958 0.0322694 0.02105 
v 0.0212215 0.0330656 0.02105 
v 0.0221364 0.0325151 0.02105 
v 0.0218519 0.0327314 0.02105 
v 0.0215457 0.0329156 0.02105 
v 0.0212215 0.0269344 0.02105 
v 0.0167193 0.0296432 0.02105 
v 0.0167 0.03 0.02105 
v 0.0167772 0.0307094 0.02105 
v 0.0168727 0.0310537 0.02105 
v 0.0167193 0.0303568 0.02105 
v 0.017005 0.0313856 0.02105 
v 0.0167772 0.0292906 0.02105 
v 0.017005 0.0286144 0.02105 
v 0.0168727 0.0289463 0.02105 
v 0.0171724 0.0282987 0.02105 
v 0.0191172 0.0331797 0.02105 
v 0.0171724 0.0317013 0.02105 
v 0.0173729 0.0319971 0.02105 
v 0.0205339 0.0332565 0.02105 
v 0.0208828 0.0331797 0.02105 
v 0.0201787 0.0332952 0.02105 
v 0.0194661 0.0332565 0.02105 
v 0.0176042 0.0277306 0.02105 
v 0.0173729 0.0280029 0.02105 
v 0.0194661 0.0267435 0.02105 
v 0.0191172 0.0268203 0.02105 
v 0.0198213 0.0267048 0.02105 
v 0.0198213 0.0332952 0.02105 
v 0.0187785 0.0330656 0.02105 
v 0.0181481 0.0327314 0.02105 
v 0.0184543 0.0329156 0.02105 
v 0.0181481 0.0272686 0.02105 
v 0.0178636 0.0274849 0.02105 
v 0.0187785 0.0269344 0.02105 
v 0.0184543 0.0270844 0.02105 
v 0.0176042 0.0322694 0.02105 
v 0.0178636 0.0325151 0.02105 
v 0.0208828 0.0268203 0.02105 
v 0.0205339 0.0267435 0.02105 
v 0.0201787 0.0267048 0.02105 
v 0.0211138 0.0268981 0.02105 
v -0.0184543 0.0270844 0.02105 
v -0.0187785 0.0269344 0.02105 
v -0.0181481 0.0272686 0.02105 
v -0.0173729 0.0280029 0.02105 
v -0.0176042 0.0277306 0.02105 
v -0.0167193 0.0303568 0.02105 
v -0.0167 0.03 0.02105 
v -0.0178636 0.0274849 0.02105 
v -0.0171724 0.0282987 0.02105 
v -0.0167772 0.0292906 0.02105 
v -0.0168727 0.0289463 0.02105 
v -0.017005 0.0286144 0.02105 
v -0.0167193 0.0296432 0.02105 
v -0.0167772 0.0307094 0.02105 
v -0.017005 0.0313856 0.02105 
v -0.0168727 0.0310537 0.02105 
v -0.0205339 0.0267435 0.02105 
v -0.0208828 0.0268203 0.02105 
v -0.0171724 0.0317013 0.02105 
v -0.0184543 0.0329156 0.02105 
v -0.0181481 0.0327314 0.02105 
v -0.0194661 0.0332565 0.02105 
v -0.0191172 0.0331797 0.02105 
v -0.0201787 0.0267048 0.02105 
v -0.0191172 0.0268203 0.02105 
v -0.0176042 0.0322694 0.02105 
v -0.0173729 0.0319971 0.02105 
v -0.0187785 0.0330656 0.02105 
v -0.0198213 0.0332952 0.02105 
v -0.0198213 0.0267048 0.02105 
v -0.0194661 0.0267435 0.02105 
v -0.0178636 0.0325151 0.02105 
v -0.0201787 0.0332952 0.02105 
v -0.0205339 0.0332565 0.02105 
v -0.0211138 0.0331019 0.02105 
v -0.0208828 0.0331797 0.02105 
v -0.0233 0.03 0.02105 
v -0.0232807 0.0303568 0.02105 
v -0.0232807 0.0296432 0.02105 
v -0.0231273 0.0310537 0.02105 
v -0.0232228 0.0307094 0.02105 
v -0.022995 0.0313856 0.02105 
v -0.022995 0.0286144 0.02105 
v -0.0232228 0.0292906 0.02105 
v -0.0231273 0.0289463 0.02105 
v -0.0226271 0.0319971 0.02105 
v -0.0228276 0.0317013 0.02105 
v -0.0228276 0.0282987 0.02105 
v -0.0212215 0.0330656 0.02105 
v -0.0223958 0.0277306 0.02105 
v -0.0226271 0.0280029 0.02105 
v -0.0215457 0.0329156 0.02105 
v -0.0221364 0.0325151 0.02105 
v -0.0223958 0.0322694 0.02105 
v -0.0218519 0.0272686 0.02105 
v -0.0221364 0.0274849 0.02105 
v -0.0218519 0.0327314 0.02105 
v -0.0212215 0.0269344 0.02105 
v -0.0215457 0.0270844 0.02105 
v -0.0211138 0.0268981 0.02105 
v -0.0233 -0.03 0.02105 
v -0.0232807 -0.0303568 0.02105 
v -0.0231273 -0.0289463 0.02105 
v -0.022995 -0.0286144 0.02105 
v -0.0232228 -0.0292906 0.02105 
v -0.0232807 -0.0296432 0.02105 
v -0.0232228 -0.0307094 0.02105 
v -0.022995 -0.0313856 0.02105 
v -0.0231273 -0.0310537 0.02105 
v -0.0221364 -0.0274849 0.02105 
v -0.0218519 -0.0272686 0.02105 
v -0.0228276 -0.0317013 0.02105 
v -0.0223958 -0.0277306 0.02105 
v -0.0228276 -0.0282987 0.02105 
v -0.0226271 -0.0280029 0.02105 
v -0.0226271 -0.0319971 0.02105 
v -0.0223958 -0.0322694 0.02105 
v -0.0221364 -0.0325151 0.02105 
v -0.0215457 -0.0270844 0.02105 
v -0.0212215 -0.0330656 0.02105 
v -0.0215457 -0.0329156 0.02105 
v -0.0212215 -0.0269344 0.02105 
v -0.0218519 -0.0327314 0.02105 
v -0.0211138 -0.0331019 0.02105 
v 0.0233 -0.03 0.02105 
v 0.0232807 -0.0303568 0.02105 
v 0.0232807 -0.0296432 0.02105 
v 0.0231273 -0.0310537 0.02105 
v 0.0232228 -0.0307094 0.02105 
v 0.0215457 -0.0329156 0.02105 
v 0.0223958 -0.0322694 0.02105 
v 0.0226271 -0.0319971 0.02105 
v 0.0228276 -0.0317013 0.02105 
v 0.022995 -0.0313856 0.02105 
v 0.022995 -0.0286144 0.02105 
v 0.0212215 -0.0330656 0.02105 
v 0.0221364 -0.0325151 0.02105 
v 0.0232228 -0.0292906 0.02105 
v 0.0231273 -0.0289463 0.02105 
v 0.0218519 -0.0327314 0.02105 
v 0.0228276 -0.0282987 0.02105 
v 0.0215457 -0.0270844 0.02105 
v 0.0218519 -0.0272686 0.02105 
v 0.0223958 -0.0277306 0.02105 
v 0.0226271 -0.0280029 0.02105 
v 0.0221364 -0.0274849 0.02105 
v 0.0212215 -0.0269344 0.02105 
v 0.0211138 -0.0268981 0.02105 
v 0 -0.0354 0.02105 
v 0 -0.0228138 0.02105 
v 0.0165638 -0.0354 0.02105 
v -0.0211138 -0.0228138 0.02105 
v 0 0 0.02105 
v -0.0211138 0 0.02105 
v 0.0211138 0 0.02105 
v 0.0211138 -0.0228138 0.02105 
v 0 0.0228138 0.02105 
v -0.0211138 0.0228138 0.02105 
v 0.0211138 0.0228138 0.02105 
v 0.0165638 0.0228138 0.02105 
v 0.0165638 -0.0228138 0.02105 
v 0.0211138 -0.0354 0.02105 
v -0.0211138 -0.0354 0.02105 
v 0.0165638 0 0.02105 
vn 0 1 0 
vn 0.108119 0 0.994138 
vn 0 0 1 
vn 0.21497 0 0.976621 
vn 0.108119 0 0.994138 
vn 0.319302 0 0.947653 
vn 0.21497 0 0.976621 
vn 0.419889 0 0.907575 
vn 0.319302 0 0.947653 
vn 0.515554 0 0.856857 
vn 0.419889 0 0.907575 
vn 0.605174 0 0.796093 
vn 0.515554 0 0.856857 
vn 0.687699 0 0.725995 
vn 0.605174 0 0.796093 
vn 0.762162 0 0.647386 
vn 0.687699 0 0.725995 
vn 0.827689 0 0.561187 
vn 0.762162 0 0.647386 
vn 0.883512 0 0.468408 
vn 0.827689 0 0.561187 
vn 0.928977 0 0.370138 
vn 0.883512 0 0.468408 
vn 0.96355 0 0.267528 
vn 0.928977 0 0.370138 
vn 0.986827 0 0.161782 
vn 0.96355 0 0.267528 
vn 0.998533 0 0.0541389 
vn 0.986827 0 0.161782 
vn 0.998533 0 -0.0541389 
vn 0.998533 0 0.0541389 
vn 0.986827 0 -0.161782 
vn 0.998533 0 -0.0541389 
vn 0.96355 0 -0.267528 
vn 0.986827 0 -0.161782 
vn 0.928977 0 -0.370138 
vn 0.96355 0 -0.267528 
vn 0.883512 0 -0.468408 
vn 0.928977 0 -0.370138 
vn 0.827689 0 -0.561187 
vn 0.883512 0 -0.468408 
vn 0.762162 0 -0.647386 
vn 0.827689 0 -0.561187 
vn 0.687699 0 -0.725995 
vn 0.762162 0 -0.647386 
vn 0.605174 0 -0.796093 
vn 0.687699 0 -0.725995 
vn 0.515554 0 -0.856857 
vn 0.605174 0 -0.796093 
vn 0.419889 0 -0.907575 
vn 0.515554 0 -0.856857 
vn 0.319302 0 -0.947653 
vn 0.419889 0 -0.907575 
vn 0.21497 0 -0.976621 
vn 0.319302 0 -0.947653 
vn 0.108119 0 -0.994138 
vn 0.21497 0 -0.976621 
vn -1.22465e-16 0 -1 
vn 0.108119 0 -0.994138 
vn -0.108119 0 -0.994138 
vn -1.22465e-16 0 -1 
vn -0.21497 0 -0.976621 
vn -0.108119 0 -0.994138 
vn -0.319302 0 -0.947653 
vn -0.21497 0 -0.976621 
vn -0.419889 0 -0.907575 
vn -0.319302 0 -0.947653 
vn -0.515554 0 -0.856857 
vn -0.419889 0 -0.907575 
vn -0.605174 0 -0.796093 
vn -0.515554 0 -0.856857 
vn -0.687699 0 -0.725995 
vn -0.605174 0 -0.796093 
vn -0.762162 0 -0.647386 
vn -0.687699 0 -0.725995 
vn -0.827689 0 -0.561187 
vn -0.762162 0 -0.647386 
vn -0.883512 0 -0.468408 
vn -0.827689 0 -0.561187 
vn -0.928977 0 -0.370138 
vn -0.883512 0 -0.468408 
vn -0.96355 0 -0.267528 
vn -0.928977 0 -0.370138 
vn -0.986827 0 -0.161782 
vn -0.96355 0 -0.267528 
vn -0.998533 0 -0.0541389 
vn -0.986827 0 -0.161782 
vn -0.998533 0 0.0541389 
vn -0.998533 0 -0.0541389 
vn -0.986827 0 0.161782 
vn -0.998533 0 0.0541389 
vn -0.96355 0 0.267528 
vn -0.986827 0 0.161782 
vn -0.928977 0 0.370138 
vn -0.96355 0 0.267528 
vn -0.883512 0 0.468408 
vn -0.928977 0 0.370138 
vn -0.827689 0 0.561187 
vn -0.883512 0 0.468408 
vn -0.762162 0 0.647386 
vn -0.827689 0 0.561187 
vn -0.687699 0 0.725995 
vn -0.762162 0 0.647386 
vn -0.605174 0 0.796093 
vn -0.687699 0 0.725995 
vn -0.515554 0 0.856857 
vn -0.605174 0 0.796093 
vn -0.419889 0 0.907575 
vn -0.515554 0 0.856857 
vn -0.319302 0 0.947653 
vn -0.419889 0 0.907575 
vn -0.21497 0 0.976621 
vn -0.319302 0 0.947653 
vn -0.108119 0 0.994138 
vn -0.21497 0 0.976621 
vn 0 1 0 
vn 0.104528 0.994522 0 
vn 0.201792 0.979429 0 
vn 0.207912 0.978148 0 
vn 0.309017 0.951057 0 
vn 0.406737 0.913545 0 
vn 0.5 0.866025 0 
vn 0.587785 0.809017 0 
vn 0.669131 0.743145 0 
vn 0.743145 0.669131 0 
vn 0.809017 0.587785 0 
vn 0.866025 0.5 0 
vn 0.913545 0.406737 0 
vn 0.951057 0.309017 0 
vn 0.978148 0.207912 0 
vn 0.994522 0.104528 0 
vn 1 0 0 
vn 0 1 0 
vn -0.104528 0.994522 0 
vn -0.207912 0.978148 0 
vn -0.201792 0.979429 0 
vn -0.309017 0.951057 0 
vn -0.406737 0.913545 0 
vn -0.5 0.866025 0 
vn -0.587785 0.809017 0 
vn -0.669131 0.743145 0 
vn -0.743145 0.669131 0 
vn -0.809017 0.587785 0 
vn -0.866025 0.5 0 
vn -0.913545 0.406737 0 
vn -0.951057 0.309017 0 
vn -0.978148 0.207912 0 
vn -0.994522 0.104528 0 
vn -1 0 0 
vn -0.104528 0.994522 0 
vn 0 -1 0 
vn -0.104528 -0.994522 0 
vn -0.201792 -0.979429 0 
vn -0.207912 -0.978148 0 
vn -0.309017 -0.951057 0 
vn -0.406737 -0.913545 0 
vn -0.5 -0.866025 0 
vn -0.587785 -0.809017 0 
vn -0.669131 -0.743145 0 
vn -0.743145 -0.669131 0 
vn -0.675036 -0.737785 0 
vn -0.809017 -0.587785 0 
vn -0.866025 -0.5 0 
vn -0.913545 -0.406737 0 
vn -0.951057 -0.309017 0 
vn -0.978148 -0.207912 0 
vn -0.994522 -0.104528 0 
vn -1 0 0 
vn 0 -1 0 
vn 0.104528 -0.994522 0 
vn 0.207912 -0.978148 0 
vn 0.201792 -0.979429 0 
vn 0.309017 -0.951057 0 
vn 0.406737 -0.913545 0 
vn 0.5 -0.866025 0 
vn 0.587785 -0.809017 0 
vn 0.669131 -0.743145 0 
vn 0.743145 -0.669131 0 
vn 0.675036 -0.737785 0 
vn 0.809017 -0.587785 0 
vn 0.866025 -0.5 0 
vn 0.913545 -0.406737 0 
vn 0.951057 -0.309017 0 
vn 0.978148 -0.207912 0 
vn 0.994522 -0.104528 0 
vn 1 0 0 
vn 0.669131 -0.743145 0 
vn 0.104528 -0.994522 0 
vn 1 0 0 
vn 0 0.994138 0.108119 
vn 0 1 0 
vn 0 0.976621 0.21497 
vn 0 0.994138 0.108119 
vn 0 0.947653 0.319302 
vn 0 0.976621 0.21497 
vn 0 0.907575 0.419889 
vn 0 0.947653 0.319302 
vn 0 0.856857 0.515554 
vn 0 0.907575 0.419889 
vn 0 0.796093 0.605174 
vn 0 0.856857 0.515554 
vn 0 0.725995 0.687699 
vn 0 0.796093 0.605174 
vn 0 0.647386 0.762162 
vn 0 0.725995 0.687699 
vn 0 0.561187 0.827689 
vn 0 0.647386 0.762162 
vn 0 0.468408 0.883512 
vn 0 0.561187 0.827689 
vn 0 0.370138 0.928977 
vn 0 0.468408 0.883512 
vn 0 0.267528 0.96355 
vn 0 0.370138 0.928977 
vn 0 0.161782 0.986827 
vn 0 0.267528 0.96355 
vn 0 0.0541389 0.998533 
vn 0 0.161782 0.986827 
vn 0 -0.0541389 0.998533 
vn 0 0.0541389 0.998533 
vn 0 -0.161782 0.986827 
vn 0 -0.0541389 0.998533 
vn 0 -0.267528 0.96355 
vn 0 -0.161782 0.986827 
vn 0 -0.370138 0.928977 
vn 0 -0.267528 0.96355 
vn 0 -0.468408 0.883512 
vn 0 -0.370138 0.928977 
vn 0 -0.561187 0.827689 
vn 0 -0.468408 0.883512 
vn 0 -0.647386 0.762162 
vn 0 -0.561187 0.827689 
vn 0 -0.725995 0.687699 
vn 0 -0.647386 0.762162 
vn 0 -0.796093 0.605174 
vn 0 -0.725995 0.687699 
vn 0 -0.856857 0.515554 
vn 0 -0.796093 0.605174 
vn 0 -0.907575 0.419889 
vn 0 -0.856857 0.515554 
vn 0 -0.947653 0.319302 
vn 0 -0.907575 0.419889 
vn 0 -0.976621 0.21497 
vn 0 -0.947653 0.319302 
vn 0 -0.994138 0.108119 
vn 0 -0.976621 0.21497 
vn 0 -1 -1.22465e-16 
vn 0 -0.994138 0.108119 
vn 0 -0.994138 -0.108119 
vn 0 -1 -1.22465e-16 
vn 0 -0.976621 -0.21497 
vn 0 -0.994138 -0.108119 
vn 0 -0.947653 -0.319302 
vn 0 -0.976621 -0.21497 
vn 0 -0.907575 -0.419889 
vn 0 -0.947653 -0.319302 
vn 0 -0.856857 -0.515554 
vn 0 -0.907575 -0.419889 
vn 0 -0.796093 -0.605174 
vn 0 -0.856857 -0.515554 
vn 0 -0.725995 -0.687699 
vn 0 -0.796093 -0.605174 
vn 0 -0.647386 -0.762162 
vn 0 -0.725995 -0.687699 
vn 0 -0.561187 -0.827689 
vn 0 -0.647386 -0.762162 
vn 0 -0.468408 -0.883512 
vn 0 -0.561187 -0.827689 
vn 0 -0.370138 -0.928977 
vn 0 -0.468408 -0.883512 
vn 0 -0.267528 -0.96355 
vn 0 -0.370138 -0.928977 
vn 0 -0.161782 -0.986827 
vn 0 -0.267528 -0.96355 
vn 0 -0.0541389 -0.998533 
vn 0 -0.161782 -0.986827 
vn 0 0.0541389 -0.998533 
vn 0 -0.0541389 -0.998533 
vn 0 0.161782 -0.986827 
vn 0 0.0541389 -0.998533 
vn 0 0.267528 -0.96355 
vn 0 0.161782 -0.986827 
vn 0 0.370138 -0.928977 
vn 0 0.267528 -0.96355 
vn 0 0.468408 -0.883512 
vn 0 0.370138 -0.928977 
vn 0 0.561187 -0.827689 
vn 0 0.468408 -0.883512 
vn 0 0.647386 -0.762162 
vn 0 0.561187 -0.827689 
vn 0 0.725995 -0.687699 
vn 0 0.647386 -0.762162 
vn 0 0.796093 -0.605174 
vn 0 0.725995 -0.687699 
vn 0 0.856857 -0.515554 
vn 0 0.796093 -0.605174 
vn 0 0.907575 -0.419889 
vn 0 0.856857 -0.515554 
vn 0 0.947653 -0.319302 
vn 0 0.907575 -0.419889 
vn 0 0.976621 -0.21497 
vn 0 0.947653 -0.319302 
vn 0 0.994138 -0.108119 
vn 0 0.976621 -0.21497 
vn 1 0 0 
vn 0 0.994138 0.108119 
vn 0 1 0 
vn 0 0.976621 0.21497 
vn 0 0.994138 0.108119 
vn 0 0.947653 0.319302 
vn 0 0.976621 0.21497 
vn 0 0.907575 0.419889 
vn 0 0.947653 0.319302 
vn 0 0.856857 0.515554 
vn 0 0.907575 0.419889 
vn 0 0.796093 0.605174 
vn 0 0.856857 0.515554 
vn 0 0.725995 0.687699 
vn 0 0.796093 0.605174 
vn 0 0.647386 0.762162 
vn 0 0.725995 0.687699 
vn 0 0.561187 0.827689 
vn 0 0.647386 0.762162 
vn 0 0.468408 0.883512 
vn 0 0.561187 0.827689 
vn 0 0.370138 0.928977 
vn 0 0.468408 0.883512 
vn 0 0.267528 0.96355 
vn 0 0.370138 0.928977 
vn 0 0.161782 0.986827 
vn 0 0.267528 0.96355 
vn 0 0.0541389 0.998533 
vn 0 0.161782 0.986827 
vn 0 -0.0541389 0.998533 
vn 0 0.0541389 0.998533 
vn 0 -0.161782 0.986827 
vn 0 -0.0541389 0.998533 
vn 0 -0.267528 0.96355 
vn 0 -0.161782 0.986827 
vn 0 -0.370138 0.928977 
vn 0 -0.267528 0.96355 
vn 0 -0.468408 0.883512 
vn 0 -0.370138 0.928977 
vn 0 -0.561187 0.827689 
vn 0 -0.468408 0.883512 
vn 0 -0.647386 0.762162 
vn 0 -0.561187 0.827689 
vn 0 -0.725995 0.687699 
vn 0 -0.647386 0.762162 
vn 0 -0.796093 0.605174 
vn 0 -0.725995 0.687699 
vn 0 -0.856857 0.515554 
vn 0 -0.796093 0.605174 
vn 0 -0.907575 0.419889 
vn 0 -0.856857 0.515554 
vn 0 -0.947653 0.319302 
vn 0 -0.907575 0.419889 
vn 0 -0.976621 0.21497 
vn 0 -0.947653 0.319302 
vn 0 -0.994138 0.108119 
vn 0 -0.976621 0.21497 
vn 0 -1 -1.22465e-16 
vn 0 -0.994138 0.108119 
vn 0 -0.994138 -0.108119 
vn 0 -1 -1.22465e-16 
vn 0 -0.976621 -0.21497 
vn 0 -0.994138 -0.108119 
vn 0 -0.947653 -0.319302 
vn 0 -0.976621 -0.21497 
vn 0 -0.907575 -0.419889 
vn 0 -0.947653 -0.319302 
vn 0 -0.856857 -0.515554 
vn 0 -0.907575 -0.419889 
vn 0 -0.796093 -0.605174 
vn 0 -0.856857 -0.515554 
vn 0 -0.725995 -0.687699 
vn 0 -0.796093 -0.605174 
vn 0 -0.647386 -0.762162 
vn 0 -0.725995 -0.687699 
vn 0 -0.561187 -0.827689 
vn 0 -0.647386 -0.762162 
vn 0 -0.468408 -0.883512 
vn 0 -0.561187 -0.827689 
vn 0 -0.370138 -0.928977 
vn 0 -0.468408 -0.883512 
vn 0 -0.267528 -0.96355 
vn 0 -0.370138 -0.928977 
vn 0 -0.161782 -0.986827 
vn 0 -0.267528 -0.96355 
vn 0 -0.0541389 -0.998533 
vn 0 -0.161782 -0.986827 
vn 0 0.0541389 -0.998533 
vn 0 -0.0541389 -0.998533 
vn 0 0.161782 -0.986827 
vn 0 0.0541389 -0.998533 
vn 0 0.267528 -0.96355 
vn 0 0.161782 -0.986827 
vn 0 0.370138 -0.928977 
vn 0 0.267528 -0.96355 
vn 0 0.468408 -0.883512 
vn 0 0.370138 -0.928977 
vn 0 0.561187 -0.827689 
vn 0 0.468408 -0.883512 
vn 0 0.647386 -0.762162 
vn 0 0.561187 -0.827689 
vn 0 0.725995 -0.687699 
vn 0 0.647386 -0.762162 
vn 0 0.796093 -0.605174 
vn 0 0.725995 -0.687699 
vn 0 0.856857 -0.515554 
vn 0 0.796093 -0.605174 
vn 0 0.907575 -0.419889 
vn 0 0.856857 -0.515554 
vn 0 0.947653 -0.319302 
vn 0 0.907575 -0.419889 
vn 0 0.976621 -0.21497 
vn 0 0.947653 -0.319302 
vn 0 0.994138 -0.108119 
vn 0 0.976621 -0.21497 
vn 1 0 0 
vn 0 0.994138 0.108119 
vn 0 1 0 
vn 0 0.976621 0.21497 
vn 0 0.994138 0.108119 
vn 0 0.947653 0.319302 
vn 0 0.976621 0.21497 
vn 0 0.907575 0.419889 
vn 0 0.947653 0.319302 
vn 0 0.856857 0.515554 
vn 0 0.907575 0.419889 
vn 0 0.796093 0.605174 
vn 0 0.856857 0.515554 
vn 0 0.725995 0.687699 
vn 0 0.796093 0.605174 
vn 0 0.647386 0.762162 
vn 0 0.725995 0.687699 
vn 0 0.561187 0.827689 
vn 0 0.647386 0.762162 
vn 0 0.468408 0.883512 
vn 0 0.561187 0.827689 
vn 0 0.370138 0.928977 
vn 0 0.468408 0.883512 
vn 0 0.267528 0.96355 
vn 0 0.370138 0.928977 
vn 0 0.161782 0.986827 
vn 0 0.267528 0.96355 
vn 0 0.0541389 0.998533 
vn 0 0.161782 0.986827 
vn 0 -0.0541389 0.998533 
vn 0 0.0541389 0.998533 
vn 0 -0.161782 0.986827 
vn 0 -0.0541389 0.998533 
vn 0 -0.267528 0.96355 
vn 0 -0.161782 0.986827 
vn 0 -0.370138 0.928977 
vn 0 -0.267528 0.96355 
vn 0 -0.468408 0.883512 
vn 0 -0.370138 0.928977 
vn 0 -0.561187 0.827689 
vn 0 -0.468408 0.883512 
vn 0 -0.647386 0.762162 
vn 0 -0.561187 0.827689 
vn 0 -0.725995 0.687699 
vn 0 -0.647386 0.762162 
vn 0 -0.796093 0.605174 
vn 0 -0.725995 0.687699 
vn 0 -0.856857 0.515554 
vn 0 -0.796093 0.605174 
vn 0 -0.907575 0.419889 
vn 0 -0.856857 0.515554 
vn 0 -0.947653 0.319302 
vn 0 -0.907575 0.419889 
vn 0 -0.976621 0.21497 
vn 0 -0.947653 0.319302 
vn 0 -0.994138 0.108119 
vn 0 -0.976621 0.21497 
vn 0 -1 -1.22465e-16 
vn 0 -0.994138 0.108119 
vn 0 -0.994138 -0.108119 
vn 0 -1 -1.22465e-16 
vn 0 -0.976621 -0.21497 
vn 0 -0.994138 -0.108119 
vn 0 -0.947653 -0.319302 
vn 0 -0.976621 -0.21497 
vn 0 -0.907575 -0.419889 
vn 0 -0.947653 -0.319302 
vn 0 -0.856857 -0.515554 
vn 0 -0.907575 -0.419889 
vn 0 -0.796093 -0.605174 
vn 0 -0.856857 -0.515554 
vn 0 -0.725995 -0.687699 
vn 0 -0.796093 -0.605174 
vn 0 -0.647386 -0.762162 
vn 0 -0.725995 -0.687699 
vn 0 -0.561187 -0.827689 
vn 0 -0.647386 -0.762162 
vn 0 -0.468408 -0.883512 
vn 0 -0.561187 -0.827689 
vn 0 -0.370138 -0.928977 
vn 0 -0.468408 -0.883512 
vn 0 -0.267528 -0.96355 
vn 0 -0.370138 -0.928977 
vn 0 -0.161782 -0.986827 
vn 0 -0.267528 -0.96355 
vn 0 -0.0541389 -0.998533 
vn 0 -0.161782 -0.986827 
vn 0 0.0541389 -0.998533 
vn 0 -0.0541389 -0.998533 
vn 0 0.161782 -0.986827 
vn 0 0.0541389 -0.998533 
vn 0 0.267528 -0.96355 
vn 0 0.161782 -0.986827 
vn 0 0.370138 -0.928977 
vn 0 0.267528 -0.96355 
vn 0 0.468408 -0.883512 
vn 0 0.370138 -0.928977 
vn 0 0.561187 -0.827689 
vn 0 0.468408 -0.883512 
vn 0 0.647386 -0.762162 
vn 0 0.561187 -0.827689 
vn 0 0.725995 -0.687699 
vn 0 0.647386 -0.762162 
vn 0 0.796093 -0.605174 
vn 0 0.725995 -0.687699 
vn 0 0.856857 -0.515554 
vn 0 0.796093 -0.605174 
vn 0 0.907575 -0.419889 
vn 0 0.856857 -0.515554 
vn 0 0.947653 -0.319302 
vn 0 0.907575 -0.419889 
vn 0 0.976621 -0.21497 
vn 0 0.947653 -0.319302 
vn 0 0.994138 -0.108119 
vn 0 0.976621 -0.21497 
vn 1 0 0 
vn 0 0.994138 0.108119 
vn 0 1 2.44929e-16 
vn 0 0.976621 0.21497 
vn 0 0.994138 0.108119 
vn 0 0.947653 0.319302 
vn 0 0.976621 0.21497 
vn 0 0.907575 0.419889 
vn 0 0.947653 0.319302 
vn 0 0.856857 0.515554 
vn 0 0.907575 0.419889 
vn 0 0.796093 0.605174 
vn 0 0.856857 0.515554 
vn 0 0.725995 0.687699 
vn 0 0.796093 0.605174 
vn 0 -0.796093 0.605174 
vn 0 -0.725995 0.687699 
vn 0 -0.856857 0.515554 
vn 0 -0.796093 0.605174 
vn 0 -0.907575 0.419889 
vn 0 -0.856857 0.515554 
vn 0 -0.947653 0.319302 
vn 0 -0.907575 0.419889 
vn 0 -0.976621 0.21497 
vn 0 -0.947653 0.319302 
vn 0 -0.994138 0.108119 
vn 0 -0.976621 0.21497 
vn 0 -1 -1.22465e-16 
vn 0 -0.994138 0.108119 
vn 0 -0.994138 -0.108119 
vn 0 -1 0 
vn 0 -0.976621 -0.21497 
vn 0 -0.994138 -0.108119 
vn 0 -0.947653 -0.319302 
vn 0 -0.976621 -0.21497 
vn 0 -0.907575 -0.419889 
vn 0 -0.947653 -0.319302 
vn 0 -0.856857 -0.515554 
vn 0 -0.907575 -0.419889 
vn 0 -0.796093 -0.605174 
vn 0 -0.856857 -0.515554 
vn 0 -0.725995 -0.687699 
vn 0 -0.796093 -0.605174 
vn 0 0.796093 -0.605174 
vn 0 0.725995 -0.687699 
vn 0 0.856857 -0.515554 
vn 0 0.796093 -0.605174 
vn 0 0.907575 -0.419889 
vn 0 0.856857 -0.515554 
vn 0 0.947653 -0.319302 
vn 0 0.907575 -0.419889 
vn 0 0.976621 -0.21497 
vn 0 0.947653 -0.319302 
vn 0 0.994138 -0.108119 
vn 0 0.976621 -0.21497 
vn 0 -0.647386 0.762162 
vn 0 -0.657884 0.753119 
vn 0 -0.665689 0.746229 
vn 0 -0.662735 0.748854 
vn 0 -0.666667 0.745356 
vn 0 -0.561187 0.827689 
vn 0 -0.619318 0.78514 
vn 0 -0.604967 0.796251 
vn 0 -0.631716 0.7752 
vn 0 -0.589008 0.808127 
vn 0 -0.647386 0.762162 
vn 0 -0.641879 0.766806 
vn 0 -0.468408 0.883512 
vn 0 -0.551793 0.833981 
vn 0 -0.508108 0.861293 
vn 0 -0.561186 0.82769 
vn 0 -0.370138 0.928977 
vn 0 -0.458466 0.888712 
vn 0 -0.403449 0.915002 
vn 0 -0.468405 0.883514 
vn 0 -0.267528 0.96355 
vn 0 -0.312336 0.949972 
vn 0 -0.279926 0.960022 
vn 0 -0.370138 0.928977 
vn 0 -0.343431 0.939178 
vn 0 -0.267528 0.96355 
vn 0 -0.212868 0.977081 
vn 0 -0.161782 0.986827 
vn 0 -0.0541389 0.998533 
vn 0 -0.10792 0.99416 
vn 0 -0.0720793 0.997399 
vn 0 -0.161782 0.986827 
vn 0 -0.143258 0.989685 
vn 0 -0.0541389 0.998533 
vn 0 -1.15648e-15 1 
vn 0 0.0541389 0.998533 
vn 0 0.161782 0.986827 
vn 0 0.107904 0.994161 
vn 0 0.143314 0.989677 
vn 0 0.0541389 0.998533 
vn 0 0.0720432 0.997402 
vn 0 0.267528 0.96355 
vn 0 0.161782 0.986827 
vn 0 0.212868 0.977081 
vn 0 0.370138 0.928977 
vn 0 0.267528 0.96355 
vn 0 0.279826 0.960051 
vn 0 0.312392 0.949953 
vn 0 0.343703 0.939079 
vn 0 0.468408 0.883512 
vn 0 0.370136 0.928977 
vn 0 0.403449 0.915002 
vn 0 0.458466 0.888712 
vn 0 0.561187 0.827689 
vn 0 0.468405 0.883514 
vn 0 0.508108 0.861293 
vn 0 0.551793 0.833981 
vn 0 0.647386 0.762162 
vn 0 0.63169 0.775221 
vn 0 0.642367 0.766397 
vn 0 0.589008 0.808127 
vn 0 0.604999 0.796227 
vn 0 0.619318 0.78514 
vn 0 0.561186 0.82769 
vn 0 0.657884 0.753119 
vn 0 0.662744 0.748846 
vn 0 0.665689 0.746229 
vn 0 0.725995 0.687699 
vn 0 0.647386 0.762162 
vn 0 0.647386 -0.762162 
vn 0 0.657884 -0.753119 
vn 0 0.665689 -0.746229 
vn 0 0.662737 -0.748853 
vn 0 0.666667 -0.745356 
vn 0 0.561187 -0.827689 
vn 0 0.619318 -0.78514 
vn 0 0.60497 -0.796248 
vn 0 0.631704 -0.77521 
vn 0 0.589008 -0.808127 
vn 0 0.647386 -0.762162 
vn 0 0.641879 -0.766806 
vn 0 0.468408 -0.883512 
vn 0 0.551793 -0.833981 
vn 0 0.508108 -0.861293 
vn 0 0.561186 -0.82769 
vn 0 0.370138 -0.928977 
vn 0 0.458466 -0.888712 
vn 0 0.403449 -0.915002 
vn 0 0.468405 -0.883514 
vn 0 0.267528 -0.96355 
vn 0 0.312336 -0.949972 
vn 0 0.279926 -0.960022 
vn 0 0.343431 -0.939178 
vn 0 0.370138 -0.928977 
vn 0 0.267528 -0.96355 
vn 0 0.212868 -0.977081 
vn 0 0.161782 -0.986827 
vn 0 0.0541389 -0.998533 
vn 0 0.107904 -0.994161 
vn 0 0.0720793 -0.997399 
vn 0 0.161782 -0.986827 
vn 0 0.143258 -0.989685 
vn 0 -0.0541389 -0.998533 
vn 0 0.000336204 -1 
vn 0 -0.0270294 -0.999635 
vn 0 0.0541389 -0.998533 
vn 0 0.0362366 -0.999343 
vn 0 -0.161782 -0.986827 
vn 0 -0.107916 -0.99416 
vn 0 -0.143314 -0.989677 
vn 0 -0.0541389 -0.998533 
vn 0 -0.0720432 -0.997402 
vn 0 -0.267528 -0.96355 
vn 0 -0.161782 -0.986827 
vn 0 -0.212868 -0.977081 
vn 0 -0.370138 -0.928977 
vn 0 -0.267528 -0.96355 
vn 0 -0.279826 -0.960051 
vn 0 -0.312392 -0.949953 
vn 0 -0.343703 -0.939079 
vn 0 -0.468408 -0.883512 
vn 0 -0.370136 -0.928977 
vn 0 -0.403449 -0.915002 
vn 0 -0.458466 -0.888712 
vn 0 -0.561187 -0.827689 
vn 0 -0.468405 -0.883514 
vn 0 -0.508108 -0.861293 
vn 0 -0.551793 -0.833981 
vn 0 -0.647386 -0.762162 
vn 0 -0.63169 -0.775221 
vn 0 -0.642367 -0.766397 
vn 0 -0.589008 -0.808127 
vn 0 -0.604999 -0.796227 
vn 0 -0.619318 -0.78514 
vn 0 -0.561186 -0.82769 
vn 0 -0.657884 -0.753119 
vn 0 -0.662744 -0.748846 
vn 0 -0.665689 -0.746229 
vn 0 -0.725995 -0.687699 
vn 0 -0.647386 -0.762162 
vn 0 -0.666667 -0.745356 
vn 0 0.666667 0.745356 
vn 1 0 0 
vn 0 0 -1 
vn -0.994138 -0.108119 0 
vn -0.994139 -0.108109 0 
vn -0.996697 -0.0812084 0 
vn -0.976621 -0.21497 0 
vn -0.986811 -0.161874 0 
vn -0.947653 -0.319302 0 
vn -0.970108 -0.242673 0 
vn -0.907575 -0.419889 0 
vn -0.91595 -0.401293 0 
vn -0.907579 -0.419881 0 
vn -0.856857 -0.515554 0 
vn -0.883417 -0.468588 0 
vn -0.796093 -0.605174 0 
vn -0.831367 -0.555724 0 
vn -0.725995 -0.687699 0 
vn -0.647386 -0.762162 0 
vn -0.711108 -0.703083 0 
vn -0.561187 -0.827689 0 
vn -0.468408 -0.883512 0 
vn -0.538631 -0.842542 0 
vn -0.370138 -0.928977 0 
vn -0.420057 -0.907498 0 
vn -0.267528 -0.96355 0 
vn -0.319654 -0.947534 0 
vn -0.161782 -0.986827 0 
vn -0.238757 -0.971079 0 
vn -0.0541389 -0.998533 0 
vn -0.108327 -0.994115 0 
vn 0.0541389 -0.998533 0 
vn 0.161782 -0.986827 0 
vn 0.267528 -0.96355 0 
vn 0.370138 -0.928977 0 
vn 0.468408 -0.883512 0 
vn 0.561187 -0.827689 0 
vn 0.647386 -0.762162 0 
vn -0.994138 0.108119 0 
vn -0.99852 0.0543907 0 
vn -0.996697 0.0812084 0 
vn -0.994138 0.108119 0 
vn -0.986814 0.161855 0 
vn -0.976621 0.21497 0 
vn -0.947653 0.319302 0 
vn -0.970108 0.242673 0 
vn -0.976618 0.21498 0 
vn -0.907575 0.419889 0 
vn -0.947653 0.319302 0 
vn -0.91595 0.401293 0 
vn -0.907575 0.419889 0 
vn -0.883462 0.468504 0 
vn -0.856857 0.515554 0 
vn -0.796093 0.605174 0 
vn -0.856855 0.515558 0 
vn -0.831712 0.555207 0 
vn -0.725995 0.687699 0 
vn -0.796093 0.605174 0 
vn -0.647386 0.762162 0 
vn -0.725995 0.687699 0 
vn -0.711108 0.703083 0 
vn -0.561187 0.827689 0 
vn -0.647386 0.762162 0 
vn -0.468408 0.883512 0 
vn -0.561187 0.827689 0 
vn -0.538631 0.842542 0 
vn -0.370138 0.928977 0 
vn -0.468408 0.883512 0 
vn -0.42015 0.907455 0 
vn -0.267528 0.96355 0 
vn -0.370138 0.928977 0 
vn -0.31959 0.947556 0 
vn -0.161782 0.986827 0 
vn -0.267519 0.963553 0 
vn -0.238757 0.971079 0 
vn -0.0541389 0.998533 0 
vn -0.161782 0.986827 0 
vn -0.108422 0.994105 0 
vn -0.725995 0.687699 0 
vn -0.796093 0.605174 0 
vn -0.831367 0.555724 0 
vn -0.856857 0.515554 0 
vn -0.883417 0.468588 0 
vn -0.907579 0.419881 0 
vn -0.907575 0.419889 0 
vn -0.91595 0.401293 0 
vn -0.947653 0.319302 0 
vn -0.970108 0.242673 0 
vn -0.976621 0.21497 0 
vn -0.947653 0.319302 0 
vn -0.986814 0.161856 0 
vn -0.994139 0.108109 0 
vn -0.994138 0.108119 0 
vn -0.996697 0.0812084 0 
vn -1 2.44929e-16 0 
vn -0.994138 -0.108119 0 
vn -0.996697 -0.0812084 0 
vn -0.976621 -0.21497 0 
vn -0.994138 -0.108119 0 
vn -0.98681 -0.16188 0 
vn -0.947653 -0.319302 0 
vn -0.976618 -0.21498 0 
vn -0.970108 -0.242673 0 
vn -0.907575 -0.419889 0 
vn -0.947653 -0.319302 0 
vn -0.91595 -0.401293 0 
vn -0.856857 -0.515554 0 
vn -0.907575 -0.419889 0 
vn -0.883462 -0.468503 0 
vn -0.796093 -0.605174 0 
vn -0.856855 -0.515558 0 
vn -0.831712 -0.555207 0 
vn -0.725995 -0.687699 0 
vn -0.796093 -0.605174 0 
vn -0.647386 -0.762162 0 
vn -0.725995 -0.687699 0 
vn -0.711108 -0.703083 0 
vn -0.561187 -0.827689 0 
vn -0.647386 -0.762162 0 
vn -0.468408 -0.883512 0 
vn -0.561187 -0.827689 0 
vn -0.538631 -0.842542 0 
vn -0.370138 -0.928977 0 
vn -0.468408 -0.883512 0 
vn -0.420159 -0.90745 0 
vn -0.267528 -0.96355 0 
vn -0.370138 -0.928977 0 
vn -0.319536 -0.947574 0 
vn -0.161782 -0.986827 0 
vn -0.267519 -0.963553 0 
vn -0.238757 -0.971079 0 
vn -0.0541389 -0.998533 0 
vn -0.161782 -0.986827 0 
vn -0.108438 -0.994103 0 
vn 3.49148e-15 -1 0 
vn 0.0541389 -0.998533 0 
vn -0.0541389 -0.998533 0 
vn -0.561187 0.827689 0 
vn -0.647386 0.762162 0 
vn -0.468408 0.883512 0 
vn -0.538631 0.842542 0 
vn -0.370138 0.928977 0 
vn -0.420057 0.907498 0 
vn -0.267528 0.96355 0 
vn -0.319654 0.947534 0 
vn -0.161782 0.986827 0 
vn -0.238757 0.971079 0 
vn -0.0541389 0.998533 0 
vn -0.108327 0.994115 0 
vn 0.0541389 0.998533 0 
vn 3.73641e-15 1 0 
vn -0.0541389 0.998533 0 
vn 0.161782 0.986827 0 
vn 0.267528 0.96355 0 
vn 0.370138 0.928977 0 
vn 0.468408 0.883512 0 
vn 0.561187 0.827689 0 
vn 0.647386 0.762162 0 
vn 0.725995 0.687699 0 
vn 0.796093 0.605174 0 
vn 0.856857 0.515554 0 
vn 0.907575 0.419889 0 
vn 0.947653 0.319302 0 
vn 0.976621 0.21497 0 
vn 0.994138 0.108119 0 
vn 1 -1.22465e-16 0 
vn 0.994138 -0.108119 0 
vn 0.976621 -0.21497 0 
vn 0.947653 -0.319302 0 
vn 0.907575 -0.419889 0 
vn 0.856857 -0.515554 0 
vn 0.796093 -0.605174 0 
vn 0.725995 -0.687699 0 
vn 0.707107 -0.707107 0 
vn -0.707107 0.707107 0 
vn -0.711108 0.703083 0 
vn -0.647386 0.762162 0 
vn 0.707107 -0.707107 0 
vn -0.999178 -0.0405441 0 
vn -0.707107 0.707107 0 
vn 0.707107 -0.707107 0 
vn 0.62651 -0.779413 0 
vn 0.538568 -0.842582 0 
vn 0.444312 -0.895872 0 
vn 0.344846 -0.938659 0 
vn 0.241338 -0.970441 0 
vn 0.135 -0.990846 0 
vn 0.0270794 -0.999633 0 
vn -0.0811587 -0.996701 0 
vn -0.188445 -0.982084 0 
vn -0.293523 -0.955952 0 
vn -0.395159 -0.918613 0 
vn -0.492162 -0.870504 0 
vn -0.583395 -0.812189 0 
vn -0.667788 -0.744352 0 
vn -0.744352 -0.667788 0 
vn -0.812189 -0.583395 0 
vn -0.870504 -0.492162 0 
vn -0.918613 -0.395159 0 
vn -0.955952 -0.293523 0 
vn -0.982084 -0.188445 0 
vn -0.996701 -0.0811587 0 
vn -0.999633 0.0270794 0 
vn -0.990846 0.135 0 
vn -0.970441 0.241338 0 
vn -0.938659 0.344846 0 
vn -0.895872 0.444312 0 
vn -0.842582 0.538568 0 
vn -0.779413 0.62651 0 
vn -0.707107 0.707107 0 
vn 0.707107 -0.707107 0 
vn 0.62651 -0.779413 0 
vn 0.538568 -0.842582 0 
vn 0.444312 -0.895872 0 
vn 0.344846 -0.938659 0 
vn 0.241338 -0.970441 0 
vn 0.135 -0.990846 0 
vn 0.0270794 -0.999633 0 
vn -0.0811587 -0.996701 0 
vn -0.188445 -0.982084 0 
vn -0.293523 -0.955952 0 
vn -0.395159 -0.918613 0 
vn -0.492162 -0.870504 0 
vn -0.583395 -0.812189 0 
vn -0.667788 -0.744352 0 
vn -0.744352 -0.667788 0 
vn -0.812189 -0.583395 0 
vn -0.870504 -0.492162 0 
vn -0.918613 -0.395159 0 
vn -0.955952 -0.293523 0 
vn -0.982084 -0.188445 0 
vn -0.996701 -0.0811587 0 
vn -0.999633 0.0270794 0 
vn -0.990846 0.135 0 
vn -0.970441 0.241338 0 
vn -0.938659 0.344846 0 
vn -0.895872 0.444312 0 
vn -0.842582 0.538568 0 
vn -0.779413 0.62651 0 
vn -0.707107 0.707107 0 
vn 0.707107 -0.707107 0 
vn 0.62651 -0.779413 0 
vn 0.538568 -0.842582 0 
vn 0.444312 -0.895872 0 
vn 0.344846 -0.938659 0 
vn 0.241338 -0.970441 0 
vn 0.135 -0.990846 0 
vn 0.0270794 -0.999633 0 
vn -0.0811587 -0.996701 0 
vn -0.188445 -0.982084 0 
vn -0.293523 -0.955952 0 
vn -0.395159 -0.918613 0 
vn -0.492162 -0.870504 0 
vn -0.583395 -0.812189 0 
vn -0.667788 -0.744352 0 
vn -0.744352 -0.667788 0 
vn -0.812189 -0.583395 0 
vn -0.870504 -0.492162 0 
vn -0.918613 -0.395159 0 
vn -0.955952 -0.293523 0 
vn -0.982084 -0.188445 0 
vn -0.996701 -0.0811587 0 
vn -0.999633 0.0270794 0 
vn -0.990846 0.135 0 
vn -0.970441 0.241338 0 
vn -0.938659 0.344846 0 
vn -0.895872 0.444312 0 
vn -0.842582 0.538568 0 
vn -0.779413 0.62651 0 
vn -0.707107 0.707107 0 
vn 0.707107 -0.707107 0 
vn 0.62651 -0.779413 0 
vn 0.538568 -0.842582 0 
vn 0.444312 -0.895872 0 
vn 0.344846 -0.938659 0 
vn 0.241338 -0.970441 0 
vn 0.135 -0.990846 0 
vn 0.0270794 -0.999633 0 
vn -0.0811587 -0.996701 0 
vn -0.188445 -0.982084 0 
vn -0.293523 -0.955952 0 
vn -0.395159 -0.918613 0 
vn -0.492162 -0.870504 0 
vn -0.583395 -0.812189 0 
vn -0.667788 -0.744352 0 
vn -0.744352 -0.667788 0 
vn -0.812189 -0.583395 0 
vn -0.870504 -0.492162 0 
vn -0.918613 -0.395159 0 
vn -0.955952 -0.293523 0 
vn -0.982084 -0.188445 0 
vn -0.996701 -0.0811587 0 
vn -0.999633 0.0270794 0 
vn -0.990846 0.135 0 
vn -0.970441 0.241338 0 
vn -0.938659 0.344846 0 
vn -0.895872 0.444312 0 
vn -0.842582 0.538568 0 
vn -0.779413 0.62651 0 
vn -0.707107 0.707107 0 
vn 0.707107 -0.707107 0 
vn 0.62651 -0.779413 0 
vn 0.538568 -0.842582 0 
vn 0.444312 -0.895872 0 
vn 0.344846 -0.938659 0 
vn 0.241338 -0.970441 0 
vn 0.135 -0.990846 0 
vn 0.0270794 -0.999633 0 
vn -0.0811587 -0.996701 0 
vn -0.188445 -0.982084 0 
vn -0.293523 -0.955952 0 
vn -0.395159 -0.918613 0 
vn -0.492162 -0.870504 0 
vn -0.583395 -0.812189 0 
vn -0.667788 -0.744352 0 
vn -0.744352 -0.667788 0 
vn -0.812189 -0.583395 0 
vn -0.870504 -0.492162 0 
vn -0.918613 -0.395159 0 
vn -0.955952 -0.293523 0 
vn -0.982084 -0.188445 0 
vn -0.996701 -0.0811587 0 
vn -0.999633 0.0270794 0 
vn -0.990846 0.135 0 
vn -0.970441 0.241338 0 
vn -0.938659 0.344846 0 
vn -0.895872 0.444312 0 
vn -0.842582 0.538568 0 
vn -0.779413 0.62651 0 
vn -0.707107 0.707107 0 
vn 0.707107 -0.707107 0 
vn 0.62651 -0.779413 0 
vn 0.538568 -0.842582 0 
vn 0.444312 -0.895872 0 
vn 0.344846 -0.938659 0 
vn 0.241338 -0.970441 0 
vn 0.135 -0.990846 0 
vn 0.0270794 -0.999633 0 
vn -0.0811587 -0.996701 0 
vn -0.188445 -0.982084 0 
vn -0.293523 -0.955952 0 
vn -0.395159 -0.918613 0 
vn -0.492162 -0.870504 0 
vn -0.583395 -0.812189 0 
vn -0.667788 -0.744352 0 
vn -0.744352 -0.667788 0 
vn -0.812189 -0.583395 0 
vn -0.870504 -0.492162 0 
vn -0.918613 -0.395159 0 
vn -0.955952 -0.293523 0 
vn -0.982084 -0.188445 0 
vn -0.996701 -0.0811587 0 
vn -0.999633 0.0270794 0 
vn -0.990846 0.135 0 
vn -0.970441 0.241338 0 
vn -0.938659 0.344846 0 
vn -0.895872 0.444312 0 
vn -0.842582 0.538568 0 
vn -0.779413 0.62651 0 
vn -0.707107 0.707107 0 
vn 0.707107 -0.707107 0 
vn 0.779413 -0.62651 0 
vn 0.842582 -0.538568 0 
vn 0.895872 -0.444312 0 
vn 0.938659 -0.344846 0 
vn 0.970441 -0.241338 0 
vn 0.990846 -0.135 0 
vn 0.999633 -0.0270794 0 
vn 0.996701 0.0811587 0 
vn 0.982084 0.188445 0 
vn 0.955952 0.293523 0 
vn 0.918613 0.395159 0 
vn 0.870504 0.492162 0 
vn 0.812189 0.583395 0 
vn 0.744352 0.667788 0 
vn 0.667788 0.744352 0 
vn 0.583395 0.812189 0 
vn 0.492162 0.870504 0 
vn 0.395159 0.918613 0 
vn 0.293523 0.955952 0 
vn 0.188445 0.982084 0 
vn 0.0811587 0.996701 0 
vn -0.0270794 0.999633 0 
vn -0.135 0.990846 0 
vn -0.241338 0.970441 0 
vn -0.344846 0.938659 0 
vn -0.444312 0.895872 0 
vn -0.538568 0.842582 0 
vn -0.62651 0.779413 0 
vn -0.707107 0.707107 0 
vn 0.707107 -0.707107 0 
vn 0.779413 -0.62651 0 
vn 0.842582 -0.538568 0 
vn 0.895872 -0.444312 0 
vn 0.938659 -0.344846 0 
vn 0.970441 -0.241338 0 
vn 0.990846 -0.135 0 
vn 0.999633 -0.0270794 0 
vn 0.996701 0.0811587 0 
vn 0.982084 0.188445 0 
vn 0.955952 0.293523 0 
vn 0.918613 0.395159 0 
vn 0.870504 0.492162 0 
vn 0.812189 0.583395 0 
vn 0.744352 0.667788 0 
vn 0.667788 0.744352 0 
vn 0.583395 0.812189 0 
vn 0.492162 0.870504 0 
vn 0.395159 0.918613 0 
vn 0.293523 0.955952 0 
vn 0.188445 0.982084 0 
vn 0.0811587 0.996701 0 
vn -0.0270794 0.999633 0 
vn -0.135 0.990846 0 
vn -0.241338 0.970441 0 
vn -0.344846 0.938659 0 
vn -0.444312 0.895872 0 
vn -0.538568 0.842582 0 
vn -0.62651 0.779413 0 
vn -0.707107 0.707107 0 
vn 0.707107 -0.707107 0 
vn 0.779413 -0.62651 0 
vn 0.842582 -0.538568 0 
vn 0.895872 -0.444312 0 
vn 0.938659 -0.344846 0 
vn 0.970441 -0.241338 0 
vn 0.990846 -0.135 0 
vn 0.999633 -0.0270794 0 
vn 0.996701 0.0811587 0 
vn 0.982084 0.188445 0 
vn 0.955952 0.293523 0 
vn 0.918613 0.395159 0 
vn 0.870504 0.492162 0 
vn 0.812189 0.583395 0 
vn 0.744352 0.667788 0 
vn 0.667788 0.744352 0 
vn 0.583395 0.812189 0 
vn 0.492162 0.870504 0 
vn 0.395159 0.918613 0 
vn 0.293523 0.955952 0 
vn 0.188445 0.982084 0 
vn 0.0811587 0.996701 0 
vn -0.0270794 0.999633 0 
vn -0.135 0.990846 0 
vn -0.241338 0.970441 0 
vn -0.344846 0.938659 0 
vn -0.444312 0.895872 0 
vn -0.538568 0.842582 0 
vn -0.62651 0.779413 0 
vn -0.707107 0.707107 0 
vn 0.707107 -0.707107 0 
vn 0.779413 -0.62651 0 
vn 0.842582 -0.538568 0 
vn 0.895872 -0.444312 0 
vn 0.938659 -0.344846 0 
vn 0.970441 -0.241338 0 
vn 0.990846 -0.135 0 
vn 0.999633 -0.0270794 0 
vn 0.996701 0.0811587 0 
vn 0.982084 0.188445 0 
vn 0.955952 0.293523 0 
vn 0.918613 0.395159 0 
vn 0.870504 0.492162 0 
vn 0.812189 0.583395 0 
vn 0.744352 0.667788 0 
vn 0.667788 0.744352 0 
vn 0.583395 0.812189 0 
vn 0.492162 0.870504 0 
vn 0.395159 0.918613 0 
vn 0.293523 0.955952 0 
vn 0.188445 0.982084 0 
vn 0.0811587 0.996701 0 
vn -0.0270794 0.999633 0 
vn -0.135 0.990846 0 
vn -0.241338 0.970441 0 
vn -0.344846 0.938659 0 
vn -0.444312 0.895872 0 
vn -0.538568 0.842582 0 
vn -0.62651 0.779413 0 
vn -0.707107 0.707107 0 
vn 0.707107 -0.707107 0 
vn 0.779413 -0.62651 0 
vn 0.842582 -0.538568 0 
vn 0.895872 -0.444312 0 
vn 0.938659 -0.344846 0 
vn 0.970441 -0.241338 0 
vn 0.990846 -0.135 0 
vn 0.999633 -0.0270794 0 
vn 0.996701 0.0811587 0 
vn 0.982084 0.188445 0 
vn 0.955952 0.293523 0 
vn 0.918613 0.395159 0 
vn 0.870504 0.492162 0 
vn 0.812189 0.583395 0 
vn 0.744352 0.667788 0 
vn 0.667788 0.744352 0 
vn 0.583395 0.812189 0 
vn 0.492162 0.870504 0 
vn 0.395159 0.918613 0 
vn 0.293523 0.955952 0 
vn 0.188445 0.982084 0 
vn 0.0811587 0.996701 0 
vn -0.0270794 0.999633 0 
vn -0.135 0.990846 0 
vn -0.241338 0.970441 0 
vn -0.344846 0.938659 0 
vn -0.444312 0.895872 0 
vn -0.538568 0.842582 0 
vn -0.62651 0.779413 0 
vn -0.707107 0.707107 0 
vn 0 0 -1 
vn 0.707107 -0.707107 0 
vn 0.779413 -0.62651 0 
vn 0.842582 -0.538568 0 
vn 0.895872 -0.444312 0 
vn 0.938659 -0.344846 0 
vn 0.970441 -0.241338 0 
vn 0.990846 -0.135 0 
vn 0.999633 -0.0270794 0 
vn 0.996701 0.0811587 0 
vn 0.982084 0.188445 0 
vn 0.955952 0.293523 0 
vn 0.918613 0.395159 0 
vn 0.870504 0.492162 0 
vn 0.812189 0.583395 0 
vn 0.744352 0.667788 0 
vn 0.667788 0.744352 0 
vn 0.583395 0.812189 0 
vn 0.492162 0.870504 0 
vn 0.395159 0.918613 0 
vn 0.293523 0.955952 0 
vn 0.188445 0.982084 0 
vn 0.0811587 0.996701 0 
vn -0.0270794 0.999633 0 
vn -0.135 0.990846 0 
vn -0.241338 0.970441 0 
vn -0.344846 0.938659 0 
vn -0.444312 0.895872 0 
vn -0.538568 0.842582 0 
vn -0.62651 0.779413 0 
vn -0.707107 0.707107 0 
vn 0 0 -1 
vn 1 0 0 
vn 0.994138 0.108119 0 
vn 0.976621 0.21497 0 
vn 0.947653 0.319302 0 
vn 0.907575 0.419889 0 
vn 0.856857 0.515554 0 
vn 0.796093 0.605174 0 
vn 0.725995 0.687699 0 
vn 0.647386 0.762162 0 
vn 0.561187 0.827689 0 
vn 0.468408 0.883512 0 
vn 0.370138 0.928977 0 
vn 0.267528 0.96355 0 
vn 0.161782 0.986827 0 
vn 0.0541389 0.998533 0 
vn -0.0541389 0.998533 0 
vn -0.161782 0.986827 0 
vn -0.267528 0.96355 0 
vn -0.370138 0.928977 0 
vn -0.468408 0.883512 0 
vn -0.561187 0.827689 0 
vn -0.647386 0.762162 0 
vn -0.725995 0.687699 0 
vn -0.796093 0.605174 0 
vn -0.856857 0.515554 0 
vn -0.907575 0.419889 0 
vn -0.947653 0.319302 0 
vn -0.976621 0.21497 0 
vn -0.994138 0.108119 0 
vn -1 5.66554e-16 0 
vn -0.994138 -0.108119 0 
vn -0.976621 -0.21497 0 
vn -0.947653 -0.319302 0 
vn -0.907575 -0.419889 0 
vn -0.856857 -0.515554 0 
vn -0.796093 -0.605174 0 
vn -0.725995 -0.687699 0 
vn -0.647386 -0.762162 0 
vn -0.561187 -0.827689 0 
vn -0.468408 -0.883512 0 
vn -0.370138 -0.928977 0 
vn -0.267528 -0.96355 0 
vn -0.161782 -0.986827 0 
vn -0.0541389 -0.998533 0 
vn 0.0541389 -0.998533 0 
vn 0.161782 -0.986827 0 
vn 0.267528 -0.96355 0 
vn 0.370138 -0.928977 0 
vn 0.468408 -0.883512 0 
vn 0.561187 -0.827689 0 
vn 0.647386 -0.762162 0 
vn 0.725995 -0.687699 0 
vn 0.796093 -0.605174 0 
vn 0.856857 -0.515554 0 
vn 0.907575 -0.419889 0 
vn 0.947653 -0.319302 0 
vn 0.976621 -0.21497 0 
vn 0.994138 -0.108119 0 
vn 0 0 -1 
vn -0.994138 -0.108119 0 
vn -0.994139 -0.108109 0 
vn -0.996697 -0.0812084 0 
vn -0.976621 -0.21497 0 
vn -0.986811 -0.161874 0 
vn -0.947653 -0.319302 0 
vn -0.970108 -0.242673 0 
vn -0.907575 -0.419889 0 
vn -0.91595 -0.401293 0 
vn -0.907579 -0.419881 0 
vn -0.856857 -0.515554 0 
vn -0.883417 -0.468588 0 
vn -0.796093 -0.605174 0 
vn -0.831367 -0.555724 0 
vn -0.725995 -0.687699 0 
vn -0.647386 -0.762162 0 
vn -0.711108 -0.703083 0 
vn -0.561187 -0.827689 0 
vn -0.468408 -0.883512 0 
vn -0.538631 -0.842542 0 
vn -0.370138 -0.928977 0 
vn -0.420057 -0.907498 0 
vn -0.267528 -0.96355 0 
vn -0.319654 -0.947534 0 
vn -0.161782 -0.986827 0 
vn -0.238757 -0.971079 0 
vn -0.0541389 -0.998533 0 
vn -0.108327 -0.994115 0 
vn 0.725995 -0.687699 0 
vn 0.796093 -0.605174 0 
vn 0.856857 -0.515554 0 
vn 0.907575 -0.419889 0 
vn 0.947653 -0.319302 0 
vn 0.976621 -0.21497 0 
vn 0.994138 -0.108119 0 
vn 1 -1.22465e-16 0 
vn 0.994138 0.108119 0 
vn 0.976621 0.21497 0 
vn 0.947653 0.319302 0 
vn 0.907575 0.419889 0 
vn 0.856857 0.515554 0 
vn 0.796093 0.605174 0 
vn 0.725995 0.687699 0 
vn 0.647386 0.762162 0 
vn 0.561187 0.827689 0 
vn 0.468408 0.883512 0 
vn 0.370138 0.928977 0 
vn 0.267528 0.96355 0 
vn 0.161782 0.986827 0 
vn 0.0541389 0.998533 0 
vn -0.994138 0.108119 0 
vn -0.99852 0.0543907 0 
vn -0.996697 0.0812084 0 
vn -0.994138 0.108119 0 
vn -0.986814 0.161855 0 
vn -0.976621 0.21497 0 
vn -0.947653 0.319302 0 
vn -0.970108 0.242673 0 
vn -0.976618 0.21498 0 
vn -0.907575 0.419889 0 
vn -0.947653 0.319302 0 
vn -0.91595 0.401293 0 
vn -0.907575 0.419889 0 
vn -0.883462 0.468504 0 
vn -0.856857 0.515554 0 
vn -0.796093 0.605174 0 
vn -0.856855 0.515558 0 
vn -0.831712 0.555207 0 
vn -0.725995 0.687699 0 
vn -0.796093 0.605174 0 
vn -0.647386 0.762162 0 
vn -0.725995 0.687699 0 
vn -0.711108 0.703083 0 
vn -0.561187 0.827689 0 
vn -0.647386 0.762162 0 
vn -0.468408 0.883512 0 
vn -0.561187 0.827689 0 
vn -0.538631 0.842542 0 
vn -0.370138 0.928977 0 
vn -0.468408 0.883512 0 
vn -0.42015 0.907455 0 
vn -0.267528 0.96355 0 
vn -0.370138 0.928977 0 
vn -0.31959 0.947556 0 
vn -0.161782 0.986827 0 
vn -0.267519 0.963553 0 
vn -0.238757 0.971079 0 
vn -0.0541389 0.998533 0 
vn -0.161782 0.986827 0 
vn -0.108422 0.994105 0 
vn 1.83697e-16 1 0 
vn -0.0541389 0.998533 0 
vn -0.108327 0.994115 0 
vn -0.161782 0.986827 0 
vn -0.238757 0.971079 0 
vn -0.267528 0.96355 0 
vn -0.319654 0.947534 0 
vn -0.370138 0.928977 0 
vn -0.420057 0.907498 0 
vn -0.468408 0.883512 0 
vn -0.538631 0.842542 0 
vn -0.561187 0.827689 0 
vn -0.647386 0.762162 0 
vn 0.725995 -0.687699 0 
vn 0.707107 -0.707107 0 
vn 0.647386 -0.762162 0 
vn 0.561187 -0.827689 0 
vn 0.468408 -0.883512 0 
vn 0.370138 -0.928977 0 
vn 0.267528 -0.96355 0 
vn 0.161782 -0.986827 0 
vn 0.0541389 -0.998533 0 
vn -7.27366e-16 -1 0 
vn -0.0541389 -0.998533 0 
vn -0.161782 -0.986827 0 
vn -0.108438 -0.994103 0 
vn -0.267528 -0.96355 0 
vn -0.267519 -0.963553 0 
vn -0.238757 -0.971079 0 
vn -0.370138 -0.928977 0 
vn -0.319536 -0.947574 0 
vn -0.468408 -0.883512 0 
vn -0.420159 -0.90745 0 
vn -0.561187 -0.827689 0 
vn -0.538631 -0.842542 0 
vn -0.647386 -0.762162 0 
vn -0.725995 -0.687699 0 
vn -0.711108 -0.703083 0 
vn -0.796093 -0.605174 0 
vn -0.856857 -0.515554 0 
vn -0.856855 -0.515558 0 
vn -0.831712 -0.555207 0 
vn -0.907575 -0.419889 0 
vn -0.883462 -0.468503 0 
vn -0.947653 -0.319302 0 
vn -0.91595 -0.401293 0 
vn -0.976621 -0.21497 0 
vn -0.976618 -0.21498 0 
vn -0.970108 -0.242673 0 
vn -0.994138 -0.108119 0 
vn -0.98681 -0.16188 0 
vn -1 2.44929e-16 0 
vn -0.996697 -0.0812084 0 
vn -0.994138 0.108119 0 
vn -0.994139 0.108109 0 
vn -0.996697 0.0812084 0 
vn -0.976621 0.21497 0 
vn -0.986814 0.161856 0 
vn -0.947653 0.319302 0 
vn -0.970108 0.242673 0 
vn -0.907575 0.419889 0 
vn -0.907579 0.419881 0 
vn -0.91595 0.401293 0 
vn -0.856857 0.515554 0 
vn -0.883417 0.468588 0 
vn -0.796093 0.605174 0 
vn -0.831367 0.555724 0 
vn -0.725995 0.687699 0 
vn -0.647386 0.762162 0 
vn -0.707107 0.707107 0 
vn -0.711108 0.703083 0 
vn -0.999178 -0.0405441 0 
vn 0 0.994138 0.108119 
vn 0 1 2.44929e-16 
vn 0 0.976621 0.21497 
vn 0 0.994138 0.108119 
vn 0 0.947653 0.319302 
vn 0 0.976621 0.21497 
vn 0 0.907575 0.419889 
vn 0 0.947653 0.319302 
vn 0 0.856857 0.515554 
vn 0 0.907575 0.419889 
vn 0 0.796093 0.605174 
vn 0 0.856857 0.515554 
vn 0 0.725995 0.687699 
vn 0 0.796093 0.605174 
vn 0 -0.796093 0.605174 
vn 0 -0.725995 0.687699 
vn 0 -0.856857 0.515554 
vn 0 -0.796093 0.605174 
vn 0 -0.907575 0.419889 
vn 0 -0.856857 0.515554 
vn 0 -0.947653 0.319302 
vn 0 -0.907575 0.419889 
vn 0 -0.976621 0.21497 
vn 0 -0.947653 0.319302 
vn 0 -0.994138 0.108119 
vn 0 -0.976621 0.21497 
vn 0 -1 -1.22465e-16 
vn 0 -0.994138 0.108119 
vn 0 -0.994138 -0.108119 
vn 0 -1 0 
vn 0 -0.976621 -0.21497 
vn 0 -0.994138 -0.108119 
vn 0 -0.947653 -0.319302 
vn 0 -0.976621 -0.21497 
vn 0 -0.907575 -0.419889 
vn 0 -0.947653 -0.319302 
vn 0 -0.856857 -0.515554 
vn 0 -0.907575 -0.419889 
vn 0 -0.796093 -0.605174 
vn 0 -0.856857 -0.515554 
vn 0 -0.725995 -0.687699 
vn 0 -0.796093 -0.605174 
vn 0 0.796093 -0.605174 
vn 0 0.725995 -0.687699 
vn 0 0.856857 -0.515554 
vn 0 0.796093 -0.605174 
vn 0 0.907575 -0.419889 
vn 0 0.856857 -0.515554 
vn 0 0.947653 -0.319302 
vn 0 0.907575 -0.419889 
vn 0 0.976621 -0.21497 
vn 0 0.947653 -0.319302 
vn 0 0.994138 -0.108119 
vn 0 0.976621 -0.21497 
vn 0 -0.647386 0.762162 
vn 0 -0.657884 0.753119 
vn 0 -0.665689 0.746229 
vn 0 -0.662735 0.748854 
vn 0 -0.666667 0.745356 
vn 0 -0.561187 0.827689 
vn 0 -0.619318 0.78514 
vn 0 -0.604967 0.796251 
vn 0 -0.631716 0.7752 
vn 0 -0.589008 0.808127 
vn 0 -0.647386 0.762162 
vn 0 -0.641879 0.766806 
vn 0 -0.468408 0.883512 
vn 0 -0.551793 0.833981 
vn 0 -0.508108 0.861293 
vn 0 -0.561186 0.82769 
vn 0 -0.370138 0.928977 
vn 0 -0.458466 0.888712 
vn 0 -0.403449 0.915002 
vn 0 -0.468405 0.883514 
vn 0 -0.267528 0.96355 
vn 0 -0.312336 0.949972 
vn 0 -0.279926 0.960022 
vn 0 -0.370138 0.928977 
vn 0 -0.343431 0.939178 
vn 0 -0.267528 0.96355 
vn 0 -0.212868 0.977081 
vn 0 -0.161782 0.986827 
vn 0 -0.0541389 0.998533 
vn 0 -0.10792 0.99416 
vn 0 -0.0720793 0.997399 
vn 0 -0.161782 0.986827 
vn 0 -0.143258 0.989685 
vn 0 -0.0541389 0.998533 
vn 0 -1.50343e-14 1 
vn 0 0.0541389 0.998533 
vn 0 0.161782 0.986827 
vn 0 0.107904 0.994161 
vn 0 0.143314 0.989677 
vn 0 0.0541389 0.998533 
vn 0 0.0720432 0.997402 
vn 0 0.267528 0.96355 
vn 0 0.161782 0.986827 
vn 0 0.212868 0.977081 
vn 0 0.370138 0.928977 
vn 0 0.267528 0.96355 
vn 0 0.279826 0.960051 
vn 0 0.312392 0.949953 
vn 0 0.343703 0.939079 
vn 0 0.468408 0.883512 
vn 0 0.370136 0.928977 
vn 0 0.403449 0.915002 
vn 0 0.458466 0.888712 
vn 0 0.561187 0.827689 
vn 0 0.468405 0.883514 
vn 0 0.508108 0.861293 
vn 0 0.551793 0.833981 
vn 0 0.647386 0.762162 
vn 0 0.63169 0.775221 
vn 0 0.642367 0.766397 
vn 0 0.589008 0.808127 
vn 0 0.604999 0.796227 
vn 0 0.619318 0.78514 
vn 0 0.561186 0.82769 
vn 0 0.657884 0.753119 
vn 0 0.662744 0.748846 
vn 0 0.665689 0.746229 
vn 0 0.725995 0.687699 
vn 0 0.647386 0.762162 
vn 0 0.647386 -0.762162 
vn 0 0.657884 -0.753119 
vn 0 0.665689 -0.746229 
vn 0 0.662737 -0.748853 
vn 0 0.666667 -0.745356 
vn 0 0.561187 -0.827689 
vn 0 0.619318 -0.78514 
vn 0 0.60497 -0.796248 
vn 0 0.631704 -0.77521 
vn 0 0.589008 -0.808127 
vn 0 0.647386 -0.762162 
vn 0 0.641879 -0.766806 
vn 0 0.468408 -0.883512 
vn 0 0.551793 -0.833981 
vn 0 0.508108 -0.861293 
vn 0 0.561186 -0.82769 
vn 0 0.370138 -0.928977 
vn 0 0.458466 -0.888712 
vn 0 0.403449 -0.915002 
vn 0 0.468405 -0.883514 
vn 0 0.267528 -0.96355 
vn 0 0.312336 -0.949972 
vn 0 0.279926 -0.960022 
vn 0 0.343431 -0.939178 
vn 0 0.370138 -0.928977 
vn 0 0.267528 -0.96355 
vn 0 0.212868 -0.977081 
vn 0 0.161782 -0.986827 
vn 0 0.0541389 -0.998533 
vn 0 0.107904 -0.994161 
vn 0 0.0720793 -0.997399 
vn 0 0.161782 -0.986827 
vn 0 0.143258 -0.989685 
vn 0 -0.0541389 -0.998533 
vn 0 0.000336204 -1 
vn 0 -0.0270294 -0.999635 
vn 0 0.0541389 -0.998533 
vn 0 0.0362366 -0.999343 
vn 0 -0.161782 -0.986827 
vn 0 -0.107916 -0.99416 
vn 0 -0.143314 -0.989677 
vn 0 -0.0541389 -0.998533 
vn 0 -0.0720432 -0.997402 
vn 0 -0.267528 -0.96355 
vn 0 -0.161782 -0.986827 
vn 0 -0.212868 -0.977081 
vn 0 -0.370138 -0.928977 
vn 0 -0.267528 -0.96355 
vn 0 -0.279826 -0.960051 
vn 0 -0.312392 -0.949953 
vn 0 -0.343703 -0.939079 
vn 0 -0.468408 -0.883512 
vn 0 -0.370136 -0.928977 
vn 0 -0.403449 -0.915002 
vn 0 -0.458466 -0.888712 
vn 0 -0.561187 -0.827689 
vn 0 -0.468405 -0.883514 
vn 0 -0.508108 -0.861293 
vn 0 -0.551793 -0.833981 
vn 0 -0.647386 -0.762162 
vn 0 -0.63169 -0.775221 
vn 0 -0.642367 -0.766397 
vn 0 -0.589008 -0.808127 
vn 0 -0.604999 -0.796227 
vn 0 -0.619318 -0.78514 
vn 0 -0.561186 -0.82769 
vn 0 -0.657884 -0.753119 
vn 0 -0.662744 -0.748846 
vn 0 -0.665689 -0.746229 
vn 0 -0.725995 -0.687699 
vn 0 -0.647386 -0.762162 
vn 0 -0.666667 -0.745356 
vn 0 0.666667 0.745356 
vn 1 0 0 
vn 0 0 -1 
vn 0.725995 0.687699 0 
vn 0.796093 0.605174 0 
vn 0.856857 0.515554 0 
vn 0.907575 0.419889 0 
vn 0.947653 0.319302 0 
vn 0.976621 0.21497 0 
vn 0.994138 0.108119 0 
vn 1 1.22465e-16 0 
vn 0.994138 -0.108119 0 
vn 0.976621 -0.21497 0 
vn 0.947653 -0.319302 0 
vn 0.907575 -0.419889 0 
vn 0.856857 -0.515554 0 
vn 0.796093 -0.605174 0 
vn 0.725995 -0.687699 0 
vn 0.647386 -0.762162 0 
vn 0.561187 -0.827689 0 
vn 0.468408 -0.883512 0 
vn 0.370138 -0.928977 0 
vn 0.267528 -0.96355 0 
vn 0.161782 -0.986827 0 
vn 0.0541389 -0.998533 0 
vn -0.0541389 -0.998533 0 
vn -0.161782 -0.986827 0 
vn -0.267528 -0.96355 0 
vn -0.370138 -0.928977 0 
vn -0.468408 -0.883512 0 
vn -0.561187 -0.827689 0 
vn -0.647386 -0.762162 0 
vn -0.725995 -0.687699 0 
vn -0.796093 -0.605174 0 
vn -0.856857 -0.515554 0 
vn -0.907575 -0.419889 0 
vn -0.947653 -0.319302 0 
vn -0.976621 -0.21497 0 
vn -0.994138 -0.108119 0 
vn -1 0 0 
vn -0.994138 0.108119 0 
vn -0.976621 0.21497 0 
vn -0.947653 0.319302 0 
vn -0.907575 0.419889 0 
vn -0.856857 0.515554 0 
vn -0.796093 0.605174 0 
vn -0.725995 0.687699 0 
vn -0.677086 0.735904 0 
vn -0.647386 0.762162 0 
vn -0.6875 0.726184 0 
vn -0.659881 0.751371 0 
vn -0.725995 0.687699 0 
vn -0.561187 0.827689 0 
vn -0.605263 0.796025 0 
vn -0.647386 0.762162 0 
vn -0.642034 0.766676 0 
vn -0.623757 0.781618 0 
vn -0.586769 0.809754 0 
vn -0.568492 0.822689 0 
vn -0.468408 0.883512 0 
vn -0.501747 0.865015 0 
vn -0.494539 0.869155 0 
vn -0.48763 0.87305 0 
vn -0.481108 0.876661 0 
vn -0.474893 0.880043 0 
vn -0.517076 0.855939 0 
vn -0.550646 0.834739 0 
vn -0.561187 0.827689 0 
vn -0.53344 0.845838 0 
vn -0.370138 0.928977 0 
vn -0.4625 0.886619 0 
vn -0.468408 0.883512 0 
vn -0.463728 0.885978 0 
vn -0.4625 0.886619 0 
vn -0.370138 0.928977 0 
vn -0.267528 0.96355 0 
vn -0.161782 0.986827 0 
vn -0.0541389 0.998533 0 
vn 0.0541389 0.998533 0 
vn 0.161782 0.986827 0 
vn 0.267528 0.96355 0 
vn 0.370138 0.928977 0 
vn 0.468408 0.883512 0 
vn 0.4625 0.886619 0 
vn 0.463728 0.885978 0 
vn 0.370138 0.928977 0 
vn 0.53344 0.845838 0 
vn 0.550646 0.834739 0 
vn 0.561187 0.827689 0 
vn 0.517076 0.855939 0 
vn 0.48763 0.87305 0 
vn 0.494554 0.869147 0 
vn 0.481104 0.876663 0 
vn 0.474893 0.880043 0 
vn 0.501747 0.865015 0 
vn 0.647386 0.762162 0 
vn 0.623757 0.781618 0 
vn 0.642034 0.766676 0 
vn 0.605263 0.796025 0 
vn 0.586769 0.809754 0 
vn 0.568492 0.822689 0 
vn 0.561187 0.827689 0 
vn 0.6875 0.726184 0 
vn 0.677086 0.735904 0 
vn 0.659881 0.751371 0 
vn 0.647386 0.762162 0 
vn -0.556204 0.831046 0 
vn -0.4625 0.886619 0 
vn -0.643307 0.765609 0 
vn -0.595868 0.803082 0 
vn -0.621023 0.783793 0 
vn -0.556256 0.831011 0 
vn -0.722774 0.691084 0 
vn -0.643245 0.765661 0 
vn -0.793663 0.608358 0 
vn -0.729713 0.683754 0 
vn -0.768783 0.63951 0 
vn -0.72281 0.691047 0 
vn -0.855132 0.518411 0 
vn -0.793666 0.608353 0 
vn -0.848064 0.529894 0 
vn -0.906451 0.422311 0 
vn -0.855088 0.518483 0 
vn -0.8813 0.472557 0 
vn -0.947012 0.321199 0 
vn -0.906484 0.422241 0 
vn -0.937602 0.34771 0 
vn -0.976333 0.216274 0 
vn -0.946969 0.321324 0 
vn -0.957091 0.289787 0 
vn -0.994066 0.108783 0 
vn -0.976359 0.216157 0 
vn -0.988196 0.153197 0 
vn -1 0 0 
vn -0.99406 0.108833 0 
vn -0.995226 0.0975926 0 
vn -0.999985 0.00553065 0 
vn -1 0 0 
vn 0.994066 0.108783 0 
vn 0.999985 0.00553065 0 
vn 0.995226 0.0975926 0 
vn 1 0 0 
vn 0.988196 0.153197 0 
vn 0.976359 0.216157 0 
vn 0.99406 0.108833 0 
vn 0.976333 0.216274 0 
vn 0.957091 0.289787 0 
vn 0.946969 0.321324 0 
vn 0.947012 0.321199 0 
vn 0.937602 0.34771 0 
vn 0.906484 0.422241 0 
vn 0.906451 0.422311 0 
vn 0.8813 0.472557 0 
vn 0.855088 0.518483 0 
vn 0.855132 0.518411 0 
vn 0.848064 0.529894 0 
vn 0.793666 0.608353 0 
vn 0.793663 0.608358 0 
vn 0.729713 0.683754 0 
vn 0.72281 0.691047 0 
vn 0.768783 0.63951 0 
vn 0.722774 0.691084 0 
vn 0.643245 0.765661 0 
vn 0.643307 0.765609 0 
vn 0.595868 0.803082 0 
vn 0.556256 0.831011 0 
vn 0.621023 0.783793 0 
vn 0.556204 0.831046 0 
vn 0.4625 0.886619 0 
vn 0.994402 0.105659 0 
vn 0.999985 0.00553065 0 
vn 0.995226 0.0975963 0 
vn 1 0 0 
vn 0.986376 0.164508 0 
vn 0.977672 0.210137 0 
vn 0.994398 0.105704 0 
vn 0.949997 0.312258 0 
vn 0.976302 0.216411 0 
vn 0.957137 0.289637 0 
vn 0.977673 0.210134 0 
vn 0.914676 0.404187 0 
vn 0.911707 0.410841 0 
vn 0.949997 0.312259 0 
vn 0.911687 0.410885 0 
vn 0.881375 0.472417 0 
vn 0.863144 0.504957 0 
vn 0.86317 0.504913 0 
vn 0.817315 0.576192 0 
vn 0.805041 0.593219 0 
vn 0.80499 0.593288 0 
vn 0.768862 0.639415 0 
vn 0.737735 0.675091 0 
vn 0.737798 0.675021 0 
vn 0.683696 0.729767 0 
vn 0.662408 0.749143 0 
vn 0.701862 0.712313 0 
vn 0.662347 0.749198 0 
vn 0.620937 0.78386 0 
vn 0.579412 0.815035 0 
vn 0.57948 0.814987 0 
vn 0.554192 0.832389 0 
vn 0.490142 0.871643 0 
vn 0.490126 0.871652 0 
vn 0.41044 0.911887 0 
vn 0.395326 0.918541 0 
vn 0.439482 0.898251 0 
vn 0.395285 0.918559 0 
vn 0.295971 0.955197 0 
vn 0.296018 0.955182 0 
vn 0.22665 0.973976 0 
vn 0.193448 0.98111 0 
vn 0.251244 0.967924 0 
vn 0.277023 0.960863 0 
vn 0.193438 0.981112 0 
vn 0.123015 0.992405 0 
vn 0.0887344 0.996055 0 
vn 0.0886924 0.996059 0 
vn -0.0151465 0.999885 0 
vn -0.0170253 0.999855 0 
vn -0.00700218 0.999975 0 
vn -0.0170463 0.999855 0 
vn -0.121181 0.99263 0 
vn -0.122592 0.992457 0 
vn -0.122594 0.992457 0 
vn -0.203965 0.978978 0 
vn -0.226744 0.973954 0 
vn -0.22677 0.973948 0 
vn -0.308128 0.951345 0 
vn -0.32838 0.944546 0 
vn -0.283778 0.95889 0 
vn -0.328406 0.944537 0 
vn -0.409754 0.912196 0 
vn -0.426366 0.904551 0 
vn -0.426367 0.90455 0 
vn -0.447398 0.894335 0 
vn -0.519569 0.854428 0 
vn -0.519554 0.854438 0 
vn -0.575306 0.817938 0 
vn -0.606933 0.794753 0 
vn -0.531802 0.846869 0 
vn -0.606924 0.79476 0 
vn -0.611876 0.790954 0 
vn -0.6875 0.726184 0 
vn 0.606924 0.79476 0 
vn 0.6875 0.726184 0 
vn 0.611876 0.790954 0 
vn 0.519554 0.854438 0 
vn 0.606933 0.794753 0 
vn 0.575306 0.817938 0 
vn 0.531802 0.846869 0 
vn 0.426367 0.90455 0 
vn 0.519569 0.854428 0 
vn 0.447398 0.894335 0 
vn 0.328406 0.944537 0 
vn 0.426366 0.904551 0 
vn 0.409754 0.912196 0 
vn 0.22677 0.973948 0 
vn 0.308128 0.951345 0 
vn 0.283778 0.95889 0 
vn 0.32838 0.944546 0 
vn 0.122594 0.992457 0 
vn 0.226744 0.973954 0 
vn 0.203965 0.978978 0 
vn 0.0170463 0.999855 0 
vn 0.122592 0.992457 0 
vn 0.121181 0.99263 0 
vn -0.0886924 0.996059 0 
vn 0.0170253 0.999855 0 
vn 0.0151465 0.999885 0 
vn 0.00700218 0.999975 0 
vn -0.193438 0.981112 0 
vn -0.0887344 0.996055 0 
vn -0.123015 0.992405 0 
vn -0.296018 0.955182 0 
vn -0.193448 0.98111 0 
vn -0.22665 0.973976 0 
vn -0.251244 0.967924 0 
vn -0.277023 0.960863 0 
vn -0.395285 0.918559 0 
vn -0.295971 0.955197 0 
vn -0.490126 0.871652 0 
vn -0.41044 0.911887 0 
vn -0.439482 0.898251 0 
vn -0.395326 0.918541 0 
vn -0.57948 0.814987 0 
vn -0.490142 0.871643 0 
vn -0.554192 0.832389 0 
vn -0.662347 0.749198 0 
vn -0.579412 0.815035 0 
vn -0.620937 0.78386 0 
vn -0.737798 0.675021 0 
vn -0.662408 0.749143 0 
vn -0.683696 0.729767 0 
vn -0.701862 0.712313 0 
vn -0.80499 0.593288 0 
vn -0.737735 0.675091 0 
vn -0.768862 0.639415 0 
vn -0.86317 0.504913 0 
vn -0.805041 0.593219 0 
vn -0.817315 0.576192 0 
vn -0.911687 0.410885 0 
vn -0.863144 0.504957 0 
vn -0.881375 0.472417 0 
vn -0.949997 0.312258 0 
vn -0.911707 0.410841 0 
vn -0.914676 0.404187 0 
vn -0.977673 0.210134 0 
vn -0.949997 0.312259 0 
vn -0.957137 0.289637 0 
vn -0.976302 0.216411 0 
vn -0.994402 0.105659 0 
vn -0.977672 0.210137 0 
vn -0.986376 0.164508 0 
vn -1 0 0 
vn -0.994398 0.105704 0 
vn -0.995226 0.0975963 0 
vn -0.999985 0.00553065 0 
vn -1 0 0 
vn -0.994308 -0.106546 0 
vn -0.999985 -0.00553065 0 
vn -0.995229 -0.0975622 0 
vn -1 0 0 
vn -0.99431 -0.106521 0 
vn -0.977286 -0.211925 0 
vn -0.949158 -0.3148 0 
vn -0.975983 -0.217845 0 
vn -0.957138 -0.289631 0 
vn -0.977296 -0.211879 0 
vn -0.912418 -0.409259 0 
vn -0.910228 -0.414108 0 
vn -0.949159 -0.314798 0 
vn -0.910215 -0.414136 0 
vn -0.881395 -0.47238 0 
vn -0.860878 -0.508811 0 
vn -0.860909 -0.508759 0 
vn -0.82166 -0.569978 0 
vn -0.801873 -0.597494 0 
vn -0.801803 -0.597589 0 
vn -0.768823 -0.639461 0 
vn -0.733488 -0.679702 0 
vn -0.733568 -0.679616 0 
vn -0.701233 -0.712932 0 
vn -0.657025 -0.753868 0 
vn -0.656982 -0.753906 0 
vn -0.620931 -0.783865 0 
vn -0.572917 -0.819614 0 
vn 1 0 0 
vn -0.288023 -0.957624 0 
vn -0.385417 -0.922743 0 
vn -0.290015 -0.957022 0 
vn -0.187547 -0.982256 0 
vn -0.288028 -0.957622 0 
vn -0.283398 -0.959002 0 
vn -0.0850634 -0.996376 0 
vn -0.187528 -0.982259 0 
vn -0.178964 -0.983856 0 
vn 0.0183303 -0.999832 0 
vn -0.0661354 -0.997811 0 
vn -0.01517 -0.999885 0 
vn -0.0850343 -0.996378 0 
vn 0.00338641 -0.999994 0 
vn 0.121528 -0.992588 0 
vn 0.0182995 -0.999833 0 
vn 0.223425 -0.974721 0 
vn 0.121538 -0.992587 0 
vn 0.125289 -0.99212 0 
vn 0.322931 -0.946423 0 
vn 0.223472 -0.97471 0 
vn 0.226474 -0.974017 0 
vn 0.262822 -0.964844 0 
vn 0.41898 -0.907995 0 
vn 0.322916 -0.946427 0 
vn 0.395728 -0.918368 0 
vn 0.417426 -0.908711 0 
vn 0.510546 -0.85985 0 
vn 0.418973 -0.907999 0 
vn 0.439608 -0.89819 0 
vn 0.596648 -0.802503 0 
vn 0.510595 -0.859821 0 
vn 0.551698 -0.834044 0 
vn 0.676364 -0.736568 0 
vn 0.596578 -0.802555 0 
vn 0.620864 -0.783918 0 
vn 0.748842 -0.662749 0 
vn 0.676422 -0.736514 0 
vn 0.689848 -0.723955 0 
vn 0.813305 -0.581837 0 
vn 0.748834 -0.662758 0 
vn 0.768914 -0.639352 0 
vn 0.807025 -0.590518 0 
vn 0.869064 -0.494699 0 
vn 0.813305 -0.581838 0 
vn 0.824084 -0.566467 0 
vn 0.915523 -0.402266 0 
vn 0.869032 -0.494756 0 
vn 0.881334 -0.472494 0 
vn 0.952183 -0.305528 0 
vn 0.915561 -0.402178 0 
vn 0.921734 -0.387822 0 
vn 0.978653 -0.20552 0 
vn 0.952168 -0.305574 0 
vn 0.957114 -0.289712 0 
vn 0.994649 -0.103313 0 
vn 0.978666 -0.205456 0 
vn 0.980688 -0.195576 0 
vn 1 0 0 
vn 0.994648 -0.103321 0 
vn 0.995227 -0.0975869 0 
vn 0.999985 -0.00553065 0 
vn 1 0 0 
vn 0.986827 0 -0.161782 
vn 0.998533 0 -0.0541389 
vn 0.96355 0 -0.267528 
vn 0.986827 0 -0.161782 
vn 0.928977 0 -0.370138 
vn 0.96355 0 -0.267528 
vn 0.883512 0 -0.468408 
vn 0.928977 0 -0.370138 
vn 0.827689 0 -0.561187 
vn 0.883512 0 -0.468408 
vn 0.762162 0 -0.647386 
vn 0.827689 0 -0.561187 
vn 0.687699 0 -0.725995 
vn 0.762162 0 -0.647386 
vn 0.605174 0 -0.796093 
vn 0.687699 0 -0.725995 
vn 0.515554 0 -0.856857 
vn 0.605174 0 -0.796093 
vn 0.419889 0 -0.907575 
vn 0.515554 0 -0.856857 
vn 0.319302 0 -0.947653 
vn 0.419889 0 -0.907575 
vn 0.21497 0 -0.976621 
vn 0.319302 0 -0.947653 
vn 0.108119 0 -0.994138 
vn 0.21497 0 -0.976621 
vn -1.22465e-16 0 -1 
vn 0.108119 0 -0.994138 
vn -0.108119 0 -0.994138 
vn -1.22465e-16 0 -1 
vn -0.21497 0 -0.976621 
vn -0.108119 0 -0.994138 
vn -0.319302 0 -0.947653 
vn -0.21497 0 -0.976621 
vn -0.419889 0 -0.907575 
vn -0.319302 0 -0.947653 
vn -0.515554 0 -0.856857 
vn -0.419889 0 -0.907575 
vn -0.605174 0 -0.796093 
vn -0.515554 0 -0.856857 
vn -0.687699 0 -0.725995 
vn -0.605174 0 -0.796093 
vn -0.762162 0 -0.647386 
vn -0.687699 0 -0.725995 
vn -0.827689 0 -0.561187 
vn -0.762162 0 -0.647386 
vn -0.883512 0 -0.468408 
vn -0.827689 0 -0.561187 
vn -0.928977 0 -0.370138 
vn -0.883512 0 -0.468408 
vn -0.96355 0 -0.267528 
vn -0.928977 0 -0.370138 
vn -0.986827 0 -0.161782 
vn -0.96355 0 -0.267528 
vn -0.998533 0 -0.0541389 
vn -0.986827 0 -0.161782 
vn 0.419889 0 0.907575 
vn 0.515554 0 0.856857 
vn 0.319302 0 0.947653 
vn 0.419889 0 0.907575 
vn 0.400685 0 0.916216 
vn 0.21497 0 0.976621 
vn 0.319302 0 0.947653 
vn 0.108119 0 0.994138 
vn 0.21497 0 0.976621 
vn 0 0 1 
vn 0.108119 0 0.994138 
vn -0.108119 0 0.994138 
vn 0 0 1 
vn -0.21497 0 0.976621 
vn -0.108119 0 0.994138 
vn -0.319302 0 0.947653 
vn -0.21497 0 0.976621 
vn -0.318891 0 0.947791 
vn -0.419889 0 0.907575 
vn -0.3193 0 0.947654 
vn -0.515554 0 0.856857 
vn -0.419889 0 0.907575 
vn -0.605174 0 0.796093 
vn -0.515554 0 0.856857 
vn -0.687699 0 0.725995 
vn -0.605174 0 0.796093 
vn -0.762162 0 0.647386 
vn -0.687699 0 0.725995 
vn -0.827689 0 0.561187 
vn -0.762162 0 0.647386 
vn -0.883512 0 0.468408 
vn -0.827689 0 0.561187 
vn -0.86859 0 0.495532 
vn -0.928977 0 0.370138 
vn -0.908072 0 0.418815 
vn -0.918104 0 0.396339 
vn -0.883507 0 0.468417 
vn -0.894587 0 0.446893 
vn -0.96355 0 0.267528 
vn -0.945126 0 0.326706 
vn -0.957259 0 0.289231 
vn -0.928978 0 0.370135 
vn -0.939085 0 0.343686 
vn -0.986827 0 0.161782 
vn -0.973052 0 0.230587 
vn -0.984384 0 0.176033 
vn -0.963554 0 0.267516 
vn -0.972381 0 0.233401 
vn -0.998533 0 0.0541389 
vn -0.99261 0 0.121346 
vn -0.993014 0 0.117997 
vn -0.998252 0 0.0590935 
vn -0.98683 0 0.161763 
vn -1 0 0 
vn -0.999995 0 0.00306786 
vn -0.998533 0 0.0541389 
vn -0.998533 0 -0.0541389 
vn -1 0 0 
vn -0.998534 0 0.0541259 
vn -0.999995 0 0.00306786 
vn -0.992708 0 0.12054 
vn -0.986829 0 0.161766 
vn -0.995808 0 0.0914688 
vn -0.99313 0 0.117014 
vn -0.998533 0 0.0541449 
vn -0.998279 0 0.058649 
vn -0.986827 0 0.161782 
vn -0.972837 0 0.231492 
vn -0.963554 0 0.267513 
vn -0.973747 0 0.227635 
vn -0.984641 0 0.174592 
vn -0.96355 0 0.267528 
vn -0.940041 0 0.341061 
vn -0.928979 0 0.370133 
vn -0.943789 0 0.330548 
vn -0.957966 0 0.286883 
vn -0.928977 0 0.370138 
vn -0.896192 0 0.443667 
vn -0.883512 0 0.468409 
vn -0.902676 0 0.430322 
vn -0.919407 0 0.393306 
vn -0.908265 0 0.418395 
vn -0.883512 0 0.468408 
vn -0.843316 0 0.537418 
vn -0.827682 0 0.561198 
vn -0.862828 0 0.505497 
vn -0.870697 0 0.491821 
vn -0.827689 0 0.561187 
vn -0.769614 0 0.63851 
vn -0.762165 0 0.647382 
vn -0.814015 0 0.580844 
vn -0.783484 0 0.621412 
vn -0.818597 0 0.574368 
vn -0.777545 0 0.628827 
vn -0.687699 0 0.725995 
vn -0.762162 0 0.647386 
vn -0.719792 0 0.69419 
vn -0.730159 0 0.683278 
vn -0.752036 0 0.659122 
vn -0.690153 0 0.723663 
vn -0.605174 0 0.796093 
vn -0.629549 0 0.776961 
vn -0.622696 0 0.782464 
vn -0.655021 0 0.75561 
vn -0.654595 0 0.75598 
vn -0.687701 0 0.725994 
vn -0.687134 0 0.726531 
vn -0.515554 0 0.856857 
vn -0.554647 0 0.832086 
vn -0.532567 0 0.846388 
vn -0.56623 0 0.824248 
vn -0.56116 0 0.827708 
vn -0.597499 0 0.80187 
vn -0.591431 0 0.806355 
vn -0.605173 0 0.796094 
vn -0.528676 0 0.848823 
vn -0.419889 0 0.907575 
vn -0.504038 0 0.863681 
vn -0.480769 0 0.876847 
vn -0.515554 0 0.856857 
vn -0.505625 0 0.862753 
vn -0.319302 0 0.947653 
vn -0.419889 0 0.907575 
vn -0.21497 0 0.976621 
vn -0.319302 0 0.947653 
vn -0.24634 0 0.969183 
vn -0.108119 0 0.994138 
vn -0.21497 0 0.976621 
vn 0 0 1 
vn -0.108119 0 0.994138 
vn 0.108119 0 0.994138 
vn 1.06752e-15 0 1 
vn 0.21497 0 0.976621 
vn 0.108119 0 0.994138 
vn 0.319302 0 0.947653 
vn 0.21497 0 0.976621 
vn 0.258226 0 0.966085 
vn 0.419889 0 0.907575 
vn 0.319302 0 0.947653 
vn 0.515554 0 0.856857 
vn 0.419889 0 0.907575 
vn 0.605174 0 0.796093 
vn 0.515554 0 0.856857 
vn 0.687699 0 0.725995 
vn 0.605174 0 0.796093 
vn 0.647222 0 0.762302 
vn 0.762162 0 0.647386 
vn 0.687699 0 0.725995 
vn 0.725852 0 0.687851 
vn 0.827689 0 0.561187 
vn 0.762162 0 0.647386 
vn 0.800074 0 0.599902 
vn 0.883512 0 0.468408 
vn 0.834615 0 0.550833 
vn 0.86359 0 0.504194 
vn 0.827692 0 0.561183 
vn 0.875652 0 0.482943 
vn 0.928977 0 0.370138 
vn 0.890382 0 0.455213 
vn 0.914732 0 0.404061 
vn 0.883503 0 0.468425 
vn 0.916835 0 0.399267 
vn 0.96355 0 0.267528 
vn 0.95325 0 0.302182 
vn 0.955438 0 0.295192 
vn 0.928969 0 0.370158 
vn 0.936619 0 0.350348 
vn 0.986827 0 0.161782 
vn 0.980801 0 0.195013 
vn 0.983703 0 0.179802 
vn 0.963544 0 0.267552 
vn 0.971271 0 0.237976 
vn 0.998533 0 0.0541389 
vn 0.996368 0 0.085153 
vn 0.998175 0 0.0603947 
vn 0.986822 0 0.161808 
vn 0.992733 0 0.120337 
vn 1 0 0 
vn 0.999995 0 0.00306786 
vn 0.998533 0 0.0541389 
vn 1 0 0 
vn 0.998533 0 0.0541462 
vn 0.999995 0 0.00306786 
vn 0.994058 0 0.108852 
vn 0.993436 0 0.114389 
vn 0.986827 0 0.161782 
vn 0.998534 0 0.0541364 
vn 0.998356 0 0.0573179 
vn 0.975918 0 0.218137 
vn 0.974027 0 0.226432 
vn 0.96355 0 0.267528 
vn 0.986827 0 0.161779 
vn 0.98531 0 0.170774 
vn 0.940623 0 0.339453 
vn 0.928982 0 0.370126 
vn 0.945872 0 0.32454 
vn 0.942557 0 0.334044 
vn 0.963552 0 0.267522 
vn 0.959779 0 0.280758 
vn 0.928977 0 0.370138 
vn 0.904569 0 0.426328 
vn 0.900482 0 0.434892 
vn 0.883512 0 0.468408 
vn 0.922829 0 0.38521 
vn 0.849551 0 0.527506 
vn 0.827683 0 0.561195 
vn 0.862061 0 0.506805 
vn 0.883511 0 0.46841 
vn 0.876033 0 0.482251 
vn 0.827689 0 0.561187 
vn 0.773176 0 0.634191 
vn 0.762166 0 0.647382 
vn 0.81407 0 0.580767 
vn 0.791866 0 0.610695 
vn 0.821232 0 0.570594 
vn 0.820746 0 0.571293 
vn 0.687699 0 0.725995 
vn 0.762162 0 0.647386 
vn 0.69335 0 0.720601 
vn 0.730858 0 0.682529 
vn 0.729727 0 0.683739 
vn 0.698041 0 0.716058 
vn 0.761252 0 0.648456 
vn 0.605174 0 0.796093 
vn 0.637242 0 0.770664 
vn 0.634676 0 0.772778 
vn 0.671958 0 0.740589 
vn 0.666265 0 0.745715 
vn 0.6877 0 0.725995 
vn 0.603072 0 0.797686 
vn 0.573718 0 0.819053 
vn 0.605173 0 0.796094 
vn 0.603704 0 0.797208 
vn 0 1 0 
vn 0 0 -1 
vn -0.994649 -0.103313 0 
vn -0.999985 -0.00553065 0 
vn -0.995227 -0.0975869 0 
vn -1 0 0 
vn -0.980688 -0.195576 0 
vn -0.978666 -0.205456 0 
vn -0.994648 -0.103321 0 
vn -0.978653 -0.20552 0 
vn -0.957114 -0.289712 0 
vn -0.952168 -0.305574 0 
vn -0.952183 -0.305528 0 
vn -0.921734 -0.387822 0 
vn -0.915561 -0.402178 0 
vn -0.915523 -0.402266 0 
vn -0.881334 -0.472494 0 
vn -0.869032 -0.494756 0 
vn -0.869064 -0.494699 0 
vn -0.824084 -0.566467 0 
vn -0.813305 -0.581838 0 
vn -0.813305 -0.581837 0 
vn -0.768914 -0.639352 0 
vn -0.748834 -0.662758 0 
vn -0.807025 -0.590518 0 
vn -0.748842 -0.662749 0 
vn -0.689848 -0.723955 0 
vn -0.676422 -0.736514 0 
vn -0.676364 -0.736568 0 
vn -0.620864 -0.783918 0 
vn -0.596578 -0.802555 0 
vn -0.596648 -0.802503 0 
vn -0.551698 -0.834044 0 
vn -0.510595 -0.859821 0 
vn -0.510546 -0.85985 0 
vn -0.439608 -0.89819 0 
vn -0.418973 -0.907999 0 
vn -0.322931 -0.946423 0 
vn -0.417426 -0.908711 0 
vn -0.395728 -0.918368 0 
vn -0.41898 -0.907995 0 
vn -0.226474 -0.974017 0 
vn -0.223472 -0.97471 0 
vn -0.262822 -0.964844 0 
vn -0.322916 -0.946427 0 
vn -0.223425 -0.974721 0 
vn -0.125289 -0.99212 0 
vn -0.121538 -0.992587 0 
vn -0.121528 -0.992588 0 
vn -0.0182995 -0.999833 0 
vn -0.0183303 -0.999832 0 
vn 0.0661354 -0.997811 0 
vn 0.0850343 -0.996378 0 
vn -0.00338641 -0.999994 0 
vn 0.01517 -0.999885 0 
vn 0.0850634 -0.996376 0 
vn 0.178964 -0.983856 0 
vn 0.187528 -0.982259 0 
vn 0.187547 -0.982256 0 
vn 0.283398 -0.959002 0 
vn 0.288028 -0.957622 0 
vn 0.288023 -0.957624 0 
vn 0.290015 -0.957022 0 
vn 0.385417 -0.922743 0 
vn -1 0 0 
vn 1 0 0 
vn 0.656982 -0.753906 0 
vn 0.572917 -0.819614 0 
vn 0.620931 -0.783865 0 
vn 0.733568 -0.679616 0 
vn 0.657025 -0.753868 0 
vn 0.701233 -0.712932 0 
vn 0.801803 -0.597589 0 
vn 0.733488 -0.679702 0 
vn 0.768823 -0.639461 0 
vn 0.860909 -0.508759 0 
vn 0.801873 -0.597494 0 
vn 0.82166 -0.569978 0 
vn 0.910215 -0.414136 0 
vn 0.860878 -0.508811 0 
vn 0.881395 -0.47238 0 
vn 0.949158 -0.3148 0 
vn 0.910228 -0.414108 0 
vn 0.912418 -0.409259 0 
vn 0.977296 -0.211879 0 
vn 0.949159 -0.314798 0 
vn 0.957138 -0.289631 0 
vn 0.975983 -0.217845 0 
vn 0.994308 -0.106546 0 
vn 0.977286 -0.211925 0 
vn 1 0 0 
vn 0.99431 -0.106521 0 
vn 0.995229 -0.0975622 0 
vn 0.999985 -0.00553065 0 
vn 1 0 0 
vn 0.986827 0 -0.161782 
vn 0.998533 0 -0.0541389 
vn 0.96355 0 -0.267528 
vn 0.986827 0 -0.161782 
vn 0.928977 0 -0.370138 
vn 0.96355 0 -0.267528 
vn 0.883512 0 -0.468408 
vn 0.928977 0 -0.370138 
vn 0.827689 0 -0.561187 
vn 0.883512 0 -0.468408 
vn 0.762162 0 -0.647386 
vn 0.827689 0 -0.561187 
vn 0.687699 0 -0.725995 
vn 0.762162 0 -0.647386 
vn 0.605174 0 -0.796093 
vn 0.687699 0 -0.725995 
vn 0.515554 0 -0.856857 
vn 0.605174 0 -0.796093 
vn 0.419889 0 -0.907575 
vn 0.515554 0 -0.856857 
vn 0.319302 0 -0.947653 
vn 0.419889 0 -0.907575 
vn 0.21497 0 -0.976621 
vn 0.319302 0 -0.947653 
vn 0.108119 0 -0.994138 
vn 0.21497 0 -0.976621 
vn -1.22465e-16 0 -1 
vn 0.108119 0 -0.994138 
vn -0.108119 0 -0.994138 
vn -1.22465e-16 0 -1 
vn -0.21497 0 -0.976621 
vn -0.108119 0 -0.994138 
vn -0.319302 0 -0.947653 
vn -0.21497 0 -0.976621 
vn -0.419889 0 -0.907575 
vn -0.319302 0 -0.947653 
vn -0.515554 0 -0.856857 
vn -0.419889 0 -0.907575 
vn -0.605174 0 -0.796093 
vn -0.515554 0 -0.856857 
vn -0.687699 0 -0.725995 
vn -0.605174 0 -0.796093 
vn -0.762162 0 -0.647386 
vn -0.687699 0 -0.725995 
vn -0.827689 0 -0.561187 
vn -0.762162 0 -0.647386 
vn -0.883512 0 -0.468408 
vn -0.827689 0 -0.561187 
vn -0.928977 0 -0.370138 
vn -0.883512 0 -0.468408 
vn -0.96355 0 -0.267528 
vn -0.928977 0 -0.370138 
vn -0.986827 0 -0.161782 
vn -0.96355 0 -0.267528 
vn -0.998533 0 -0.0541389 
vn -0.986827 0 -0.161782 
vn 0.827689 0 0.561187 
vn 0.762162 0 0.647386 
vn 0.687699 0 0.725995 
vn 0.605174 0 0.796093 
vn 0.515554 0 0.856857 
vn 0.419889 0 0.907575 
vn 0.319302 0 0.947653 
vn 0.318897 0 0.947789 
vn 0.21497 0 0.976621 
vn 0.108119 0 0.994138 
vn -5.33761e-16 0 1 
vn -0.108119 0 0.994138 
vn -0.21497 0 0.976621 
vn -0.319302 0 0.947653 
vn -0.400685 0 0.916216 
vn -0.419889 0 0.907575 
vn -0.515554 0 0.856857 
vn -0.603072 0 0.797686 
vn -0.603704 0 0.797208 
vn -0.605174 0 0.796093 
vn -0.573718 0 0.819053 
vn -0.671958 0 0.740589 
vn -0.6877 0 0.725995 
vn -0.637242 0 0.770664 
vn -0.666265 0 0.745715 
vn -0.605173 0 0.796094 
vn -0.634676 0 0.772778 
vn -0.762162 0 0.647386 
vn -0.730858 0 0.682529 
vn -0.761252 0 0.648456 
vn -0.69335 0 0.720601 
vn -0.698041 0 0.716058 
vn -0.729727 0 0.683739 
vn -0.687699 0 0.725995 
vn -0.827689 0 0.561187 
vn -0.820746 0 0.571293 
vn -0.821232 0 0.570594 
vn -0.81407 0 0.580767 
vn -0.773176 0 0.634191 
vn -0.791866 0 0.610695 
vn -0.762166 0 0.647382 
vn -0.883512 0 0.468408 
vn -0.862061 0 0.506805 
vn -0.876033 0 0.482251 
vn -0.827683 0 0.561195 
vn -0.849551 0 0.527506 
vn -0.928977 0 0.370138 
vn -0.904569 0 0.426328 
vn -0.922829 0 0.38521 
vn -0.883511 0 0.46841 
vn -0.900482 0 0.434892 
vn -0.96355 0 0.267528 
vn -0.940623 0 0.339453 
vn -0.942557 0 0.334044 
vn -0.945872 0 0.32454 
vn -0.959779 0 0.280758 
vn -0.928982 0 0.370126 
vn -0.986827 0 0.161782 
vn -0.975918 0 0.218137 
vn -0.98531 0 0.170774 
vn -0.963552 0 0.267522 
vn -0.974027 0 0.226432 
vn -0.998533 0 0.0541389 
vn -0.994058 0 0.108852 
vn -0.998356 0 0.0573179 
vn -0.986827 0 0.161779 
vn -0.993436 0 0.114389 
vn -1 0 0 
vn -0.999995 0 0.00306786 
vn -0.998533 0 0.0541389 
vn -0.998533 0 -0.0541389 
vn -1 0 0 
vn -0.998534 0 0.0541364 
vn -0.999995 0 0.00306786 
vn -0.992733 0 0.120337 
vn -0.986822 0 0.161808 
vn -0.996368 0 0.085153 
vn -0.998533 0 0.0541462 
vn -0.998175 0 0.0603947 
vn -0.986827 0 0.161782 
vn -0.971271 0 0.237976 
vn -0.963544 0 0.267552 
vn -0.980801 0 0.195013 
vn -0.983703 0 0.179802 
vn -0.96355 0 0.267528 
vn -0.936619 0 0.350348 
vn -0.928969 0 0.370158 
vn -0.95325 0 0.302182 
vn -0.955438 0 0.295192 
vn -0.883512 0 0.468408 
vn -0.914732 0 0.404061 
vn -0.890382 0 0.455213 
vn -0.928977 0 0.370138 
vn -0.916835 0 0.399267 
vn -0.834615 0 0.550833 
vn -0.827692 0 0.561183 
vn -0.875652 0 0.482943 
vn -0.86359 0 0.504194 
vn -0.883503 0 0.468425 
vn -0.827689 0 0.561187 
vn -0.800074 0 0.599902 
vn -0.762162 0 0.647386 
vn -0.72583 0 0.687874 
vn -0.687699 0 0.725995 
vn -0.647309 0 0.762228 
vn -0.605174 0 0.796093 
vn -0.515554 0 0.856857 
vn -0.419889 0 0.907575 
vn -0.319302 0 0.947653 
vn -0.258226 0 0.966085 
vn -0.21497 0 0.976621 
vn -0.108119 0 0.994138 
vn 0 0 1 
vn 0.108119 0 0.994138 
vn 0.21497 0 0.976621 
vn 0.24634 0 0.969183 
vn 0.319302 0 0.947653 
vn 0.419889 0 0.907575 
vn 0.504038 0 0.863681 
vn 0.505625 0 0.862753 
vn 0.515554 0 0.856857 
vn 0.480769 0 0.876847 
vn 0.597499 0 0.80187 
vn 0.605173 0 0.796094 
vn 0.56623 0 0.824248 
vn 0.591431 0 0.806355 
vn 0.554647 0 0.832086 
vn 0.56116 0 0.827708 
vn 0.528676 0 0.848823 
vn 0.532567 0 0.846388 
vn 0.515554 0 0.856857 
vn 0.687699 0 0.725995 
vn 0.605174 0 0.796093 
vn 0.655021 0 0.75561 
vn 0.687134 0 0.726531 
vn 0.629549 0 0.776961 
vn 0.654595 0 0.75598 
vn 0.622696 0 0.782464 
vn 0.762162 0 0.647386 
vn 0.730159 0 0.683278 
vn 0.752036 0 0.659122 
vn 0.690153 0 0.723663 
vn 0.719792 0 0.69419 
vn 0.687701 0 0.725994 
vn 0.827689 0 0.561187 
vn 0.777545 0 0.628827 
vn 0.783484 0 0.621412 
vn 0.814015 0 0.580844 
vn 0.769614 0 0.63851 
vn 0.762165 0 0.647382 
vn 0.818597 0 0.574368 
vn 0.883512 0 0.468408 
vn 0.862828 0 0.505497 
vn 0.870697 0 0.491821 
vn 0.827682 0 0.561198 
vn 0.843316 0 0.537418 
vn 0.928977 0 0.370138 
vn 0.908265 0 0.418395 
vn 0.919407 0 0.393306 
vn 0.902676 0 0.430322 
vn 0.883512 0 0.468409 
vn 0.896192 0 0.443667 
vn 0.96355 0 0.267528 
vn 0.943789 0 0.330548 
vn 0.957966 0 0.286883 
vn 0.928979 0 0.370133 
vn 0.940041 0 0.341061 
vn 0.986827 0 0.161782 
vn 0.973747 0 0.227635 
vn 0.984641 0 0.174592 
vn 0.963554 0 0.267513 
vn 0.972837 0 0.231492 
vn 0.998533 0 0.0541389 
vn 0.995808 0 0.0914688 
vn 0.998279 0 0.058649 
vn 0.992708 0 0.12054 
vn 0.99313 0 0.117014 
vn 0.986829 0 0.161766 
vn 1 0 0 
vn 0.999995 0 0.00306786 
vn 0.998533 0 0.0541389 
vn 1 0 0 
vn 0.998533 0 0.0541449 
vn 0.999995 0 0.00306786 
vn 0.99261 0 0.121346 
vn 0.98683 0 0.161763 
vn 0.998534 0 0.0541259 
vn 0.998252 0 0.0590935 
vn 0.993014 0 0.117997 
vn 0.986827 0 0.161782 
vn 0.973052 0 0.230587 
vn 0.972381 0 0.233401 
vn 0.96355 0 0.267528 
vn 0.984384 0 0.176033 
vn 0.945126 0 0.326706 
vn 0.939085 0 0.343686 
vn 0.928977 0 0.370138 
vn 0.963554 0 0.267516 
vn 0.957259 0 0.289231 
vn 0.894587 0 0.446893 
vn 0.883507 0 0.468417 
vn 0.908072 0 0.418815 
vn 0.928978 0 0.370135 
vn 0.918104 0 0.396339 
vn 0.883512 0 0.468408 
vn 0.86859 0 0.495532 
vn 0 1 0 
vn -0.589417 -0.807829 0 
vn -0.670879 -0.741567 0 
vn -0.501456 -0.865183 0 
vn -0.514586 -0.857439 0 
vn -0.501508 -0.865153 0 
vn -0.527022 -0.849852 0 
vn -0.572917 -0.819614 0 
vn -0.538673 -0.842515 0 
vn -0.549401 -0.835559 0 
vn -0.559081 -0.829113 0 
vn -0.572917 -0.819614 0 
vn -0.5676 -0.823305 0 
vn -0.589417 -0.807829 0 
vn -0.407965 -0.912997 0 
vn -0.46 -0.887919 0 
vn -0.501456 -0.865183 0 
vn -0.487946 -0.872874 0 
vn -0.474055 -0.880495 0 
vn -0.445945 -0.895061 0 
vn -0.432054 -0.901848 0 
vn -0.418491 -0.908221 0 
vn -0.309977 -0.950744 0 
vn -0.385417 -0.922743 0 
vn -0.405414 -0.914133 0 
vn -0.392978 -0.919548 0 
vn -0.407965 -0.912997 0 
vn -0.385417 -0.922743 0 
vn -0.20857 -0.978008 0 
vn -0.309977 -0.950744 0 
vn -0.104863 -0.994487 0 
vn -0.20857 -0.978008 0 
vn 6.12323e-17 -1 0 
vn -0.104863 -0.994487 0 
vn 0.104863 -0.994487 0 
vn 6.12323e-17 -1 0 
vn 0.20857 -0.978008 0 
vn 0.104863 -0.994487 0 
vn 0.309977 -0.950744 0 
vn 0.20857 -0.978008 0 
vn 0.407965 -0.912997 0 
vn 0.385417 -0.922743 0 
vn 0.392978 -0.919548 0 
vn 0.405414 -0.914133 0 
vn 0.309977 -0.950744 0 
vn 0.501456 -0.865183 0 
vn 0.474055 -0.880495 0 
vn 0.487946 -0.872874 0 
vn 0.46 -0.887919 0 
vn 0.445945 -0.895061 0 
vn 0.432054 -0.901848 0 
vn 0.418491 -0.908221 0 
vn 0.407965 -0.912997 0 
vn 0.589417 -0.807829 0 
vn 0.572917 -0.819614 0 
vn 0.559081 -0.829113 0 
vn 0.5676 -0.823305 0 
vn 0.527022 -0.849852 0 
vn 0.501456 -0.865183 0 
vn 0.501509 -0.865152 0 
vn 0.514586 -0.857439 0 
vn 0.538673 -0.842515 0 
vn 0.549401 -0.835559 0 
vn 0.572917 -0.819614 0 
vn 0.670879 -0.741567 0 
vn 0.589417 -0.807829 0 
vn -0.994138 0.108119 0 
vn -1 0 0 
vn -0.976621 0.21497 0 
vn -0.994138 0.108119 0 
vn -0.947653 0.319302 0 
vn -0.976621 0.21497 0 
vn -0.907575 0.419889 0 
vn -0.947653 0.319302 0 
vn -0.856857 0.515554 0 
vn -0.907575 0.419889 0 
vn -0.796093 0.605174 0 
vn -0.856857 0.515554 0 
vn -0.725995 0.687699 0 
vn -0.796093 0.605174 0 
vn 0.561187 -0.827689 0 
vn 0.647386 -0.762162 0 
vn 0.468408 -0.883512 0 
vn 0.561187 -0.827689 0 
vn 0.370138 -0.928977 0 
vn 0.468408 -0.883512 0 
vn 0.267528 -0.96355 0 
vn 0.370138 -0.928977 0 
vn 0.161782 -0.986827 0 
vn 0.267528 -0.96355 0 
vn 0.0541389 -0.998533 0 
vn 0.161782 -0.986827 0 
vn -0.0541389 -0.998533 0 
vn 0.0541389 -0.998533 0 
vn -0.161782 -0.986827 0 
vn -0.0541389 -0.998533 0 
vn -0.267528 -0.96355 0 
vn -0.161782 -0.986827 0 
vn -0.370138 -0.928977 0 
vn -0.267528 -0.96355 0 
vn -0.468408 -0.883512 0 
vn -0.370138 -0.928977 0 
vn -0.561187 -0.827689 0 
vn -0.468408 -0.883512 0 
vn -0.647386 -0.762162 0 
vn -0.561187 -0.827689 0 
vn -0.725995 -0.687699 0 
vn -0.647386 -0.762162 0 
vn -0.796093 -0.605174 0 
vn -0.725995 -0.687699 0 
vn -0.856857 -0.515554 0 
vn -0.796093 -0.605174 0 
vn -0.907575 -0.419889 0 
vn -0.856857 -0.515554 0 
vn -0.947653 -0.319302 0 
vn -0.907575 -0.419889 0 
vn -0.976621 -0.21497 0 
vn -0.947653 -0.319302 0 
vn -0.994138 -0.108119 0 
vn -0.976621 -0.21497 0 
vn -0.647386 0.762162 0 
vn -0.689208 0.724563 0 
vn -0.725995 0.687699 0 
vn -0.561187 0.827689 0 
vn -0.647386 0.762162 0 
vn -0.468408 0.883512 0 
vn -0.561187 0.827689 0 
vn -0.370138 0.928977 0 
vn -0.468408 0.883512 0 
vn -0.267528 0.96355 0 
vn -0.370138 0.928977 0 
vn -0.161782 0.986827 0 
vn -0.267528 0.96355 0 
vn -0.0541389 0.998533 0 
vn -0.161782 0.986827 0 
vn 0.0541389 0.998533 0 
vn -0.0541389 0.998533 0 
vn 0.161782 0.986827 0 
vn 0.0541389 0.998533 0 
vn 0.267528 0.96355 0 
vn 0.161782 0.986827 0 
vn 0.370138 0.928977 0 
vn 0.267528 0.96355 0 
vn 0.468408 0.883512 0 
vn 0.370138 0.928977 0 
vn 0.561187 0.827689 0 
vn 0.468408 0.883512 0 
vn 0.647386 0.762162 0 
vn 0.561187 0.827689 0 
vn 0.725995 0.687699 0 
vn 0.647386 0.762162 0 
vn 0.796093 0.605174 0 
vn 0.725995 0.687699 0 
vn 0.856857 0.515554 0 
vn 0.796093 0.605174 0 
vn 0.907575 0.419889 0 
vn 0.892217 0.451607 0 
vn 0.947653 0.319302 0 
vn 0.976621 0.21497 0 
vn 0.994138 0.108119 0 
vn 1 -1.22465e-16 0 
vn 0.994138 -0.108119 0 
vn 0.976621 -0.21497 0 
vn 0.947653 -0.319302 0 
vn 0.907575 -0.419889 0 
vn 0.856857 -0.515554 0 
vn 0.892217 -0.451607 0 
vn 0.907575 -0.419889 0 
vn 0.796093 -0.605174 0 
vn 0.725995 -0.687699 0 
vn 0.724563 -0.689208 0 
vn 0.796093 0.605174 0 
vn 0.725995 0.687699 0 
vn 0.856857 0.515554 0 
vn 0.796093 0.605174 0 
vn 0.907575 0.419889 0 
vn 0.856857 0.515554 0 
vn 0.947653 0.319302 0 
vn 0.907575 0.419889 0 
vn 0.976621 0.21497 0 
vn 0.947653 0.319302 0 
vn 0.994138 0.108119 0 
vn 0.976621 0.21497 0 
vn 1 -1.22465e-16 0 
vn 0.994138 0.108119 0 
vn 0.994138 -0.108119 0 
vn 1 -1.22465e-16 0 
vn 0.976621 -0.21497 0 
vn 0.994138 -0.108119 0 
vn 0.947653 -0.319302 0 
vn 0.976621 -0.21497 0 
vn 0.907575 -0.419889 0 
vn 0.947653 -0.319302 0 
vn 0.856857 -0.515554 0 
vn 0.907575 -0.419889 0 
vn 0.796093 -0.605174 0 
vn 0.856857 -0.515554 0 
vn 0.725995 -0.687699 0 
vn 0.796093 -0.605174 0 
vn 0.647386 -0.762162 0 
vn 0.725995 -0.687699 0 
vn 0.561187 -0.827689 0 
vn 0.647386 -0.762162 0 
vn 0.468408 -0.883512 0 
vn 0.561187 -0.827689 0 
vn 0.370138 -0.928977 0 
vn 0.468408 -0.883512 0 
vn 0.267528 -0.96355 0 
vn 0.370138 -0.928977 0 
vn 0.161782 -0.986827 0 
vn 0.267528 -0.96355 0 
vn 0.0541389 -0.998533 0 
vn 0.161782 -0.986827 0 
vn -0.0541389 -0.998533 0 
vn 0.0541389 -0.998533 0 
vn -0.161782 -0.986827 0 
vn -0.0541389 -0.998533 0 
vn -0.267528 -0.96355 0 
vn -0.161782 -0.986827 0 
vn -0.370138 -0.928977 0 
vn -0.267528 -0.96355 0 
vn -0.468408 -0.883512 0 
vn -0.370138 -0.928977 0 
vn -0.561187 -0.827689 0 
vn -0.468408 -0.883512 0 
vn -0.647386 -0.762162 0 
vn -0.561187 -0.827689 0 
vn -0.725995 -0.687699 0 
vn -0.724563 -0.689208 0 
vn -0.647386 -0.762162 0 
vn -0.796093 -0.605174 0 
vn -0.725995 -0.687699 0 
vn -0.856857 -0.515554 0 
vn -0.796093 -0.605174 0 
vn -0.907575 -0.419889 0 
vn -0.856857 -0.515554 0 
vn -0.947653 -0.319302 0 
vn -0.907575 -0.419889 0 
vn -0.976621 -0.21497 0 
vn -0.947653 -0.319302 0 
vn -0.994138 -0.108119 0 
vn -0.976621 -0.21497 0 
vn -1 0 0 
vn -0.994138 -0.108119 0 
vn -0.994138 0.108119 0 
vn -1 0 0 
vn -0.976621 0.21497 0 
vn -0.994138 0.108119 0 
vn -0.947653 0.319302 0 
vn -0.976621 0.21497 0 
vn -0.907575 0.419889 0 
vn -0.947653 0.319302 0 
vn -0.856857 0.515554 0 
vn -0.907575 0.419889 0 
vn -0.796093 0.605174 0 
vn -0.856857 0.515554 0 
vn -0.725995 0.687699 0 
vn -0.796093 0.605174 0 
vn -0.647386 0.762162 0 
vn -0.725995 0.687699 0 
vn -0.561187 0.827689 0 
vn -0.647386 0.762162 0 
vn -0.468408 0.883512 0 
vn -0.561187 0.827689 0 
vn -0.370138 0.928977 0 
vn -0.468408 0.883512 0 
vn -0.267528 0.96355 0 
vn -0.370138 0.928977 0 
vn -0.161782 0.986827 0 
vn -0.267528 0.96355 0 
vn -0.0541389 0.998533 0 
vn -0.161782 0.986827 0 
vn 0.0541389 0.998533 0 
vn -0.0541389 0.998533 0 
vn 0.161782 0.986827 0 
vn 0.0541389 0.998533 0 
vn 0.267528 0.96355 0 
vn 0.161782 0.986827 0 
vn 0.370138 0.928977 0 
vn 0.267528 0.96355 0 
vn 0.468408 0.883512 0 
vn 0.370138 0.928977 0 
vn 0.561187 0.827689 0 
vn 0.468408 0.883512 0 
vn 0.647386 0.762162 0 
vn 0.561187 0.827689 0 
vn 0.689208 0.724563 0 
vn 0.647386 0.762162 0 
vn 0.807829 -0.589417 0 
vn 0.741567 -0.670879 0 
vn 0.865183 -0.501456 0 
vn 0.807829 -0.589417 0 
vn 0.912997 -0.407965 0 
vn 0.865183 -0.501456 0 
vn 0.950744 -0.309977 0 
vn 0.912997 -0.407965 0 
vn 0.978008 -0.20857 0 
vn 0.950744 -0.309977 0 
vn 0.994487 -0.104863 0 
vn 0.978008 -0.20857 0 
vn 1 2.44929e-16 0 
vn 0.994487 -0.104863 0 
vn 0.994487 0.104863 0 
vn 1 2.44929e-16 0 
vn 0.978008 0.20857 0 
vn 0.994487 0.104863 0 
vn 0.950744 0.309977 0 
vn 0.978008 0.20857 0 
vn 0.912997 0.407965 0 
vn 0.950744 0.309977 0 
vn 0.865183 0.501456 0 
vn 0.912997 0.407965 0 
vn 0.807829 0.589417 0 
vn 0.865183 0.501456 0 
vn 0.741567 0.670879 0 
vn 0.807829 0.589417 0 
vn -0.561187 0.827689 0 
vn -0.647386 0.762162 0 
vn -0.468408 0.883512 0 
vn -0.561187 0.827689 0 
vn -0.370138 0.928977 0 
vn -0.468408 0.883512 0 
vn -0.267528 0.96355 0 
vn -0.370138 0.928977 0 
vn -0.161782 0.986827 0 
vn -0.267528 0.96355 0 
vn -0.0541389 0.998533 0 
vn -0.161782 0.986827 0 
vn 0.0541389 0.998533 0 
vn -0.0541389 0.998533 0 
vn 0.161782 0.986827 0 
vn 0.0541389 0.998533 0 
vn 0.267528 0.96355 0 
vn 0.161782 0.986827 0 
vn 0.370138 0.928977 0 
vn 0.267528 0.96355 0 
vn 0.468408 0.883512 0 
vn 0.370138 0.928977 0 
vn 0.561187 0.827689 0 
vn 0.468408 0.883512 0 
vn 0.647386 0.762162 0 
vn 0.561187 0.827689 0 
vn 0.725995 0.687699 0 
vn 0.647386 0.762162 0 
vn 0.796093 0.605174 0 
vn 0.725995 0.687699 0 
vn 0.856857 0.515554 0 
vn 0.796093 0.605174 0 
vn 0.907575 0.419889 0 
vn 0.856857 0.515554 0 
vn 0.947653 0.319302 0 
vn 0.907575 0.419889 0 
vn 0.976621 0.21497 0 
vn 0.947653 0.319302 0 
vn 0.994138 0.108119 0 
vn 0.976621 0.21497 0 
vn 1 -1.22465e-16 0 
vn 0.994138 0.108119 0 
vn 0.994138 -0.108119 0 
vn 1 -1.22465e-16 0 
vn 0.976621 -0.21497 0 
vn 0.994138 -0.108119 0 
vn 0.947653 -0.319302 0 
vn 0.976621 -0.21497 0 
vn 0.907575 -0.419889 0 
vn 0.947653 -0.319302 0 
vn 0.856857 -0.515554 0 
vn 0.907575 -0.419889 0 
vn 0.796093 -0.605174 0 
vn 0.856857 -0.515554 0 
vn 0.725995 -0.687699 0 
vn 0.796093 -0.605174 0 
vn 0.647386 -0.762162 0 
vn 0.689208 -0.724563 0 
vn 0.725995 -0.687699 0 
vn 0.561187 -0.827689 0 
vn 0.647386 -0.762162 0 
vn 0.468408 -0.883512 0 
vn 0.561187 -0.827689 0 
vn 0.370138 -0.928977 0 
vn 0.468408 -0.883512 0 
vn 0.267528 -0.96355 0 
vn 0.370138 -0.928977 0 
vn 0.161782 -0.986827 0 
vn 0.267528 -0.96355 0 
vn 0.0541389 -0.998533 0 
vn 0.161782 -0.986827 0 
vn -0.0541389 -0.998533 0 
vn 0.0541389 -0.998533 0 
vn -0.161782 -0.986827 0 
vn -0.0541389 -0.998533 0 
vn -0.267528 -0.96355 0 
vn -0.161782 -0.986827 0 
vn -0.370138 -0.928977 0 
vn -0.267528 -0.96355 0 
vn -0.468408 -0.883512 0 
vn -0.370138 -0.928977 0 
vn -0.561187 -0.827689 0 
vn -0.468408 -0.883512 0 
vn -0.647386 -0.762162 0 
vn -0.561187 -0.827689 0 
vn -0.725995 -0.687699 0 
vn -0.647386 -0.762162 0 
vn -0.796093 -0.605174 0 
vn -0.725995 -0.687699 0 
vn -0.856857 -0.515554 0 
vn -0.796093 -0.605174 0 
vn -0.907575 -0.419889 0 
vn -0.856857 -0.515554 0 
vn -0.947653 -0.319302 0 
vn -0.907575 -0.419889 0 
vn -0.976621 -0.21497 0 
vn -0.947653 -0.319302 0 
vn -0.994138 -0.108119 0 
vn -0.976621 -0.21497 0 
vn -1 0 0 
vn -0.994138 -0.108119 0 
vn -0.994138 0.108119 0 
vn -1 0 0 
vn -0.976621 0.21497 0 
vn -0.994138 0.108119 0 
vn -0.947653 0.319302 0 
vn -0.976621 0.21497 0 
vn -0.907575 0.419889 0 
vn -0.947653 0.319302 0 
vn -0.856857 0.515554 0 
vn -0.907575 0.419889 0 
vn -0.796093 0.605174 0 
vn -0.856857 0.515554 0 
vn -0.725995 0.687699 0 
vn -0.796093 0.605174 0 
vn -0.724563 0.689208 0 
vn -0.725995 0.687699 0 
vn 0 0 -1 
vn -0.994138 0.108119 0 
vn -1 0 0 
vn -0.976621 0.21497 0 
vn -0.994138 0.108119 0 
vn -0.947653 0.319302 0 
vn -0.976621 0.21497 0 
vn -0.907575 0.419889 0 
vn -0.947653 0.319302 0 
vn -0.856857 0.515554 0 
vn -0.907575 0.419889 0 
vn -0.796093 0.605174 0 
vn -0.856857 0.515554 0 
vn -0.725995 0.687699 0 
vn -0.796093 0.605174 0 
vn -0.647386 0.762162 0 
vn -0.725995 0.687699 0 
vn -0.561187 0.827689 0 
vn -0.647386 0.762162 0 
vn -0.468408 0.883512 0 
vn -0.561187 0.827689 0 
vn -0.370138 0.928977 0 
vn -0.468408 0.883512 0 
vn -0.267528 0.96355 0 
vn -0.370138 0.928977 0 
vn -0.161782 0.986827 0 
vn -0.267528 0.96355 0 
vn -0.0541389 0.998533 0 
vn -0.161782 0.986827 0 
vn 0.0541389 0.998533 0 
vn -0.0541389 0.998533 0 
vn 0.161782 0.986827 0 
vn 0.0541389 0.998533 0 
vn 0.267528 0.96355 0 
vn 0.161782 0.986827 0 
vn 0.370138 0.928977 0 
vn 0.267528 0.96355 0 
vn 0.468408 0.883512 0 
vn 0.370138 0.928977 0 
vn 0.561187 0.827689 0 
vn 0.468408 0.883512 0 
vn 0.647386 0.762162 0 
vn 0.561187 0.827689 0 
vn -0.796093 -0.605174 0 
vn -0.725995 -0.687699 0 
vn -0.856857 -0.515554 0 
vn -0.796093 -0.605174 0 
vn -0.907575 -0.419889 0 
vn -0.856857 -0.515554 0 
vn -0.947653 -0.319302 0 
vn -0.907575 -0.419889 0 
vn -0.976621 -0.21497 0 
vn -0.947653 -0.319302 0 
vn -0.994138 -0.108119 0 
vn -0.976621 -0.21497 0 
vn 0.725995 0.687699 0 
vn 0.724563 0.689208 0 
vn 0.647386 0.762162 0 
vn 0.796093 0.605174 0 
vn 0.725995 0.687699 0 
vn 0.856857 0.515554 0 
vn 0.796093 0.605174 0 
vn 0.907575 0.419889 0 
vn 0.892217 0.451607 0 
vn 0.947653 0.319302 0 
vn 0.976621 0.21497 0 
vn 0.994138 0.108119 0 
vn 1 -1.22465e-16 0 
vn 0.994138 -0.108119 0 
vn 0.976621 -0.21497 0 
vn 0.947653 -0.319302 0 
vn 0.907575 -0.419889 0 
vn 0.856857 -0.515554 0 
vn 0.892217 -0.451607 0 
vn 0.907575 -0.419889 0 
vn 0.796093 -0.605174 0 
vn 0.725995 -0.687699 0 
vn 0.647386 -0.762162 0 
vn 0.561187 -0.827689 0 
vn 0.468408 -0.883512 0 
vn 0.370138 -0.928977 0 
vn 0.267528 -0.96355 0 
vn 0.161782 -0.986827 0 
vn 0.0541389 -0.998533 0 
vn -0.0541389 -0.998533 0 
vn -0.161782 -0.986827 0 
vn -0.267528 -0.96355 0 
vn -0.370138 -0.928977 0 
vn -0.468408 -0.883512 0 
vn -0.561187 -0.827689 0 
vn -0.647386 -0.762162 0 
vn -0.689208 -0.724563 0 
vn 0.589417 0.807829 0 
vn 0.670879 0.741567 0 
vn 0.501456 0.865183 0 
vn 0.589417 0.807829 0 
vn 0.407965 0.912997 0 
vn 0.501456 0.865183 0 
vn 0.309977 0.950744 0 
vn 0.407965 0.912997 0 
vn 0.20857 0.978008 0 
vn 0.309977 0.950744 0 
vn 0.104863 0.994487 0 
vn 0.20857 0.978008 0 
vn -1.83697e-16 1 0 
vn 0.104863 0.994487 0 
vn -0.104863 0.994487 0 
vn -1.83697e-16 1 0 
vn -0.20857 0.978008 0 
vn -0.104863 0.994487 0 
vn -0.309977 0.950744 0 
vn -0.20857 0.978008 0 
vn -0.407965 0.912997 0 
vn -0.309977 0.950744 0 
vn -0.501456 0.865183 0 
vn -0.407965 0.912997 0 
vn -0.589417 0.807829 0 
vn -0.501456 0.865183 0 
vn -0.670879 0.741567 0 
vn -0.589417 0.807829 0 
vn -0.807829 0.589417 0 
vn -0.741567 0.670879 0 
vn -0.865183 0.501456 0 
vn -0.807829 0.589417 0 
vn -0.912997 0.407965 0 
vn -0.865183 0.501456 0 
vn -0.950744 0.309977 0 
vn -0.912997 0.407965 0 
vn -0.978008 0.20857 0 
vn -0.950744 0.309977 0 
vn -0.994487 0.104863 0 
vn -0.978008 0.20857 0 
vn -1 -1.22465e-16 0 
vn -0.994487 0.104863 0 
vn -0.994487 -0.104863 0 
vn -1 -1.22465e-16 0 
vn -0.978008 -0.20857 0 
vn -0.994487 -0.104863 0 
vn -0.950744 -0.309977 0 
vn -0.978008 -0.20857 0 
vn -0.912997 -0.407965 0 
vn -0.950744 -0.309977 0 
vn -0.865183 -0.501456 0 
vn -0.912997 -0.407965 0 
vn -0.807829 -0.589417 0 
vn -0.865183 -0.501456 0 
vn -0.741567 -0.670879 0 
vn -0.807829 -0.589417 0 
vn 0 0 -1 
vn 0 0 1 
vn -0.994138 0.108119 0 
vn -1 0 0 
vn -0.976621 0.21497 0 
vn -0.994138 0.108119 0 
vn -0.947653 0.319302 0 
vn -0.976621 0.21497 0 
vn -0.907575 0.419889 0 
vn -0.947653 0.319302 0 
vn -0.856857 0.515554 0 
vn -0.907575 0.419889 0 
vn -0.796093 0.605174 0 
vn -0.856857 0.515554 0 
vn -0.725995 0.687699 0 
vn -0.796093 0.605174 0 
vn -0.647386 0.762162 0 
vn -0.725995 0.687699 0 
vn -0.561187 0.827689 0 
vn -0.647386 0.762162 0 
vn -0.468408 0.883512 0 
vn -0.561187 0.827689 0 
vn -0.370138 0.928977 0 
vn -0.468408 0.883512 0 
vn -0.267528 0.96355 0 
vn -0.370138 0.928977 0 
vn -0.161782 0.986827 0 
vn -0.267528 0.96355 0 
vn -0.0541389 0.998533 0 
vn -0.161782 0.986827 0 
vn 0.0541389 0.998533 0 
vn -0.0541389 0.998533 0 
vn 0.161782 0.986827 0 
vn 0.0541389 0.998533 0 
vn 0.267528 0.96355 0 
vn 0.161782 0.986827 0 
vn 0.370138 0.928977 0 
vn 0.337955 0.941162 0 
vn 0.468408 0.883512 0 
vn 0.561187 0.827689 0 
vn 0.647386 0.762162 0 
vn 0.725995 0.687699 0 
vn 0.796093 0.605174 0 
vn 0.856857 0.515554 0 
vn 0.907575 0.419889 0 
vn 0.947653 0.319302 0 
vn 0.976621 0.21497 0 
vn 0.994138 0.108119 0 
vn 1 -1.22465e-16 0 
vn 0.994138 -0.108119 0 
vn 0.976621 -0.21497 0 
vn 0.947653 -0.319302 0 
vn 0.907575 -0.419889 0 
vn 0.856857 -0.515554 0 
vn 0.796093 -0.605174 0 
vn 0.725995 -0.687699 0 
vn 0.647386 -0.762162 0 
vn 0.561187 -0.827689 0 
vn 0.468408 -0.883512 0 
vn 0.370138 -0.928977 0 
vn 0.267528 -0.96355 0 
vn 0.337955 -0.941162 0 
vn 0.370138 -0.928977 0 
vn 0.161782 -0.986827 0 
vn 0.0541389 -0.998533 0 
vn -0.0541389 -0.998533 0 
vn -0.161782 -0.986827 0 
vn -0.267528 -0.96355 0 
vn -0.370138 -0.928977 0 
vn -0.468408 -0.883512 0 
vn -0.561187 -0.827689 0 
vn -0.647386 -0.762162 0 
vn -0.725995 -0.687699 0 
vn -0.796093 -0.605174 0 
vn -0.856857 -0.515554 0 
vn -0.907575 -0.419889 0 
vn -0.947653 -0.319302 0 
vn -0.976621 -0.21497 0 
vn -0.994138 -0.108119 0 
vn -0.994138 0.108119 0 
vn -1 0 0 
vn -0.976621 0.21497 0 
vn -0.994138 0.108119 0 
vn -0.947653 0.319302 0 
vn -0.976621 0.21497 0 
vn -0.907575 0.419889 0 
vn -0.947653 0.319302 0 
vn -0.856857 0.515554 0 
vn -0.907575 0.419889 0 
vn -0.796093 0.605174 0 
vn -0.856857 0.515554 0 
vn -0.725995 0.687699 0 
vn -0.796093 0.605174 0 
vn -0.647386 0.762162 0 
vn -0.725995 0.687699 0 
vn -0.561187 0.827689 0 
vn -0.647386 0.762162 0 
vn -0.468408 0.883512 0 
vn -0.561187 0.827689 0 
vn -0.370138 0.928977 0 
vn -0.468408 0.883512 0 
vn -0.267528 0.96355 0 
vn -0.337955 0.941162 0 
vn -0.370138 0.928977 0 
vn -0.161782 0.986827 0 
vn -0.0541389 0.998533 0 
vn 0.0541389 0.998533 0 
vn 0.161782 0.986827 0 
vn 0.267528 0.96355 0 
vn 0.370138 0.928977 0 
vn 0.468408 0.883512 0 
vn 0.561187 0.827689 0 
vn 0.647386 0.762162 0 
vn 0.725995 0.687699 0 
vn 0.796093 0.605174 0 
vn 0.856857 0.515554 0 
vn 0.907575 0.419889 0 
vn 0.947653 0.319302 0 
vn 0.976621 0.21497 0 
vn 0.994138 0.108119 0 
vn 1 -1.22465e-16 0 
vn 0.994138 -0.108119 0 
vn 0.976621 -0.21497 0 
vn 0.947653 -0.319302 0 
vn 0.907575 -0.419889 0 
vn 0.856857 -0.515554 0 
vn 0.796093 -0.605174 0 
vn 0.725995 -0.687699 0 
vn 0.647386 -0.762162 0 
vn 0.561187 -0.827689 0 
vn 0.468408 -0.883512 0 
vn 0.370138 -0.928977 0 
vn 0.267528 -0.96355 0 
vn 0.161782 -0.986827 0 
vn 0.0541389 -0.998533 0 
vn -0.0541389 -0.998533 0 
vn -0.161782 -0.986827 0 
vn -0.267528 -0.96355 0 
vn -0.370138 -0.928977 0 
vn -0.337955 -0.941162 0 
vn -0.468408 -0.883512 0 
vn -0.561187 -0.827689 0 
vn -0.647386 -0.762162 0 
vn -0.725995 -0.687699 0 
vn -0.796093 -0.605174 0 
vn -0.856857 -0.515554 0 
vn -0.907575 -0.419889 0 
vn -0.947653 -0.319302 0 
vn -0.976621 -0.21497 0 
vn -0.994138 -0.108119 0 
vn -0.994138 0.108119 0 
vn -1 0 0 
vn -0.976621 0.21497 0 
vn -0.994138 0.108119 0 
vn -0.947653 0.319302 0 
vn -0.976621 0.21497 0 
vn -0.907575 0.419889 0 
vn -0.947653 0.319302 0 
vn -0.856857 0.515554 0 
vn -0.907575 0.419889 0 
vn -0.796093 0.605174 0 
vn -0.856857 0.515554 0 
vn -0.725995 0.687699 0 
vn -0.796093 0.605174 0 
vn -0.647386 0.762162 0 
vn -0.725995 0.687699 0 
vn -0.561187 0.827689 0 
vn -0.647386 0.762162 0 
vn -0.468408 0.883512 0 
vn -0.561187 0.827689 0 
vn -0.370138 0.928977 0 
vn -0.468408 0.883512 0 
vn -0.267528 0.96355 0 
vn -0.337955 0.941162 0 
vn -0.370138 0.928977 0 
vn -0.161782 0.986827 0 
vn -0.0541389 0.998533 0 
vn 0.0541389 0.998533 0 
vn 0.161782 0.986827 0 
vn 0.267528 0.96355 0 
vn 0.370138 0.928977 0 
vn 0.468408 0.883512 0 
vn 0.561187 0.827689 0 
vn 0.647386 0.762162 0 
vn 0.725995 0.687699 0 
vn 0.796093 0.605174 0 
vn 0.856857 0.515554 0 
vn 0.907575 0.419889 0 
vn 0.947653 0.319302 0 
vn 0.976621 0.21497 0 
vn 0.994138 0.108119 0 
vn 1 -1.22465e-16 0 
vn 0.994138 -0.108119 0 
vn 0.976621 -0.21497 0 
vn 0.947653 -0.319302 0 
vn 0.907575 -0.419889 0 
vn 0.856857 -0.515554 0 
vn 0.796093 -0.605174 0 
vn 0.725995 -0.687699 0 
vn 0.647386 -0.762162 0 
vn 0.561187 -0.827689 0 
vn 0.468408 -0.883512 0 
vn 0.370138 -0.928977 0 
vn 0.267528 -0.96355 0 
vn 0.161782 -0.986827 0 
vn 0.0541389 -0.998533 0 
vn -0.0541389 -0.998533 0 
vn -0.161782 -0.986827 0 
vn -0.267528 -0.96355 0 
vn -0.370138 -0.928977 0 
vn -0.337955 -0.941162 0 
vn -0.468408 -0.883512 0 
vn -0.561187 -0.827689 0 
vn -0.647386 -0.762162 0 
vn -0.725995 -0.687699 0 
vn -0.796093 -0.605174 0 
vn -0.856857 -0.515554 0 
vn -0.907575 -0.419889 0 
vn -0.947653 -0.319302 0 
vn -0.976621 -0.21497 0 
vn -0.994138 -0.108119 0 
vn -0.994138 0.108119 0 
vn -1 0 0 
vn -0.976621 0.21497 0 
vn -0.994138 0.108119 0 
vn -0.947653 0.319302 0 
vn -0.976621 0.21497 0 
vn -0.907575 0.419889 0 
vn -0.947653 0.319302 0 
vn -0.856857 0.515554 0 
vn -0.907575 0.419889 0 
vn -0.796093 0.605174 0 
vn -0.856857 0.515554 0 
vn -0.725995 0.687699 0 
vn -0.796093 0.605174 0 
vn -0.647386 0.762162 0 
vn -0.725995 0.687699 0 
vn -0.561187 0.827689 0 
vn -0.647386 0.762162 0 
vn -0.468408 0.883512 0 
vn -0.561187 0.827689 0 
vn -0.370138 0.928977 0 
vn -0.468408 0.883512 0 
vn -0.267528 0.96355 0 
vn -0.370138 0.928977 0 
vn -0.161782 0.986827 0 
vn -0.267528 0.96355 0 
vn -0.0541389 0.998533 0 
vn -0.161782 0.986827 0 
vn 0.0541389 0.998533 0 
vn -0.0541389 0.998533 0 
vn 0.161782 0.986827 0 
vn 0.0541389 0.998533 0 
vn 0.267528 0.96355 0 
vn 0.161782 0.986827 0 
vn 0.370138 0.928977 0 
vn 0.337955 0.941162 0 
vn 0.468408 0.883512 0 
vn 0.561187 0.827689 0 
vn 0.647386 0.762162 0 
vn 0.725995 0.687699 0 
vn 0.796093 0.605174 0 
vn 0.856857 0.515554 0 
vn 0.907575 0.419889 0 
vn 0.947653 0.319302 0 
vn 0.976621 0.21497 0 
vn 0.994138 0.108119 0 
vn 1 -1.22465e-16 0 
vn 0.994138 -0.108119 0 
vn 0.976621 -0.21497 0 
vn 0.947653 -0.319302 0 
vn 0.907575 -0.419889 0 
vn 0.856857 -0.515554 0 
vn 0.796093 -0.605174 0 
vn 0.725995 -0.687699 0 
vn 0.647386 -0.762162 0 
vn 0.561187 -0.827689 0 
vn 0.468408 -0.883512 0 
vn 0.370138 -0.928977 0 
vn 0.267528 -0.96355 0 
vn 0.337955 -0.941162 0 
vn 0.370138 -0.928977 0 
vn 0.161782 -0.986827 0 
vn 0.0541389 -0.998533 0 
vn -0.0541389 -0.998533 0 
vn -0.161782 -0.986827 0 
vn -0.267528 -0.96355 0 
vn -0.370138 -0.928977 0 
vn -0.468408 -0.883512 0 
vn -0.561187 -0.827689 0 
vn -0.647386 -0.762162 0 
vn -0.725995 -0.687699 0 
vn -0.796093 -0.605174 0 
vn -0.856857 -0.515554 0 
vn -0.907575 -0.419889 0 
vn -0.947653 -0.319302 0 
vn -0.976621 -0.21497 0 
vn -0.994138 -0.108119 0 
usemtl 0.713725_0.760784_0.800000_0.000000_0.000000
o mesh0
f 59//1 1//1 2//1 
f 2//1 3//1 59//1 
f 3//1 4//1 59//1 
f 4//1 5//1 59//1 
f 5//1 6//1 59//1 
f 6//1 7//1 59//1 
f 7//1 8//1 59//1 
f 8//1 9//1 59//1 
f 9//1 10//1 59//1 
f 10//1 11//1 59//1 
f 11//1 12//1 59//1 
f 12//1 13//1 59//1 
f 13//1 14//1 59//1 
f 14//1 15//1 59//1 
f 15//1 16//1 59//1 
f 16//1 17//1 59//1 
f 17//1 18//1 59//1 
f 18//1 19//1 59//1 
f 19//1 20//1 59//1 
f 20//1 21//1 59//1 
f 21//1 22//1 59//1 
f 22//1 23//1 59//1 
f 23//1 24//1 59//1 
f 24//1 25//1 59//1 
f 25//1 26//1 59//1 
f 26//1 27//1 59//1 
f 27//1 28//1 59//1 
f 28//1 29//1 59//1 
f 29//1 30//1 59//1 
f 30//1 31//1 59//1 
f 31//1 32//1 59//1 
f 32//1 33//1 59//1 
f 33//1 34//1 59//1 
f 34//1 35//1 59//1 
f 35//1 36//1 59//1 
f 36//1 37//1 59//1 
f 37//1 38//1 59//1 
f 38//1 39//1 59//1 
f 39//1 40//1 59//1 
f 40//1 41//1 59//1 
f 41//1 42//1 59//1 
f 42//1 43//1 59//1 
f 43//1 44//1 59//1 
f 44//1 45//1 59//1 
f 45//1 46//1 59//1 
f 46//1 47//1 59//1 
f 47//1 48//1 59//1 
f 48//1 49//1 59//1 
f 49//1 50//1 59//1 
f 50//1 51//1 59//1 
f 51//1 52//1 59//1 
f 52//1 53//1 59//1 
f 53//1 54//1 59//1 
f 54//1 55//1 59//1 
f 55//1 56//1 59//1 
f 56//1 57//1 59//1 
f 57//1 58//1 59//1 
f 58//1 1//1 59//1 
o mesh1
f 1//2 58//3 60//3 
f 2//4 1//2 61//5 
f 3//6 2//4 62//7 
f 4//8 3//6 63//9 
f 5//10 4//8 64//11 
f 6//12 5//10 65//13 
f 7//14 6//12 66//15 
f 8//16 7//14 67//17 
f 9//18 8//16 68//19 
f 10//20 9//18 69//21 
f 11//22 10//20 70//23 
f 12//24 11//22 71//25 
f 13//26 12//24 72//27 
f 14//28 13//26 73//29 
f 15//30 14//28 74//31 
f 16//32 15//30 75//33 
f 17//34 16//32 76//35 
f 18//36 17//34 77//37 
f 19//38 18//36 78//39 
f 20//40 19//38 79//41 
f 21//42 20//40 80//43 
f 22//44 21//42 81//45 
f 23//46 22//44 82//47 
f 24//48 23//46 83//49 
f 25//50 24//48 84//51 
f 26//52 25//50 85//53 
f 27//54 26//52 86//55 
f 28//56 27//54 87//57 
f 29//58 28//56 88//59 
f 30//60 29//58 89//61 
f 31//62 30//60 90//63 
f 32//64 31//62 91//65 
f 33//66 32//64 92//67 
f 34//68 33//66 93//69 
f 35//70 34//68 94//71 
f 36//72 35//70 95//73 
f 37//74 36//72 96//75 
f 38//76 37//74 97//77 
f 39//78 38//76 98//79 
f 40//80 39//78 99//81 
f 41//82 40//80 100//83 
f 42//84 41//82 101//85 
f 43//86 42//84 102//87 
f 44//88 43//86 103//89 
f 45//90 44//88 104//91 
f 46//92 45//90 105//93 
f 47//94 46//92 106//95 
f 48//96 47//94 107//97 
f 49//98 48//96 108//99 
f 50//100 49//98 109//101 
f 51//102 50//100 110//103 
f 52//104 51//102 111//105 
f 53//106 52//104 112//107 
f 54//108 53//106 113//109 
f 55//110 54//108 114//111 
f 56//112 55//110 115//113 
f 57//114 56//112 116//115 
f 58//3 57//114 117//114 
f 117//114 60//3 58//3 
f 116//115 117//114 57//114 
f 115//113 116//115 56//112 
f 114//111 115//113 55//110 
f 113//109 114//111 54//108 
f 112//107 113//109 53//106 
f 111//105 112//107 52//104 
f 110//103 111//105 51//102 
f 109//101 110//103 50//100 
f 108//99 109//101 49//98 
f 107//97 108//99 48//96 
f 106//95 107//97 47//94 
f 105//93 106//95 46//92 
f 104//91 105//93 45//90 
f 103//89 104//91 44//88 
f 102//87 103//89 43//86 
f 101//85 102//87 42//84 
f 100//83 101//85 41//82 
f 99//81 100//83 40//80 
f 98//79 99//81 39//78 
f 97//77 98//79 38//76 
f 96//75 97//77 37//74 
f 95//73 96//75 36//72 
f 94//71 95//73 35//70 
f 93//69 94//71 34//68 
f 92//67 93//69 33//66 
f 91//65 92//67 32//64 
f 90//63 91//65 31//62 
f 89//61 90//63 30//60 
f 88//59 89//61 29//58 
f 87//57 88//59 28//56 
f 86//55 87//57 27//54 
f 85//53 86//55 26//52 
f 84//51 85//53 25//50 
f 83//49 84//51 24//48 
f 82//47 83//49 23//46 
f 81//45 82//47 22//44 
f 80//43 81//45 21//42 
f 79//41 80//43 20//40 
f 78//39 79//41 19//38 
f 77//37 78//39 18//36 
f 76//35 77//37 17//34 
f 75//33 76//35 16//32 
f 74//31 75//33 15//30 
f 73//29 74//31 14//28 
f 72//27 73//29 13//26 
f 71//25 72//27 12//24 
f 70//23 71//25 11//22 
f 69//21 70//23 10//20 
f 68//19 69//21 9//18 
f 67//17 68//19 8//16 
f 66//15 67//17 7//14 
f 65//13 66//15 6//12 
f 64//11 65//13 5//10 
f 63//9 64//11 4//8 
f 62//7 63//9 3//6 
f 61//5 62//7 2//4 
f 60//3 61//5 1//2 
o mesh2
f 102//116 118//116 119//116 
f 119//116 103//116 102//116 
f 120//116 121//116 104//116 
f 118//116 99//116 98//116 
f 102//116 101//116 118//116 
f 103//116 119//116 120//116 
f 107//116 122//116 123//116 
f 122//116 107//116 106//116 
f 124//116 109//116 108//116 
f 124//116 111//116 110//116 
f 118//116 100//116 99//116 
f 104//116 103//116 120//116 
f 121//116 106//116 105//116 
f 106//116 121//116 122//116 
f 110//116 109//116 124//116 
f 98//116 97//116 118//116 
f 105//116 104//116 121//116 
f 125//116 113//116 112//116 
f 125//116 116//116 115//116 
f 126//116 70//116 69//116 
f 118//116 94//116 93//116 
f 118//116 96//116 95//116 
f 108//116 107//116 124//116 
f 101//116 100//116 118//116 
f 112//116 124//116 125//116 
f 115//116 114//116 125//116 
f 125//116 126//116 66//116 
f 126//116 71//116 70//116 
f 126//116 73//116 72//116 
f 73//116 126//116 127//116 
f 95//116 94//116 118//116 
f 97//116 96//116 118//116 
f 114//116 113//116 125//116 
f 125//116 60//116 117//116 
f 125//116 62//116 61//116 
f 125//116 64//116 63//116 
f 126//116 67//116 66//116 
f 69//116 68//116 126//116 
f 127//116 74//116 73//116 
f 123//116 124//116 107//116 
f 117//116 116//116 125//116 
f 63//116 62//116 125//116 
f 66//116 65//116 125//116 
f 72//116 71//116 126//116 
f 127//116 76//116 75//116 
f 128//116 129//116 130//116 
f 112//116 111//116 124//116 
f 65//116 64//116 125//116 
f 75//116 74//116 127//116 
f 127//116 78//116 77//116 
f 131//116 118//116 92//116 
f 127//116 80//116 79//116 
f 127//116 86//116 85//116 
f 128//116 132//116 133//116 
f 130//116 134//116 128//116 
f 61//116 60//116 125//116 
f 77//116 76//116 127//116 
f 135//116 136//116 131//116 
f 127//116 81//116 80//116 
f 85//116 84//116 127//116 
f 135//116 137//116 138//116 
f 135//116 139//116 140//116 
f 141//116 142//116 143//116 
f 141//116 144//116 145//116 
f 133//116 146//116 128//116 
f 128//116 147//116 129//116 
f 125//116 148//116 149//116 
f 125//116 150//116 151//116 
f 125//116 152//116 153//116 
f 68//116 67//116 126//116 
f 135//116 154//116 136//116 
f 127//116 82//116 81//116 
f 84//116 83//116 127//116 
f 125//116 155//116 156//116 
f 125//116 157//116 158//116 
f 125//116 159//116 160//116 
f 135//116 161//116 137//116 
f 135//116 162//116 139//116 
f 125//116 163//116 164//116 
f 163//116 165//116 166//116 
f 163//116 167//116 168//116 
f 163//116 169//116 170//116 
f 163//116 141//116 171//116 
f 141//116 172//116 173//116 
f 141//116 174//116 142//116 
f 141//116 175//116 144//116 
f 135//116 176//116 177//116 
f 134//116 132//116 128//116 
f 178//116 147//116 128//116 
f 179//116 180//116 181//116 
f 149//116 179//116 125//116 
f 151//116 182//116 125//116 
f 153//116 183//116 125//116 
f 125//116 124//116 184//116 
f 92//116 135//116 131//116 
f 83//116 82//116 127//116 
f 158//116 155//116 125//116 
f 125//116 185//116 159//116 
f 140//116 161//116 135//116 
f 128//116 186//116 162//116 
f 125//116 187//116 188//116 
f 163//116 189//116 164//116 
f 166//116 190//116 163//116 
f 168//116 191//116 163//116 
f 163//116 192//116 193//116 
f 163//116 194//116 169//116 
f 173//116 171//116 141//116 
f 141//116 195//116 196//116 
f 145//116 174//116 141//116 
f 135//116 197//116 198//116 
f 177//116 199//116 135//116 
f 146//116 200//116 128//116 
f 201//116 202//116 178//116 
f 201//116 203//116 204//116 
f 201//116 179//116 205//116 
f 179//116 206//116 207//116 
f 179//116 208//116 180//116 
f 182//116 148//116 125//116 
f 125//116 209//116 152//116 
f 184//116 210//116 125//116 
f 79//116 78//116 127//116 
f 160//116 157//116 125//116 
f 135//116 211//116 212//116 
f 162//116 135//116 128//116 
f 125//116 213//116 187//116 
f 190//116 189//116 163//116 
f 163//116 214//116 167//116 
f 193//116 215//116 163//116 
f 171//116 194//116 163//116 
f 141//116 216//116 195//116 
f 141//116 217//116 218//116 
f 141//116 219//116 175//116 
f 198//116 220//116 135//116 
f 135//116 221//116 176//116 
f 128//116 201//116 178//116 
f 201//116 222//116 223//116 
f 205//116 203//116 201//116 
f 179//116 224//116 206//116 
f 179//116 225//116 226//116 
f 179//116 227//116 228//116 
f 179//116 229//116 230//116 
f 149//116 208//116 179//116 
f 210//116 209//116 125//116 
f 156//116 126//116 125//116 
f 138//116 211//116 135//116 
f 164//116 213//116 125//116 
f 215//116 214//116 163//116 
f 196//116 172//116 141//116 
f 143//116 217//116 141//116 
f 135//116 231//116 219//116 
f 199//116 197//116 135//116 
f 232//116 135//116 87//116 
f 233//116 87//116 86//116 
f 223//116 202//116 201//116 
f 207//116 205//116 179//116 
f 228//116 225//116 179//116 
f 179//116 234//116 229//116 
f 183//116 150//116 125//116 
f 212//116 154//116 135//116 
f 191//116 165//116 163//116 
f 218//116 216//116 141//116 
f 220//116 231//116 135//116 
f 135//116 235//116 236//116 
f 135//116 88//116 87//116 
f 86//116 237//116 238//116 
f 204//116 222//116 201//116 
f 230//116 227//116 179//116 
f 93//116 92//116 118//116 
f 170//116 192//116 163//116 
f 236//116 221//116 135//116 
f 87//116 233//116 232//116 
f 86//116 239//116 237//116 
f 86//116 127//116 240//116 
f 226//116 224//116 179//116 
f 188//116 185//116 125//116 
f 232//116 235//116 135//116 
f 240//116 239//116 86//116 
f 181//116 234//116 179//116 
f 86//116 238//116 233//116 
f 135//116 92//116 91//116 
f 219//116 141//116 135//116 
f 200//116 186//116 128//116 
f 91//116 90//116 135//116 
f 135//116 89//116 88//116 
f 90//116 89//116 135//116 
o mesh3
f 179//116 201//116 241//117 
f 242//117 241//117 243//118 
f 243//118 244//119 242//117 
f 244//119 245//119 246//120 
f 247//120 246//120 248//121 
f 249//121 248//121 250//122 
f 251//122 250//122 252//123 
f 253//123 252//123 254//124 
f 255//124 254//124 256//125 
f 257//125 256//125 258//126 
f 259//126 258//126 260//127 
f 261//127 260//127 262//128 
f 263//128 262//128 264//129 
f 265//129 264//129 266//130 
f 267//130 266//130 268//131 
f 269//131 268//131 270//132 
f 270//132 271//132 269//131 
f 268//131 269//131 267//130 
f 266//130 267//130 265//129 
f 264//129 265//129 263//128 
f 262//128 263//128 261//127 
f 260//127 261//127 259//126 
f 258//126 259//126 257//125 
f 256//125 257//125 255//124 
f 254//124 255//124 253//123 
f 252//123 253//123 251//122 
f 250//122 251//122 249//121 
f 248//121 249//121 247//120 
f 246//120 247//120 244//119 
f 243//118 245//119 244//119 
f 241//117 242//117 179//116 
o mesh4
f 141//133 163//133 272//134 
f 272//134 273//135 274//136 
f 273//135 275//135 274//136 
f 275//135 273//135 276//137 
f 277//137 276//137 278//138 
f 279//138 278//138 280//139 
f 281//139 280//139 282//140 
f 283//140 282//140 284//141 
f 285//141 284//141 286//142 
f 287//142 286//142 288//143 
f 289//143 288//143 290//144 
f 291//144 290//144 292//145 
f 293//145 292//145 294//146 
f 295//146 294//146 296//147 
f 297//147 296//147 298//148 
f 299//148 298//148 300//149 
f 300//149 301//149 299//148 
f 298//148 299//148 297//147 
f 296//147 297//147 295//146 
f 294//146 295//146 293//145 
f 292//145 293//145 291//144 
f 290//144 291//144 289//143 
f 288//143 289//143 287//142 
f 286//142 287//142 285//141 
f 284//141 285//141 283//140 
f 282//140 283//140 281//139 
f 280//139 281//139 279//138 
f 278//138 279//138 277//137 
f 276//137 277//137 275//135 
f 274//136 302//150 272//134 
f 272//134 302//150 141//133 
o mesh5
f 300//149 303//149 304//149 
f 304//149 305//149 300//149 
f 306//149 307//149 303//149 
f 303//149 307//149 304//149 
f 305//149 301//149 300//149 
f 303//149 308//149 306//149 
o mesh6
f 309//151 310//151 311//152 
f 312//152 311//152 313//153 
f 313//153 314//154 312//152 
f 314//154 315//154 316//155 
f 317//155 316//155 318//156 
f 319//156 318//156 320//157 
f 321//157 320//157 322//158 
f 323//158 322//158 324//159 
f 325//160 326//159 327//161 
f 326//159 324//159 327//161 
f 325//160 328//160 329//162 
f 330//162 329//162 331//163 
f 332//163 331//163 333//164 
f 334//164 333//164 335//165 
f 336//165 335//165 337//166 
f 338//166 337//166 339//167 
f 340//167 339//167 306//168 
f 306//168 308//168 340//167 
f 339//167 340//167 338//166 
f 337//166 338//166 336//165 
f 335//165 336//165 334//164 
f 333//164 334//164 332//163 
f 331//163 332//163 330//162 
f 329//162 330//162 325//160 
f 327//161 328//160 325//160 
f 324//159 326//159 323//158 
f 322//158 323//158 321//157 
f 320//157 321//157 319//156 
f 318//156 319//156 317//155 
f 316//155 317//155 314//154 
f 313//153 315//154 314//154 
f 311//152 312//152 309//151 
o mesh7
f 341//169 342//169 343//169 
f 342//169 344//169 343//169 
f 309//169 341//169 345//169 
f 345//169 310//169 309//169 
f 343//169 345//169 341//169 
o mesh8
f 344//169 342//169 346//170 
f 346//170 347//171 348//172 
f 347//171 349//171 348//172 
f 349//171 347//171 350//173 
f 351//173 350//173 352//174 
f 353//174 352//174 354//175 
f 355//175 354//175 356//176 
f 357//176 356//176 358//177 
f 359//178 360//178 361//179 
f 361//179 358//177 359//178 
f 360//178 359//178 362//180 
f 363//180 362//180 364//181 
f 365//181 364//181 366//182 
f 367//182 366//182 368//183 
f 369//183 368//183 370//184 
f 371//184 370//184 372//185 
f 373//185 372//185 374//186 
f 374//186 375//186 373//185 
f 372//185 373//185 371//184 
f 370//184 371//184 369//183 
f 368//183 369//183 367//182 
f 366//182 367//182 365//181 
f 364//181 365//181 363//180 
f 362//180 363//180 360//178 
f 361//179 376//187 358//177 
f 358//177 376//187 357//176 
f 356//176 357//176 355//175 
f 354//175 355//175 353//174 
f 352//174 353//174 351//173 
f 350//173 351//173 349//171 
f 348//172 377//188 346//170 
f 346//170 377//188 344//169 
o mesh9
f 378//189 379//189 380//189 
f 381//189 382//189 383//189 
f 384//189 385//189 386//189 
f 387//189 388//189 378//189 
f 383//189 389//189 381//189 
f 381//189 387//189 390//189 
f 391//189 392//189 393//189 
f 386//189 394//189 384//189 
f 384//189 391//189 395//189 
f 380//189 379//189 396//189 
f 387//189 381//189 388//189 
f 381//189 397//189 398//189 
f 390//189 382//189 381//189 
f 391//189 384//189 392//189 
f 384//189 399//189 400//189 
f 395//189 385//189 384//189 
f 380//189 387//189 378//189 
f 389//189 397//189 381//189 
f 393//189 401//189 391//189 
f 394//189 399//189 384//189 
f 402//189 380//189 403//189 
f 404//189 403//189 405//189 
f 391//189 406//189 407//189 
f 398//189 400//189 381//189 
f 400//189 398//189 384//189 
f 408//189 409//189 410//189 
f 380//189 411//189 412//189 
f 413//189 414//189 415//189 
f 413//189 416//189 417//189 
f 405//189 418//189 404//189 
f 380//189 419//189 420//189 
f 421//189 422//189 423//189 
f 421//189 424//189 425//189 
f 391//189 426//189 406//189 
f 401//189 426//189 391//189 
f 408//189 421//189 409//189 
f 427//189 428//189 429//189 
f 380//189 430//189 411//189 
f 271//189 431//189 432//189 
f 417//189 414//189 413//189 
f 413//189 433//189 434//189 
f 413//189 435//189 436//189 
f 403//189 404//189 402//189 
f 420//189 437//189 380//189 
f 380//189 438//189 439//189 
f 425//189 422//189 421//189 
f 421//189 408//189 440//189 
f 396//189 441//189 380//189 
f 410//189 442//189 408//189 
f 429//189 443//189 427//189 
f 380//189 444//189 445//189 
f 412//189 446//189 380//189 
f 447//189 374//189 448//189 
f 448//189 449//189 450//189 
f 271//189 451//189 452//189 
f 271//189 453//189 431//189 
f 454//189 270//189 413//189 
f 415//189 455//189 413//189 
f 436//189 433//189 413//189 
f 380//189 456//189 435//189 
f 380//189 457//189 458//189 
f 380//189 459//189 403//189 
f 439//189 419//189 380//189 
f 440//189 424//189 421//189 
f 442//189 391//189 408//189 
f 443//189 460//189 427//189 
f 271//189 461//189 428//189 
f 380//189 462//189 463//189 
f 446//189 444//189 380//189 
f 380//189 464//189 465//189 
f 464//189 466//189 467//189 
f 468//189 469//189 464//189 
f 375//189 374//189 470//189 
f 448//189 471//189 472//189 
f 448//189 473//189 474//189 
f 450//189 475//189 448//189 
f 432//189 451//189 271//189 
f 413//189 476//189 454//189 
f 413//189 477//189 416//189 
f 435//189 413//189 380//189 
f 380//189 478//189 479//189 
f 458//189 480//189 380//189 
f 437//189 459//189 380//189 
f 380//189 441//189 481//189 
f 407//189 408//189 391//189 
f 428//189 427//189 271//189 
f 445//189 462//189 380//189 
f 467//189 465//189 464//189 
f 464//189 482//189 483//189 
f 375//189 484//189 468//189 
f 374//189 485//189 470//189 
f 448//189 486//189 471//189 
f 474//189 487//189 448//189 
f 475//189 488//189 448//189 
f 448//189 271//189 427//189 
f 271//189 489//189 490//189 
f 271//189 491//189 453//189 
f 271//189 270//189 492//189 
f 413//189 493//189 476//189 
f 434//189 477//189 413//189 
f 479//189 494//189 380//189 
f 402//189 457//189 380//189 
f 481//189 495//189 380//189 
f 460//189 421//189 427//189 
f 380//189 496//189 430//189 
f 483//189 466//189 464//189 
f 464//189 497//189 498//189 
f 464//189 499//189 500//189 
f 464//189 375//189 468//189 
f 374//189 447//189 485//189 
f 487//189 486//189 448//189 
f 448//189 501//189 502//189 
f 427//189 449//189 448//189 
f 271//189 503//189 504//189 
f 490//189 505//189 271//189 
f 271//189 506//189 491//189 
f 271//189 507//189 508//189 
f 492//189 509//189 271//189 
f 455//189 493//189 413//189 
f 480//189 478//189 380//189 
f 423//189 427//189 421//189 
f 465//189 496//189 380//189 
f 498//189 510//189 464//189 
f 469//189 499//189 464//189 
f 448//189 472//189 447//189 
f 488//189 501//189 448//189 
f 271//189 511//189 512//189 
f 271//189 513//189 514//189 
f 271//189 515//189 516//189 
f 504//189 517//189 271//189 
f 490//189 518//189 505//189 
f 518//189 519//189 520//189 
f 518//189 521//189 522//189 
f 518//189 523//189 524//189 
f 518//189 525//189 526//189 
f 518//189 490//189 527//189 
f 520//189 405//189 528//189 
f 508//189 506//189 271//189 
f 509//189 529//189 271//189 
f 270//189 530//189 531//189 
f 270//189 532//189 533//189 
f 494//189 456//189 380//189 
f 463//189 387//189 380//189 
f 500//189 497//189 464//189 
f 502//189 473//189 448//189 
f 514//189 511//189 271//189 
f 517//189 515//189 271//189 
f 505//189 534//189 271//189 
f 518//189 535//189 519//189 
f 524//189 521//189 518//189 
f 527//189 525//189 518//189 
f 520//189 536//189 537//189 
f 520//189 538//189 539//189 
f 528//189 540//189 520//189 
f 271//189 541//189 542//189 
f 529//189 507//189 271//189 
f 270//189 543//189 530//189 
f 533//189 544//189 270//189 
f 495//189 438//189 380//189 
f 470//189 484//189 375//189 
f 405//189 545//189 546//189 
f 405//189 520//189 547//189 
f 516//189 513//189 271//189 
f 534//189 548//189 271//189 
f 520//189 549//189 550//189 
f 526//189 523//189 518//189 
f 520//189 551//189 536//189 
f 520//189 552//189 553//189 
f 520//189 554//189 555//189 
f 540//189 538//189 520//189 
f 452//189 541//189 271//189 
f 544//189 543//189 270//189 
f 510//189 482//189 464//189 
f 547//189 545//189 405//189 
f 548//189 503//189 271//189 
f 522//189 535//189 518//189 
f 553//189 551//189 520//189 
f 539//189 554//189 520//189 
f 531//189 492//189 270//189 
f 546//189 418//189 405//189 
f 520//189 550//189 518//189 
f 555//189 552//189 520//189 
f 454//189 532//189 270//189 
f 537//189 549//189 520//189 
f 512//189 461//189 271//189 
f 542//189 489//189 271//189 
o mesh10
f 556//190 557//191 418//191 
f 558//192 556//190 546//193 
f 559//194 558//192 545//195 
f 560//196 559//194 547//197 
f 561//198 560//196 520//199 
f 562//200 561//198 519//201 
f 563//202 562//200 535//203 
f 564//204 563//202 522//205 
f 565//206 564//204 521//207 
f 566//208 565//206 524//209 
f 567//210 566//208 523//211 
f 568//212 567//210 526//213 
f 569//214 568//212 525//215 
f 570//216 569//214 527//217 
f 571//218 570//216 490//219 
f 572//220 571//218 489//221 
f 573//222 572//220 542//223 
f 574//224 573//222 541//225 
f 575//226 574//224 452//227 
f 576//228 575//226 451//229 
f 577//230 576//228 432//231 
f 578//232 577//230 431//233 
f 579//234 578//232 453//235 
f 580//236 579//234 491//237 
f 581//238 580//236 506//239 
f 582//240 581//238 508//241 
f 583//242 582//240 507//243 
f 584//244 583//242 529//245 
f 585//246 584//244 509//247 
f 586//248 585//246 492//249 
f 587//250 586//248 531//251 
f 588//252 587//250 530//253 
f 589//254 588//252 543//255 
f 590//256 589//254 544//257 
f 591//258 590//256 533//259 
f 592//260 591//258 532//261 
f 593//262 592//260 454//263 
f 594//264 593//262 476//265 
f 595//266 594//264 493//267 
f 596//268 595//266 455//269 
f 597//270 596//268 415//271 
f 598//272 597//270 414//273 
f 599//274 598//272 417//275 
f 600//276 599//274 416//277 
f 601//278 600//276 477//279 
f 602//280 601//278 434//281 
f 603//282 602//280 433//283 
f 604//284 603//282 436//285 
f 605//286 604//284 435//287 
f 606//288 605//286 456//289 
f 607//290 606//288 494//291 
f 608//292 607//290 479//293 
f 609//294 608//292 478//295 
f 610//296 609//294 480//297 
f 611//298 610//296 458//299 
f 612//300 611//298 457//301 
f 613//302 612//300 402//303 
f 557//191 613//302 404//302 
f 404//302 418//191 557//191 
f 402//303 404//302 613//302 
f 457//301 402//303 612//300 
f 458//299 457//301 611//298 
f 480//297 458//299 610//296 
f 478//295 480//297 609//294 
f 479//293 478//295 608//292 
f 494//291 479//293 607//290 
f 456//289 494//291 606//288 
f 435//287 456//289 605//286 
f 436//285 435//287 604//284 
f 433//283 436//285 603//282 
f 434//281 433//283 602//280 
f 477//279 434//281 601//278 
f 416//277 477//279 600//276 
f 417//275 416//277 599//274 
f 414//273 417//275 598//272 
f 415//271 414//273 597//270 
f 455//269 415//271 596//268 
f 493//267 455//269 595//266 
f 476//265 493//267 594//264 
f 454//263 476//265 593//262 
f 532//261 454//263 592//260 
f 533//259 532//261 591//258 
f 544//257 533//259 590//256 
f 543//255 544//257 589//254 
f 530//253 543//255 588//252 
f 531//251 530//253 587//250 
f 492//249 531//251 586//248 
f 509//247 492//249 585//246 
f 529//245 509//247 584//244 
f 507//243 529//245 583//242 
f 508//241 507//243 582//240 
f 506//239 508//241 581//238 
f 491//237 506//239 580//236 
f 453//235 491//237 579//234 
f 431//233 453//235 578//232 
f 432//231 431//233 577//230 
f 451//229 432//231 576//228 
f 452//227 451//229 575//226 
f 541//225 452//227 574//224 
f 542//223 541//225 573//222 
f 489//221 542//223 572//220 
f 490//219 489//221 571//218 
f 527//217 490//219 570//216 
f 525//215 527//217 569//214 
f 526//213 525//215 568//212 
f 523//211 526//213 567//210 
f 524//209 523//211 566//208 
f 521//207 524//209 565//206 
f 522//205 521//207 564//204 
f 535//203 522//205 563//202 
f 519//201 535//203 562//200 
f 520//199 519//201 561//198 
f 547//197 520//199 560//196 
f 545//195 547//197 559//194 
f 546//193 545//195 558//192 
f 418//191 546//193 556//190 
o mesh11
f 614//304 556//304 558//304 
f 558//304 559//304 614//304 
f 559//304 560//304 614//304 
f 560//304 561//304 614//304 
f 561//304 562//304 614//304 
f 562//304 563//304 614//304 
f 563//304 564//304 614//304 
f 564//304 565//304 614//304 
f 565//304 566//304 614//304 
f 566//304 567//304 614//304 
f 567//304 568//304 614//304 
f 568//304 569//304 614//304 
f 569//304 570//304 614//304 
f 570//304 571//304 614//304 
f 571//304 572//304 614//304 
f 572//304 573//304 614//304 
f 573//304 574//304 614//304 
f 574//304 575//304 614//304 
f 575//304 576//304 614//304 
f 576//304 577//304 614//304 
f 577//304 578//304 614//304 
f 578//304 579//304 614//304 
f 579//304 580//304 614//304 
f 580//304 581//304 614//304 
f 581//304 582//304 614//304 
f 582//304 583//304 614//304 
f 583//304 584//304 614//304 
f 584//304 585//304 614//304 
f 585//304 586//304 614//304 
f 586//304 587//304 614//304 
f 587//304 588//304 614//304 
f 588//304 589//304 614//304 
f 589//304 590//304 614//304 
f 590//304 591//304 614//304 
f 591//304 592//304 614//304 
f 592//304 593//304 614//304 
f 593//304 594//304 614//304 
f 594//304 595//304 614//304 
f 595//304 596//304 614//304 
f 596//304 597//304 614//304 
f 597//304 598//304 614//304 
f 598//304 599//304 614//304 
f 599//304 600//304 614//304 
f 600//304 601//304 614//304 
f 601//304 602//304 614//304 
f 602//304 603//304 614//304 
f 603//304 604//304 614//304 
f 604//304 605//304 614//304 
f 605//304 606//304 614//304 
f 606//304 607//304 614//304 
f 607//304 608//304 614//304 
f 608//304 609//304 614//304 
f 609//304 610//304 614//304 
f 610//304 611//304 614//304 
f 611//304 612//304 614//304 
f 612//304 613//304 614//304 
f 613//304 557//304 614//304 
f 557//304 556//304 614//304 
o mesh12
f 615//305 616//306 400//306 
f 617//307 615//305 399//308 
f 618//309 617//307 394//310 
f 619//311 618//309 386//312 
f 620//313 619//311 385//314 
f 621//315 620//313 395//316 
f 622//317 621//315 391//318 
f 623//319 622//317 442//320 
f 624//321 623//319 410//322 
f 625//323 624//321 409//324 
f 626//325 625//323 421//326 
f 627//327 626//325 460//328 
f 628//329 627//327 443//330 
f 629//331 628//329 429//332 
f 630//333 629//331 428//334 
f 631//335 630//333 461//336 
f 632//337 631//335 512//338 
f 633//339 632//337 511//340 
f 634//341 633//339 514//342 
f 635//343 634//341 513//344 
f 636//345 635//343 516//346 
f 637//347 636//345 515//348 
f 638//349 637//347 517//350 
f 639//351 638//349 504//352 
f 640//353 639//351 503//354 
f 641//355 640//353 548//356 
f 642//357 641//355 534//358 
f 643//359 642//357 505//360 
f 644//361 643//359 518//362 
f 645//363 644//361 550//364 
f 646//365 645//363 549//366 
f 647//367 646//365 537//368 
f 648//369 647//367 536//370 
f 649//371 648//369 551//372 
f 650//373 649//371 553//374 
f 651//375 650//373 552//376 
f 652//377 651//375 555//378 
f 653//379 652//377 554//380 
f 654//381 653//379 539//382 
f 655//383 654//381 538//384 
f 656//385 655//383 540//386 
f 657//387 656//385 528//388 
f 658//389 657//387 405//390 
f 659//391 658//389 403//392 
f 660//393 659//391 459//394 
f 661//395 660//393 437//396 
f 662//397 661//395 420//398 
f 663//399 662//397 419//400 
f 664//401 663//399 439//402 
f 665//403 664//401 438//404 
f 666//405 665//403 495//406 
f 667//407 666//405 481//408 
f 668//409 667//407 441//410 
f 669//411 668//409 396//412 
f 670//413 669//411 379//414 
f 671//415 670//413 378//416 
f 672//417 671//415 388//418 
f 616//306 672//417 381//417 
f 381//417 400//306 616//306 
f 388//418 381//417 672//417 
f 378//416 388//418 671//415 
f 379//414 378//416 670//413 
f 396//412 379//414 669//411 
f 441//410 396//412 668//409 
f 481//408 441//410 667//407 
f 495//406 481//408 666//405 
f 438//404 495//406 665//403 
f 439//402 438//404 664//401 
f 419//400 439//402 663//399 
f 420//398 419//400 662//397 
f 437//396 420//398 661//395 
f 459//394 437//396 660//393 
f 403//392 459//394 659//391 
f 405//390 403//392 658//389 
f 528//388 405//390 657//387 
f 540//386 528//388 656//385 
f 538//384 540//386 655//383 
f 539//382 538//384 654//381 
f 554//380 539//382 653//379 
f 555//378 554//380 652//377 
f 552//376 555//378 651//375 
f 553//374 552//376 650//373 
f 551//372 553//374 649//371 
f 536//370 551//372 648//369 
f 537//368 536//370 647//367 
f 549//366 537//368 646//365 
f 550//364 549//366 645//363 
f 518//362 550//364 644//361 
f 505//360 518//362 643//359 
f 534//358 505//360 642//357 
f 548//356 534//358 641//355 
f 503//354 548//356 640//353 
f 504//352 503//354 639//351 
f 517//350 504//352 638//349 
f 515//348 517//350 637//347 
f 516//346 515//348 636//345 
f 513//344 516//346 635//343 
f 514//342 513//344 634//341 
f 511//340 514//342 633//339 
f 512//338 511//340 632//337 
f 461//336 512//338 631//335 
f 428//334 461//336 630//333 
f 429//332 428//334 629//331 
f 443//330 429//332 628//329 
f 460//328 443//330 627//327 
f 421//326 460//328 626//325 
f 409//324 421//326 625//323 
f 410//322 409//324 624//321 
f 442//320 410//322 623//319 
f 391//318 442//320 622//317 
f 395//316 391//318 621//315 
f 385//314 395//316 620//313 
f 386//312 385//314 619//311 
f 394//310 386//312 618//309 
f 399//308 394//310 617//307 
f 400//306 399//308 615//305 
o mesh13
f 652//419 673//419 674//419 
f 652//419 653//419 675//419 
f 665//419 676//419 677//419 
f 665//419 666//419 678//419 
f 648//419 679//419 680//419 
f 648//419 649//419 681//419 
f 675//419 673//419 652//419 
f 653//419 654//419 682//419 
f 664//419 677//419 683//419 
f 678//419 676//419 665//419 
f 669//419 684//419 685//419 
f 669//419 670//419 686//419 
f 623//419 687//419 688//419 
f 623//419 624//419 689//419 
f 681//419 679//419 648//419 
f 649//419 650//419 690//419 
f 651//419 674//419 690//419 
f 682//419 675//419 653//419 
f 677//419 664//419 665//419 
f 666//419 667//419 691//419 
f 668//419 685//419 691//419 
f 686//419 684//419 669//419 
f 689//419 687//419 623//419 
f 624//419 625//419 692//419 
f 642//419 693//419 694//419 
f 642//419 643//419 695//419 
f 646//419 696//419 697//419 
f 646//419 647//419 680//419 
f 690//419 681//419 649//419 
f 674//419 651//419 652//419 
f 657//419 698//419 699//419 
f 657//419 658//419 700//419 
f 660//419 701//419 702//419 
f 660//419 661//419 703//419 
f 691//419 678//419 666//419 
f 685//419 668//419 669//419 
f 671//419 704//419 686//419 
f 671//419 672//419 705//419 
f 616//419 706//419 705//419 
f 616//419 615//419 707//419 
f 692//419 689//419 624//419 
f 625//419 626//419 708//419 
f 627//419 709//419 708//419 
f 627//419 628//419 710//419 
f 636//419 711//419 712//419 
f 636//419 637//419 713//419 
f 640//419 714//419 715//419 
f 640//419 641//419 694//419 
f 695//419 693//419 642//419 
f 643//419 644//419 716//419 
f 645//419 697//419 716//419 
f 680//419 696//419 646//419 
f 690//419 650//419 651//419 
f 654//419 655//419 717//419 
f 656//419 699//419 717//419 
f 700//419 698//419 657//419 
f 703//419 701//419 660//419 
f 661//419 662//419 718//419 
f 663//419 683//419 718//419 
f 691//419 667//419 668//419 
f 705//419 704//419 671//419 
f 707//419 706//419 616//419 
f 617//419 719//419 707//419 
f 617//419 618//419 720//419 
f 619//419 721//419 720//419 
f 619//419 620//419 722//419 
f 708//419 692//419 625//419 
f 710//419 709//419 627//419 
f 713//419 711//419 636//419 
f 637//419 638//419 723//419 
f 639//419 715//419 723//419 
f 694//419 714//419 640//419 
f 716//419 695//419 643//419 
f 697//419 645//419 646//419 
f 717//419 682//419 654//419 
f 699//419 656//419 657//419 
f 718//419 703//419 661//419 
f 683//419 663//419 664//419 
f 705//419 672//419 616//419 
f 720//419 719//419 617//419 
f 722//419 721//419 619//419 
f 620//419 621//419 724//419 
f 622//419 688//419 724//419 
f 708//419 626//419 627//419 
f 723//419 713//419 637//419 
f 715//419 639//419 640//419 
f 716//419 644//419 645//419 
f 717//419 655//419 656//419 
f 718//419 662//419 663//419 
f 707//419 615//419 617//419 
f 724//419 722//419 620//419 
f 688//419 622//419 623//419 
f 632//419 725//419 726//419 
f 632//419 633//419 727//419 
f 634//419 728//419 727//419 
f 634//419 635//419 712//419 
f 723//419 638//419 639//419 
f 680//419 647//419 648//419 
f 686//419 670//419 671//419 
f 724//419 621//419 622//419 
f 629//419 729//419 710//419 
f 629//419 630//419 730//419 
f 727//419 725//419 632//419 
f 712//419 728//419 634//419 
f 694//419 641//419 642//419 
f 658//419 659//419 702//419 
f 720//419 618//419 619//419 
f 730//419 729//419 629//419 
f 630//419 631//419 726//419 
f 727//419 633//419 634//419 
f 702//419 700//419 658//419 
f 710//419 628//419 629//419 
f 726//419 631//419 632//419 
f 702//419 659//419 660//419 
f 712//419 635//419 636//419 
f 726//419 730//419 630//419 
o mesh14
f 731//420 732//421 470//421 
f 733//422 731//420 485//423 
f 734//424 733//422 447//425 
f 735//426 734//424 472//427 
f 736//428 735//426 471//429 
f 737//430 736//428 486//431 
f 738//432 737//430 487//433 
f 739//434 738//432 474//435 
f 740//436 739//434 473//437 
f 741//438 740//436 502//439 
f 742//440 741//438 501//441 
f 743//442 742//440 488//443 
f 744//444 743//442 475//445 
f 745//446 744//444 450//447 
f 746//448 745//446 449//449 
f 747//450 746//448 427//451 
f 748//452 747//450 423//453 
f 749//454 748//452 422//455 
f 750//456 749//454 425//457 
f 751//458 750//456 424//459 
f 752//460 751//458 440//461 
f 753//462 752//460 408//463 
f 754//464 753//462 407//465 
f 755//466 754//464 406//467 
f 756//468 755//466 426//469 
f 757//470 756//468 401//471 
f 758//472 757//470 393//473 
f 759//474 758//472 392//475 
f 760//476 759//474 384//477 
f 761//478 760//476 398//479 
f 762//480 761//478 397//481 
f 763//482 762//480 389//483 
f 764//484 763//482 383//485 
f 765//486 764//484 382//487 
f 766//488 765//486 390//489 
f 767//490 766//488 387//491 
f 768//492 767//490 463//493 
f 769//494 768//492 462//495 
f 770//496 769//494 445//497 
f 771//498 770//496 444//499 
f 772//500 771//498 446//501 
f 773//502 772//500 412//503 
f 774//504 773//502 411//505 
f 775//506 774//504 430//507 
f 776//508 775//506 496//509 
f 777//510 776//508 465//511 
f 778//512 777//510 467//513 
f 779//514 778//512 466//515 
f 780//516 779//514 483//517 
f 781//518 780//516 482//519 
f 782//520 781//518 510//521 
f 783//522 782//520 498//523 
f 784//524 783//522 497//525 
f 785//526 784//524 500//527 
f 786//528 785//526 499//529 
f 787//530 786//528 469//531 
f 788//532 787//530 468//533 
f 732//421 788//532 484//532 
f 484//532 470//421 732//421 
f 468//533 484//532 788//532 
f 469//531 468//533 787//530 
f 499//529 469//531 786//528 
f 500//527 499//529 785//526 
f 497//525 500//527 784//524 
f 498//523 497//525 783//522 
f 510//521 498//523 782//520 
f 482//519 510//521 781//518 
f 483//517 482//519 780//516 
f 466//515 483//517 779//514 
f 467//513 466//515 778//512 
f 465//511 467//513 777//510 
f 496//509 465//511 776//508 
f 430//507 496//509 775//506 
f 411//505 430//507 774//504 
f 412//503 411//505 773//502 
f 446//501 412//503 772//500 
f 444//499 446//501 771//498 
f 445//497 444//499 770//496 
f 462//495 445//497 769//494 
f 463//493 462//495 768//492 
f 387//491 463//493 767//490 
f 390//489 387//491 766//488 
f 382//487 390//489 765//486 
f 383//485 382//487 764//484 
f 389//483 383//485 763//482 
f 397//481 389//483 762//480 
f 398//479 397//481 761//478 
f 384//477 398//479 760//476 
f 392//475 384//477 759//474 
f 393//473 392//475 758//472 
f 401//471 393//473 757//470 
f 426//469 401//471 756//468 
f 406//467 426//469 755//466 
f 407//465 406//467 754//464 
f 408//463 407//465 753//462 
f 440//461 408//463 752//460 
f 424//459 440//461 751//458 
f 425//457 424//459 750//456 
f 422//455 425//457 749//454 
f 423//453 422//455 748//452 
f 427//451 423//453 747//450 
f 449//449 427//451 746//448 
f 450//447 449//449 745//446 
f 475//445 450//447 744//444 
f 488//443 475//445 743//442 
f 501//441 488//443 742//440 
f 502//439 501//441 741//438 
f 473//437 502//439 740//436 
f 474//435 473//437 739//434 
f 487//433 474//435 738//432 
f 486//431 487//433 737//430 
f 471//429 486//431 736//428 
f 472//427 471//429 735//426 
f 447//425 472//427 734//424 
f 485//423 447//425 733//422 
f 470//421 485//423 731//420 
o mesh15
f 757//534 758//534 789//534 
f 758//534 759//534 790//534 
f 759//534 760//534 791//534 
f 761//534 792//534 791//534 
f 762//534 793//534 792//534 
f 763//534 794//534 793//534 
f 753//534 754//534 795//534 
f 754//534 755//534 796//534 
f 755//534 756//534 797//534 
f 756//534 757//534 798//534 
f 790//534 789//534 758//534 
f 791//534 760//534 761//534 
f 793//534 762//534 763//534 
f 764//534 799//534 794//534 
f 780//534 800//534 801//534 
f 781//534 802//534 800//534 
f 788//534 803//534 804//534 
f 788//534 732//534 805//534 
f 731//534 806//534 805//534 
f 731//534 733//534 807//534 
f 739//534 740//534 808//534 
f 740//534 741//534 809//534 
f 796//534 795//534 754//534 
f 798//534 797//534 756//534 
f 791//534 790//534 759//534 
f 794//534 763//534 764//534 
f 769//534 810//534 811//534 
f 769//534 770//534 812//534 
f 800//534 780//534 781//534 
f 782//534 813//534 802//534 
f 787//534 804//534 814//534 
f 805//534 803//534 788//534 
f 807//534 806//534 731//534 
f 733//534 734//534 815//534 
f 738//534 739//534 816//534 
f 809//534 808//534 740//534 
f 797//534 796//534 755//534 
f 792//534 761//534 762//534 
f 765//534 817//534 799//534 
f 766//534 818//534 817//534 
f 768//534 811//534 819//534 
f 812//534 810//534 769//534 
f 802//534 781//534 782//534 
f 783//534 820//534 813//534 
f 786//534 814//534 821//534 
f 804//534 787//534 788//534 
f 815//534 807//534 733//534 
f 734//534 735//534 822//534 
f 737//534 738//534 823//534 
f 808//534 816//534 739//534 
f 789//534 798//534 757//534 
f 817//534 765//534 766//534 
f 767//534 819//534 818//534 
f 811//534 768//534 769//534 
f 773//534 824//534 825//534 
f 773//534 774//534 826//534 
f 813//534 782//534 783//534 
f 784//534 827//534 820//534 
f 785//534 821//534 827//534 
f 814//534 786//534 787//534 
f 822//534 815//534 734//534 
f 735//534 736//534 828//534 
f 736//534 737//534 829//534 
f 816//534 823//534 738//534 
f 752//534 830//534 831//534 
f 752//534 753//534 832//534 
f 799//534 764//534 765//534 
f 819//534 767//534 768//534 
f 772//534 825//534 833//534 
f 826//534 824//534 773//534 
f 776//534 834//534 835//534 
f 777//534 836//534 834//534 
f 820//534 783//534 784//534 
f 821//534 785//534 786//534 
f 828//534 822//534 735//534 
f 823//534 829//534 737//534 
f 742//534 743//534 837//534 
f 743//534 744//534 838//534 
f 832//534 830//534 752//534 
f 818//534 766//534 767//534 
f 771//534 833//534 812//534 
f 825//534 772//534 773//534 
f 834//534 776//534 777//534 
f 778//534 839//534 836//534 
f 827//534 784//534 785//534 
f 829//534 828//534 736//534 
f 741//534 742//534 840//534 
f 838//534 837//534 743//534 
f 795//534 832//534 753//534 
f 833//534 771//534 772//534 
f 836//534 777//534 778//534 
f 779//534 801//534 839//534 
f 805//534 732//534 731//534 
f 837//534 840//534 742//534 
f 747//534 748//534 841//534 
f 748//534 749//534 842//534 
f 749//534 750//534 843//534 
f 750//534 751//534 831//534 
f 812//534 770//534 771//534 
f 775//534 835//534 826//534 
f 839//534 778//534 779//534 
f 840//534 809//534 741//534 
f 842//534 841//534 748//534 
f 831//534 843//534 750//534 
f 826//534 774//534 775//534 
f 801//534 779//534 780//534 
f 744//534 745//534 844//534 
f 745//534 746//534 845//534 
f 746//534 747//534 846//534 
f 843//534 842//534 749//534 
f 835//534 775//534 776//534 
f 845//534 844//534 745//534 
f 841//534 846//534 747//534 
f 844//534 838//534 744//534 
f 831//534 751//534 752//534 
f 846//534 845//534 746//534 
o mesh16
f 847//535 848//536 706//536 
f 849//537 847//535 707//538 
f 850//539 849//537 719//540 
f 851//541 850//539 720//542 
f 852//543 851//541 721//544 
f 853//545 852//543 722//546 
f 854//547 853//545 724//548 
f 855//549 856//550 713//550 
f 857//551 855//549 723//552 
f 858//553 857//551 715//554 
f 859//555 858//553 714//556 
f 860//557 859//555 694//558 
f 861//559 860//557 693//560 
f 862//561 861//559 695//562 
f 863//563 862//561 716//564 
f 864//565 863//563 697//566 
f 865//567 864//565 696//568 
f 866//569 865//567 680//570 
f 867//571 866//569 679//572 
f 868//573 867//571 681//574 
f 869//575 868//573 690//576 
f 870//577 871//578 678//578 
f 872//579 870//577 691//580 
f 873//581 872//579 685//582 
f 874//583 873//581 684//584 
f 875//585 874//583 686//586 
f 876//587 875//585 704//588 
f 848//536 876//587 705//587 
f 713//550 856//550 877//589 
f 856//550 878//590 877//589 
f 856//550 879//591 880//592 
f 856//550 881//593 879//591 
f 880//592 878//590 856//550 
f 712//594 882//595 883//596 
f 712//594 884//597 882//595 
f 883//596 885//598 712//594 
f 711//599 877//589 886//600 
f 886//600 712//594 711//599 
f 886//600 884//597 712//594 
f 728//601 887//602 888//603 
f 712//594 889//604 887//602 
f 887//602 728//601 712//594 
f 727//605 890//606 891//607 
f 728//601 892//608 890//606 
f 890//606 727//605 728//601 
f 725//609 893//610 894//611 
f 727//605 895//612 896//613 
f 896//613 725//609 727//605 
f 896//613 893//610 725//609 
f 725//609 897//614 898//615 
f 898//615 726//616 725//609 
f 730//617 899//618 900//619 
f 726//616 901//620 902//621 
f 902//621 730//617 726//616 
f 902//621 899//618 730//617 
f 730//617 903//622 904//623 
f 904//623 729//624 730//617 
f 710//625 905//626 906//627 
f 710//625 729//624 907//628 
f 907//628 908//629 710//625 
f 908//629 905//626 710//625 
f 709//630 710//625 909//631 
f 909//631 910//632 709//630 
f 708//633 709//630 911//634 
f 911//634 912//635 708//633 
f 912//635 913//636 708//633 
f 913//636 914//637 708//633 
f 692//638 708//633 915//639 
f 915//639 916//640 692//638 
f 916//640 917//641 692//638 
f 689//642 692//638 918//643 
f 918//643 919//644 689//642 
f 919//644 920//645 689//642 
f 687//646 921//647 922//648 
f 687//646 923//649 924//650 
f 924//650 925//651 687//646 
f 925//651 921//647 687//646 
f 687//646 689//642 926//652 
f 926//652 923//649 687//646 
f 854//547 927//653 928//654 
f 928//654 929//655 854//547 
f 688//656 687//646 930//657 
f 930//657 854//547 688//656 
f 930//657 927//653 854//547 
f 678//578 871//578 931//658 
f 871//578 932//659 931//658 
f 871//578 933//660 934//661 
f 871//578 935//662 933//660 
f 934//661 932//659 871//578 
f 677//663 936//664 937//665 
f 677//663 938//666 936//664 
f 937//665 939//667 677//663 
f 676//668 931//658 940//669 
f 940//669 677//663 676//668 
f 940//669 938//666 677//663 
f 683//670 941//671 942//672 
f 677//663 943//673 941//671 
f 941//671 683//670 677//663 
f 718//674 944//675 945//676 
f 683//670 946//677 944//675 
f 944//675 718//674 683//670 
f 703//678 947//679 948//680 
f 718//674 949//681 947//679 
f 718//674 950//682 949//681 
f 947//679 703//678 718//674 
f 703//678 951//683 952//684 
f 952//684 701//685 703//678 
f 702//686 953//687 954//688 
f 701//685 955//689 956//690 
f 956//690 702//686 701//685 
f 956//690 953//687 702//686 
f 700//691 957//692 958//693 
f 702//686 959//694 960//695 
f 960//695 700//691 702//686 
f 960//695 957//692 700//691 
f 698//696 961//697 962//698 
f 698//696 700//691 963//699 
f 963//699 964//700 698//696 
f 964//700 961//697 698//696 
f 699//701 698//696 965//702 
f 965//702 966//703 699//701 
f 717//704 699//701 967//705 
f 967//705 968//706 717//704 
f 968//706 969//707 717//704 
f 969//707 970//708 717//704 
f 682//709 717//704 971//710 
f 971//710 972//711 682//709 
f 972//711 973//712 682//709 
f 675//713 682//709 974//714 
f 974//714 975//715 675//713 
f 975//715 976//716 675//713 
f 673//717 977//718 978//719 
f 673//717 979//720 980//721 
f 980//721 981//722 673//717 
f 981//722 977//718 673//717 
f 673//717 675//713 982//723 
f 982//723 979//720 673//717 
f 869//575 983//724 984//725 
f 984//725 985//726 869//575 
f 674//727 673//717 986//728 
f 986//728 869//575 674//727 
f 986//728 983//724 869//575 
f 985//726 987//729 869//575 
f 978//719 986//728 673//717 
f 976//716 982//723 675//713 
f 973//712 974//714 682//709 
f 970//708 971//710 717//704 
f 966//703 967//705 699//701 
f 962//698 965//702 698//696 
f 958//693 963//699 700//691 
f 954//688 959//694 702//686 
f 952//684 955//689 701//685 
f 948//680 951//683 703//678 
f 945//676 950//682 718//674 
f 942//672 946//677 683//670 
f 939//667 943//673 677//663 
f 931//658 676//668 678//578 
f 929//655 988//730 854//547 
f 922//648 930//657 687//646 
f 920//645 926//652 689//642 
f 917//641 918//643 692//638 
f 914//637 915//639 708//633 
f 910//632 911//634 709//630 
f 906//627 909//631 710//625 
f 904//623 907//628 729//624 
f 900//619 903//622 730//617 
f 898//615 901//620 726//616 
f 894//611 897//614 725//609 
f 891//607 895//612 727//605 
f 888//603 892//608 728//601 
f 885//598 889//604 712//594 
f 877//589 711//599 713//550 
f 705//587 706//536 848//536 
f 704//588 705//587 876//587 
f 686//586 704//588 875//585 
f 684//584 686//586 874//583 
f 685//582 684//584 873//581 
f 691//580 685//582 872//579 
f 678//578 691//580 870//577 
f 690//576 674//727 869//575 
f 681//574 690//576 868//573 
f 679//572 681//574 867//571 
f 680//570 679//572 866//569 
f 696//568 680//570 865//567 
f 697//566 696//568 864//565 
f 716//564 697//566 863//563 
f 695//562 716//564 862//561 
f 693//560 695//562 861//559 
f 694//558 693//560 860//557 
f 714//556 694//558 859//555 
f 715//554 714//556 858//553 
f 723//552 715//554 857//551 
f 713//550 723//552 855//549 
f 724//548 688//656 854//547 
f 722//546 724//548 853//545 
f 721//544 722//546 852//543 
f 720//542 721//544 851//541 
f 719//540 720//542 850//539 
f 707//538 719//540 849//537 
f 706//536 707//538 847//535 
o mesh17
f 852//731 847//731 849//731 
f 847//731 852//731 853//731 
f 849//731 850//731 852//731 
f 854//731 874//731 875//731 
f 854//731 872//731 873//731 
f 850//731 851//731 852//731 
f 854//731 876//731 848//731 
f 873//731 874//731 854//731 
f 854//731 871//731 870//731 
f 848//731 847//731 854//731 
f 870//731 872//731 854//731 
f 875//731 876//731 854//731 
f 853//731 854//731 847//731 
f 988//731 935//731 871//731 
f 854//731 988//731 871//731 
o mesh18
f 869//731 855//731 857//731 
f 857//731 858//731 869//731 
f 869//731 866//731 867//731 
f 869//731 864//731 865//731 
f 869//731 860//731 861//731 
f 858//731 859//731 869//731 
f 865//731 866//731 869//731 
f 869//731 862//731 863//731 
f 859//731 860//731 869//731 
f 863//731 864//731 869//731 
f 869//731 856//731 855//731 
f 861//731 862//731 869//731 
f 869//731 881//731 856//731 
f 867//731 868//731 869//731 
f 869//731 987//731 881//731 
o mesh19
f 989//732 990//732 991//732 
f 989//732 992//732 993//732 
f 989//732 994//732 995//732 
f 996//732 997//732 998//732 
f 996//732 999//732 1000//732 
f 1001//732 1002//732 1003//732 
f 1001//732 1004//732 1005//732 
f 1001//732 996//732 1006//732 
f 989//732 1007//732 990//732 
f 995//732 992//732 989//732 
f 996//732 1008//732 1009//732 
f 996//732 1010//732 1011//732 
f 996//732 1012//732 1013//732 
f 996//732 1014//732 997//732 
f 996//732 1015//732 1016//732 
f 996//732 1017//732 1018//732 
f 1000//732 1019//732 996//732 
f 996//732 1020//732 1021//732 
f 996//732 1022//732 1023//732 
f 996//732 1001//732 1024//732 
f 1005//732 1002//732 1001//732 
f 1006//732 1025//732 1001//732 
f 993//732 1007//732 989//732 
f 1011//732 1008//732 996//732 
f 996//732 1026//732 1012//732 
f 996//732 1027//732 1028//732 
f 996//732 1029//732 1030//732 
f 996//732 1031//732 1032//732 
f 1016//732 1014//732 996//732 
f 996//732 1033//732 1034//732 
f 996//732 1035//732 1036//732 
f 1019//732 1017//732 996//732 
f 996//732 1037//732 1038//732 
f 996//732 1039//732 1040//732 
f 996//732 1041//732 1042//732 
f 1021//732 1043//732 996//732 
f 1024//732 1022//732 996//732 
f 1025//732 1004//732 1001//732 
f 1009//732 989//732 996//732 
f 1028//732 1026//732 996//732 
f 1032//732 1029//732 996//732 
f 1034//732 1015//732 996//732 
f 1018//732 1035//732 996//732 
f 1040//732 1037//732 996//732 
f 1043//732 1041//732 996//732 
f 1003//732 1044//732 1001//732 
f 1013//732 1010//732 996//732 
f 998//732 1031//732 996//732 
f 1038//732 999//732 996//732 
f 1023//732 1020//732 996//732 
f 1030//732 1027//732 996//732 
f 1042//732 1039//732 996//732 
f 996//732 960//732 1033//732 
f 1036//732 1045//732 996//732 
f 996//732 957//732 960//732 
f 1045//732 958//732 996//732 
f 958//732 957//732 996//732 
f 991//732 996//732 989//732 
o mesh20
f 1045//733 964//734 963//735 
f 1045//733 1036//736 961//737 
f 1036//736 962//736 961//737 
f 1035//738 966//738 965//739 
f 965//739 1036//736 1035//738 
f 1018//740 967//741 966//738 
f 1018//740 968//742 967//741 
f 1018//740 1017//743 969//744 
f 1017//743 970//743 969//744 
f 1019//745 971//746 970//743 
f 1019//745 972//745 971//746 
f 1000//747 973//747 972//745 
f 999//748 974//749 973//747 
f 999//748 975//748 974//749 
f 1038//750 976//750 975//748 
f 1037//751 982//752 976//750 
f 1037//751 979//751 982//752 
f 1040//753 980//754 979//751 
f 1040//753 981//753 980//754 
f 1039//755 977//756 981//753 
f 1039//755 978//755 977//756 
f 1042//757 986//758 978//755 
f 1042//757 983//757 986//758 
f 1041//759 984//760 983//757 
f 1041//759 985//759 984//760 
f 1043//761 1021//762 1046//762 
f 1021//762 1020//763 1047//763 
f 1020//763 1023//764 1048//764 
f 1023//764 1022//765 1049//765 
f 1022//765 1024//766 1050//766 
f 1024//766 1001//767 1051//767 
f 1033//768 960//769 959//770 
f 1033//768 954//771 953//772 
f 953//772 1034//773 1033//768 
f 1015//774 1034//773 955//775 
f 1034//773 956//776 955//775 
f 1016//777 1015//774 952//778 
f 952//778 951//779 1016//777 
f 1016//777 948//780 947//781 
f 947//781 1014//782 1016//777 
f 997//783 1014//782 949//784 
f 949//784 950//785 997//783 
f 998//786 997//783 945//787 
f 1031//788 998//786 944//789 
f 944//789 946//790 1031//788 
f 1032//791 1031//788 942//792 
f 1029//793 1032//791 941//794 
f 941//794 943//795 1029//793 
f 1030//796 1029//793 939//797 
f 939//797 937//798 1030//796 
f 1027//799 1030//796 936//800 
f 936//800 938//801 1027//799 
f 1028//802 1027//799 940//803 
f 940//803 931//804 1028//802 
f 1026//805 1028//802 932//806 
f 932//806 934//807 1026//805 
f 1052//808 917//808 916//809 
f 1053//809 915//810 914//811 
f 1053//809 916//809 915//810 
f 1054//811 913//812 912//813 
f 1054//811 914//811 913//812 
f 1055//814 912//813 911//815 
f 911//815 1056//816 1055//814 
f 1056//816 909//817 906//818 
f 1056//816 910//819 909//817 
f 1057//818 905//820 908//821 
f 1057//818 906//818 905//820 
f 1058//822 908//821 907//823 
f 907//823 1059//824 1058//822 
f 1060//825 1059//824 904//824 
f 904//824 903//826 1060//825 
f 1061//827 1060//825 900//828 
f 900//828 899//829 1061//827 
f 1062//830 1061//827 902//831 
f 902//831 901//832 1062//830 
f 1063//833 1062//830 898//834 
f 898//834 897//835 1063//833 
f 1064//836 1063//833 894//837 
f 894//837 893//838 1064//836 
f 1065//839 1064//836 896//840 
f 896//840 895//841 1065//839 
f 1066//842 1065//839 891//843 
f 1067//844 1066//842 890//845 
f 890//845 892//846 1067//844 
f 1068//847 1067//844 888//848 
f 1069//849 1068//847 887//850 
f 887//850 889//851 1069//849 
f 1070//852 1069//849 885//853 
f 885//853 883//854 1070//852 
f 1071//855 1070//852 882//856 
f 882//856 884//857 1071//855 
f 1072//858 1071//855 886//859 
f 886//859 877//860 1072//858 
f 1073//861 1072//858 878//862 
f 878//862 880//863 1073//861 
f 1041//759 1043//761 987//864 
f 1043//761 1074//865 881//864 
f 1074//865 1073//861 879//866 
f 879//866 881//864 1074//865 
f 881//864 987//864 1043//761 
f 1075//867 920//867 919//868 
f 1076//869 926//870 920//867 
f 1076//869 923//869 926//870 
f 1077//871 924//872 923//869 
f 1077//871 925//871 924//872 
f 1078//873 921//874 925//871 
f 1078//873 922//873 921//874 
f 1079//875 930//876 922//873 
f 1079//875 927//875 930//876 
f 1080//877 928//878 927//875 
f 1080//877 929//877 928//878 
f 1081//879 988//880 929//877 
f 1012//879 935//880 988//880 
f 1026//805 933//881 935//880 
f 935//880 1012//879 1026//805 
f 988//880 1081//879 1012//879 
f 1013//882 1012//879 1081//879 
f 1010//883 1013//882 1082//882 
f 1011//884 1010//883 1083//883 
f 1008//885 1011//884 1084//884 
f 1009//886 1008//885 1085//885 
f 989//887 1009//886 1086//886 
f 994//888 989//887 1087//887 
f 995//889 994//888 1088//888 
f 992//890 995//889 1089//889 
f 993//891 992//890 1090//890 
f 1007//892 993//891 1091//891 
f 990//893 1007//892 1092//892 
f 991//894 990//893 1093//893 
f 996//895 991//894 1094//894 
f 1006//896 996//895 1095//895 
f 1025//897 1006//896 1096//896 
f 1004//898 1025//897 1097//897 
f 1005//899 1004//898 1098//898 
f 1002//900 1005//899 1099//899 
f 1003//901 1002//900 1100//900 
f 1044//902 1003//901 1101//901 
f 1051//767 1001//767 1102//903 
f 1044//902 1103//902 1102//903 
f 1102//903 1001//767 1044//902 
f 917//808 1052//808 1104//904 
f 1104//904 919//868 918//905 
f 1104//904 918//905 917//808 
f 1052//808 1105//904 1104//904 
f 1104//904 1106//906 919//868 
f 1102//903 1107//907 1051//767 
f 1101//901 1103//902 1044//902 
f 1100//900 1101//901 1003//901 
f 1099//899 1100//900 1002//900 
f 1098//898 1099//899 1005//899 
f 1097//897 1098//898 1004//898 
f 1096//896 1097//897 1025//897 
f 1095//895 1096//896 1006//896 
f 1094//894 1095//895 996//895 
f 1093//893 1094//894 991//894 
f 1092//892 1093//893 990//893 
f 1091//891 1092//892 1007//892 
f 1090//890 1091//891 993//891 
f 1089//889 1090//890 992//890 
f 1088//888 1089//889 995//889 
f 1087//887 1088//888 994//888 
f 1086//886 1087//887 989//887 
f 1085//885 1086//886 1009//886 
f 1084//884 1085//885 1008//885 
f 1083//883 1084//884 1011//884 
f 1082//882 1083//883 1010//883 
f 1081//879 1082//882 1013//882 
f 929//877 1080//877 1081//879 
f 927//875 1079//875 1080//877 
f 922//873 1078//873 1079//875 
f 925//871 1077//871 1078//873 
f 923//869 1076//869 1077//871 
f 920//867 1075//867 1076//869 
f 919//868 1106//906 1075//867 
f 987//864 985//759 1041//759 
f 880//863 879//866 1073//861 
f 877//860 878//862 1072//858 
f 884//857 886//859 1071//855 
f 883//854 882//856 1070//852 
f 889//851 885//853 1069//849 
f 888//848 887//850 1068//847 
f 892//846 888//848 1067//844 
f 891//843 890//845 1066//842 
f 895//841 891//843 1065//839 
f 893//838 896//840 1064//836 
f 897//835 894//837 1063//833 
f 901//832 898//834 1062//830 
f 899//829 902//831 1061//827 
f 903//826 900//828 1060//825 
f 907//823 904//824 1059//824 
f 908//821 1058//822 1057//818 
f 906//818 1057//818 1056//816 
f 911//815 910//819 1056//816 
f 912//813 1055//814 1054//811 
f 914//811 1054//811 1053//809 
f 916//809 1053//809 1052//808 
f 934//807 933//881 1026//805 
f 931//804 932//806 1028//802 
f 938//801 940//803 1027//799 
f 937//798 936//800 1030//796 
f 943//795 939//797 1029//793 
f 942//792 941//794 1032//791 
f 946//790 942//792 1031//788 
f 945//787 944//789 998//786 
f 950//785 945//787 997//783 
f 947//781 949//784 1014//782 
f 951//779 948//780 1016//777 
f 955//775 952//778 1015//774 
f 953//772 956//776 1034//773 
f 959//770 954//771 1033//768 
f 1051//767 1050//766 1024//766 
f 1050//766 1049//765 1022//765 
f 1049//765 1048//764 1023//764 
f 1048//764 1047//763 1020//763 
f 1047//763 1046//762 1021//762 
f 1046//762 1074//865 1043//761 
f 983//757 1042//757 1041//759 
f 978//755 1039//755 1042//757 
f 981//753 1040//753 1039//755 
f 979//751 1037//751 1040//753 
f 976//750 1038//750 1037//751 
f 975//748 999//748 1038//750 
f 973//747 1000//747 999//748 
f 972//745 1019//745 1000//747 
f 970//743 1017//743 1019//745 
f 969//744 968//742 1018//740 
f 966//738 1035//738 1018//740 
f 965//739 962//736 1036//736 
f 961//737 964//734 1045//733 
f 963//735 958//908 1045//733 
o mesh21
f 1108//909 1109//909 1104//909 
f 1104//909 1105//909 1108//909 
o mesh22
f 1110//910 1111//910 1112//911 
f 1113//911 1112//911 1114//912 
f 1115//912 1114//912 1116//913 
f 1117//913 1116//913 1118//914 
f 1119//914 1118//914 1120//915 
f 1121//915 1120//915 1122//916 
f 1123//916 1122//916 1124//917 
f 1125//917 1124//917 1126//918 
f 1127//918 1126//918 1128//919 
f 1129//919 1128//919 1130//920 
f 1131//920 1130//920 1132//921 
f 1133//921 1132//921 1134//922 
f 1135//922 1134//922 1136//923 
f 1137//923 1136//923 1138//924 
f 1139//924 1138//924 1140//925 
f 1141//925 1140//925 1142//926 
f 1143//926 1142//926 1144//927 
f 1145//927 1144//927 1146//928 
f 1147//928 1146//928 1148//929 
f 1149//929 1148//929 1150//930 
f 1151//930 1150//930 1152//931 
f 1153//931 1152//931 1154//932 
f 1155//932 1154//932 1156//933 
f 1157//933 1156//933 1158//934 
f 1159//934 1158//934 1160//935 
f 1161//935 1160//935 1162//936 
f 1163//936 1162//936 1164//937 
f 1165//937 1164//937 1166//938 
f 1167//938 1166//938 1109//939 
f 1109//939 1108//939 1167//938 
f 1166//938 1167//938 1165//937 
f 1164//937 1165//937 1163//936 
f 1162//936 1163//936 1161//935 
f 1160//935 1161//935 1159//934 
f 1158//934 1159//934 1157//933 
f 1156//933 1157//933 1155//932 
f 1154//932 1155//932 1153//931 
f 1152//931 1153//931 1151//930 
f 1150//930 1151//930 1149//929 
f 1148//929 1149//929 1147//928 
f 1146//928 1147//928 1145//927 
f 1144//927 1145//927 1143//926 
f 1142//926 1143//926 1141//925 
f 1140//925 1141//925 1139//924 
f 1138//924 1139//924 1137//923 
f 1136//923 1137//923 1135//922 
f 1134//922 1135//922 1133//921 
f 1132//921 1133//921 1131//920 
f 1130//920 1131//920 1129//919 
f 1128//919 1129//919 1127//918 
f 1126//918 1127//918 1125//917 
f 1124//917 1125//917 1123//916 
f 1122//916 1123//916 1121//915 
f 1120//915 1121//915 1119//914 
f 1118//914 1119//914 1117//913 
f 1116//913 1117//913 1115//912 
f 1114//912 1115//912 1113//911 
f 1112//911 1113//911 1110//910 
o mesh23
f 1168//940 1169//940 1111//940 
f 1111//940 1110//940 1168//940 
o mesh24
f 1170//941 1169//940 1168//940 
f 1171//942 1170//941 1172//941 
f 1173//943 1171//942 1174//942 
f 1175//944 1173//943 1176//943 
f 1177//945 1175//944 1178//944 
f 1179//946 1177//945 1180//945 
f 1181//947 1179//946 1182//946 
f 1183//948 1181//947 1184//947 
f 1185//949 1183//948 1186//948 
f 1187//950 1185//949 1188//949 
f 1189//951 1187//950 1190//950 
f 1191//952 1189//951 1192//951 
f 1193//953 1191//952 1194//952 
f 1195//954 1193//953 1196//953 
f 1197//955 1195//954 1198//954 
f 1199//956 1197//955 1200//955 
f 1201//957 1199//956 1202//956 
f 1203//958 1201//957 1204//957 
f 1205//959 1203//958 1206//958 
f 1207//960 1205//959 1208//959 
f 1209//961 1207//960 1210//960 
f 1211//962 1209//961 1212//961 
f 1213//963 1211//962 1214//962 
f 1215//964 1213//963 1216//963 
f 1217//965 1215//964 1218//964 
f 1219//966 1217//965 1220//965 
f 1221//967 1219//966 1222//966 
f 1223//968 1221//967 1224//967 
f 1225//969 1223//968 1226//968 
f 1226//968 1227//969 1225//969 
f 1224//967 1226//968 1223//968 
f 1222//966 1224//967 1221//967 
f 1220//965 1222//966 1219//966 
f 1218//964 1220//965 1217//965 
f 1216//963 1218//964 1215//964 
f 1214//962 1216//963 1213//963 
f 1212//961 1214//962 1211//962 
f 1210//960 1212//961 1209//961 
f 1208//959 1210//960 1207//960 
f 1206//958 1208//959 1205//959 
f 1204//957 1206//958 1203//958 
f 1202//956 1204//957 1201//957 
f 1200//955 1202//956 1199//956 
f 1198//954 1200//955 1197//955 
f 1196//953 1198//954 1195//954 
f 1194//952 1196//953 1193//953 
f 1192//951 1194//952 1191//952 
f 1190//950 1192//951 1189//951 
f 1188//949 1190//950 1187//950 
f 1186//948 1188//949 1185//949 
f 1184//947 1186//948 1183//948 
f 1182//946 1184//947 1181//947 
f 1180//945 1182//946 1179//946 
f 1178//944 1180//945 1177//945 
f 1176//943 1178//944 1175//944 
f 1174//942 1176//943 1173//943 
f 1172//941 1174//942 1171//942 
f 1168//940 1172//941 1170//941 
o mesh25
f 1225//969 1227//969 1228//969 
f 1228//969 1229//969 1225//969 
o mesh26
f 1230//970 1231//970 1232//971 
f 1233//971 1232//971 1234//972 
f 1235//972 1234//972 1236//973 
f 1237//973 1236//973 1238//974 
f 1239//974 1238//974 1240//975 
f 1241//975 1240//975 1242//976 
f 1243//976 1242//976 1244//977 
f 1245//977 1244//977 1246//978 
f 1247//978 1246//978 1248//979 
f 1249//979 1248//979 1250//980 
f 1251//980 1250//980 1252//981 
f 1253//981 1252//981 1254//982 
f 1255//982 1254//982 1256//983 
f 1257//983 1256//983 1258//984 
f 1259//984 1258//984 1260//985 
f 1261//985 1260//985 1262//986 
f 1263//986 1262//986 1264//987 
f 1265//987 1264//987 1266//988 
f 1267//988 1266//988 1268//989 
f 1269//989 1268//989 1270//990 
f 1271//990 1270//990 1272//991 
f 1273//991 1272//991 1274//992 
f 1275//992 1274//992 1276//993 
f 1277//993 1276//993 1278//994 
f 1279//994 1278//994 1280//995 
f 1281//995 1280//995 1282//996 
f 1283//996 1282//996 1284//997 
f 1285//997 1284//997 1286//998 
f 1287//998 1286//998 1229//999 
f 1229//999 1228//999 1287//998 
f 1286//998 1287//998 1285//997 
f 1284//997 1285//997 1283//996 
f 1282//996 1283//996 1281//995 
f 1280//995 1281//995 1279//994 
f 1278//994 1279//994 1277//993 
f 1276//993 1277//993 1275//992 
f 1274//992 1275//992 1273//991 
f 1272//991 1273//991 1271//990 
f 1270//990 1271//990 1269//989 
f 1268//989 1269//989 1267//988 
f 1266//988 1267//988 1265//987 
f 1264//987 1265//987 1263//986 
f 1262//986 1263//986 1261//985 
f 1260//985 1261//985 1259//984 
f 1258//984 1259//984 1257//983 
f 1256//983 1257//983 1255//982 
f 1254//982 1255//982 1253//981 
f 1252//981 1253//981 1251//980 
f 1250//980 1251//980 1249//979 
f 1248//979 1249//979 1247//978 
f 1246//978 1247//978 1245//977 
f 1244//977 1245//977 1243//976 
f 1242//976 1243//976 1241//975 
f 1240//975 1241//975 1239//974 
f 1238//974 1239//974 1237//973 
f 1236//973 1237//973 1235//972 
f 1234//972 1235//972 1233//971 
f 1232//971 1233//971 1230//970 
o mesh27
f 1231//1000 1230//1000 1288//1000 
f 1288//1000 1289//1000 1231//1000 
o mesh28
f 1290//1001 1289//1000 1288//1000 
f 1291//1002 1290//1001 1292//1001 
f 1293//1003 1291//1002 1294//1002 
f 1295//1004 1293//1003 1296//1003 
f 1297//1005 1295//1004 1298//1004 
f 1299//1006 1297//1005 1300//1005 
f 1301//1007 1299//1006 1302//1006 
f 1303//1008 1301//1007 1304//1007 
f 1305//1009 1303//1008 1306//1008 
f 1307//1010 1305//1009 1308//1009 
f 1309//1011 1307//1010 1310//1010 
f 1311//1012 1309//1011 1312//1011 
f 1313//1013 1311//1012 1314//1012 
f 1315//1014 1313//1013 1316//1013 
f 1317//1015 1315//1014 1318//1014 
f 1319//1016 1317//1015 1320//1015 
f 1321//1017 1319//1016 1322//1016 
f 1323//1018 1321//1017 1324//1017 
f 1325//1019 1323//1018 1326//1018 
f 1327//1020 1325//1019 1328//1019 
f 1329//1021 1327//1020 1330//1020 
f 1331//1022 1329//1021 1332//1021 
f 1333//1023 1331//1022 1334//1022 
f 1335//1024 1333//1023 1336//1023 
f 1337//1025 1335//1024 1338//1024 
f 1339//1026 1337//1025 1340//1025 
f 1341//1027 1339//1026 1342//1026 
f 1343//1028 1341//1027 1344//1027 
f 1345//1029 1343//1028 1346//1028 
f 1346//1028 1347//1029 1345//1029 
f 1344//1027 1346//1028 1343//1028 
f 1342//1026 1344//1027 1341//1027 
f 1340//1025 1342//1026 1339//1026 
f 1338//1024 1340//1025 1337//1025 
f 1336//1023 1338//1024 1335//1024 
f 1334//1022 1336//1023 1333//1023 
f 1332//1021 1334//1022 1331//1022 
f 1330//1020 1332//1021 1329//1021 
f 1328//1019 1330//1020 1327//1020 
f 1326//1018 1328//1019 1325//1019 
f 1324//1017 1326//1018 1323//1018 
f 1322//1016 1324//1017 1321//1017 
f 1320//1015 1322//1016 1319//1016 
f 1318//1014 1320//1015 1317//1015 
f 1316//1013 1318//1014 1315//1014 
f 1314//1012 1316//1013 1313//1013 
f 1312//1011 1314//1012 1311//1012 
f 1310//1010 1312//1011 1309//1011 
f 1308//1009 1310//1010 1307//1010 
f 1306//1008 1308//1009 1305//1009 
f 1304//1007 1306//1008 1303//1008 
f 1302//1006 1304//1007 1301//1007 
f 1300//1005 1302//1006 1299//1006 
f 1298//1004 1300//1005 1297//1005 
f 1296//1003 1298//1004 1295//1004 
f 1294//1002 1296//1003 1293//1003 
f 1292//1001 1294//1002 1291//1002 
f 1288//1000 1292//1001 1290//1001 
o mesh29
f 1345//1029 1347//1029 1348//1029 
f 1348//1029 1349//1029 1345//1029 
o mesh30
f 1350//1030 1351//1030 1352//1031 
f 1353//1031 1352//1031 1354//1032 
f 1355//1032 1354//1032 1356//1033 
f 1357//1033 1356//1033 1358//1034 
f 1359//1034 1358//1034 1360//1035 
f 1361//1035 1360//1035 1362//1036 
f 1363//1036 1362//1036 1364//1037 
f 1365//1037 1364//1037 1366//1038 
f 1367//1038 1366//1038 1368//1039 
f 1369//1039 1368//1039 1370//1040 
f 1371//1040 1370//1040 1372//1041 
f 1373//1041 1372//1041 1374//1042 
f 1375//1042 1374//1042 1376//1043 
f 1377//1043 1376//1043 1378//1044 
f 1379//1044 1378//1044 1380//1045 
f 1381//1045 1380//1045 1382//1046 
f 1383//1046 1382//1046 1384//1047 
f 1385//1047 1384//1047 1386//1048 
f 1387//1048 1386//1048 1388//1049 
f 1389//1049 1388//1049 1390//1050 
f 1391//1050 1390//1050 1392//1051 
f 1393//1051 1392//1051 1394//1052 
f 1395//1052 1394//1052 1396//1053 
f 1397//1053 1396//1053 1398//1054 
f 1399//1054 1398//1054 1400//1055 
f 1401//1055 1400//1055 1402//1056 
f 1403//1056 1402//1056 1404//1057 
f 1405//1057 1404//1057 1406//1058 
f 1407//1058 1406//1058 1349//1059 
f 1349//1059 1348//1059 1407//1058 
f 1406//1058 1407//1058 1405//1057 
f 1404//1057 1405//1057 1403//1056 
f 1402//1056 1403//1056 1401//1055 
f 1400//1055 1401//1055 1399//1054 
f 1398//1054 1399//1054 1397//1053 
f 1396//1053 1397//1053 1395//1052 
f 1394//1052 1395//1052 1393//1051 
f 1392//1051 1393//1051 1391//1050 
f 1390//1050 1391//1050 1389//1049 
f 1388//1049 1389//1049 1387//1048 
f 1386//1048 1387//1048 1385//1047 
f 1384//1047 1385//1047 1383//1046 
f 1382//1046 1383//1046 1381//1045 
f 1380//1045 1381//1045 1379//1044 
f 1378//1044 1379//1044 1377//1043 
f 1376//1043 1377//1043 1375//1042 
f 1374//1042 1375//1042 1373//1041 
f 1372//1041 1373//1041 1371//1040 
f 1370//1040 1371//1040 1369//1039 
f 1368//1039 1369//1039 1367//1038 
f 1366//1038 1367//1038 1365//1037 
f 1364//1037 1365//1037 1363//1036 
f 1362//1036 1363//1036 1361//1035 
f 1360//1035 1361//1035 1359//1034 
f 1358//1034 1359//1034 1357//1033 
f 1356//1033 1357//1033 1355//1032 
f 1354//1032 1355//1032 1353//1031 
f 1352//1031 1353//1031 1350//1030 
o mesh31
f 1351//1060 1350//1060 1408//1060 
f 1408//1060 1409//1060 1351//1060 
o mesh32
f 1410//1061 1409//1060 1408//1060 
f 1411//1062 1410//1061 1412//1061 
f 1413//1063 1411//1062 1414//1062 
f 1415//1064 1413//1063 1416//1063 
f 1417//1065 1415//1064 1418//1064 
f 1419//1066 1417//1065 1420//1065 
f 1421//1067 1419//1066 1422//1066 
f 1423//1068 1421//1067 1424//1067 
f 1425//1069 1423//1068 1426//1068 
f 1427//1070 1425//1069 1428//1069 
f 1429//1071 1427//1070 1430//1070 
f 1431//1072 1429//1071 1432//1071 
f 1433//1073 1431//1072 1434//1072 
f 1435//1074 1433//1073 1436//1073 
f 1437//1075 1435//1074 1438//1074 
f 1439//1076 1437//1075 1440//1075 
f 1441//1077 1439//1076 1442//1076 
f 1443//1078 1441//1077 1444//1077 
f 1445//1079 1443//1078 1446//1078 
f 1447//1080 1445//1079 1448//1079 
f 1449//1081 1447//1080 1450//1080 
f 1451//1082 1449//1081 1452//1081 
f 1453//1083 1451//1082 1454//1082 
f 1455//1084 1453//1083 1456//1083 
f 1457//1085 1455//1084 1458//1084 
f 1459//1086 1457//1085 1460//1085 
f 1461//1087 1459//1086 1462//1086 
f 1463//1088 1461//1087 1464//1087 
f 1465//1089 1463//1088 1466//1088 
f 1466//1088 1467//1089 1465//1089 
f 1464//1087 1466//1088 1463//1088 
f 1462//1086 1464//1087 1461//1087 
f 1460//1085 1462//1086 1459//1086 
f 1458//1084 1460//1085 1457//1085 
f 1456//1083 1458//1084 1455//1084 
f 1454//1082 1456//1083 1453//1083 
f 1452//1081 1454//1082 1451//1082 
f 1450//1080 1452//1081 1449//1081 
f 1448//1079 1450//1080 1447//1080 
f 1446//1078 1448//1079 1445//1079 
f 1444//1077 1446//1078 1443//1078 
f 1442//1076 1444//1077 1441//1077 
f 1440//1075 1442//1076 1439//1076 
f 1438//1074 1440//1075 1437//1075 
f 1436//1073 1438//1074 1435//1074 
f 1434//1072 1436//1073 1433//1073 
f 1432//1071 1434//1072 1431//1072 
f 1430//1070 1432//1071 1429//1071 
f 1428//1069 1430//1070 1427//1070 
f 1426//1068 1428//1069 1425//1069 
f 1424//1067 1426//1068 1423//1068 
f 1422//1066 1424//1067 1421//1067 
f 1420//1065 1422//1066 1419//1066 
f 1418//1064 1420//1065 1417//1065 
f 1416//1063 1418//1064 1415//1064 
f 1414//1062 1416//1063 1413//1063 
f 1412//1061 1414//1062 1411//1062 
f 1408//1060 1412//1061 1410//1061 
o mesh33
f 1467//1089 1468//1089 1469//1089 
f 1469//1089 1465//1089 1467//1089 
o mesh34
f 1107//1090 1102//1090 1470//1090 
f 1470//1090 1471//1090 1107//1090 
o mesh35
f 1472//1091 1471//1090 1470//1090 
f 1473//1092 1472//1091 1474//1091 
f 1475//1093 1473//1092 1476//1092 
f 1477//1094 1475//1093 1478//1093 
f 1479//1095 1477//1094 1480//1094 
f 1481//1096 1479//1095 1482//1095 
f 1483//1097 1481//1096 1484//1096 
f 1485//1098 1483//1097 1486//1097 
f 1487//1099 1485//1098 1488//1098 
f 1489//1100 1487//1099 1490//1099 
f 1491//1101 1489//1100 1492//1100 
f 1493//1102 1491//1101 1494//1101 
f 1495//1103 1493//1102 1496//1102 
f 1497//1104 1495//1103 1498//1103 
f 1499//1105 1497//1104 1500//1104 
f 1501//1106 1499//1105 1502//1105 
f 1503//1107 1501//1106 1504//1106 
f 1505//1108 1503//1107 1506//1107 
f 1507//1109 1505//1108 1508//1108 
f 1509//1110 1507//1109 1510//1109 
f 1511//1111 1509//1110 1512//1110 
f 1513//1112 1511//1111 1514//1111 
f 1515//1113 1513//1112 1516//1112 
f 1517//1114 1515//1113 1518//1113 
f 1519//1115 1517//1114 1520//1114 
f 1521//1116 1519//1115 1522//1115 
f 1523//1117 1521//1116 1524//1116 
f 1525//1118 1523//1117 1526//1117 
f 1527//1119 1525//1118 1528//1118 
f 1528//1118 1529//1119 1527//1119 
f 1526//1117 1528//1118 1525//1118 
f 1524//1116 1526//1117 1523//1117 
f 1522//1115 1524//1116 1521//1116 
f 1520//1114 1522//1115 1519//1115 
f 1518//1113 1520//1114 1517//1114 
f 1516//1112 1518//1113 1515//1113 
f 1514//1111 1516//1112 1513//1112 
f 1512//1110 1514//1111 1511//1111 
f 1510//1109 1512//1110 1509//1110 
f 1508//1108 1510//1109 1507//1109 
f 1506//1107 1508//1108 1505//1108 
f 1504//1106 1506//1107 1503//1107 
f 1502//1105 1504//1106 1501//1106 
f 1500//1104 1502//1105 1499//1105 
f 1498//1103 1500//1104 1497//1104 
f 1496//1102 1498//1103 1495//1103 
f 1494//1101 1496//1102 1493//1102 
f 1492//1100 1494//1101 1491//1101 
f 1490//1099 1492//1100 1489//1100 
f 1488//1098 1490//1099 1487//1099 
f 1486//1097 1488//1098 1485//1098 
f 1484//1096 1486//1097 1483//1097 
f 1482//1095 1484//1096 1481//1096 
f 1480//1094 1482//1095 1479//1095 
f 1478//1093 1480//1094 1477//1094 
f 1476//1092 1478//1093 1475//1093 
f 1474//1091 1476//1092 1473//1092 
f 1470//1090 1474//1091 1472//1091 
o mesh36
f 1530//1119 1531//1119 1527//1119 
f 1527//1119 1529//1119 1530//1119 
o mesh37
f 1532//1120 1533//1120 1534//1121 
f 1535//1121 1534//1121 1536//1122 
f 1537//1122 1536//1122 1538//1123 
f 1539//1123 1538//1123 1540//1124 
f 1541//1124 1540//1124 1542//1125 
f 1543//1125 1542//1125 1544//1126 
f 1545//1126 1544//1126 1546//1127 
f 1547//1127 1546//1127 1548//1128 
f 1549//1128 1548//1128 1550//1129 
f 1551//1129 1550//1129 1552//1130 
f 1553//1130 1552//1130 1554//1131 
f 1555//1131 1554//1131 1556//1132 
f 1557//1132 1556//1132 1558//1133 
f 1559//1133 1558//1133 1560//1134 
f 1561//1134 1560//1134 1562//1135 
f 1563//1135 1562//1135 1564//1136 
f 1565//1136 1564//1136 1566//1137 
f 1567//1137 1566//1137 1568//1138 
f 1569//1138 1568//1138 1570//1139 
f 1571//1139 1570//1139 1572//1140 
f 1573//1140 1572//1140 1574//1141 
f 1575//1141 1574//1141 1576//1142 
f 1577//1142 1576//1142 1578//1143 
f 1579//1143 1578//1143 1580//1144 
f 1581//1144 1580//1144 1582//1145 
f 1583//1145 1582//1145 1584//1146 
f 1585//1146 1584//1146 1586//1147 
f 1587//1147 1586//1147 1588//1148 
f 1589//1148 1588//1148 1531//1149 
f 1531//1149 1530//1149 1589//1148 
f 1588//1148 1589//1148 1587//1147 
f 1586//1147 1587//1147 1585//1146 
f 1584//1146 1585//1146 1583//1145 
f 1582//1145 1583//1145 1581//1144 
f 1580//1144 1581//1144 1579//1143 
f 1578//1143 1579//1143 1577//1142 
f 1576//1142 1577//1142 1575//1141 
f 1574//1141 1575//1141 1573//1140 
f 1572//1140 1573//1140 1571//1139 
f 1570//1139 1571//1139 1569//1138 
f 1568//1138 1569//1138 1567//1137 
f 1566//1137 1567//1137 1565//1136 
f 1564//1136 1565//1136 1563//1135 
f 1562//1135 1563//1135 1561//1134 
f 1560//1134 1561//1134 1559//1133 
f 1558//1133 1559//1133 1557//1132 
f 1556//1132 1557//1132 1555//1131 
f 1554//1131 1555//1131 1553//1130 
f 1552//1130 1553//1130 1551//1129 
f 1550//1129 1551//1129 1549//1128 
f 1548//1128 1549//1128 1547//1127 
f 1546//1127 1547//1127 1545//1126 
f 1544//1126 1545//1126 1543//1125 
f 1542//1125 1543//1125 1541//1124 
f 1540//1124 1541//1124 1539//1123 
f 1538//1123 1539//1123 1537//1122 
f 1536//1122 1537//1122 1535//1121 
f 1534//1121 1535//1121 1532//1120 
o mesh38
f 1533//1150 1532//1150 1590//1150 
f 1590//1150 1591//1150 1533//1150 
o mesh39
f 1592//1151 1591//1150 1590//1150 
f 1593//1152 1592//1151 1594//1151 
f 1595//1153 1593//1152 1596//1152 
f 1597//1154 1595//1153 1598//1153 
f 1599//1155 1597//1154 1600//1154 
f 1601//1156 1599//1155 1602//1155 
f 1603//1157 1601//1156 1604//1156 
f 1605//1158 1603//1157 1606//1157 
f 1607//1159 1605//1158 1608//1158 
f 1609//1160 1607//1159 1610//1159 
f 1611//1161 1609//1160 1612//1160 
f 1613//1162 1611//1161 1614//1161 
f 1615//1163 1613//1162 1616//1162 
f 1617//1164 1615//1163 1618//1163 
f 1619//1165 1617//1164 1620//1164 
f 1621//1166 1619//1165 1622//1165 
f 1623//1167 1621//1166 1624//1166 
f 1625//1168 1623//1167 1626//1167 
f 1627//1169 1625//1168 1628//1168 
f 1629//1170 1627//1169 1630//1169 
f 1631//1171 1629//1170 1632//1170 
f 1633//1172 1631//1171 1634//1171 
f 1635//1173 1633//1172 1636//1172 
f 1637//1174 1635//1173 1638//1173 
f 1639//1175 1637//1174 1640//1174 
f 1641//1176 1639//1175 1642//1175 
f 1643//1177 1641//1176 1644//1176 
f 1645//1178 1643//1177 1646//1177 
f 1647//1179 1645//1178 1648//1178 
f 1648//1178 1649//1179 1647//1179 
f 1646//1177 1648//1178 1645//1178 
f 1644//1176 1646//1177 1643//1177 
f 1642//1175 1644//1176 1641//1176 
f 1640//1174 1642//1175 1639//1175 
f 1638//1173 1640//1174 1637//1174 
f 1636//1172 1638//1173 1635//1173 
f 1634//1171 1636//1172 1633//1172 
f 1632//1170 1634//1171 1631//1171 
f 1630//1169 1632//1170 1629//1170 
f 1628//1168 1630//1169 1627//1169 
f 1626//1167 1628//1168 1625//1168 
f 1624//1166 1626//1167 1623//1167 
f 1622//1165 1624//1166 1621//1166 
f 1620//1164 1622//1165 1619//1165 
f 1618//1163 1620//1164 1617//1164 
f 1616//1162 1618//1163 1615//1163 
f 1614//1161 1616//1162 1613//1162 
f 1612//1160 1614//1161 1611//1161 
f 1610//1159 1612//1160 1609//1160 
f 1608//1158 1610//1159 1607//1159 
f 1606//1157 1608//1158 1605//1158 
f 1604//1156 1606//1157 1603//1157 
f 1602//1155 1604//1156 1601//1156 
f 1600//1154 1602//1155 1599//1155 
f 1598//1153 1600//1154 1597//1154 
f 1596//1152 1598//1153 1595//1153 
f 1594//1151 1596//1152 1593//1152 
f 1590//1150 1594//1151 1592//1151 
o mesh40
f 1649//1179 1650//1179 1651//1179 
f 1651//1179 1647//1179 1649//1179 
o mesh41
f 1652//1180 1653//1180 1654//1181 
f 1655//1181 1654//1181 1656//1182 
f 1657//1182 1656//1182 1658//1183 
f 1659//1183 1658//1183 1660//1184 
f 1661//1184 1660//1184 1662//1185 
f 1663//1185 1662//1185 1664//1186 
f 1665//1186 1664//1186 1666//1187 
f 1667//1187 1666//1187 1668//1188 
f 1669//1188 1668//1188 1670//1189 
f 1671//1189 1670//1189 1672//1190 
f 1673//1190 1672//1190 1674//1191 
f 1675//1191 1674//1191 1676//1192 
f 1677//1192 1676//1192 1678//1193 
f 1679//1193 1678//1193 1680//1194 
f 1681//1194 1680//1194 1682//1195 
f 1683//1195 1682//1195 1684//1196 
f 1685//1196 1684//1196 1686//1197 
f 1687//1197 1686//1197 1688//1198 
f 1689//1198 1688//1198 1690//1199 
f 1691//1199 1690//1199 1692//1200 
f 1693//1200 1692//1200 1694//1201 
f 1695//1201 1694//1201 1696//1202 
f 1697//1202 1696//1202 1698//1203 
f 1699//1203 1698//1203 1700//1204 
f 1701//1204 1700//1204 1702//1205 
f 1703//1205 1702//1205 1704//1206 
f 1705//1206 1704//1206 1706//1207 
f 1707//1207 1706//1207 1708//1208 
f 1709//1208 1708//1208 1651//1209 
f 1651//1209 1650//1209 1709//1208 
f 1708//1208 1709//1208 1707//1207 
f 1706//1207 1707//1207 1705//1206 
f 1704//1206 1705//1206 1703//1205 
f 1702//1205 1703//1205 1701//1204 
f 1700//1204 1701//1204 1699//1203 
f 1698//1203 1699//1203 1697//1202 
f 1696//1202 1697//1202 1695//1201 
f 1694//1201 1695//1201 1693//1200 
f 1692//1200 1693//1200 1691//1199 
f 1690//1199 1691//1199 1689//1198 
f 1688//1198 1689//1198 1687//1197 
f 1686//1197 1687//1197 1685//1196 
f 1684//1196 1685//1196 1683//1195 
f 1682//1195 1683//1195 1681//1194 
f 1680//1194 1681//1194 1679//1193 
f 1678//1193 1679//1193 1677//1192 
f 1676//1192 1677//1192 1675//1191 
f 1674//1191 1675//1191 1673//1190 
f 1672//1190 1673//1190 1671//1189 
f 1670//1189 1671//1189 1669//1188 
f 1668//1188 1669//1188 1667//1187 
f 1666//1187 1667//1187 1665//1186 
f 1664//1186 1665//1186 1663//1185 
f 1662//1185 1663//1185 1661//1184 
f 1660//1184 1661//1184 1659//1183 
f 1658//1183 1659//1183 1657//1182 
f 1656//1182 1657//1182 1655//1181 
f 1654//1181 1655//1181 1652//1180 
o mesh42
f 1653//1210 1652//1210 1710//1210 
f 1710//1210 1711//1210 1653//1210 
o mesh43
f 1712//1211 1711//1210 1710//1210 
f 1713//1212 1712//1211 1714//1211 
f 1715//1213 1713//1212 1716//1212 
f 1717//1214 1715//1213 1718//1213 
f 1719//1215 1717//1214 1720//1214 
f 1721//1216 1719//1215 1722//1215 
f 1723//1217 1721//1216 1724//1216 
f 1725//1218 1723//1217 1726//1217 
f 1727//1219 1725//1218 1728//1218 
f 1729//1220 1727//1219 1730//1219 
f 1731//1221 1729//1220 1732//1220 
f 1733//1222 1731//1221 1734//1221 
f 1735//1223 1733//1222 1736//1222 
f 1737//1224 1735//1223 1738//1223 
f 1739//1225 1737//1224 1740//1224 
f 1741//1226 1739//1225 1742//1225 
f 1743//1227 1741//1226 1744//1226 
f 1745//1228 1743//1227 1746//1227 
f 1747//1229 1745//1228 1748//1228 
f 1749//1230 1747//1229 1750//1229 
f 1751//1231 1749//1230 1752//1230 
f 1753//1232 1751//1231 1754//1231 
f 1755//1233 1753//1232 1756//1232 
f 1757//1234 1755//1233 1758//1233 
f 1759//1235 1757//1234 1760//1234 
f 1761//1236 1759//1235 1762//1235 
f 1763//1237 1761//1236 1764//1236 
f 1765//1238 1763//1237 1766//1237 
f 1767//1239 1765//1238 1768//1238 
f 1768//1238 1769//1239 1767//1239 
f 1766//1237 1768//1238 1765//1238 
f 1764//1236 1766//1237 1763//1237 
f 1762//1235 1764//1236 1761//1236 
f 1760//1234 1762//1235 1759//1235 
f 1758//1233 1760//1234 1757//1234 
f 1756//1232 1758//1233 1755//1233 
f 1754//1231 1756//1232 1753//1232 
f 1752//1230 1754//1231 1751//1231 
f 1750//1229 1752//1230 1749//1230 
f 1748//1228 1750//1229 1747//1229 
f 1746//1227 1748//1228 1745//1228 
f 1744//1226 1746//1227 1743//1227 
f 1742//1225 1744//1226 1741//1226 
f 1740//1224 1742//1225 1739//1225 
f 1738//1223 1740//1224 1737//1224 
f 1736//1222 1738//1223 1735//1223 
f 1734//1221 1736//1222 1733//1222 
f 1732//1220 1734//1221 1731//1221 
f 1730//1219 1732//1220 1729//1220 
f 1728//1218 1730//1219 1727//1219 
f 1726//1217 1728//1218 1725//1218 
f 1724//1216 1726//1217 1723//1217 
f 1722//1215 1724//1216 1721//1216 
f 1720//1214 1722//1215 1719//1215 
f 1718//1213 1720//1214 1717//1214 
f 1716//1212 1718//1213 1715//1213 
f 1714//1211 1716//1212 1713//1212 
f 1710//1210 1714//1211 1712//1211 
o mesh44
f 1767//1239 1769//1239 1770//1239 
f 1770//1239 1771//1239 1767//1239 
o mesh45
f 1504//1240 1136//1240 1134//1240 
f 1504//1240 1502//1240 1138//1240 
f 1512//1240 1128//1240 1126//1240 
f 1512//1240 1510//1240 1130//1240 
f 1506//1240 1134//1240 1132//1240 
f 1138//1240 1136//1240 1504//1240 
f 1530//1240 1529//1240 1111//1240 
f 1528//1240 1112//1240 1111//1240 
f 1518//1240 1516//1240 1124//1240 
f 1516//1240 1514//1240 1126//1240 
f 1130//1240 1128//1240 1512//1240 
f 1510//1240 1508//1240 1132//1240 
f 1134//1240 1506//1240 1504//1240 
f 1500//1240 1140//1240 1138//1240 
f 1478//1240 1162//1240 1160//1240 
f 1476//1240 1164//1240 1162//1240 
f 1590//1240 1229//1240 1286//1240 
f 1229//1240 1590//1240 1532//1240 
f 1736//1240 1734//1240 1386//1240 
f 1734//1240 1732//1240 1388//1240 
f 1600//1240 1280//1240 1278//1240 
f 1598//1240 1282//1240 1280//1240 
f 1111//1240 1529//1240 1528//1240 
f 1170//1240 1589//1240 1530//1240 
f 1520//1240 1518//1240 1122//1240 
f 1126//1240 1124//1240 1516//1240 
f 1132//1240 1130//1240 1510//1240 
f 1138//1240 1502//1240 1500//1240 
f 1488//1240 1152//1240 1150//1240 
f 1486//1240 1154//1240 1152//1240 
f 1480//1240 1160//1240 1158//1240 
f 1162//1240 1478//1240 1476//1240 
f 1223//1240 1225//1240 1532//1240 
f 1532//1240 1225//1240 1229//1240 
f 1351//1240 1409//1240 1770//1240 
f 1409//1240 1410//1240 1772//1240 
f 1738//1240 1382//1240 1380//1240 
f 1738//1240 1736//1240 1384//1240 
f 1388//1240 1386//1240 1734//1240 
f 1732//1240 1730//1240 1390//1240 
f 1602//1240 1278//1240 1276//1240 
f 1280//1240 1600//1240 1598//1240 
f 1596//1240 1284//1240 1282//1240 
f 1596//1240 1594//1240 1286//1240 
f 1530//1240 1169//1240 1170//1240 
f 1171//1240 1587//1240 1589//1240 
f 1522//1240 1118//1240 1116//1240 
f 1522//1240 1520//1240 1120//1240 
f 1124//1240 1122//1240 1518//1240 
f 1132//1240 1508//1240 1506//1240 
f 1498//1240 1142//1240 1140//1240 
f 1498//1240 1496//1240 1144//1240 
f 1152//1240 1488//1240 1486//1240 
f 1484//1240 1156//1240 1154//1240 
f 1482//1240 1158//1240 1156//1240 
f 1160//1240 1480//1240 1478//1240 
f 1203//1240 1205//1240 1553//1240 
f 1205//1240 1207//1240 1551//1240 
f 1209//1240 1211//1240 1547//1240 
f 1211//1240 1213//1240 1545//1240 
f 1221//1240 1223//1240 1535//1240 
f 1286//1240 1594//1240 1590//1240 
f 1772//1240 1770//1240 1409//1240 
f 1769//1240 1768//1240 1352//1240 
f 1764//1240 1356//1240 1354//1240 
f 1764//1240 1762//1240 1358//1240 
f 1384//1240 1382//1240 1738//1240 
f 1390//1240 1388//1240 1732//1240 
f 1730//1240 1728//1240 1392//1240 
f 1728//1240 1726//1240 1394//1240 
f 1429//1240 1431//1240 1773//1240 
f 1431//1240 1433//1240 1774//1240 
f 1620//1240 1260//1240 1258//1240 
f 1618//1240 1262//1240 1260//1240 
f 1616//1240 1264//1240 1262//1240 
f 1616//1240 1614//1240 1266//1240 
f 1610//1240 1270//1240 1268//1240 
f 1610//1240 1608//1240 1272//1240 
f 1606//1240 1274//1240 1272//1240 
f 1606//1240 1604//1240 1276//1240 
f 1278//1240 1602//1240 1600//1240 
f 1286//1240 1284//1240 1596//1240 
f 1589//1240 1170//1240 1171//1240 
f 1528//1240 1526//1240 1114//1240 
f 1120//1240 1118//1240 1522//1240 
f 1126//1240 1514//1240 1512//1240 
f 1144//1240 1142//1240 1498//1240 
f 1494//1240 1146//1240 1144//1240 
f 1492//1240 1148//1240 1146//1240 
f 1490//1240 1150//1240 1148//1240 
f 1154//1240 1486//1240 1484//1240 
f 1158//1240 1482//1240 1480//1240 
f 1199//1240 1201//1240 1557//1240 
f 1201//1240 1203//1240 1555//1240 
f 1551//1240 1553//1240 1205//1240 
f 1207//1240 1209//1240 1549//1240 
f 1545//1240 1547//1240 1211//1240 
f 1213//1240 1215//1240 1543//1240 
f 1215//1240 1217//1240 1541//1240 
f 1217//1240 1219//1240 1539//1240 
f 1219//1240 1221//1240 1537//1240 
f 1532//1240 1535//1240 1223//1240 
f 1309//1240 1689//1240 1691//1240 
f 1309//1240 1311//1240 1687//1240 
f 1313//1240 1685//1240 1687//1240 
f 1313//1240 1315//1240 1683//1240 
f 1329//1240 1669//1240 1671//1240 
f 1331//1240 1667//1240 1669//1240 
f 1333//1240 1665//1240 1667//1240 
f 1333//1240 1335//1240 1663//1240 
f 1339//1240 1659//1240 1661//1240 
f 1339//1240 1341//1240 1657//1240 
f 1352//1240 1351//1240 1769//1240 
f 1768//1240 1766//1240 1354//1240 
f 1358//1240 1356//1240 1764//1240 
f 1762//1240 1760//1240 1360//1240 
f 1386//1240 1384//1240 1736//1240 
f 1394//1240 1392//1240 1728//1240 
f 1724//1240 1396//1240 1394//1240 
f 1724//1240 1722//1240 1398//1240 
f 1720//1240 1718//1240 1402//1240 
f 1718//1240 1716//1240 1404//1240 
f 1429//1240 1775//1240 1776//1240 
f 1774//1240 1773//1240 1431//1240 
f 1642//1240 1238//1240 1236//1240 
f 1642//1240 1640//1240 1240//1240 
f 1624//1240 1256//1240 1254//1240 
f 1624//1240 1622//1240 1258//1240 
f 1260//1240 1620//1240 1618//1240 
f 1266//1240 1264//1240 1616//1240 
f 1612//1240 1268//1240 1266//1240 
f 1272//1240 1270//1240 1610//1240 
f 1276//1240 1274//1240 1606//1240 
f 1282//1240 1598//1240 1596//1240 
f 1114//1240 1112//1240 1528//1240 
f 1171//1240 1173//1240 1585//1240 
f 1122//1240 1120//1240 1520//1240 
f 1144//1240 1496//1240 1494//1240 
f 1148//1240 1492//1240 1490//1240 
f 1156//1240 1484//1240 1482//1240 
f 1189//1240 1569//1240 1571//1240 
f 1189//1240 1191//1240 1567//1240 
f 1195//1240 1563//1240 1565//1240 
f 1195//1240 1197//1240 1561//1240 
f 1199//1240 1559//1240 1561//1240 
f 1555//1240 1557//1240 1201//1240 
f 1549//1240 1551//1240 1207//1240 
f 1543//1240 1545//1240 1213//1240 
f 1539//1240 1541//1240 1217//1240 
f 1535//1240 1537//1240 1221//1240 
f 1305//1240 1693//1240 1695//1240 
f 1307//1240 1691//1240 1693//1240 
f 1687//1240 1689//1240 1309//1240 
f 1683//1240 1685//1240 1313//1240 
f 1317//1240 1681//1240 1683//1240 
f 1317//1240 1319//1240 1679//1240 
f 1321//1240 1677//1240 1679//1240 
f 1321//1240 1323//1240 1675//1240 
f 1669//1240 1329//1240 1331//1240 
f 1663//1240 1665//1240 1333//1240 
f 1337//1240 1661//1240 1663//1240 
f 1657//1240 1659//1240 1339//1240 
f 1354//1240 1352//1240 1768//1240 
f 1360//1240 1358//1240 1762//1240 
f 1758//1240 1362//1240 1360//1240 
f 1758//1240 1756//1240 1364//1240 
f 1410//1240 1411//1240 1777//1240 
f 1411//1240 1413//1240 1778//1240 
f 1748//1240 1372//1240 1370//1240 
f 1748//1240 1746//1240 1374//1240 
f 1392//1240 1390//1240 1730//1240 
f 1398//1240 1396//1240 1724//1240 
f 1720//1240 1400//1240 1398//1240 
f 1404//1240 1402//1240 1718//1240 
f 1427//1240 1776//1240 1779//1240 
f 1773//1240 1775//1240 1429//1240 
f 1437//1240 1780//1240 1781//1240 
f 1437//1240 1439//1240 1782//1240 
f 1441//1240 1783//1240 1782//1240 
f 1441//1240 1443//1240 1784//1240 
f 1449//1240 1785//1240 1786//1240 
f 1451//1240 1787//1240 1785//1240 
f 1463//1240 1788//1240 1789//1240 
f 1463//1240 1790//1240 1791//1240 
f 1463//1240 1792//1240 1793//1240 
f 1646//1240 1234//1240 1232//1240 
f 1646//1240 1644//1240 1236//1240 
f 1240//1240 1238//1240 1642//1240 
f 1640//1240 1638//1240 1242//1240 
f 1634//1240 1246//1240 1244//1240 
f 1634//1240 1632//1240 1248//1240 
f 1630//1240 1628//1240 1252//1240 
f 1628//1240 1626//1240 1254//1240 
f 1258//1240 1256//1240 1624//1240 
f 1262//1240 1618//1240 1616//1240 
f 1268//1240 1612//1240 1610//1240 
f 1276//1240 1604//1240 1602//1240 
f 1585//1240 1587//1240 1171//1240 
f 1526//1240 1524//1240 1116//1240 
f 1140//1240 1500//1240 1498//1240 
f 1150//1240 1490//1240 1488//1240 
f 1187//1240 1571//1240 1573//1240 
f 1567//1240 1569//1240 1189//1240 
f 1561//1240 1563//1240 1195//1240 
f 1557//1240 1559//1240 1199//1240 
f 1547//1240 1549//1240 1209//1240 
f 1537//1240 1539//1240 1219//1240 
f 1474//1240 1086//1240 1085//1240 
f 1474//1240 1088//1240 1087//1240 
f 1474//1240 1091//1240 1090//1240 
f 1474//1240 1093//1240 1092//1240 
f 1474//1240 1095//1240 1094//1240 
f 1693//1240 1305//1240 1307//1240 
f 1687//1240 1311//1240 1313//1240 
f 1679//1240 1681//1240 1317//1240 
f 1675//1240 1677//1240 1321//1240 
f 1325//1240 1673//1240 1675//1240 
f 1325//1240 1327//1240 1671//1240 
f 1667//1240 1331//1240 1333//1240 
f 1661//1240 1337//1240 1339//1240 
f 1354//1240 1766//1240 1764//1240 
f 1364//1240 1362//1240 1758//1240 
f 1778//1240 1777//1240 1411//1240 
f 1413//1240 1415//1240 1794//1240 
f 1374//1240 1372//1240 1748//1240 
f 1746//1240 1744//1240 1376//1240 
f 1742//1240 1378//1240 1376//1240 
f 1742//1240 1740//1240 1380//1240 
f 1394//1240 1726//1240 1724//1240 
f 1402//1240 1400//1240 1720//1240 
f 1776//1240 1427//1240 1429//1240 
f 1433//1240 1435//1240 1781//1240 
f 1782//1240 1780//1240 1437//1240 
f 1784//1240 1783//1240 1441//1240 
f 1785//1240 1449//1240 1451//1240 
f 1453//1240 1795//1240 1787//1240 
f 1463//1240 1796//1240 1788//1240 
f 1463//1240 1797//1240 1798//1240 
f 1793//1240 1790//1240 1463//1240 
f 1236//1240 1234//1240 1646//1240 
f 1242//1240 1240//1240 1640//1240 
f 1636//1240 1244//1240 1242//1240 
f 1248//1240 1246//1240 1634//1240 
f 1630//1240 1250//1240 1248//1240 
f 1254//1240 1252//1240 1628//1240 
f 1258//1240 1622//1240 1620//1240 
f 1272//1240 1608//1240 1606//1240 
f 1116//1240 1114//1240 1526//1240 
f 1173//1240 1175//1240 1583//1240 
f 1146//1240 1494//1240 1492//1240 
f 1474//1240 1166//1240 1164//1240 
f 1181//1240 1577//1240 1579//1240 
f 1181//1240 1183//1240 1575//1240 
f 1571//1240 1187//1240 1189//1240 
f 1191//1240 1193//1240 1565//1240 
f 1561//1240 1197//1240 1199//1240 
f 1541//1240 1543//1240 1215//1240 
f 1109//1240 1474//1240 1079//1240 
f 1087//1240 1086//1240 1474//1240 
f 1090//1240 1089//1240 1474//1240 
f 1094//1240 1093//1240 1474//1240 
f 1474//1240 1097//1240 1096//1240 
f 1691//1240 1307//1240 1309//1240 
f 1679//1240 1319//1240 1321//1240 
f 1671//1240 1673//1240 1325//1240 
f 1663//1240 1335//1240 1337//1240 
f 1360//1240 1760//1240 1758//1240 
f 1794//1240 1778//1240 1413//1240 
f 1417//1240 1799//1240 1794//1240 
f 1417//1240 1419//1240 1800//1240 
f 1421//1240 1801//1240 1800//1240 
f 1421//1240 1423//1240 1802//1240 
f 1754//1240 1366//1240 1364//1240 
f 1754//1240 1752//1240 1368//1240 
f 1376//1240 1374//1240 1746//1240 
f 1380//1240 1378//1240 1742//1240 
f 1398//1240 1722//1240 1720//1240 
f 1714//1240 1406//1240 1404//1240 
f 1781//1240 1774//1240 1433//1240 
f 1782//1240 1439//1240 1441//1240 
f 1445//1240 1803//1240 1784//1240 
f 1445//1240 1447//1240 1786//1240 
f 1787//1240 1451//1240 1453//1240 
f 1455//1240 1804//1240 1795//1240 
f 1457//1240 1805//1240 1804//1240 
f 1457//1240 1459//1240 1806//1240 
f 1807//1240 1808//1240 1809//1240 
f 1807//1240 1463//1240 1810//1240 
f 1463//1240 1811//1240 1812//1240 
f 1789//1240 1813//1240 1463//1240 
f 1791//1240 1797//1240 1463//1240 
f 1465//1240 1469//1240 1814//1240 
f 1289//1240 1650//1240 1649//1240 
f 1289//1240 1290//1240 1709//1240 
f 1236//1240 1644//1240 1642//1240 
f 1244//1240 1636//1240 1634//1240 
f 1252//1240 1250//1240 1630//1240 
f 1266//1240 1614//1240 1612//1240 
f 1583//1240 1585//1240 1173//1240 
f 1164//1240 1476//1240 1474//1240 
f 1177//1240 1581//1240 1583//1240 
f 1177//1240 1179//1240 1579//1240 
f 1575//1240 1577//1240 1181//1240 
f 1183//1240 1185//1240 1573//1240 
f 1565//1240 1567//1240 1191//1240 
f 1553//1240 1555//1240 1203//1240 
f 1109//1240 1075//1240 1106//1240 
f 1109//1240 1077//1240 1076//1240 
f 1079//1240 1078//1240 1109//1240 
f 1474//1240 1084//1240 1083//1240 
f 1089//1240 1088//1240 1474//1240 
f 1096//1240 1095//1240 1474//1240 
f 1474//1240 1099//1240 1098//1240 
f 1470//1240 1102//1240 1103//1240 
f 1301//1240 1697//1240 1699//1240 
f 1301//1240 1303//1240 1695//1240 
f 1683//1240 1315//1240 1317//1240 
f 1671//1240 1327//1240 1329//1240 
f 1777//1240 1772//1240 1410//1240 
f 1800//1240 1799//1240 1417//1240 
f 1802//1240 1801//1240 1421//1240 
f 1423//1240 1425//1240 1779//1240 
f 1368//1240 1366//1240 1754//1240 
f 1752//1240 1750//1240 1370//1240 
f 1376//1240 1744//1240 1742//1240 
f 1404//1240 1716//1240 1714//1240 
f 1781//1240 1435//1240 1437//1240 
f 1786//1240 1803//1240 1445//1240 
f 1795//1240 1453//1240 1455//1240 
f 1806//1240 1805//1240 1457//1240 
f 1807//1240 1815//1240 1808//1240 
f 1810//1240 1816//1240 1807//1240 
f 1463//1240 1817//1240 1811//1240 
f 1463//1240 1818//1240 1819//1240 
f 1798//1240 1796//1240 1463//1240 
f 1463//1240 1820//1240 1821//1240 
f 1814//1240 1463//1240 1465//1240 
f 1709//1240 1650//1240 1289//1240 
f 1649//1240 1648//1240 1232//1240 
f 1242//1240 1638//1240 1636//1240 
f 1254//1240 1626//1240 1624//1240 
f 1116//1240 1524//1240 1522//1240 
f 1579//1240 1581//1240 1177//1240 
f 1573//1240 1575//1240 1183//1240 
f 1565//1240 1193//1240 1195//1240 
f 1076//1240 1075//1240 1109//1240 
f 1109//1240 1166//1240 1474//1240 
f 1474//1240 1082//1240 1081//1240 
f 1085//1240 1084//1240 1474//1240 
f 1098//1240 1097//1240 1474//1240 
f 1474//1240 1101//1240 1100//1240 
f 1103//1240 1474//1240 1470//1240 
f 1293//1240 1705//1240 1707//1240 
f 1293//1240 1295//1240 1703//1240 
f 1297//1240 1701//1240 1703//1240 
f 1297//1240 1299//1240 1699//1240 
f 1695//1240 1697//1240 1301//1240 
f 1675//1240 1323//1240 1325//1240 
f 1710//1240 1349//1240 1406//1240 
f 1349//1240 1710//1240 1652//1240 
f 1794//1240 1415//1240 1417//1240 
f 1779//1240 1802//1240 1423//1240 
f 1370//1240 1368//1240 1752//1240 
f 1380//1240 1740//1240 1738//1240 
f 1784//1240 1443//1240 1445//1240 
f 1804//1240 1455//1240 1457//1240 
f 1461//1240 1822//1240 1806//1240 
f 1463//1240 1823//1240 1822//1240 
f 1807//1240 1824//1240 1815//1240 
f 1807//1240 1823//1240 1463//1240 
f 1463//1240 1825//1240 1826//1240 
f 1819//1240 1817//1240 1463//1240 
f 1821//1240 1792//1240 1463//1240 
f 1814//1240 1827//1240 1463//1240 
f 1232//1240 1231//1240 1649//1240 
f 1248//1240 1632//1240 1630//1240 
f 1583//1240 1175//1240 1177//1240 
f 1573//1240 1185//1240 1187//1240 
f 1078//1240 1077//1240 1109//1240 
f 1081//1240 1080//1240 1474//1240 
f 1092//1240 1091//1240 1474//1240 
f 1103//1240 1101//1240 1474//1240 
f 1291//1240 1707//1240 1709//1240 
f 1703//1240 1705//1240 1293//1240 
f 1699//1240 1701//1240 1297//1240 
f 1695//1240 1303//1240 1305//1240 
f 1343//1240 1345//1240 1652//1240 
f 1652//1240 1345//1240 1349//1240 
f 1800//1240 1419//1240 1421//1240 
f 1370//1240 1750//1240 1748//1240 
f 1786//1240 1447//1240 1449//1240 
f 1822//1240 1461//1240 1463//1240 
f 1816//1240 1824//1240 1807//1240 
f 1826//1240 1828//1240 1463//1240 
f 1813//1240 1818//1240 1463//1240 
f 1827//1240 1829//1240 1463//1240 
f 1232//1240 1648//1240 1646//1240 
f 1579//1240 1179//1240 1181//1240 
f 1080//1240 1079//1240 1474//1240 
f 1100//1240 1099//1240 1474//1240 
f 1707//1240 1291//1240 1293//1240 
f 1699//1240 1299//1240 1301//1240 
f 1343//1240 1655//1240 1657//1240 
f 1406//1240 1714//1240 1710//1240 
f 1364//1240 1756//1240 1754//1240 
f 1806//1240 1459//1240 1461//1240 
f 1828//1240 1810//1240 1463//1240 
f 1829//1240 1820//1240 1463//1240 
f 1111//1240 1169//1240 1530//1240 
f 1083//1240 1082//1240 1474//1240 
f 1703//1240 1295//1240 1297//1240 
f 1652//1240 1655//1240 1343//1240 
f 1779//1240 1425//1240 1427//1240 
f 1812//1240 1825//1240 1463//1240 
f 1106//1240 1104//1240 1109//1240 
f 1657//1240 1341//1240 1343//1240 
f 1809//1240 1830//1240 1807//1240 
f 1709//1240 1290//1240 1291//1240 
f 1649//1240 1231//1240 1289//1240 
f 1770//1240 1769//1240 1351//1240 
o mesh46
f 1831//1241 1807//1241 1830//1241 
f 1830//1241 1832//1241 1831//1241 
o mesh47
f 1807//1241 1831//1241 1833//1242 
f 1823//1242 1833//1242 1834//1243 
f 1822//1243 1834//1243 1835//1244 
f 1806//1244 1835//1244 1836//1245 
f 1805//1245 1836//1245 1837//1246 
f 1804//1246 1837//1246 1838//1247 
f 1795//1247 1838//1247 1839//1248 
f 1787//1248 1839//1248 1840//1249 
f 1785//1249 1840//1249 1841//1250 
f 1786//1250 1841//1250 1842//1251 
f 1803//1251 1842//1251 1843//1252 
f 1784//1252 1843//1252 1844//1253 
f 1783//1253 1844//1253 1845//1254 
f 1782//1254 1845//1254 1846//1255 
f 1780//1255 1846//1255 1847//1256 
f 1781//1256 1847//1256 1848//1257 
f 1774//1257 1848//1257 1849//1258 
f 1773//1258 1849//1258 1850//1259 
f 1775//1259 1850//1259 1851//1260 
f 1776//1260 1851//1260 1852//1261 
f 1779//1261 1852//1261 1853//1262 
f 1802//1262 1853//1262 1854//1263 
f 1801//1263 1854//1263 1855//1264 
f 1800//1264 1855//1264 1856//1265 
f 1799//1265 1856//1265 1857//1266 
f 1794//1266 1857//1266 1858//1267 
f 1778//1267 1858//1267 1859//1268 
f 1777//1268 1859//1268 1860//1269 
f 1772//1269 1860//1269 1771//1270 
f 1771//1270 1770//1270 1772//1269 
f 1860//1269 1772//1269 1777//1268 
f 1859//1268 1777//1268 1778//1267 
f 1858//1267 1778//1267 1794//1266 
f 1857//1266 1794//1266 1799//1265 
f 1856//1265 1799//1265 1800//1264 
f 1855//1264 1800//1264 1801//1263 
f 1854//1263 1801//1263 1802//1262 
f 1853//1262 1802//1262 1779//1261 
f 1852//1261 1779//1261 1776//1260 
f 1851//1260 1776//1260 1775//1259 
f 1850//1259 1775//1259 1773//1258 
f 1849//1258 1773//1258 1774//1257 
f 1848//1257 1774//1257 1781//1256 
f 1847//1256 1781//1256 1780//1255 
f 1846//1255 1780//1255 1782//1254 
f 1845//1254 1782//1254 1783//1253 
f 1844//1253 1783//1253 1784//1252 
f 1843//1252 1784//1252 1803//1251 
f 1842//1251 1803//1251 1786//1250 
f 1841//1250 1786//1250 1785//1249 
f 1840//1249 1785//1249 1787//1248 
f 1839//1248 1787//1248 1795//1247 
f 1838//1247 1795//1247 1804//1246 
f 1837//1246 1804//1246 1805//1245 
f 1836//1245 1805//1245 1806//1244 
f 1835//1244 1806//1244 1822//1243 
f 1834//1243 1822//1243 1823//1242 
f 1833//1242 1823//1242 1807//1241 
o mesh48
f 1113//1271 1157//1271 1159//1271 
f 1143//1271 1137//1271 1139//1271 
f 1113//1271 1155//1271 1157//1271 
f 1113//1271 1145//1271 1147//1271 
f 1143//1271 1135//1271 1137//1271 
f 1143//1271 1131//1271 1133//1271 
f 1143//1271 1127//1271 1129//1271 
f 1143//1271 1123//1271 1125//1271 
f 1113//1271 1153//1271 1155//1271 
f 1113//1271 1149//1271 1151//1271 
f 1113//1271 1143//1271 1145//1271 
f 1133//1271 1135//1271 1143//1271 
f 1125//1271 1127//1271 1143//1271 
f 1113//1271 1165//1271 1167//1271 
f 1159//1271 1161//1271 1113//1271 
f 1147//1271 1149//1271 1113//1271 
f 1129//1271 1131//1271 1143//1271 
f 1143//1271 1119//1271 1121//1271 
f 1143//1271 1115//1271 1117//1271 
f 1851//1271 1854//1271 1853//1271 
f 1113//1271 1163//1271 1165//1271 
f 1151//1271 1153//1271 1113//1271 
f 1121//1271 1123//1271 1143//1271 
f 1143//1271 1113//1271 1115//1271 
f 1854//1271 1850//1271 1849//1271 
f 1853//1271 1852//1271 1851//1271 
f 1161//1271 1163//1271 1113//1271 
f 1117//1271 1119//1271 1143//1271 
f 1851//1271 1850//1271 1854//1271 
f 1848//1271 1858//1271 1857//1271 
f 1139//1271 1141//1271 1143//1271 
f 1771//1271 1838//1271 1837//1271 
f 1848//1271 1855//1271 1854//1271 
f 1857//1271 1856//1271 1848//1271 
f 1848//1271 1771//1271 1860//1271 
f 1861//1271 1757//1271 1862//1271 
f 1757//1271 1863//1271 1864//1271 
f 1757//1271 1865//1271 1866//1271 
f 1546//1271 1552//1271 1550//1271 
f 1546//1271 1556//1271 1554//1271 
f 1107//1271 1471//1271 1867//1271 
f 1060//1271 1194//1271 1192//1271 
f 1108//1271 1105//1271 1168//1271 
f 1108//1271 1110//1271 1113//1271 
f 1771//1271 1839//1271 1838//1271 
f 1856//1271 1855//1271 1848//1271 
f 1860//1271 1859//1271 1848//1271 
f 1757//1271 1868//1271 1862//1271 
f 1866//1271 1863//1271 1757//1271 
f 1869//1271 1625//1271 1723//1271 
f 1717//1271 1627//1271 1629//1271 
f 1870//1271 1609//1271 1611//1271 
f 1554//1271 1552//1271 1546//1271 
f 1107//1271 1871//1271 1872//1271 
f 1471//1271 1873//1271 1867//1271 
f 1874//1271 1064//1271 1065//1271 
f 1874//1271 1194//1271 1061//1271 
f 1192//1271 1059//1271 1060//1271 
f 1192//1271 1057//1271 1058//1271 
f 1056//1271 1186//1271 1184//1271 
f 1167//1271 1108//1271 1113//1271 
f 1174//1271 1172//1271 1105//1271 
f 1467//1271 1875//1271 1876//1271 
f 1771//1271 1834//1271 1833//1271 
f 1771//1271 1836//1271 1835//1271 
f 1771//1271 1840//1271 1839//1271 
f 1771//1271 1842//1271 1841//1271 
f 1771//1271 1844//1271 1843//1271 
f 1771//1271 1846//1271 1845//1271 
f 1771//1271 1848//1271 1847//1271 
f 1859//1271 1858//1271 1848//1271 
f 1861//1271 1877//1271 1878//1271 
f 1861//1271 1879//1271 1880//1271 
f 1864//1271 1868//1271 1757//1271 
f 1757//1271 1881//1271 1882//1271 
f 1869//1271 1731//1271 1733//1271 
f 1869//1271 1727//1271 1729//1271 
f 1723//1271 1725//1271 1869//1271 
f 1627//1271 1717//1271 1719//1271 
f 1629//1271 1713//1271 1715//1271 
f 1869//1271 1883//1271 1621//1271 
f 1883//1271 1884//1271 1617//1271 
f 1885//1271 1613//1271 1615//1271 
f 1611//1271 1885//1271 1870//1271 
f 1562//1271 1546//1271 1544//1271 
f 1546//1271 1558//1271 1556//1271 
f 1546//1271 1562//1271 1560//1271 
f 1872//1271 1886//1271 1107//1271 
f 1471//1271 1887//1271 1873//1271 
f 1348//1271 1397//1271 1399//1271 
f 1874//1271 1063//1271 1064//1271 
f 1061//1271 1062//1271 1874//1271 
f 1058//1271 1059//1271 1192//1271 
f 1184//1271 1055//1271 1056//1271 
f 1105//1271 1172//1271 1168//1271 
f 1105//1271 1052//1271 1174//1271 
f 1302//1271 1214//1271 1212//1271 
f 1468//1271 1467//1271 1888//1271 
f 1876//1271 1889//1271 1467//1271 
f 1835//1271 1834//1271 1771//1271 
f 1841//1271 1840//1271 1771//1271 
f 1845//1271 1844//1271 1771//1271 
f 1849//1271 1848//1271 1854//1271 
f 1763//1271 1765//1271 1832//1271 
f 1880//1271 1877//1271 1861//1271 
f 1882//1271 1865//1271 1757//1271 
f 1761//1271 1763//1271 1890//1271 
f 1881//1271 1757//1271 1759//1271 
f 1891//1271 1741//1271 1743//1271 
f 1892//1271 1737//1271 1739//1271 
f 1729//1271 1731//1271 1869//1271 
f 1625//1271 1721//1271 1723//1271 
f 1629//1271 1715//1271 1717//1271 
f 1621//1271 1623//1271 1869//1271 
f 1617//1271 1619//1271 1883//1271 
f 1611//1271 1613//1271 1885//1271 
f 1562//1271 1540//1271 1538//1271 
f 1544//1271 1542//1271 1562//1271 
f 1560//1271 1558//1271 1546//1271 
f 1534//1271 1580//1271 1578//1271 
f 1704//1271 1696//1271 1694//1271 
f 1867//1271 1871//1271 1107//1271 
f 1471//1271 1893//1271 1894//1271 
f 1348//1271 1403//1271 1405//1271 
f 1399//1271 1401//1271 1348//1271 
f 1895//1271 1070//1271 1071//1271 
f 1065//1271 1066//1271 1874//1271 
f 1060//1271 1061//1271 1194//1271 
f 1057//1271 1188//1271 1186//1271 
f 1057//1271 1192//1271 1190//1271 
f 1052//1271 1053//1271 1174//1271 
f 1874//1271 1208//1271 1206//1271 
f 1302//1271 1210//1271 1208//1271 
f 1302//1271 1216//1271 1214//1271 
f 1222//1271 1298//1271 1296//1271 
f 1334//1271 1332//1271 1896//1271 
f 1336//1271 1897//1271 1434//1271 
f 1338//1271 1428//1271 1426//1271 
f 1898//1271 1899//1271 1458//1271 
f 1468//1271 1900//1271 1901//1271 
f 1888//1271 1902//1271 1468//1271 
f 1467//1271 1903//1271 1875//1271 
f 1837//1271 1836//1271 1771//1271 
f 1847//1271 1846//1271 1771//1271 
f 1861//1271 1904//1271 1905//1271 
f 1832//1271 1906//1271 1763//1271 
f 1862//1271 1879//1271 1861//1271 
f 1759//1271 1761//1271 1881//1271 
f 1743//1271 1907//1271 1891//1271 
f 1739//1271 1891//1271 1892//1271 
f 1725//1271 1727//1271 1869//1271 
f 1721//1271 1625//1271 1627//1271 
f 1619//1271 1621//1271 1883//1271 
f 1615//1271 1884//1271 1885//1271 
f 1538//1271 1536//1271 1562//1271 
f 1550//1271 1548//1271 1546//1271 
f 1534//1271 1568//1271 1566//1271 
f 1578//1271 1576//1271 1534//1271 
f 1704//1271 1688//1271 1686//1271 
f 1704//1271 1692//1271 1690//1271 
f 1704//1271 1698//1271 1696//1271 
f 1698//1271 1704//1271 1702//1271 
f 1894//1271 1887//1271 1471//1271 
f 1401//1271 1403//1271 1348//1271 
f 1071//1271 1908//1271 1895//1271 
f 1068//1271 1069//1271 1895//1271 
f 1062//1271 1063//1271 1874//1271 
f 1190//1271 1188//1271 1057//1271 
f 1168//1271 1110//1271 1108//1271 
f 1176//1271 1174//1271 1054//1271 
f 1055//1271 1180//1271 1178//1271 
f 1206//1271 1204//1271 1874//1271 
f 1212//1271 1210//1271 1302//1271 
f 1298//1271 1220//1271 1218//1271 
f 1296//1271 1224//1271 1222//1271 
f 1909//1271 1314//1271 1312//1271 
f 1909//1271 1910//1271 1316//1271 
f 1911//1271 1896//1271 1330//1271 
f 1896//1271 1897//1271 1334//1271 
f 1897//1271 1436//1271 1434//1271 
f 1340//1271 1418//1271 1416//1271 
f 1338//1271 1430//1271 1428//1271 
f 1338//1271 1434//1271 1432//1271 
f 1458//1271 1456//1271 1898//1271 
f 1902//1271 1900//1271 1468//1271 
f 1467//1271 1912//1271 1903//1271 
f 1831//1271 1832//1271 1767//1271 
f 1843//1271 1842//1271 1771//1271 
f 1861//1271 1913//1271 1904//1271 
f 1861//1271 1914//1271 1915//1271 
f 1906//1271 1916//1271 1763//1271 
f 1890//1271 1881//1271 1761//1271 
f 1917//1271 1918//1271 1749//1271 
f 1739//1271 1741//1271 1891//1271 
f 1735//1271 1737//1271 1892//1271 
f 1719//1271 1721//1271 1627//1271 
f 1615//1271 1617//1271 1884//1271 
f 1597//1271 1515//1271 1517//1271 
f 1597//1271 1511//1271 1513//1271 
f 1597//1271 1505//1271 1507//1271 
f 1542//1271 1540//1271 1562//1271 
f 1566//1271 1564//1271 1534//1271 
f 1534//1271 1574//1271 1572//1271 
f 1534//1271 1582//1271 1580//1271 
f 1534//1271 1586//1271 1584//1271 
f 1690//1271 1688//1271 1704//1271 
f 1702//1271 1700//1271 1698//1271 
f 1684//1271 1651//1271 1708//1271 
f 1395//1271 1412//1271 1408//1271 
f 1471//1271 1919//1271 1893//1271 
f 1412//1271 1395//1271 1348//1271 
f 1348//1271 1395//1271 1397//1271 
f 1895//1271 1069//1271 1070//1271 
f 1874//1271 1067//1271 1068//1271 
f 1056//1271 1057//1271 1186//1271 
f 1874//1271 1198//1271 1196//1271 
f 1054//1271 1055//1271 1176//1271 
f 1055//1271 1182//1271 1180//1271 
f 1874//1271 1202//1271 1200//1271 
f 1208//1271 1874//1271 1302//1271 
f 1222//1271 1220//1271 1298//1271 
f 1216//1271 1302//1271 1300//1271 
f 1226//1271 1294//1271 1292//1271 
f 1306//1271 1920//1271 1921//1271 
f 1316//1271 1314//1271 1909//1271 
f 1910//1271 1922//1271 1320//1271 
f 1923//1271 1324//1271 1322//1271 
f 1911//1271 1328//1271 1326//1271 
f 1332//1271 1330//1271 1896//1271 
f 1434//1271 1338//1271 1336//1271 
f 1897//1271 1444//1271 1442//1271 
f 1416//1271 1342//1271 1340//1271 
f 1338//1271 1422//1271 1420//1271 
f 1432//1271 1430//1271 1338//1271 
f 1899//1271 1460//1271 1458//1271 
f 1899//1271 1924//1271 1462//1271 
f 1889//1271 1888//1271 1467//1271 
f 1833//1271 1831//1271 1771//1271 
f 1915//1271 1913//1271 1861//1271 
f 1878//1271 1914//1271 1861//1271 
f 1749//1271 1751//1271 1917//1271 
f 1892//1271 1869//1271 1735//1271 
f 1623//1271 1625//1271 1869//1271 
f 1870//1271 1925//1271 1607//1271 
f 1601//1271 1925//1271 1503//1271 
f 1599//1271 1503//1271 1505//1271 
f 1925//1271 1497//1271 1499//1271 
f 1595//1271 1519//1271 1521//1271 
f 1513//1271 1515//1271 1597//1271 
f 1507//1271 1509//1271 1597//1271 
f 1564//1271 1562//1271 1534//1271 
f 1572//1271 1570//1271 1534//1271 
f 1584//1271 1582//1271 1534//1271 
f 1694//1271 1692//1271 1704//1271 
f 1708//1271 1706//1271 1684//1271 
f 1253//1271 1255//1271 1257//1271 
f 1408//1271 1387//1271 1389//1271 
f 1408//1271 1391//1271 1395//1271 
f 1926//1271 1051//1271 1107//1271 
f 1405//1271 1407//1271 1348//1271 
f 1895//1271 1874//1271 1068//1271 
f 1196//1271 1194//1271 1874//1271 
f 1178//1271 1176//1271 1055//1271 
f 1204//1271 1202//1271 1874//1271 
f 1300//1271 1298//1271 1216//1271 
f 1292//1271 1227//1271 1226//1271 
f 1302//1271 1874//1271 1920//1271 
f 1921//1271 1308//1271 1306//1271 
f 1308//1271 1921//1271 1927//1271 
f 1312//1271 1927//1271 1909//1271 
f 1922//1271 1322//1271 1320//1271 
f 1923//1271 1326//1271 1324//1271 
f 1330//1271 1328//1271 1911//1271 
f 1897//1271 1438//1271 1436//1271 
f 1442//1271 1440//1271 1897//1271 
f 1420//1271 1418//1271 1338//1271 
f 1426//1271 1424//1271 1338//1271 
f 1462//1271 1460//1271 1899//1271 
f 1928//1271 1929//1271 1468//1271 
f 1832//1271 1765//1271 1767//1271 
f 1916//1271 1890//1271 1763//1271 
f 1861//1271 1917//1271 1753//1271 
f 1918//1271 1747//1271 1749//1271 
f 1918//1271 1907//1271 1745//1271 
f 1733//1271 1735//1271 1869//1271 
f 1713//1271 1629//1271 1631//1271 
f 1925//1271 1605//1271 1607//1271 
f 1925//1271 1601//1271 1603//1271 
f 1505//1271 1597//1271 1599//1271 
f 1499//1271 1501//1271 1925//1271 
f 1521//1271 1593//1271 1595//1271 
f 1509//1271 1511//1271 1597//1271 
f 1570//1271 1568//1271 1534//1271 
f 1534//1271 1588//1271 1586//1271 
f 1651//1271 1658//1271 1656//1271 
f 1651//1271 1684//1271 1682//1271 
f 1706//1271 1704//1271 1684//1271 
f 1247//1271 1265//1271 1267//1271 
f 1253//1271 1261//1271 1263//1271 
f 1257//1271 1259//1271 1253//1271 
f 1265//1271 1247//1271 1249//1271 
f 1408//1271 1383//1271 1385//1271 
f 1391//1271 1393//1271 1395//1271 
f 1886//1271 1926//1271 1107//1271 
f 1348//1271 1347//1271 1412//1271 
f 1066//1271 1067//1271 1874//1271 
f 1055//1271 1184//1271 1182//1271 
f 1218//1271 1216//1271 1298//1271 
f 1224//1271 1296//1271 1294//1271 
f 1306//1271 1304//1271 1920//1271 
f 1312//1271 1310//1271 1927//1271 
f 1320//1271 1318//1271 1910//1271 
f 1326//1271 1923//1271 1911//1271 
f 1440//1271 1438//1271 1897//1271 
f 1424//1271 1422//1271 1338//1271 
f 1897//1271 1448//1271 1446//1271 
f 1930//1271 1450//1271 1448//1271 
f 1898//1271 1454//1271 1452//1271 
f 1924//1271 1464//1271 1462//1271 
f 1466//1271 1464//1271 1924//1271 
f 1901//1271 1928//1271 1468//1271 
f 1931//1271 1932//1271 1933//1271 
f 1905//1271 1934//1271 1861//1271 
f 1753//1271 1755//1271 1861//1271 
f 1745//1271 1747//1271 1918//1271 
f 1631//1271 1712//1271 1713//1271 
f 1603//1271 1605//1271 1925//1271 
f 1501//1271 1503//1271 1925//1271 
f 1517//1271 1519//1271 1597//1271 
f 1593//1271 1521//1271 1523//1271 
f 1925//1271 1935//1271 1493//1271 
f 1936//1271 1487//1271 1489//1271 
f 1576//1271 1574//1271 1534//1271 
f 1651//1271 1660//1271 1658//1271 
f 1651//1271 1664//1271 1662//1271 
f 1651//1271 1668//1271 1666//1271 
f 1651//1271 1672//1271 1670//1271 
f 1651//1271 1680//1271 1678//1271 
f 1686//1271 1684//1271 1704//1271 
f 1247//1271 1271//1271 1273//1271 
f 1267//1271 1269//1271 1247//1271 
f 1259//1271 1261//1271 1253//1271 
f 1249//1271 1251//1271 1265//1271 
f 1408//1271 1379//1271 1381//1271 
f 1389//1271 1391//1271 1408//1271 
f 1926//1271 1050//1271 1051//1271 
f 1050//1271 1926//1271 1937//1271 
f 1346//1271 1414//1271 1412//1271 
f 1053//1271 1054//1271 1174//1271 
f 1226//1271 1224//1271 1294//1271 
f 1927//1271 1310//1271 1308//1271 
f 1322//1271 1922//1271 1923//1271 
f 1340//1271 1338//1271 1418//1271 
f 1448//1271 1897//1271 1930//1271 
f 1452//1271 1930//1271 1898//1271 
f 1924//1271 1912//1271 1466//1271 
f 1928//1271 1938//1271 1929//1271 
f 1938//1271 1928//1271 1931//1271 
f 1932//1271 1939//1271 1933//1271 
f 1932//1271 1861//1271 1940//1271 
f 1755//1271 1757//1271 1861//1271 
f 1743//1271 1745//1271 1907//1271 
f 1503//1271 1599//1271 1601//1271 
f 1523//1271 1592//1271 1593//1271 
f 1493//1271 1495//1271 1925//1271 
f 1935//1271 1489//1271 1491//1271 
f 1936//1271 1485//1271 1487//1271 
f 1941//1271 1483//1271 1485//1271 
f 1534//1271 1531//1271 1588//1271 
f 1662//1271 1660//1271 1651//1271 
f 1670//1271 1668//1271 1651//1271 
f 1651//1271 1676//1271 1674//1271 
f 1682//1271 1680//1271 1651//1271 
f 1269//1271 1271//1271 1247//1271 
f 1251//1271 1253//1271 1265//1271 
f 1275//1271 1241//1271 1243//1271 
f 1275//1271 1230//1271 1233//1271 
f 1408//1271 1375//1271 1377//1271 
f 1385//1271 1387//1271 1408//1271 
f 1937//1271 1049//1271 1050//1271 
f 1937//1271 1942//1271 1047//1271 
f 1908//1271 1073//1271 1074//1271 
f 1347//1271 1346//1271 1412//1271 
f 1200//1271 1198//1271 1874//1271 
f 1318//1271 1316//1271 1910//1271 
f 1446//1271 1444//1271 1897//1271 
f 1456//1271 1454//1271 1898//1271 
f 1931//1271 1943//1271 1938//1271 
f 1933//1271 1944//1271 1931//1271 
f 1940//1271 1945//1271 1932//1271 
f 1751//1271 1753//1271 1917//1271 
f 1595//1271 1597//1271 1519//1271 
f 1491//1271 1493//1271 1935//1271 
f 1485//1271 1936//1271 1941//1271 
f 1536//1271 1534//1271 1562//1271 
f 1533//1271 1591//1271 1527//1271 
f 1666//1271 1664//1271 1651//1271 
f 1678//1271 1676//1271 1651//1271 
f 1230//1271 1275//1271 1277//1271 
f 1263//1271 1265//1271 1253//1271 
f 1243//1271 1245//1271 1275//1271 
f 1275//1271 1237//1271 1239//1271 
f 1233//1271 1235//1271 1275//1271 
f 1408//1271 1371//1271 1373//1271 
f 1381//1271 1383//1271 1408//1271 
f 1937//1271 1048//1271 1049//1271 
f 1942//1271 1046//1271 1047//1271 
f 1908//1271 1072//1271 1073//1271 
f 1344//1271 1416//1271 1414//1271 
f 1920//1271 1304//1271 1302//1271 
f 1452//1271 1450//1271 1930//1271 
f 1944//1271 1943//1271 1931//1271 
f 1861//1271 1934//1271 1940//1271 
f 1607//1271 1609//1271 1870//1271 
f 1489//1271 1935//1271 1936//1271 
f 1527//1271 1531//1271 1533//1271 
f 1592//1271 1525//1271 1527//1271 
f 1674//1271 1672//1271 1651//1271 
f 1230//1271 1281//1271 1283//1271 
f 1277//1271 1279//1271 1230//1271 
f 1245//1271 1247//1271 1275//1271 
f 1235//1271 1237//1271 1275//1271 
f 1941//1271 1946//1271 1479//1271 
f 1350//1271 1357//1271 1359//1271 
f 1357//1271 1350//1271 1353//1271 
f 1408//1271 1363//1271 1365//1271 
f 1408//1271 1367//1271 1369//1271 
f 1377//1271 1379//1271 1408//1271 
f 1047//1271 1048//1271 1937//1271 
f 1074//1271 1942//1271 1908//1271 
f 1346//1271 1344//1271 1414//1271 
f 1336//1271 1334//1271 1897//1271 
f 1945//1271 1939//1271 1932//1271 
f 1495//1271 1497//1271 1925//1271 
f 1527//1271 1591//1271 1592//1271 
f 1656//1271 1654//1271 1651//1271 
f 1651//1271 1653//1271 1711//1271 
f 1279//1271 1281//1271 1230//1271 
f 1239//1271 1241//1271 1275//1271 
f 1479//1271 1481//1271 1941//1271 
f 1946//1271 1947//1271 1475//1271 
f 1353//1271 1355//1271 1357//1271 
f 1408//1271 1361//1271 1363//1271 
f 1373//1271 1375//1271 1408//1271 
f 1074//1271 1046//1271 1942//1271 
f 1071//1271 1072//1271 1908//1271 
f 1767//1271 1771//1271 1831//1271 
f 1592//1271 1523//1271 1525//1271 
f 1711//1271 1647//1271 1651//1271 
f 1712//1271 1645//1271 1647//1271 
f 1230//1271 1285//1271 1287//1271 
f 1273//1271 1275//1271 1247//1271 
f 1946//1271 1477//1271 1479//1271 
f 1947//1271 1473//1271 1475//1271 
f 1361//1271 1408//1271 1350//1271 
f 1369//1271 1371//1271 1408//1271 
f 1344//1271 1342//1271 1416//1271 
f 1534//1271 1533//1271 1531//1271 
f 1647//1271 1711//1271 1712//1271 
f 1712//1271 1637//1271 1639//1271 
f 1228//1271 1227//1271 1288//1271 
f 1283//1271 1285//1271 1230//1271 
f 1475//1271 1477//1271 1946//1271 
f 1472//1271 1473//1271 1947//1271 
f 1365//1271 1367//1271 1408//1271 
f 1467//1271 1466//1271 1912//1271 
f 1712//1271 1643//1271 1645//1271 
f 1712//1271 1635//1271 1637//1271 
f 1287//1271 1228//1271 1230//1271 
f 1947//1271 1919//1271 1472//1271 
f 1471//1271 1472//1271 1919//1271 
f 1712//1271 1641//1271 1643//1271 
f 1712//1271 1633//1271 1635//1271 
f 1227//1271 1292//1271 1288//1271 
f 1359//1271 1361//1271 1350//1271 
f 1639//1271 1641//1271 1712//1271 
f 1481//1271 1483//1271 1941//1271 
f 1712//1271 1631//1271 1633//1271 
f 1654//1271 1653//1271 1651//1271 
f 1288//1271 1230//1271 1228//1271 
o mesh49
f 1948//1272 1898//1272 1930//1273 
f 1949//1273 1930//1273 1897//1274 
f 1950//1274 1897//1274 1896//1275 
f 1951//1275 1896//1275 1911//1276 
f 1952//1276 1911//1276 1923//1277 
f 1953//1277 1923//1277 1922//1278 
f 1954//1278 1922//1278 1910//1279 
f 1955//1279 1910//1279 1909//1280 
f 1956//1280 1909//1280 1927//1281 
f 1957//1281 1927//1281 1921//1282 
f 1958//1282 1921//1282 1920//1283 
f 1959//1283 1920//1283 1874//1284 
f 1960//1284 1874//1284 1895//1285 
f 1961//1285 1895//1285 1908//1286 
f 1962//1286 1908//1286 1942//1287 
f 1963//1287 1942//1287 1937//1288 
f 1964//1288 1937//1288 1926//1289 
f 1965//1289 1926//1289 1886//1290 
f 1966//1290 1886//1290 1872//1291 
f 1967//1291 1872//1291 1871//1292 
f 1968//1292 1871//1292 1867//1293 
f 1969//1293 1867//1293 1873//1294 
f 1970//1294 1873//1294 1887//1295 
f 1971//1295 1887//1295 1894//1296 
f 1972//1296 1894//1296 1893//1297 
f 1973//1297 1893//1297 1919//1298 
f 1974//1298 1919//1298 1947//1299 
f 1975//1299 1947//1299 1946//1300 
f 1976//1300 1946//1300 1941//1301 
f 1977//1301 1941//1301 1936//1302 
f 1978//1302 1936//1302 1935//1303 
f 1979//1303 1935//1303 1925//1304 
f 1980//1304 1925//1304 1870//1305 
f 1981//1305 1870//1305 1885//1306 
f 1982//1306 1885//1306 1884//1307 
f 1983//1307 1884//1307 1883//1308 
f 1984//1308 1883//1308 1869//1309 
f 1985//1309 1869//1309 1892//1310 
f 1986//1310 1892//1310 1891//1311 
f 1987//1311 1891//1311 1907//1312 
f 1988//1312 1907//1312 1918//1313 
f 1989//1313 1918//1313 1917//1314 
f 1990//1314 1917//1314 1861//1315 
f 1991//1315 1861//1315 1932//1316 
f 1992//1316 1932//1316 1931//1317 
f 1993//1317 1931//1317 1928//1318 
f 1994//1318 1928//1318 1901//1319 
f 1995//1319 1901//1319 1900//1320 
f 1996//1320 1900//1320 1902//1321 
f 1997//1321 1902//1321 1888//1322 
f 1998//1322 1888//1322 1889//1323 
f 1999//1323 1889//1323 1876//1324 
f 2000//1324 1876//1324 1875//1325 
f 2001//1325 1875//1325 1903//1326 
f 2002//1326 1903//1326 1912//1327 
f 2003//1327 1912//1327 1924//1328 
f 2004//1328 1924//1328 1899//1329 
f 2005//1329 1899//1329 1898//1272 
f 1898//1272 1948//1272 2005//1329 
f 1899//1329 2005//1329 2004//1328 
f 1924//1328 2004//1328 2003//1327 
f 1912//1327 2003//1327 2002//1326 
f 1903//1326 2002//1326 2001//1325 
f 1875//1325 2001//1325 2000//1324 
f 1876//1324 2000//1324 1999//1323 
f 1889//1323 1999//1323 1998//1322 
f 1888//1322 1998//1322 1997//1321 
f 1902//1321 1997//1321 1996//1320 
f 1900//1320 1996//1320 1995//1319 
f 1901//1319 1995//1319 1994//1318 
f 1928//1318 1994//1318 1993//1317 
f 1931//1317 1993//1317 1992//1316 
f 1932//1316 1992//1316 1991//1315 
f 1861//1315 1991//1315 1990//1314 
f 1917//1314 1990//1314 1989//1313 
f 1918//1313 1989//1313 1988//1312 
f 1907//1312 1988//1312 1987//1311 
f 1891//1311 1987//1311 1986//1310 
f 1892//1310 1986//1310 1985//1309 
f 1869//1309 1985//1309 1984//1308 
f 1883//1308 1984//1308 1983//1307 
f 1884//1307 1983//1307 1982//1306 
f 1885//1306 1982//1306 1981//1305 
f 1870//1305 1981//1305 1980//1304 
f 1925//1304 1980//1304 1979//1303 
f 1935//1303 1979//1303 1978//1302 
f 1936//1302 1978//1302 1977//1301 
f 1941//1301 1977//1301 1976//1300 
f 1946//1300 1976//1300 1975//1299 
f 1947//1299 1975//1299 1974//1298 
f 1919//1298 1974//1298 1973//1297 
f 1893//1297 1973//1297 1972//1296 
f 1894//1296 1972//1296 1971//1295 
f 1887//1295 1971//1295 1970//1294 
f 1873//1294 1970//1294 1969//1293 
f 1867//1293 1969//1293 1968//1292 
f 1871//1292 1968//1292 1967//1291 
f 1872//1291 1967//1291 1966//1290 
f 1886//1290 1966//1290 1965//1289 
f 1926//1289 1965//1289 1964//1288 
f 1937//1288 1964//1288 1963//1287 
f 1942//1287 1963//1287 1962//1286 
f 1908//1286 1962//1286 1961//1285 
f 1895//1285 1961//1285 1960//1284 
f 1874//1284 1960//1284 1959//1283 
f 1920//1283 1959//1283 1958//1282 
f 1921//1282 1958//1282 1957//1281 
f 1927//1281 1957//1281 1956//1280 
f 1909//1280 1956//1280 1955//1279 
f 1910//1279 1955//1279 1954//1278 
f 1922//1278 1954//1278 1953//1277 
f 1923//1277 1953//1277 1952//1276 
f 1911//1276 1952//1276 1951//1275 
f 1896//1275 1951//1275 1950//1274 
f 1897//1274 1950//1274 1949//1273 
f 1930//1273 1949//1273 1948//1272 
o mesh50
f 2006//1330 1991//1330 1992//1330 
f 2006//1330 2007//1330 1990//1330 
f 2007//1330 2008//1330 1989//1330 
f 2009//1330 1988//1330 1989//1330 
f 1990//1330 1991//1330 2006//1330 
f 1989//1330 2008//1330 2009//1330 
f 2010//1330 2011//1330 1994//1330 
f 2011//1330 2012//1330 1993//1330 
f 1989//1330 1990//1330 2007//1330 
f 2013//1330 1987//1330 1988//1330 
f 2014//1330 1971//1330 1972//1330 
f 2014//1330 2015//1330 1970//1330 
f 2016//1330 1996//1330 1997//1330 
f 2010//1330 1995//1330 1996//1330 
f 1993//1330 1994//1330 2011//1330 
f 2012//1330 2017//1330 1992//1330 
f 1988//1330 2009//1330 2013//1330 
f 2018//1330 1986//1330 1987//1330 
f 2019//1330 1985//1330 1986//1330 
f 2019//1330 2020//1330 1984//1330 
f 2021//1330 2022//1330 1976//1330 
f 2022//1330 2023//1330 1975//1330 
f 2024//1330 1973//1330 1974//1330 
f 2024//1330 2025//1330 1972//1330 
f 1970//1330 1971//1330 2014//1330 
f 2015//1330 2026//1330 1969//1330 
f 2027//1330 2028//1330 1965//1330 
f 2028//1330 2029//1330 1964//1330 
f 2030//1330 1955//1330 1956//1330 
f 2030//1330 2031//1330 1954//1330 
f 1996//1330 2016//1330 2010//1330 
f 1992//1330 1993//1330 2012//1330 
f 1987//1330 2013//1330 2018//1330 
f 1984//1330 1985//1330 2019//1330 
f 1975//1330 1976//1330 2022//1330 
f 2023//1330 2032//1330 1974//1330 
f 1972//1330 1973//1330 2024//1330 
f 1969//1330 1970//1330 2015//1330 
f 2033//1330 1968//1330 1969//1330 
f 2033//1330 2034//1330 1967//1330 
f 2027//1330 1966//1330 1967//1330 
f 1964//1330 1965//1330 2028//1330 
f 2029//1330 2035//1330 1963//1330 
f 2035//1330 2036//1330 1962//1330 
f 2037//1330 1959//1330 1960//1330 
f 2037//1330 2038//1330 1958//1330 
f 2039//1330 1957//1330 1958//1330 
f 2039//1330 2040//1330 1956//1330 
f 1954//1330 1955//1330 2030//1330 
f 2031//1330 2041//1330 1953//1330 
f 2041//1330 2042//1330 1952//1330 
f 2042//1330 2043//1330 1951//1330 
f 2044//1330 2045//1330 2002//1330 
f 2045//1330 2046//1330 2001//1330 
f 1994//1330 1995//1330 2010//1330 
f 1986//1330 2018//1330 2019//1330 
f 1974//1330 1975//1330 2023//1330 
f 1972//1330 2025//1330 2014//1330 
f 1967//1330 1968//1330 2033//1330 
f 1965//1330 1966//1330 2027//1330 
f 1962//1330 1963//1330 2035//1330 
f 2036//1330 2047//1330 1961//1330 
f 1958//1330 1959//1330 2037//1330 
f 1956//1330 1957//1330 2039//1330 
f 1953//1330 1954//1330 2031//1330 
f 1951//1330 1952//1330 2042//1330 
f 2048//1330 2004//1330 2005//1330 
f 2048//1330 2044//1330 2003//1330 
f 2001//1330 2002//1330 2045//1330 
f 2046//1330 2049//1330 2000//1330 
f 1992//1330 2017//1330 2006//1330 
f 2020//1330 2050//1330 1983//1330 
f 2051//1330 1982//1330 1983//1330 
f 2051//1330 2052//1330 1981//1330 
f 1974//1330 2032//1330 2024//1330 
f 1967//1330 2034//1330 2027//1330 
f 1961//1330 1962//1330 2036//1330 
f 2047//1330 2053//1330 1960//1330 
f 1958//1330 2038//1330 2039//1330 
f 1952//1330 1953//1330 2041//1330 
f 2054//1330 1950//1330 1951//1330 
f 2054//1330 2055//1330 1949//1330 
f 2056//1330 1948//1330 1949//1330 
f 2056//1330 2057//1330 2005//1330 
f 2003//1330 2004//1330 2048//1330 
f 2000//1330 2001//1330 2046//1330 
f 2058//1330 2059//1330 1998//1330 
f 2059//1330 2060//1330 1997//1330 
f 1983//1330 1984//1330 2020//1330 
f 1981//1330 1982//1330 2051//1330 
f 1969//1330 2026//1330 2033//1330 
f 1960//1330 1961//1330 2047//1330 
f 1956//1330 2040//1330 2030//1330 
f 1949//1330 1950//1330 2054//1330 
f 2005//1330 1948//1330 2056//1330 
f 2002//1330 2003//1330 2044//1330 
f 2049//1330 2058//1330 1999//1330 
f 1997//1330 1998//1330 2059//1330 
f 1983//1330 2050//1330 2051//1330 
f 2061//1330 1980//1330 1981//1330 
f 2062//1330 1979//1330 1980//1330 
f 2062//1330 2063//1330 1978//1330 
f 1963//1330 1964//1330 2029//1330 
f 1951//1330 2043//1330 2054//1330 
f 2005//1330 2057//1330 2048//1330 
f 1998//1330 1999//1330 2058//1330 
f 1981//1330 2052//1330 2061//1330 
f 1978//1330 1979//1330 2062//1330 
f 1960//1330 2053//1330 2037//1330 
f 1999//1330 2000//1330 2049//1330 
f 1980//1330 2061//1330 2062//1330 
f 2021//1330 1977//1330 1978//1330 
f 1949//1330 2055//1330 2056//1330 
f 1978//1330 2063//1330 2021//1330 
f 1997//1330 2060//1330 2016//1330 
f 1976//1330 1977//1330 2021//1330 
o mesh51
f 2064//1331 2065//1332 2066//1333 
f 2064//1331 2067//1334 2068//1335 
f 2067//1334 2069//1334 2068//1335 
f 2070//1336 2071//1336 2072//1337 
f 2072//1337 2067//1334 2070//1336 
f 2073//1338 2074//1339 2071//1336 
f 2073//1338 2075//1340 2074//1339 
f 2073//1338 2076//1341 2077//1342 
f 2076//1341 2078//1341 2077//1342 
f 2079//1343 2080//1344 2078//1341 
f 2079//1343 2081//1343 2080//1344 
f 2082//1345 2083//1345 2081//1343 
f 2084//1346 2085//1347 2083//1345 
f 2084//1346 2086//1346 2085//1347 
f 2087//1348 2088//1348 2086//1346 
f 2089//1349 2090//1350 2088//1348 
f 2089//1349 2091//1349 2090//1350 
f 2092//1351 2093//1352 2091//1349 
f 2092//1351 2094//1351 2093//1352 
f 2095//1353 2096//1354 2094//1351 
f 2095//1353 2097//1353 2096//1354 
f 2098//1355 2099//1356 2097//1353 
f 2098//1355 2100//1355 2099//1356 
f 2101//1357 2102//1358 2100//1355 
f 2101//1357 2103//1357 2102//1358 
f 2104//1359 2105//1360 1916//1360 
f 2105//1360 2106//1361 1890//1361 
f 2106//1361 2107//1362 1881//1362 
f 2107//1362 2108//1363 1882//1363 
f 2108//1363 2109//1364 1865//1364 
f 2109//1364 2110//1365 1866//1365 
f 2110//1365 2111//1366 1863//1366 
f 2111//1366 2112//1367 1864//1367 
f 2112//1367 2113//1368 1868//1368 
f 2113//1368 2114//1369 1862//1369 
f 2114//1369 2115//1370 1879//1370 
f 2115//1370 2116//1371 1880//1371 
f 2116//1371 2117//1372 1877//1372 
f 2117//1372 2118//1373 1878//1373 
f 2118//1373 2119//1374 1914//1374 
f 2119//1374 2120//1375 1915//1375 
f 2120//1375 2121//1376 1913//1376 
f 2121//1376 2122//1377 1904//1377 
f 2122//1377 2123//1378 1905//1378 
f 2123//1378 2124//1379 1934//1379 
f 2124//1379 2125//1380 1940//1380 
f 2126//1381 2127//1382 2128//1383 
f 2126//1381 2129//1384 2130//1385 
f 2130//1385 2131//1386 2126//1381 
f 2132//1387 2131//1386 2133//1388 
f 2131//1386 2134//1389 2133//1388 
f 2135//1390 2132//1387 2136//1391 
f 2136//1391 2137//1392 2135//1390 
f 2135//1390 2138//1393 2139//1394 
f 2139//1394 2140//1395 2135//1390 
f 2141//1396 2140//1395 2142//1397 
f 2142//1397 2143//1398 2141//1396 
f 2144//1399 2141//1396 2145//1400 
f 2146//1401 2144//1399 2147//1402 
f 2147//1402 2148//1403 2146//1401 
f 2149//1404 2146//1401 2150//1405 
f 2151//1406 2149//1404 2152//1407 
f 2152//1407 2153//1408 2151//1406 
f 2154//1409 2151//1406 2155//1410 
f 2155//1410 2156//1411 2154//1409 
f 2157//1412 2154//1409 2158//1413 
f 2158//1413 2159//1414 2157//1412 
f 2160//1415 2157//1412 2161//1416 
f 2161//1416 2162//1417 2160//1415 
f 2163//1418 2160//1415 2164//1419 
f 2164//1419 2165//1420 2163//1418 
f 1940//1380 2166//1421 2167//1422 
f 2125//1380 2168//1421 2166//1421 
f 2163//1418 2169//1422 2168//1421 
f 2168//1421 2125//1380 2163//1418 
f 2166//1421 1940//1380 2125//1380 
f 1945//1422 2170//1423 2171//1424 
f 1945//1422 2167//1422 2170//1423 
f 1939//1424 2172//1425 2173//1426 
f 1939//1424 2171//1424 2172//1425 
f 1933//1426 2174//1427 2175//1428 
f 1933//1426 2173//1426 2174//1427 
f 1944//1428 2176//1429 2177//1430 
f 1944//1428 2175//1428 2176//1429 
f 1943//1430 2178//1431 2179//1432 
f 1943//1430 2177//1430 2178//1431 
f 1938//1432 2179//1432 2180//1433 
f 2104//1359 1906//1434 1830//1435 
f 1830//1435 2181//1436 2104//1359 
f 1906//1434 1832//1435 1830//1435 
f 2182//1437 2181//1436 1809//1436 
f 2183//1438 2182//1437 1808//1437 
f 2184//1439 2183//1438 1815//1438 
f 2185//1440 2184//1439 1824//1439 
f 2186//1441 2185//1440 1816//1440 
f 2187//1442 2186//1441 1810//1441 
f 2101//1357 2187//1442 2188//1443 
f 2187//1442 1828//1442 2189//1443 
f 1828//1442 1826//1444 2190//1444 
f 2190//1444 2189//1443 1828//1442 
f 2189//1443 2188//1443 2187//1442 
f 1826//1444 1825//1445 2191//1445 
f 2191//1445 2192//1446 1826//1444 
f 1825//1445 1812//1447 2193//1448 
f 2193//1448 2194//1449 1825//1445 
f 1812//1447 1811//1450 2195//1450 
f 2195//1450 2196//1451 1812//1447 
f 1811//1450 1817//1452 2197//1452 
f 2197//1452 2198//1453 1811//1450 
f 1817//1452 1819//1454 2199//1454 
f 2199//1454 2200//1455 1817//1452 
f 1819//1454 1818//1456 2201//1456 
f 1818//1456 1813//1457 2202//1457 
f 2202//1457 2203//1458 1818//1456 
f 1813//1457 1789//1459 2204//1459 
f 1789//1459 1788//1460 2205//1461 
f 2205//1461 2206//1462 1789//1459 
f 1788//1460 1796//1463 2207//1463 
f 2207//1463 2208//1464 1788//1460 
f 1796//1463 1798//1465 2209//1465 
f 2209//1465 2210//1466 1796//1463 
f 1798//1465 1797//1467 2211//1468 
f 2211//1468 2212//1469 1798//1465 
f 1797//1467 1791//1470 2213//1470 
f 2213//1470 2214//1471 1797//1467 
f 1791//1470 1790//1472 2215//1472 
f 2215//1472 2216//1473 1791//1470 
f 1793//1474 2217//1475 2218//1476 
f 2218//1476 1790//1472 1793//1474 
f 1792//1477 2219//1478 2217//1475 
f 1792//1477 2220//1477 2219//1478 
f 1821//1479 2221//1480 2220//1477 
f 1821//1479 2222//1479 2221//1480 
f 1820//1481 2223//1482 2224//1483 
f 2224//1483 1821//1479 1820//1481 
f 1829//1484 2225//1485 2223//1482 
f 1829//1484 2226//1484 2225//1485 
f 1827//1486 2227//1487 2226//1484 
f 1827//1486 2228//1486 2227//1487 
f 1814//1488 2229//1488 2228//1486 
f 1929//1489 2180//1433 1469//1490 
f 1469//1490 2230//1491 2229//1488 
f 1469//1490 2180//1433 2230//1491 
f 2229//1488 1814//1488 1469//1490 
f 1469//1490 1468//1490 1929//1489 
f 2228//1486 1827//1486 1814//1488 
f 2226//1484 1829//1484 1827//1486 
f 2223//1482 1820//1481 1829//1484 
f 2224//1483 2222//1479 1821//1479 
f 2220//1477 1792//1477 1821//1479 
f 2217//1475 1793//1474 1792//1477 
f 2218//1476 2215//1472 1790//1472 
f 2216//1473 2213//1470 1791//1470 
f 2214//1471 2211//1468 1797//1467 
f 2212//1469 2209//1465 1798//1465 
f 2210//1466 2207//1463 1796//1463 
f 2208//1464 2205//1461 1788//1460 
f 2206//1462 2204//1459 1789//1459 
f 2204//1459 2202//1457 1813//1457 
f 2203//1458 2201//1456 1818//1456 
f 2201//1456 2199//1454 1819//1454 
f 2200//1455 2197//1452 1817//1452 
f 2198//1453 2195//1450 1811//1450 
f 2196//1451 2193//1448 1812//1447 
f 2194//1449 2191//1445 1825//1445 
f 2192//1446 2190//1444 1826//1444 
f 2188//1443 2103//1357 2101//1357 
f 1810//1441 1828//1442 2187//1442 
f 1816//1440 1810//1441 2186//1441 
f 1824//1439 1816//1440 2185//1440 
f 1815//1438 1824//1439 2184//1439 
f 1808//1437 1815//1438 2183//1438 
f 1809//1436 1808//1437 2182//1437 
f 1830//1435 1809//1436 2181//1436 
f 2180//1433 1929//1489 1938//1432 
f 2179//1432 1938//1432 1943//1430 
f 2177//1430 1943//1430 1944//1428 
f 2175//1428 1944//1428 1933//1426 
f 2173//1426 1933//1426 1939//1424 
f 2171//1424 1939//1424 1945//1422 
f 2167//1422 1945//1422 1940//1380 
f 2165//1420 2169//1422 2163//1418 
f 2162//1417 2164//1419 2160//1415 
f 2159//1414 2161//1416 2157//1412 
f 2156//1411 2158//1413 2154//1409 
f 2153//1408 2155//1410 2151//1406 
f 2150//1405 2152//1407 2149//1404 
f 2148//1403 2150//1405 2146//1401 
f 2145//1400 2147//1402 2144//1399 
f 2143//1398 2145//1400 2141//1396 
f 2139//1394 2142//1397 2140//1395 
f 2137//1392 2138//1393 2135//1390 
f 2133//1388 2136//1391 2132//1387 
f 2130//1385 2134//1389 2131//1386 
f 2128//1383 2129//1384 2126//1381 
f 1940//1380 1934//1379 2124//1379 
f 1934//1379 1905//1378 2123//1378 
f 1905//1378 1904//1377 2122//1377 
f 1904//1377 1913//1376 2121//1376 
f 1913//1376 1915//1375 2120//1375 
f 1915//1375 1914//1374 2119//1374 
f 1914//1374 1878//1373 2118//1373 
f 1878//1373 1877//1372 2117//1372 
f 1877//1372 1880//1371 2116//1371 
f 1880//1371 1879//1370 2115//1370 
f 1879//1370 1862//1369 2114//1369 
f 1862//1369 1868//1368 2113//1368 
f 1868//1368 1864//1367 2112//1367 
f 1864//1367 1863//1366 2111//1366 
f 1863//1366 1866//1365 2110//1365 
f 1866//1365 1865//1364 2109//1364 
f 1865//1364 1882//1363 2108//1363 
f 1882//1363 1881//1362 2107//1362 
f 1881//1362 1890//1361 2106//1361 
f 1890//1361 1916//1360 2105//1360 
f 1916//1360 1906//1434 2104//1359 
f 2100//1355 2098//1355 2101//1357 
f 2097//1353 2095//1353 2098//1355 
f 2094//1351 2092//1351 2095//1353 
f 2091//1349 2089//1349 2092//1351 
f 2088//1348 2087//1348 2089//1349 
f 2086//1346 2084//1346 2087//1348 
f 2083//1345 2082//1345 2084//1346 
f 2081//1343 2079//1343 2082//1345 
f 2078//1341 2076//1341 2079//1343 
f 2077//1342 2075//1340 2073//1338 
f 2071//1336 2070//1336 2073//1338 
f 2072//1337 2069//1334 2067//1334 
f 2068//1335 2065//1332 2064//1331 
f 2066//1333 2231//1492 2064//1331 
o mesh52
f 2232//1493 2233//1494 805//1494 
f 2234//1495 2232//1493 806//1496 
f 2235//1497 2234//1495 807//1498 
f 2236//1499 2235//1497 815//1500 
f 2237//1501 2236//1499 822//1502 
f 2238//1503 2237//1501 828//1504 
f 2239//1505 2238//1503 829//1506 
f 2240//1507 2241//1508 832//1508 
f 2242//1509 2240//1507 795//1510 
f 2243//1511 2242//1509 796//1512 
f 2244//1513 2243//1511 797//1514 
f 2245//1515 2244//1513 798//1516 
f 2246//1517 2245//1515 789//1518 
f 2247//1519 2246//1517 790//1520 
f 2248//1521 2247//1519 791//1522 
f 2249//1523 2248//1521 792//1524 
f 2250//1525 2249//1523 793//1526 
f 2251//1527 2250//1525 794//1528 
f 2252//1529 2251//1527 799//1530 
f 2253//1531 2252//1529 817//1532 
f 2254//1533 2253//1531 818//1534 
f 2255//1535 2256//1536 813//1536 
f 2257//1537 2255//1535 820//1538 
f 2258//1539 2257//1537 827//1540 
f 2259//1541 2258//1539 821//1542 
f 2260//1543 2259//1541 814//1544 
f 2261//1545 2260//1543 804//1546 
f 2233//1494 2261//1545 803//1545 
f 832//1508 2241//1508 2194//1547 
f 2241//1508 2191//1548 2194//1547 
f 2241//1508 2190//1549 2192//1550 
f 2241//1508 2189//1551 2190//1549 
f 2192//1550 2191//1548 2241//1508 
f 831//1552 2195//1553 2198//1554 
f 831//1552 2196//1555 2195//1553 
f 2198//1554 2197//1556 831//1552 
f 830//1557 2194//1547 2193//1558 
f 2193//1558 831//1552 830//1557 
f 2193//1558 2196//1555 831//1552 
f 843//1559 2199//1560 2201//1561 
f 831//1552 2200//1562 2199//1560 
f 2199//1560 843//1559 831//1552 
f 842//1563 2202//1564 2204//1565 
f 843//1559 2203//1566 2202//1564 
f 2202//1564 842//1563 843//1559 
f 841//1567 2208//1568 2207//1569 
f 842//1563 2206//1570 2205//1571 
f 2205//1571 841//1567 842//1563 
f 2205//1571 2208//1568 841//1567 
f 841//1567 2210//1572 2209//1573 
f 2209//1573 846//1574 841//1567 
f 845//1575 2214//1576 2213//1577 
f 846//1574 2212//1578 2211//1579 
f 2211//1579 845//1575 846//1574 
f 2211//1579 2214//1576 845//1575 
f 845//1575 2216//1580 2215//1581 
f 2215//1581 844//1582 845//1575 
f 838//1583 2219//1584 2220//1585 
f 838//1583 844//1582 2218//1586 
f 2218//1586 2217//1587 838//1583 
f 2217//1587 2219//1584 838//1583 
f 837//1588 838//1583 2221//1589 
f 2221//1589 2222//1590 837//1588 
f 840//1591 837//1588 2224//1592 
f 2224//1592 2223//1593 840//1591 
f 2223//1593 2225//1594 840//1591 
f 2225//1594 2226//1595 840//1591 
f 809//1596 840//1591 2227//1597 
f 2227//1597 2228//1598 809//1596 
f 2228//1598 2229//1599 809//1596 
f 808//1600 809//1596 2230//1601 
f 2230//1601 2180//1602 808//1600 
f 2180//1602 2179//1603 808//1600 
f 816//1604 2174//1605 2173//1606 
f 816//1604 2177//1607 2176//1608 
f 2176//1608 2175//1609 816//1604 
f 2175//1609 2174//1605 816//1604 
f 816//1604 808//1600 2178//1610 
f 2178//1610 2177//1607 816//1604 
f 2239//1505 2171//1611 2170//1612 
f 2170//1612 2167//1613 2239//1505 
f 823//1614 816//1604 2172//1615 
f 2172//1615 2239//1505 823//1614 
f 2172//1615 2171//1611 2239//1505 
f 813//1536 2256//1536 2162//1616 
f 2256//1536 2164//1617 2162//1616 
f 2256//1536 2169//1618 2165//1619 
f 2256//1536 2168//1620 2169//1618 
f 2165//1619 2164//1617 2256//1536 
f 800//1621 2158//1622 2156//1623 
f 800//1621 2159//1624 2158//1622 
f 2156//1623 2155//1625 800//1621 
f 802//1626 2162//1616 2161//1627 
f 2161//1627 800//1621 802//1626 
f 2161//1627 2159//1624 800//1621 
f 801//1628 2152//1629 2150//1630 
f 800//1621 2153//1631 2152//1629 
f 2152//1629 801//1628 800//1621 
f 839//1632 2147//1633 2145//1634 
f 801//1628 2148//1635 2147//1633 
f 2147//1633 839//1632 801//1628 
f 836//1636 2139//1637 2138//1638 
f 839//1632 2142//1639 2139//1637 
f 839//1632 2143//1640 2142//1639 
f 2139//1637 836//1636 839//1632 
f 836//1636 2137//1641 2136//1642 
f 2136//1642 834//1643 836//1636 
f 835//1644 2130//1645 2129//1646 
f 834//1643 2133//1647 2134//1648 
f 2134//1648 835//1644 834//1643 
f 2134//1648 2130//1645 835//1644 
f 826//1649 2262//1650 2231//1651 
f 835//1644 2128//1652 2127//1653 
f 2127//1653 826//1649 835//1644 
f 2127//1653 2262//1650 826//1649 
f 824//1654 2068//1655 2069//1656 
f 824//1654 826//1649 2066//1657 
f 2066//1657 2065//1658 824//1654 
f 2065//1658 2068//1655 824//1654 
f 825//1659 824//1654 2072//1660 
f 2072//1660 2071//1661 825//1659 
f 833//1662 825//1659 2074//1663 
f 2074//1663 2075//1664 833//1662 
f 2075//1664 2077//1665 833//1662 
f 2077//1665 2078//1666 833//1662 
f 812//1667 833//1662 2080//1668 
f 2080//1668 2081//1669 812//1667 
f 2081//1669 2083//1670 812//1667 
f 810//1671 812//1667 2085//1672 
f 2085//1672 2086//1673 810//1671 
f 2086//1673 2088//1674 810//1671 
f 811//1675 2096//1676 2097//1677 
f 811//1675 2091//1678 2093//1679 
f 2093//1679 2094//1680 811//1675 
f 2094//1680 2096//1676 811//1675 
f 811//1675 810//1671 2090//1681 
f 2090//1681 2091//1678 811//1675 
f 2254//1533 2100//1682 2102//1683 
f 2102//1683 2103//1684 2254//1533 
f 819//1685 811//1675 2099//1686 
f 2099//1686 2254//1533 819//1685 
f 2099//1686 2100//1682 2254//1533 
f 2103//1684 2188//1687 2254//1533 
f 2097//1677 2099//1686 811//1675 
f 2088//1674 2090//1681 810//1671 
f 2083//1670 2085//1672 812//1667 
f 2078//1666 2080//1668 833//1662 
f 2071//1661 2074//1663 825//1659 
f 2069//1656 2072//1660 824//1654 
f 2231//1651 2066//1657 826//1649 
f 2129//1646 2128//1652 835//1644 
f 2136//1642 2133//1647 834//1643 
f 2138//1638 2137//1641 836//1636 
f 2145//1634 2143//1640 839//1632 
f 2150//1630 2148//1635 801//1628 
f 2155//1625 2153//1631 800//1621 
f 2162//1616 802//1626 813//1536 
f 2167//1613 2166//1688 2239//1505 
f 2173//1606 2172//1615 816//1604 
f 2179//1603 2178//1610 808//1600 
f 2229//1599 2230//1601 809//1596 
f 2226//1595 2227//1597 840//1591 
f 2222//1590 2224//1592 837//1588 
f 2220//1585 2221//1589 838//1583 
f 2215//1581 2218//1586 844//1582 
f 2213//1577 2216//1580 845//1575 
f 2209//1573 2212//1578 846//1574 
f 2207//1569 2210//1572 841//1567 
f 2204//1565 2206//1570 842//1563 
f 2201//1561 2203//1566 843//1559 
f 2197//1556 2200//1562 831//1552 
f 2194//1547 830//1557 832//1508 
f 803//1545 805//1494 2233//1494 
f 804//1546 803//1545 2261//1545 
f 814//1544 804//1546 2260//1543 
f 821//1542 814//1544 2259//1541 
f 827//1540 821//1542 2258//1539 
f 820//1538 827//1540 2257//1537 
f 813//1536 820//1538 2255//1535 
f 818//1534 819//1685 2254//1533 
f 817//1532 818//1534 2253//1531 
f 799//1530 817//1532 2252//1529 
f 794//1528 799//1530 2251//1527 
f 793//1526 794//1528 2250//1525 
f 792//1524 793//1526 2249//1523 
f 791//1522 792//1524 2248//1521 
f 790//1520 791//1522 2247//1519 
f 789//1518 790//1520 2246//1517 
f 798//1516 789//1518 2245//1515 
f 797//1514 798//1516 2244//1513 
f 796//1512 797//1514 2243//1511 
f 795//1510 796//1512 2242//1509 
f 832//1508 795//1510 2240//1507 
f 829//1506 823//1614 2239//1505 
f 828//1504 829//1506 2238//1503 
f 822//1502 828//1504 2237//1501 
f 815//1500 822//1502 2236//1499 
f 807//1498 815//1500 2235//1497 
f 806//1496 807//1498 2234//1495 
f 805//1494 806//1496 2232//1493 
o mesh53
f 2236//1689 2237//1689 2238//1689 
f 2239//1689 2255//1689 2257//1689 
f 2239//1689 2235//1689 2236//1689 
f 2239//1689 2256//1689 2255//1689 
f 2239//1689 2234//1689 2235//1689 
f 2257//1689 2258//1689 2239//1689 
f 2239//1689 2232//1689 2234//1689 
f 2239//1689 2261//1689 2233//1689 
f 2258//1689 2259//1689 2239//1689 
f 2233//1689 2232//1689 2239//1689 
f 2259//1689 2260//1689 2239//1689 
f 2260//1689 2261//1689 2239//1689 
f 2238//1689 2239//1689 2236//1689 
f 2166//1689 2168//1689 2256//1689 
f 2239//1689 2166//1689 2256//1689 
o mesh54
f 2240//1689 2250//1689 2251//1689 
f 2243//1689 2245//1689 2246//1689 
f 2240//1689 2249//1689 2250//1689 
f 2240//1689 2247//1689 2248//1689 
f 2243//1689 2244//1689 2245//1689 
f 2247//1689 2240//1689 2242//1689 
f 2248//1689 2249//1689 2240//1689 
f 2242//1689 2243//1689 2247//1689 
f 2246//1689 2247//1689 2243//1689 
f 2241//1689 2252//1689 2253//1689 
f 2252//1689 2241//1689 2240//1689 
f 2251//1689 2252//1689 2240//1689 
f 2254//1689 2189//1689 2241//1689 
f 2253//1689 2254//1689 2241//1689 
f 2254//1689 2188//1689 2189//1689 
o mesh55
f 2118//1690 2113//1690 2112//1690 
f 2114//1690 2118//1690 2117//1690 
f 2118//1690 2114//1690 2113//1690 
f 2117//1690 2116//1690 2114//1690 
f 2111//1690 2149//1690 2151//1690 
f 2111//1690 2141//1690 2144//1690 
f 2111//1690 2076//1690 2073//1690 
f 2111//1690 2087//1690 2084//1690 
f 2105//1690 2183//1690 2184//1690 
f 2185//1690 2108//1690 2107//1690 
f 2185//1690 2111//1690 2110//1690 
f 2116//1690 2115//1690 2114//1690 
f 2111//1690 2120//1690 2119//1690 
f 2111//1690 2122//1690 2121//1690 
f 2151//1690 2154//1690 2111//1690 
f 2144//1690 2146//1690 2111//1690 
f 2111//1690 2132//1690 2135//1690 
f 2111//1690 2079//1690 2076//1690 
f 2084//1690 2082//1690 2111//1690 
f 2105//1690 2182//1690 2183//1690 
f 2182//1690 2105//1690 2104//1690 
f 2107//1690 2106//1690 2185//1690 
f 2110//1690 2109//1690 2185//1690 
f 2119//1690 2118//1690 2111//1690 
f 2111//1690 2123//1690 2122//1690 
f 2146//1690 2149//1690 2111//1690 
f 2135//1690 2140//1690 2111//1690 
f 2111//1690 2070//1690 2067//1690 
f 2082//1690 2079//1690 2111//1690 
f 2111//1690 2095//1690 2092//1690 
f 2104//1690 2181//1690 2182//1690 
f 2109//1690 2108//1690 2185//1690 
f 2121//1690 2120//1690 2111//1690 
f 2111//1690 2125//1690 2124//1690 
f 2140//1690 2141//1690 2111//1690 
f 2111//1690 2126//1690 2131//1690 
f 2073//1690 2070//1690 2111//1690 
f 2092//1690 2089//1690 2111//1690 
f 2111//1690 2185//1690 2186//1690 
f 2106//1690 2105//1690 2185//1690 
f 2124//1690 2123//1690 2111//1690 
f 2111//1690 2157//1690 2160//1690 
f 2131//1690 2132//1690 2111//1690 
f 2089//1690 2087//1690 2111//1690 
f 2111//1690 2101//1690 2098//1690 
f 2184//1690 2185//1690 2105//1690 
f 2111//1690 2163//1690 2125//1690 
f 2154//1690 2157//1690 2111//1690 
f 2098//1690 2095//1690 2111//1690 
f 2186//1690 2187//1690 2111//1690 
f 2160//1690 2163//1690 2111//1690 
f 2187//1690 2101//1690 2111//1690 
f 2111//1690 2127//1690 2126//1690 
f 2067//1690 2064//1690 2111//1690 
f 2111//1690 2262//1690 2127//1690 
f 2064//1690 2231//1690 2111//1690 
f 2231//1690 2262//1690 2111//1690 
f 2112//1690 2111//1690 2118//1690 
o mesh56
f 2030//1691 2263//1691 2264//1692 
f 2031//1692 2264//1692 2265//1693 
f 2041//1693 2265//1693 2266//1694 
f 2042//1694 2266//1694 2267//1695 
f 2043//1695 2267//1695 2268//1696 
f 2054//1696 2268//1696 2269//1697 
f 2055//1697 2269//1697 2270//1698 
f 2056//1698 2270//1698 2271//1699 
f 2057//1699 2271//1699 2272//1700 
f 2048//1700 2272//1700 2273//1701 
f 2044//1701 2273//1701 2274//1702 
f 2045//1702 2274//1702 2275//1703 
f 2046//1703 2275//1703 2276//1704 
f 2049//1704 2276//1704 2277//1705 
f 2058//1705 2277//1705 2278//1706 
f 2059//1706 2278//1706 2279//1707 
f 2060//1707 2279//1707 2280//1708 
f 2016//1708 2280//1708 2281//1709 
f 2010//1709 2281//1709 2282//1710 
f 2011//1710 2282//1710 2283//1711 
f 2012//1711 2283//1711 2284//1712 
f 2017//1712 2284//1712 2285//1713 
f 2006//1713 2285//1713 2286//1714 
f 2007//1714 2286//1714 2287//1715 
f 2008//1715 2287//1715 2288//1716 
f 2009//1716 2288//1716 2289//1717 
f 2013//1717 2289//1717 2290//1718 
f 2018//1718 2290//1718 2291//1719 
f 2019//1719 2291//1719 2292//1720 
f 2020//1720 2292//1720 2293//1721 
f 2050//1721 2293//1721 2294//1722 
f 2051//1722 2294//1722 2295//1723 
f 2052//1723 2295//1723 2296//1724 
f 2061//1724 2296//1724 2297//1725 
f 2062//1725 2297//1725 2298//1726 
f 2063//1726 2298//1726 2299//1727 
f 2021//1727 2299//1727 2300//1728 
f 2022//1728 2300//1728 2301//1729 
f 2023//1729 2301//1729 2302//1730 
f 2032//1730 2302//1730 2303//1731 
f 2024//1731 2303//1731 2304//1732 
f 2025//1732 2304//1732 2305//1733 
f 2014//1733 2305//1733 2306//1734 
f 2307//1735 2026//1736 2308//1737 
f 2308//1737 2309//1737 2307//1735 
f 2307//1735 2310//1738 2026//1736 
f 2015//1739 2306//1734 2308//1737 
f 2308//1737 2026//1736 2015//1739 
f 2033//1740 2026//1736 2311//1741 
f 2026//1736 2312//1742 2313//1743 
f 2313//1743 2314//1744 2026//1736 
f 2314//1744 2311//1741 2026//1736 
f 2311//1741 2315//1745 2033//1740 
f 2315//1745 2316//1746 2033//1740 
f 2034//1747 2317//1748 2318//1749 
f 2318//1749 2319//1750 2034//1747 
f 2319//1750 2320//1751 2034//1747 
f 2320//1751 2321//1752 2034//1747 
f 2034//1747 2322//1753 2317//1748 
f 2034//1747 2033//1740 2323//1754 
f 2033//1740 2324//1755 2323//1754 
f 2323//1754 2325//1756 2034//1747 
f 2325//1756 2322//1753 2034//1747 
f 2027//1757 2034//1747 2326//1758 
f 2327//1759 2328//1760 2326//1758 
f 2326//1758 2034//1747 2327//1759 
f 2328//1760 2329//1761 2326//1758 
f 2027//1757 2330//1762 2331//1763 
f 2028//1763 2331//1763 2332//1764 
f 2029//1764 2332//1764 2333//1765 
f 2035//1765 2333//1765 2334//1766 
f 2036//1766 2334//1766 2335//1767 
f 2047//1767 2335//1767 2336//1768 
f 2053//1768 2336//1768 2337//1769 
f 2338//1770 2038//1770 2339//1771 
f 2339//1771 2340//1771 2341//1772 
f 2037//1773 2337//1769 2339//1771 
f 2339//1771 2038//1770 2037//1773 
f 2038//1770 2342//1774 2343//1775 
f 2343//1775 2039//1776 2038//1770 
f 2038//1770 2344//1777 2342//1774 
f 2038//1770 2345//1778 2346//1779 
f 2038//1770 2347//1780 2345//1778 
f 2038//1770 2348//1781 2347//1780 
f 2038//1770 2338//1770 2348//1781 
f 2346//1779 2349//1782 2038//1770 
f 2349//1782 2344//1777 2038//1770 
f 2040//1783 2350//1784 2351//1785 
f 2040//1783 2352//1786 2350//1784 
f 2039//1776 2353//1787 2352//1786 
f 2352//1786 2040//1783 2039//1776 
f 2039//1776 2354//1788 2353//1787 
f 2039//1776 2355//1789 2354//1788 
f 2030//1691 2040//1783 2356//1790 
f 2357//1791 2358//1790 2356//1790 
f 2040//1783 2359//1792 2357//1791 
f 2040//1783 2360//1793 2359//1792 
f 2356//1790 2040//1783 2357//1791 
f 2356//1790 2263//1691 2030//1691 
f 2351//1785 2360//1793 2040//1783 
f 2343//1775 2355//1789 2039//1776 
f 2339//1771 2341//1772 2338//1770 
f 2337//1769 2037//1773 2053//1768 
f 2336//1768 2053//1768 2047//1767 
f 2335//1767 2047//1767 2036//1766 
f 2334//1766 2036//1766 2035//1765 
f 2333//1765 2035//1765 2029//1764 
f 2332//1764 2029//1764 2028//1763 
f 2331//1763 2028//1763 2027//1757 
f 2326//1758 2330//1762 2027//1757 
f 2321//1752 2327//1759 2034//1747 
f 2316//1746 2324//1755 2033//1740 
f 2310//1738 2312//1742 2026//1736 
f 2306//1734 2015//1739 2014//1733 
f 2305//1733 2014//1733 2025//1732 
f 2304//1732 2025//1732 2024//1731 
f 2303//1731 2024//1731 2032//1730 
f 2302//1730 2032//1730 2023//1729 
f 2301//1729 2023//1729 2022//1728 
f 2300//1728 2022//1728 2021//1727 
f 2299//1727 2021//1727 2063//1726 
f 2298//1726 2063//1726 2062//1725 
f 2297//1725 2062//1725 2061//1724 
f 2296//1724 2061//1724 2052//1723 
f 2295//1723 2052//1723 2051//1722 
f 2294//1722 2051//1722 2050//1721 
f 2293//1721 2050//1721 2020//1720 
f 2292//1720 2020//1720 2019//1719 
f 2291//1719 2019//1719 2018//1718 
f 2290//1718 2018//1718 2013//1717 
f 2289//1717 2013//1717 2009//1716 
f 2288//1716 2009//1716 2008//1715 
f 2287//1715 2008//1715 2007//1714 
f 2286//1714 2007//1714 2006//1713 
f 2285//1713 2006//1713 2017//1712 
f 2284//1712 2017//1712 2012//1711 
f 2283//1711 2012//1711 2011//1710 
f 2282//1710 2011//1710 2010//1709 
f 2281//1709 2010//1709 2016//1708 
f 2280//1708 2016//1708 2060//1707 
f 2279//1707 2060//1707 2059//1706 
f 2278//1706 2059//1706 2058//1705 
f 2277//1705 2058//1705 2049//1704 
f 2276//1704 2049//1704 2046//1703 
f 2275//1703 2046//1703 2045//1702 
f 2274//1702 2045//1702 2044//1701 
f 2273//1701 2044//1701 2048//1700 
f 2272//1700 2048//1700 2057//1699 
f 2271//1699 2057//1699 2056//1698 
f 2270//1698 2056//1698 2055//1697 
f 2269//1697 2055//1697 2054//1696 
f 2268//1696 2054//1696 2043//1695 
f 2267//1695 2043//1695 2042//1694 
f 2266//1694 2042//1694 2041//1693 
f 2265//1693 2041//1693 2031//1692 
f 2264//1692 2031//1692 2030//1691 
o mesh57
f 2361//1794 2326//1795 2329//1795 
f 2362//1796 2363//1797 2364//1798 
f 2362//1796 2361//1794 2365//1799 
f 2365//1799 2363//1797 2362//1796 
f 2366//1800 2362//1796 2367//1801 
f 2368//1802 2369//1803 2370//1804 
f 2368//1802 2366//1800 2371//1805 
f 2371//1805 2369//1803 2368//1802 
f 2372//1806 2368//1802 2373//1807 
f 2373//1807 2374//1808 2372//1806 
f 2375//1809 2372//1806 2376//1810 
f 2376//1810 2377//1811 2375//1809 
f 2378//1812 2375//1809 2379//1813 
f 2379//1813 2380//1814 2378//1812 
f 2381//1815 2378//1812 2382//1816 
f 2382//1816 2383//1817 2381//1815 
f 2384//1818 2381//1815 2385//1819 
f 2385//1819 2386//1820 2384//1818 
f 2387//1821 2384//1818 2388//1822 
f 2388//1822 2389//1823 2387//1821 
f 2389//1823 2390//1824 2387//1821 
f 2390//1824 2391//1825 2387//1821 
f 2386//1820 2388//1822 2384//1818 
f 2383//1817 2385//1819 2381//1815 
f 2380//1814 2382//1816 2378//1812 
f 2377//1811 2379//1813 2375//1809 
f 2374//1808 2376//1810 2372//1806 
f 2370//1804 2373//1807 2368//1802 
f 2367//1801 2371//1805 2366//1800 
f 2364//1798 2367//1801 2362//1796 
f 2329//1795 2365//1799 2361//1794 
o mesh58
f 2392//1826 2393//1827 2394//1828 
f 2395//1829 2396//1829 2393//1827 
f 2393//1827 2392//1826 2395//1829 
f 2392//1826 2397//1830 2398//1831 
f 2392//1826 2399//1832 2397//1830 
f 2400//1833 2401//1834 2402//1835 
f 2400//1833 2398//1831 2401//1834 
f 2403//1836 2404//1837 2405//1838 
f 2403//1836 2402//1835 2404//1837 
f 2406//1839 2407//1840 2408//1841 
f 2406//1839 2405//1838 2407//1840 
f 2409//1842 2410//1843 2411//1844 
f 2409//1842 2408//1841 2410//1843 
f 2412//1845 2413//1846 2414//1847 
f 2412//1845 2411//1844 2415//1848 
f 2415//1848 2413//1846 2412//1845 
f 2416//1849 2414//1847 2417//1850 
f 2418//1851 2419//1852 2420//1853 
f 2418//1851 2417//1850 2421//1854 
f 2421//1854 2419//1852 2418//1851 
f 2422//1855 2420//1853 2340//1856 
f 2340//1856 2339//1856 2422//1855 
f 2420//1853 2422//1855 2418//1851 
f 2417//1850 2418//1851 2416//1849 
f 2414//1847 2416//1849 2412//1845 
f 2411//1844 2412//1845 2409//1842 
f 2408//1841 2409//1842 2406//1839 
f 2405//1838 2406//1839 2403//1836 
f 2402//1835 2403//1836 2400//1833 
f 2398//1831 2400//1833 2392//1826 
f 2394//1828 2399//1832 2392//1826 
o mesh59
f 2423//1857 2424//1858 2425//1859 
f 2426//1860 2427//1860 2424//1858 
f 2424//1858 2423//1857 2426//1860 
f 2423//1857 2428//1861 2429//1862 
f 2423//1857 2430//1863 2428//1861 
f 2431//1864 2432//1865 2433//1866 
f 2434//1867 2429//1862 2432//1865 
f 2432//1865 2431//1864 2434//1867 
f 2431//1864 2435//1868 2436//1869 
f 2431//1864 2437//1870 2435//1868 
f 2438//1871 2439//1872 2440//1873 
f 2438//1871 2436//1869 2439//1872 
f 2441//1874 2442//1875 2443//1876 
f 2441//1874 2440//1873 2442//1875 
f 2444//1877 2445//1878 2446//1879 
f 2444//1877 2443//1876 2445//1878 
f 2447//1880 2448//1881 2449//1882 
f 2447//1880 2450//1883 2448//1881 
f 2447//1880 2446//1879 2450//1883 
f 2451//1884 2452//1885 2453//1886 
f 2451//1884 2449//1882 2452//1885 
f 2454//1887 2455//1888 2456//1889 
f 2454//1887 2453//1886 2455//1888 
f 2457//1890 2458//1891 2459//1892 
f 2457//1890 2456//1889 2460//1893 
f 2460//1893 2458//1891 2457//1890 
f 2461//1894 2459//1892 2462//1895 
f 2463//1896 2464//1897 2465//1898 
f 2463//1896 2466//1899 2464//1897 
f 2463//1896 2467//1900 2466//1899 
f 2463//1896 2462//1895 2467//1900 
f 2468//1901 2469//1902 2470//1903 
f 2468//1901 2465//1898 2469//1902 
f 2471//1904 2472//1905 2473//1906 
f 2471//1904 2474//1907 2472//1905 
f 2471//1904 2470//1903 2474//1907 
f 2475//1908 2476//1909 2477//1910 
f 2475//1908 2473//1906 2476//1909 
f 2478//1911 2479//1912 2480//1913 
f 2478//1911 2477//1910 2479//1912 
f 2481//1914 2482//1915 2483//1916 
f 2481//1914 2480//1913 2484//1917 
f 2484//1917 2482//1915 2481//1914 
f 2485//1918 2486//1919 2487//1920 
f 2485//1918 2483//1916 2486//1919 
f 2488//1921 2489//1922 2490//1923 
f 2488//1921 2487//1920 2489//1922 
f 2491//1924 2492//1925 2493//1926 
f 2491//1924 2494//1927 2492//1925 
f 2491//1924 2490//1923 2494//1927 
f 2495//1928 2496//1929 2309//1930 
f 2495//1928 2493//1926 2496//1929 
f 2309//1930 2308//1930 2495//1928 
f 2493//1926 2495//1928 2491//1924 
f 2490//1923 2491//1924 2488//1921 
f 2487//1920 2488//1921 2485//1918 
f 2483//1916 2485//1918 2481//1914 
f 2480//1913 2481//1914 2478//1911 
f 2477//1910 2478//1911 2475//1908 
f 2473//1906 2475//1908 2471//1904 
f 2470//1903 2471//1904 2468//1901 
f 2465//1898 2468//1901 2463//1896 
f 2462//1895 2463//1896 2461//1894 
f 2459//1892 2461//1894 2457//1890 
f 2456//1889 2457//1890 2454//1887 
f 2453//1886 2454//1887 2451//1884 
f 2449//1882 2451//1884 2447//1880 
f 2446//1879 2447//1880 2444//1877 
f 2443//1876 2444//1877 2441//1874 
f 2440//1873 2441//1874 2438//1871 
f 2436//1869 2438//1871 2431//1864 
f 2433//1866 2437//1870 2431//1864 
f 2429//1862 2434//1867 2423//1857 
f 2425//1859 2430//1863 2423//1857 
o mesh60
f 2497//1931 2356//1932 2358//1932 
f 2358//1932 2498//1933 2497//1931 
f 2499//1934 2497//1931 2500//1935 
f 2500//1935 2501//1936 2499//1934 
f 2501//1936 2502//1937 2499//1934 
f 2503//1938 2499//1934 2504//1939 
f 2504//1939 2505//1940 2503//1938 
f 2506//1941 2503//1938 2507//1942 
f 2507//1942 2508//1943 2506//1941 
f 2509//1944 2510//1945 2511//1946 
f 2509//1944 2506//1941 2512//1947 
f 2512//1947 2510//1945 2509//1944 
f 2513//1948 2509//1944 2514//1949 
f 2514//1949 2515//1950 2513//1948 
f 2516//1951 2513//1948 2517//1952 
f 2517//1952 2518//1953 2516//1951 
f 2519//1954 2516//1951 2520//1955 
f 2520//1955 2521//1956 2519//1954 
f 2521//1956 2522//1957 2519//1954 
f 2523//1958 2519//1954 2524//1959 
f 2524//1959 2525//1960 2523//1958 
f 2526//1961 2523//1958 2527//1962 
f 2527//1962 2528//1963 2526//1961 
f 2528//1963 2529//1964 2526//1961 
f 2529//1964 2530//1965 2526//1961 
f 2531//1966 2526//1961 2532//1967 
f 2533//1968 2534//1969 2535//1970 
f 2533//1968 2531//1966 2536//1971 
f 2536//1971 2534//1969 2533//1968 
f 2537//1972 2533//1968 2538//1973 
f 2538//1973 2539//1974 2537//1972 
f 2540//1975 2537//1972 2541//1976 
f 2541//1976 2542//1977 2540//1975 
f 2543//1978 2540//1975 2544//1979 
f 2544//1979 2545//1980 2543//1978 
f 2545//1980 2546//1981 2543//1978 
f 2547//1982 2543//1978 2548//1983 
f 2548//1983 2549//1984 2547//1982 
f 2550//1985 2547//1982 2551//1986 
f 2551//1986 2552//1987 2550//1985 
f 2553//1988 2550//1985 2554//1989 
f 2554//1989 2555//1990 2553//1988 
f 2556//1991 2553//1988 2557//1992 
f 2557//1992 2558//1993 2556//1991 
f 2559//1994 2556//1991 2560//1995 
f 2560//1995 2561//1996 2559//1994 
f 2561//1996 2562//1997 2559//1994 
f 2563//1998 2559//1994 2564//1999 
f 2564//1999 2565//2000 2563//1998 
f 2566//2001 2563//1998 2567//2002 
f 2567//2002 2568//2003 2566//2001 
f 2568//2003 2569//2004 2566//2001 
f 2569//2004 2570//2005 2566//2001 
f 2565//2000 2567//2002 2563//1998 
f 2562//1997 2564//1999 2559//1994 
f 2558//1993 2560//1995 2556//1991 
f 2555//1990 2557//1992 2553//1988 
f 2552//1987 2554//1989 2550//1985 
f 2549//1984 2551//1986 2547//1982 
f 2546//1981 2548//1983 2543//1978 
f 2542//1977 2544//1979 2540//1975 
f 2539//1974 2541//1976 2537//1972 
f 2535//1970 2538//1973 2533//1968 
f 2532//1967 2536//1971 2531//1966 
f 2530//1965 2532//1967 2526//1961 
f 2525//1960 2527//1962 2523//1958 
f 2522//1957 2524//1959 2519//1954 
f 2518//1953 2520//1955 2516//1951 
f 2515//1950 2517//1952 2513//1948 
f 2511//1946 2514//1949 2509//1944 
f 2508//1943 2512//1947 2506//1941 
f 2505//1940 2507//1942 2503//1938 
f 2502//1937 2504//1939 2499//1934 
f 2498//1933 2500//1935 2497//1931 
o mesh61
f 2566//2005 2570//2005 2571//2005 
f 2571//2005 2572//2005 2566//2005 
o mesh62
f 2573//2006 2574//2007 2575//2008 
f 2572//2009 2571//2009 2574//2007 
f 2574//2007 2573//2006 2572//2009 
f 2573//2006 2576//2010 2577//2011 
f 2578//2012 2579//2013 2580//2014 
f 2581//2015 2577//2011 2579//2013 
f 2579//2013 2578//2012 2581//2015 
f 2578//2012 2582//2016 2583//2017 
f 2578//2012 2584//2018 2582//2016 
f 2585//2019 2586//2020 2587//2021 
f 2585//2019 2583//2017 2586//2020 
f 2588//2022 2589//2023 2590//2024 
f 2588//2022 2587//2021 2589//2023 
f 2591//2025 2592//2026 2593//2027 
f 2591//2025 2590//2024 2592//2026 
f 2594//2028 2595//2029 2596//2030 
f 2594//2028 2593//2027 2595//2029 
f 2597//2031 2598//2032 2599//2033 
f 2597//2031 2596//2030 2598//2032 
f 2599//2033 2600//2033 2597//2031 
f 2596//2030 2597//2031 2594//2028 
f 2593//2027 2594//2028 2591//2025 
f 2590//2024 2591//2025 2588//2022 
f 2587//2021 2588//2022 2585//2019 
f 2583//2017 2585//2019 2578//2012 
f 2580//2014 2584//2018 2578//2012 
f 2577//2011 2581//2015 2573//2006 
f 2575//2008 2576//2010 2573//2006 
o mesh63
f 2396//2034 2395//2034 2601//2034 
f 2601//2034 2602//2034 2396//2034 
o mesh64
f 2603//2035 2604//2036 2605//2036 
f 2605//2036 2606//2037 2603//2035 
f 2607//2038 2603//2035 2608//2039 
f 2608//2039 2609//2040 2607//2038 
f 2610//2041 2607//2038 2611//2042 
f 2611//2042 2612//2043 2610//2041 
f 2613//2044 2614//2045 2615//2046 
f 2613//2044 2610//2041 2616//2047 
f 2616//2047 2614//2045 2613//2044 
f 2615//2046 2617//2048 2613//2044 
f 2618//2049 2613//2044 2619//2050 
f 2620//2051 2618//2049 2621//2052 
f 2621//2052 2622//2053 2620//2051 
f 2623//2054 2620//2051 2624//2055 
f 2624//2055 2625//2056 2623//2054 
f 2625//2056 2626//2057 2623//2054 
f 2627//2058 2623//2054 2628//2059 
f 2628//2059 2629//2060 2627//2058 
f 2629//2060 2630//2061 2627//2058 
f 2631//2062 2627//2058 2632//2063 
f 2632//2063 2633//2064 2631//2062 
f 2634//2065 2631//2062 2635//2066 
f 2635//2066 2636//2067 2634//2065 
f 2637//2068 2634//2065 2638//2069 
f 2638//2069 2639//2070 2637//2068 
f 2640//2071 2637//2068 2641//2072 
f 2641//2072 2642//2073 2640//2071 
f 2643//2074 2640//2071 2644//2075 
f 2644//2075 2645//2076 2643//2074 
f 2645//2076 2646//2077 2643//2074 
f 2647//2078 2643//2074 2648//2079 
f 2648//2079 2649//2080 2647//2078 
f 2650//2081 2647//2078 2651//2082 
f 2651//2082 2652//2083 2650//2081 
f 2653//2084 2650//2081 2654//2085 
f 2654//2085 2655//2086 2653//2084 
f 2656//2087 2653//2084 2657//2088 
f 2657//2088 2658//2089 2656//2087 
f 2659//2090 2656//2087 2660//2091 
f 2660//2091 2661//2092 2659//2090 
f 2601//2093 2659//2090 2662//2094 
f 2662//2094 2663//2095 2601//2093 
f 2663//2095 2664//2096 2601//2093 
f 2664//2096 2602//2097 2601//2093 
f 2661//2092 2662//2094 2659//2090 
f 2658//2089 2660//2091 2656//2087 
f 2655//2086 2657//2088 2653//2084 
f 2652//2083 2654//2085 2650//2081 
f 2649//2080 2651//2082 2647//2078 
f 2646//2077 2648//2079 2643//2074 
f 2642//2073 2644//2075 2640//2071 
f 2639//2070 2641//2072 2637//2068 
f 2636//2067 2638//2069 2634//2065 
f 2633//2064 2635//2066 2631//2062 
f 2630//2061 2632//2063 2627//2058 
f 2626//2057 2628//2059 2623//2054 
f 2622//2053 2624//2055 2620//2051 
f 2619//2050 2621//2052 2618//2049 
f 2617//2048 2619//2050 2613//2044 
f 2612//2043 2616//2047 2610//2041 
f 2609//2040 2611//2042 2607//2038 
f 2606//2037 2608//2039 2603//2035 
o mesh65
f 2665//2098 2666//2099 120//2099 
f 2667//2100 2665//2098 119//2101 
f 2668//2102 2667//2100 118//2103 
f 2669//2104 2668//2102 131//2105 
f 2670//2106 2669//2104 136//2107 
f 2671//2108 2670//2106 154//2109 
f 2672//2110 2671//2108 212//2111 
f 2673//2112 2672//2110 211//2113 
f 2674//2114 2673//2112 138//2115 
f 2675//2116 2674//2114 137//2117 
f 2676//2118 2675//2116 161//2119 
f 2677//2120 2676//2118 140//2121 
f 2678//2122 2677//2120 139//2123 
f 2679//2124 2678//2122 162//2125 
f 2680//2126 2679//2124 186//2127 
f 2681//2128 2680//2126 200//2129 
f 2682//2130 2681//2128 146//2131 
f 2683//2132 2682//2130 133//2133 
f 2684//2134 2683//2132 132//2135 
f 2685//2136 2684//2134 134//2137 
f 2686//2138 2685//2136 130//2139 
f 2687//2140 2686//2138 129//2141 
f 2688//2142 2687//2140 147//2143 
f 2689//2144 2688//2142 178//2145 
f 2690//2146 2689//2144 202//2147 
f 2691//2148 2690//2146 223//2149 
f 2692//2150 2691//2148 222//2151 
f 2693//2152 2692//2150 204//2153 
f 150//2154 183//2155 2694//2155 
f 151//2156 150//2154 2695//2157 
f 2695//2157 2696//2158 151//2156 
f 182//2159 151//2156 2697//2160 
f 148//2161 182//2159 2698//2162 
f 149//2163 148//2161 2699//2164 
f 208//2165 149//2163 2700//2166 
f 180//2167 208//2165 2701//2168 
f 181//2169 180//2167 2702//2170 
f 2702//2170 2703//2171 181//2169 
f 234//2172 181//2169 2704//2173 
f 229//2174 234//2172 2705//2175 
f 230//2176 229//2174 2706//2177 
f 227//2178 230//2176 2707//2179 
f 228//2180 227//2178 2708//2181 
f 225//2182 228//2180 2709//2183 
f 226//2184 225//2182 2710//2185 
f 2710//2185 2599//2186 226//2184 
f 224//2187 2595//2188 2593//2189 
f 224//2187 226//2184 2598//2190 
f 2598//2190 2596//2191 224//2187 
f 2596//2191 2595//2188 224//2187 
f 206//2192 2589//2193 2587//2194 
f 206//2192 224//2187 2592//2195 
f 2592//2195 2590//2196 206//2192 
f 2590//2196 2589//2193 206//2192 
f 207//2197 2582//2198 2584//2199 
f 207//2197 206//2192 2586//2200 
f 2586//2200 2583//2201 207//2197 
f 2583//2201 2582//2198 207//2197 
f 205//2202 2579//2203 2577//2204 
f 2577//2204 2576//2205 205//2202 
f 205//2202 207//2197 2580//2206 
f 2580//2206 2579//2203 205//2202 
f 2693//2152 2570//2207 2569//2208 
f 2569//2208 2711//2209 2693//2152 
f 2693//2152 203//2210 2571//2211 
f 2571//2211 2570//2207 2693//2152 
f 203//2210 205//2202 2575//2212 
f 2575//2212 2574//2213 203//2210 
f 2574//2213 2571//2211 203//2210 
f 2711//2209 2562//2214 2561//2215 
f 2711//2209 2565//2216 2564//2217 
f 2711//2209 2568//2218 2567//2219 
f 2567//2219 2565//2216 2711//2209 
f 2564//2217 2562//2214 2711//2209 
f 2712//2220 2557//2221 2555//2222 
f 2712//2220 2558//2223 2557//2221 
f 2712//2220 2561//2215 2560//2224 
f 2560//2224 2558//2223 2712//2220 
f 2713//2225 2551//2226 2549//2227 
f 2713//2225 2552//2228 2551//2226 
f 2713//2225 2555//2222 2554//2229 
f 2554//2229 2552//2228 2713//2225 
f 2714//2230 2544//2231 2542//2232 
f 2714//2230 2545//2233 2544//2231 
f 2714//2230 2549//2227 2548//2234 
f 2548//2234 2546//2235 2714//2230 
f 2546//2235 2545//2233 2714//2230 
f 2715//2236 2538//2237 2535//2238 
f 2715//2236 2539//2239 2538//2237 
f 2715//2236 2542//2232 2541//2240 
f 2541//2240 2539//2239 2715//2236 
f 2716//2241 2529//2242 2528//2243 
f 2716//2241 2536//2244 2532//2245 
f 2716//2241 2534//2246 2536//2244 
f 2532//2245 2530//2247 2716//2241 
f 2530//2247 2529//2242 2716//2241 
f 2716//2241 2535//2238 2534//2246 
f 2717//2248 2718//2249 2524//2250 
f 2718//2249 2525//2251 2524//2250 
f 2718//2249 2528//2243 2527//2252 
f 2527//2252 2525//2251 2718//2249 
f 2524//2250 2522//2253 2717//2248 
f 2719//2254 2515//2255 2514//2256 
f 2719//2254 2518//2257 2517//2258 
f 2717//2248 2521//2259 2520//2260 
f 2520//2260 2719//2254 2717//2248 
f 2520//2260 2518//2257 2719//2254 
f 2517//2258 2515//2255 2719//2254 
f 2720//2261 2505//2262 2504//2263 
f 2720//2261 2508//2264 2507//2265 
f 2507//2265 2505//2262 2720//2261 
f 2720//2261 2510//2266 2512//2267 
f 2512//2267 2508//2264 2720//2261 
f 2720//2261 2719//2254 2511//2268 
f 2511//2268 2510//2266 2720//2261 
f 2504//2263 2502//2269 2720//2261 
f 2721//2270 2498//2271 2358//2272 
f 2721//2270 2720//2261 2501//2273 
f 2501//2273 2500//2274 2721//2270 
f 2500//2274 2498//2271 2721//2270 
f 2722//2275 2721//2270 2357//2276 
f 2723//2277 2722//2275 2359//2278 
f 2359//2278 2360//2279 2723//2277 
f 2724//2280 2723//2277 2351//2281 
f 2725//2282 2724//2280 2350//2283 
f 2726//2284 2725//2282 2352//2285 
f 2727//2286 2726//2284 2353//2287 
f 2728//2288 2727//2286 2354//2289 
f 2354//2289 2355//2290 2728//2288 
f 2729//2291 2728//2288 2343//2292 
f 2730//2293 2729//2291 2342//2294 
f 2731//2295 2730//2293 2344//2296 
f 2732//2297 2731//2295 2349//2298 
f 2349//2298 2346//2299 2732//2297 
f 2733//2300 2732//2297 2345//2301 
f 2345//2301 2347//2302 2733//2300 
f 2734//2303 2733//2300 2348//2304 
f 2348//2304 2338//2305 2734//2303 
f 2735//2306 2340//2307 2420//2308 
f 2735//2306 2734//2303 2341//2309 
f 2341//2309 2340//2307 2735//2306 
f 2420//2308 2419//2310 2735//2306 
f 2736//2311 2417//2312 2414//2313 
f 2736//2311 2735//2306 2421//2314 
f 2421//2314 2417//2312 2736//2311 
f 2414//2313 2413//2315 2736//2311 
f 2737//2316 2410//2317 2408//2318 
f 2737//2316 2736//2311 2415//2319 
f 2415//2319 2411//2320 2737//2316 
f 2411//2320 2410//2317 2737//2316 
f 2738//2321 2404//2322 2402//2323 
f 2738//2321 2737//2316 2407//2324 
f 2407//2324 2405//2325 2738//2321 
f 2405//2325 2404//2322 2738//2321 
f 2739//2326 2397//2327 2399//2328 
f 2739//2326 2738//2321 2401//2329 
f 2401//2329 2398//2330 2739//2326 
f 2398//2330 2397//2327 2739//2326 
f 120//2099 2602//2331 2664//2332 
f 2664//2332 121//2333 120//2099 
f 2666//2099 2396//2334 2602//2331 
f 2602//2331 120//2099 2666//2099 
f 2666//2099 2739//2326 2394//2335 
f 2394//2335 2393//2336 2666//2099 
f 2393//2336 2396//2334 2666//2099 
f 121//2333 2661//2337 2660//2338 
f 2660//2338 122//2339 121//2333 
f 121//2333 2663//2340 2662//2341 
f 2662//2341 2661//2337 121//2333 
f 122//2339 2655//2342 2654//2343 
f 2654//2343 123//2344 122//2339 
f 122//2339 2658//2345 2657//2346 
f 2657//2346 2655//2342 122//2339 
f 123//2344 2646//2347 2645//2348 
f 123//2344 2649//2349 2648//2350 
f 123//2344 2652//2351 2651//2352 
f 2651//2352 2649//2349 123//2344 
f 2648//2350 2646//2347 123//2344 
f 124//2353 2642//2354 2641//2355 
f 2641//2355 184//2356 124//2353 
f 124//2353 2645//2348 2644//2357 
f 2644//2357 2642//2354 124//2353 
f 184//2356 2635//2358 2633//2359 
f 184//2356 2636//2360 2635//2358 
f 184//2356 2639//2361 2638//2362 
f 2638//2362 2636//2360 184//2356 
f 210//2363 2626//2364 2625//2365 
f 210//2363 2629//2366 2628//2367 
f 210//2363 2633//2359 2632//2368 
f 2632//2368 2630//2369 210//2363 
f 2630//2369 2629//2366 210//2363 
f 2628//2367 2626//2364 210//2363 
f 152//2370 209//2371 2617//2372 
f 209//2371 2622//2373 2621//2374 
f 2621//2374 2619//2375 209//2371 
f 2619//2375 2617//2372 209//2371 
f 209//2371 2625//2365 2624//2376 
f 2624//2376 2622//2373 209//2371 
f 153//2377 2612//2378 2611//2379 
f 153//2377 2614//2380 2616//2381 
f 153//2377 152//2370 2615//2382 
f 2615//2382 2614//2380 153//2377 
f 2616//2381 2612//2378 153//2377 
f 183//2155 2606//2383 2605//2384 
f 183//2155 153//2377 2609//2385 
f 2609//2385 2608//2386 183//2155 
f 2608//2386 2606//2383 183//2155 
f 2605//2384 2694//2155 183//2155 
f 2611//2379 2609//2385 153//2377 
f 2617//2372 2615//2382 152//2370 
f 2625//2365 209//2371 210//2363 
f 2633//2359 210//2363 184//2356 
f 2641//2355 2639//2361 184//2356 
f 2645//2348 124//2353 123//2344 
f 2654//2343 2652//2351 123//2344 
f 2660//2338 2658//2345 122//2339 
f 2664//2332 2663//2340 121//2333 
f 2399//2328 2394//2335 2739//2326 
f 2402//2323 2401//2329 2738//2321 
f 2408//2318 2407//2324 2737//2316 
f 2413//2315 2415//2319 2736//2311 
f 2419//2310 2421//2314 2735//2306 
f 2338//2305 2341//2309 2734//2303 
f 2347//2302 2348//2304 2733//2300 
f 2346//2299 2345//2301 2732//2297 
f 2344//2296 2349//2298 2731//2295 
f 2342//2294 2344//2296 2730//2293 
f 2343//2292 2342//2294 2729//2291 
f 2355//2290 2343//2292 2728//2288 
f 2353//2287 2354//2289 2727//2286 
f 2352//2285 2353//2287 2726//2284 
f 2350//2283 2352//2285 2725//2282 
f 2351//2281 2350//2283 2724//2280 
f 2360//2279 2351//2281 2723//2277 
f 2357//2276 2359//2278 2722//2275 
f 2358//2272 2357//2276 2721//2270 
f 2502//2269 2501//2273 2720//2261 
f 2514//2256 2511//2268 2719//2254 
f 2522//2253 2521//2259 2717//2248 
f 2528//2243 2718//2249 2716//2241 
f 2535//2238 2716//2241 2715//2236 
f 2542//2232 2715//2236 2714//2230 
f 2549//2227 2714//2230 2713//2225 
f 2555//2222 2713//2225 2712//2220 
f 2561//2215 2712//2220 2711//2209 
f 2569//2208 2568//2218 2711//2209 
f 2576//2205 2575//2212 205//2202 
f 2584//2199 2580//2206 207//2197 
f 2587//2194 2586//2200 206//2192 
f 2593//2189 2592//2195 224//2187 
f 2599//2186 2598//2190 226//2184 
f 2709//2183 2710//2185 225//2182 
f 2708//2181 2709//2183 228//2180 
f 2707//2179 2708//2181 227//2178 
f 2706//2177 2707//2179 230//2176 
f 2705//2175 2706//2177 229//2174 
f 2704//2173 2705//2175 234//2172 
f 2703//2171 2704//2173 181//2169 
f 2701//2168 2702//2170 180//2167 
f 2700//2166 2701//2168 208//2165 
f 2699//2164 2700//2166 149//2163 
f 2698//2162 2699//2164 148//2161 
f 2697//2160 2698//2162 182//2159 
f 2696//2158 2697//2160 151//2156 
f 2694//2155 2695//2157 150//2154 
f 204//2153 203//2210 2693//2152 
f 222//2151 204//2153 2692//2150 
f 223//2149 222//2151 2691//2148 
f 202//2147 223//2149 2690//2146 
f 178//2145 202//2147 2689//2144 
f 147//2143 178//2145 2688//2142 
f 129//2141 147//2143 2687//2140 
f 130//2139 129//2141 2686//2138 
f 134//2137 130//2139 2685//2136 
f 132//2135 134//2137 2684//2134 
f 133//2133 132//2135 2683//2132 
f 146//2131 133//2133 2682//2130 
f 200//2129 146//2131 2681//2128 
f 186//2127 200//2129 2680//2126 
f 162//2125 186//2127 2679//2124 
f 139//2123 162//2125 2678//2122 
f 140//2121 139//2123 2677//2120 
f 161//2119 140//2121 2676//2118 
f 137//2117 161//2119 2675//2116 
f 138//2115 137//2117 2674//2114 
f 211//2113 138//2115 2673//2112 
f 212//2111 211//2113 2672//2110 
f 154//2109 212//2111 2671//2108 
f 136//2107 154//2109 2670//2106 
f 131//2105 136//2107 2669//2104 
f 118//2103 131//2105 2668//2102 
f 119//2101 118//2103 2667//2100 
f 120//2099 119//2101 2665//2098 
o mesh66
f 2740//2387 2726//2387 2727//2387 
f 2727//2387 2728//2387 2740//2387 
f 2728//2387 2729//2387 2740//2387 
f 2729//2387 2730//2387 2740//2387 
f 2730//2387 2731//2387 2740//2387 
f 2731//2387 2732//2387 2740//2387 
f 2732//2387 2733//2387 2740//2387 
f 2733//2387 2734//2387 2740//2387 
f 2734//2387 2735//2387 2740//2387 
f 2735//2387 2736//2387 2740//2387 
f 2736//2387 2737//2387 2740//2387 
f 2737//2387 2738//2387 2740//2387 
f 2738//2387 2739//2387 2740//2387 
f 2739//2387 2666//2387 2740//2387 
f 2666//2387 2665//2387 2740//2387 
f 2665//2387 2667//2387 2740//2387 
f 2667//2387 2668//2387 2740//2387 
f 2668//2387 2669//2387 2740//2387 
f 2669//2387 2670//2387 2740//2387 
f 2670//2387 2671//2387 2740//2387 
f 2671//2387 2672//2387 2740//2387 
f 2672//2387 2673//2387 2740//2387 
f 2673//2387 2674//2387 2740//2387 
f 2674//2387 2675//2387 2740//2387 
f 2675//2387 2676//2387 2740//2387 
f 2676//2387 2677//2387 2740//2387 
f 2677//2387 2678//2387 2740//2387 
f 2678//2387 2679//2387 2740//2387 
f 2679//2387 2680//2387 2740//2387 
f 2680//2387 2681//2387 2740//2387 
f 2681//2387 2682//2387 2740//2387 
f 2682//2387 2683//2387 2740//2387 
f 2683//2387 2684//2387 2740//2387 
f 2684//2387 2685//2387 2740//2387 
f 2685//2387 2686//2387 2740//2387 
f 2686//2387 2687//2387 2740//2387 
f 2687//2387 2688//2387 2740//2387 
f 2688//2387 2689//2387 2740//2387 
f 2689//2387 2690//2387 2740//2387 
f 2690//2387 2691//2387 2740//2387 
f 2691//2387 2692//2387 2740//2387 
f 2692//2387 2693//2387 2740//2387 
f 2693//2387 2711//2387 2740//2387 
f 2711//2387 2712//2387 2740//2387 
f 2712//2387 2713//2387 2740//2387 
f 2713//2387 2714//2387 2740//2387 
f 2714//2387 2715//2387 2740//2387 
f 2715//2387 2716//2387 2740//2387 
f 2716//2387 2718//2387 2740//2387 
f 2718//2387 2717//2387 2740//2387 
f 2717//2387 2719//2387 2740//2387 
f 2719//2387 2720//2387 2740//2387 
f 2720//2387 2721//2387 2740//2387 
f 2721//2387 2722//2387 2740//2387 
f 2722//2387 2723//2387 2740//2387 
f 2723//2387 2724//2387 2740//2387 
f 2724//2387 2725//2387 2740//2387 
f 2725//2387 2726//2387 2740//2387 
o mesh67
f 2741//2388 2742//2388 2743//2388 
f 2744//2388 2745//2388 2746//2388 
f 2601//2388 2395//2388 2337//2388 
f 2747//2388 2643//2388 2647//2388 
f 2743//2388 2744//2388 2741//2388 
f 2744//2388 2748//2388 2745//2388 
f 2744//2388 2332//2388 2749//2388 
f 2749//2388 2332//2388 2331//2388 
f 2336//2388 2659//2388 2601//2388 
f 2647//2388 2650//2388 2747//2388 
f 2747//2388 2637//2388 2640//2388 
f 2743//2388 2750//2388 2751//2388 
f 2743//2388 2752//2388 2753//2388 
f 2746//2388 2741//2388 2744//2388 
f 2331//2388 2387//2388 2749//2388 
f 2337//2388 2336//2388 2601//2388 
f 2336//2388 2747//2388 2656//2388 
f 2640//2388 2643//2388 2747//2388 
f 2747//2388 2631//2388 2634//2388 
f 2747//2388 2623//2388 2627//2388 
f 2743//2388 2754//2388 2755//2388 
f 2743//2388 2756//2388 2757//2388 
f 2753//2388 2750//2388 2743//2388 
f 2744//2388 2758//2388 2748//2388 
f 2331//2388 2384//2388 2387//2388 
f 2656//2388 2659//2388 2336//2388 
f 2650//2388 2653//2388 2747//2388 
f 2627//2388 2631//2388 2747//2388 
f 2755//2388 2759//2388 2743//2388 
f 2757//2388 2760//2388 2743//2388 
f 2742//2388 2752//2388 2743//2388 
f 2749//2388 2761//2388 2744//2388 
f 2762//2388 2763//2388 2334//2388 
f 2653//2388 2656//2388 2747//2388 
f 2747//2388 2620//2388 2623//2388 
f 2747//2388 2613//2388 2618//2388 
f 2747//2388 2607//2388 2610//2388 
f 2760//2388 2754//2388 2743//2388 
f 2761//2388 2758//2388 2744//2388 
f 2764//2388 2333//2388 2332//2388 
f 2333//2388 2764//2388 2762//2388 
f 2634//2388 2637//2388 2747//2388 
f 2610//2388 2613//2388 2747//2388 
f 2751//2388 2756//2388 2743//2388 
f 2334//2388 2333//2388 2762//2388 
f 2763//2388 2765//2388 2335//2388 
f 2618//2388 2620//2388 2747//2388 
f 2747//2388 2604//2388 2603//2388 
f 2337//2388 2409//2388 2412//2388 
f 2337//2388 2403//2388 2406//2388 
f 2337//2388 2392//2388 2400//2388 
f 2759//2388 2766//2388 2743//2388 
f 2335//2388 2334//2388 2763//2388 
f 2765//2388 2747//2388 2336//2388 
f 2603//2388 2607//2388 2747//2388 
f 2412//2388 2416//2388 2337//2388 
f 2400//2388 2403//2388 2337//2388 
f 2332//2388 2744//2388 2764//2388 
f 2395//2388 2392//2388 2337//2388 
f 2406//2388 2409//2388 2337//2388 
f 2336//2388 2335//2388 2765//2388 
f 2384//2388 2331//2388 2330//2388 
f 2330//2388 2375//2388 2378//2388 
f 2330//2388 2368//2388 2372//2388 
f 2330//2388 2362//2388 2366//2388 
f 2337//2388 2418//2388 2422//2388 
f 2766//2388 2767//2388 2743//2388 
f 2378//2388 2381//2388 2330//2388 
f 2366//2388 2368//2388 2330//2388 
f 2416//2388 2418//2388 2337//2388 
f 2372//2388 2375//2388 2330//2388 
f 2330//2388 2381//2388 2384//2388 
f 2330//2388 2326//2388 2361//2388 
f 2361//2388 2362//2388 2330//2388 
f 2422//2388 2339//2388 2337//2388 
o mesh68
f 2761//2389 2768//2390 2769//2391 
f 2749//2392 2770//2392 2768//2390 
f 2768//2390 2761//2389 2749//2392 
f 2761//2389 2771//2393 2772//2394 
f 2761//2389 2773//2395 2771//2393 
f 2758//2396 2774//2397 2775//2398 
f 2758//2396 2772//2394 2774//2397 
f 2748//2399 2776//2400 2777//2401 
f 2748//2399 2775//2398 2776//2400 
f 2745//2402 2778//2403 2779//2404 
f 2745//2402 2777//2401 2778//2403 
f 2746//2405 2780//2406 2781//2407 
f 2746//2405 2779//2404 2780//2406 
f 2741//2408 2782//2409 2783//2410 
f 2741//2408 2784//2411 2782//2409 
f 2741//2408 2781//2407 2784//2411 
f 2742//2412 2785//2413 2786//2414 
f 2742//2412 2783//2410 2785//2413 
f 2752//2415 2787//2416 2788//2417 
f 2752//2415 2786//2414 2787//2416 
f 2753//2418 2789//2419 2790//2420 
f 2753//2418 2788//2417 2789//2419 
f 2750//2421 2791//2422 2792//2423 
f 2750//2421 2790//2420 2791//2422 
f 2756//2424 2793//2425 2794//2426 
f 2751//2427 2792//2423 2793//2425 
f 2793//2425 2756//2424 2751//2427 
f 2756//2424 2795//2428 2796//2429 
f 2756//2424 2797//2430 2795//2428 
f 2756//2424 2798//2431 2797//2430 
f 2757//2432 2799//2433 2800//2434 
f 2757//2432 2796//2429 2799//2433 
f 2760//2435 2800//2434 2801//2436 
f 2754//2437 2802//2438 2803//2439 
f 2754//2437 2804//2440 2805//2441 
f 2805//2441 2802//2438 2754//2437 
f 2754//2437 2801//2436 2804//2440 
f 2755//2442 2806//2443 2807//2444 
f 2755//2442 2803//2439 2806//2443 
f 2759//2445 2808//2446 2809//2447 
f 2759//2445 2807//2444 2808//2446 
f 2766//2448 2810//2449 2811//2450 
f 2766//2448 2809//2447 2810//2449 
f 2811//2450 2767//2450 2766//2448 
f 2809//2447 2766//2448 2759//2445 
f 2807//2444 2759//2445 2755//2442 
f 2803//2439 2755//2442 2754//2437 
f 2801//2436 2754//2437 2760//2435 
f 2800//2434 2760//2435 2757//2432 
f 2796//2429 2757//2432 2756//2424 
f 2794//2426 2798//2431 2756//2424 
f 2792//2423 2751//2427 2750//2421 
f 2790//2420 2750//2421 2753//2418 
f 2788//2417 2753//2418 2752//2415 
f 2786//2414 2752//2415 2742//2412 
f 2783//2410 2742//2412 2741//2408 
f 2781//2407 2741//2408 2746//2405 
f 2779//2404 2746//2405 2745//2402 
f 2777//2401 2745//2402 2748//2399 
f 2775//2398 2748//2399 2758//2396 
f 2772//2394 2758//2396 2761//2389 
f 2769//2391 2773//2395 2761//2389 
o mesh69
f 2387//2451 2391//2451 2770//2451 
f 2770//2451 2749//2451 2387//2451 
o mesh70
f 2812//2452 2813//2452 2427//2452 
f 2427//2452 2426//2452 2812//2452 
o mesh71
f 2814//2453 2815//2454 2816//2454 
f 2816//2454 2817//2455 2814//2453 
f 2818//2456 2814//2453 2819//2457 
f 2819//2457 2820//2458 2818//2456 
f 2821//2459 2818//2456 2822//2460 
f 2822//2460 2823//2461 2821//2459 
f 2824//2462 2821//2459 2825//2463 
f 2825//2463 2826//2464 2824//2462 
f 2827//2465 2824//2462 2828//2466 
f 2828//2466 2829//2467 2827//2465 
f 2830//2468 2827//2465 2831//2469 
f 2831//2469 2832//2470 2830//2468 
f 2833//2471 2830//2468 2834//2472 
f 2834//2472 2835//2473 2833//2471 
f 2835//2473 2836//2474 2833//2471 
f 2837//2475 2833//2471 2838//2476 
f 2812//2477 2837//2475 2839//2478 
f 2839//2478 2840//2479 2812//2477 
f 2840//2479 2841//2480 2812//2477 
f 2841//2480 2813//2481 2812//2477 
f 2838//2476 2839//2478 2837//2475 
f 2836//2474 2838//2476 2833//2471 
f 2832//2470 2834//2472 2830//2468 
f 2829//2467 2831//2469 2827//2465 
f 2826//2464 2828//2466 2824//2462 
f 2823//2461 2825//2463 2821//2459 
f 2820//2458 2822//2460 2818//2456 
f 2817//2455 2819//2457 2814//2453 
o mesh72
f 2842//2482 2843//2483 171//2483 
f 2844//2484 2842//2482 173//2485 
f 2845//2486 2844//2484 172//2487 
f 2846//2488 2845//2486 196//2489 
f 2847//2490 2846//2488 195//2491 
f 2848//2492 2847//2490 216//2493 
f 2849//2494 2848//2492 218//2495 
f 2850//2496 2849//2494 217//2497 
f 2851//2498 2850//2496 143//2499 
f 2852//2500 2851//2498 142//2501 
f 2853//2502 2852//2500 174//2503 
f 2854//2504 2853//2502 145//2505 
f 2855//2506 2854//2504 144//2507 
f 2856//2508 2855//2506 175//2509 
f 2857//2510 2856//2508 219//2511 
f 2858//2512 2857//2510 231//2513 
f 2859//2514 2858//2512 220//2515 
f 2860//2516 2859//2514 198//2517 
f 2861//2518 2860//2516 197//2519 
f 2862//2520 2861//2518 199//2521 
f 2863//2522 2862//2520 177//2523 
f 2864//2524 2863//2522 176//2525 
f 2865//2526 2864//2524 221//2527 
f 2866//2528 2865//2526 236//2529 
f 2867//2530 2866//2528 235//2531 
f 2868//2532 2867//2530 232//2533 
f 2869//2534 2868//2532 233//2535 
f 2870//2536 2869//2534 238//2537 
f 215//2538 2871//2538 2872//2539 
f 214//2539 2872//2539 2873//2540 
f 167//2540 2873//2540 2874//2541 
f 168//2541 2874//2541 2875//2542 
f 191//2542 2875//2542 2876//2543 
f 165//2543 2876//2543 2877//2544 
f 166//2544 2877//2544 2878//2545 
f 2878//2545 190//2546 166//2544 
f 190//2546 2879//2546 2880//2547 
f 189//2547 2880//2547 2881//2548 
f 164//2548 2881//2548 2882//2549 
f 213//2549 2882//2549 2883//2550 
f 187//2550 2883//2550 2884//2551 
f 188//2551 2885//2552 2886//2553 
f 188//2551 2884//2551 2885//2552 
f 185//2553 2886//2553 2887//2554 
f 159//2554 2810//2555 2809//2556 
f 2809//2556 160//2557 159//2554 
f 159//2554 2887//2554 2811//2558 
f 2811//2558 2810//2555 159//2554 
f 160//2557 2802//2559 2805//2560 
f 160//2557 2806//2561 2803//2562 
f 2803//2562 2802//2559 160//2557 
f 160//2557 2808//2563 2807//2564 
f 2807//2564 2806//2561 160//2557 
f 158//2565 2799//2566 2796//2567 
f 158//2565 2804//2568 2801//2569 
f 2801//2569 2800//2570 158//2565 
f 157//2571 2805//2560 2804//2568 
f 2804//2568 158//2565 157//2571 
f 2800//2570 2799//2566 158//2565 
f 155//2572 2793//2573 2792//2574 
f 155//2572 2794//2575 2793//2573 
f 155//2572 2797//2576 2798//2577 
f 2798//2577 2794//2575 155//2572 
f 155//2572 158//2565 2795//2578 
f 2795//2578 2797//2576 155//2572 
f 156//2579 2789//2580 2788//2581 
f 156//2579 155//2572 2791//2582 
f 2791//2582 2790//2583 156//2579 
f 2790//2583 2789//2580 156//2579 
f 126//2584 2785//2585 2783//2586 
f 126//2584 156//2579 2787//2587 
f 2787//2587 2786//2588 126//2584 
f 2786//2588 2785//2585 126//2584 
f 127//2589 2784//2590 2781//2591 
f 2781//2591 2780//2592 127//2589 
f 2780//2592 2779//2593 127//2589 
f 127//2589 126//2584 2782//2594 
f 2782//2594 2784//2590 127//2589 
f 240//2595 2776//2596 2775//2597 
f 240//2595 127//2589 2778//2598 
f 2778//2598 2777//2599 240//2595 
f 2777//2599 2776//2596 240//2595 
f 239//2600 2771//2601 2773//2602 
f 239//2600 240//2595 2774//2603 
f 2774//2603 2772//2604 239//2600 
f 2772//2604 2771//2601 239//2600 
f 2870//2536 2391//2605 2390//2606 
f 2390//2606 2888//2607 2870//2536 
f 2870//2536 237//2608 2770//2609 
f 237//2608 239//2600 2769//2610 
f 2769//2610 2768//2611 237//2608 
f 2768//2611 2770//2609 237//2608 
f 2770//2609 2391//2605 2870//2536 
f 2888//2607 2385//2612 2383//2613 
f 2888//2607 2386//2614 2385//2612 
f 2888//2607 2389//2615 2388//2616 
f 2388//2616 2386//2614 2888//2607 
f 2889//2617 2379//2618 2377//2619 
f 2889//2617 2380//2620 2379//2618 
f 2889//2617 2383//2613 2382//2621 
f 2382//2621 2380//2620 2889//2617 
f 2890//2622 2373//2623 2370//2624 
f 2890//2622 2374//2625 2373//2623 
f 2890//2622 2377//2619 2376//2626 
f 2376//2626 2374//2625 2890//2622 
f 2891//2627 2371//2628 2367//2629 
f 2892//2630 2369//2631 2371//2628 
f 2371//2628 2891//2627 2892//2630 
f 2892//2630 2370//2624 2369//2631 
f 2891//2627 2329//2632 2328//2633 
f 2891//2627 2363//2634 2365//2635 
f 2365//2635 2329//2632 2891//2627 
f 2891//2627 2364//2636 2363//2634 
f 2893//2637 2327//2638 2321//2639 
f 2893//2637 2328//2633 2327//2638 
f 2894//2639 2320//2640 2319//2641 
f 2894//2639 2321//2639 2320//2640 
f 2895//2641 2318//2642 2317//2643 
f 2895//2641 2319//2641 2318//2642 
f 2896//2643 2317//2643 2322//2644 
f 2897//2644 2322//2644 2325//2645 
f 2898//2645 2325//2645 2323//2646 
f 2899//2646 2324//2647 2316//2648 
f 2899//2646 2323//2646 2324//2647 
f 2900//2648 2316//2648 2315//2649 
f 2901//2649 2315//2649 2311//2650 
f 2902//2650 2311//2650 2314//2651 
f 2903//2651 2314//2651 2313//2652 
f 2904//2652 2312//2653 2310//2654 
f 2904//2652 2313//2652 2312//2653 
f 2905//2654 2310//2654 2307//2655 
f 2906//2655 2496//2656 2493//2657 
f 2493//2657 2907//2658 2906//2655 
f 2906//2655 2307//2655 2309//2659 
f 2309//2659 2496//2656 2906//2655 
f 2907//2658 2482//2660 2484//2661 
f 2907//2658 2486//2662 2483//2663 
f 2907//2658 2489//2664 2487//2665 
f 2907//2658 2494//2666 2490//2667 
f 2490//2667 2489//2664 2907//2658 
f 2487//2665 2486//2662 2907//2658 
f 2483//2663 2482//2660 2907//2658 
f 2907//2658 2492//2668 2494//2666 
f 2908//2669 2909//2670 2476//2671 
f 2476//2671 2473//2672 2908//2669 
f 2909//2670 2479//2673 2477//2674 
f 2477//2674 2476//2671 2909//2670 
f 2909//2670 2484//2661 2480//2675 
f 2480//2675 2479//2673 2909//2670 
f 2910//2676 2469//2677 2465//2678 
f 2908//2669 2474//2679 2470//2680 
f 2470//2680 2910//2676 2908//2669 
f 2470//2680 2469//2677 2910//2676 
f 2908//2669 2472//2681 2474//2679 
f 2911//2682 2467//2683 2462//2684 
f 2462//2684 2459//2685 2911//2682 
f 2911//2682 2466//2686 2467//2683 
f 2911//2682 2910//2676 2464//2687 
f 2464//2687 2466//2686 2911//2682 
f 2459//2685 2458//2688 2911//2682 
f 2912//2689 2455//2690 2453//2691 
f 2912//2689 2911//2682 2460//2692 
f 2460//2692 2456//2693 2912//2689 
f 2456//2693 2455//2690 2912//2689 
f 2913//2694 2450//2695 2446//2696 
f 2913//2694 2448//2697 2450//2695 
f 2913//2694 2912//2689 2452//2698 
f 2452//2698 2449//2699 2913//2694 
f 2449//2699 2448//2697 2913//2694 
f 2914//2700 2442//2701 2440//2702 
f 2914//2700 2913//2694 2445//2703 
f 2445//2703 2443//2704 2914//2700 
f 2443//2704 2442//2701 2914//2700 
f 2915//2705 2435//2706 2437//2707 
f 2915//2705 2914//2700 2439//2708 
f 2439//2708 2436//2709 2915//2705 
f 2436//2709 2435//2706 2915//2705 
f 2916//2710 2428//2711 2430//2712 
f 2916//2710 2432//2713 2429//2714 
f 2429//2714 2428//2711 2916//2710 
f 2916//2710 2915//2705 2433//2715 
f 2433//2715 2432//2713 2916//2710 
f 171//2483 2813//2716 2841//2717 
f 2841//2717 194//2718 171//2483 
f 2843//2483 2427//2719 2813//2716 
f 2843//2483 2916//2710 2425//2720 
f 2425//2720 2424//2721 2843//2483 
f 2424//2721 2427//2719 2843//2483 
f 2813//2716 171//2483 2843//2483 
f 194//2718 2836//2722 2835//2723 
f 194//2718 2840//2724 2839//2725 
f 2839//2725 2838//2726 194//2718 
f 2838//2726 2836//2722 194//2718 
f 169//2727 2832//2728 2831//2729 
f 2831//2729 170//2730 169//2727 
f 169//2727 2835//2723 2834//2731 
f 2834//2731 2832//2728 169//2727 
f 170//2730 2826//2732 2825//2733 
f 2825//2733 192//2734 170//2730 
f 170//2730 2829//2735 2828//2736 
f 2828//2736 2826//2732 170//2730 
f 192//2734 2819//2737 2817//2738 
f 192//2734 2820//2739 2819//2737 
f 192//2734 2823//2740 2822//2741 
f 2822//2741 2820//2739 192//2734 
f 193//2742 2816//2743 2871//2538 
f 193//2742 2817//2738 2816//2743 
f 2871//2538 215//2538 193//2742 
f 2817//2738 193//2742 192//2734 
f 2825//2733 2823//2740 192//2734 
f 2831//2729 2829//2735 170//2730 
f 2835//2723 169//2727 194//2718 
f 2841//2717 2840//2724 194//2718 
f 2430//2712 2425//2720 2916//2710 
f 2437//2707 2433//2715 2915//2705 
f 2440//2702 2439//2708 2914//2700 
f 2446//2696 2445//2703 2913//2694 
f 2453//2691 2452//2698 2912//2689 
f 2458//2688 2460//2692 2911//2682 
f 2465//2678 2464//2687 2910//2676 
f 2473//2672 2472//2681 2908//2669 
f 2484//2661 2909//2670 2907//2658 
f 2493//2657 2492//2668 2907//2658 
f 2307//2655 2906//2655 2905//2654 
f 2310//2654 2905//2654 2904//2652 
f 2313//2652 2904//2652 2903//2651 
f 2314//2651 2903//2651 2902//2650 
f 2311//2650 2902//2650 2901//2649 
f 2315//2649 2901//2649 2900//2648 
f 2316//2648 2900//2648 2899//2646 
f 2323//2646 2899//2646 2898//2645 
f 2325//2645 2898//2645 2897//2644 
f 2322//2644 2897//2644 2896//2643 
f 2317//2643 2896//2643 2895//2641 
f 2319//2641 2895//2641 2894//2639 
f 2321//2639 2894//2639 2893//2637 
f 2328//2633 2893//2637 2891//2627 
f 2367//2629 2364//2636 2891//2627 
f 2370//2624 2892//2630 2890//2622 
f 2377//2619 2890//2622 2889//2617 
f 2383//2613 2889//2617 2888//2607 
f 2390//2606 2389//2615 2888//2607 
f 2773//2602 2769//2610 239//2600 
f 2775//2597 2774//2603 240//2595 
f 2779//2593 2778//2598 127//2589 
f 2783//2586 2782//2594 126//2584 
f 2788//2581 2787//2587 156//2579 
f 2792//2574 2791//2582 155//2572 
f 2796//2567 2795//2578 158//2565 
f 2805//2560 157//2571 160//2557 
f 2809//2556 2808//2563 160//2557 
f 2887//2554 159//2554 185//2553 
f 2886//2553 185//2553 188//2551 
f 2884//2551 188//2551 187//2550 
f 2883//2550 187//2550 213//2549 
f 2882//2549 213//2549 164//2548 
f 2881//2548 164//2548 189//2547 
f 2880//2547 189//2547 190//2546 
f 2878//2545 2879//2546 190//2546 
f 2877//2544 166//2544 165//2543 
f 2876//2543 165//2543 191//2542 
f 2875//2542 191//2542 168//2541 
f 2874//2541 168//2541 167//2540 
f 2873//2540 167//2540 214//2539 
f 2872//2539 214//2539 215//2538 
f 238//2537 237//2608 2870//2536 
f 233//2535 238//2537 2869//2534 
f 232//2533 233//2535 2868//2532 
f 235//2531 232//2533 2867//2530 
f 236//2529 235//2531 2866//2528 
f 221//2527 236//2529 2865//2526 
f 176//2525 221//2527 2864//2524 
f 177//2523 176//2525 2863//2522 
f 199//2521 177//2523 2862//2520 
f 197//2519 199//2521 2861//2518 
f 198//2517 197//2519 2860//2516 
f 220//2515 198//2517 2859//2514 
f 231//2513 220//2515 2858//2512 
f 219//2511 231//2513 2857//2510 
f 175//2509 219//2511 2856//2508 
f 144//2507 175//2509 2855//2506 
f 145//2505 144//2507 2854//2504 
f 174//2503 145//2505 2853//2502 
f 142//2501 174//2503 2852//2500 
f 143//2499 142//2501 2851//2498 
f 217//2497 143//2499 2850//2496 
f 218//2495 217//2497 2849//2494 
f 216//2493 218//2495 2848//2492 
f 195//2491 216//2493 2847//2490 
f 196//2489 195//2491 2846//2488 
f 172//2487 196//2489 2845//2486 
f 173//2485 172//2487 2844//2484 
f 171//2483 173//2485 2842//2482 
o mesh73
f 2917//2744 2903//2744 2904//2744 
f 2904//2744 2905//2744 2917//2744 
f 2905//2744 2906//2744 2917//2744 
f 2906//2744 2907//2744 2917//2744 
f 2907//2744 2909//2744 2917//2744 
f 2909//2744 2908//2744 2917//2744 
f 2908//2744 2910//2744 2917//2744 
f 2910//2744 2911//2744 2917//2744 
f 2911//2744 2912//2744 2917//2744 
f 2912//2744 2913//2744 2917//2744 
f 2913//2744 2914//2744 2917//2744 
f 2914//2744 2915//2744 2917//2744 
f 2915//2744 2916//2744 2917//2744 
f 2916//2744 2843//2744 2917//2744 
f 2843//2744 2842//2744 2917//2744 
f 2842//2744 2844//2744 2917//2744 
f 2844//2744 2845//2744 2917//2744 
f 2845//2744 2846//2744 2917//2744 
f 2846//2744 2847//2744 2917//2744 
f 2847//2744 2848//2744 2917//2744 
f 2848//2744 2849//2744 2917//2744 
f 2849//2744 2850//2744 2917//2744 
f 2850//2744 2851//2744 2917//2744 
f 2851//2744 2852//2744 2917//2744 
f 2852//2744 2853//2744 2917//2744 
f 2853//2744 2854//2744 2917//2744 
f 2854//2744 2855//2744 2917//2744 
f 2855//2744 2856//2744 2917//2744 
f 2856//2744 2857//2744 2917//2744 
f 2857//2744 2858//2744 2917//2744 
f 2858//2744 2859//2744 2917//2744 
f 2859//2744 2860//2744 2917//2744 
f 2860//2744 2861//2744 2917//2744 
f 2861//2744 2862//2744 2917//2744 
f 2862//2744 2863//2744 2917//2744 
f 2863//2744 2864//2744 2917//2744 
f 2864//2744 2865//2744 2917//2744 
f 2865//2744 2866//2744 2917//2744 
f 2866//2744 2867//2744 2917//2744 
f 2867//2744 2868//2744 2917//2744 
f 2868//2744 2869//2744 2917//2744 
f 2869//2744 2870//2744 2917//2744 
f 2870//2744 2888//2744 2917//2744 
f 2888//2744 2889//2744 2917//2744 
f 2889//2744 2890//2744 2917//2744 
f 2890//2744 2892//2744 2917//2744 
f 2892//2744 2891//2744 2917//2744 
f 2891//2744 2893//2744 2917//2744 
f 2893//2744 2894//2744 2917//2744 
f 2894//2744 2895//2744 2917//2744 
f 2895//2744 2896//2744 2917//2744 
f 2896//2744 2897//2744 2917//2744 
f 2897//2744 2898//2744 2917//2744 
f 2898//2744 2899//2744 2917//2744 
f 2899//2744 2900//2744 2917//2744 
f 2900//2744 2901//2744 2917//2744 
f 2901//2744 2902//2744 2917//2744 
f 2902//2744 2903//2744 2917//2744 
o mesh74
f 2918//2745 2919//2746 2920//2746 
f 2921//2747 2705//2748 2704//2749 
f 2921//2747 2706//2750 2705//2748 
f 2600//2751 2707//2752 2706//2750 
f 2706//2750 2921//2747 2600//2751 
f 2600//2751 2708//2753 2707//2752 
f 2600//2751 2709//2754 2708//2753 
f 2600//2751 2599//2755 2710//2756 
f 2710//2756 2709//2754 2600//2751 
f 2918//2745 2922//2757 2600//2751 
f 2600//2751 2921//2747 2918//2745 
f 2923//2758 2921//2747 2700//2759 
f 2921//2747 2703//2760 2702//2761 
f 2702//2761 2701//2762 2921//2747 
f 2701//2762 2700//2759 2921//2747 
f 2700//2759 2699//2763 2923//2758 
f 2699//2763 2698//2764 2923//2758 
f 2698//2764 2697//2765 2923//2758 
f 2924//2766 2923//2758 2604//2767 
f 2923//2758 2695//2768 2694//2769 
f 2694//2769 2604//2767 2923//2758 
f 2923//2758 2696//2770 2695//2768 
f 2694//2769 2605//2771 2604//2767 
f 2925//2772 2924//2766 2747//2773 
f 2926//2774 2925//2772 2765//2775 
f 2927//2776 2926//2774 2763//2777 
f 2928//2778 2927//2776 2762//2779 
f 2929//2780 2928//2778 2764//2781 
f 2930//2782 2929//2780 2744//2783 
f 2931//2784 2767//2785 2887//2786 
f 2767//2785 2811//2785 2887//2786 
f 2887//2786 2886//2787 2931//2784 
f 2930//2782 2743//2788 2767//2785 
f 2767//2785 2931//2784 2930//2782 
f 2932//2789 2880//2790 2879//2791 
f 2932//2789 2881//2792 2880//2790 
f 2931//2784 2882//2793 2881//2792 
f 2881//2792 2932//2789 2931//2784 
f 2931//2784 2883//2794 2882//2793 
f 2931//2784 2884//2795 2883//2794 
f 2931//2784 2885//2796 2884//2795 
f 2933//2797 2932//2789 2815//2798 
f 2815//2798 2872//2799 2871//2800 
f 2815//2798 2932//2789 2875//2801 
f 2932//2789 2878//2802 2877//2803 
f 2877//2803 2876//2804 2932//2789 
f 2876//2804 2875//2801 2932//2789 
f 2875//2801 2874//2805 2815//2798 
f 2874//2805 2873//2806 2815//2798 
f 2873//2806 2872//2799 2815//2798 
f 2871//2800 2816//2807 2815//2798 
f 2934//2808 2933//2797 2935//2809 
f 2935//2809 2936//2808 2934//2808 
f 2815//2798 2935//2809 2933//2797 
f 2879//2791 2878//2802 2932//2789 
f 2886//2787 2885//2796 2931//2784 
f 2744//2783 2743//2788 2930//2782 
f 2764//2781 2744//2783 2929//2780 
f 2762//2779 2764//2781 2928//2778 
f 2763//2777 2762//2779 2927//2776 
f 2765//2775 2763//2777 2926//2774 
f 2747//2773 2765//2775 2925//2772 
f 2604//2767 2747//2773 2924//2766 
f 2697//2765 2696//2770 2923//2758 
f 2704//2749 2703//2760 2921//2747 
f 2920//2746 2922//2757 2918//2745 
o mesh75
f 2937//2810 2938//2811 2939//2811 
f 2940//2812 2937//2810 2941//2813 
f 2942//2814 2940//2812 2943//2815 
f 2944//2816 2942//2814 2945//2817 
f 2946//2818 2944//2816 2947//2819 
f 2948//2820 2946//2818 2949//2821 
f 2950//2822 2948//2820 2951//2823 
f 2952//2824 2953//2825 2954//2825 
f 2955//2826 2952//2824 2956//2827 
f 2957//2828 2955//2826 2958//2829 
f 2959//2830 2957//2828 2960//2831 
f 2961//2832 2959//2830 2962//2833 
f 2963//2834 2961//2832 2964//2835 
f 2965//2836 2963//2834 2966//2837 
f 2967//2838 2965//2836 2968//2839 
f 2969//2840 2967//2838 2970//2841 
f 2971//2842 2969//2840 2972//2843 
f 2973//2844 2971//2842 2974//2845 
f 2975//2846 2973//2844 2976//2847 
f 2977//2848 2975//2846 2978//2849 
f 2979//2850 2977//2848 2980//2851 
f 2981//2852 2979//2850 2982//2853 
f 2983//2854 2981//2852 2984//2855 
f 2985//2856 2983//2854 2986//2857 
f 2987//2858 2985//2856 2988//2859 
f 2989//2860 2987//2858 2990//2861 
f 2991//2862 2989//2860 2992//2863 
f 2938//2811 2991//2862 2993//2862 
f 2994//2864 2950//2822 2995//2865 
f 2996//2866 2997//2865 2995//2865 
f 2995//2865 2950//2822 2996//2866 
f 2998//2867 2994//2864 2999//2868 
f 3000//2869 2998//2867 3001//2870 
f 3002//2871 3000//2869 3003//2872 
f 3004//2873 3002//2871 3005//2874 
f 3006//2875 3004//2873 3007//2876 
f 3008//2877 3006//2875 3009//2878 
f 3010//2879 3008//2877 3011//2880 
f 3012//2881 3010//2879 3013//2882 
f 3014//2883 3012//2881 3015//2884 
f 3016//2885 3014//2883 3017//2886 
f 3018//2887 3016//2885 3019//2888 
f 3020//2889 3018//2887 3021//2890 
f 3022//2891 3020//2889 3023//2892 
f 3024//2893 3022//2891 3025//2894 
f 3026//2895 3024//2893 3027//2896 
f 3028//2897 3026//2895 3029//2898 
f 3030//2897 3031//2899 3032//2900 
f 3031//2899 3033//2899 3032//2900 
f 3034//2901 3033//2899 3031//2899 
f 3035//2902 3034//2901 3036//2901 
f 3037//2903 3035//2902 3038//2902 
f 3039//2904 3037//2903 3040//2903 
f 3041//2905 3039//2904 3042//2904 
f 3043//2906 3041//2905 3044//2905 
f 3045//2907 3043//2906 3046//2906 
f 3047//2908 3045//2907 3048//2907 
f 3049//2909 3050//2909 3051//2910 
f 3051//2910 3052//2911 3049//2909 
f 3053//2912 3050//2909 3049//2909 
f 3054//2913 3053//2912 3055//2912 
f 2954//2825 2953//2825 2920//2914 
f 3054//2913 3056//2913 2920//2914 
f 2920//2914 2953//2825 3054//2913 
f 2920//2914 2919//2914 2954//2825 
f 3055//2912 3056//2913 3054//2913 
f 3049//2909 3055//2912 3053//2912 
f 3051//2910 3047//2908 3052//2911 
f 3048//2907 3052//2911 3047//2908 
f 3046//2906 3048//2907 3045//2907 
f 3044//2905 3046//2906 3043//2906 
f 3042//2904 3044//2905 3041//2905 
f 3040//2903 3042//2904 3039//2904 
f 3038//2902 3040//2903 3037//2903 
f 3036//2901 3038//2902 3035//2902 
f 3031//2899 3036//2901 3034//2901 
f 3032//2900 3028//2897 3030//2897 
f 3029//2898 3030//2897 3028//2897 
f 3027//2896 3029//2898 3026//2895 
f 3025//2894 3027//2896 3024//2893 
f 3023//2892 3025//2894 3022//2891 
f 3021//2890 3023//2892 3020//2889 
f 3019//2888 3021//2890 3018//2887 
f 3017//2886 3019//2888 3016//2885 
f 3015//2884 3017//2886 3014//2883 
f 3013//2882 3015//2884 3012//2881 
f 3011//2880 3013//2882 3010//2879 
f 3009//2878 3011//2880 3008//2877 
f 3007//2876 3009//2878 3006//2875 
f 3005//2874 3007//2876 3004//2873 
f 3003//2872 3005//2874 3002//2871 
f 3001//2870 3003//2872 3000//2869 
f 2999//2868 3001//2870 2998//2867 
f 2995//2865 2999//2868 2994//2864 
f 2993//2862 2939//2811 2938//2811 
f 2992//2863 2993//2862 2991//2862 
f 2990//2861 2992//2863 2989//2860 
f 2988//2859 2990//2861 2987//2858 
f 2986//2857 2988//2859 2985//2856 
f 2984//2855 2986//2857 2983//2854 
f 2982//2853 2984//2855 2981//2852 
f 2980//2851 2982//2853 2979//2850 
f 2978//2849 2980//2851 2977//2848 
f 2976//2847 2978//2849 2975//2846 
f 2974//2845 2976//2847 2973//2844 
f 2972//2843 2974//2845 2971//2842 
f 2970//2841 2972//2843 2969//2840 
f 2968//2839 2970//2841 2967//2838 
f 2966//2837 2968//2839 2965//2836 
f 2964//2835 2966//2837 2963//2834 
f 2962//2833 2964//2835 2961//2832 
f 2960//2831 2962//2833 2959//2830 
f 2958//2829 2960//2831 2957//2828 
f 2956//2827 2958//2829 2955//2826 
f 2954//2825 2956//2827 2952//2824 
f 2951//2823 2996//2866 2950//2822 
f 2949//2821 2951//2823 2948//2820 
f 2947//2819 2949//2821 2946//2818 
f 2945//2817 2947//2819 2944//2816 
f 2943//2815 2945//2817 2942//2814 
f 2941//2813 2943//2815 2940//2812 
f 2939//2811 2941//2813 2937//2810 
o mesh76
f 3057//2915 3058//2916 3059//2916 
f 3060//2917 3057//2915 3061//2918 
f 3062//2919 3060//2917 3063//2920 
f 3064//2921 3062//2919 3065//2922 
f 3066//2923 3064//2921 3067//2924 
f 3068//2925 3066//2923 3069//2926 
f 3070//2927 3068//2925 3071//2928 
f 3072//2929 3070//2927 3073//2930 
f 3074//2931 3072//2929 3075//2932 
f 3076//2933 3074//2931 3077//2934 
f 3078//2935 3076//2933 3079//2936 
f 3080//2937 3078//2935 3081//2938 
f 3082//2939 3080//2937 3083//2940 
f 3084//2941 3082//2939 3085//2942 
f 3086//2943 3084//2941 3087//2944 
f 3088//2945 3086//2943 3089//2946 
f 3090//2947 3088//2945 3091//2948 
f 3092//2949 3090//2947 3093//2950 
f 3094//2951 3092//2949 3095//2952 
f 3096//2953 3094//2951 3097//2954 
f 3098//2955 3096//2953 3099//2956 
f 3100//2957 3098//2955 3101//2958 
f 3102//2959 3100//2957 3103//2960 
f 3104//2961 3102//2959 3105//2962 
f 3106//2963 3104//2961 3107//2964 
f 3108//2965 3106//2963 3109//2966 
f 3110//2967 3108//2965 3111//2968 
f 3112//2969 3110//2967 3113//2970 
f 3114//2971 3112//2969 2936//2972 
f 3115//2973 2934//2972 2936//2972 
f 2936//2972 3112//2969 3115//2973 
f 3116//2974 3114//2971 3117//2975 
f 3118//2976 3116//2974 3119//2977 
f 3120//2978 3118//2976 3121//2979 
f 3122//2980 3120//2978 3123//2981 
f 3124//2982 3122//2980 3125//2983 
f 3126//2984 3124//2982 3127//2985 
f 3128//2986 3126//2984 3129//2987 
f 3130//2988 3128//2986 3131//2989 
f 3132//2990 3130//2988 3133//2991 
f 3134//2992 3132//2990 3135//2993 
f 3136//2994 3134//2992 3137//2995 
f 3138//2996 3136//2994 3139//2997 
f 3140//2998 3138//2996 3141//2999 
f 3142//3000 3140//2998 3143//3001 
f 3144//3002 3142//3000 3145//3003 
f 3146//3004 3144//3002 3147//3005 
f 3148//3006 3146//3004 3149//3007 
f 3150//3008 3148//3006 3151//3009 
f 3152//3010 3150//3008 3153//3011 
f 3154//3012 3152//3010 3155//3013 
f 3156//3014 3154//3012 3157//3015 
f 3158//3016 3156//3014 3159//3017 
f 3160//3018 3158//3016 3161//3019 
f 3162//3020 3160//3018 3163//3021 
f 3164//3022 3162//3020 3165//3023 
f 3166//3024 3164//3022 3167//3025 
f 3168//3026 3166//3024 3169//3027 
f 3170//3028 3168//3026 3171//3029 
f 3059//2916 3058//2916 3172//3030 
f 3170//3028 3173//3031 3172//3030 
f 3172//3030 3058//2916 3170//3028 
f 3172//3030 3174//3030 3059//2916 
f 3171//3029 3173//3031 3170//3028 
f 3169//3027 3171//3029 3168//3026 
f 3167//3025 3169//3027 3166//3024 
f 3165//3023 3167//3025 3164//3022 
f 3163//3021 3165//3023 3162//3020 
f 3161//3019 3163//3021 3160//3018 
f 3159//3017 3161//3019 3158//3016 
f 3157//3015 3159//3017 3156//3014 
f 3155//3013 3157//3015 3154//3012 
f 3153//3011 3155//3013 3152//3010 
f 3151//3009 3153//3011 3150//3008 
f 3149//3007 3151//3009 3148//3006 
f 3147//3005 3149//3007 3146//3004 
f 3145//3003 3147//3005 3144//3002 
f 3143//3001 3145//3003 3142//3000 
f 3141//2999 3143//3001 3140//2998 
f 3139//2997 3141//2999 3138//2996 
f 3137//2995 3139//2997 3136//2994 
f 3135//2993 3137//2995 3134//2992 
f 3133//2991 3135//2993 3132//2990 
f 3131//2989 3133//2991 3130//2988 
f 3129//2987 3131//2989 3128//2986 
f 3127//2985 3129//2987 3126//2984 
f 3125//2983 3127//2985 3124//2982 
f 3123//2981 3125//2983 3122//2980 
f 3121//2979 3123//2981 3120//2978 
f 3119//2977 3121//2979 3118//2976 
f 3117//2975 3119//2977 3116//2974 
f 2936//2972 3117//2975 3114//2971 
f 3113//2970 3115//2973 3112//2969 
f 3111//2968 3113//2970 3110//2967 
f 3109//2966 3111//2968 3108//2965 
f 3107//2964 3109//2966 3106//2963 
f 3105//2962 3107//2964 3104//2961 
f 3103//2960 3105//2962 3102//2959 
f 3101//2958 3103//2960 3100//2957 
f 3099//2956 3101//2958 3098//2955 
f 3097//2954 3099//2956 3096//2953 
f 3095//2952 3097//2954 3094//2951 
f 3093//2950 3095//2952 3092//2949 
f 3091//2948 3093//2950 3090//2947 
f 3089//2946 3091//2948 3088//2945 
f 3087//2944 3089//2946 3086//2943 
f 3085//2942 3087//2944 3084//2941 
f 3083//2940 3085//2942 3082//2939 
f 3081//2938 3083//2940 3080//2937 
f 3079//2936 3081//2938 3078//2935 
f 3077//2934 3079//2936 3076//2933 
f 3075//2932 3077//2934 3074//2931 
f 3073//2930 3075//2932 3072//2929 
f 3071//2928 3073//2930 3070//2927 
f 3069//2926 3071//2928 3068//2925 
f 3067//2924 3069//2926 3066//2923 
f 3065//2922 3067//2924 3064//2921 
f 3063//2920 3065//2922 3062//2919 
f 3061//2918 3063//2920 3060//2917 
f 3059//2916 3061//2918 3057//2915 
o mesh77
f 3175//3032 3174//3033 3172//3033 
f 3176//3034 3175//3032 3177//3035 
f 3178//3036 3176//3034 3179//3037 
f 3180//3038 3178//3036 3181//3039 
f 3182//3040 3180//3038 3183//3041 
f 3184//3042 3182//3040 3185//3043 
f 3186//3044 3184//3042 3187//3045 
f 3188//3046 3186//3044 3189//3047 
f 3190//3048 3188//3046 3191//3049 
f 3192//3050 3190//3048 3193//3051 
f 3194//3052 3192//3050 3195//3053 
f 3196//3054 3194//3052 3197//3055 
f 3198//3056 3196//3054 3199//3057 
f 3200//3058 3198//3056 3201//3059 
f 3201//3059 3202//3058 3200//3058 
f 3199//3057 3201//3059 3198//3056 
f 3197//3055 3199//3057 3196//3054 
f 3195//3053 3197//3055 3194//3052 
f 3193//3051 3195//3053 3192//3050 
f 3191//3049 3193//3051 3190//3048 
f 3189//3047 3191//3049 3188//3046 
f 3187//3045 3189//3047 3186//3044 
f 3185//3043 3187//3045 3184//3042 
f 3183//3041 3185//3043 3182//3040 
f 3181//3039 3183//3041 3180//3038 
f 3179//3037 3181//3039 3178//3036 
f 3177//3035 3179//3037 3176//3034 
f 3172//3033 3177//3035 3175//3032 
o mesh78
f 3203//3060 3204//3061 3205//3061 
f 3206//3062 3203//3060 3207//3063 
f 3208//3064 3206//3062 3209//3065 
f 3210//3066 3208//3064 3211//3067 
f 3212//3068 3210//3066 3213//3069 
f 3214//3070 3212//3068 3215//3071 
f 3216//3072 3214//3070 3217//3073 
f 3218//3074 3216//3072 3219//3075 
f 3220//3076 3218//3074 3221//3077 
f 3222//3078 3220//3076 3223//3079 
f 3224//3080 3222//3078 3225//3081 
f 3226//3082 3224//3080 3227//3083 
f 3228//3084 3226//3082 3229//3085 
f 3230//3086 3228//3084 3231//3087 
f 3232//3088 3230//3086 3233//3089 
f 3234//3090 3232//3088 3235//3091 
f 3236//3092 3234//3090 3237//3093 
f 3238//3094 3236//3092 3239//3095 
f 3240//3096 3238//3094 3241//3097 
f 3242//3098 3240//3096 3243//3099 
f 3244//3100 3242//3098 3245//3101 
f 3246//3102 3244//3100 3247//3103 
f 3248//3104 3246//3102 3249//3105 
f 3250//3106 3248//3104 3251//3107 
f 3252//3108 3250//3106 3253//3109 
f 3254//3110 3252//3108 3255//3111 
f 3256//3112 3254//3110 3257//3113 
f 3258//3114 3256//3112 3259//3115 
f 3260//3116 3258//3114 3202//3117 
f 3261//3118 3200//3117 3202//3117 
f 3202//3117 3258//3114 3261//3118 
f 3262//3119 3260//3116 3263//3120 
f 3264//3121 3262//3119 3265//3122 
f 3266//3123 3264//3121 3267//3124 
f 3268//3125 3266//3123 3269//3126 
f 3270//3127 3268//3125 3271//3128 
f 3272//3129 3270//3127 3273//3130 
f 3274//3131 3272//3129 3275//3132 
f 3276//3133 3274//3131 3277//3134 
f 3278//3135 3276//3133 3279//3136 
f 3280//3137 3278//3135 3281//3138 
f 3282//3139 3280//3137 3283//3140 
f 3284//3141 3282//3139 3285//3142 
f 3286//3143 3284//3141 3287//3144 
f 3288//3145 3286//3143 3289//3146 
f 3290//3147 3288//3145 3291//3148 
f 3292//3149 3290//3147 3293//3150 
f 3294//3151 3292//3149 3295//3152 
f 3296//3153 3294//3151 3297//3154 
f 3298//3155 3296//3153 3299//3156 
f 3300//3157 3298//3155 3301//3158 
f 3302//3159 3300//3157 3303//3160 
f 3304//3161 3302//3159 3305//3162 
f 3306//3163 3304//3161 3307//3164 
f 3308//3165 3306//3163 3309//3166 
f 3310//3167 3308//3165 3311//3168 
f 3312//3169 3310//3167 3313//3170 
f 3314//3171 3312//3169 3315//3172 
f 3316//3173 3314//3171 3317//3174 
f 3205//3061 3204//3061 3318//3175 
f 3316//3173 3319//3176 3318//3175 
f 3318//3175 3204//3061 3316//3173 
f 3318//3175 3320//3175 3205//3061 
f 3317//3174 3319//3176 3316//3173 
f 3315//3172 3317//3174 3314//3171 
f 3313//3170 3315//3172 3312//3169 
f 3311//3168 3313//3170 3310//3167 
f 3309//3166 3311//3168 3308//3165 
f 3307//3164 3309//3166 3306//3163 
f 3305//3162 3307//3164 3304//3161 
f 3303//3160 3305//3162 3302//3159 
f 3301//3158 3303//3160 3300//3157 
f 3299//3156 3301//3158 3298//3155 
f 3297//3154 3299//3156 3296//3153 
f 3295//3152 3297//3154 3294//3151 
f 3293//3150 3295//3152 3292//3149 
f 3291//3148 3293//3150 3290//3147 
f 3289//3146 3291//3148 3288//3145 
f 3287//3144 3289//3146 3286//3143 
f 3285//3142 3287//3144 3284//3141 
f 3283//3140 3285//3142 3282//3139 
f 3281//3138 3283//3140 3280//3137 
f 3279//3136 3281//3138 3278//3135 
f 3277//3134 3279//3136 3276//3133 
f 3275//3132 3277//3134 3274//3131 
f 3273//3130 3275//3132 3272//3129 
f 3271//3128 3273//3130 3270//3127 
f 3269//3126 3271//3128 3268//3125 
f 3267//3124 3269//3126 3266//3123 
f 3265//3122 3267//3124 3264//3121 
f 3263//3120 3265//3122 3262//3119 
f 3202//3117 3263//3120 3260//3116 
f 3259//3115 3261//3118 3258//3114 
f 3257//3113 3259//3115 3256//3112 
f 3255//3111 3257//3113 3254//3110 
f 3253//3109 3255//3111 3252//3108 
f 3251//3107 3253//3109 3250//3106 
f 3249//3105 3251//3107 3248//3104 
f 3247//3103 3249//3105 3246//3102 
f 3245//3101 3247//3103 3244//3100 
f 3243//3099 3245//3101 3242//3098 
f 3241//3097 3243//3099 3240//3096 
f 3239//3095 3241//3097 3238//3094 
f 3237//3093 3239//3095 3236//3092 
f 3235//3091 3237//3093 3234//3090 
f 3233//3089 3235//3091 3232//3088 
f 3231//3087 3233//3089 3230//3086 
f 3229//3085 3231//3087 3228//3084 
f 3227//3083 3229//3085 3226//3082 
f 3225//3081 3227//3083 3224//3080 
f 3223//3079 3225//3081 3222//3078 
f 3221//3077 3223//3079 3220//3076 
f 3219//3075 3221//3077 3218//3074 
f 3217//3073 3219//3075 3216//3072 
f 3215//3071 3217//3073 3214//3070 
f 3213//3069 3215//3071 3212//3068 
f 3211//3067 3213//3069 3210//3066 
f 3209//3065 3211//3067 3208//3064 
f 3207//3063 3209//3065 3206//3062 
f 3205//3061 3207//3063 3203//3060 
o mesh79
f 3271//3177 3185//3177 2298//3177 
f 3185//3177 3167//3177 3165//3177 
f 3163//3177 3161//3177 2302//3177 
f 3185//3177 2299//3177 2298//3177 
f 3165//3177 2300//3177 3185//3177 
f 3269//3177 3267//3177 3193//3177 
f 3271//3177 3269//3177 3189//3177 
f 2302//3177 2301//3177 3163//3177 
f 2298//3177 3275//3177 3273//3177 
f 3185//3177 3169//3177 3167//3177 
f 2306//3177 2475//3177 2478//3177 
f 3155//3177 3153//3177 2305//3177 
f 3159//3177 3157//3177 2304//3177 
f 3193//3177 3191//3177 3269//3177 
f 3189//3177 3187//3177 3271//3177 
f 2300//3177 3165//3177 3163//3177 
f 2300//3177 2299//3177 3185//3177 
f 3277//3177 2295//3177 2294//3177 
f 2306//3177 2491//3177 2495//3177 
f 2306//3177 2485//3177 2488//3177 
f 2478//3177 2481//3177 2306//3177 
f 2306//3177 2454//3177 2457//3177 
f 3149//3177 2441//3177 2444//3177 
f 3149//3177 3147//3177 2438//3177 
f 2305//3177 2304//3177 3155//3177 
f 2304//3177 2303//3177 3159//3177 
f 3187//3177 3185//3177 3271//3177 
f 2298//3177 3273//3177 3271//3177 
f 2294//3177 3281//3177 3279//3177 
f 3321//3177 2269//3177 3007//3177 
f 2488//3177 2491//3177 2306//3177 
f 2306//3177 2471//3177 2475//3177 
f 2306//3177 2451//3177 2454//3177 
f 2306//3177 3149//3177 2447//3177 
f 2438//3177 2441//3177 3149//3177 
f 2305//3177 3151//3177 3149//3177 
f 3157//3177 3155//3177 2304//3177 
f 3161//3177 3159//3177 2303//3177 
f 2301//3177 2300//3177 3163//3177 
f 3277//3177 2296//3177 2295//3177 
f 3277//3177 2298//3177 2297//3177 
f 3281//3177 2294//3177 2293//3177 
f 3321//3177 2270//3177 2269//3177 
f 3322//3177 3323//3177 2273//3177 
f 3324//3177 3322//3177 2272//3177 
f 2481//3177 2485//3177 2306//3177 
f 2306//3177 2463//3177 2468//3177 
f 2457//3177 2461//3177 2306//3177 
f 2444//3177 2447//3177 3149//3177 
f 3153//3177 3151//3177 2305//3177 
f 3191//3177 3189//3177 3269//3177 
f 2297//3177 2296//3177 3277//3177 
f 2293//3177 3285//3177 3283//3177 
f 3007//3177 3005//3177 3321//3177 
f 2272//3177 3321//3177 3324//3177 
f 3147//3177 3145//3177 2431//3177 
f 2468//3177 2471//3177 2306//3177 
f 2447//3177 2451//3177 2306//3177 
f 2303//3177 2302//3177 3161//3177 
f 2293//3177 3283//3177 3281//3177 
f 2293//3177 2292//3177 3287//3177 
f 3321//3177 2271//3177 2270//3177 
f 2273//3177 2272//3177 3322//3177 
f 3324//3177 3325//3177 3326//3177 
f 3327//3177 3328//3177 3329//3177 
f 2431//3177 2438//3177 3147//3177 
f 2461//3177 2463//3177 2306//3177 
f 2298//3177 3277//3177 3275//3177 
f 3287//3177 3285//3177 2293//3177 
f 3303//3177 3301//3177 2290//3177 
f 3330//3177 2284//3177 3331//3177 
f 2272//3177 2271//3177 3321//3177 
f 2269//3177 3011//3177 3009//3177 
f 3324//3177 3321//3177 3325//3177 
f 3327//3177 3326//3177 3328//3177 
f 2495//3177 2308//3177 2306//3177 
f 2294//3177 3279//3177 3277//3177 
f 3305//3177 2288//3177 2287//3177 
f 2289//3177 3305//3177 3303//3177 
f 3330//3177 2285//3177 2284//3177 
f 3309//3177 3307//3177 2285//3177 
f 3009//3177 3007//3177 2269//3177 
f 3329//3177 3332//3177 3327//3177 
f 3332//3177 3333//3177 3334//3177 
f 3011//3177 2267//3177 2266//3177 
f 3013//3177 2266//3177 2265//3177 
f 3017//3177 2265//3177 2264//3177 
f 3023//3177 2543//3177 2547//3177 
f 2263//3177 2519//3177 2523//3177 
f 2263//3177 2356//3177 2497//3177 
f 3149//3177 2306//3177 2305//3177 
f 2292//3177 3291//3177 3289//3177 
f 2292//3177 2291//3177 3293//3177 
f 2291//3177 3297//3177 3295//3177 
f 3299//3177 3297//3177 2291//3177 
f 2287//3177 2286//3177 3305//3177 
f 2290//3177 2289//3177 3303//3177 
f 3171//3177 3179//3177 3177//3177 
f 2285//3177 3330//3177 3309//3177 
f 3335//3177 3336//3177 2276//3177 
f 3337//3177 3338//3177 2275//3177 
f 3003//3177 3001//3177 3339//3177 
f 3326//3177 3327//3177 3324//3177 
f 3332//3177 3329//3177 3333//3177 
f 3011//3177 2268//3177 2267//3177 
f 2265//3177 3017//3177 3015//3177 
f 2264//3177 3021//3177 3019//3177 
f 3023//3177 2263//3177 2543//3177 
f 2263//3177 2533//3177 2537//3177 
f 2263//3177 2526//3177 2531//3177 
f 2263//3177 2516//3177 2519//3177 
f 2263//3177 2509//3177 2513//3177 
f 2263//3177 2503//3177 2506//3177 
f 2497//3177 2499//3177 2263//3177 
f 2935//3177 2827//3177 2830//3177 
f 2935//3177 2821//3177 2824//3177 
f 3265//3177 3263//3177 3201//3177 
f 3289//3177 3287//3177 2292//3177 
f 3295//3177 3293//3177 2291//3177 
f 2290//3177 3301//3177 3299//3177 
f 2289//3177 2288//3177 3305//3177 
f 3169//3177 3183//3177 3181//3177 
f 3171//3177 3181//3177 3179//3177 
f 3340//3177 3341//3177 3342//3177 
f 3343//3177 3340//3177 3344//3177 
f 3331//3177 3345//3177 3330//3177 
f 3311//3177 3346//3177 3347//3177 
f 2276//3177 2275//3177 3335//3177 
f 2275//3177 2274//3177 3337//3177 
f 3339//3177 3348//3177 3003//3177 
f 3334//3177 3349//3177 3332//3177 
f 3011//3177 2269//3177 2268//3177 
f 2264//3177 3019//3177 3017//3177 
f 2263//3177 2540//3177 2543//3177 
f 2531//3177 2533//3177 2263//3177 
f 2513//3177 2516//3177 2263//3177 
f 2499//3177 2503//3177 2263//3177 
f 3117//3177 2830//3177 2833//3177 
f 2824//3177 2827//3177 2935//3177 
f 2935//3177 2814//3177 2818//3177 
f 3201//3177 3199//3177 3265//3177 
f 3267//3177 3265//3177 3197//3177 
f 3293//3177 3291//3177 2292//3177 
f 2286//3177 2285//3177 3305//3177 
f 3169//3177 3185//3177 3183//3177 
f 3177//3177 3172//3177 3173//3177 
f 3341//3177 3350//3177 3351//3177 
f 3342//3177 3352//3177 3340//3177 
f 3344//3177 3353//3177 3343//3177 
f 3307//3177 3305//3177 2285//3177 
f 2284//3177 3354//3177 3355//3177 
f 3311//3177 3330//3177 3346//3177 
f 3338//3177 3335//3177 2275//3177 
f 3323//3177 3337//3177 2274//3177 
f 3005//3177 3003//3177 3321//3177 
f 2265//3177 3015//3177 3013//3177 
f 3349//3177 3356//3177 3357//3177 
f 2537//3177 2540//3177 2263//3177 
f 2506//3177 2509//3177 2263//3177 
f 2833//3177 3119//3177 3117//3177 
f 2818//3177 2821//3177 2935//3177 
f 3119//3177 2837//3177 2812//3177 
f 3199//3177 3197//3177 3265//3177 
f 3197//3177 3195//3177 3267//3177 
f 2291//3177 2290//3177 3299//3177 
f 3177//3177 3173//3177 3171//3177 
f 3351//3177 3342//3177 3341//3177 
f 3353//3177 3330//3177 3343//3177 
f 3355//3177 3331//3177 2284//3177 
f 3347//3177 3313//3177 3311//3177 
f 3001//3177 2999//3177 3358//3177 
f 2274//3177 2273//3177 3323//3177 
f 2266//3177 3013//3177 3011//3177 
f 3349//3177 3334//3177 3356//3177 
f 2264//3177 2263//3177 3023//3177 
f 2523//3177 2526//3177 2263//3177 
f 2830//3177 2936//3177 2935//3177 
f 3119//3177 2833//3177 2837//3177 
f 3195//3177 3193//3177 3267//3177 
f 3181//3177 3171//3177 3169//3177 
f 3352//3177 3344//3177 3340//3177 
f 3311//3177 3309//3177 3330//3177 
f 3354//3177 2284//3177 2283//3177 
f 2277//3177 3359//3177 3360//3177 
f 2276//3177 3361//3177 3362//3177 
f 3358//3177 3363//3177 3001//3177 
f 3348//3177 3321//3177 3003//3177 
f 3357//3177 3364//3177 3365//3177 
f 2547//3177 3025//3177 3023//3177 
f 3027//3177 2547//3177 2550//3177 
f 2550//3177 3031//3177 3030//3177 
f 3031//3177 2550//3177 2553//3177 
f 2572//3177 3044//3177 3042//3177 
f 3042//3177 2553//3177 2556//3177 
f 2935//3177 2815//3177 2814//3177 
f 2812//3177 3123//3177 3121//3177 
f 2812//3177 3127//3177 3125//3177 
f 2812//3177 3131//3177 3129//3177 
f 2812//3177 2426//3177 3133//3177 
f 3139//3177 3137//3177 2426//3177 
f 3143//3177 3141//3177 2423//3177 
f 3145//3177 3143//3177 2431//3177 
f 3345//3177 3343//3177 3330//3177 
f 2283//3177 3366//3177 3367//3177 
f 2283//3177 3368//3177 3369//3177 
f 2277//3177 3370//3177 3359//3177 
f 3362//3177 2277//3177 2276//3177 
f 3363//3177 3339//3177 3001//3177 
f 3357//3177 3365//3177 3349//3177 
f 2547//3177 3027//3177 3025//3177 
f 3030//3177 3029//3177 2550//3177 
f 2553//3177 3038//3177 3036//3177 
f 2553//3177 3042//3177 3040//3177 
f 3042//3177 2563//3177 2566//3177 
f 2556//3177 2559//3177 3042//3177 
f 2922//3177 2920//3177 2578//3177 
f 2812//3177 3121//3177 3119//3177 
f 3129//3177 3127//3177 2812//3177 
f 2426//3177 3135//3177 3133//3177 
f 2426//3177 2423//3177 3139//3177 
f 2423//3177 2434//3177 3143//3177 
f 3350//3177 3371//3177 3351//3177 
f 3369//3177 3366//3177 2283//3177 
f 3313//3177 3372//3177 3373//3177 
f 3315//3177 3374//3177 3375//3177 
f 3368//3177 2279//3177 2278//3177 
f 3362//3177 3370//3177 2277//3177 
f 3336//3177 3361//3177 2276//3177 
f 2550//3177 3029//3177 3027//3177 
f 3040//3177 3038//3177 2553//3177 
f 2559//3177 2563//3177 3042//3177 
f 2922//3177 2588//3177 2591//3177 
f 2578//3177 2585//3177 2922//3177 
f 2920//3177 3056//3177 2581//3177 
f 3125//3177 3123//3177 2812//3177 
f 3137//3177 3135//3177 2426//3177 
f 2434//3177 2431//3177 3143//3177 
f 2283//3177 3367//3177 3354//3177 
f 3313//3177 3347//3177 3372//3177 
f 3315//3177 3373//3177 3374//3177 
f 3319//3177 3375//3177 3376//3177 
f 2278//3177 3360//3177 3377//3177 
f 3368//3177 2281//3177 2280//3177 
f 2999//3177 2995//3177 3358//3177 
f 2553//3177 3036//3177 3031//3177 
f 2572//3177 3046//3177 3044//3177 
f 2572//3177 3052//3177 3048//3177 
f 2585//3177 2588//3177 2922//3177 
f 2581//3177 2578//3177 2920//3177 
f 3133//3177 3131//3177 2812//3177 
f 3263//3177 3202//3177 3201//3177 
f 3375//3177 3317//3177 3315//3177 
f 3376//3177 3318//3177 3319//3177 
f 2280//3177 2279//3177 3368//3177 
f 3368//3177 2283//3177 2282//3177 
f 3023//3177 3021//3177 2264//3177 
f 3048//3177 3046//3177 2572//3177 
f 3055//3177 3049//3177 2572//3177 
f 3056//3177 3055//3177 2581//3177 
f 3141//3177 3139//3177 2423//3177 
f 3319//3177 3317//3177 3375//3177 
f 2282//3177 2281//3177 3368//3177 
f 3042//3177 2566//3177 2572//3177 
f 2572//3177 2573//3177 3055//3177 
f 2591//3177 2594//3177 2922//3177 
f 3373//3177 3315//3177 3313//3177 
f 3360//3177 2278//3177 2277//3177 
f 2573//3177 2581//3177 3055//3177 
f 2594//3177 2597//3177 2922//3177 
f 2278//3177 3377//3177 3368//3177 
f 2597//3177 2600//3177 2922//3177 
f 3049//3177 3052//3177 2572//3177 
f 3117//3177 2936//3177 2830//3177 
o mesh80
f 3378//3178 3379//3179 3380//3179 
f 3381//3180 3378//3178 3382//3181 
f 3383//3182 3381//3180 3384//3183 
f 3385//3184 3383//3182 3386//3185 
f 3387//3186 3385//3184 3388//3187 
f 3389//3188 3387//3186 3390//3189 
f 3391//3190 3389//3188 3392//3191 
f 3393//3192 3391//3190 3394//3193 
f 3395//3194 3393//3192 3396//3195 
f 3397//3196 3395//3194 3398//3197 
f 3399//3198 3397//3196 3400//3199 
f 3401//3200 3399//3198 3402//3201 
f 3403//3202 3401//3200 3404//3203 
f 3405//3204 3403//3202 3406//3205 
f 3407//3206 3405//3204 3408//3207 
f 3409//3208 3407//3206 3410//3209 
f 3411//3210 3409//3208 3412//3211 
f 3413//3212 3411//3210 3414//3213 
f 3415//3214 3413//3212 3416//3215 
f 3417//3216 3415//3214 3418//3217 
f 3419//3218 3417//3216 3420//3219 
f 3421//3220 3422//3221 3423//3221 
f 3424//3222 3421//3220 3425//3223 
f 3426//3224 3424//3222 3427//3225 
f 3428//3226 3426//3224 3429//3227 
f 3430//3228 3428//3226 3431//3229 
f 3432//3230 3430//3228 3433//3231 
f 3379//3179 3432//3230 3434//3230 
f 3435//3232 3419//3218 3371//3233 
f 3436//3234 3437//3233 3371//3233 
f 3371//3233 3419//3218 3436//3234 
f 3438//3235 3435//3232 3350//3236 
f 3439//3237 3438//3235 3341//3238 
f 3340//3237 3343//3239 3440//3240 
f 3343//3239 3441//3239 3440//3240 
f 3442//3241 3441//3239 3343//3239 
f 3443//3242 3442//3241 3345//3241 
f 3444//3243 3443//3242 3331//3242 
f 3445//3244 3444//3243 3355//3243 
f 3446//3245 3445//3244 3354//3244 
f 3447//3246 3446//3245 3367//3245 
f 3448//3247 3447//3246 3366//3246 
f 3449//3248 3448//3247 3369//3247 
f 3377//3249 3450//3249 3451//3250 
f 3451//3250 3368//3251 3377//3249 
f 3452//3252 3450//3249 3377//3249 
f 3453//3253 3452//3252 3360//3252 
f 3454//3254 3453//3253 3359//3253 
f 3455//3255 3454//3254 3370//3254 
f 3456//3256 3455//3255 3362//3255 
f 3457//3257 3456//3256 3361//3256 
f 3458//3258 3457//3257 3336//3257 
f 3459//3259 3458//3258 3335//3258 
f 3460//3260 3459//3259 3338//3259 
f 3461//3261 3460//3260 3337//3260 
f 3462//3262 3461//3261 3323//3261 
f 3463//3263 3462//3262 3322//3262 
f 3464//3264 3463//3263 3324//3263 
f 3465//3265 3464//3264 3327//3264 
f 3466//3266 3465//3265 3332//3265 
f 3467//3267 3466//3266 3349//3266 
f 3423//3221 3422//3221 3364//3268 
f 3467//3267 3365//3267 3364//3268 
f 3364//3268 3422//3221 3467//3267 
f 3364//3268 3468//3268 3423//3221 
f 3349//3266 3365//3267 3467//3267 
f 3332//3265 3349//3266 3466//3266 
f 3327//3264 3332//3265 3465//3265 
f 3324//3263 3327//3264 3464//3264 
f 3322//3262 3324//3263 3463//3263 
f 3323//3261 3322//3262 3462//3262 
f 3337//3260 3323//3261 3461//3261 
f 3338//3259 3337//3260 3460//3260 
f 3335//3258 3338//3259 3459//3259 
f 3336//3257 3335//3258 3458//3258 
f 3361//3256 3336//3257 3457//3257 
f 3362//3255 3361//3256 3456//3256 
f 3370//3254 3362//3255 3455//3255 
f 3359//3253 3370//3254 3454//3254 
f 3360//3252 3359//3253 3453//3253 
f 3377//3249 3360//3252 3452//3252 
f 3451//3250 3449//3248 3368//3251 
f 3369//3247 3368//3251 3449//3248 
f 3366//3246 3369//3247 3448//3247 
f 3367//3245 3366//3246 3447//3246 
f 3354//3244 3367//3245 3446//3245 
f 3355//3243 3354//3244 3445//3244 
f 3331//3242 3355//3243 3444//3243 
f 3345//3241 3331//3242 3443//3242 
f 3343//3239 3345//3241 3442//3241 
f 3440//3240 3439//3237 3340//3237 
f 3341//3238 3340//3237 3439//3237 
f 3350//3236 3341//3238 3438//3235 
f 3371//3233 3350//3236 3435//3232 
f 3434//3230 3380//3179 3379//3179 
f 3433//3231 3434//3230 3432//3230 
f 3431//3229 3433//3231 3430//3228 
f 3429//3227 3431//3229 3428//3226 
f 3427//3225 3429//3227 3426//3224 
f 3425//3223 3427//3225 3424//3222 
f 3423//3221 3425//3223 3421//3220 
f 3420//3219 3436//3234 3419//3218 
f 3418//3217 3420//3219 3417//3216 
f 3416//3215 3418//3217 3415//3214 
f 3414//3213 3416//3215 3413//3212 
f 3412//3211 3414//3213 3411//3210 
f 3410//3209 3412//3211 3409//3208 
f 3408//3207 3410//3209 3407//3206 
f 3406//3205 3408//3207 3405//3204 
f 3404//3203 3406//3205 3403//3202 
f 3402//3201 3404//3203 3401//3200 
f 3400//3199 3402//3201 3399//3198 
f 3398//3197 3400//3199 3397//3196 
f 3396//3195 3398//3197 3395//3194 
f 3394//3193 3396//3195 3393//3192 
f 3392//3191 3394//3193 3391//3190 
f 3390//3189 3392//3191 3389//3188 
f 3388//3187 3390//3189 3387//3186 
f 3386//3185 3388//3187 3385//3184 
f 3384//3183 3386//3185 3383//3182 
f 3382//3181 3384//3183 3381//3180 
f 3380//3179 3382//3181 3378//3178 
o mesh81
f 3469//3269 3320//3270 3318//3270 
f 3470//3271 3469//3269 3376//3272 
f 3471//3273 3470//3271 3375//3274 
f 3472//3275 3471//3273 3374//3276 
f 3473//3277 3472//3275 3373//3278 
f 3474//3279 3473//3277 3372//3280 
f 3475//3281 3474//3279 3347//3282 
f 3476//3283 3475//3281 3346//3284 
f 3477//3285 3476//3283 3330//3286 
f 3478//3287 3477//3285 3353//3288 
f 3479//3289 3478//3287 3344//3290 
f 3480//3291 3479//3289 3352//3292 
f 3481//3293 3480//3291 3342//3294 
f 3437//3295 3481//3293 3351//3296 
f 3351//3296 3371//3295 3437//3295 
f 3342//3294 3351//3296 3481//3293 
f 3352//3292 3342//3294 3480//3291 
f 3344//3290 3352//3292 3479//3289 
f 3353//3288 3344//3290 3478//3287 
f 3330//3286 3353//3288 3477//3285 
f 3346//3284 3330//3286 3476//3283 
f 3347//3282 3346//3284 3475//3281 
f 3372//3280 3347//3282 3474//3279 
f 3373//3278 3372//3280 3473//3277 
f 3374//3276 3373//3278 3472//3275 
f 3375//3274 3374//3276 3471//3273 
f 3376//3272 3375//3274 3470//3271 
f 3318//3270 3376//3272 3469//3269 
o mesh82
f 3482//3297 3468//3298 3364//3298 
f 3483//3299 3482//3297 3357//3300 
f 3484//3301 3483//3299 3356//3302 
f 3485//3303 3484//3301 3334//3304 
f 3486//3305 3485//3303 3333//3306 
f 3487//3307 3486//3305 3329//3308 
f 3488//3309 3487//3307 3328//3310 
f 3489//3311 3488//3309 3326//3312 
f 3490//3313 3489//3311 3325//3314 
f 3491//3315 3490//3313 3321//3316 
f 3492//3317 3491//3315 3348//3318 
f 3493//3319 3492//3317 3339//3320 
f 3494//3321 3493//3319 3363//3322 
f 2997//3323 3494//3321 3358//3324 
f 3358//3324 2995//3323 2997//3323 
f 3363//3322 3358//3324 3494//3321 
f 3339//3320 3363//3322 3493//3319 
f 3348//3318 3339//3320 3492//3317 
f 3321//3316 3348//3318 3491//3315 
f 3325//3314 3321//3316 3490//3313 
f 3326//3312 3325//3314 3489//3311 
f 3328//3310 3326//3312 3488//3309 
f 3329//3308 3328//3310 3487//3307 
f 3333//3306 3329//3308 3486//3305 
f 3334//3304 3333//3306 3485//3303 
f 3356//3302 3334//3304 3484//3301 
f 3357//3300 3356//3302 3483//3299 
f 3364//3298 3357//3300 3482//3297 
o mesh83
f 3495//3325 2972//3325 2970//3325 
f 2970//3325 3496//3325 3495//3325 
f 263//3325 265//3325 3497//3325 
f 265//3325 3498//3325 3499//3325 
f 265//3325 2978//3325 3500//3325 
f 2978//3325 3501//3325 3502//3325 
f 2978//3325 3503//3325 3504//3325 
f 2970//3325 2968//3325 3496//3325 
f 244//3325 3505//3325 3506//3325 
f 247//3325 3507//3325 3505//3325 
f 261//3325 263//3325 3508//3325 
f 265//3325 3509//3325 3497//3325 
f 3499//3325 3510//3325 265//3325 
f 265//3325 3511//3325 3512//3325 
f 3502//3325 3500//3325 2978//3325 
f 3504//3325 3513//3325 2978//3325 
f 2968//3325 3514//3325 3496//3325 
f 2968//3325 3515//3325 3516//3325 
f 2927//3325 125//3325 3517//3325 
f 125//3325 3518//3325 3519//3325 
f 3505//3325 244//3325 247//3325 
f 247//3325 249//3325 3520//3325 
f 249//3325 251//3325 3521//3325 
f 251//3325 253//3325 3522//3325 
f 3497//3325 3508//3325 263//3325 
f 265//3325 3523//3325 3498//3325 
f 265//3325 3524//3325 3511//3325 
f 3513//3325 3501//3325 2978//3325 
f 2978//3325 3525//3325 3526//3325 
f 3516//3325 3514//3325 2968//3325 
f 3527//3325 2976//3325 2974//3325 
f 271//3325 3489//3325 3490//3325 
f 271//3325 448//3325 3488//3325 
f 125//3325 3528//3325 3517//3325 
f 125//3325 3529//3325 3518//3325 
f 179//3325 3530//3325 3531//3325 
f 179//3325 3532//3325 3533//3325 
f 3520//3325 3507//3325 247//3325 
f 3522//3325 3521//3325 251//3325 
f 257//3325 259//3325 3534//3325 
f 259//3325 261//3325 3535//3325 
f 3510//3325 3509//3325 265//3325 
f 3500//3325 3524//3325 265//3325 
f 3515//3325 2962//3325 2960//3325 
f 3515//3325 2966//3325 2964//3325 
f 2978//3325 3536//3325 3525//3325 
f 2974//3325 2972//3325 3527//3325 
f 3488//3325 3489//3325 271//3325 
f 448//3325 3485//3325 3486//3325 
f 3519//3325 3528//3325 125//3325 
f 125//3325 3537//3325 3538//3325 
f 179//3325 3539//3325 3530//3325 
f 3533//3325 3540//3325 179//3325 
f 242//3325 3506//3325 3532//3325 
f 3521//3325 3520//3325 249//3325 
f 253//3325 255//3325 3541//3325 
f 255//3325 257//3325 3542//3325 
f 3535//3325 3534//3325 259//3325 
f 3512//3325 3523//3325 265//3325 
f 2964//3325 2962//3325 3515//3325 
f 2978//3325 3527//3325 3536//3325 
f 3527//3325 2978//3325 2976//3325 
f 271//3325 3493//3325 2941//3325 
f 448//3325 3487//3325 3488//3325 
f 448//3325 3484//3325 3485//3325 
f 3483//3325 448//3325 3434//3325 
f 3538//3325 3529//3325 125//3325 
f 125//3325 3531//3325 3543//3325 
f 3540//3325 3539//3325 179//3325 
f 3506//3325 242//3325 244//3325 
f 3542//3325 3541//3325 255//3325 
f 3508//3325 3535//3325 261//3325 
f 3515//3325 2968//3325 2966//3325 
f 3495//3325 3527//3325 2972//3325 
f 2978//3325 269//3325 271//3325 
f 2958//3325 3544//3325 3545//3325 
f 271//3325 3492//3325 3493//3325 
f 3486//3325 3487//3325 448//3325 
f 3434//3325 3433//3325 3483//3325 
f 3480//3325 3412//3325 3410//3325 
f 3543//3325 3537//3325 125//3325 
f 3532//3325 179//3325 242//3325 
f 3534//3325 3542//3325 257//3325 
f 3526//3325 3503//3325 2978//3325 
f 2978//3325 267//3325 269//3325 
f 2958//3325 3546//3325 3547//3325 
f 3545//3325 3548//3325 2958//3325 
f 271//3325 3491//3325 3492//3325 
f 3483//3325 3484//3325 448//3325 
f 448//3325 3479//3325 3480//3325 
f 448//3325 3477//3325 3478//3325 
f 448//3325 3727//3325 3476//3325 
f 3531//3325 125//3325 179//3325 
f 2960//3325 2958//3325 3515//3325 
f 2978//3325 265//3325 267//3325 
f 2958//3325 3549//3325 3550//3325 
f 3548//3325 3546//3325 2958//3325 
f 3490//3325 3491//3325 271//3325 
f 3478//3325 3479//3325 448//3325 
f 3727//3325 3475//3325 3476//3325 
f 3544//3325 2924//3325 2925//3325 
f 2918//3325 3544//3325 2958//3325 
f 3541//3325 3522//3325 253//3325 
f 271//3325 2982//3325 2980//3325 
f 2958//3325 3551//3325 3552//3325 
f 3547//3325 3549//3325 2958//3325 
f 448//3325 3380//3325 3434//3325 
f 3476//3325 3477//3325 448//3325 
f 3544//3325 2923//3325 2924//3325 
f 2958//3325 2956//3325 2918//3325 
f 271//3325 2980//3325 2978//3325 
f 3550//3325 3551//3325 2958//3325 
f 271//3325 2988//3325 2986//3325 
f 3427//3325 3425//3325 3482//3325 
f 3483//3325 3433//3325 3431//3325 
f 3493//3325 2943//3325 2941//3325 
f 448//3325 3404//3325 3402//3325 
f 448//3325 3408//3325 3406//3325 
f 3480//3325 3414//3325 3412//3325 
f 3480//3325 3418//3325 3416//3325 
f 2925//3325 2926//3325 3544//3325 
f 2918//3325 2921//3325 3544//3325 
f 3552//3325 3515//3325 2958//3325 
f 2986//3325 2984//3325 271//3325 
f 271//3325 2992//3325 2990//3325 
f 271//3325 2939//3325 2993//3325 
f 3482//3325 3425//3325 3423//3325 
f 3483//3325 3429//3325 3427//3325 
f 2941//3325 2939//3325 271//3325 
f 3493//3325 2947//3325 2945//3325 
f 3406//3325 3404//3325 448//3325 
f 3416//3325 3414//3325 3480//3325 
f 2918//3325 2956//3325 2954//3325 
f 2921//3325 2923//3325 3544//3325 
f 2984//3325 2982//3325 271//3325 
f 2993//3325 2992//3325 271//3325 
f 3482//3325 3483//3325 3427//3325 
f 2945//3325 2943//3325 3493//3325 
f 448//3325 3384//3325 3382//3325 
f 448//3325 3388//3325 3386//3325 
f 448//3325 3396//3325 3394//3325 
f 3402//3325 3400//3325 448//3325 
f 3410//3325 448//3325 3480//3325 
f 2926//3325 2927//3325 3544//3325 
f 2990//3325 2988//3325 271//3325 
f 3431//3325 3429//3325 3483//3325 
f 3386//3325 3384//3325 448//3325 
f 2949//3325 3493//3325 3494//3325 
f 448//3325 3398//3325 3396//3325 
f 3410//3325 3408//3325 448//3325 
f 3418//3325 3480//3325 3481//3325 
f 3481//3325 3437//3325 3436//3325 
f 3517//3325 3544//3325 2927//3325 
f 3382//3325 3380//3325 448//3325 
f 3494//3325 2951//3325 2949//3325 
f 3494//3325 2997//3325 2996//3325 
f 3400//3325 3398//3325 448//3325 
f 3436//3325 3420//3325 3481//3325 
f 3423//3325 3468//3325 3482//3325 
f 2996//3325 2951//3325 3494//3325 
f 448//3325 3392//3325 3390//3325 
f 3481//3325 3420//3325 3418//3325 
f 2949//3325 2947//3325 3493//3325 
f 3394//3325 3392//3325 448//3325 
f 3390//3325 3388//3325 448//3325 
f 374//3325 372//3325 3553//3325 
f 372//3325 370//3325 3554//3325 
f 354//3325 3555//3325 3556//3325 
f 352//3325 3557//3325 3555//3325 
f 374//3325 3558//3325 3559//3325 
f 3554//3325 3553//3325 372//3325 
f 3555//3325 354//3325 352//3325 
f 350//3325 3560//3325 3557//3325 
f 350//3325 347//3325 3561//3325 
f 347//3325 346//3325 3562//3325 
f 342//3325 341//3325 3563//3325 
f 3559//3325 448//3325 374//3325 
f 3553//3325 3564//3325 374//3325 
f 370//3325 368//3325 3565//3325 
f 366//3325 3566//3325 3567//3325 
f 3557//3325 352//3325 350//3325 
f 3562//3325 3561//3325 347//3325 
f 342//3325 3568//3325 3569//3325 
f 341//3325 3570//3325 3563//3325 
f 3727//3325 3571//3325 3572//3325 
f 3727//3325 3573//3325 3574//3325 
f 448//3325 3575//3325 3576//3325 
f 448//3325 3577//3325 3578//3325 
f 448//3325 3579//3325 3580//3325 
f 3559//3325 3581//3325 448//3325 
f 3565//3325 3554//3325 370//3325 
f 3567//3325 368//3325 366//3325 
f 364//3325 3582//3325 3566//3325 
f 362//3325 3583//3325 3582//3325 
f 359//3325 3584//3325 3583//3325 
f 358//3325 3585//3325 3584//3325 
f 356//3325 3556//3325 3585//3325 
f 3561//3325 3560//3325 350//3325 
f 346//3325 342//3325 3586//3325 
f 342//3325 3587//3325 3568//3325 
f 3563//3325 3588//3325 342//3325 
f 3727//3325 3589//3325 3590//3325 
f 3727//3325 3591//3325 3571//3325 
f 3727//3325 3592//3325 3593//3325 
f 3574//3325 3594//3325 3727//3325 
f 3727//3325 3595//3325 3596//3325 
f 3727//3325 3597//3325 3598//3325 
f 448//3325 3599//3325 3597//3325 
f 3578//3325 3575//3325 448//3325 
f 448//3325 3600//3325 3579//3325 
f 448//3325 3601//3325 3602//3325 
f 3564//3325 3558//3325 374//3325 
f 3566//3325 366//3325 364//3325 
f 3583//3325 362//3325 359//3325 
f 3585//3325 358//3325 356//3325 
f 3586//3325 3562//3325 346//3325 
f 3588//3325 3587//3325 342//3325 
f 3572//3325 3589//3325 3727//3325 
f 3594//3325 3592//3325 3727//3325 
f 3598//3325 3595//3325 3727//3325 
f 3576//3325 3599//3325 448//3325 
f 3602//3325 3600//3325 448//3325 
f 3567//3325 3565//3325 368//3325 
f 3584//3325 359//3325 358//3325 
f 3569//3325 3586//3325 342//3325 
f 341//3325 3603//3325 3604//3325 
f 3727//3325 3605//3325 3606//3325 
f 3593//3325 3591//3325 3727//3325 
f 3597//3325 3727//3325 448//3325 
f 3581//3325 3601//3325 448//3325 
f 3556//3325 356//3325 354//3325 
f 341//3325 3607//3325 3608//3325 
f 3604//3325 3609//3325 341//3325 
f 3606//3325 341//3325 3727//3325 
f 3596//3325 3573//3325 3727//3325 
f 3582//3325 364//3325 362//3325 
f 3608//3325 3610//3325 341//3325 
f 3606//3325 3603//3325 341//3325 
f 3580//3325 3577//3325 448//3325 
f 3609//3325 3607//3325 341//3325 
f 3610//3325 3570//3325 341//3325 
f 3727//3325 341//3325 3611//3325 
f 309//3325 3612//3325 3613//3325 
f 3611//3325 3614//3325 3727//3325 
f 309//3325 3615//3325 3612//3325 
f 314//3325 3616//3325 3617//3325 
f 317//3325 3618//3325 3616//3325 
f 321//3325 323//3325 3619//3325 
f 323//3325 326//3325 3620//3325 
f 308//3325 303//3325 3621//3325 
f 3727//3325 3622//3325 3623//3325 
f 3614//3325 3624//3325 3727//3325 
f 309//3325 3625//3325 3615//3325 
f 309//3325 3626//3325 3627//3325 
f 3616//3325 314//3325 317//3325 
f 317//3325 319//3325 3628//3325 
f 319//3325 321//3325 3629//3325 
f 3620//3325 3619//3325 323//3325 
f 308//3325 3630//3325 3631//3325 
f 303//3325 3632//3325 3621//3325 
f 303//3325 3633//3325 3634//3325 
f 3727//3325 3635//3325 3636//3325 
f 3727//3325 3637//3325 3638//3325 
f 3727//3325 3639//3325 3640//3325 
f 3623//3325 3641//3325 3727//3325 
f 341//3325 3642//3325 3611//3325 
f 341//3325 3643//3325 3644//3325 
f 3627//3325 3625//3325 309//3325 
f 312//3325 3617//3325 3626//3325 
f 3628//3325 3618//3325 317//3325 
f 3619//3325 3629//3325 321//3325 
f 308//3325 3645//3325 3630//3325 
f 303//3325 3646//3325 3632//3325 
f 303//3325 3647//3325 3648//3325 
f 3634//3325 3649//3325 303//3325 
f 303//3325 3650//3325 3651//3325 
f 303//3325 3652//3325 3653//3325 
f 303//3325 3727//3325 3654//3325 
f 3638//3325 3635//3325 3727//3325 
f 3727//3325 3655//3325 3639//3325 
f 3727//3325 3656//3325 3657//3325 
f 3624//3325 3622//3325 3727//3325 
f 341//3325 3658//3325 3643//3325 
f 341//3325 3659//3325 3660//3325 
f 341//3325 3613//3325 3661//3325 
f 3626//3325 309//3325 312//3325 
f 3629//3325 3628//3325 319//3325 
f 334//3325 336//3325 3662//3325 
f 3621//3325 3645//3325 308//3325 
f 3649//3325 3647//3325 303//3325 
f 3653//3325 3650//3325 303//3325 
f 3636//3325 3654//3325 3727//3325 
f 3657//3325 3655//3325 3727//3325 
f 3644//3325 3642//3325 341//3325 
f 3661//3325 3659//3325 341//3325 
f 3617//3325 312//3325 314//3325 
f 325//3325 330//3325 3663//3325 
f 330//3325 332//3325 3664//3325 
f 332//3325 334//3325 3665//3325 
f 336//3325 3666//3325 3662//3325 
f 338//3325 3667//3325 3666//3325 
f 340//3325 3631//3325 3667//3325 
f 3648//3325 3646//3325 303//3325 
f 3654//3325 3652//3325 303//3325 
f 3641//3325 3656//3325 3727//3325 
f 3613//3325 341//3325 309//3325 
f 326//3325 325//3325 3668//3325 
f 3664//3325 3663//3325 330//3325 
f 3662//3325 3665//3325 334//3325 
f 3667//3325 338//3325 340//3325 
f 3651//3325 3633//3325 303//3325 
f 3660//3325 3658//3325 341//3325 
f 3663//3325 3668//3325 325//3325 
f 3666//3325 336//3325 338//3325 
f 3640//3325 3637//3325 3727//3325 
f 3665//3325 3664//3325 332//3325 
f 3668//3325 3620//3325 326//3325 
f 3196//3325 3251//3325 3249//3325 
f 303//3325 3194//3325 3196//3325 
f 3669//3325 3670//3325 3099//3325 
f 3101//3325 3099//3325 3670//3325 
f 303//3325 3473//3325 3474//3325 
f 303//3325 3192//3325 3194//3325 
f 125//3325 3671//3325 3672//3325 
f 3113//3325 3673//3325 3674//3325 
f 3113//3325 3675//3325 3676//3325 
f 3670//3325 3675//3325 3101//3325 
f 303//3325 3472//3325 3473//3325 
f 3470//3325 303//3325 3217//3325 
f 303//3325 3190//3325 3192//3325 
f 303//3325 3186//3325 3188//3325 
f 300//3325 3180//3325 3182//3325 
f 300//3325 3073//3325 3071//3325 
f 292//3325 3677//3325 3678//3325 
f 125//3325 3679//3325 3680//3325 
f 3672//3325 3681//3325 125//3325 
f 125//3325 3682//3325 3683//3325 
f 125//3325 3113//3325 3684//3325 
f 3674//3325 3685//3325 3113//3325 
f 3676//3325 3686//3325 3113//3325 
f 3687//3325 3097//3325 3095//3325 
f 3097//3325 3687//3325 3669//3325 
f 3093//3325 3688//3325 3689//3325 
f 303//3325 3471//3325 3472//3325 
f 3217//3325 3215//3325 3470//3325 
f 3188//3325 3190//3325 303//3325 
f 300//3325 3184//3325 3186//3325 
f 300//3325 3178//3325 3180//3325 
f 3071//3325 3176//3325 300//3325 
f 298//3325 296//3325 3690//3325 
f 296//3325 294//3325 3691//3325 
f 3678//3325 294//3325 292//3325 
f 290//3325 3692//3325 3677//3325 
f 276//3325 273//3325 3693//3325 
f 273//3325 272//3325 3694//3325 
f 163//3325 3695//3325 3696//3325 
f 163//3325 125//3325 3697//3325 
f 3680//3325 3698//3325 125//3325 
f 125//3325 3699//3325 3671//3325 
f 3684//3325 3682//3325 125//3325 
f 3686//3325 3673//3325 3113//3325 
f 3099//3325 3097//3325 3669//3325 
f 3093//3325 3700//3325 3688//3325 
f 3093//3325 3701//3325 3702//3325 
f 3470//3325 3471//3325 303//3325 
f 3186//3325 303//3325 300//3325 
f 3176//3325 3178//3325 300//3325 
f 3691//3325 3690//3325 296//3325 
f 3677//3325 292//3325 290//3325 
f 288//3325 3703//3325 3692//3325 
f 286//3325 3704//3325 3703//3325 
f 280//3325 3705//3325 3706//3325 
f 278//3325 3707//3325 3705//3325 
f 276//3325 3708//3325 3707//3325 
f 3694//3325 3693//3325 273//3325 
f 163//3325 3709//3325 3695//3325 
f 3697//3325 3710//3325 163//3325 
f 3681//3325 3679//3325 125//3325 
f 3685//3325 3684//3325 3113//3325 
f 3093//3325 3711//3325 3687//3325 
f 3702//3325 3700//3325 3093//3325 
f 3675//3325 3107//3325 3105//3325 
f 3675//3325 3111//3325 3109//3325 
f 125//3325 2931//3325 2932//3325 
f 3474//3325 3727//3325 303//3325 
f 3182//3325 3184//3325 300//3325 
f 3678//3325 3691//3325 294//3325 
f 3703//3325 288//3325 286//3325 
f 284//3325 3712//3325 3704//3325 
f 282//3325 3706//3325 3712//3325 
f 3705//3325 280//3325 278//3325 
f 3693//3325 3708//3325 276//3325 
f 272//3325 163//3325 3713//3325 
f 3710//3325 3709//3325 163//3325 
f 125//3325 3714//3325 3715//3325 
f 3683//3325 3699//3325 125//3325 
f 3689//3325 3711//3325 3093//3325 
f 3109//3325 3107//3325 3675//3325 
f 125//3325 2930//3325 2931//3325 
f 125//3325 2928//3325 2929//3325 
f 3470//3325 3213//3325 3211//3325 
f 3474//3325 3475//3325 3727//3325 
f 303//3325 3223//3325 3221//3325 
f 303//3325 3227//3325 3225//3325 
f 3249//3325 303//3325 3196//3325 
f 3091//3325 300//3325 3716//3325 
f 3692//3325 290//3325 288//3325 
f 3712//3325 284//3325 282//3325 
f 3707//3325 278//3325 276//3325 
f 3696//3325 3713//3325 163//3325 
f 125//3325 3717//3325 3718//3325 
f 3698//3325 3714//3325 125//3325 
f 3675//3325 3103//3325 3101//3325 
f 3675//3325 3113//3325 3111//3325 
f 2929//3325 2930//3325 125//3325 
f 3209//3325 3207//3325 3469//3325 
f 3215//3325 3213//3325 3470//3325 
f 3225//3325 3223//3325 303//3325 
f 303//3325 3231//3325 3229//3325 
f 303//3325 3239//3325 3237//3325 
f 3063//3325 3061//3325 3175//3325 
f 3176//3325 3069//3325 3067//3325 
f 3071//3325 3069//3325 3176//3325 
f 300//3325 3719//3325 3716//3325 
f 3704//3325 286//3325 284//3325 
f 3713//3325 3694//3325 272//3325 
f 3715//3325 3717//3325 125//3325 
f 3105//3325 3103//3325 3675//3325 
f 3115//3325 125//3325 2933//3325 
f 125//3325 2927//3325 2928//3325 
f 3211//3325 3209//3325 3470//3325 
f 3221//3325 3219//3325 303//3325 
f 303//3325 3233//3325 3231//3325 
f 3237//3325 3235//3325 303//3325 
f 303//3325 3243//3325 3241//3325 
f 303//3325 3247//3325 3245//3325 
f 3175//3325 3061//3325 3059//3325 
f 3176//3325 3065//3325 3063//3325 
f 3249//3325 3247//3325 303//3325 
f 3196//3325 3255//3325 3253//3325 
f 3716//3325 3093//3325 3091//3325 
f 300//3325 298//3325 3720//3325 
f 3706//3325 282//3325 280//3325 
f 3095//3325 3093//3325 3687//3325 
f 2932//3325 2933//3325 125//3325 
f 3093//3325 3716//3325 3721//3325 
f 3469//3325 3207//3325 3205//3325 
f 3219//3325 3217//3325 303//3325 
f 3235//3325 3233//3325 303//3325 
f 3245//3325 3243//3325 303//3325 
f 3175//3325 3176//3325 3063//3325 
f 3253//3325 3251//3325 3196//3325 
f 300//3325 3077//3325 3075//3325 
f 300//3325 3081//3325 3079//3325 
f 300//3325 3722//3325 3719//3325 
f 3720//3325 3723//3325 300//3325 
f 3718//3325 3697//3325 125//3325 
f 2933//3325 2934//3325 3115//3325 
f 3093//3325 3724//3325 3725//3325 
f 3721//3325 3726//3325 3093//3325 
f 3469//3325 3470//3325 3209//3325 
f 3241//3325 3239//3325 303//3325 
f 3067//3325 3065//3325 3176//3325 
f 3079//3325 3077//3325 300//3325 
f 3257//3325 3196//3325 3198//3325 
f 300//3325 3089//3325 3087//3325 
f 3723//3325 3722//3325 300//3325 
f 3115//3325 3113//3325 125//3325 
f 3726//3325 3724//3325 3093//3325 
f 3229//3325 3227//3325 303//3325 
f 3075//3325 3073//3325 300//3325 
f 3198//3325 3259//3325 3257//3325 
f 3198//3325 3200//3325 3261//3325 
f 3091//3325 3089//3325 300//3325 
f 3725//3325 3701//3325 3093//3325 
f 3059//3325 3174//3325 3175//3325 
f 3261//3325 3259//3325 3198//3325 
f 300//3325 3085//3325 3083//3325 
f 3690//3325 3720//3325 298//3325 
f 3257//3325 3255//3325 3196//3325 
f 3087//3325 3085//3325 300//3325 
f 3083//3325 3081//3325 300//3325 
f 3205//3325 3320//3325 3469//3325 
f 3631//3325 340//3325 308//3325 
f 3590//3325 3605//3325 3727//3325 
f 2954//3325 2919//3325 2918//3325 
o mesh84
f 3968//3326 345//3326 343//3326 
f 3969//3326 3968//3326 3970//3326 
f 304//3326 307//3326 3971//3326 
f 3972//3326 3973//3326 3278//3326 
f 3278//3326 3280//3326 3972//3326 
f 3973//3326 3274//3326 3276//3326 
f 3276//3326 3278//3326 3973//3326 
f 3969//3326 3206//3326 3208//3326 
f 3280//3326 3282//3326 3972//3326 
f 3973//3326 3268//3326 3270//3326 
f 3973//3326 3264//3326 3266//3326 
f 3971//3326 3220//3326 3222//3326 
f 3971//3326 3216//3326 3218//3326 
f 3971//3326 3210//3326 3212//3326 
f 3208//3326 3971//3326 3969//3326 
f 3973//3326 3272//3326 3274//3326 
f 3266//3326 3268//3326 3973//3326 
f 3971//3326 3232//3326 3234//3326 
f 3971//3326 3224//3326 3226//3326 
f 3218//3326 3220//3326 3971//3326 
f 3208//3326 3210//3326 3971//3326 
f 3972//3326 3296//3326 3298//3326 
f 3972//3326 3290//3326 3292//3326 
f 3972//3326 3284//3326 3286//3326 
f 3270//3326 3272//3326 3973//3326 
f 3971//3326 3240//3326 3242//3326 
f 3971//3326 3236//3326 3238//3326 
f 3971//3326 3230//3326 3232//3326 
f 3226//3326 3228//3326 3971//3326 
f 3971//3326 3214//3326 3216//3326 
f 3969//3326 3203//3326 3206//3326 
f 3969//3326 3314//3326 3316//3326 
f 3969//3326 3298//3326 3300//3326 
f 3972//3326 3294//3326 3296//3326 
f 3972//3326 3288//3326 3290//3326 
f 3282//3326 3284//3326 3972//3326 
f 3973//3326 3971//3326 3246//3326 
f 3238//3326 3240//3326 3971//3326 
f 3228//3326 3230//3326 3971//3326 
f 3212//3326 3214//3326 3971//3326 
f 3316//3326 3204//3326 3969//3326 
f 3298//3326 3969//3326 3972//3326 
f 3286//3326 3288//3326 3972//3326 
f 3973//3326 3260//3326 3262//3326 
f 3973//3326 3256//3326 3258//3326 
f 3973//3326 3248//3326 3250//3326 
f 3971//3326 3244//3326 3246//3326 
f 3234//3326 3236//3326 3971//3326 
f 3204//3326 3203//3326 3969//3326 
f 3292//3326 3294//3326 3972//3326 
f 3258//3326 3260//3326 3973//3326 
f 3246//3326 3248//3326 3973//3326 
f 3222//3326 3224//3326 3971//3326 
f 3262//3326 3264//3326 3973//3326 
f 3973//3326 3252//3326 3254//3326 
f 3242//3326 3244//3326 3971//3326 
f 3969//3326 3310//3326 3312//3326 
f 3254//3326 3256//3326 3973//3326 
f 3312//3326 3314//3326 3969//3326 
f 3969//3326 3306//3326 3308//3326 
f 3969//3326 3302//3326 3304//3326 
f 3250//3326 3252//3326 3973//3326 
f 3304//3326 3306//3326 3969//3326 
f 3308//3326 3310//3326 3969//3326 
f 3974//3326 3975//3326 464//3326 
f 305//3326 304//3326 3973//3326 
f 3976//3326 3977//3326 3104//3326 
f 3104//3326 3106//3326 3976//3326 
f 3977//3326 3100//3326 3102//3326 
f 3102//3326 3104//3326 3977//3326 
f 3972//3326 3150//3326 3152//3326 
f 3106//3326 3108//3326 3976//3326 
f 3977//3326 3094//3326 3096//3326 
f 3977//3326 3090//3326 3092//3326 
f 3973//3326 3162//3326 3164//3326 
f 3973//3326 3158//3326 3160//3326 
f 3973//3326 3152//3326 3154//3326 
f 3972//3326 3148//3326 3150//3326 
f 3977//3326 3098//3326 3100//3326 
f 3092//3326 3094//3326 3977//3326 
f 3973//3326 3066//3326 3068//3326 
f 3973//3326 3057//3326 3060//3326 
f 3973//3326 3166//3326 3168//3326 
f 3160//3326 3162//3326 3973//3326 
f 3152//3326 3973//3326 3972//3326 
f 3976//3326 3116//3326 3118//3326 
f 3976//3326 3110//3326 3112//3326 
f 3096//3326 3098//3326 3977//3326 
f 3068//3326 3977//3326 3973//3326 
f 3973//3326 3062//3326 3064//3326 
f 3973//3326 3058//3326 3057//3326 
f 3168//3326 3170//3326 3973//3326 
f 3973//3326 3156//3326 3158//3326 
f 3972//3326 3146//3326 3148//3326 
f 3972//3326 3140//3326 3142//3326 
f 3976//3326 3124//3326 3126//3326 
f 3976//3326 3120//3326 3122//3326 
f 3976//3326 3114//3326 3116//3326 
f 3108//3326 3110//3326 3976//3326 
f 3064//3326 3066//3326 3973//3326 
f 3170//3326 3058//3326 3973//3326 
f 3154//3326 3156//3326 3973//3326 
f 3142//3326 3144//3326 3972//3326 
f 3122//3326 3124//3326 3976//3326 
f 3112//3326 3114//3326 3976//3326 
f 3977//3326 3086//3326 3088//3326 
f 3977//3326 3082//3326 3084//3326 
f 3977//3326 3074//3326 3076//3326 
f 3977//3326 3070//3326 3072//3326 
f 3060//3326 3062//3326 3973//3326 
f 3144//3326 3146//3326 3972//3326 
f 3118//3326 3120//3326 3976//3326 
f 3084//3326 3086//3326 3977//3326 
f 3072//3326 3074//3326 3977//3326 
f 3164//3326 3166//3326 3973//3326 
f 3088//3326 3090//3326 3977//3326 
f 3977//3326 3078//3326 3080//3326 
f 3068//3326 3070//3326 3977//3326 
f 3972//3326 3136//3326 3138//3326 
f 3972//3326 3976//3326 3132//3326 
f 3080//3326 3082//3326 3977//3326 
f 3138//3326 3140//3326 3972//3326 
f 3132//3326 3134//3326 3972//3326 
f 3976//3326 3128//3326 3130//3326 
f 3076//3326 3078//3326 3977//3326 
f 3130//3326 3132//3326 3976//3326 
f 3134//3326 3136//3326 3972//3326 
f 3978//3326 3974//3326 380//3326 
f 135//3326 3976//3326 3979//3326 
f 3980//3326 3970//3326 3728//3326 
f 3970//3326 3729//3326 3728//3326 
f 3980//3326 3730//3326 3731//3326 
f 3728//3326 3732//3326 3980//3326 
f 3980//3326 3733//3326 3734//3326 
f 3731//3326 3735//3326 3980//3326 
f 3970//3326 3736//3326 3729//3326 
f 3970//3326 3737//3326 3738//3326 
f 3975//3326 3739//3326 3740//3326 
f 3975//3326 3980//3326 3741//3326 
f 3980//3326 3742//3326 3733//3326 
f 3980//3326 3743//3326 3744//3326 
f 3732//3326 3730//3326 3980//3326 
f 3970//3326 3745//3326 3737//3326 
f 3970//3326 3746//3326 3747//3326 
f 3970//3326 3748//3326 3749//3326 
f 3981//3326 3750//3326 3748//3326 
f 3975//3326 3751//3326 3739//3326 
f 3980//3326 3752//3326 3741//3326 
f 3980//3326 3753//3326 3754//3326 
f 3744//3326 3742//3326 3980//3326 
f 3738//3326 3736//3326 3970//3326 
f 3970//3326 3755//3326 3756//3326 
f 3970//3326 3757//3326 3746//3326 
f 3748//3326 3970//3326 3981//3326 
f 3975//3326 3758//3326 3751//3326 
f 3754//3326 3752//3326 3980//3326 
f 3735//3326 3743//3326 3980//3326 
f 3970//3326 3759//3326 3755//3326 
f 3749//3326 3757//3326 3970//3326 
f 3981//3326 3760//3326 3761//3326 
f 3741//3326 3758//3326 3975//3326 
f 3756//3326 3745//3326 3970//3326 
f 3981//3326 3762//3326 3750//3326 
f 3981//3326 3763//3326 3760//3326 
f 3734//3326 3753//3326 3980//3326 
f 3761//3326 3762//3326 3981//3326 
f 3747//3326 3759//3326 3970//3326 
f 3969//3326 3764//3326 3765//3326 
f 3982//3326 3766//3326 3767//3326 
f 3982//3326 3968//3326 3768//3326 
f 3968//3326 3769//3326 3770//3326 
f 3765//3326 3968//3326 3969//3326 
f 3982//3326 3771//3326 3766//3326 
f 3982//3326 3772//3326 3773//3326 
f 3770//3326 3768//3326 3968//3326 
f 3968//3326 3774//3326 3775//3326 
f 3765//3326 3776//3326 3968//3326 
f 3969//3326 3971//3326 3777//3326 
f 3982//3326 3778//3326 3771//3326 
f 3768//3326 3772//3326 3982//3326 
f 3968//3326 3779//3326 3780//3326 
f 3968//3326 3781//3326 3782//3326 
f 3775//3326 3783//3326 3968//3326 
f 3969//3326 3784//3326 3764//3326 
f 3969//3326 3785//3326 3786//3326 
f 3971//3326 3787//3326 3777//3326 
f 3773//3326 3778//3326 3982//3326 
f 3782//3326 3779//3326 3968//3326 
f 3776//3326 3774//3326 3968//3326 
f 3969//3326 3788//3326 3785//3326 
f 3969//3326 3789//3326 3790//3326 
f 3971//3326 3791//3326 3787//3326 
f 3780//3326 3769//3326 3968//3326 
f 3786//3326 3784//3326 3969//3326 
f 3969//3326 3792//3326 3793//3326 
f 3790//3326 3794//3326 3969//3326 
f 3971//3326 3795//3326 3791//3326 
f 3971//3326 3796//3326 3797//3326 
f 3783//3326 3781//3326 3968//3326 
f 3794//3326 3792//3326 3969//3326 
f 3971//3326 3798//3326 3795//3326 
f 3797//3326 3799//3326 3971//3326 
f 3793//3326 3788//3326 3969//3326 
f 3799//3326 3798//3326 3971//3326 
f 3777//3326 3789//3326 3969//3326 
f 3972//3326 3034//3326 3035//3326 
f 3976//3326 3035//3326 3037//3326 
f 3972//3326 3033//3326 3034//3326 
f 3976//3326 3043//3326 3045//3326 
f 3976//3326 3039//3326 3041//3326 
f 3035//3326 3976//3326 3972//3326 
f 3972//3326 3983//3326 3032//3326 
f 3041//3326 3043//3326 3976//3326 
f 3032//3326 3033//3326 3972//3326 
f 3976//3326 3047//3326 3051//3326 
f 3037//3326 3039//3326 3976//3326 
f 3045//3326 3047//3326 3976//3326 
f 3978//3326 3979//3326 2967//3326 
f 3978//3326 2969//3326 2971//3326 
f 3979//3326 2965//3326 2967//3326 
f 2967//3326 2969//3326 3978//3326 
f 2971//3326 2973//3326 3978//3326 
f 3979//3326 2959//3326 2961//3326 
f 3979//3326 2955//3326 2957//3326 
f 3974//3326 3006//3326 3008//3326 
f 3979//3326 2963//3326 2965//3326 
f 2957//3326 2959//3326 3979//3326 
f 3983//3326 3014//3326 3016//3326 
f 3983//3326 3010//3326 3012//3326 
f 3974//3326 3004//3326 3006//3326 
f 3974//3326 3000//3326 3002//3326 
f 3978//3326 2981//3326 2983//3326 
f 3978//3326 2975//3326 2977//3326 
f 2961//3326 2963//3326 3979//3326 
f 3012//3326 3014//3326 3983//3326 
f 3002//3326 3004//3326 3974//3326 
f 3978//3326 2989//3326 2991//3326 
f 3978//3326 2985//3326 2987//3326 
f 3978//3326 2979//3326 2981//3326 
f 2973//3326 2975//3326 3978//3326 
f 3983//3326 3026//3326 3028//3326 
f 3983//3326 3018//3326 3020//3326 
f 3983//3326 3008//3326 3010//3326 
f 3974//3326 2998//3326 3000//3326 
f 3974//3326 2948//3326 2950//3326 
f 3974//3326 3978//3326 2937//3326 
f 2987//3326 2989//3326 3978//3326 
f 2977//3326 2979//3326 3978//3326 
f 3979//3326 2953//3326 2952//3326 
f 3979//3326 3053//3326 3054//3326 
f 3983//3326 3024//3326 3026//3326 
f 3020//3326 3022//3326 3983//3326 
f 3008//3326 3983//3326 3974//3326 
f 2950//3326 2994//3326 3974//3326 
f 3974//3326 2940//3326 2942//3326 
f 3978//3326 2938//3326 2937//3326 
f 2983//3326 2985//3326 3978//3326 
f 3054//3326 2953//3326 3979//3326 
f 3022//3326 3024//3326 3983//3326 
f 2994//3326 2998//3326 3974//3326 
f 2937//3326 2940//3326 3974//3326 
f 2952//3326 2955//3326 3979//3326 
f 3016//3326 3018//3326 3983//3326 
f 3974//3326 2944//3326 2946//3326 
f 2991//3326 2938//3326 3978//3326 
f 3979//3326 3051//3326 3050//3326 
f 2946//3326 2948//3326 3974//3326 
f 3050//3326 3053//3326 3979//3326 
f 2942//3326 2944//3326 3974//3326 
f 3972//3326 3969//3326 3447//3326 
f 3969//3326 3443//3326 3444//3326 
f 3969//3326 3441//3326 3442//3326 
f 3447//3326 3448//3326 3972//3326 
f 3969//3326 3445//3326 3446//3326 
f 3442//3326 3443//3326 3969//3326 
f 3969//3326 3980//3326 3440//3326 
f 3446//3326 3447//3326 3969//3326 
f 3440//3326 3441//3326 3969//3326 
f 3972//3326 3449//3326 3451//3326 
f 3444//3326 3445//3326 3969//3326 
f 3448//3326 3449//3326 3972//3326 
f 3974//3326 3983//3326 3461//3326 
f 3974//3326 3463//3326 3464//3326 
f 3461//3326 3462//3326 3974//3326 
f 3462//3326 3463//3326 3974//3326 
f 3464//3326 3465//3326 3974//3326 
f 3983//3326 3458//3326 3459//3326 
f 3983//3326 3456//3326 3457//3326 
f 3975//3326 3401//3326 3403//3326 
f 3983//3326 3460//3326 3461//3326 
f 3457//3326 3458//3326 3983//3326 
f 3980//3326 3411//3326 3413//3326 
f 3980//3326 3407//3326 3409//3326 
f 3403//3326 3980//3326 3975//3326 
f 3975//3326 3397//3326 3399//3326 
f 3974//3326 3430//3326 3432//3326 
f 3974//3326 3421//3326 3424//3326 
f 3974//3326 3466//3326 3467//3326 
f 3459//3326 3460//3326 3983//3326 
f 3409//3326 3411//3326 3980//3326 
f 3399//3326 3401//3326 3975//3326 
f 3432//3326 3975//3326 3974//3326 
f 3974//3326 3426//3326 3428//3326 
f 3974//3326 3422//3326 3421//3326 
f 3465//3326 3466//3326 3974//3326 
f 3980//3326 3438//3326 3439//3326 
f 3980//3326 3415//3326 3417//3326 
f 3980//3326 3405//3326 3407//3326 
f 3975//3326 3395//3326 3397//3326 
f 3975//3326 3389//3326 3391//3326 
f 3428//3326 3430//3326 3974//3326 
f 3467//3326 3422//3326 3974//3326 
f 3983//3326 3454//3326 3455//3326 
f 3983//3326 3452//3326 3453//3326 
f 3980//3326 3435//3326 3438//3326 
f 3417//3326 3419//3326 3980//3326 
f 3403//3326 3405//3326 3980//3326 
f 3391//3326 3393//3326 3975//3326 
f 3975//3326 3381//3326 3383//3326 
f 3975//3326 3379//3326 3378//3326 
f 3424//3326 3426//3326 3974//3326 
f 3453//3326 3454//3326 3983//3326 
f 3419//3326 3435//3326 3980//3326 
f 3393//3326 3395//3326 3975//3326 
f 3378//3326 3381//3326 3975//3326 
f 3455//3326 3456//3326 3983//3326 
f 3413//3326 3415//3326 3980//3326 
f 3975//3326 3385//3326 3387//3326 
f 3432//3326 3379//3326 3975//3326 
f 3983//3326 3451//3326 3450//3326 
f 3387//3326 3389//3326 3975//3326 
f 3450//3326 3452//3326 3983//3326 
f 3383//3326 3385//3326 3975//3326 
f 3978//3326 413//3326 3800//3326 
f 413//3326 3801//3326 3800//3326 
f 413//3326 3802//3326 3803//3326 
f 270//3326 3804//3326 3805//3326 
f 270//3326 268//3326 3806//3326 
f 268//3326 266//3326 3807//3326 
f 413//3326 3808//3326 3801//3326 
f 413//3326 3809//3326 3802//3326 
f 270//3326 3810//3326 3804//3326 
f 3807//3326 3806//3326 268//3326 
f 3803//3326 3808//3326 413//3326 
f 3805//3326 413//3326 270//3326 
f 3806//3326 3811//3326 270//3326 
f 266//3326 264//3326 3812//3326 
f 262//3326 3813//3326 3814//3326 
f 3805//3326 3809//3326 413//3326 
f 3812//3326 3807//3326 266//3326 
f 3814//3326 264//3326 262//3326 
f 260//3326 3815//3326 3813//3326 
f 248//3326 246//3326 3816//3326 
f 3811//3326 3810//3326 270//3326 
f 3813//3326 262//3326 260//3326 
f 258//3326 3817//3326 3815//3326 
f 256//3326 3818//3326 3817//3326 
f 3816//3326 3819//3326 248//3326 
f 3814//3326 3812//3326 264//3326 
f 3817//3326 258//3326 256//3326 
f 254//3326 3820//3326 3818//3326 
f 252//3326 3821//3326 3820//3326 
f 248//3326 3819//3326 3822//3326 
f 246//3326 245//3326 3816//3326 
f 3815//3326 260//3326 258//3326 
f 3820//3326 254//3326 252//3326 
f 250//3326 3822//3326 3821//3326 
f 245//3326 243//3326 3816//3326 
f 3818//3326 256//3326 254//3326 
f 3822//3326 250//3326 248//3326 
f 3821//3326 252//3326 250//3326 
f 3800//3326 3823//3326 3978//3326 
f 3979//3326 3824//3326 3825//3326 
f 3825//3326 128//3326 3979//3326 
f 128//3326 3826//3326 3827//3326 
f 3825//3326 3828//3326 128//3326 
f 3827//3326 3829//3326 128//3326 
f 3979//3326 3830//3326 3824//3326 
f 3979//3326 3831//3326 3832//3326 
f 3828//3326 3826//3326 128//3326 
f 3979//3326 3833//3326 3831//3326 
f 201//3326 128//3326 3834//3326 
f 128//3326 3835//3326 3836//3326 
f 3832//3326 3830//3326 3979//3326 
f 243//3326 3837//3326 3838//3326 
f 243//3326 241//3326 3839//3326 
f 3834//3326 3840//3326 201//3326 
f 3829//3326 3835//3326 128//3326 
f 3979//3326 3841//3326 3842//3326 
f 3979//3326 3843//3326 3844//3326 
f 3978//3326 3845//3326 3843//3326 
f 3839//3326 3837//3326 243//3326 
f 241//3326 201//3326 3846//3326 
f 128//3326 3847//3326 3834//3326 
f 128//3326 3848//3326 3849//3326 
f 3842//3326 3833//3326 3979//3326 
f 3979//3326 3850//3326 3851//3326 
f 3979//3326 3852//3326 3853//3326 
f 3843//3326 3979//3326 3978//3326 
f 3846//3326 3839//3326 241//3326 
f 3849//3326 3847//3326 128//3326 
f 128//3326 3854//3326 3855//3326 
f 3851//3326 3841//3326 3979//3326 
f 3844//3326 3852//3326 3979//3326 
f 3978//3326 3856//3326 3857//3326 
f 3840//3326 3846//3326 201//3326 
f 3836//3326 3854//3326 128//3326 
f 3978//3326 3858//3326 3845//3326 
f 3978//3326 3859//3326 3856//3326 
f 3855//3326 3848//3326 128//3326 
f 3857//3326 3858//3326 3978//3326 
f 3853//3326 3850//3326 3979//3326 
f 3976//3326 3860//3326 3861//3326 
f 3976//3326 3862//3326 3860//3326 
f 3976//3326 3863//3326 3864//3326 
f 135//3326 3865//3326 3866//3326 
f 3976//3326 3867//3326 3862//3326 
f 3976//3326 3868//3326 3863//3326 
f 3976//3326 3869//3326 3870//3326 
f 3866//3326 3976//3326 135//3326 
f 3864//3326 3867//3326 3976//3326 
f 3870//3326 3871//3326 3976//3326 
f 3866//3326 3872//3326 3976//3326 
f 3871//3326 3868//3326 3976//3326 
f 135//3326 3873//3326 3865//3326 
f 135//3326 3874//3326 3875//3326 
f 3977//3326 3876//3326 3877//3326 
f 3872//3326 3869//3326 3976//3326 
f 135//3326 3878//3326 3874//3326 
f 141//3326 3879//3326 3880//3326 
f 141//3326 3881//3326 3882//3326 
f 3977//3326 3883//3326 3876//3326 
f 3977//3326 3861//3326 3884//3326 
f 3875//3326 3873//3326 135//3326 
f 135//3326 3885//3326 3886//3326 
f 141//3326 3887//3326 3879//3326 
f 141//3326 3888//3326 3881//3326 
f 3977//3326 3889//3326 3883//3326 
f 3884//3326 3890//3326 3977//3326 
f 3886//3326 3878//3326 135//3326 
f 135//3326 3880//3326 3891//3326 
f 3882//3326 3887//3326 141//3326 
f 302//3326 3892//3326 3888//3326 
f 274//3326 3893//3326 3892//3326 
f 274//3326 3894//3326 3895//3326 
f 3890//3326 3889//3326 3977//3326 
f 3891//3326 3885//3326 135//3326 
f 3888//3326 141//3326 302//3326 
f 3895//3326 3893//3326 274//3326 
f 3861//3326 3977//3326 3976//3326 
f 3892//3326 302//3326 274//3326 
f 3880//3326 135//3326 141//3326 
f 299//3326 3896//3326 3897//3326 
f 301//3326 3898//3326 3896//3326 
f 293//3326 295//3326 3899//3326 
f 297//3326 3897//3326 3900//3326 
f 3896//3326 299//3326 301//3326 
f 291//3326 293//3326 3901//3326 
f 295//3326 3900//3326 3899//3326 
f 3897//3326 297//3326 299//3326 
f 301//3326 305//3326 3902//3326 
f 3899//3326 3901//3326 293//3326 
f 301//3326 3903//3326 3898//3326 
f 3902//3326 3904//3326 301//3326 
f 287//3326 289//3326 3905//3326 
f 289//3326 291//3326 3906//3326 
f 3900//3326 295//3326 297//3326 
f 305//3326 3907//3326 3902//3326 
f 279//3326 3908//3326 3894//3326 
f 3906//3326 3905//3326 289//3326 
f 3904//3326 3903//3326 301//3326 
f 3894//3326 275//3326 277//3326 
f 3901//3326 3906//3326 291//3326 
f 305//3326 3909//3326 3910//3326 
f 3894//3326 274//3326 275//3326 
f 279//3326 281//3326 3911//3326 
f 283//3326 285//3326 3912//3326 
f 285//3326 287//3326 3913//3326 
f 3910//3326 3907//3326 305//3326 
f 305//3326 3914//3326 3915//3326 
f 3911//3326 3908//3326 279//3326 
f 281//3326 283//3326 3916//3326 
f 3913//3326 3912//3326 285//3326 
f 3915//3326 3909//3326 305//3326 
f 3977//3326 3917//3326 3918//3326 
f 3916//3326 3911//3326 281//3326 
f 3905//3326 3913//3326 287//3326 
f 3918//3326 305//3326 3977//3326 
f 3912//3326 3916//3326 283//3326 
f 3977//3326 3919//3326 3917//3326 
f 3918//3326 3914//3326 305//3326 
f 306//3326 339//3326 3920//3326 
f 339//3326 337//3326 3921//3326 
f 306//3326 3922//3326 3923//3326 
f 3921//3326 3920//3326 339//3326 
f 306//3326 3924//3326 3922//3326 
f 3920//3326 3925//3326 306//3326 
f 337//3326 335//3326 3926//3326 
f 333//3326 3927//3326 3928//3326 
f 307//3326 3929//3326 3930//3326 
f 3923//3326 307//3326 306//3326 
f 3926//3326 3921//3326 337//3326 
f 3928//3326 335//3326 333//3326 
f 331//3326 3931//3326 3927//3326 
f 307//3326 3932//3326 3929//3326 
f 307//3326 3933//3326 3934//3326 
f 3925//3326 3924//3326 306//3326 
f 3927//3326 333//3326 331//3326 
f 329//3326 3935//3326 3931//3326 
f 328//3326 3936//3326 3935//3326 
f 3934//3326 3932//3326 307//3326 
f 3928//3326 3926//3326 335//3326 
f 3935//3326 329//3326 328//3326 
f 327//3326 3937//3326 3936//3326 
f 3971//3326 307//3326 3938//3326 
f 3923//3326 3933//3326 307//3326 
f 3936//3326 328//3326 327//3326 
f 3982//3326 3939//3326 3940//3326 
f 3938//3326 3941//3326 3971//3326 
f 3931//3326 331//3326 329//3326 
f 327//3326 3940//3326 3942//3326 
f 3982//3326 3943//3326 3939//3326 
f 3930//3326 3938//3326 307//3326 
f 3940//3326 327//3326 3982//3326 
f 3942//3326 3937//3326 327//3326 
f 3982//3326 322//3326 320//3326 
f 3982//3326 316//3326 315//3326 
f 3982//3326 324//3326 322//3326 
f 3982//3326 318//3326 316//3326 
f 3982//3326 327//3326 324//3326 
f 320//3326 318//3326 3982//3326 
f 3968//3326 3982//3326 310//3326 
f 3982//3326 313//3326 311//3326 
f 311//3326 310//3326 3982//3326 
f 3981//3326 344//3326 377//3326 
f 3970//3326 343//3326 344//3326 
f 344//3326 3981//3326 3970//3326 
f 3981//3326 353//3326 355//3326 
f 355//3326 357//3326 3981//3326 
f 3981//3326 348//3326 349//3326 
f 357//3326 376//3326 3981//3326 
f 349//3326 351//3326 3981//3326 
f 351//3326 353//3326 3981//3326 
f 373//3326 3944//3326 3945//3326 
f 375//3326 3946//3326 3944//3326 
f 367//3326 369//3326 3947//3326 
f 371//3326 3945//3326 3948//3326 
f 3944//3326 373//3326 375//3326 
f 3981//3326 361//3326 3949//3326 
f 361//3326 360//3326 3950//3326 
f 360//3326 363//3326 3951//3326 
f 363//3326 365//3326 3952//3326 
f 365//3326 367//3326 3953//3326 
f 369//3326 3948//3326 3947//3326 
f 3945//3326 371//3326 373//3326 
f 375//3326 464//3326 3954//3326 
f 3949//3326 3955//3326 3981//3326 
f 3950//3326 3956//3326 361//3326 
f 3952//3326 3951//3326 363//3326 
f 3947//3326 3953//3326 367//3326 
f 375//3326 3957//3326 3946//3326 
f 3954//3326 3958//3326 375//3326 
f 361//3326 3959//3326 3949//3326 
f 3951//3326 3950//3326 360//3326 
f 3948//3326 369//3326 371//3326 
f 464//3326 3960//3326 3954//3326 
f 464//3326 3961//3326 3962//3326 
f 3956//3326 3959//3326 361//3326 
f 3958//3326 3957//3326 375//3326 
f 464//3326 3963//3326 3964//3326 
f 3962//3326 3965//3326 464//3326 
f 3953//3326 3952//3326 365//3326 
f 3965//3326 3963//3326 464//3326 
f 3975//3326 3966//3326 3961//3326 
f 3964//3326 3960//3326 464//3326 
f 3975//3326 3967//3326 3966//3326 
f 3961//3326 464//3326 3975//3326 
f 3955//3326 3763//3326 3981//3326 
f 376//3326 361//3326 3981//3326 
f 377//3326 348//3326 3981//3326 
f 310//3326 345//3326 3968//3326 
f 315//3326 313//3326 3982//3326 
f 3941//3326 3796//3326 3971//3326 
f 3894//3326 277//3326 279//3326 
f 3877//3326 3919//3326 3977//3326 
f 3838//3326 3816//3326 243//3326 
f 3823//3326 3859//3326 3978//3326 
f 3439//3326 3440//3326 3980//3326 
f 3451//3326 3983//3326 3972//3326 
f 3028//3326 3032//3326 3983//3326 
f 3051//3326 3979//3326 3976//3326 
f 3767//3326 3943//3326 3982//3326 
f 3740//3326 3967//3326 3975//3326 
f 3979//3326 128//3326 135//3326 
f 380//3326 413//3326 3978//3326 
f 3126//3326 3128//3326 3976//3326 
f 3973//3326 3977//3326 305//3326 
f 464//3326 380//3326 3974//3326 
f 3300//3326 3302//3326 3969//3326 
f 3971//3326 3973//3326 304//3326 
f 3970//3326 3980//3326 3969//3326 
f 343//3326 3970//3326 3968//3326 
o mesh85
f 3872//3327 3866//3328 3672//3328 
f 3869//3329 3872//3327 3671//3330 
f 3870//3331 3869//3329 3699//3332 
f 3871//3333 3870//3331 3683//3334 
f 3868//3335 3871//3333 3682//3336 
f 3863//3337 3868//3335 3684//3338 
f 3864//3339 3863//3337 3685//3340 
f 3867//3341 3864//3339 3674//3342 
f 3862//3343 3867//3341 3673//3344 
f 3860//3345 3862//3343 3686//3346 
f 3861//3347 3860//3345 3676//3348 
f 3884//3349 3861//3347 3675//3350 
f 3890//3351 3884//3349 3670//3352 
f 3889//3353 3890//3351 3669//3354 
f 3883//3355 3889//3353 3687//3356 
f 3876//3357 3883//3355 3711//3358 
f 3877//3359 3876//3357 3689//3360 
f 3688//3359 3700//3361 3919//3362 
f 3700//3361 3917//3361 3919//3362 
f 3918//3363 3917//3361 3700//3361 
f 3914//3364 3918//3363 3702//3363 
f 3915//3365 3914//3364 3701//3364 
f 3909//3366 3915//3365 3725//3365 
f 3910//3367 3909//3366 3724//3366 
f 3907//3368 3910//3367 3726//3367 
f 3902//3369 3907//3368 3721//3368 
f 3904//3370 3902//3369 3716//3369 
f 3903//3371 3904//3370 3719//3370 
f 3898//3372 3903//3371 3722//3371 
f 3896//3373 3898//3372 3723//3372 
f 3897//3374 3896//3373 3720//3373 
f 3900//3375 3897//3374 3690//3374 
f 3899//3376 3900//3375 3691//3375 
f 3901//3377 3899//3376 3678//3376 
f 3906//3378 3901//3377 3677//3377 
f 3905//3379 3906//3378 3692//3378 
f 3913//3380 3905//3379 3703//3379 
f 3912//3381 3913//3380 3704//3380 
f 3916//3382 3912//3381 3712//3381 
f 3911//3383 3916//3382 3706//3382 
f 3908//3384 3911//3383 3705//3383 
f 3708//3385 3895//3385 3894//3386 
f 3894//3386 3707//3387 3708//3385 
f 3893//3388 3895//3385 3708//3385 
f 3892//3389 3893//3388 3693//3388 
f 3888//3390 3892//3389 3694//3389 
f 3881//3391 3888//3390 3713//3390 
f 3882//3392 3881//3391 3696//3391 
f 3887//3393 3882//3392 3695//3392 
f 3879//3394 3887//3393 3709//3393 
f 3880//3395 3879//3394 3710//3394 
f 3891//3396 3880//3395 3697//3395 
f 3885//3397 3891//3396 3718//3396 
f 3886//3398 3885//3397 3717//3397 
f 3878//3399 3886//3398 3715//3398 
f 3874//3400 3878//3399 3714//3399 
f 3875//3401 3874//3400 3698//3400 
f 3873//3402 3875//3401 3680//3401 
f 3865//3403 3873//3402 3679//3402 
f 3866//3328 3865//3403 3681//3403 
f 3681//3403 3672//3328 3866//3328 
f 3679//3402 3681//3403 3865//3403 
f 3680//3401 3679//3402 3873//3402 
f 3698//3400 3680//3401 3875//3401 
f 3714//3399 3698//3400 3874//3400 
f 3715//3398 3714//3399 3878//3399 
f 3717//3397 3715//3398 3886//3398 
f 3718//3396 3717//3397 3885//3397 
f 3697//3395 3718//3396 3891//3396 
f 3710//3394 3697//3395 3880//3395 
f 3709//3393 3710//3394 3879//3394 
f 3695//3392 3709//3393 3887//3393 
f 3696//3391 3695//3392 3882//3392 
f 3713//3390 3696//3391 3881//3391 
f 3694//3389 3713//3390 3888//3390 
f 3693//3388 3694//3389 3892//3389 
f 3708//3385 3693//3388 3893//3388 
f 3894//3386 3908//3384 3707//3387 
f 3705//3383 3707//3387 3908//3384 
f 3706//3382 3705//3383 3911//3383 
f 3712//3381 3706//3382 3916//3382 
f 3704//3380 3712//3381 3912//3381 
f 3703//3379 3704//3380 3913//3380 
f 3692//3378 3703//3379 3905//3379 
f 3677//3377 3692//3378 3906//3378 
f 3678//3376 3677//3377 3901//3377 
f 3691//3375 3678//3376 3899//3376 
f 3690//3374 3691//3375 3900//3375 
f 3720//3373 3690//3374 3897//3374 
f 3723//3372 3720//3373 3896//3373 
f 3722//3371 3723//3372 3898//3372 
f 3719//3370 3722//3371 3903//3371 
f 3716//3369 3719//3370 3904//3370 
f 3721//3368 3716//3369 3902//3369 
f 3726//3367 3721//3368 3907//3368 
f 3724//3366 3726//3367 3910//3367 
f 3725//3365 3724//3366 3909//3366 
f 3701//3364 3725//3365 3915//3365 
f 3702//3363 3701//3364 3914//3364 
f 3700//3361 3702//3363 3918//3363 
f 3919//3362 3877//3359 3688//3359 
f 3689//3360 3688//3359 3877//3359 
f 3711//3358 3689//3360 3876//3357 
f 3687//3356 3711//3358 3883//3355 
f 3669//3354 3687//3356 3889//3353 
f 3670//3352 3669//3354 3890//3351 
f 3675//3350 3670//3352 3884//3349 
f 3676//3348 3675//3350 3861//3347 
f 3686//3346 3676//3348 3860//3345 
f 3673//3344 3686//3346 3862//3343 
f 3674//3342 3673//3344 3867//3341 
f 3685//3340 3674//3342 3864//3339 
f 3684//3338 3685//3340 3863//3337 
f 3682//3336 3684//3338 3868//3335 
f 3683//3334 3682//3336 3871//3333 
f 3699//3332 3683//3334 3870//3331 
f 3671//3330 3699//3332 3869//3329 
f 3672//3328 3671//3330 3872//3327 
o mesh86
f 3811//3404 3806//3405 3499//3405 
f 3810//3406 3811//3404 3498//3407 
f 3804//3408 3810//3406 3523//3409 
f 3805//3410 3804//3408 3512//3411 
f 3809//3412 3805//3410 3511//3413 
f 3802//3414 3809//3412 3524//3415 
f 3803//3416 3802//3414 3500//3417 
f 3808//3418 3803//3416 3502//3419 
f 3801//3420 3808//3418 3501//3421 
f 3800//3422 3801//3420 3513//3423 
f 3823//3424 3800//3422 3504//3425 
f 3526//3426 3856//3426 3859//3427 
f 3859//3427 3503//3428 3526//3426 
f 3857//3429 3856//3426 3526//3426 
f 3858//3430 3857//3429 3525//3429 
f 3845//3431 3858//3430 3536//3430 
f 3843//3432 3845//3431 3527//3431 
f 3844//3433 3843//3432 3495//3432 
f 3852//3434 3844//3433 3496//3433 
f 3853//3435 3852//3434 3514//3434 
f 3850//3436 3853//3435 3516//3435 
f 3851//3437 3850//3436 3515//3436 
f 3841//3438 3851//3437 3552//3437 
f 3842//3439 3841//3438 3551//3438 
f 3833//3440 3842//3439 3550//3439 
f 3831//3441 3833//3440 3549//3440 
f 3832//3442 3831//3441 3547//3441 
f 3830//3443 3832//3442 3546//3442 
f 3824//3444 3830//3443 3548//3443 
f 3825//3445 3824//3444 3545//3444 
f 3828//3446 3825//3445 3544//3445 
f 3826//3447 3828//3446 3517//3446 
f 3827//3448 3826//3447 3528//3447 
f 3829//3449 3827//3448 3519//3448 
f 3835//3450 3829//3449 3518//3449 
f 3836//3451 3835//3450 3529//3450 
f 3854//3452 3836//3451 3538//3451 
f 3855//3453 3854//3452 3537//3452 
f 3848//3454 3855//3453 3543//3453 
f 3849//3455 3848//3454 3531//3454 
f 3847//3456 3849//3455 3530//3455 
f 3834//3457 3847//3456 3539//3456 
f 3840//3458 3834//3457 3540//3457 
f 3846//3459 3840//3458 3533//3458 
f 3839//3460 3846//3459 3532//3459 
f 3837//3461 3839//3460 3506//3460 
f 3838//3462 3837//3461 3505//3461 
f 3507//3462 3520//3463 3816//3464 
f 3520//3463 3819//3463 3816//3464 
f 3822//3465 3819//3463 3520//3463 
f 3821//3466 3822//3465 3521//3465 
f 3820//3467 3821//3466 3522//3466 
f 3818//3468 3820//3467 3541//3467 
f 3817//3469 3818//3468 3542//3468 
f 3815//3470 3817//3469 3534//3469 
f 3813//3471 3815//3470 3535//3470 
f 3814//3472 3813//3471 3508//3471 
f 3812//3473 3814//3472 3497//3472 
f 3807//3474 3812//3473 3509//3473 
f 3806//3405 3807//3474 3510//3474 
f 3510//3474 3499//3405 3806//3405 
f 3509//3473 3510//3474 3807//3474 
f 3497//3472 3509//3473 3812//3473 
f 3508//3471 3497//3472 3814//3472 
f 3535//3470 3508//3471 3813//3471 
f 3534//3469 3535//3470 3815//3470 
f 3542//3468 3534//3469 3817//3469 
f 3541//3467 3542//3468 3818//3468 
f 3522//3466 3541//3467 3820//3467 
f 3521//3465 3522//3466 3821//3466 
f 3520//3463 3521//3465 3822//3465 
f 3816//3464 3838//3462 3507//3462 
f 3505//3461 3507//3462 3838//3462 
f 3506//3460 3505//3461 3837//3461 
f 3532//3459 3506//3460 3839//3460 
f 3533//3458 3532//3459 3846//3459 
f 3540//3457 3533//3458 3840//3458 
f 3539//3456 3540//3457 3834//3457 
f 3530//3455 3539//3456 3847//3456 
f 3531//3454 3530//3455 3849//3455 
f 3543//3453 3531//3454 3848//3454 
f 3537//3452 3543//3453 3855//3453 
f 3538//3451 3537//3452 3854//3452 
f 3529//3450 3538//3451 3836//3451 
f 3518//3449 3529//3450 3835//3450 
f 3519//3448 3518//3449 3829//3449 
f 3528//3447 3519//3448 3827//3448 
f 3517//3446 3528//3447 3826//3447 
f 3544//3445 3517//3446 3828//3446 
f 3545//3444 3544//3445 3825//3445 
f 3548//3443 3545//3444 3824//3444 
f 3546//3442 3548//3443 3830//3443 
f 3547//3441 3546//3442 3832//3442 
f 3549//3440 3547//3441 3831//3441 
f 3550//3439 3549//3440 3833//3440 
f 3551//3438 3550//3439 3842//3439 
f 3552//3437 3551//3438 3841//3438 
f 3515//3436 3552//3437 3851//3437 
f 3516//3435 3515//3436 3850//3436 
f 3514//3434 3516//3435 3853//3435 
f 3496//3433 3514//3434 3852//3434 
f 3495//3432 3496//3433 3844//3433 
f 3527//3431 3495//3432 3843//3432 
f 3536//3430 3527//3431 3845//3431 
f 3525//3429 3536//3430 3858//3430 
f 3526//3426 3525//3429 3857//3429 
f 3859//3427 3823//3424 3503//3428 
f 3504//3425 3503//3428 3823//3424 
f 3513//3423 3504//3425 3800//3422 
f 3501//3421 3513//3423 3801//3420 
f 3502//3419 3501//3421 3808//3418 
f 3500//3417 3502//3419 3803//3416 
f 3524//3415 3500//3417 3802//3414 
f 3511//3413 3524//3415 3809//3412 
f 3512//3411 3511//3413 3805//3410 
f 3523//3409 3512//3411 3804//3408 
f 3498//3407 3523//3409 3810//3406 
f 3499//3405 3498//3407 3811//3404 
o mesh87
f 3945//3475 3944//3476 3553//3476 
f 3948//3477 3945//3475 3554//3478 
f 3947//3479 3948//3477 3565//3480 
f 3953//3481 3947//3479 3567//3482 
f 3952//3483 3953//3481 3566//3484 
f 3951//3485 3952//3483 3582//3486 
f 3950//3487 3951//3485 3583//3488 
f 3956//3489 3950//3487 3584//3490 
f 3959//3491 3956//3489 3585//3492 
f 3949//3493 3959//3491 3556//3494 
f 3955//3495 3949//3493 3555//3496 
f 3560//3497 3760//3497 3763//3498 
f 3763//3498 3557//3499 3560//3497 
f 3761//3500 3760//3497 3560//3497 
f 3762//3501 3761//3500 3561//3500 
f 3750//3502 3762//3501 3562//3501 
f 3748//3503 3750//3502 3586//3502 
f 3749//3504 3748//3503 3569//3503 
f 3757//3505 3749//3504 3568//3504 
f 3746//3506 3757//3505 3587//3505 
f 3747//3507 3746//3506 3588//3506 
f 3759//3508 3747//3507 3563//3507 
f 3755//3509 3759//3508 3570//3508 
f 3756//3510 3755//3509 3610//3509 
f 3745//3511 3756//3510 3608//3510 
f 3737//3512 3745//3511 3607//3511 
f 3738//3513 3737//3512 3609//3512 
f 3736//3514 3738//3513 3604//3513 
f 3729//3515 3736//3514 3603//3514 
f 3728//3516 3729//3515 3606//3515 
f 3732//3517 3728//3516 3605//3516 
f 3730//3518 3732//3517 3590//3517 
f 3731//3519 3730//3518 3589//3518 
f 3735//3520 3731//3519 3572//3519 
f 3743//3521 3735//3520 3571//3520 
f 3744//3522 3743//3521 3591//3521 
f 3742//3523 3744//3522 3593//3522 
f 3733//3524 3742//3523 3592//3523 
f 3734//3525 3733//3524 3594//3524 
f 3753//3526 3734//3525 3574//3525 
f 3754//3527 3753//3526 3573//3526 
f 3752//3528 3754//3527 3596//3527 
f 3741//3529 3752//3528 3595//3528 
f 3758//3530 3741//3529 3598//3529 
f 3751//3531 3758//3530 3597//3530 
f 3739//3532 3751//3531 3599//3531 
f 3740//3533 3739//3532 3576//3532 
f 3575//3533 3578//3534 3967//3535 
f 3578//3534 3966//3534 3967//3535 
f 3961//3536 3966//3534 3578//3534 
f 3962//3537 3961//3536 3577//3536 
f 3965//3538 3962//3537 3580//3537 
f 3963//3539 3965//3538 3579//3538 
f 3964//3540 3963//3539 3600//3539 
f 3960//3541 3964//3540 3602//3540 
f 3954//3542 3960//3541 3601//3541 
f 3958//3543 3954//3542 3581//3542 
f 3957//3544 3958//3543 3559//3543 
f 3946//3545 3957//3544 3558//3544 
f 3944//3476 3946//3545 3564//3545 
f 3564//3545 3553//3476 3944//3476 
f 3558//3544 3564//3545 3946//3545 
f 3559//3543 3558//3544 3957//3544 
f 3581//3542 3559//3543 3958//3543 
f 3601//3541 3581//3542 3954//3542 
f 3602//3540 3601//3541 3960//3541 
f 3600//3539 3602//3540 3964//3540 
f 3579//3538 3600//3539 3963//3539 
f 3580//3537 3579//3538 3965//3538 
f 3577//3536 3580//3537 3962//3537 
f 3578//3534 3577//3536 3961//3536 
f 3967//3535 3740//3533 3575//3533 
f 3576//3532 3575//3533 3740//3533 
f 3599//3531 3576//3532 3739//3532 
f 3597//3530 3599//3531 3751//3531 
f 3598//3529 3597//3530 3758//3530 
f 3595//3528 3598//3529 3741//3529 
f 3596//3527 3595//3528 3752//3528 
f 3573//3526 3596//3527 3754//3527 
f 3574//3525 3573//3526 3753//3526 
f 3594//3524 3574//3525 3734//3525 
f 3592//3523 3594//3524 3733//3524 
f 3593//3522 3592//3523 3742//3523 
f 3591//3521 3593//3522 3744//3522 
f 3571//3520 3591//3521 3743//3521 
f 3572//3519 3571//3520 3735//3520 
f 3589//3518 3572//3519 3731//3519 
f 3590//3517 3589//3518 3730//3518 
f 3605//3516 3590//3517 3732//3517 
f 3606//3515 3605//3516 3728//3516 
f 3603//3514 3606//3515 3729//3515 
f 3604//3513 3603//3514 3736//3514 
f 3609//3512 3604//3513 3738//3513 
f 3607//3511 3609//3512 3737//3512 
f 3608//3510 3607//3511 3745//3511 
f 3610//3509 3608//3510 3756//3510 
f 3570//3508 3610//3509 3755//3509 
f 3563//3507 3570//3508 3759//3508 
f 3588//3506 3563//3507 3747//3507 
f 3587//3505 3588//3506 3746//3506 
f 3568//3504 3587//3505 3757//3505 
f 3569//3503 3568//3504 3749//3504 
f 3586//3502 3569//3503 3748//3503 
f 3562//3501 3586//3502 3750//3502 
f 3561//3500 3562//3501 3762//3501 
f 3560//3497 3561//3500 3761//3500 
f 3763//3498 3955//3495 3557//3499 
f 3555//3496 3557//3499 3955//3495 
f 3556//3494 3555//3496 3949//3493 
f 3585//3492 3556//3494 3959//3491 
f 3584//3490 3585//3492 3956//3489 
f 3583//3488 3584//3490 3950//3487 
f 3582//3486 3583//3488 3951//3485 
f 3566//3484 3582//3486 3952//3483 
f 3567//3482 3566//3484 3953//3481 
f 3565//3480 3567//3482 3947//3479 
f 3554//3478 3565//3480 3948//3477 
f 3553//3476 3554//3478 3945//3475 
o mesh88
f 3776//3546 3765//3547 3614//3547 
f 3774//3548 3776//3546 3611//3549 
f 3775//3550 3774//3548 3642//3551 
f 3783//3552 3775//3550 3644//3553 
f 3781//3554 3783//3552 3643//3555 
f 3782//3556 3781//3554 3658//3557 
f 3779//3558 3782//3556 3660//3559 
f 3780//3560 3779//3558 3659//3561 
f 3769//3562 3780//3560 3661//3563 
f 3770//3564 3769//3562 3613//3565 
f 3768//3566 3770//3564 3612//3567 
f 3772//3568 3768//3566 3615//3569 
f 3773//3570 3772//3568 3625//3571 
f 3778//3572 3773//3570 3627//3573 
f 3771//3574 3778//3572 3626//3575 
f 3766//3576 3771//3574 3617//3577 
f 3767//3578 3766//3576 3616//3579 
f 3618//3578 3628//3580 3943//3581 
f 3628//3580 3939//3580 3943//3581 
f 3940//3582 3939//3580 3628//3580 
f 3942//3583 3940//3582 3629//3582 
f 3937//3584 3942//3583 3619//3583 
f 3936//3585 3937//3584 3620//3584 
f 3935//3586 3936//3585 3668//3585 
f 3931//3587 3935//3586 3663//3586 
f 3927//3588 3931//3587 3664//3587 
f 3928//3589 3927//3588 3665//3588 
f 3926//3590 3928//3589 3662//3589 
f 3921//3591 3926//3590 3666//3590 
f 3920//3592 3921//3591 3667//3591 
f 3925//3593 3920//3592 3631//3592 
f 3924//3594 3925//3593 3630//3593 
f 3922//3595 3924//3594 3645//3594 
f 3923//3596 3922//3595 3621//3595 
f 3933//3597 3923//3596 3632//3596 
f 3934//3598 3933//3597 3646//3597 
f 3932//3599 3934//3598 3648//3598 
f 3929//3600 3932//3599 3647//3599 
f 3930//3601 3929//3600 3649//3600 
f 3938//3602 3930//3601 3634//3601 
f 3941//3603 3938//3602 3633//3602 
f 3650//3604 3797//3604 3796//3605 
f 3796//3605 3651//3606 3650//3604 
f 3799//3607 3797//3604 3650//3604 
f 3798//3608 3799//3607 3653//3607 
f 3795//3609 3798//3608 3652//3608 
f 3791//3610 3795//3609 3654//3609 
f 3787//3611 3791//3610 3636//3610 
f 3777//3612 3787//3611 3635//3611 
f 3789//3613 3777//3612 3638//3612 
f 3790//3614 3789//3613 3637//3613 
f 3794//3615 3790//3614 3640//3614 
f 3792//3616 3794//3615 3639//3615 
f 3793//3617 3792//3616 3655//3616 
f 3788//3618 3793//3617 3657//3617 
f 3785//3619 3788//3618 3656//3618 
f 3786//3620 3785//3619 3641//3619 
f 3784//3621 3786//3620 3623//3620 
f 3764//3622 3784//3621 3622//3621 
f 3765//3547 3764//3622 3624//3622 
f 3624//3622 3614//3547 3765//3547 
f 3622//3621 3624//3622 3764//3622 
f 3623//3620 3622//3621 3784//3621 
f 3641//3619 3623//3620 3786//3620 
f 3656//3618 3641//3619 3785//3619 
f 3657//3617 3656//3618 3788//3618 
f 3655//3616 3657//3617 3793//3617 
f 3639//3615 3655//3616 3792//3616 
f 3640//3614 3639//3615 3794//3615 
f 3637//3613 3640//3614 3790//3614 
f 3638//3612 3637//3613 3789//3613 
f 3635//3611 3638//3612 3777//3612 
f 3636//3610 3635//3611 3787//3611 
f 3654//3609 3636//3610 3791//3610 
f 3652//3608 3654//3609 3795//3609 
f 3653//3607 3652//3608 3798//3608 
f 3650//3604 3653//3607 3799//3607 
f 3796//3605 3941//3603 3651//3606 
f 3633//3602 3651//3606 3941//3603 
f 3634//3601 3633//3602 3938//3602 
f 3649//3600 3634//3601 3930//3601 
f 3647//3599 3649//3600 3929//3600 
f 3648//3598 3647//3599 3932//3599 
f 3646//3597 3648//3598 3934//3598 
f 3632//3596 3646//3597 3933//3597 
f 3621//3595 3632//3596 3923//3596 
f 3645//3594 3621//3595 3922//3595 
f 3630//3593 3645//3594 3924//3594 
f 3631//3592 3630//3593 3925//3593 
f 3667//3591 3631//3592 3920//3592 
f 3666//3590 3667//3591 3921//3591 
f 3662//3589 3666//3590 3926//3590 
f 3665//3588 3662//3589 3928//3589 
f 3664//3587 3665//3588 3927//3588 
f 3663//3586 3664//3587 3931//3587 
f 3668//3585 3663//3586 3935//3586 
f 3620//3584 3668//3585 3936//3585 
f 3619//3583 3620//3584 3937//3584 
f 3629//3582 3619//3583 3942//3583 
f 3628//3580 3629//3582 3940//3582 
f 3943//3581 3767//3578 3618//3578 
f 3616//3579 3618//3578 3767//3578 
f 3617//3577 3616//3579 3766//3576 
f 3626//3575 3617//3577 3771//3574 
f 3627//3573 3626//3575 3778//3572 
f 3625//3571 3627//3573 3773//3570 
f 3615//3569 3625//3571 3772//3568 
f 3612//3567 3615//3569 3768//3566 
f 3613//3565 3612//3567 3770//3564 
f 3661//3563 3613//3565 3769//3562 
f 3659//3561 3661//3563 3780//3560 
f 3660//3559 3659//3561 3779//3558 
f 3658//3557 3660//3559 3782//3556 
f 3643//3555 3658//3557 3781//3554 
f 3644//3553 3643//3555 3783//3552 
f 3642//3551 3644//3553 3775//3550 
f 3611//3549 3642//3551 3774//3548 
f 3614//3547 3611//3549 3776//3546 
