o plate
v 0.0272567 0.0263504 0.0689183 
v 0.0270163 0.0263146 0.068935 
v 0.0267816 0.0262556 0.0689625 
v 0.0265552 0.0261738 0.0690007 
v 0.02634 0.0260704 0.0690489 
v 0.0261384 0.0259465 0.0691067 
v 0.0259527 0.0258036 0.0691733 
v 0.0257851 0.0256433 0.0692481 
v 0.0256377 0.0254675 0.06933 
v 0.0255121 0.0252783 0.0694183 
v 0.0254098 0.0250779 0.0695117 
v 0.025332 0.0248687 0.0696093 
v 0.0252796 0.024653 0.0697098 
v 0.0252533 0.0244335 0.0698122 
v 0.0252533 0.0242127 0.0699151 
v 0.0252796 0.0239932 0.0700175 
v 0.025332 0.0237776 0.0701181 
v 0.0254098 0.0235683 0.0702156 
v 0.0255121 0.0233679 0.0703091 
v 0.0256377 0.0231788 0.0703973 
v 0.0257851 0.023003 0.0704793 
v 0.0259527 0.0228427 0.070554 
v 0.0261384 0.0226997 0.0706207 
v 0.02634 0.0225758 0.0706784 
v 0.0265552 0.0224724 0.0707267 
v 0.0267816 0.0223907 0.0707648 
v 0.0270163 0.0223316 0.0707923 
v 0.0272567 0.0222959 0.070809 
v 0.0275 0.0222839 0.0708146 
v 0.0277433 0.0222959 0.070809 
v 0.0279837 0.0223316 0.0707923 
v 0.0282184 0.0223907 0.0707648 
v 0.0284448 0.0224724 0.0707267 
v 0.02866 0.0225758 0.0706784 
v 0.0288616 0.0226997 0.0706207 
v 0.0290473 0.0228427 0.070554 
v 0.0292149 0.023003 0.0704793 
v 0.0293623 0.0231788 0.0703973 
v 0.0294879 0.0233679 0.0703091 
v 0.0295902 0.0235683 0.0702156 
v 0.029668 0.0237776 0.0701181 
v 0.0297204 0.0239932 0.0700175 
v 0.0297467 0.0242127 0.0699151 
v 0.0297467 0.0244335 0.0698122 
v 0.0297204 0.024653 0.0697098 
v 0.029668 0.0248687 0.0696093 
v 0.0295902 0.0250779 0.0695117 
v 0.0294879 0.0252783 0.0694183 
v 0.0293623 0.0254675 0.06933 
v 0.0292149 0.0256433 0.0692481 
v 0.0290473 0.0258036 0.0691733 
v 0.0288616 0.0259465 0.0691067 
v 0.02866 0.0260704 0.0690489 
v 0.0284448 0.0261738 0.0690007 
v 0.0282184 0.0262556 0.0689625 
v 0.0279837 0.0263146 0.068935 
v 0.0277433 0.0263504 0.0689183 
v 0.0275 0.0263623 0.0689128 
v 0.0275 0.0243231 0.0698637 
v 0.0275 0.037773 0.0933831 
v 0.0272567 0.0377611 0.0933887 
v 0.0270163 0.0377253 0.0934053 
v 0.0267816 0.0376663 0.0934329 
v 0.0265552 0.0375845 0.093471 
v 0.02634 0.0374811 0.0935192 
v 0.0261384 0.0373572 0.093577 
v 0.0259527 0.0372143 0.0936436 
v 0.0257851 0.037054 0.0937184 
v 0.0256377 0.0368782 0.0938003 
v 0.0255121 0.036689 0.0938886 
v 0.0254098 0.0364886 0.093982 
v 0.025332 0.0362794 0.0940796 
v 0.0252796 0.0360637 0.0941801 
v 0.0252533 0.0358442 0.0942825 
v 0.0252533 0.0356234 0.0943855 
v 0.0252796 0.0354039 0.0944878 
v 0.025332 0.0351883 0.0945884 
v 0.0254098 0.034979 0.0946859 
v 0.0255121 0.0347786 0.0947794 
v 0.0256377 0.0345894 0.0948676 
v 0.0257851 0.0344137 0.0949496 
v 0.0259527 0.0342534 0.0950243 
v 0.0261384 0.0341104 0.095091 
v 0.02634 0.0339865 0.0951487 
v 0.0265552 0.0338831 0.095197 
v 0.0267816 0.0338014 0.0952351 
v 0.0270163 0.0337423 0.0952626 
v 0.0272567 0.0337066 0.0952793 
v 0.0275 0.0336946 0.0952849 
v 0.0277433 0.0337066 0.0952793 
v 0.0279837 0.0337423 0.0952626 
v 0.0282184 0.0338014 0.0952351 
v 0.0284448 0.0338831 0.095197 
v 0.02866 0.0339865 0.0951487 
v 0.0288616 0.0341104 0.095091 
v 0.0290473 0.0342534 0.0950243 
v 0.0292149 0.0344137 0.0949496 
v 0.0293623 0.0345894 0.0948676 
v 0.0294879 0.0347786 0.0947794 
v 0.0295902 0.034979 0.0946859 
v 0.029668 0.0351883 0.0945884 
v 0.0297204 0.0354039 0.0944878 
v 0.0297467 0.0356234 0.0943855 
v 0.0297467 0.0358442 0.0942825 
v 0.0297204 0.0360637 0.0941801 
v 0.029668 0.0362794 0.0940796 
v 0.0295902 0.0364886 0.093982 
v 0.0294879 0.036689 0.0938886 
v 0.0293623 0.0368782 0.0938003 
v 0.0292149 0.037054 0.0937184 
v 0.0290473 0.0372143 0.0936436 
v 0.0288616 0.0373572 0.093577 
v 0.02866 0.0374811 0.0935192 
v 0.0284448 0.0375845 0.093471 
v 0.0282184 0.0376663 0.0934329 
v 0.0279837 0.0377253 0.0934053 
v 0.0277433 0.0377611 0.0933887 
v 0.0357928 0.0362103 0.0941118 
v 0.0358685 0.0365218 0.0939665 
v 0.0357548 0.0355743 0.0944083 
v 0.0357548 0.0358933 0.0942596 
v 0.0192452 0.0358933 0.0942596 
v 0.0192452 0.0355743 0.0944083 
v 0.0359808 0.0368241 0.0938256 
v 0.0192072 0.0352573 0.0945562 
v 0.0190192 0.0346436 0.0948424 
v 0.0192072 0.0362103 0.0941118 
v 0.01795 0.0400501 0.0923213 
v 0.0179668 0.0380787 0.0932405 
v 0.018235 0.0378722 0.0933368 
v 0.0191315 0.0365218 0.0939665 
v 0.0358685 0.0349458 0.0947014 
v 0.0191315 0.0349458 0.0947014 
v 0.0357928 0.0352573 0.0945562 
v 0.018477 0.0376407 0.0934448 
v 0.008 0.0400501 0.0923213 
v 0.0153013 0.0386105 0.0929926 
v 0.01869 0.0373868 0.0935632 
v 0.0188714 0.0371135 0.0936906 
v 0.0173646 0.0384071 0.0930874 
v 0.0176756 0.0382577 0.0931571 
v 0.0149623 0.0385251 0.0930324 
v 0.0140332 0.0380787 0.0932405 
v 0.0143244 0.0382577 0.0931571 
v 0.0170377 0.0329425 0.0956356 
v 0.0166987 0.0328572 0.0956754 
v 0.0188714 0.0343541 0.0949773 
v 0.0156486 0.038662 0.0929685 
v 0.0146354 0.0384071 0.0930874 
v 0.0359808 0.0346436 0.0948424 
v 0.047 0.0400501 0.0923213 
v 0.0386486 0.038662 0.0929685 
v 0.0379623 0.0385251 0.0930324 
v 0.0383013 0.0386105 0.0929926 
v 0.0370332 0.0380787 0.0932405 
v 0.0373244 0.0382577 0.0931571 
v 0.0173646 0.0330606 0.0955805 
v 0.0179668 0.0333889 0.0954274 
v 0.0176756 0.0332099 0.0955109 
v 0.01869 0.0340808 0.0951048 
v 0.018477 0.0338269 0.0952232 
v 0.016 0.0386793 0.0929605 
v 0.0163514 0.038662 0.0929685 
v 0.0376354 0.0384071 0.0930874 
v 0.018235 0.0335954 0.0953311 
v 0.0166987 0.0386105 0.0929926 
v 0.0170377 0.0385251 0.0930324 
v 0.0124 0.0314175 0.0963467 
v 0.0361286 0.0343541 0.0949773 
v 0.0376354 0.0330606 0.0955805 
v 0.0373244 0.0332099 0.0955109 
v 0.047 0.0314175 0.0963467 
v 0.0422452 0.0355743 0.0944083 
v 0.0422072 0.0352573 0.0945562 
v 0.0422452 0.0358933 0.0942596 
v 0.0421315 0.0365218 0.0939665 
v 0.0422072 0.0362103 0.0941118 
v 0.0409668 0.0380787 0.0932405 
v 0.041235 0.0378722 0.0933368 
v 0.0403646 0.0384071 0.0930874 
v 0.0406756 0.0382577 0.0931571 
v 0.039 0.0386793 0.0929605 
v 0.0393514 0.038662 0.0929685 
v 0.0190192 0.0368241 0.0938256 
v 0.0129808 0.0368241 0.0938256 
v 0.0131286 0.0371135 0.0936906 
v 0.036765 0.0335954 0.0953311 
v 0.036523 0.0338269 0.0952232 
v 0.0370332 0.0333889 0.0954274 
v 0.0386486 0.0328056 0.0956994 
v 0.0383013 0.0328572 0.0956754 
v 0.013523 0.0338269 0.0952232 
v 0.008 0.0314175 0.0963467 
v 0.0146354 0.0330606 0.0955805 
v 0.0143244 0.0332099 0.0955109 
v 0.0403646 0.0330606 0.0955805 
v 0.0400377 0.0329425 0.0956356 
v 0.0409668 0.0333889 0.0954274 
v 0.0406756 0.0332099 0.0955109 
v 0.04169 0.0340808 0.0951048 
v 0.041477 0.0338269 0.0952232 
v 0.0421315 0.0349458 0.0947014 
v 0.041477 0.0376407 0.0934448 
v 0.04169 0.0373868 0.0935632 
v 0.0396987 0.0386105 0.0929926 
v 0.0400377 0.0385251 0.0930324 
v 0.013523 0.0376407 0.0934448 
v 0.013765 0.0378722 0.0933368 
v 0.01331 0.0373868 0.0935632 
v 0.03631 0.0340808 0.0951048 
v 0.0379623 0.0329425 0.0956356 
v 0.039 0.0327883 0.0957075 
v 0.0127928 0.0362103 0.0941118 
v 0.0128685 0.0365218 0.0939665 
v 0.0131286 0.0343541 0.0949773 
v 0.0129808 0.0346436 0.0948424 
v 0.013765 0.0335954 0.0953311 
v 0.0140332 0.0333889 0.0954274 
v 0.0156486 0.0328056 0.0956994 
v 0.0153013 0.0328572 0.0956754 
v 0.041235 0.0335954 0.0953311 
v 0.0420192 0.0346436 0.0948424 
v 0.0418714 0.0343541 0.0949773 
v 0.0361286 0.0371135 0.0936906 
v 0.0127548 0.0358933 0.0942596 
v 0.0127548 0.0355743 0.0944083 
v 0.01331 0.0340808 0.0951048 
v 0.0149623 0.0329425 0.0956356 
v 0.0418714 0.0371135 0.0936906 
v 0.0420192 0.0368241 0.0938256 
v 0.036523 0.0376407 0.0934448 
v 0.036765 0.0378722 0.0933368 
v 0.03631 0.0373868 0.0935632 
v 0.0163514 0.0328056 0.0956994 
v 0.0128685 0.0349458 0.0947014 
v 0.0127928 0.0352573 0.0945562 
v 0.016 0.0327883 0.0957075 
v 0.0396987 0.0328572 0.0956754 
v 0.0393514 0.0328056 0.0956994 
v 0.00716377 0.0400316 0.0922815 
v 0.00716377 0.031399 0.096307 
v 0.00633671 0.0399762 0.0921628 
v 0.00633671 0.0313436 0.0961883 
v 0.00552786 0.0398846 0.0919664 
v 0.00552786 0.031252 0.0959918 
v 0.00474611 0.0397578 0.0916944 
v 0.00474611 0.0311252 0.0957199 
v 0.004 0.0395971 0.0913499 
v 0.004 0.0309646 0.0953753 
v 0.00329772 0.0394044 0.0909365 
v 0.00329772 0.0307718 0.094962 
v 0.00264696 0.0391817 0.0904589 
v 0.00264696 0.0305491 0.0944844 
v 0.00205484 0.0389315 0.0899223 
v 0.00205484 0.0302989 0.0939477 
v 0.00152786 0.0386564 0.0893325 
v 0.00152786 0.0300238 0.0933579 
v 0.0010718 0.0383596 0.088696 
v 0.0010718 0.0297271 0.0927215 
v 0.000691636 0.0380443 0.0880198 
v 0.000691636 0.0294117 0.0920453 
v 0.000391548 0.0377139 0.0873113 
v 0.000391548 0.0290813 0.0913367 
v 0.000174819 0.0373721 0.0865782 
v 0.000174819 0.0287395 0.0906037 
v 4.38248e-05 0.0370226 0.0858287 
v 4.38248e-05 0.02839 0.0898541 
v -1.04083e-17 0.0366692 0.0850708 
v -1.04083e-17 0.0280366 0.0890962 
v 0.0478362 0.031399 0.096307 
v 0.0478362 0.0400316 0.0922815 
v 0.0486633 0.0313436 0.0961883 
v 0.0486633 0.0399762 0.0921628 
v 0.0494721 0.031252 0.0959918 
v 0.0494721 0.0398846 0.0919664 
v 0.0502539 0.0311252 0.0957199 
v 0.0502539 0.0397578 0.0916944 
v 0.051 0.0309646 0.0953753 
v 0.051 0.0395971 0.0913499 
v 0.0517023 0.0307718 0.094962 
v 0.0517023 0.0394044 0.0909365 
v 0.052353 0.0305491 0.0944844 
v 0.052353 0.0391817 0.0904589 
v 0.0529452 0.0302989 0.0939477 
v 0.0529452 0.0389315 0.0899223 
v 0.0534721 0.0300238 0.0933579 
v 0.0534721 0.0386564 0.0893325 
v 0.0539282 0.0297271 0.0927215 
v 0.0539282 0.0383596 0.088696 
v 0.0543084 0.0294117 0.0920453 
v 0.0543084 0.0380443 0.0880198 
v 0.0546085 0.0290813 0.0913367 
v 0.0546085 0.0377139 0.0873113 
v 0.0548252 0.0287395 0.0906037 
v 0.0548252 0.0373721 0.0865782 
v 0.0549562 0.02839 0.0898541 
v 0.0549562 0.0370226 0.0858287 
v 0.055 0.0280366 0.0890962 
v 0.055 0.0366692 0.0850708 
v 0.055 0.0117347 0.0315986 
v 0.055 0.0180528 0.0451479 
v 0.055 0.00707471 0.0441434 
v 0.055 0.0031021 0.0356241 
v 0.047 -0.000278845 0.0283736 
v 0.047 0.00835374 0.0243482 
v 0.0478362 0.00837226 0.0243879 
v 0.0478362 -0.000260323 0.0284133 
v 0.0486633 0.00842762 0.0245066 
v 0.0486633 -0.000204963 0.028532 
v 0.0494721 0.00851921 0.024703 
v 0.0494721 -0.000113369 0.0287285 
v 0.0502539 0.00864604 0.024975 
v 0.0502539 1.34535e-05 0.0290004 
v 0.051 0.0088067 0.0253195 
v 0.051 0.000174116 0.029345 
v 0.0517023 0.00899944 0.0257329 
v 0.0517023 0.000366859 0.0297583 
v 0.052353 0.00922215 0.0262105 
v 0.052353 0.000589569 0.0302359 
v 0.0529452 0.00947239 0.0267471 
v 0.0529452 0.000839807 0.0307726 
v 0.0534721 0.00974741 0.0273369 
v 0.0534721 0.00111483 0.0313624 
v 0.0539282 0.0100442 0.0279734 
v 0.0539282 0.00141163 0.0319988 
v 0.0543084 0.0103595 0.0286496 
v 0.0543084 0.00172695 0.032675 
v 0.0546085 0.0106899 0.0293581 
v 0.0546085 0.00205733 0.0333836 
v 0.0548252 0.0110317 0.0300912 
v 0.0548252 0.00239916 0.0341166 
v 0.0549562 0.0113813 0.0308408 
v 0.0549562 0.0027487 0.0348662 
v 0.0156486 0.027674 0.0694045 
v 0.016 0.0276912 0.0693965 
v 0.0153013 0.0276224 0.0694286 
v 0.0149623 0.0275371 0.0694684 
v 0.0146354 0.027419 0.0695234 
v 0.0143244 0.0272696 0.0695931 
v 0.0140332 0.0270906 0.0696765 
v 0.013765 0.0268842 0.0697728 
v 0.013523 0.0266526 0.0698808 
v 0.01331 0.0263987 0.0699992 
v 0.0131286 0.0261254 0.0701266 
v 0.0129808 0.025836 0.0702616 
v 0.0128685 0.0255337 0.0704025 
v 0.0127928 0.0252223 0.0705478 
v 0.0127548 0.0249052 0.0706956 
v 0.0127548 0.0245863 0.0708443 
v 0.0127928 0.0242692 0.0709922 
v 0.0128685 0.0239577 0.0711374 
v 0.0129808 0.0236555 0.0712784 
v 0.0131286 0.023366 0.0714133 
v 0.01331 0.0230928 0.0715408 
v 0.013523 0.0228389 0.0716592 
v 0.013765 0.0226073 0.0717671 
v 0.0140332 0.0224008 0.0718634 
v 0.0143244 0.0222219 0.0719469 
v 0.0146354 0.0220725 0.0720165 
v 0.0149623 0.0219544 0.0720716 
v 0.0153013 0.0218691 0.0721114 
v 0.0156486 0.0218175 0.0721354 
v 0.016 0.0218002 0.0721435 
v 0.0163514 0.0218175 0.0721354 
v 0.0166987 0.0218691 0.0721114 
v 0.0170377 0.0219544 0.0720716 
v 0.0173646 0.0220725 0.0720165 
v 0.0176756 0.0222219 0.0719469 
v 0.0179668 0.0224008 0.0718634 
v 0.018235 0.0226073 0.0717671 
v 0.018477 0.0228389 0.0716592 
v 0.01869 0.0230928 0.0715408 
v 0.0188714 0.023366 0.0714133 
v 0.0190192 0.0236555 0.0712784 
v 0.0191315 0.0239577 0.0711374 
v 0.0192072 0.0242692 0.0709922 
v 0.0192452 0.0245863 0.0708443 
v 0.0192452 0.0249052 0.0706956 
v 0.0192072 0.0252223 0.0705478 
v 0.0191315 0.0255337 0.0704025 
v 0.0190192 0.025836 0.0702616 
v 0.0188714 0.0261254 0.0701266 
v 0.01869 0.0263987 0.0699992 
v 0.018477 0.0266526 0.0698808 
v 0.018235 0.0268842 0.0697728 
v 0.0179668 0.0270906 0.0696765 
v 0.0176756 0.0272696 0.0695931 
v 0.0173646 0.027419 0.0695234 
v 0.0170377 0.0275371 0.0694684 
v 0.0166987 0.0276224 0.0694286 
v 0.0163514 0.027674 0.0694045 
v 0.016 0.0247457 0.07077 
v 0.0386486 0.027674 0.0694045 
v 0.039 0.0276912 0.0693965 
v 0.0383013 0.0276224 0.0694286 
v 0.0379623 0.0275371 0.0694684 
v 0.0376354 0.027419 0.0695234 
v 0.0373244 0.0272696 0.0695931 
v 0.0370332 0.0270906 0.0696765 
v 0.036765 0.0268842 0.0697728 
v 0.036523 0.0266526 0.0698808 
v 0.03631 0.0263987 0.0699992 
v 0.0361286 0.0261254 0.0701266 
v 0.0359808 0.025836 0.0702616 
v 0.0358685 0.0255337 0.0704025 
v 0.0357928 0.0252223 0.0705478 
v 0.0357548 0.0249052 0.0706956 
v 0.0357548 0.0245863 0.0708443 
v 0.0357928 0.0242692 0.0709922 
v 0.0358685 0.0239577 0.0711374 
v 0.0359808 0.0236555 0.0712784 
v 0.0361286 0.023366 0.0714133 
v 0.03631 0.0230928 0.0715408 
v 0.036523 0.0228389 0.0716592 
v 0.036765 0.0226073 0.0717671 
v 0.0370332 0.0224008 0.0718634 
v 0.0373244 0.0222219 0.0719469 
v 0.0376354 0.0220725 0.0720165 
v 0.0379623 0.0219544 0.0720716 
v 0.0383013 0.0218691 0.0721114 
v 0.0386486 0.0218175 0.0721354 
v 0.039 0.0218002 0.0721435 
v 0.0393514 0.0218175 0.0721354 
v 0.0396987 0.0218691 0.0721114 
v 0.0400377 0.0219544 0.0720716 
v 0.0403646 0.0220725 0.0720165 
v 0.0406756 0.0222219 0.0719469 
v 0.0409668 0.0224008 0.0718634 
v 0.041235 0.0226073 0.0717671 
v 0.041477 0.0228389 0.0716592 
v 0.04169 0.0230928 0.0715408 
v 0.0418714 0.023366 0.0714133 
v 0.0420192 0.0236555 0.0712784 
v 0.0421315 0.0239577 0.0711374 
v 0.0422072 0.0242692 0.0709922 
v 0.0422452 0.0245863 0.0708443 
v 0.0422452 0.0249052 0.0706956 
v 0.0422072 0.0252223 0.0705478 
v 0.0421315 0.0255337 0.0704025 
v 0.0420192 0.025836 0.0702616 
v 0.0418714 0.0261254 0.0701266 
v 0.04169 0.0263987 0.0699992 
v 0.041477 0.0266526 0.0698808 
v 0.041235 0.0268842 0.0697728 
v 0.0409668 0.0270906 0.0696765 
v 0.0406756 0.0272696 0.0695931 
v 0.0403646 0.027419 0.0695234 
v 0.0400377 0.0275371 0.0694684 
v 0.0396987 0.0276224 0.0694286 
v 0.0393514 0.027674 0.0694045 
v 0.039 0.0247457 0.07077 
v 0.0291371 0.00598919 0.0254508 
v 0.0288946 0.00613816 0.0253813 
v 0.0295617 0.00562461 0.0256208 
v 0.0293603 0.00581734 0.0255309 
v 0.02989 0.00518582 0.0258254 
v 0.029739 0.00541328 0.0257193 
v 0.0301695 0.00443408 0.0261759 
v 0.0301065 0.00469333 0.026055 
v 0.0302011 0.00390472 0.0264228 
v 0.008 -0.000278845 0.0283736 
v 0.008 0.00835374 0.0243482 
v 0.0247989 0.00417018 0.026299 
v 0.030013 0.0049449 0.0259377 
v 0.0302011 0.00417018 0.026299 
v 0.0301695 0.00364081 0.0265458 
v 0.0291371 0.0020857 0.027271 
v 0.0293603 0.00225756 0.0271909 
v 0.0286358 0.00181239 0.0273984 
v 0.0288946 0.00193673 0.0273405 
v 0.0247989 0.00390472 0.0264228 
v 0.0248305 0.00364081 0.0265458 
v 0.0248305 0.00443408 0.0261759 
v 0.0248935 0.00469333 0.026055 
v 0.01795 0.00835374 0.0243482 
v 0.030013 0.00313 0.026784 
v 0.0301065 0.00338156 0.0266667 
v 0.0295617 0.00245028 0.027101 
v 0.029739 0.00266161 0.0270025 
v 0.0124 -0.000278845 0.0283736 
v 0.0263642 0.00181239 0.0273984 
v 0.0266363 0.00171413 0.0274443 
v 0.0256397 0.00225756 0.0271909 
v 0.0258629 0.0020857 0.027271 
v 0.025261 0.00266161 0.0270025 
v 0.0254383 0.00245028 0.027101 
v 0.024987 0.00313 0.026784 
v 0.02511 0.00288907 0.0268964 
v 0.0248935 0.00338156 0.0266667 
v 0.024987 0.0049449 0.0259377 
v 0.02989 0.00288907 0.0268964 
v 0.0280815 0.00164311 0.0274774 
v 0.0283637 0.00171413 0.0274443 
v 0.0261054 0.00193673 0.0273405 
v 0.0263642 0.00626251 0.0253233 
v 0.0261054 0.00613816 0.0253813 
v 0.025261 0.00541328 0.0257193 
v 0.02511 0.00518582 0.0258254 
v 0.0256397 0.00581734 0.0255309 
v 0.0254383 0.00562461 0.0256208 
v 0.0266363 0.00636076 0.0252775 
v 0.0280815 0.00643178 0.0252444 
v 0.0277925 0.00647473 0.0252244 
v 0.0286358 0.00626251 0.0253233 
v 0.0283637 0.00636076 0.0252775 
v 0.0275 0.00158579 0.0275041 
v 0.0269185 0.00643178 0.0252444 
v 0.0277925 0.00160016 0.0274974 
v 0.0269185 0.00164311 0.0274774 
v 0.0272075 0.00160016 0.0274974 
v 0.0258629 0.00598919 0.0254508 
v 0.0275 0.0064891 0.0252177 
v 0.0272075 0.00647473 0.0252244 
v 0.00716377 -0.000260323 0.0284133 
v 0.00716377 0.00837226 0.0243879 
v 0.00633671 -0.000204963 0.028532 
v 0.00633671 0.00842762 0.0245066 
v 0.00552786 -0.000113369 0.0287285 
v 0.00552786 0.00851921 0.024703 
v 0.00474611 1.34535e-05 0.0290004 
v 0.00474611 0.00864604 0.024975 
v 0.004 0.000174116 0.029345 
v 0.004 0.0088067 0.0253195 
v 0.00329772 0.000366859 0.0297583 
v 0.00329772 0.00899944 0.0257329 
v 0.00264696 0.000589569 0.0302359 
v 0.00264696 0.00922215 0.0262105 
v 0.00205484 0.000839807 0.0307726 
v 0.00205484 0.00947239 0.0267471 
v 0.00152786 0.00111483 0.0313624 
v 0.00152786 0.00974741 0.0273369 
v 0.0010718 0.00141163 0.0319988 
v 0.0010718 0.0100442 0.0279734 
v 0.000691636 0.00172695 0.032675 
v 0.000691636 0.0103595 0.0286496 
v 0.000391548 0.00205733 0.0333836 
v 0.000391548 0.0106899 0.0293581 
v 0.000174819 0.00239916 0.0341166 
v 0.000174819 0.0110317 0.0300912 
v 4.38248e-05 0.0027487 0.0348662 
v 4.38248e-05 0.0113813 0.0308408 
v 1.04083e-17 0.0031021 0.0356241 
v 1.04083e-17 0.0117347 0.0315986 
v 0.0272075 0.00646027 0.0379199 
v 0.0275 0.0064459 0.0379267 
v 0.0269185 0.00650322 0.0378999 
v 0.0266363 0.00657424 0.0378668 
v 0.0263642 0.0066725 0.037821 
v 0.0261054 0.00679684 0.037763 
v 0.0258629 0.00694581 0.0376935 
v 0.0256397 0.00711767 0.0376134 
v 0.0254383 0.00731039 0.0375235 
v 0.025261 0.00752172 0.037425 
v 0.02511 0.00774918 0.0373189 
v 0.024987 0.00799011 0.0372066 
v 0.0248935 0.00824167 0.0370893 
v 0.0248305 0.00850092 0.0369684 
v 0.0247989 0.00876483 0.0368453 
v 0.0247989 0.00903029 0.0367215 
v 0.0248305 0.00929419 0.0365985 
v 0.0248935 0.00955344 0.0364776 
v 0.024987 0.00980501 0.0363603 
v 0.02511 0.0100459 0.0362479 
v 0.025261 0.0102734 0.0361419 
v 0.0254383 0.0104847 0.0360433 
v 0.0256397 0.0106774 0.0359535 
v 0.0258629 0.0108493 0.0358733 
v 0.0261054 0.0109983 0.0358038 
v 0.0263642 0.0111226 0.0357459 
v 0.0266363 0.0112209 0.0357 
v 0.0269185 0.0112919 0.0356669 
v 0.0272075 0.0113348 0.0356469 
v 0.0275 0.0113492 0.0356402 
v 0.0277925 0.0113348 0.0356469 
v 0.0280815 0.0112919 0.0356669 
v 0.0283637 0.0112209 0.0357 
v 0.0286358 0.0111226 0.0357459 
v 0.0288946 0.0109983 0.0358038 
v 0.0291371 0.0108493 0.0358733 
v 0.0293603 0.0106774 0.0359535 
v 0.0295617 0.0104847 0.0360433 
v 0.029739 0.0102734 0.0361419 
v 0.02989 0.0100459 0.0362479 
v 0.030013 0.00980501 0.0363603 
v 0.0301065 0.00955344 0.0364776 
v 0.0301695 0.00929419 0.0365985 
v 0.0302011 0.00903029 0.0367215 
v 0.0302011 0.00876483 0.0368453 
v 0.0301695 0.00850092 0.0369684 
v 0.0301065 0.00824167 0.0370893 
v 0.030013 0.00799011 0.0372066 
v 0.02989 0.00774918 0.0373189 
v 0.029739 0.00752172 0.037425 
v 0.0295617 0.00731039 0.0375235 
v 0.0293603 0.00711767 0.0376134 
v 0.0291371 0.00694581 0.0376935 
v 0.0288946 0.00679684 0.037763 
v 0.0286358 0.0066725 0.037821 
v 0.0283637 0.00657424 0.0378668 
v 0.0280815 0.00650322 0.0378999 
v 0.0277925 0.00646027 0.0379199 
v 0.0281208 0.0085161 0.0369613 
v 0.0281626 0.00857916 0.0369319 
v 0.0280716 0.00845751 0.0369886 
v 0.0280158 0.00840407 0.0370135 
v 0.0279539 0.00835643 0.0370358 
v 0.0281208 0.00927901 0.0366056 
v 0.0280716 0.0093376 0.0365782 
v 0.0281626 0.00921595 0.036635 
v 0.0282401 0.00878759 0.0368347 
v 0.0282489 0.00886076 0.0368006 
v 0.0282227 0.00871571 0.0368682 
v 0.0281967 0.00864596 0.0369007 
v 0.0278867 0.00831512 0.037055 
v 0.0278149 0.00828065 0.0370711 
v 0.0273388 0.00823372 0.037093 
v 0.0272605 0.00825341 0.0370838 
v 0.0267599 0.00878759 0.0368347 
v 0.0267773 0.00871571 0.0368682 
v 0.0267511 0.00886076 0.0368006 
v 0.0280158 0.00939104 0.0365533 
v 0.0281967 0.00914915 0.0366661 
v 0.0282227 0.0090794 0.0366986 
v 0.0275 0.00821783 0.0371004 
v 0.0275811 0.00822181 0.0370985 
v 0.0274189 0.00822181 0.0370985 
v 0.0271851 0.00828065 0.0370711 
v 0.0268374 0.00857916 0.0369319 
v 0.0268033 0.00864596 0.0369007 
v 0.0267599 0.00900752 0.0367321 
v 0.0267511 0.00893436 0.0367663 
v 0.0267773 0.0090794 0.0366986 
v 0.0282401 0.00900752 0.0367321 
v 0.0282489 0.00893436 0.0367663 
v 0.0276612 0.00823372 0.037093 
v 0.0277395 0.00825341 0.0370838 
v 0.0269842 0.00840407 0.0370135 
v 0.0270461 0.00835643 0.0370358 
v 0.0269284 0.00845751 0.0369886 
v 0.0268792 0.0085161 0.0369613 
v 0.0268033 0.00914915 0.0366661 
v 0.0268374 0.00921595 0.036635 
v 0.0268792 0.00927901 0.0366056 
v 0.0273388 0.0095614 0.0364739 
v 0.0272605 0.00954171 0.0364831 
v 0.0274189 0.0095733 0.0364683 
v 0.0276612 0.0095614 0.0364739 
v 0.0275811 0.0095733 0.0364683 
v 0.0277395 0.00954171 0.0364831 
v 0.0278867 0.00947999 0.0365118 
v 0.0278149 0.00951446 0.0364958 
v 0.0279539 0.00943869 0.0365311 
v 0.0271133 0.00831512 0.037055 
v 0.0269284 0.0093376 0.0365782 
v 0.0269842 0.00939104 0.0365533 
v 0.0270461 0.00943869 0.0365311 
v 0.0275 0.00957729 0.0364665 
v 0.0271133 0.00947999 0.0365118 
v 0.0271851 0.00951446 0.0364958 
v -3.46945e-18 0.0253839 0.0657472 
v -3.46945e-18 0.0254783 0.0660245 
v 0 0.0220025 0.0641951 
v 0 0.0222845 0.0641159 
v 3.46945e-18 0.0180528 0.0451479 
v -6.93889e-18 0.0293705 0.077769 
v 0 0.0217308 0.0643043 
v 0 0.0214724 0.0644423 
v 6.93889e-18 0.00707471 0.0441434 
v -6.93889e-18 0.0294406 0.0778848 
v 0 0.0225734 0.0640676 
v 0 0.0210078 0.0647977 
v 0 0.0212305 0.0646074 
v -6.93889e-18 0.0294978 0.0780074 
v -3.46945e-18 0.0252602 0.0654817 
v -3.46945e-18 0.0249304 0.0649986 
v -3.46945e-18 0.0251084 0.0652312 
v 0 0.0240024 0.0642975 
v 0 0.0242616 0.0644339 
v 0 0.020807 0.065011 
v -6.93889e-18 0.0278097 0.0773407 
v -3.46945e-18 0.024941 0.068501 
v -3.46945e-18 0.0247402 0.0687143 
v -3.46945e-18 0.0254827 0.0674718 
v -3.46945e-18 0.02539 0.0677497 
v -3.46945e-18 0.0247284 0.0647865 
v 0 0.0245046 0.0645976 
v 0 0.0234476 0.0641124 
v 0 0.02373 0.0641899 
v 0 0.0228659 0.0640509 
v 0 0.0231584 0.0640659 
v -3.46945e-18 0.0251175 0.0682673 
v -3.46945e-18 0.0255448 0.0671856 
v -3.46945e-18 0.0223004 0.0693996 
v -6.93889e-18 0.0272354 0.0790624 
v 0 0.0204802 0.0654961 
v 0 0.0206305 0.0652447 
v -6.93889e-18 0.0289792 0.0774006 
v -6.93889e-18 0.0290915 0.0774762 
v -3.46945e-18 0.0245175 0.0689046 
v -3.46945e-18 0.0242756 0.0690697 
v -3.46945e-18 0.0252678 0.0680159 
v -3.46945e-18 0.0255756 0.0668943 
v -3.46945e-18 0.0255421 0.0663103 
v -3.46945e-18 0.0255747 0.0666014 
v -6.93889e-18 0.0273055 0.0791782 
v -6.93889e-18 0.0294441 0.0790558 
v -6.93889e-18 0.0293747 0.079172 
v -6.93889e-18 0.0295864 0.0785375 
v -6.93889e-18 0.0295721 0.0786721 
v 0 0.0201724 0.0666177 
v 0 0.0202032 0.0663264 
v -3.46945e-18 0.0202059 0.0672017 
v -3.46945e-18 0.0201733 0.0669106 
v -3.46945e-18 0.020364 0.0677648 
v -3.46945e-18 0.0202697 0.0674875 
v -3.46945e-18 0.0204878 0.0680303 
v -6.93889e-18 0.0291949 0.0775635 
v -6.93889e-18 0.0292883 0.0776615 
v -6.93889e-18 0.0288594 0.0773375 
v -6.93889e-18 0.0280656 0.0772536 
v -3.46945e-18 0.0214863 0.0690781 
v -3.46945e-18 0.0212434 0.0689144 
v -3.46945e-18 0.0225896 0.0694461 
v -6.93889e-18 0.0284769 0.0797158 
v -6.93889e-18 0.0283418 0.0797236 
v -6.93889e-18 0.0295006 0.0789328 
v -6.93889e-18 0.0295434 0.0788044 
v -6.93889e-18 0.0295709 0.0782676 
v -6.93889e-18 0.029586 0.0784022 
v 0 0.0202653 0.0660401 
v 0 0.020358 0.0657623 
v -6.93889e-18 0.028603 0.077252 
v -6.93889e-18 0.0287336 0.0772878 
v -6.93889e-18 0.0281991 0.0772313 
v -6.93889e-18 0.0283342 0.0772236 
v -6.93889e-18 0.0279353 0.0772902 
v -3.46945e-18 0.0237454 0.0693169 
v -6.93889e-18 0.0276903 0.0774045 
v -6.93889e-18 0.0273013 0.0777752 
v -6.93889e-18 0.0273829 0.0776672 
v -3.46945e-18 0.0208175 0.0685134 
v -3.46945e-18 0.0206396 0.0682808 
v -3.46945e-18 0.0217455 0.0692145 
v -3.46945e-18 0.022018 0.0693221 
v -6.93889e-18 0.0278166 0.0796096 
v -6.93889e-18 0.0276968 0.0795466 
v -6.93889e-18 0.0282066 0.0797167 
v -6.93889e-18 0.0295414 0.0781356 
v -6.93889e-18 0.0284694 0.0772305 
v -6.93889e-18 0.0275785 0.0774807 
v -6.93889e-18 0.0272318 0.0778914 
v -6.93889e-18 0.0270896 0.0784097 
v -6.93889e-18 0.0271039 0.0782751 
v -3.46945e-18 0.0210196 0.0687255 
v -6.93889e-18 0.0275845 0.079471 
v -6.93889e-18 0.0274811 0.0793837 
v -6.93889e-18 0.0279424 0.0796593 
v -6.93889e-18 0.028073 0.0796952 
v -6.93889e-18 0.0288663 0.0796065 
v -6.93889e-18 0.0287407 0.0796569 
v -6.93889e-18 0.0289857 0.0795427 
v -3.46945e-18 0.0240172 0.0692076 
v -6.93889e-18 0.0271754 0.0780144 
v -6.93889e-18 0.0271326 0.0781428 
v -6.93889e-18 0.0273877 0.0792857 
v -6.93889e-18 0.0286104 0.0796935 
v -6.93889e-18 0.0290975 0.0794664 
v -6.93889e-18 0.0292931 0.0792799 
v -6.93889e-18 0.0292003 0.0793785 
v -3.46945e-18 0.0231746 0.0694443 
v -3.46945e-18 0.0228821 0.0694611 
v -3.46945e-18 0.0234635 0.0693961 
v -6.93889e-18 0.0271346 0.0788116 
v -6.93889e-18 0.0271051 0.0786795 
v -6.93889e-18 0.0271782 0.0789397 
v -6.93889e-18 0.02709 0.078545 
v -6.93889e-18 0.0274756 0.0775687 
v 0.005 0.0289857 0.0795427 
v 0.005 0.0288663 0.0796065 
v 0.005 0.0290975 0.0794664 
v 0.005 0.0292003 0.0793785 
v 0.005 0.0292931 0.0792799 
v 0.005 0.0293747 0.079172 
v 0.005 0.0294441 0.0790558 
v 0.005 0.0295006 0.0789328 
v 0.005 0.0295434 0.0788044 
v 0.005 0.0295721 0.0786721 
v 0.005 0.0295864 0.0785375 
v 0.005 0.029586 0.0784022 
v 0.005 0.0295709 0.0782676 
v 0.005 0.0295414 0.0781356 
v 0.005 0.0294978 0.0780074 
v 0.005 0.0294406 0.0778848 
v 0.005 0.0293705 0.077769 
v 0.005 0.0292883 0.0776615 
v 0.005 0.0291949 0.0775635 
v 0.005 0.0290915 0.0774762 
v 0.005 0.0289792 0.0774006 
v 0.005 0.0288594 0.0773375 
v 0.005 0.0287336 0.0772878 
v 0.005 0.028603 0.077252 
v 0.005 0.0284694 0.0772305 
v 0.005 0.0283342 0.0772236 
v 0.005 0.0281991 0.0772313 
v 0.005 0.0280656 0.0772536 
v 0.005 0.0279353 0.0772902 
v 0.005 0.0278097 0.0773407 
v 0.005 0.0276903 0.0774045 
v 0.005 0.0275785 0.0774807 
v 0.005 0.0274756 0.0775687 
v 0.005 0.0273829 0.0776672 
v 0.005 0.0273013 0.0777752 
v 0.005 0.0272318 0.0778914 
v 0.005 0.0271754 0.0780144 
v 0.005 0.0271326 0.0781428 
v 0.005 0.0271039 0.0782751 
v 0.005 0.0270896 0.0784097 
v 0.005 0.02709 0.078545 
v 0.005 0.0271051 0.0786795 
v 0.005 0.0271346 0.0788116 
v 0.005 0.0271782 0.0789397 
v 0.005 0.0272354 0.0790624 
v 0.005 0.0273055 0.0791782 
v 0.005 0.0273877 0.0792857 
v 0.005 0.0274811 0.0793837 
v 0.005 0.0275845 0.079471 
v 0.005 0.0276968 0.0795466 
v 0.005 0.0278166 0.0796096 
v 0.005 0.0279424 0.0796593 
v 0.005 0.028073 0.0796952 
v 0.005 0.0282066 0.0797167 
v 0.005 0.0283418 0.0797236 
v 0.005 0.0284769 0.0797158 
v 0.005 0.0286104 0.0796935 
v 0.005 0.0287407 0.0796569 
v 0.005 0.028338 0.0784736 
v 0.0115 0.0242756 0.0690697 
v 0.0115 0.0240172 0.0692076 
v 0.0115 0.0245175 0.0689046 
v 0.0115 0.0247402 0.0687143 
v 0.0115 0.024941 0.068501 
v 0.0115 0.0251175 0.0682673 
v 0.0115 0.0252678 0.0680159 
v 0.0115 0.02539 0.0677497 
v 0.0115 0.0254827 0.0674718 
v 0.0115 0.0255448 0.0671856 
v 0.0115 0.0255756 0.0668943 
v 0.0115 0.0255747 0.0666014 
v 0.0115 0.0255421 0.0663103 
v 0.0115 0.0254783 0.0660245 
v 0.0115 0.0253839 0.0657472 
v 0.0115 0.0252602 0.0654817 
v 0.0115 0.0251084 0.0652312 
v 0.0115 0.0249304 0.0649986 
v 0.0115 0.0247284 0.0647865 
v 0.0115 0.0245046 0.0645976 
v 0.0115 0.0242616 0.0644339 
v 0.0115 0.0240024 0.0642975 
v 0.0115 0.02373 0.0641899 
v 0.0115 0.0234476 0.0641124 
v 0.0115 0.0231584 0.0640659 
v 0.0115 0.0228659 0.0640509 
v 0.0115 0.0225734 0.0640676 
v 0.0115 0.0222845 0.0641159 
v 0.0115 0.0220025 0.0641951 
v 0.0115 0.0217308 0.0643043 
v 0.0115 0.0214724 0.0644423 
v 0.0115 0.0212305 0.0646074 
v 0.0115 0.0210078 0.0647977 
v 0.0115 0.020807 0.065011 
v 0.0115 0.0206305 0.0652447 
v 0.0115 0.0204802 0.0654961 
v 0.0115 0.020358 0.0657623 
v 0.0115 0.0202653 0.0660401 
v 0.0115 0.0202032 0.0663264 
v 0.0115 0.0201724 0.0666177 
v 0.0115 0.0201733 0.0669106 
v 0.0115 0.0202059 0.0672017 
v 0.0115 0.0202697 0.0674875 
v 0.0115 0.020364 0.0677648 
v 0.0115 0.0204878 0.0680303 
v 0.0115 0.0206396 0.0682808 
v 0.0115 0.0208175 0.0685134 
v 0.0115 0.0210196 0.0687255 
v 0.0115 0.0212434 0.0689144 
v 0.0115 0.0214863 0.0690781 
v 0.0115 0.0217455 0.0692145 
v 0.0115 0.022018 0.0693221 
v 0.0115 0.0223004 0.0693996 
v 0.0115 0.0225896 0.0694461 
v 0.0115 0.0228821 0.0694611 
v 0.0115 0.0231746 0.0694443 
v 0.0115 0.0234635 0.0693961 
v 0.0115 0.0237454 0.0693169 
v 0.0115 0.0227106 0.066024 
v 0.0115 0.0227907 0.0660106 
v 0.0115 0.0226324 0.066046 
v 0.0115 0.0234935 0.0663332 
v 0.0115 0.0235356 0.0664027 
v 0.0115 0.0234442 0.0662687 
v 0.0115 0.0233881 0.0662099 
v 0.0115 0.0233261 0.0661576 
v 0.0115 0.0229528 0.0660101 
v 0.0115 0.0228717 0.066006 
v 0.0115 0.022557 0.0660763 
v 0.0115 0.0224854 0.0661145 
v 0.0115 0.0231869 0.0660744 
v 0.0115 0.0231113 0.0660445 
v 0.0115 0.023033 0.066023 
v 0.0115 0.0232587 0.0661122 
v 0.0115 0.0224183 0.0661603 
v 0.0115 0.0223566 0.0662131 
v 0.0115 0.023596 0.0665532 
v 0.0115 0.0236137 0.0666324 
v 0.0115 0.0235699 0.0664763 
v 0.0115 0.0232626 0.0673975 
v 0.0115 0.023191 0.0674357 
v 0.0115 0.0233297 0.0673517 
v 0.0115 0.0235973 0.0669545 
v 0.0115 0.0235716 0.0670315 
v 0.0115 0.0236145 0.0668751 
v 0.0115 0.0223009 0.0662722 
v 0.0115 0.0221335 0.0666369 
v 0.0115 0.0221507 0.0665575 
v 0.0115 0.022125 0.0667176 
v 0.0115 0.0221252 0.0667989 
v 0.0115 0.0221342 0.0668796 
v 0.0115 0.0231156 0.067466 
v 0.0115 0.0233914 0.0672989 
v 0.0115 0.0234471 0.0672398 
v 0.0115 0.023496 0.067175 
v 0.0115 0.023623 0.0667943 
v 0.0115 0.0236228 0.0667131 
v 0.0115 0.022252 0.066337 
v 0.0115 0.0222103 0.0664067 
v 0.0115 0.0221519 0.0669588 
v 0.0115 0.0221781 0.0670357 
v 0.0115 0.0222545 0.0671787 
v 0.0115 0.0222124 0.0671093 
v 0.0115 0.0223038 0.0672433 
v 0.0115 0.0223599 0.067302 
v 0.0115 0.0224219 0.0673544 
v 0.0115 0.0225611 0.0674376 
v 0.0115 0.0226367 0.0674675 
v 0.0115 0.0227951 0.0675018 
v 0.0115 0.022715 0.0674889 
v 0.0115 0.0228763 0.067506 
v 0.0115 0.0230374 0.067488 
v 0.0115 0.0229573 0.0675013 
v 0.0115 0.0235377 0.0671053 
v 0.0115 0.0224893 0.0673998 
v 0.0115 0.0221764 0.0664805 
v 0.0269284 0.0164572 0.0541441 
v 0.0269842 0.0164038 0.054169 
v 0.0268792 0.0165158 0.0541167 
v 0.0268374 0.0165789 0.0540873 
v 0.0268033 0.0166457 0.0540562 
v 0.0267773 0.0167154 0.0540237 
v 0.0267599 0.0167873 0.0539901 
v 0.0267511 0.0168605 0.053956 
v 0.0267511 0.0169341 0.0539217 
v 0.0267599 0.0170072 0.0538876 
v 0.0267773 0.0170791 0.0538541 
v 0.0268033 0.0171489 0.0538215 
v 0.0268374 0.0172157 0.0537904 
v 0.0268792 0.0172787 0.053761 
v 0.0269284 0.0173373 0.0537337 
v 0.0269842 0.0173908 0.0537088 
v 0.0280716 0.0173373 0.0537337 
v 0.0280158 0.0173908 0.0537088 
v 0.0281208 0.0172787 0.053761 
v 0.0281626 0.0172157 0.0537904 
v 0.0281967 0.0171489 0.0538215 
v 0.0282227 0.0170791 0.0538541 
v 0.0282401 0.0170072 0.0538876 
v 0.0282489 0.0169341 0.0539217 
v 0.0282489 0.0168605 0.053956 
v 0.0282401 0.0167873 0.0539901 
v 0.0282227 0.0167154 0.0540237 
v 0.0281967 0.0166457 0.0540562 
v 0.0281626 0.0165789 0.0540873 
v 0.0281208 0.0165158 0.0541167 
v 0.0280716 0.0164572 0.0541441 
v 0.0280158 0.0164038 0.054169 
v 0.0279738 0.0173567 0.0535485 
v 0.0279645 0.0173527 0.0535222 
v 0.0279818 0.0173617 0.0535747 
v 0.0279883 0.0173678 0.0536009 
v 0.0279934 0.017375 0.0536267 
v 0.0279971 0.0173834 0.0536525 
v 0.0279993 0.017393 0.0536777 
v 0.028 0.0174039 0.0537026 
v 0.0279284 0.0173462 0.0534451 
v 0.027898 0.0173455 0.053396 
v 0.0279539 0.0173498 0.0534964 
v 0.0279538 0.0173497 0.0534962 
v 0.027863 0.0173468 0.0533499 
v 0.0278237 0.0173494 0.0533076 
v 0.0278865 0.0173459 0.0533808 
v 0.0278148 0.0173501 0.0532998 
v 0.0277806 0.0173527 0.0532698 
v 0.02771 0.017358 0.0532234 
v 0.0276851 0.0173597 0.0532107 
v 0.0277341 0.0173563 0.0532375 
v 0.0277395 0.0173559 0.0532407 
v 0.0276338 0.0173625 0.0531903 
v 0.0276076 0.0173636 0.0531826 
v 0.0276612 0.0173611 0.0532004 
v 0.0275809 0.0173645 0.0531766 
v 0.0275541 0.0173652 0.0531722 
v 0.0275811 0.0173645 0.0531766 
v 0.0275271 0.0173656 0.0531696 
v 0.0274459 0.0173652 0.0531722 
v 0.0274191 0.0173645 0.0531766 
v 0.0274729 0.0173656 0.0531696 
v 0.0275 0.0173657 0.0531687 
v 0.0274189 0.0173645 0.0531766 
v 0.0273924 0.0173636 0.0531826 
v 0.0273662 0.0173625 0.0531903 
v 0.0272899 0.017358 0.0532234 
v 0.0272658 0.0173563 0.0532374 
v 0.0273388 0.0173611 0.0532004 
v 0.0273149 0.0173597 0.0532107 
v 0.0272605 0.0173559 0.0532407 
v 0.0272194 0.0173527 0.0532698 
v 0.0271852 0.0173501 0.0532998 
v 0.0271763 0.0173494 0.0533076 
v 0.027137 0.0173468 0.0533499 
v 0.0270716 0.0173462 0.0534451 
v 0.0270462 0.0173497 0.0534962 
v 0.0271135 0.0173459 0.0533808 
v 0.027102 0.0173455 0.053396 
v 0.0270066 0.017375 0.0536268 
v 0.0270461 0.0173498 0.0534965 
v 0.0270355 0.0173527 0.0535222 
v 0.0270262 0.0173567 0.0535485 
v 0.0270182 0.0173617 0.0535747 
v 0.0270117 0.0173678 0.0536009 
v 0.0270029 0.0173834 0.0536525 
v 0.0270007 0.017393 0.0536777 
v 0.0270262 0.0163029 0.0540399 
v 0.0270355 0.0162853 0.0540199 
v 0.0270182 0.0163198 0.0540605 
v 0.0270117 0.0163359 0.054082 
v 0.0270066 0.0163511 0.0541042 
v 0.0270029 0.0163654 0.0541272 
v 0.0270007 0.0163786 0.0541508 
v 0.027 0.0163906 0.0541751 
v 0.0270716 0.0162304 0.0539654 
v 0.027102 0.0161933 0.0539333 
v 0.0270461 0.0162675 0.0540011 
v 0.0270462 0.0162673 0.054001 
v 0.027137 0.0161571 0.0539046 
v 0.0271763 0.0161231 0.0538794 
v 0.0271135 0.0161814 0.0539239 
v 0.0271852 0.0161167 0.0538749 
v 0.0272194 0.016092 0.0538577 
v 0.02729 0.016053 0.0538319 
v 0.0273149 0.0160423 0.0538251 
v 0.0272659 0.016065 0.0538397 
v 0.0272605 0.0160676 0.0538414 
v 0.0273662 0.0160248 0.0538141 
v 0.0273924 0.0160182 0.05381 
v 0.0273388 0.0160334 0.0538195 
v 0.0274191 0.016013 0.0538068 
v 0.0274459 0.0160092 0.0538045 
v 0.0274189 0.016013 0.0538068 
v 0.0274729 0.016007 0.0538031 
v 0.0275541 0.0160092 0.0538045 
v 0.0275809 0.016013 0.0538068 
v 0.0275271 0.016007 0.0538031 
v 0.0275 0.0160062 0.0538027 
v 0.0275811 0.016013 0.0538068 
v 0.0276076 0.0160182 0.05381 
v 0.0276338 0.0160248 0.0538141 
v 0.0277101 0.016053 0.0538319 
v 0.0277342 0.0160648 0.0538396 
v 0.0276612 0.0160334 0.0538195 
v 0.0276851 0.0160423 0.0538251 
v 0.0277395 0.0160676 0.0538414 
v 0.0277806 0.016092 0.0538577 
v 0.0278148 0.0161167 0.0538749 
v 0.0278237 0.0161231 0.0538794 
v 0.027863 0.0161571 0.0539046 
v 0.0279284 0.0162304 0.0539654 
v 0.0279538 0.0162673 0.054001 
v 0.0278865 0.0161814 0.0539239 
v 0.027898 0.0161933 0.0539333 
v 0.0279934 0.0163511 0.0541042 
v 0.0279539 0.0162675 0.0540011 
v 0.0279645 0.0162853 0.05402 
v 0.0279738 0.0163029 0.0540399 
v 0.0279818 0.0163198 0.0540605 
v 0.0279883 0.0163359 0.054082 
v 0.0279971 0.0163654 0.0541272 
v 0.0279993 0.0163785 0.0541507 
v 0.028 0.0163906 0.0541751 
v 0.027 0.0174039 0.0537026 
v 0.0275 0.0232626 0.0673975 
v 0.0275 0.023191 0.0674357 
v 0.0275 0.0233297 0.0673517 
v 0.0275 0.0233914 0.0672989 
v 0.0275 0.0234471 0.0672398 
v 0.0275 0.023496 0.067175 
v 0.0275 0.0235377 0.0671053 
v 0.0275 0.0235716 0.0670315 
v 0.0275 0.023033 0.066023 
v 0.0275 0.0231113 0.0660445 
v 0.0275 0.0229528 0.0660101 
v 0.0275 0.0228717 0.066006 
v 0.0275 0.0227907 0.0660106 
v 0.0275 0.0227106 0.066024 
v 0.0275 0.0226324 0.066046 
v 0.0275 0.022557 0.0660763 
v 0.0275 0.0224854 0.0661145 
v 0.0275 0.0224183 0.0661603 
v 0.0275 0.0223566 0.0662131 
v 0.0275 0.0223009 0.0662722 
v 0.0275 0.022252 0.066337 
v 0.0275 0.0222103 0.0664067 
v 0.0275 0.0221764 0.0664805 
v 0.0275 0.022715 0.0674889 
v 0.0275 0.0226367 0.0674675 
v 0.0275 0.0227951 0.0675018 
v 0.0275 0.0228763 0.067506 
v 0.0275 0.0229573 0.0675013 
v 0.0275 0.0230374 0.067488 
v 0.0275 0.0231156 0.067466 
v 0.0273806 0.0231869 0.0660744 
v 0.0274191 0.0231774 0.0660701 
v 0.0274729 0.0231702 0.066067 
v 0.0274458 0.0231729 0.0660682 
v 0.0275 0.0231693 0.0660666 
v 0.0273149 0.0232114 0.0660862 
v 0.0272899 0.0232235 0.0660924 
v 0.0273402 0.0232007 0.0660809 
v 0.0272658 0.0232366 0.0660995 
v 0.0273663 0.0231917 0.0660767 
v 0.0272194 0.023266 0.0661166 
v 0.0271763 0.0232984 0.0661376 
v 0.027231 0.0232587 0.0661123 
v 0.027137 0.0233328 0.0661627 
v 0.027102 0.0233681 0.0661917 
v 0.0271448 0.023326 0.0661577 
v 0.0270583 0.0234207 0.0662426 
v 0.0270462 0.0234378 0.0662614 
v 0.0270721 0.0234033 0.0662251 
v 0.0270841 0.0233881 0.0662099 
v 0.027042 0.0234442 0.0662687 
v 0.0270262 0.0234707 0.0663016 
v 0.0270066 0.0235156 0.0663675 
v 0.0270029 0.0235291 0.0663909 
v 0.0270149 0.0234935 0.0663332 
v 0.0270121 0.0235011 0.0663451 
v 0.027 0.0235536 0.0664388 
v 0.0270004 0.023562 0.0664575 
v 0.0270017 0.0235356 0.0664027 
v 0.0270007 0.0235422 0.0664144 
v 0.0270066 0.023584 0.0665142 
v 0.0270117 0.0235921 0.0665397 
v 0.0270017 0.0235699 0.0664763 
v 0.0270033 0.0235746 0.0664889 
v 0.0270149 0.023596 0.0665532 
v 0.0270262 0.0236056 0.066591 
v 0.027042 0.0236137 0.0666324 
v 0.0270465 0.0236151 0.0666419 
v 0.0270583 0.0236187 0.0666672 
v 0.0270716 0.0236213 0.066692 
v 0.0270849 0.0236224 0.0667132 
v 0.027102 0.0236238 0.0667402 
v 0.027137 0.0236234 0.0667859 
v 0.0271448 0.0236228 0.0667943 
v 0.0271763 0.0236205 0.0668284 
v 0.0272194 0.0236158 0.0668667 
v 0.0273402 0.0236012 0.0669397 
v 0.0273662 0.0235985 0.0669497 
v 0.0272658 0.02361 0.0669002 
v 0.02729 0.023607 0.0669149 
v 0.0273149 0.023604 0.0669281 
v 0.027231 0.0236143 0.0668751 
v 0.0274191 0.0235944 0.0669645 
v 0.0274458 0.0235931 0.0669691 
v 0.0274729 0.0235922 0.066972 
v 0.0273806 0.0235973 0.0669545 
v 0.0273806 0.0225611 0.0674376 
v 0.0274191 0.0225706 0.0674419 
v 0.0274729 0.0225778 0.067445 
v 0.0274458 0.022575 0.0674438 
v 0.0275 0.0225787 0.0674454 
v 0.0273149 0.0225366 0.0674258 
v 0.0272899 0.0225245 0.0674196 
v 0.0273402 0.0225473 0.0674311 
v 0.0272658 0.0225114 0.0674125 
v 0.0273663 0.0225562 0.0674353 
v 0.0272194 0.022482 0.0673954 
v 0.0271763 0.0224496 0.0673744 
v 0.027231 0.0224893 0.0673997 
v 0.027137 0.0224152 0.0673493 
v 0.027102 0.0223799 0.0673203 
v 0.0271448 0.022422 0.0673543 
v 0.0270583 0.0223273 0.0672694 
v 0.0270462 0.0223102 0.0672506 
v 0.0270841 0.0223599 0.067302 
v 0.0270721 0.0223447 0.0672869 
v 0.027042 0.0223038 0.0672433 
v 0.0270262 0.0222773 0.0672104 
v 0.0270066 0.0222324 0.0671445 
v 0.0270029 0.0222189 0.0671211 
v 0.0270149 0.0222545 0.0671787 
v 0.0270121 0.0222469 0.0671669 
v 0.0270017 0.0222124 0.0671093 
v 0.027 0.0221943 0.067073 
v 0.0270066 0.022164 0.0669978 
v 0.0270117 0.0221559 0.0669723 
v 0.0270017 0.0221781 0.0670357 
v 0.0270033 0.0221734 0.0670231 
v 0.0270149 0.0221519 0.0669588 
v 0.0270262 0.0221424 0.066921 
v 0.027042 0.0221342 0.0668796 
v 0.0270465 0.0221329 0.0668701 
v 0.0270583 0.0221293 0.0668448 
v 0.0270716 0.0221267 0.06682 
v 0.0270849 0.0221256 0.0667988 
v 0.027102 0.0221242 0.0667718 
v 0.027137 0.0221246 0.066726 
v 0.0271448 0.0221252 0.0667177 
v 0.0271763 0.0221275 0.0666836 
v 0.0272194 0.0221322 0.0666453 
v 0.0273402 0.0221468 0.0665723 
v 0.0273662 0.0221494 0.0665623 
v 0.0272658 0.022138 0.0666118 
v 0.02729 0.022141 0.0665971 
v 0.0273149 0.022144 0.0665839 
v 0.027231 0.0221337 0.0666369 
v 0.0274191 0.0221535 0.0665475 
v 0.0274458 0.0221549 0.0665429 
v 0.0274729 0.0221558 0.06654 
v 0.0273806 0.0221507 0.0665575 
v 0.0275 0.022156 0.0665391 
v 0.0275 0.0235919 0.0669729 
v 0.0270029 0.0235309 0.06639 
v 0.0278237 0.0233927 0.0660937 
v 0.027863 0.0234084 0.0661274 
v 0.0271763 0.0233927 0.0660937 
v 0.0270716 0.0234448 0.0662054 
v 0.027102 0.0234258 0.0661648 
v 0.0270262 0.0234863 0.0662943 
v 0.0270462 0.023465 0.0662488 
v 0.0271763 0.0237148 0.0667844 
v 0.0270716 0.0236627 0.0666727 
v 0.0270462 0.0236425 0.0666293 
v 0.027137 0.023699 0.0667507 
v 0.027102 0.0236816 0.0667133 
v 0.0270029 0.0235766 0.066488 
v 0.027898 0.0236816 0.0667133 
v 0.027863 0.023699 0.0667507 
v 0.0279738 0.0234863 0.0662943 
v 0.0279883 0.0235083 0.0663416 
v 0.0279284 0.0234448 0.0662054 
v 0.0279538 0.023465 0.0662488 
v 0.027898 0.0234258 0.0661648 
v 0.0275271 0.0233427 0.0659865 
v 0.0275809 0.0233452 0.0659918 
v 0.0272658 0.023367 0.0660387 
v 0.0273149 0.0233574 0.0660181 
v 0.0272194 0.0233788 0.066064 
v 0.0270117 0.0235083 0.0663416 
v 0.0270262 0.0236212 0.0665837 
v 0.0270117 0.0235991 0.0665364 
v 0.0272658 0.0237404 0.0668394 
v 0.0272194 0.0237286 0.0668141 
v 0.0273662 0.0237573 0.0668757 
v 0.0273149 0.02375 0.06686 
v 0.0274729 0.0237647 0.0668915 
v 0.0274191 0.0237622 0.0668862 
v 0.0279284 0.0236627 0.0666727 
v 0.0279738 0.0236212 0.0665837 
v 0.0279538 0.0236425 0.0666293 
v 0.0279971 0.0235766 0.066488 
v 0.0279883 0.0235991 0.0665364 
v 0.0279971 0.0235309 0.06639 
v 0.0277342 0.023367 0.0660387 
v 0.0277806 0.0233788 0.066064 
v 0.0276338 0.0233501 0.0660024 
v 0.0276851 0.0233574 0.0660181 
v 0.0274729 0.0233427 0.0659865 
v 0.0273662 0.0233501 0.0660024 
v 0.0274191 0.0233452 0.0659918 
v 0.0275271 0.0237647 0.0668915 
v 0.0276338 0.0237573 0.0668757 
v 0.0275809 0.0237622 0.0668862 
v 0.0277342 0.0237404 0.0668394 
v 0.0276851 0.02375 0.06686 
v 0.0278237 0.0237148 0.0667844 
v 0.0277806 0.0237286 0.0668141 
v 0.028 0.0235537 0.066439 
v 0.027137 0.0234084 0.0661274 
v 0.0275809 0.0175427 0.0697864 
v 0.0276338 0.0175378 0.0697759 
v 0.0276851 0.0175305 0.0697602 
v 0.0277342 0.0175209 0.0697396 
v 0.0277806 0.0175091 0.0697143 
v 0.0278237 0.0174952 0.0696846 
v 0.027863 0.0174795 0.0696509 
v 0.027898 0.0174621 0.0696135 
v 0.0279284 0.0174431 0.0695729 
v 0.0279538 0.0174229 0.0695295 
v 0.0279738 0.0174017 0.0694839 
v 0.0279883 0.0173796 0.0694367 
v 0.0279971 0.017357 0.0693882 
v 0.028 0.0173342 0.0693392 
v 0.0279971 0.0173113 0.0692903 
v 0.0279883 0.0172888 0.0692418 
v 0.0279738 0.0172667 0.0691946 
v 0.0279538 0.0172455 0.069149 
v 0.0279284 0.0172252 0.0691056 
v 0.027898 0.0172063 0.069065 
v 0.027863 0.0171889 0.0690276 
v 0.0272194 0.0175091 0.0697143 
v 0.0271763 0.0174952 0.0696846 
v 0.0272658 0.0175209 0.0697396 
v 0.0273149 0.0175305 0.0697602 
v 0.0273662 0.0175378 0.0697759 
v 0.0274191 0.0175427 0.0697864 
v 0.0274729 0.0175452 0.0697917 
v 0.0275271 0.0175452 0.0697917 
v 0.027137 0.0183858 0.0692283 
v 0.027102 0.0183684 0.0691909 
v 0.0270716 0.0183494 0.0691503 
v 0.0270462 0.0183292 0.0691069 
v 0.0270262 0.018308 0.0690613 
v 0.0270117 0.0182859 0.069014 
v 0.0270029 0.0182633 0.0689656 
v 0.027 0.0182405 0.0689166 
v 0.0270029 0.0182176 0.0688676 
v 0.0270117 0.0181951 0.0688192 
v 0.0270262 0.018173 0.0687719 
v 0.0270462 0.0181518 0.0687264 
v 0.0270716 0.0181316 0.068683 
v 0.027102 0.0181126 0.0686424 
v 0.027137 0.0180952 0.068605 
v 0.0271763 0.0180794 0.0685713 
v 0.0272194 0.0180656 0.0685416 
v 0.0272658 0.0180538 0.0685163 
v 0.0273149 0.0180442 0.0684957 
v 0.0273662 0.0180369 0.06848 
v 0.0274191 0.018032 0.0684694 
v 0.0274729 0.0180295 0.0684641 
v 0.0275271 0.0180295 0.0684641 
v 0.0275809 0.018032 0.0684694 
v 0.0276338 0.0180369 0.06848 
v 0.0276851 0.0180442 0.0684957 
v 0.0277342 0.0180538 0.0685163 
v 0.0277806 0.0180656 0.0685416 
v 0.0278536 0.0180911 0.0685962 
v 0.0278237 0.0180794 0.0685713 
v 0.0271464 0.0183899 0.0692371 
v 0.0271464 0.0174836 0.0696597 
v 0.0278536 0.0171848 0.0690188 
v 0.0203111 0.0145949 0.0634647 
v 0.0203111 0.0155012 0.0630421 
v 0.0202147 0.0154557 0.0629447 
v 0.0201304 0.0154062 0.0628384 
v 0.0202147 0.0145494 0.0633673 
v 0.0200594 0.0153531 0.0627245 
v 0.0201304 0.0144999 0.0632611 
v 0.0200023 0.015297 0.0626044 
v 0.0200594 0.0144468 0.0631472 
v 0.01996 0.0152387 0.0624793 
v 0.0200023 0.0143907 0.063027 
v 0.0199328 0.0151788 0.0623508 
v 0.01996 0.0143324 0.0629019 
v 0.019921 0.015118 0.0622204 
v 0.0199328 0.0142725 0.0627734 
v 0.019925 0.015057 0.0620896 
v 0.019921 0.0142117 0.062643 
v 0.0199444 0.0149965 0.0619599 
v 0.019925 0.0141507 0.0625122 
v 0.0199793 0.0149373 0.0618329 
v 0.0199444 0.0140902 0.0623825 
v 0.0200291 0.01488 0.0617101 
v 0.0199793 0.014031 0.0622556 
v 0.0200932 0.0148254 0.0615929 
v 0.0200291 0.0139737 0.0621327 
v 0.020171 0.014774 0.0614827 
v 0.0200932 0.0139191 0.0620155 
v 0.0202614 0.0147264 0.0613807 
v 0.020171 0.0138677 0.0619053 
v 0.0203635 0.0146833 0.0612882 
v 0.0202614 0.0138201 0.0618033 
v 0.020476 0.0146451 0.0612062 
v 0.0203635 0.013777 0.0617108 
v 0.0205977 0.0146122 0.0611357 
v 0.020476 0.0137387 0.0616288 
v 0.020727 0.0145851 0.0610776 
v 0.0205977 0.0137059 0.0615583 
v 0.0208625 0.014564 0.0610325 
v 0.020727 0.0136788 0.0615002 
v 0.0210026 0.0145493 0.0610009 
v 0.0208625 0.0136577 0.0614551 
v 0.0211457 0.0145411 0.0609832 
v 0.0210026 0.013643 0.0614235 
v 0.02129 0.0145394 0.0609797 
v 0.0211457 0.0136348 0.0614058 
v 0.0214339 0.0145444 0.0609903 
v 0.02129 0.0136331 0.0614023 
v 0.0215757 0.0145559 0.0610149 
v 0.0214339 0.0136381 0.0614129 
v 0.0217137 0.0145738 0.0610534 
v 0.0215757 0.0136496 0.0614376 
v 0.0218463 0.0145979 0.0611051 
v 0.0217137 0.0136675 0.061476 
v 0.021972 0.0146279 0.0611695 
v 0.0218463 0.0136916 0.0615277 
v 0.0220892 0.0146635 0.0612458 
v 0.021972 0.0137216 0.0615921 
v 0.0221967 0.0147043 0.0613332 
v 0.0220892 0.0137572 0.0616684 
v 0.0221967 0.013798 0.0617558 
v 0.0287964 0.0165871 0.0677371 
v 0.0287964 0.0174934 0.0673145 
v 0.0292678 0.0163879 0.0673099 
v 0.0292678 0.0172942 0.0668873 
v 0.0292919 0.0173055 0.0669116 
v 0.0292919 0.0163992 0.0673342 
v 0.0293129 0.0173179 0.0669382 
v 0.0293129 0.0164116 0.0673608 
v 0.0293307 0.0173312 0.0669666 
v 0.0293307 0.0164249 0.0673893 
v 0.029345 0.0173452 0.0669967 
v 0.029345 0.0164389 0.0674193 
v 0.0293555 0.0173598 0.067028 
v 0.0293555 0.0164535 0.0674506 
v 0.0293623 0.0173748 0.0670601 
v 0.0293623 0.0164685 0.0674827 
v 0.0293653 0.01739 0.0670927 
v 0.0293653 0.0164837 0.0675153 
v 0.0293643 0.0174052 0.0671254 
v 0.0293643 0.0164989 0.067548 
v 0.0293594 0.0174203 0.0671578 
v 0.0293594 0.016514 0.0675804 
v 0.0293507 0.0174351 0.0671895 
v 0.0293507 0.0165288 0.0676122 
v 0.0293383 0.0174495 0.0672202 
v 0.0293383 0.0165432 0.0676429 
v 0.0293222 0.0174631 0.0672496 
v 0.0293222 0.0165568 0.0676722 
v 0.0293028 0.017476 0.0672771 
v 0.0293028 0.0165697 0.0676997 
v 0.0292802 0.0174879 0.0673026 
v 0.0292802 0.0165816 0.0677252 
v 0.0292547 0.0174987 0.0673257 
v 0.0292547 0.0165923 0.0677484 
v 0.0292265 0.0175082 0.0673462 
v 0.0292265 0.0166019 0.0677689 
v 0.0291961 0.0175164 0.0673639 
v 0.0291961 0.0166101 0.0677865 
v 0.0291638 0.0175232 0.0673784 
v 0.0291638 0.0166169 0.067801 
v 0.0291299 0.0175285 0.0673897 
v 0.0291299 0.0166222 0.0678123 
v 0.0290949 0.0175321 0.0673976 
v 0.0290949 0.0166258 0.0678202 
v 0.0290591 0.0175342 0.067402 
v 0.0290591 0.0166279 0.0678246 
v 0.029023 0.0175346 0.0674029 
v 0.029023 0.0166283 0.0678255 
v 0.0289871 0.0175334 0.0674002 
v 0.0289871 0.0166271 0.0678228 
v 0.0289516 0.0175305 0.067394 
v 0.0289516 0.0166242 0.0678167 
v 0.0289171 0.017526 0.0673844 
v 0.0289171 0.0166197 0.0678071 
v 0.028884 0.01752 0.0673715 
v 0.028884 0.0166137 0.0677941 
v 0.0288525 0.0175125 0.0673554 
v 0.0288525 0.0166062 0.067778 
v 0.0288232 0.0175036 0.0673363 
v 0.0288232 0.0165973 0.067759 
v 0.0226681 0.0135987 0.0613285 
v 0.0226681 0.014505 0.0609059 
v 0.0225717 0.0144596 0.0608085 
v 0.0224875 0.0144101 0.0607023 
v 0.0225717 0.0135533 0.0612311 
v 0.0224164 0.014357 0.0605884 
v 0.0224875 0.0135038 0.0611249 
v 0.0223594 0.0143009 0.0604682 
v 0.0224164 0.0134507 0.061011 
v 0.022317 0.0142426 0.0603431 
v 0.0223594 0.0133946 0.0608908 
v 0.0222898 0.0141827 0.0602146 
v 0.022317 0.0133363 0.0607657 
v 0.0222781 0.0141219 0.0600842 
v 0.0222898 0.0132764 0.0606372 
v 0.022282 0.0140609 0.0599534 
v 0.0222781 0.0132155 0.0605068 
v 0.0223015 0.0140004 0.0598237 
v 0.022282 0.0131546 0.060376 
v 0.0223363 0.0139412 0.0596968 
v 0.0223015 0.0130941 0.0602463 
v 0.0223861 0.0138839 0.0595739 
v 0.0223363 0.0130349 0.0601194 
v 0.0224502 0.0138293 0.0594567 
v 0.0223861 0.0129776 0.0599966 
v 0.022528 0.0137779 0.0593465 
v 0.0224502 0.012923 0.0598793 
v 0.0226184 0.0137303 0.0592445 
v 0.022528 0.0128715 0.0597691 
v 0.0227205 0.0136872 0.059152 
v 0.0226184 0.012824 0.0596671 
v 0.0228331 0.0136489 0.05907 
v 0.0227205 0.0127809 0.0595746 
v 0.0229547 0.0136161 0.0589995 
v 0.0228331 0.0127426 0.0594926 
v 0.023084 0.013589 0.0589414 
v 0.0229547 0.0127098 0.0594221 
v 0.0232195 0.0135679 0.0588963 
v 0.023084 0.0126827 0.059364 
v 0.0233597 0.0135532 0.0588647 
v 0.0232195 0.0126616 0.0593189 
v 0.0235027 0.013545 0.058847 
v 0.0233597 0.0126469 0.0592873 
v 0.023647 0.0135433 0.0588435 
v 0.0235027 0.0126387 0.0592696 
v 0.0237909 0.0135483 0.0588541 
v 0.023647 0.012637 0.0592661 
v 0.0239327 0.0135598 0.0588788 
v 0.0237909 0.012642 0.0592767 
v 0.0240707 0.0135777 0.0589172 
v 0.0239327 0.0126535 0.0593014 
v 0.0242033 0.0136018 0.0589689 
v 0.0240707 0.0126714 0.0593398 
v 0.024329 0.0136318 0.0590333 
v 0.0242033 0.0126955 0.0593915 
v 0.0244463 0.0136674 0.0591096 
v 0.024329 0.0127255 0.0594559 
v 0.0245537 0.0137081 0.059197 
v 0.0244463 0.0127611 0.0595322 
v 0.0245537 0.0128018 0.0596196 
v 0.0311534 0.015591 0.0656009 
v 0.0311534 0.0164973 0.0651783 
v 0.0316248 0.0153918 0.0651737 
v 0.0316248 0.0162981 0.0647511 
v 0.0316489 0.0163094 0.0647754 
v 0.0316489 0.0154031 0.065198 
v 0.0316699 0.0163218 0.064802 
v 0.0316699 0.0154155 0.0652246 
v 0.0316877 0.0163351 0.0648305 
v 0.0316877 0.0154288 0.0652531 
v 0.031702 0.0163491 0.0648605 
v 0.031702 0.0154428 0.0652831 
v 0.0317126 0.0163637 0.0648918 
v 0.0317126 0.0154574 0.0653144 
v 0.0317194 0.0163787 0.0649239 
v 0.0317194 0.0154723 0.0653465 
v 0.0317223 0.0163939 0.0649565 
v 0.0317223 0.0154875 0.0653791 
v 0.0317213 0.0164091 0.0649892 
v 0.0317213 0.0155028 0.0654118 
v 0.0317164 0.0164242 0.0650216 
v 0.0317164 0.0155179 0.0654442 
v 0.0317077 0.016439 0.0650534 
v 0.0317077 0.0155327 0.065476 
v 0.0316953 0.0164533 0.0650841 
v 0.0316953 0.015547 0.0655067 
v 0.0316793 0.016467 0.0651134 
v 0.0316793 0.0155607 0.065536 
v 0.0316598 0.0164799 0.0651409 
v 0.0316598 0.0155735 0.0655635 
v 0.0316372 0.0164917 0.0651664 
v 0.0316372 0.0155854 0.065589 
v 0.0316117 0.0165025 0.0651896 
v 0.0316117 0.0155962 0.0656122 
v 0.0315836 0.0165121 0.06521 
v 0.0315836 0.0156058 0.0656327 
v 0.0315531 0.0165203 0.0652277 
v 0.0315531 0.015614 0.0656503 
v 0.0315208 0.0165271 0.0652422 
v 0.0315208 0.0156208 0.0656648 
v 0.0314869 0.0165323 0.0652535 
v 0.0314869 0.015626 0.0656761 
v 0.0314519 0.016536 0.0652614 
v 0.0314519 0.0156297 0.065684 
v 0.0314161 0.0165381 0.0652658 
v 0.0314161 0.0156318 0.0656884 
v 0.0313801 0.0165385 0.0652667 
v 0.0313801 0.0156322 0.0656893 
v 0.0313441 0.0165373 0.065264 
v 0.0313441 0.0156309 0.0656866 
v 0.0313086 0.0165344 0.0652579 
v 0.0313086 0.0156281 0.0656805 
v 0.0312741 0.0165299 0.0652483 
v 0.0312741 0.0156236 0.0656709 
v 0.031241 0.0165239 0.0652353 
v 0.031241 0.0156176 0.0656579 
v 0.0312096 0.0165164 0.0652192 
v 0.0312096 0.0156101 0.0656418 
v 0.0311803 0.0165075 0.0652001 
v 0.0311803 0.0156012 0.0656228 
v 0.0250251 0.0126026 0.0591924 
v 0.0250251 0.0135089 0.0587697 
v 0.0249287 0.0134635 0.0586723 
v 0.0248445 0.013414 0.0585661 
v 0.0249287 0.0125572 0.059095 
v 0.0247734 0.0133608 0.0584522 
v 0.0248445 0.0125076 0.0589887 
v 0.0247164 0.0133048 0.058332 
v 0.0247734 0.0124545 0.0588748 
v 0.024674 0.0132465 0.0582069 
v 0.0247164 0.0123985 0.0587546 
v 0.0246468 0.0131865 0.0580784 
v 0.024674 0.0123402 0.0586295 
v 0.0246351 0.0131257 0.057948 
v 0.0246468 0.0122802 0.058501 
v 0.024639 0.0130647 0.0578172 
v 0.0246351 0.0122194 0.0583706 
v 0.0246585 0.0130043 0.0576875 
v 0.024639 0.0121584 0.0582398 
v 0.0246933 0.0129451 0.0575606 
v 0.0246585 0.012098 0.0581102 
v 0.0247431 0.0128878 0.0574377 
v 0.0246933 0.0120388 0.0579832 
v 0.0248073 0.0128331 0.0573205 
v 0.0247431 0.0119815 0.0578604 
v 0.024885 0.0127817 0.0572103 
v 0.0248073 0.0119268 0.0577431 
v 0.0249755 0.0127342 0.0571083 
v 0.024885 0.0118754 0.0576329 
v 0.0250776 0.012691 0.0570158 
v 0.0249755 0.0118279 0.0575309 
v 0.0251901 0.0126528 0.0569338 
v 0.0250776 0.0117847 0.0574384 
v 0.0253117 0.01262 0.0568633 
v 0.0251901 0.0117465 0.0573564 
v 0.0254411 0.0125928 0.0568052 
v 0.0253117 0.0117136 0.057286 
v 0.0255766 0.0125718 0.0567601 
v 0.0254411 0.0116865 0.0572278 
v 0.0257167 0.0125571 0.0567285 
v 0.0255766 0.0116655 0.0571827 
v 0.0258597 0.0125488 0.0567108 
v 0.0257167 0.0116508 0.0571511 
v 0.026004 0.0125472 0.0567073 
v 0.0258597 0.0116425 0.0571335 
v 0.0261479 0.0125521 0.0567179 
v 0.026004 0.0116409 0.0571299 
v 0.0262897 0.0125636 0.0567426 
v 0.0261479 0.0116458 0.0571405 
v 0.0264277 0.0125815 0.056781 
v 0.0262897 0.0116573 0.0571652 
v 0.0265604 0.0126057 0.0568327 
v 0.0264277 0.0116752 0.0572036 
v 0.026686 0.0126357 0.0568971 
v 0.0265604 0.0116993 0.0572553 
v 0.0268033 0.0126713 0.0569734 
v 0.026686 0.0117294 0.0573197 
v 0.0269107 0.012712 0.0570608 
v 0.0268033 0.011765 0.057396 
v 0.0269107 0.0118057 0.0574834 
v 0.0335104 0.0145949 0.0634647 
v 0.0335104 0.0155012 0.0630421 
v 0.0339818 0.0143956 0.0630375 
v 0.0339818 0.0153019 0.0626149 
v 0.0340059 0.0153133 0.0626392 
v 0.0340059 0.014407 0.0630618 
v 0.034027 0.0153257 0.0626658 
v 0.034027 0.0144194 0.0630884 
v 0.0340447 0.015339 0.0626943 
v 0.0340447 0.0144327 0.0631169 
v 0.034059 0.015353 0.0627243 
v 0.034059 0.0144467 0.0631469 
v 0.0340696 0.0153676 0.0627556 
v 0.0340696 0.0144612 0.0631782 
v 0.0340764 0.0153825 0.0627877 
v 0.0340764 0.0144762 0.0632103 
v 0.0340793 0.0153977 0.0628203 
v 0.0340793 0.0144914 0.0632429 
v 0.0340783 0.015413 0.062853 
v 0.0340783 0.0145067 0.0632756 
v 0.0340735 0.0154281 0.0628854 
v 0.0340735 0.0145218 0.063308 
v 0.0340648 0.0154429 0.0629172 
v 0.0340648 0.0145366 0.0633398 
v 0.0340523 0.0154572 0.0629479 
v 0.0340523 0.0145509 0.0633705 
v 0.0340363 0.0154709 0.0629772 
v 0.0340363 0.0145646 0.0633998 
v 0.0340168 0.0154837 0.0630047 
v 0.0340168 0.0145774 0.0634274 
v 0.0339942 0.0154956 0.0630302 
v 0.0339942 0.0145893 0.0634529 
v 0.0339687 0.0155064 0.0630534 
v 0.0339687 0.0146001 0.063476 
v 0.0339406 0.015516 0.0630739 
v 0.0339406 0.0146097 0.0634965 
v 0.0339102 0.0155242 0.0630915 
v 0.0339102 0.0146179 0.0635141 
v 0.0338778 0.015531 0.063106 
v 0.0338778 0.0146247 0.0635286 
v 0.033844 0.0155362 0.0631173 
v 0.033844 0.0146299 0.0635399 
v 0.0338089 0.0155399 0.0631252 
v 0.0338089 0.0146336 0.0635478 
v 0.0337732 0.015542 0.0631296 
v 0.0337732 0.0146357 0.0635522 
v 0.0337371 0.0155424 0.0631305 
v 0.0337371 0.0146361 0.0635531 
v 0.0337011 0.0155411 0.0631278 
v 0.0337011 0.0146348 0.0635504 
v 0.0336657 0.0155383 0.0631217 
v 0.0336657 0.014632 0.0635443 
v 0.0336312 0.0155338 0.0631121 
v 0.0336312 0.0146275 0.0635347 
v 0.033598 0.0155278 0.0630991 
v 0.033598 0.0146214 0.0635218 
v 0.0335666 0.0155202 0.063083 
v 0.0335666 0.0146139 0.0635057 
v 0.0335373 0.0155113 0.063064 
v 0.0335373 0.014605 0.0634866 
v 0.0271464 0.0115069 0.0568425 
v 0.0271464 0.0124132 0.0564199 
v 0.0210182 0.0152023 0.0624013 
v 0.0210182 0.014296 0.0628239 
v 0.0214896 0.0150031 0.061974 
v 0.0214896 0.0140968 0.0623966 
v 0.0214627 0.0140866 0.0623748 
v 0.0214627 0.0149929 0.0619522 
v 0.0214334 0.0140777 0.0623557 
v 0.0214334 0.014984 0.0619331 
v 0.021402 0.0140702 0.0623396 
v 0.021402 0.0149765 0.061917 
v 0.0213688 0.0140642 0.0623267 
v 0.0213688 0.0149705 0.0619041 
v 0.0213343 0.0140597 0.0623171 
v 0.0213343 0.014966 0.0618945 
v 0.0212989 0.0140568 0.0623109 
v 0.0212989 0.0149631 0.0618883 
v 0.0212629 0.0140556 0.0623083 
v 0.0212629 0.0149619 0.0618856 
v 0.0212268 0.014056 0.0623091 
v 0.0212268 0.0149623 0.0618865 
v 0.0211911 0.0140581 0.0623136 
v 0.0211911 0.0149644 0.0618909 
v 0.021156 0.0140617 0.0623215 
v 0.021156 0.014968 0.0618988 
v 0.0211222 0.014067 0.0623327 
v 0.0211222 0.0149733 0.0619101 
v 0.0210898 0.0140738 0.0623473 
v 0.0210898 0.0149801 0.0619247 
v 0.0210594 0.014082 0.0623649 
v 0.0210594 0.0149883 0.0619423 
v 0.0210313 0.0140915 0.0623854 
v 0.0210313 0.0149979 0.0619628 
v 0.0210058 0.0141023 0.0624085 
v 0.0210058 0.0150086 0.0619859 
v 0.0209832 0.0141142 0.062434 
v 0.0209832 0.0150205 0.0620114 
v 0.0209637 0.0141271 0.0624616 
v 0.0209637 0.0150334 0.062039 
v 0.0209477 0.0141407 0.0624909 
v 0.0209477 0.015047 0.0620683 
v 0.0209352 0.0141551 0.0625216 
v 0.0209352 0.0150614 0.062099 
v 0.0209265 0.0141699 0.0625533 
v 0.0209265 0.0150762 0.0621307 
v 0.0209217 0.014185 0.0625857 
v 0.0209217 0.0150913 0.0621631 
v 0.0209207 0.0142002 0.0626184 
v 0.0209207 0.0151065 0.0621958 
v 0.0209236 0.0142154 0.062651 
v 0.0209236 0.0151217 0.0622284 
v 0.0209304 0.0142304 0.0626832 
v 0.0209304 0.0151367 0.0622605 
v 0.020941 0.014245 0.0627144 
v 0.020941 0.0151513 0.0622918 
v 0.0209553 0.014259 0.0627445 
v 0.0209553 0.0151653 0.0623219 
v 0.020973 0.0142723 0.062773 
v 0.020973 0.0151786 0.0623503 
v 0.0209941 0.0142847 0.0627995 
v 0.0209941 0.015191 0.0623769 
v 0.0280893 0.0168859 0.068378 
v 0.0280893 0.0177922 0.0679553 
v 0.0281967 0.0169267 0.0684653 
v 0.028314 0.0169623 0.0685417 
v 0.0281967 0.017833 0.0680427 
v 0.0284396 0.0169923 0.0686061 
v 0.028314 0.0178686 0.0681191 
v 0.0285723 0.0170164 0.0686578 
v 0.0284396 0.0178986 0.0681835 
v 0.0287103 0.0170343 0.0686962 
v 0.0285723 0.0179227 0.0682352 
v 0.0288521 0.0170458 0.0687208 
v 0.0287103 0.0179406 0.0682736 
v 0.028996 0.0170508 0.0687315 
v 0.0288521 0.0179521 0.0682982 
v 0.0291403 0.0170491 0.0687279 
v 0.028996 0.0179571 0.0683088 
v 0.0292833 0.0170409 0.0687102 
v 0.0291403 0.0179554 0.0683053 
v 0.0294234 0.0170262 0.0686787 
v 0.0292833 0.0179472 0.0682876 
v 0.0295589 0.0170051 0.0686335 
v 0.0294234 0.0179325 0.0682561 
v 0.0296883 0.016978 0.0685754 
v 0.0295589 0.0179114 0.0682109 
v 0.0298099 0.0169451 0.0685049 
v 0.0296883 0.0178843 0.0681528 
v 0.0299224 0.0169069 0.068423 
v 0.0298099 0.0178515 0.0680823 
v 0.0300245 0.0168638 0.0683304 
v 0.0299224 0.0178132 0.0680004 
v 0.030115 0.0168162 0.0682285 
v 0.0300245 0.0177701 0.0679078 
v 0.0301927 0.0167648 0.0681182 
v 0.030115 0.0177225 0.0678058 
v 0.0302569 0.0167102 0.068001 
v 0.0301927 0.0176711 0.0676956 
v 0.0303067 0.0166529 0.0678782 
v 0.0302569 0.0176165 0.0675784 
v 0.0303415 0.0165937 0.0677512 
v 0.0303067 0.0175592 0.0674556 
v 0.030361 0.0165332 0.0676216 
v 0.0303415 0.0175 0.0673286 
v 0.0303649 0.0164722 0.0674908 
v 0.030361 0.0174395 0.0671989 
v 0.0303532 0.0164114 0.0673604 
v 0.0303649 0.0173785 0.0670681 
v 0.030326 0.0163515 0.0672319 
v 0.0303532 0.0173177 0.0669377 
v 0.0302836 0.0162932 0.0671068 
v 0.030326 0.0172578 0.0668092 
v 0.0302266 0.0162371 0.0669866 
v 0.0302836 0.0171995 0.0666842 
v 0.0301555 0.016184 0.0668727 
v 0.0302266 0.0171434 0.066564 
v 0.0300713 0.0161345 0.0667664 
v 0.0301555 0.0170903 0.0664501 
v 0.0299749 0.016089 0.066669 
v 0.0300713 0.0170408 0.0663438 
v 0.0299749 0.0169953 0.0662464 
v 0.0233752 0.0132999 0.0606877 
v 0.0233752 0.0142062 0.0602651 
v 0.0238466 0.014007 0.0598378 
v 0.0238466 0.0131007 0.0602604 
v 0.0238197 0.0130905 0.0602386 
v 0.0238197 0.0139968 0.059816 
v 0.0237904 0.0130816 0.0602195 
v 0.0237904 0.0139879 0.0597969 
v 0.023759 0.0130741 0.0602034 
v 0.023759 0.0139804 0.0597808 
v 0.0237259 0.0130681 0.0601905 
v 0.0237259 0.0139744 0.0597679 
v 0.0236914 0.0130636 0.0601809 
v 0.0236914 0.0139699 0.0597583 
v 0.0236559 0.0130607 0.0601747 
v 0.0236559 0.013967 0.0597521 
v 0.0236199 0.0130595 0.0601721 
v 0.0236199 0.0139658 0.0597495 
v 0.0235839 0.0130599 0.060173 
v 0.0235839 0.0139662 0.0597503 
v 0.0235481 0.0130619 0.0601774 
v 0.0235481 0.0139682 0.0597548 
v 0.0235131 0.0130656 0.0601853 
v 0.0235131 0.0139719 0.0597627 
v 0.0234792 0.0130709 0.0601966 
v 0.0234792 0.0139772 0.0597739 
v 0.0234469 0.0130777 0.0602111 
v 0.0234469 0.013984 0.0597885 
v 0.0234164 0.0130859 0.0602287 
v 0.0234164 0.0139922 0.0598061 
v 0.0233883 0.0130954 0.0602492 
v 0.0233883 0.0140017 0.0598266 
v 0.0233628 0.0131062 0.0602723 
v 0.0233628 0.0140125 0.0598497 
v 0.0233402 0.0131181 0.0602978 
v 0.0233402 0.0140244 0.0598752 
v 0.0233207 0.013131 0.0603254 
v 0.0233207 0.0140373 0.0599028 
v 0.0233047 0.0131446 0.0603547 
v 0.0233047 0.0140509 0.0599321 
v 0.0232923 0.0131589 0.0603854 
v 0.0232923 0.0140652 0.0599628 
v 0.0232836 0.0131737 0.0604171 
v 0.0232836 0.01408 0.0599945 
v 0.0232787 0.0131889 0.0604495 
v 0.0232787 0.0140952 0.0600269 
v 0.0232777 0.0132041 0.0604822 
v 0.0232777 0.0141104 0.0600596 
v 0.0232806 0.0132193 0.0605149 
v 0.0232806 0.0141256 0.0600922 
v 0.0232874 0.0132343 0.060547 
v 0.0232874 0.0141406 0.0601244 
v 0.023298 0.0132489 0.0605782 
v 0.023298 0.0141552 0.0601556 
v 0.0233123 0.0132629 0.0606083 
v 0.0233123 0.0141692 0.0601857 
v 0.0233301 0.0132762 0.0606368 
v 0.0233301 0.0141825 0.0602142 
v 0.0233511 0.0132885 0.0606633 
v 0.0233511 0.0141949 0.0602407 
v 0.0304463 0.0158898 0.0662418 
v 0.0304463 0.0167961 0.0658192 
v 0.0305537 0.0159306 0.0663292 
v 0.030671 0.0159662 0.0664055 
v 0.0305537 0.0168369 0.0659065 
v 0.0307967 0.0159962 0.0664699 
v 0.030671 0.0168725 0.0659829 
v 0.0309293 0.0160203 0.0665216 
v 0.0307967 0.0169025 0.0660473 
v 0.0310673 0.0160382 0.06656 
v 0.0309293 0.0169266 0.066099 
v 0.0312091 0.0160497 0.0665846 
v 0.0310673 0.0169445 0.0661374 
v 0.031353 0.0160546 0.0665953 
v 0.0312091 0.016956 0.066162 
v 0.0314973 0.016053 0.0665917 
v 0.031353 0.016961 0.0661726 
v 0.0316403 0.0160448 0.0665741 
v 0.0314973 0.0169593 0.0661691 
v 0.0317805 0.01603 0.0665425 
v 0.0316403 0.0169511 0.0661514 
v 0.031916 0.016009 0.0664974 
v 0.0317805 0.0169363 0.0661199 
v 0.0320453 0.0159819 0.0664392 
v 0.031916 0.0169153 0.0660747 
v 0.0321669 0.015949 0.0663688 
v 0.0320453 0.0168882 0.0660166 
v 0.0322795 0.0159108 0.0662868 
v 0.0321669 0.0168553 0.0659461 
v 0.0323816 0.0158677 0.0661943 
v 0.0322795 0.0168171 0.0658642 
v 0.032472 0.0158201 0.0660923 
v 0.0323816 0.016774 0.0657716 
v 0.0325498 0.0157687 0.065982 
v 0.032472 0.0167264 0.0656697 
v 0.0326139 0.015714 0.0658648 
v 0.0325498 0.016675 0.0655594 
v 0.0326637 0.0156568 0.065742 
v 0.0326139 0.0166203 0.0654422 
v 0.0326985 0.0155976 0.065615 
v 0.0326637 0.0165631 0.0653194 
v 0.032718 0.0155371 0.0654854 
v 0.0326985 0.0165039 0.0651924 
v 0.0327219 0.0154761 0.0653546 
v 0.032718 0.0164434 0.0650628 
v 0.0327102 0.0154153 0.0652242 
v 0.0327219 0.0163824 0.064932 
v 0.032683 0.0153554 0.0650957 
v 0.0327102 0.0163216 0.0648015 
v 0.0326406 0.015297 0.0649706 
v 0.032683 0.0162617 0.064673 
v 0.0325836 0.015241 0.0648504 
v 0.0326406 0.0162034 0.064548 
v 0.0325125 0.0151879 0.0647365 
v 0.0325836 0.0161473 0.0644278 
v 0.0324283 0.0151383 0.0646302 
v 0.0325125 0.0160942 0.0643139 
v 0.0323319 0.0150929 0.0645328 
v 0.0324283 0.0160446 0.0642076 
v 0.0323319 0.0159992 0.0641102 
v 0.0257322 0.0123038 0.0585515 
v 0.0257322 0.0132101 0.0581289 
v 0.0262036 0.0130109 0.0577016 
v 0.0262036 0.0121046 0.0581243 
v 0.0261768 0.0120944 0.0581024 
v 0.0261768 0.0130007 0.0576798 
v 0.0261475 0.0120855 0.0580833 
v 0.0261475 0.0129918 0.0576607 
v 0.026116 0.012078 0.0580672 
v 0.026116 0.0129843 0.0576446 
v 0.0260829 0.0120719 0.0580543 
v 0.0260829 0.0129782 0.0576317 
v 0.0260484 0.0120675 0.0580447 
v 0.0260484 0.0129738 0.0576221 
v 0.0260129 0.0120646 0.0580385 
v 0.0260129 0.0129709 0.0576159 
v 0.025977 0.0120633 0.0580359 
v 0.025977 0.0129697 0.0576133 
v 0.0259409 0.0120638 0.0580368 
v 0.0259409 0.0129701 0.0576142 
v 0.0259051 0.0120658 0.0580412 
v 0.0259051 0.0129721 0.0576186 
v 0.0258701 0.0120695 0.0580491 
v 0.0258701 0.0129758 0.0576265 
v 0.0258362 0.0120748 0.0580604 
v 0.0258362 0.0129811 0.0576377 
v 0.0258039 0.0120815 0.0580749 
v 0.0258039 0.0129878 0.0576523 
v 0.0257735 0.0120897 0.0580925 
v 0.0257735 0.0129961 0.0576699 
v 0.0257453 0.0120993 0.058113 
v 0.0257453 0.0130056 0.0576904 
v 0.0257198 0.0121101 0.0581361 
v 0.0257198 0.0130164 0.0577135 
v 0.0256972 0.012122 0.0581616 
v 0.0256972 0.0130283 0.057739 
v 0.0256778 0.0121348 0.0581892 
v 0.0256778 0.0130411 0.0577666 
v 0.0256617 0.0121485 0.0582185 
v 0.0256617 0.0130548 0.0577959 
v 0.0256493 0.0121628 0.0582492 
v 0.0256493 0.0130691 0.0578266 
v 0.0256406 0.0121776 0.0582809 
v 0.0256406 0.0130839 0.0578583 
v 0.0256357 0.0121927 0.0583134 
v 0.0256357 0.013099 0.0578907 
v 0.0256347 0.012208 0.0583461 
v 0.0256347 0.0131143 0.0579234 
v 0.0256377 0.0122232 0.0583787 
v 0.0256377 0.0131295 0.057956 
v 0.0256445 0.0122382 0.0584108 
v 0.0256445 0.0131445 0.0579882 
v 0.025655 0.0122527 0.0584421 
v 0.025655 0.0131591 0.0580194 
v 0.0256693 0.0122668 0.0584721 
v 0.0256693 0.0131731 0.0580495 
v 0.0256871 0.01228 0.0585006 
v 0.0256871 0.0131863 0.058078 
v 0.0257081 0.0122924 0.0585271 
v 0.0257081 0.0131987 0.0581045 
v 0.0328033 0.0148937 0.0641056 
v 0.0328033 0.0158 0.063683 
v 0.035079 0.0153863 0.0627958 
v 0.035075 0.0154473 0.0629266 
v 0.0350556 0.0155077 0.0630562 
v 0.0350672 0.0153255 0.0626654 
v 0.0350207 0.0155669 0.0631832 
v 0.0349709 0.0156242 0.063306 
v 0.0349068 0.0156789 0.0634232 
v 0.034829 0.0157303 0.0635335 
v 0.0347386 0.0157778 0.0636355 
v 0.0341375 0.0159402 0.0639837 
v 0.0339974 0.0159549 0.0640153 
v 0.0338543 0.0159632 0.0640329 
v 0.0346889 0.0150031 0.061974 
v 0.028 0.0122638 0.0560995 
v 0.0279971 0.0122409 0.0560505 
v 0.0279883 0.0123092 0.0561969 
v 0.0279971 0.0122866 0.0561485 
v 0.027863 0.0124091 0.0564111 
v 0.027898 0.0123916 0.0563737 
v 0.0348696 0.0150981 0.0621777 
v 0.0349406 0.0151512 0.0622916 
v 0.0349977 0.0152072 0.0624118 
v 0.03504 0.0152656 0.0625369 
v 0.0346365 0.015821 0.063728 
v 0.034524 0.0158592 0.06381 
v 0.0344023 0.0158921 0.0638804 
v 0.034273 0.0159192 0.0639386 
v 0.03371 0.0159648 0.0640365 
v 0.0335661 0.0159599 0.0640258 
v 0.0279883 0.0122183 0.0560021 
v 0.0279738 0.0121963 0.0559548 
v 0.0347853 0.0150485 0.0620714 
v 0.0277342 0.0124505 0.0564999 
v 0.0277806 0.0124387 0.0564746 
v 0.0334243 0.0159484 0.0640012 
v 0.0332863 0.0159305 0.0639628 
v 0.0331537 0.0159064 0.0639111 
v 0.027898 0.0121359 0.0558253 
v 0.027863 0.0121185 0.0557879 
v 0.0279538 0.012175 0.0559092 
v 0.0279284 0.0121548 0.0558659 
v 0.0279538 0.0123525 0.0562898 
v 0.0279738 0.0123312 0.0562442 
v 0.0279284 0.0123727 0.0563331 
v 0.0276851 0.0124601 0.0565205 
v 0.0275809 0.0124723 0.0565467 
v 0.0276338 0.0124674 0.0565361 
v 0.0278237 0.0124248 0.0564449 
v 0.0271763 0.0124248 0.0564449 
v 0.0274191 0.0124723 0.0565467 
v 0.0274729 0.0124748 0.056552 
v 0.0272658 0.0124505 0.0564999 
v 0.0273149 0.0124601 0.0565205 
v 0.0272194 0.0124387 0.0564746 
v 0.033028 0.0158763 0.0638467 
v 0.0329108 0.0158407 0.0637703 
v 0.0275271 0.0124748 0.056552 
v 0.0273662 0.0124674 0.0565361 
v 0.0278536 0.0121144 0.0557791 
v 0.0278536 0.011208 0.0562017 
v 0.0346889 0.0140968 0.0623966 
v 0.0329108 0.0149344 0.064193 
v 0.033028 0.01497 0.0642693 
v 0.0331537 0.0150001 0.0643337 
v 0.0332863 0.0150242 0.0643854 
v 0.0334243 0.0150421 0.0644238 
v 0.0335661 0.0150536 0.0644485 
v 0.03371 0.0150585 0.0644591 
v 0.0338543 0.0150569 0.0644555 
v 0.0339974 0.0150486 0.0644379 
v 0.0341375 0.0150339 0.0644063 
v 0.034273 0.0150129 0.0643612 
v 0.0344023 0.0149858 0.064303 
v 0.034524 0.0149529 0.0642326 
v 0.0346365 0.0149147 0.0641506 
v 0.0347386 0.0148715 0.0640581 
v 0.034829 0.014824 0.0639561 
v 0.0349068 0.0147726 0.0638458 
v 0.0349709 0.0147179 0.0637286 
v 0.0350207 0.0146606 0.0636058 
v 0.0350556 0.0146014 0.0634788 
v 0.035075 0.014541 0.0633492 
v 0.035079 0.01448 0.0632184 
v 0.0350672 0.0144192 0.063088 
v 0.03504 0.0143593 0.0629595 
v 0.0349977 0.0143009 0.0628344 
v 0.0349406 0.0142449 0.0627142 
v 0.0348696 0.0141918 0.0626003 
v 0.0347853 0.0141422 0.062494 
v 0.0356909 0.0159473 0.0663651 
v 0.0250856 0.0180209 0.070812 
v 0.0241595 0.0178891 0.0705292 
v 0.0360526 0.0155637 0.0655424 
v 0.0352331 0.0163122 0.0671476 
v 0.0224353 0.0175027 0.0697007 
v 0.0216573 0.0172528 0.0691647 
v 0.0209479 0.0117228 0.0573057 
v 0.036314 0.0151657 0.064689 
v 0.0232726 0.0177157 0.0701573 
v 0.0260399 0.0181097 0.0710024 
v 0.0270029 0.0113803 0.0565711 
v 0.0270262 0.0114249 0.0566668 
v 0.0270462 0.0114462 0.0567124 
v 0.0340521 0.0169688 0.0685557 
v 0.0333427 0.0172528 0.0691647 
v 0.0209479 0.0169688 0.0685557 
v 0.0203153 0.016654 0.0678807 
v 0.0270117 0.0114029 0.0566195 
v 0.0346847 0.016654 0.0678807 
v 0.0197669 0.0163122 0.0671476 
v 0.0193091 0.0159473 0.0663651 
v 0.0185279 0.0139334 0.0620463 
v 0.0364721 0.0147582 0.063815 
v 0.036525 0.0143458 0.0629307 
v 0.0317274 0.0177157 0.0701573 
v 0.0308405 0.0178891 0.0705292 
v 0.0189474 0.0155637 0.0655424 
v 0.0352331 0.0123794 0.0587137 
v 0.0356909 0.0127443 0.0594962 
v 0.0333427 0.0114388 0.0566966 
v 0.0340521 0.0117228 0.0573057 
v 0.0308405 0.0108026 0.0553322 
v 0.0317274 0.010976 0.0557041 
v 0.0299144 0.0106707 0.0550494 
v 0.0325647 0.0175027 0.0697007 
v 0.018686 0.0151657 0.064689 
v 0.0203153 0.0120376 0.0579807 
v 0.027137 0.0115028 0.0568338 
v 0.0346847 0.0120376 0.0579807 
v 0.0325647 0.0111889 0.0561607 
v 0.027102 0.0114853 0.0567964 
v 0.0270716 0.0114664 0.0567557 
v 0.0270117 0.011312 0.0564247 
v 0.0232726 0.010976 0.0557041 
v 0.0241595 0.0108026 0.0553322 
v 0.0270462 0.0112687 0.0563318 
v 0.0250856 0.0106707 0.0550494 
v 0.027102 0.0112296 0.0562479 
v 0.0260399 0.0105819 0.054859 
v 0.0270114 0.0105373 0.0547633 
v 0.0273149 0.0111612 0.0561012 
v 0.0272658 0.0111708 0.0561218 
v 0.0360526 0.013128 0.060319 
v 0.018475 0.0143458 0.0629307 
v 0.0270029 0.0113346 0.0564731 
v 0.0224353 0.0111889 0.0561607 
v 0.0270262 0.01129 0.0563774 
v 0.0270716 0.0112485 0.0562885 
v 0.0271763 0.0111964 0.0561767 
v 0.027137 0.0112121 0.0562105 
v 0.0273662 0.0111539 0.0560855 
v 0.0299144 0.0180209 0.070812 
v 0.0279886 0.0181544 0.0710981 
v 0.0270114 0.0181544 0.0710981 
v 0.0185279 0.0147582 0.063815 
v 0.0216573 0.0114388 0.0566966 
v 0.027 0.0113575 0.0565221 
v 0.0272194 0.0111826 0.056147 
v 0.0274191 0.0111489 0.0560749 
v 0.0289601 0.0105819 0.054859 
v 0.0289601 0.0181097 0.0710024 
v 0.018686 0.0135259 0.0611723 
v 0.0189474 0.013128 0.060319 
v 0.0193091 0.0127443 0.0594962 
v 0.0197669 0.0123794 0.0587137 
v 0.036314 0.0135259 0.0611723 
v 0.0279886 0.0105373 0.0547633 
v 0.0275271 0.0111465 0.0560696 
v 0.0275809 0.0111489 0.0560749 
v 0.0276851 0.0111612 0.0561012 
v 0.0276338 0.0111539 0.0560855 
v 0.0277342 0.0111708 0.0561218 
v 0.0278237 0.0111964 0.0561767 
v 0.0274729 0.0111465 0.0560696 
v 0.0277806 0.0111826 0.056147 
v 0.0364721 0.0139334 0.0620463 
v 0.027102 0.0177049 0.0538961 
v 0.027137 0.0177223 0.0539335 
v 0.0270716 0.0176859 0.0538555 
v 0.0270462 0.0176657 0.0538122 
v 0.0270262 0.0176445 0.0537666 
v 0.0270117 0.0176224 0.0537193 
v 0.0270029 0.0175998 0.0536709 
v 0.027 0.017577 0.0536219 
v 0.0270029 0.0175542 0.0535729 
v 0.0270117 0.0175316 0.0535245 
v 0.0270262 0.0175095 0.0534772 
v 0.0270462 0.0174883 0.0534316 
v 0.0270716 0.0174681 0.0533883 
v 0.027102 0.0174491 0.0533477 
v 0.027137 0.0174317 0.0533103 
v 0.0271763 0.0174159 0.0532765 
v 0.0272194 0.0174021 0.0532468 
v 0.0272658 0.0173903 0.0532215 
v 0.0273149 0.0173807 0.0532009 
v 0.0273662 0.0173734 0.0531853 
v 0.0274191 0.0173685 0.0531747 
v 0.0274729 0.017366 0.0531694 
v 0.0275809 0.0173685 0.0531747 
v 0.0275271 0.017366 0.0531694 
v 0.0276338 0.0173734 0.0531853 
v 0.0276851 0.0173807 0.0532009 
v 0.0277342 0.0173903 0.0532215 
v 0.0277806 0.0174021 0.0532468 
v 0.0278237 0.0174159 0.0532765 
v 0.027863 0.0174317 0.0533103 
v 0.027898 0.0174491 0.0533477 
v 0.0279284 0.0174681 0.0533883 
v 0.0279538 0.0174883 0.0534316 
v 0.0279738 0.0175095 0.0534772 
v 0.0279883 0.0175316 0.0535245 
v 0.0279971 0.0175542 0.0535729 
v 0.028 0.017577 0.0536219 
v 0.0279971 0.0175998 0.0536709 
v 0.0279883 0.0176224 0.0537193 
v 0.0279738 0.0176445 0.0537666 
v 0.0279538 0.0176657 0.0538122 
v 0.0279284 0.0176859 0.0538555 
v 0.027898 0.0177049 0.0538961 
v 0.027863 0.0177223 0.0539335 
v 0.0278237 0.0177381 0.0539673 
v 0.0277806 0.0177519 0.053997 
v 0.0277342 0.0177637 0.0540223 
v 0.0276851 0.0177733 0.0540429 
v 0.0276338 0.0177806 0.0540585 
v 0.0275809 0.0177855 0.0540691 
v 0.0275271 0.017788 0.0540744 
v 0.0274729 0.017788 0.0540744 
v 0.0274191 0.0177855 0.0540691 
v 0.0273662 0.0177806 0.0540585 
v 0.0273149 0.0177733 0.0540429 
v 0.0272658 0.0177637 0.0540223 
v 0.0272194 0.0177519 0.053997 
v 0.0271763 0.0177381 0.0539673 
v 0.0275 0.017577 0.0536219 
v 0.018475 0.0155693 0.0623601 
v 0.0185279 0.0159817 0.0632445 
v 0.018686 0.0163893 0.0641185 
v 0.0189474 0.0167872 0.0649719 
v 0.0193091 0.0171709 0.0657946 
v 0.0197669 0.0175357 0.0665771 
v 0.0203153 0.0178776 0.0673101 
v 0.0209479 0.0181923 0.0679851 
v 0.0216573 0.0184763 0.0685942 
v 0.0224353 0.0187263 0.0691302 
v 0.0232726 0.0189392 0.0695868 
v 0.0241595 0.0191126 0.0699586 
v 0.0250856 0.0192444 0.0702414 
v 0.0260399 0.0193332 0.0704318 
v 0.0270114 0.0193779 0.0705276 
v 0.0279886 0.0193779 0.0705276 
v 0.0289601 0.0193332 0.0704318 
v 0.0299144 0.0192444 0.0702414 
v 0.0308405 0.0191126 0.0699586 
v 0.0317274 0.0189392 0.0695868 
v 0.0325647 0.0187263 0.0691302 
v 0.0333427 0.0184763 0.0685942 
v 0.0340521 0.0181923 0.0679851 
v 0.0346847 0.0178776 0.0673101 
v 0.0352331 0.0175357 0.0665771 
v 0.0356909 0.0171709 0.0657946 
v 0.0360526 0.0167872 0.0649719 
v 0.036314 0.0163893 0.0641185 
v 0.0364721 0.0159817 0.0632445 
v 0.036525 0.0155693 0.0623601 
v 0.0364721 0.015157 0.0614758 
v 0.036314 0.0147494 0.0606018 
v 0.0360526 0.0143515 0.0597484 
v 0.0356909 0.0139678 0.0589257 
v 0.0352331 0.013603 0.0581432 
v 0.0346847 0.0132611 0.0574102 
v 0.0340521 0.0129464 0.0567352 
v 0.0333427 0.0126624 0.0561261 
v 0.0325647 0.0124124 0.0555901 
v 0.0317274 0.0121995 0.0551335 
v 0.0308405 0.0120261 0.0547617 
v 0.0299144 0.0118942 0.0544789 
v 0.0289601 0.0118055 0.0542885 
v 0.0279886 0.0117608 0.0541927 
v 0.0270114 0.0117608 0.0541927 
v 0.0260399 0.0118055 0.0542885 
v 0.0250856 0.0118942 0.0544789 
v 0.0241595 0.0120261 0.0547617 
v 0.0232726 0.0121995 0.0551335 
v 0.0224353 0.0124124 0.0555901 
v 0.0216573 0.0126624 0.0561261 
v 0.0209479 0.0129464 0.0567352 
v 0.0203153 0.0132611 0.0574102 
v 0.0197669 0.013603 0.0581432 
v 0.0193091 0.0139678 0.0589257 
v 0.0189474 0.0143515 0.0597484 
v 0.018686 0.0147494 0.0606018 
v 0.0185279 0.015157 0.0614758 
v 0.0339677 0.0196007 0.0710055 
v 0.0328984 0.0198726 0.0715886 
v 0.0384217 0.0171246 0.0656953 
v 0.0379598 0.0176145 0.066746 
v 0.0373753 0.0180804 0.0677452 
v 0.036675 0.0185169 0.0686813 
v 0.0317658 0.0200941 0.0720635 
v 0.0358671 0.0189189 0.0695433 
v 0.0349611 0.0192816 0.0703211 
v 0.0305833 0.0202625 0.0724246 
v 0.0165783 0.0171246 0.0656953 
v 0.0162444 0.0166164 0.0646056 
v 0.0160426 0.016096 0.0634895 
v 0.015975 0.0155693 0.0623601 
v 0.0305833 0.0108762 0.0522957 
v 0.0317658 0.0110446 0.0526568 
v 0.0339677 0.0115379 0.0537148 
v 0.0349611 0.0118571 0.0543992 
v 0.0293645 0.0203759 0.0726677 
v 0.028124 0.0204329 0.07279 
v 0.026876 0.0204329 0.07279 
v 0.0232342 0.0200941 0.0720635 
v 0.0221016 0.0198726 0.0715886 
v 0.0176247 0.0180804 0.0677452 
v 0.0170402 0.0176145 0.066746 
v 0.0191329 0.0122198 0.055177 
v 0.0200389 0.0118571 0.0543992 
v 0.0328984 0.011266 0.0531317 
v 0.0358671 0.0122198 0.055177 
v 0.0256355 0.0203759 0.0726677 
v 0.0244167 0.0202625 0.0724246 
v 0.0210323 0.0196007 0.0710055 
v 0.0200389 0.0192816 0.0703211 
v 0.0191329 0.0189189 0.0695433 
v 0.018325 0.0185169 0.0686813 
v 0.0210323 0.0115379 0.0537148 
v 0.036675 0.0126217 0.056039 
v 0.0373753 0.0130582 0.0569751 
v 0.0160426 0.0150427 0.0612308 
v 0.0162444 0.0145223 0.0601147 
v 0.0221016 0.011266 0.0531317 
v 0.0232342 0.0110446 0.0526568 
v 0.0244167 0.0108762 0.0522957 
v 0.0256355 0.0107628 0.0520526 
v 0.026876 0.0107058 0.0519303 
v 0.028124 0.0107058 0.0519303 
v 0.0293645 0.0107628 0.0520526 
v 0.0384217 0.0140141 0.059025 
v 0.0387556 0.0145223 0.0601147 
v 0.0389574 0.0150427 0.0612308 
v 0.039025 0.0155693 0.0623601 
v 0.0165783 0.0140141 0.059025 
v 0.0170402 0.0135242 0.0579743 
v 0.0176247 0.0130582 0.0569751 
v 0.018325 0.0126217 0.056039 
v 0.0379598 0.0135242 0.0579743 
v 0.0389574 0.016096 0.0634895 
v 0.0387556 0.0166164 0.0646056 
v 0.015975 0.0141646 0.0630152 
v 0.0160426 0.013638 0.0618859 
v 0.0162444 0.0131175 0.0607698 
v 0.0165783 0.0126093 0.05968 
v 0.0170402 0.0121194 0.0586294 
v 0.0176247 0.0116535 0.0576301 
v 0.018325 0.011217 0.056694 
v 0.0191329 0.010815 0.0558321 
v 0.0200389 0.0104523 0.0550543 
v 0.0210323 0.0101332 0.0543698 
v 0.0221016 0.00986126 0.0537867 
v 0.0232342 0.00963982 0.0533119 
v 0.0244167 0.00947142 0.0529507 
v 0.0256355 0.00935805 0.0527076 
v 0.026876 0.00930103 0.0525853 
v 0.028124 0.00930103 0.0525853 
v 0.0293645 0.00935805 0.0527076 
v 0.0305833 0.00947142 0.0529507 
v 0.0317658 0.00963982 0.0533119 
v 0.0328984 0.00986126 0.0537867 
v 0.0339677 0.0101332 0.0543698 
v 0.0349611 0.0104523 0.0550543 
v 0.0358671 0.010815 0.0558321 
v 0.036675 0.011217 0.056694 
v 0.0373753 0.0116535 0.0576301 
v 0.0379598 0.0121194 0.0586294 
v 0.0384217 0.0126093 0.05968 
v 0.0387556 0.0131175 0.0607698 
v 0.0389574 0.013638 0.0618859 
v 0.039025 0.0141646 0.0630152 
v 0.0389574 0.0146912 0.0641445 
v 0.0387556 0.0152116 0.0652606 
v 0.0384217 0.0157198 0.0663504 
v 0.0379598 0.0162097 0.067401 
v 0.0373753 0.0166757 0.0684003 
v 0.036675 0.0171122 0.0693364 
v 0.0358671 0.0175141 0.0701984 
v 0.0349611 0.0178768 0.0709761 
v 0.0339677 0.018196 0.0716606 
v 0.0328984 0.0184679 0.0722437 
v 0.0317658 0.0186893 0.0727186 
v 0.0305833 0.0188577 0.0730797 
v 0.0293645 0.0189711 0.0733228 
v 0.028124 0.0190281 0.0734451 
v 0.026876 0.0190281 0.0734451 
v 0.0256355 0.0189711 0.0733228 
v 0.0244167 0.0188577 0.0730797 
v 0.0232342 0.0186893 0.0727186 
v 0.0221016 0.0184679 0.0722437 
v 0.0210323 0.018196 0.0716606 
v 0.0200389 0.0178768 0.0709761 
v 0.0191329 0.0175141 0.0701984 
v 0.018325 0.0171122 0.0693364 
v 0.0176247 0.0166757 0.0684003 
v 0.0170402 0.0162097 0.067401 
v 0.0165783 0.0157198 0.0663504 
v 0.0162444 0.0152116 0.0652606 
v 0.0160426 0.0146912 0.0641445 
v 0.0211765 0.00912382 0.0522053 
v 0.0225031 0.00886443 0.051649 
v 0.0238884 0.00866718 0.051226 
v 0.0253159 0.00853438 0.0509412 
v 0.0152477 0.011769 0.0578778 
v 0.0159324 0.0112231 0.0567073 
v 0.0167527 0.0107118 0.0556108 
v 0.035076 0.0188868 0.0731421 
v 0.0338235 0.0192053 0.0738251 
v 0.0176991 0.010241 0.0546011 
v 0.0187603 0.00981616 0.05369 
v 0.019924 0.00944231 0.0528883 
v 0.0267691 0.00846758 0.050798 
v 0.0282309 0.00846758 0.050798 
v 0.0296841 0.00853438 0.0509412 
v 0.0324969 0.0194647 0.0743814 
v 0.0390676 0.017106 0.0693231 
v 0.0382473 0.0176173 0.0704196 
v 0.0362397 0.018513 0.0723404 
v 0.0311116 0.0196619 0.0748044 
v 0.0296841 0.0197948 0.0750892 
v 0.0282309 0.0198615 0.0752324 
v 0.0267691 0.0198615 0.0752324 
v 0.0311116 0.00866718 0.051226 
v 0.0324969 0.00886443 0.051649 
v 0.0373009 0.0180881 0.0714293 
v 0.0253159 0.0197948 0.0750892 
v 0.0338235 0.00912382 0.0522053 
v 0.035076 0.00944231 0.0528883 
v 0.0362397 0.00981616 0.05369 
v 0.0373009 0.010241 0.0546011 
v 0.0238884 0.0196619 0.0748044 
v 0.0382473 0.0107118 0.0556108 
v 0.0409209 0.0147814 0.0643381 
v 0.0406844 0.015391 0.0656454 
v 0.0402933 0.0159863 0.0669219 
v 0.0397523 0.0165602 0.0681526 
v 0.0225031 0.0194647 0.0743814 
v 0.0211765 0.0192053 0.0738251 
v 0.019924 0.0188868 0.0731421 
v 0.0187603 0.018513 0.0723404 
v 0.0176991 0.0180881 0.0714293 
v 0.0167527 0.0176173 0.0704196 
v 0.0159324 0.017106 0.0693231 
v 0.0152477 0.0165602 0.0681526 
v 0.0390676 0.0112231 0.0567073 
v 0.0397523 0.011769 0.0578778 
v 0.0402933 0.0123428 0.0591085 
v 0.0147067 0.0159863 0.0669219 
v 0.0143156 0.015391 0.0656454 
v 0.0140791 0.0147814 0.0643381 
v 0.014 0.0141646 0.0630152 
v 0.0140791 0.0135477 0.0616924 
v 0.0143156 0.0129381 0.060385 
v 0.0147067 0.0123428 0.0591085 
v 0.0406844 0.0129381 0.060385 
v 0.0409209 0.0135477 0.0616924 
v 0.041 0.0141646 0.0630152 
v 0.014 0.0155693 0.0623601 
v 0.0140791 0.0161862 0.063683 
v 0.0143156 0.0167958 0.0649903 
v 0.0147067 0.0173911 0.0662669 
v 0.0152477 0.017965 0.0674976 
v 0.0159324 0.0185108 0.068668 
v 0.0167527 0.0190221 0.0697645 
v 0.0176991 0.0194929 0.0707743 
v 0.0187603 0.0199177 0.0716853 
v 0.019924 0.0202916 0.0724871 
v 0.0211765 0.0206101 0.0731701 
v 0.0225031 0.0208695 0.0737263 
v 0.0238884 0.0210667 0.0741493 
v 0.0253159 0.0211995 0.0744341 
v 0.0267691 0.0212663 0.0745774 
v 0.0282309 0.0212663 0.0745774 
v 0.0296841 0.0211995 0.0744341 
v 0.0311116 0.0210667 0.0741493 
v 0.0324969 0.0208695 0.0737263 
v 0.0338235 0.0206101 0.0731701 
v 0.035076 0.0202916 0.0724871 
v 0.0362397 0.0199177 0.0716853 
v 0.0373009 0.0194929 0.0707743 
v 0.0382473 0.0190221 0.0697645 
v 0.0390676 0.0185108 0.068668 
v 0.0397523 0.017965 0.0674976 
v 0.0402933 0.0173911 0.0662669 
v 0.0406844 0.0167958 0.0649903 
v 0.0409209 0.0161862 0.063683 
v 0.041 0.0155693 0.0623601 
v 0.0409209 0.0149525 0.0610373 
v 0.0406844 0.0143429 0.05973 
v 0.0402933 0.0137476 0.0584534 
v 0.0397523 0.0131737 0.0572227 
v 0.0390676 0.0126279 0.0560523 
v 0.0382473 0.0121166 0.0549557 
v 0.0373009 0.0116458 0.053946 
v 0.0362397 0.0112209 0.053035 
v 0.035076 0.0108471 0.0522332 
v 0.0338235 0.0105286 0.0515502 
v 0.0324969 0.0102692 0.050994 
v 0.0311116 0.010072 0.050571 
v 0.0296841 0.00993915 0.0502862 
v 0.0282309 0.00987236 0.0501429 
v 0.0267691 0.00987236 0.0501429 
v 0.0253159 0.00993915 0.0502862 
v 0.0238884 0.010072 0.050571 
v 0.0225031 0.0102692 0.050994 
v 0.0211765 0.0105286 0.0515502 
v 0.019924 0.0108471 0.0522332 
v 0.0187603 0.0112209 0.053035 
v 0.0176991 0.0116458 0.053946 
v 0.0167527 0.0121166 0.0549557 
v 0.0159324 0.0126279 0.0560523 
v 0.0152477 0.0131737 0.0572227 
v 0.0147067 0.0137476 0.0584534 
v 0.0143156 0.0143429 0.05973 
v 0.0140791 0.0149525 0.0610373 
v 0.0442 0.00289079 0.0351709 
v 0.0442193 0.00274001 0.0348476 
v 0.0459543 0.00165861 0.0325285 
v 0.0456481 0.00173646 0.0326954 
v 0.0483828 0.0042346 0.0380527 
v 0.0487215 0.00418638 0.0379493 
v 0.0442772 0.0031906 0.0358139 
v 0.0443727 0.0033361 0.0361259 
v 0.0442193 0.00304158 0.0354943 
v 0.0469661 0.00151452 0.0322195 
v 0.0466172 0.00154699 0.0322891 
v 0.0490457 0.00165861 0.0325285 
v 0.0493519 0.00173646 0.0326954 
v 0.0507807 0.00304158 0.0354943 
v 0.0508 0.00289079 0.0351709 
v 0.050495 0.00347639 0.0364267 
v 0.0506273 0.0033361 0.0361259 
v 0.0503276 0.0036098 0.0367128 
v 0.0490457 0.00412297 0.0378133 
v 0.0493519 0.00404512 0.0376464 
v 0.0480339 0.00426706 0.0381223 
v 0.0466172 0.0042346 0.0380527 
v 0.0453636 0.00395373 0.0374504 
v 0.0456481 0.00404512 0.0376464 
v 0.044505 0.00347639 0.0364267 
v 0.0442772 0.00259099 0.034528 
v 0.044505 0.0023052 0.0339151 
v 0.0443727 0.00244548 0.0342159 
v 0.0462785 0.0015952 0.0323925 
v 0.0473213 0.0014982 0.0321845 
v 0.0480339 0.00151452 0.0322195 
v 0.0476787 0.0014982 0.0321845 
v 0.0483828 0.00154699 0.0322891 
v 0.0487215 0.0015952 0.0323925 
v 0.0507228 0.0031906 0.0358139 
v 0.0498958 0.00384989 0.0372277 
v 0.0501271 0.00373479 0.0369809 
v 0.0496364 0.00395373 0.0374504 
v 0.0476787 0.00428339 0.0381573 
v 0.0469661 0.00426706 0.0381223 
v 0.0459543 0.00412297 0.0378133 
v 0.0462785 0.00418638 0.0379493 
v 0.0451042 0.00384989 0.0372277 
v 0.0446724 0.0036098 0.0367128 
v 0.0448729 0.00373479 0.0369809 
v 0.0446724 0.00217178 0.033629 
v 0.0496364 0.00182785 0.0328914 
v 0.0498958 0.0019317 0.0331141 
v 0.0501271 0.00204679 0.033361 
v 0.0503276 0.00217178 0.033629 
v 0.0506273 0.00244548 0.0342159 
v 0.0473213 0.00428339 0.0381573 
v 0.0451042 0.0019317 0.0331141 
v 0.0448729 0.00204679 0.033361 
v 0.050495 0.0023052 0.0339151 
v 0.0507228 0.00259099 0.034528 
v 0.0507807 0.00274001 0.0348476 
v 0.0453636 0.00182785 0.0328914 
v 0.0442772 0.0279481 0.0889064 
v 0.0442193 0.0280971 0.089226 
v 0.0442 0.0282479 0.0895494 
v 0.0442193 0.0283987 0.0898727 
v 0.0459543 0.0270157 0.086907 
v 0.0456481 0.0270936 0.0870739 
v 0.0442772 0.0285477 0.0901923 
v 0.0443727 0.0286932 0.0905044 
v 0.0462785 0.0269523 0.086771 
v 0.0466172 0.0269041 0.0866676 
v 0.050495 0.0288335 0.0908052 
v 0.0506273 0.0286932 0.0905044 
v 0.0483828 0.0295917 0.0924312 
v 0.0487215 0.0295435 0.0923278 
v 0.0480339 0.0296242 0.0925008 
v 0.044505 0.0288335 0.0908052 
v 0.044505 0.0276623 0.0882936 
v 0.0443727 0.0278026 0.0885944 
v 0.0469661 0.0268716 0.086598 
v 0.0507807 0.0283987 0.0898727 
v 0.0507228 0.0285477 0.0901923 
v 0.0503276 0.0289669 0.0910913 
v 0.0490457 0.0294801 0.0921918 
v 0.0493519 0.0294022 0.0920248 
v 0.0476787 0.0296405 0.0925358 
v 0.0446724 0.0275289 0.0880075 
v 0.0473213 0.0268553 0.086563 
v 0.0501271 0.0290919 0.0913593 
v 0.0498958 0.029207 0.0916062 
v 0.0466172 0.0295917 0.0924312 
v 0.0469661 0.0296242 0.0925008 
v 0.0456481 0.0294022 0.0920248 
v 0.0446724 0.0289669 0.0910913 
v 0.0448729 0.0290919 0.0913593 
v 0.0493519 0.0270936 0.0870739 
v 0.0490457 0.0270157 0.086907 
v 0.0501271 0.0274039 0.0877394 
v 0.0498958 0.0272888 0.0874926 
v 0.0503276 0.0275289 0.0880075 
v 0.0496364 0.0293108 0.0918289 
v 0.0473213 0.0296405 0.0925358 
v 0.0462785 0.0295435 0.0923278 
v 0.0459543 0.0294801 0.0921918 
v 0.0451042 0.0272888 0.0874926 
v 0.0448729 0.0274039 0.0877394 
v 0.0496364 0.0271849 0.0872699 
v 0.0507228 0.0279481 0.0889064 
v 0.0506273 0.0278026 0.0885944 
v 0.0453636 0.0271849 0.0872699 
v 0.0476787 0.0268553 0.086563 
v 0.0487215 0.0269523 0.086771 
v 0.0483828 0.0269041 0.0866676 
v 0.050495 0.0276623 0.0882936 
v 0.0508 0.0282479 0.0895494 
v 0.0451042 0.029207 0.0916062 
v 0.0453636 0.0293108 0.0918289 
v 0.0480339 0.0268716 0.086598 
v 0.0507807 0.0280971 0.089226 
v 0.0042 0.0282479 0.0895494 
v 0.00421934 0.0283987 0.0898727 
v 0.00421934 0.0280971 0.089226 
v 0.00437274 0.0286932 0.0905044 
v 0.00427715 0.0285477 0.0901923 
v 0.004505 0.0288335 0.0908052 
v 0.00838284 0.0295917 0.0924312 
v 0.00427715 0.0279481 0.0889064 
v 0.004505 0.0276623 0.0882936 
v 0.00437274 0.0278026 0.0885944 
v 0.010495 0.0288335 0.0908052 
v 0.0106273 0.0286932 0.0905044 
v 0.00803388 0.0296242 0.0925008 
v 0.00696612 0.0296242 0.0925008 
v 0.00732134 0.0296405 0.0925358 
v 0.00661716 0.0295917 0.0924312 
v 0.00487289 0.0290919 0.0913593 
v 0.00467237 0.0289669 0.0910913 
v 0.00467237 0.0275289 0.0880075 
v 0.0107228 0.0285477 0.0901923 
v 0.0107807 0.0283987 0.0898727 
v 0.0103276 0.0289669 0.0910913 
v 0.00872146 0.0295435 0.0923278 
v 0.00904575 0.0294801 0.0921918 
v 0.00767866 0.0296405 0.0925358 
v 0.00627854 0.0295435 0.0923278 
v 0.00595425 0.0294801 0.0921918 
v 0.00564808 0.0294022 0.0920248 
v 0.00487289 0.0274039 0.0877394 
v 0.00696612 0.0268716 0.086598 
v 0.00661716 0.0269041 0.0866676 
v 0.00935192 0.0270936 0.0870739 
v 0.00904575 0.0270157 0.086907 
v 0.0103276 0.0275289 0.0880075 
v 0.0101271 0.0274039 0.0877394 
v 0.00989579 0.029207 0.0916062 
v 0.0101271 0.0290919 0.0913593 
v 0.00510421 0.0272888 0.0874926 
v 0.00627854 0.0269523 0.086771 
v 0.00595425 0.0270157 0.086907 
v 0.00732134 0.0268553 0.086563 
v 0.00963637 0.0271849 0.0872699 
v 0.00989579 0.0272888 0.0874926 
v 0.0107228 0.0279481 0.0889064 
v 0.0106273 0.0278026 0.0885944 
v 0.00935192 0.0294022 0.0920248 
v 0.00963637 0.0293108 0.0918289 
v 0.00536363 0.0293108 0.0918289 
v 0.00510421 0.029207 0.0916062 
v 0.00564808 0.0270936 0.0870739 
v 0.00536363 0.0271849 0.0872699 
v 0.00767866 0.0268553 0.086563 
v 0.00872146 0.0269523 0.086771 
v 0.00838284 0.0269041 0.0866676 
v 0.010495 0.0276623 0.0882936 
v 0.0108 0.0282479 0.0895494 
v 0.0107807 0.0280971 0.089226 
v 0.00803388 0.0268716 0.086598 
v 0.0042 0.00289079 0.0351709 
v 0.00421934 0.00274001 0.0348476 
v 0.00564808 0.00173646 0.0326954 
v 0.00536363 0.00182785 0.0328914 
v 0.00595425 0.00165861 0.0325285 
v 0.00661716 0.00154699 0.0322891 
v 0.00627854 0.0015952 0.0323925 
v 0.00696612 0.00151452 0.0322195 
v 0.00838284 0.0042346 0.0380527 
v 0.00872146 0.00418638 0.0379493 
v 0.004505 0.00347639 0.0364267 
v 0.00427715 0.0031906 0.0358139 
v 0.00437274 0.0033361 0.0361259 
v 0.00421934 0.00304158 0.0354943 
v 0.00427715 0.00259099 0.034528 
v 0.004505 0.0023052 0.0339151 
v 0.00437274 0.00244548 0.0342159 
v 0.00732134 0.0014982 0.0321845 
v 0.0107807 0.00304158 0.0354943 
v 0.0108 0.00289079 0.0351709 
v 0.010495 0.00347639 0.0364267 
v 0.0106273 0.0033361 0.0361259 
v 0.00904575 0.00412297 0.0378133 
v 0.00935192 0.00404512 0.0376464 
v 0.00803388 0.00426706 0.0381223 
v 0.00696612 0.00426706 0.0381223 
v 0.00732134 0.00428339 0.0381573 
v 0.00536363 0.00395373 0.0374504 
v 0.00564808 0.00404512 0.0376464 
v 0.00467237 0.00217178 0.033629 
v 0.00872146 0.0015952 0.0323925 
v 0.00838284 0.00154699 0.0322891 
v 0.00935192 0.00173646 0.0326954 
v 0.00904575 0.00165861 0.0325285 
v 0.0107228 0.0031906 0.0358139 
v 0.0103276 0.0036098 0.0367128 
v 0.00989579 0.00384989 0.0372277 
v 0.0101271 0.00373479 0.0369809 
v 0.00963637 0.00395373 0.0374504 
v 0.00767866 0.00428339 0.0381573 
v 0.00661716 0.0042346 0.0380527 
v 0.00595425 0.00412297 0.0378133 
v 0.00627854 0.00418638 0.0379493 
v 0.00510421 0.00384989 0.0372277 
v 0.00467237 0.0036098 0.0367128 
v 0.00487289 0.00373479 0.0369809 
v 0.00487289 0.00204679 0.033361 
v 0.00510421 0.0019317 0.0331141 
v 0.00767866 0.0014982 0.0321845 
v 0.00803388 0.00151452 0.0322195 
v 0.00989579 0.0019317 0.0331141 
v 0.00963637 0.00182785 0.0328914 
v 0.0103276 0.00217178 0.033629 
v 0.0101271 0.00204679 0.033361 
v 0.0107228 0.00259099 0.034528 
v 0.0106273 0.00244548 0.0342159 
v 0.010495 0.0023052 0.0339151 
v 0.0107807 0.00274001 0.0348476 
v 0.0124 0.00707471 0.0441434 
v 0.0108 0.0115234 0.0311455 
v 0.0107807 0.0113726 0.0308221 
v 0.0107228 0.0112236 0.0305025 
v 0.0106273 0.0110781 0.0301905 
v 0.010495 0.0109378 0.0298897 
v 0.0103276 0.0108044 0.0296035 
v 0.0101271 0.0106794 0.0293355 
v 0.00989579 0.0105643 0.0290887 
v 0.00963637 0.0104604 0.028866 
v 0.00935192 0.010369 0.02867 
v 0.00904575 0.0102912 0.0285031 
v 0.00872146 0.0102278 0.0283671 
v 0.00838284 0.0101796 0.0282637 
v 0.00803388 0.0101471 0.0281941 
v 0.00767866 0.0101308 0.028159 
v 0.00732134 0.0101308 0.028159 
v 0.00696612 0.0101471 0.0281941 
v 0.00661716 0.0101796 0.0282637 
v 0.00627854 0.0102278 0.0283671 
v 0.00595425 0.0102912 0.0285031 
v 0.00564808 0.010369 0.02867 
v 0.00536363 0.0104604 0.028866 
v 0.00510421 0.0105643 0.0290887 
v 0.00487289 0.0106794 0.0293355 
v 0.00467237 0.0108044 0.0296035 
v 0.004505 0.0109378 0.0298897 
v 0.00437274 0.0110781 0.0301905 
v 0.00427715 0.0112236 0.0305025 
v 0.00421934 0.0113726 0.0308221 
v 0.0042 0.0115234 0.0311455 
v 0.00421934 0.0116742 0.0314688 
v 0.00427715 0.0118232 0.0317884 
v 0.00437274 0.0119687 0.0321004 
v 0.004505 0.012109 0.0324013 
v 0.00467237 0.0122424 0.0326874 
v 0.00487289 0.0123674 0.0329554 
v 0.00510421 0.0124825 0.0332023 
v 0.00536363 0.0125863 0.033425 
v 0.00564808 0.0126777 0.0336209 
v 0.00595425 0.0127556 0.0337879 
v 0.00627854 0.012819 0.0339239 
v 0.00661716 0.0128672 0.0340273 
v 0.00696612 0.0128996 0.0340969 
v 0.00732134 0.012916 0.0341319 
v 0.00767866 0.012916 0.0341319 
v 0.00803388 0.0128996 0.0340969 
v 0.00838284 0.0128672 0.0340273 
v 0.00872146 0.012819 0.0339239 
v 0.00904575 0.0127556 0.0337879 
v 0.00935192 0.0126777 0.0336209 
v 0.00963637 0.0125863 0.033425 
v 0.00989579 0.0124825 0.0332023 
v 0.0101271 0.0123674 0.0329554 
v 0.0103276 0.0122424 0.0326874 
v 0.010495 0.012109 0.0324013 
v 0.0106273 0.0119687 0.0321004 
v 0.0107228 0.0118232 0.0317884 
v 0.0107807 0.0116742 0.0314688 
v 0.0508 0.0115234 0.0311455 
v 0.0507807 0.0113726 0.0308221 
v 0.0507228 0.0112236 0.0305025 
v 0.0506273 0.0110781 0.0301905 
v 0.050495 0.0109378 0.0298897 
v 0.0503276 0.0108044 0.0296035 
v 0.0501271 0.0106794 0.0293355 
v 0.0498958 0.0105643 0.0290887 
v 0.0496364 0.0104604 0.028866 
v 0.0493519 0.010369 0.02867 
v 0.0490457 0.0102912 0.0285031 
v 0.0487215 0.0102278 0.0283671 
v 0.0483828 0.0101796 0.0282637 
v 0.0480339 0.0101471 0.0281941 
v 0.0476787 0.0101308 0.028159 
v 0.0473213 0.0101308 0.028159 
v 0.0469661 0.0101471 0.0281941 
v 0.0466172 0.0101796 0.0282637 
v 0.0462785 0.0102278 0.0283671 
v 0.0459543 0.0102912 0.0285031 
v 0.0456481 0.010369 0.02867 
v 0.0453636 0.0104604 0.028866 
v 0.0451042 0.0105643 0.0290887 
v 0.0448729 0.0106794 0.0293355 
v 0.0446724 0.0108044 0.0296035 
v 0.044505 0.0109378 0.0298897 
v 0.0443727 0.0110781 0.0301905 
v 0.0442772 0.0112236 0.0305025 
v 0.0442193 0.0113726 0.0308221 
v 0.0442 0.0115234 0.0311455 
v 0.0442193 0.0116742 0.0314688 
v 0.0442772 0.0118232 0.0317884 
v 0.0443727 0.0119687 0.0321004 
v 0.044505 0.012109 0.0324013 
v 0.0446724 0.0122424 0.0326874 
v 0.0448729 0.0123674 0.0329554 
v 0.0451042 0.0124825 0.0332023 
v 0.0453636 0.0125863 0.033425 
v 0.0456481 0.0126777 0.0336209 
v 0.0459543 0.0127556 0.0337879 
v 0.0462785 0.012819 0.0339239 
v 0.0466172 0.0128672 0.0340273 
v 0.0469661 0.0128996 0.0340969 
v 0.0473213 0.012916 0.0341319 
v 0.0476787 0.012916 0.0341319 
v 0.0480339 0.0128996 0.0340969 
v 0.0483828 0.0128672 0.0340273 
v 0.0487215 0.012819 0.0339239 
v 0.0490457 0.0127556 0.0337879 
v 0.0493519 0.0126777 0.0336209 
v 0.0496364 0.0125863 0.033425 
v 0.0498958 0.0124825 0.0332023 
v 0.0501271 0.0123674 0.0329554 
v 0.0503276 0.0122424 0.0326874 
v 0.050495 0.012109 0.0324013 
v 0.0506273 0.0119687 0.0321004 
v 0.0507228 0.0118232 0.0317884 
v 0.0507807 0.0116742 0.0314688 
v 0.0508 0.0368805 0.0855239 
v 0.0507807 0.0367297 0.0852006 
v 0.0507228 0.0365807 0.084881 
v 0.0506273 0.0364352 0.084569 
v 0.050495 0.0362949 0.0842681 
v 0.0503276 0.0361615 0.083982 
v 0.0501271 0.0360365 0.083714 
v 0.0498958 0.0359214 0.0834672 
v 0.0496364 0.0358175 0.0832445 
v 0.0493519 0.0357261 0.0830485 
v 0.0490457 0.0356483 0.0828815 
v 0.0487215 0.0355849 0.0827455 
v 0.0483828 0.0355367 0.0826421 
v 0.0480339 0.0355042 0.0825725 
v 0.0476787 0.0354879 0.0825375 
v 0.0473213 0.0354879 0.0825375 
v 0.0469661 0.0355042 0.0825725 
v 0.0466172 0.0355367 0.0826421 
v 0.0462785 0.0355849 0.0827455 
v 0.0459543 0.0356483 0.0828815 
v 0.0456481 0.0357261 0.0830485 
v 0.0453636 0.0358175 0.0832445 
v 0.0451042 0.0359214 0.0834672 
v 0.0448729 0.0360365 0.083714 
v 0.0446724 0.0361615 0.083982 
v 0.044505 0.0362949 0.0842681 
v 0.0443727 0.0364352 0.084569 
v 0.0442772 0.0365807 0.084881 
v 0.0442193 0.0367297 0.0852006 
v 0.0442 0.0368805 0.0855239 
v 0.0442193 0.0370313 0.0858473 
v 0.0442772 0.0371803 0.0861669 
v 0.0443727 0.0373258 0.0864789 
v 0.044505 0.0374661 0.0867798 
v 0.0446724 0.0375995 0.0870659 
v 0.0448729 0.0377245 0.0873339 
v 0.0451042 0.0378396 0.0875807 
v 0.0453636 0.0379434 0.0878034 
v 0.0456481 0.0380348 0.0879994 
v 0.0459543 0.0381127 0.0881664 
v 0.0462785 0.0381761 0.0883023 
v 0.0466172 0.0382243 0.0884057 
v 0.0469661 0.0382567 0.0884754 
v 0.0473213 0.0382731 0.0885104 
v 0.0476787 0.0382731 0.0885104 
v 0.0480339 0.0382567 0.0884754 
v 0.0483828 0.0382243 0.0884057 
v 0.0487215 0.0381761 0.0883023 
v 0.0490457 0.0381127 0.0881664 
v 0.0493519 0.0380348 0.0879994 
v 0.0496364 0.0379434 0.0878034 
v 0.0498958 0.0378396 0.0875807 
v 0.0501271 0.0377245 0.0873339 
v 0.0503276 0.0375995 0.0870659 
v 0.050495 0.0374661 0.0867798 
v 0.0506273 0.0373258 0.0864789 
v 0.0507228 0.0371803 0.0861669 
v 0.0507807 0.0370313 0.0858473 
v 0.0108 0.0368805 0.0855239 
v 0.0107807 0.0367297 0.0852006 
v 0.0107228 0.0365807 0.084881 
v 0.0106273 0.0364352 0.084569 
v 0.010495 0.0362949 0.0842681 
v 0.0103276 0.0361615 0.083982 
v 0.0101271 0.0360365 0.083714 
v 0.00989579 0.0359214 0.0834672 
v 0.00963637 0.0358175 0.0832445 
v 0.00935192 0.0357261 0.0830485 
v 0.00904575 0.0356483 0.0828815 
v 0.00872146 0.0355849 0.0827455 
v 0.00838284 0.0355367 0.0826421 
v 0.00803388 0.0355042 0.0825725 
v 0.00767866 0.0354879 0.0825375 
v 0.00732134 0.0354879 0.0825375 
v 0.00696612 0.0355042 0.0825725 
v 0.00661716 0.0355367 0.0826421 
v 0.00627854 0.0355849 0.0827455 
v 0.00595425 0.0356483 0.0828815 
v 0.00564808 0.0357261 0.0830485 
v 0.00536363 0.0358175 0.0832445 
v 0.00510421 0.0359214 0.0834672 
v 0.00487289 0.0360365 0.083714 
v 0.00467237 0.0361615 0.083982 
v 0.004505 0.0362949 0.0842681 
v 0.00437274 0.0364352 0.084569 
v 0.00427715 0.0365807 0.084881 
v 0.00421934 0.0367297 0.0852006 
v 0.0042 0.0368805 0.0855239 
v 0.00421934 0.0370313 0.0858473 
v 0.00427715 0.0371803 0.0861669 
v 0.00437274 0.0373258 0.0864789 
v 0.004505 0.0374661 0.0867798 
v 0.00467237 0.0375995 0.0870659 
v 0.00487289 0.0377245 0.0873339 
v 0.00510421 0.0378396 0.0875807 
v 0.00536363 0.0379434 0.0878034 
v 0.00564808 0.0380348 0.0879994 
v 0.00595425 0.0381127 0.0881664 
v 0.00627854 0.0381761 0.0883023 
v 0.00661716 0.0382243 0.0884057 
v 0.00696612 0.0382567 0.0884754 
v 0.00732134 0.0382731 0.0885104 
v 0.00767866 0.0382731 0.0885104 
v 0.00803388 0.0382567 0.0884754 
v 0.00838284 0.0382243 0.0884057 
v 0.00872146 0.0381761 0.0883023 
v 0.00904575 0.0381127 0.0881664 
v 0.00935192 0.0380348 0.0879994 
v 0.00963637 0.0379434 0.0878034 
v 0.00989579 0.0378396 0.0875807 
v 0.0101271 0.0377245 0.0873339 
v 0.0103276 0.0375995 0.0870659 
v 0.010495 0.0374661 0.0867798 
v 0.0106273 0.0373258 0.0864789 
v 0.0107228 0.0371803 0.0861669 
v 0.0107807 0.0370313 0.0858473 
v 0.0295565 0.023679 0.0572133 
v 0.0294106 0.0235881 0.0570184 
v 0.0288468 0.0233624 0.0565344 
v 0.0290537 0.0234289 0.0566769 
v 0.0286242 0.0233058 0.0564129 
v 0.0278883 0.023201 0.0561882 
v 0.0281421 0.0232246 0.0562389 
v 0.0259463 0.0234289 0.0566769 
v 0.0261532 0.0233624 0.0565344 
v 0.0283883 0.0232597 0.0563141 
v 0.0263758 0.0233058 0.0564129 
v 0.0266117 0.0232597 0.0563141 
v 0.0257576 0.0235044 0.0568389 
v 0.0294106 0.0248157 0.059651 
v 0.0292424 0.0248994 0.0598306 
v 0.0296782 0.0246278 0.059248 
v 0.0295565 0.0247248 0.0594561 
v 0.0292424 0.0235044 0.0568389 
v 0.0273701 0.0231891 0.0561628 
v 0.0276299 0.0231891 0.0561628 
v 0.0268579 0.0232246 0.0562389 
v 0.0271117 0.023201 0.0561882 
v 0.0254435 0.023679 0.0572133 
v 0.0255894 0.0235881 0.0570184 
v 0.0252256 0.0238781 0.0576402 
v 0.0253218 0.023776 0.0574214 
v 0.0290537 0.024975 0.0599925 
v 0.0288468 0.0250414 0.060135 
v 0.0255894 0.0248157 0.059651 
v 0.0251561 0.0239839 0.0578671 
v 0.0286242 0.0250981 0.0602565 
v 0.0283883 0.0251442 0.0603554 
v 0.0251561 0.02442 0.0588023 
v 0.0251141 0.0243116 0.0585699 
v 0.0273701 0.0252147 0.0605067 
v 0.0271117 0.0252028 0.0604812 
v 0.0298439 0.02442 0.0588023 
v 0.0297744 0.0245258 0.0590292 
v 0.0253218 0.0246278 0.059248 
v 0.0252256 0.0245258 0.0590292 
v 0.0251 0.0242019 0.0583347 
v 0.0251141 0.0240923 0.0580995 
v 0.0276299 0.0252147 0.0605067 
v 0.0281421 0.0251792 0.0604306 
v 0.0278883 0.0252028 0.0604812 
v 0.0299 0.0242019 0.0583347 
v 0.0298859 0.0243116 0.0585699 
v 0.0296782 0.023776 0.0574214 
v 0.0254435 0.0247248 0.0594561 
v 0.0259463 0.024975 0.0599925 
v 0.0257576 0.0248994 0.0598306 
v 0.0263758 0.0250981 0.0602565 
v 0.0261532 0.0250414 0.060135 
v 0.0268579 0.0251792 0.0604306 
v 0.0266117 0.0251442 0.0603554 
v 0.0298439 0.0239839 0.0578671 
v 0.0298859 0.0240923 0.0580995 
v 0.0297744 0.0238781 0.0576402 
v 0.01795 0.0180528 0.0451479 
v 0.0298859 0.0213733 0.0593674 
v 0.0299 0.021483 0.0596026 
v 0.0298439 0.021265 0.059135 
v 0.0297744 0.0211591 0.058908 
v 0.0296782 0.0210571 0.0586892 
v 0.0295565 0.0209601 0.0584812 
v 0.0294106 0.0208692 0.0582862 
v 0.0292424 0.0207855 0.0581067 
v 0.0290537 0.0207099 0.0579448 
v 0.0288468 0.0206435 0.0578022 
v 0.0286242 0.0205869 0.0576808 
v 0.0283883 0.0205408 0.0575819 
v 0.0281421 0.0205057 0.0575067 
v 0.0278883 0.0204821 0.0574561 
v 0.0276299 0.0204702 0.0574306 
v 0.0273701 0.0204702 0.0574306 
v 0.0271117 0.0204821 0.0574561 
v 0.0268579 0.0205057 0.0575067 
v 0.0266117 0.0205408 0.0575819 
v 0.0263758 0.0205869 0.0576808 
v 0.0261532 0.0206435 0.0578022 
v 0.0259463 0.0207099 0.0579448 
v 0.0257576 0.0207855 0.0581067 
v 0.0255894 0.0208692 0.0582862 
v 0.0254435 0.0209601 0.0584812 
v 0.0253218 0.0210571 0.0586892 
v 0.0252256 0.0211591 0.058908 
v 0.0251561 0.021265 0.059135 
v 0.0251141 0.0213733 0.0593674 
v 0.0251 0.021483 0.0596026 
v 0.0251141 0.0215927 0.0598377 
v 0.0251561 0.021701 0.0600702 
v 0.0252256 0.0218069 0.0602971 
v 0.0253218 0.0219089 0.0605159 
v 0.0254435 0.0220059 0.060724 
v 0.0255894 0.0220968 0.0609189 
v 0.0257576 0.0221805 0.0610984 
v 0.0259463 0.022256 0.0612604 
v 0.0261532 0.0223225 0.0614029 
v 0.0263758 0.0223791 0.0615243 
v 0.0266117 0.0224252 0.0616232 
v 0.0268579 0.0224603 0.0616984 
v 0.0271117 0.0224839 0.061749 
v 0.0273701 0.0224958 0.0617745 
v 0.0276299 0.0224958 0.0617745 
v 0.0278883 0.0224839 0.061749 
v 0.0281421 0.0224603 0.0616984 
v 0.0283883 0.0224252 0.0616232 
v 0.0286242 0.0223791 0.0615243 
v 0.0288468 0.0223225 0.0614029 
v 0.0290537 0.022256 0.0612604 
v 0.0292424 0.0221805 0.0610984 
v 0.0294106 0.0220968 0.0609189 
v 0.0295565 0.0220059 0.060724 
v 0.0296782 0.0219089 0.0605159 
v 0.0297744 0.0218069 0.0602971 
v 0.0298439 0.021701 0.0600702 
v 0.0298859 0.0215927 0.0598377 
v 0.0278344 0.020974 0.058511 
v 0.0279627 0.0209922 0.0585501 
v 0.0277022 0.0209617 0.0584846 
v 0.0285711 0.0217554 0.0601866 
v 0.0284951 0.0218027 0.0602882 
v 0.0286345 0.0217048 0.0600783 
v 0.0280855 0.0210163 0.0586016 
v 0.0274323 0.0220105 0.0607338 
v 0.0272978 0.0220043 0.0607205 
v 0.0275677 0.0220105 0.0607338 
v 0.0284075 0.0218463 0.0603816 
v 0.0283092 0.0218856 0.060466 
v 0.0286846 0.0216517 0.0599643 
v 0.0286345 0.0212612 0.0591269 
v 0.0285711 0.0212106 0.0590185 
v 0.0282015 0.0210458 0.0586649 
v 0.0266908 0.0218856 0.060466 
v 0.0265925 0.0218463 0.0603816 
v 0.0267985 0.0219202 0.0605402 
v 0.0277022 0.0220043 0.0607205 
v 0.0286846 0.0213143 0.0592408 
v 0.0287208 0.0213694 0.059359 
v 0.0284075 0.0211197 0.0588235 
v 0.0284951 0.0211633 0.058917 
v 0.0283092 0.0210804 0.0587391 
v 0.0275677 0.0209555 0.0584713 
v 0.0271656 0.020974 0.058511 
v 0.0272978 0.0209617 0.0584846 
v 0.0270373 0.0209922 0.0585501 
v 0.0269145 0.0219497 0.0606035 
v 0.0278344 0.021992 0.0606942 
v 0.0279627 0.0219738 0.060655 
v 0.0280855 0.0219497 0.0606035 
v 0.0287208 0.0215966 0.0598461 
v 0.0287427 0.0215401 0.0597251 
v 0.02875 0.021483 0.0596026 
v 0.0274323 0.0209555 0.0584713 
v 0.0263655 0.0217048 0.0600783 
v 0.0263154 0.0216517 0.0599643 
v 0.0264289 0.0217554 0.0601866 
v 0.0270373 0.0219738 0.060655 
v 0.0282015 0.0219202 0.0605402 
v 0.0287427 0.0214259 0.0594801 
v 0.0265049 0.0218027 0.0602882 
v 0.0271656 0.021992 0.0606942 
v 0.0269145 0.0210163 0.0586016 
v 0.0267985 0.0210458 0.0586649 
v 0.0266908 0.0210804 0.0587391 
v 0.0265925 0.0211197 0.0588235 
v 0.0264289 0.0212106 0.0590185 
v 0.0265049 0.0211633 0.058917 
v 0.0263655 0.0212612 0.0591269 
v 0.0263154 0.0213143 0.0592408 
v 0.0262792 0.0213694 0.059359 
v 0.0262573 0.0215401 0.0597251 
v 0.02625 0.021483 0.0596026 
v 0.0262792 0.0215966 0.0598461 
v 0.0262573 0.0214259 0.0594801 
v 0.0287427 0.0170076 0.0615403 
v 0.02875 0.0170647 0.0616628 
v 0.0287208 0.0169512 0.0614193 
v 0.0286846 0.0168961 0.0613011 
v 0.0286345 0.0168429 0.0611871 
v 0.0285711 0.0167924 0.0610788 
v 0.0284951 0.0167451 0.0609772 
v 0.0284075 0.0167015 0.0608837 
v 0.0283092 0.0166621 0.0607994 
v 0.0282015 0.0166275 0.0607252 
v 0.0280855 0.016598 0.0606619 
v 0.0279627 0.016574 0.0606104 
v 0.0278344 0.0165557 0.0605712 
v 0.0277022 0.0165434 0.0605449 
v 0.0275677 0.0165372 0.0605316 
v 0.0274323 0.0165372 0.0605316 
v 0.0272978 0.0165434 0.0605449 
v 0.0271656 0.0165557 0.0605712 
v 0.0270373 0.016574 0.0606104 
v 0.0269145 0.016598 0.0606619 
v 0.0267985 0.0166275 0.0607252 
v 0.0266908 0.0166621 0.0607994 
v 0.0265925 0.0167015 0.0608837 
v 0.0265049 0.0167451 0.0609772 
v 0.0264289 0.0167924 0.0610788 
v 0.0263655 0.0168429 0.0611871 
v 0.0263154 0.0168961 0.0613011 
v 0.0262792 0.0169512 0.0614193 
v 0.0262573 0.0170076 0.0615403 
v 0.02625 0.0170647 0.0616628 
v 0.0262573 0.0171219 0.0617853 
v 0.0262792 0.0171783 0.0619064 
v 0.0263154 0.0172334 0.0620246 
v 0.0263655 0.0172866 0.0621385 
v 0.0264289 0.0173371 0.0622469 
v 0.0265049 0.0173844 0.0623484 
v 0.0265925 0.017428 0.0624419 
v 0.0266908 0.0174674 0.0625263 
v 0.0267985 0.017502 0.0626005 
v 0.0269145 0.0175315 0.0626637 
v 0.0270373 0.0175555 0.0627153 
v 0.0271656 0.0175738 0.0627544 
v 0.0272978 0.0175861 0.0627808 
v 0.0274323 0.0175922 0.0627941 
v 0.0275677 0.0175922 0.0627941 
v 0.0277022 0.0175861 0.0627808 
v 0.0278344 0.0175738 0.0627544 
v 0.0279627 0.0175555 0.0627153 
v 0.0280855 0.0175315 0.0626637 
v 0.0282015 0.017502 0.0626005 
v 0.0283092 0.0174674 0.0625263 
v 0.0284075 0.017428 0.0624419 
v 0.0284951 0.0173844 0.0623484 
v 0.0285711 0.0173371 0.0622469 
v 0.0286345 0.0172866 0.0621385 
v 0.0286846 0.0172334 0.0620246 
v 0.0287208 0.0171783 0.0619064 
v 0.0287427 0.0171219 0.0617853 
v 0.0274729 0.0168537 0.0612103 
v 0.0274191 0.0168562 0.0612156 
v 0.0273662 0.0172684 0.0620995 
v 0.0274191 0.0172733 0.06211 
v 0.0278237 0.0172258 0.0620082 
v 0.0277806 0.0172396 0.0620379 
v 0.027863 0.0172101 0.0619745 
v 0.027898 0.0169369 0.0613886 
v 0.0279284 0.0169558 0.0614292 
v 0.027863 0.0169194 0.0613512 
v 0.0278237 0.0169037 0.0613175 
v 0.0277806 0.0168898 0.0612878 
v 0.0275271 0.0168537 0.0612103 
v 0.0275809 0.0168562 0.0612156 
v 0.0272658 0.0168781 0.0612625 
v 0.0273149 0.0168684 0.0612419 
v 0.0272194 0.0168898 0.0612878 
v 0.027137 0.0172101 0.0619745 
v 0.027102 0.0171926 0.0619371 
v 0.0271763 0.0172258 0.0620082 
v 0.0272194 0.0172396 0.0620379 
v 0.0272658 0.0172514 0.0620632 
v 0.0273149 0.017261 0.0620838 
v 0.027898 0.0171926 0.0619371 
v 0.0276851 0.0168684 0.0612419 
v 0.0277342 0.0168781 0.0612625 
v 0.0276338 0.0168611 0.0612262 
v 0.0271763 0.0169037 0.0613175 
v 0.027102 0.0169369 0.0613886 
v 0.027137 0.0169194 0.0613512 
v 0.0270716 0.0169558 0.0614292 
v 0.0270262 0.0171322 0.0618075 
v 0.0270117 0.0171102 0.0617602 
v 0.0270462 0.0171535 0.0618531 
v 0.0270716 0.0171737 0.0618965 
v 0.0274729 0.0172757 0.0621153 
v 0.0275271 0.0172757 0.0621153 
v 0.0276338 0.0172684 0.0620995 
v 0.0276851 0.017261 0.0620838 
v 0.0277342 0.0172514 0.0620632 
v 0.0279284 0.0171737 0.0618965 
v 0.0279538 0.016976 0.0614726 
v 0.0279738 0.0169973 0.0615181 
v 0.0270462 0.016976 0.0614726 
v 0.0275809 0.0172733 0.06211 
v 0.0279538 0.0171535 0.0618531 
v 0.0279738 0.0171322 0.0618075 
v 0.0279883 0.0171102 0.0617602 
v 0.0279971 0.0170876 0.0617118 
v 0.028 0.0170647 0.0616628 
v 0.0279971 0.0170419 0.0616138 
v 0.0279883 0.0170193 0.0615654 
v 0.0273662 0.0168611 0.0612262 
v 0.0270262 0.0169973 0.0615181 
v 0.0270117 0.0170193 0.0615654 
v 0.0270029 0.0170876 0.0617118 
v 0.027 0.0170647 0.0616628 
v 0.0270029 0.0170419 0.0616138 
v 0.0279971 0.0161356 0.0620365 
v 0.028 0.0161584 0.0620854 
v 0.0279883 0.016113 0.061988 
v 0.0279738 0.016091 0.0619408 
v 0.0279538 0.0160697 0.0618952 
v 0.0279284 0.0160495 0.0618518 
v 0.027898 0.0160306 0.0618112 
v 0.027863 0.0160131 0.0617738 
v 0.0278237 0.0159974 0.0617401 
v 0.0277806 0.0159835 0.0617104 
v 0.0277342 0.0159717 0.0616851 
v 0.0276851 0.0159621 0.0616645 
v 0.0276338 0.0159548 0.0616488 
v 0.0275809 0.0159499 0.0616383 
v 0.0275271 0.0159474 0.061633 
v 0.0274729 0.0159474 0.061633 
v 0.0274191 0.0159499 0.0616383 
v 0.0273662 0.0159548 0.0616488 
v 0.0273149 0.0159621 0.0616645 
v 0.0272658 0.0159717 0.0616851 
v 0.0272194 0.0159835 0.0617104 
v 0.0271763 0.0159974 0.0617401 
v 0.027137 0.0160131 0.0617738 
v 0.027102 0.0160306 0.0618112 
v 0.0270716 0.0160495 0.0618518 
v 0.0270462 0.0160697 0.0618952 
v 0.0270262 0.016091 0.0619408 
v 0.0270117 0.016113 0.061988 
v 0.0270029 0.0161356 0.0620365 
v 0.027 0.0161584 0.0620854 
v 0.0270029 0.0161813 0.0621344 
v 0.0270117 0.0162039 0.0621829 
v 0.0270262 0.0162259 0.0622301 
v 0.0270462 0.0162472 0.0622757 
v 0.0270716 0.0162674 0.0623191 
v 0.027102 0.0162863 0.0623597 
v 0.027137 0.0163038 0.0623971 
v 0.0271763 0.0163195 0.0624308 
v 0.0272194 0.0163333 0.0624605 
v 0.0272658 0.0163451 0.0624858 
v 0.0273149 0.0163547 0.0625064 
v 0.0273662 0.016362 0.0625221 
v 0.0274191 0.016367 0.0625326 
v 0.0274729 0.0163694 0.0625379 
v 0.0275271 0.0163694 0.0625379 
v 0.0275809 0.016367 0.0625326 
v 0.0276338 0.016362 0.0625221 
v 0.0276851 0.0163547 0.0625064 
v 0.0277342 0.0163451 0.0624858 
v 0.0277806 0.0163333 0.0624605 
v 0.0278237 0.0163195 0.0624308 
v 0.027863 0.0163038 0.0623971 
v 0.027898 0.0162863 0.0623597 
v 0.0279284 0.0162674 0.0623191 
v 0.0279538 0.0162472 0.0622757 
v 0.0279738 0.0162259 0.0622301 
v 0.0279883 0.0162039 0.0621829 
v 0.0279971 0.0161813 0.0621344 
v 0.0275 0.0161584 0.0620854 
vn -2.98471e-16 0.422618 0.906308 
vn 0.108119 -0.900995 0.420141 
vn 6.78027e-18 -0.906308 0.422618 
vn 0.21497 -0.885119 0.412738 
vn 0.108119 -0.900995 0.420141 
vn 0.319302 -0.858865 0.400496 
vn 0.21497 -0.885119 0.412738 
vn 0.419889 -0.822543 0.383558 
vn 0.319302 -0.858865 0.400496 
vn 0.515554 -0.776576 0.362123 
vn 0.419889 -0.822543 0.383558 
vn 0.605174 -0.721505 0.336443 
vn 0.515554 -0.776576 0.362123 
vn 0.687699 -0.657975 0.306819 
vn 0.605174 -0.721505 0.336443 
vn 0.762162 -0.586731 0.273597 
vn 0.687699 -0.657975 0.306819 
vn 0.827689 -0.508608 0.237168 
vn 0.762162 -0.586731 0.273597 
vn 0.883512 -0.424522 0.197958 
vn 0.827689 -0.508608 0.237168 
vn 0.928977 -0.335459 0.156427 
vn 0.883512 -0.424522 0.197958 
vn 0.96355 -0.242463 0.113062 
vn 0.928977 -0.335459 0.156427 
vn 0.986827 -0.146624 0.068372 
vn 0.96355 -0.242463 0.113062 
vn 0.998533 -0.0490665 0.0228801 
vn 0.986827 -0.146624 0.068372 
vn 0.998533 0.0490665 -0.0228801 
vn 0.998533 -0.0490665 0.0228801 
vn 0.986827 0.146624 -0.068372 
vn 0.998533 0.0490665 -0.0228801 
vn 0.96355 0.242463 -0.113062 
vn 0.986827 0.146624 -0.068372 
vn 0.928977 0.335459 -0.156427 
vn 0.96355 0.242463 -0.113062 
vn 0.883512 0.424522 -0.197958 
vn 0.928977 0.335459 -0.156427 
vn 0.827689 0.508608 -0.237168 
vn 0.883512 0.424522 -0.197958 
vn 0.762162 0.586731 -0.273597 
vn 0.827689 0.508608 -0.237168 
vn 0.687699 0.657975 -0.306819 
vn 0.762162 0.586731 -0.273597 
vn 0.605174 0.721505 -0.336443 
vn 0.687699 0.657975 -0.306819 
vn 0.515554 0.776576 -0.362123 
vn 0.605174 0.721505 -0.336443 
vn 0.419889 0.822543 -0.383558 
vn 0.515554 0.776576 -0.362123 
vn 0.319302 0.858865 -0.400496 
vn 0.419889 0.822543 -0.383558 
vn 0.21497 0.885119 -0.412738 
vn 0.319302 0.858865 -0.400496 
vn 0.108119 0.900995 -0.420141 
vn 0.21497 0.885119 -0.412738 
vn -1.29245e-16 0.906308 -0.422618 
vn 0.108119 0.900995 -0.420141 
vn -0.108119 0.900995 -0.420141 
vn -1.29245e-16 0.906308 -0.422618 
vn -0.21497 0.885119 -0.412738 
vn -0.108119 0.900995 -0.420141 
vn -0.319302 0.858865 -0.400496 
vn -0.21497 0.885119 -0.412738 
vn -0.419889 0.822543 -0.383558 
vn -0.319302 0.858865 -0.400496 
vn -0.515554 0.776576 -0.362123 
vn -0.419889 0.822543 -0.383558 
vn -0.605174 0.721505 -0.336443 
vn -0.515554 0.776576 -0.362123 
vn -0.687699 0.657975 -0.306819 
vn -0.605174 0.721505 -0.336443 
vn -0.762162 0.586731 -0.273597 
vn -0.687699 0.657975 -0.306819 
vn -0.827689 0.508608 -0.237168 
vn -0.762162 0.586731 -0.273597 
vn -0.883512 0.424522 -0.197958 
vn -0.827689 0.508608 -0.237168 
vn -0.928977 0.335459 -0.156427 
vn -0.883512 0.424522 -0.197958 
vn -0.96355 0.242463 -0.113062 
vn -0.928977 0.335459 -0.156427 
vn -0.986827 0.146624 -0.068372 
vn -0.96355 0.242463 -0.113062 
vn -0.998533 0.0490665 -0.0228801 
vn -0.986827 0.146624 -0.068372 
vn -0.998533 -0.0490665 0.0228801 
vn -0.998533 0.0490665 -0.0228801 
vn -0.986827 -0.146624 0.068372 
vn -0.998533 -0.0490665 0.0228801 
vn -0.96355 -0.242463 0.113062 
vn -0.986827 -0.146624 0.068372 
vn -0.928977 -0.335459 0.156427 
vn -0.96355 -0.242463 0.113062 
vn -0.883512 -0.424522 0.197958 
vn -0.928977 -0.335459 0.156427 
vn -0.827689 -0.508608 0.237168 
vn -0.883512 -0.424522 0.197958 
vn -0.762162 -0.586731 0.273597 
vn -0.827689 -0.508608 0.237168 
vn -0.687699 -0.657975 0.306819 
vn -0.762162 -0.586731 0.273597 
vn -0.605174 -0.721505 0.336443 
vn -0.687699 -0.657975 0.306819 
vn -0.515554 -0.776576 0.362123 
vn -0.605174 -0.721505 0.336443 
vn -0.419889 -0.822543 0.383558 
vn -0.515554 -0.776576 0.362123 
vn -0.319302 -0.858865 0.400496 
vn -0.419889 -0.822543 0.383558 
vn -0.21497 -0.885119 0.412738 
vn -0.319302 -0.858865 0.400496 
vn -0.108119 -0.900995 0.420141 
vn -0.21497 -0.885119 0.412738 
vn -2.98471e-16 0.422618 0.906308 
vn -0.104528 0.420303 0.901343 
vn -0.207912 0.413383 0.886503 
vn -0.309017 0.401934 0.86195 
vn -0.406737 0.386081 0.827953 
vn -0.5 0.365998 0.784886 
vn -0.587785 0.341905 0.733218 
vn -0.669131 0.314067 0.673518 
vn -0.743145 0.282787 0.606438 
vn -0.809017 0.248409 0.532714 
vn -0.866025 0.211309 0.453154 
vn -0.913545 0.171894 0.368629 
vn -0.951057 0.130596 0.280065 
vn -0.978148 0.0878673 0.188432 
vn -0.994522 0.0441756 0.094735 
vn -1 -1.11022e-16 -2.77556e-16 
vn -2.98471e-16 0.422618 0.906308 
vn 0.104528 0.420303 0.901343 
vn 0.207912 0.413383 0.886503 
vn 0.309017 0.401934 0.86195 
vn 0.406737 0.386081 0.827953 
vn 0.5 0.365998 0.784886 
vn 0.587785 0.341905 0.733218 
vn 0.669131 0.314067 0.673518 
vn 0.743145 0.282787 0.606438 
vn 0.809017 0.248409 0.532714 
vn 0.866025 0.211309 0.453154 
vn 0.913545 0.171894 0.368629 
vn 0.951057 0.130596 0.280065 
vn 0.978148 0.0878673 0.188432 
vn 0.994522 0.0441756 0.094735 
vn 1 1.11022e-16 2.77556e-16 
vn 2.98471e-16 -0.422618 -0.906308 
vn 0.104528 -0.420303 -0.901343 
vn 0.207912 -0.413383 -0.886503 
vn 0.309017 -0.401934 -0.86195 
vn 0.406737 -0.386081 -0.827953 
vn 0.5 -0.365998 -0.784886 
vn 0.587785 -0.341905 -0.733218 
vn 0.669131 -0.314067 -0.673518 
vn 0.743145 -0.282787 -0.606438 
vn 0.809017 -0.248409 -0.532714 
vn 0.866025 -0.211309 -0.453154 
vn 0.913545 -0.171894 -0.368629 
vn 0.951057 -0.130596 -0.280065 
vn 0.978148 -0.0878673 -0.188432 
vn 0.994522 -0.0441756 -0.094735 
vn 1 1.11022e-16 2.77556e-16 
vn 0.108119 -0.900995 0.420141 
vn 6.78027e-18 -0.906308 0.422618 
vn 0.21497 -0.885119 0.412738 
vn 0.108119 -0.900995 0.420141 
vn 0.319302 -0.858865 0.400496 
vn 0.21497 -0.885119 0.412738 
vn 0.419889 -0.822543 0.383558 
vn 0.319302 -0.858865 0.400496 
vn 0.515554 -0.776576 0.362123 
vn 0.419889 -0.822543 0.383558 
vn 0.605174 -0.721505 0.336443 
vn 0.515554 -0.776576 0.362123 
vn 0.687699 -0.657975 0.306819 
vn 0.605174 -0.721505 0.336443 
vn 0.762162 -0.586731 0.273597 
vn 0.687699 -0.657975 0.306819 
vn 0.827689 -0.508608 0.237168 
vn 0.762162 -0.586731 0.273597 
vn 0.883512 -0.424522 0.197958 
vn 0.827689 -0.508608 0.237168 
vn 0.928977 -0.335459 0.156427 
vn 0.883512 -0.424522 0.197958 
vn 0.96355 -0.242463 0.113062 
vn 0.928977 -0.335459 0.156427 
vn 0.986827 -0.146624 0.068372 
vn 0.96355 -0.242463 0.113062 
vn 0.998533 -0.0490665 0.0228801 
vn 0.986827 -0.146624 0.068372 
vn 0.998533 0.0490665 -0.0228801 
vn 0.998533 -0.0490665 0.0228801 
vn 0.986827 0.146624 -0.068372 
vn 0.998533 0.0490665 -0.0228801 
vn 0.96355 0.242463 -0.113062 
vn 0.986827 0.146624 -0.068372 
vn 0.928977 0.335459 -0.156427 
vn 0.96355 0.242463 -0.113062 
vn 0.883512 0.424522 -0.197958 
vn 0.928977 0.335459 -0.156427 
vn 0.827689 0.508608 -0.237168 
vn 0.883512 0.424522 -0.197958 
vn 0.762162 0.586731 -0.273597 
vn 0.827689 0.508608 -0.237168 
vn 0.687699 0.657975 -0.306819 
vn 0.762162 0.586731 -0.273597 
vn 0.605174 0.721505 -0.336443 
vn 0.687699 0.657975 -0.306819 
vn 0.515554 0.776576 -0.362123 
vn 0.605174 0.721505 -0.336443 
vn 0.419889 0.822543 -0.383558 
vn 0.515554 0.776576 -0.362123 
vn 0.319302 0.858865 -0.400496 
vn 0.419889 0.822543 -0.383558 
vn 0.21497 0.885119 -0.412738 
vn 0.319302 0.858865 -0.400496 
vn 0.108119 0.900995 -0.420141 
vn 0.21497 0.885119 -0.412738 
vn -1.29245e-16 0.906308 -0.422618 
vn 0.108119 0.900995 -0.420141 
vn -0.108119 0.900995 -0.420141 
vn -1.29245e-16 0.906308 -0.422618 
vn -0.21497 0.885119 -0.412738 
vn -0.108119 0.900995 -0.420141 
vn -0.319302 0.858865 -0.400496 
vn -0.21497 0.885119 -0.412738 
vn -0.419889 0.822543 -0.383558 
vn -0.319302 0.858865 -0.400496 
vn -0.515554 0.776576 -0.362123 
vn -0.419889 0.822543 -0.383558 
vn -0.605174 0.721505 -0.336443 
vn -0.515554 0.776576 -0.362123 
vn -0.687699 0.657975 -0.306819 
vn -0.605174 0.721505 -0.336443 
vn -0.762162 0.586731 -0.273597 
vn -0.687699 0.657975 -0.306819 
vn -0.827689 0.508608 -0.237168 
vn -0.762162 0.586731 -0.273597 
vn -0.883512 0.424522 -0.197958 
vn -0.827689 0.508608 -0.237168 
vn -0.928977 0.335459 -0.156427 
vn -0.883512 0.424522 -0.197958 
vn -0.96355 0.242463 -0.113062 
vn -0.928977 0.335459 -0.156427 
vn -0.986827 0.146624 -0.068372 
vn -0.96355 0.242463 -0.113062 
vn -0.998533 0.0490665 -0.0228801 
vn -0.986827 0.146624 -0.068372 
vn -0.998533 -0.0490665 0.0228801 
vn -0.998533 0.0490665 -0.0228801 
vn -0.986827 -0.146624 0.068372 
vn -0.998533 -0.0490665 0.0228801 
vn -0.96355 -0.242463 0.113062 
vn -0.986827 -0.146624 0.068372 
vn -0.928977 -0.335459 0.156427 
vn -0.96355 -0.242463 0.113062 
vn -0.883512 -0.424522 0.197958 
vn -0.928977 -0.335459 0.156427 
vn -0.827689 -0.508608 0.237168 
vn -0.883512 -0.424522 0.197958 
vn -0.762162 -0.586731 0.273597 
vn -0.827689 -0.508608 0.237168 
vn -0.687699 -0.657975 0.306819 
vn -0.762162 -0.586731 0.273597 
vn -0.605174 -0.721505 0.336443 
vn -0.687699 -0.657975 0.306819 
vn -0.515554 -0.776576 0.362123 
vn -0.605174 -0.721505 0.336443 
vn -0.419889 -0.822543 0.383558 
vn -0.515554 -0.776576 0.362123 
vn -0.319302 -0.858865 0.400496 
vn -0.419889 -0.822543 0.383558 
vn -0.21497 -0.885119 0.412738 
vn -0.319302 -0.858865 0.400496 
vn -0.108119 -0.900995 0.420141 
vn -0.21497 -0.885119 0.412738 
vn -2.98471e-16 0.422618 0.906308 
vn 0.108119 -0.900995 0.420141 
vn 6.78027e-18 -0.906308 0.422618 
vn 0.21497 -0.885119 0.412738 
vn 0.108119 -0.900995 0.420141 
vn 0.319302 -0.858865 0.400496 
vn 0.21497 -0.885119 0.412738 
vn 0.419889 -0.822543 0.383558 
vn 0.319302 -0.858865 0.400496 
vn 0.515554 -0.776576 0.362123 
vn 0.419889 -0.822543 0.383558 
vn 0.605174 -0.721505 0.336443 
vn 0.515554 -0.776576 0.362123 
vn 0.687699 -0.657975 0.306819 
vn 0.605174 -0.721505 0.336443 
vn 0.762162 -0.586731 0.273597 
vn 0.687699 -0.657975 0.306819 
vn 0.827689 -0.508608 0.237168 
vn 0.762162 -0.586731 0.273597 
vn 0.883512 -0.424522 0.197958 
vn 0.827689 -0.508608 0.237168 
vn 0.928977 -0.335459 0.156427 
vn 0.883512 -0.424522 0.197958 
vn 0.96355 -0.242463 0.113062 
vn 0.928977 -0.335459 0.156427 
vn 0.986827 -0.146624 0.068372 
vn 0.96355 -0.242463 0.113062 
vn 0.998533 -0.0490665 0.0228801 
vn 0.986827 -0.146624 0.068372 
vn 0.998533 0.0490665 -0.0228801 
vn 0.998533 -0.0490665 0.0228801 
vn 0.986827 0.146624 -0.068372 
vn 0.998533 0.0490665 -0.0228801 
vn 0.96355 0.242463 -0.113062 
vn 0.986827 0.146624 -0.068372 
vn 0.928977 0.335459 -0.156427 
vn 0.96355 0.242463 -0.113062 
vn 0.883512 0.424522 -0.197958 
vn 0.928977 0.335459 -0.156427 
vn 0.827689 0.508608 -0.237168 
vn 0.883512 0.424522 -0.197958 
vn 0.762162 0.586731 -0.273597 
vn 0.827689 0.508608 -0.237168 
vn 0.687699 0.657975 -0.306819 
vn 0.762162 0.586731 -0.273597 
vn 0.605174 0.721505 -0.336443 
vn 0.687699 0.657975 -0.306819 
vn 0.515554 0.776576 -0.362123 
vn 0.605174 0.721505 -0.336443 
vn 0.419889 0.822543 -0.383558 
vn 0.515554 0.776576 -0.362123 
vn 0.319302 0.858865 -0.400496 
vn 0.419889 0.822543 -0.383558 
vn 0.21497 0.885119 -0.412738 
vn 0.319302 0.858865 -0.400496 
vn 0.108119 0.900995 -0.420141 
vn 0.21497 0.885119 -0.412738 
vn -1.29245e-16 0.906308 -0.422618 
vn 0.108119 0.900995 -0.420141 
vn -0.108119 0.900995 -0.420141 
vn -1.29245e-16 0.906308 -0.422618 
vn -0.21497 0.885119 -0.412738 
vn -0.108119 0.900995 -0.420141 
vn -0.319302 0.858865 -0.400496 
vn -0.21497 0.885119 -0.412738 
vn -0.419889 0.822543 -0.383558 
vn -0.319302 0.858865 -0.400496 
vn -0.515554 0.776576 -0.362123 
vn -0.419889 0.822543 -0.383558 
vn -0.605174 0.721505 -0.336443 
vn -0.515554 0.776576 -0.362123 
vn -0.687699 0.657975 -0.306819 
vn -0.605174 0.721505 -0.336443 
vn -0.762162 0.586731 -0.273597 
vn -0.687699 0.657975 -0.306819 
vn -0.827689 0.508608 -0.237168 
vn -0.762162 0.586731 -0.273597 
vn -0.883512 0.424522 -0.197958 
vn -0.827689 0.508608 -0.237168 
vn -0.928977 0.335459 -0.156427 
vn -0.883512 0.424522 -0.197958 
vn -0.96355 0.242463 -0.113062 
vn -0.928977 0.335459 -0.156427 
vn -0.986827 0.146624 -0.068372 
vn -0.96355 0.242463 -0.113062 
vn -0.998533 0.0490665 -0.0228801 
vn -0.986827 0.146624 -0.068372 
vn -0.998533 -0.0490665 0.0228801 
vn -0.998533 0.0490665 -0.0228801 
vn -0.986827 -0.146624 0.068372 
vn -0.998533 -0.0490665 0.0228801 
vn -0.96355 -0.242463 0.113062 
vn -0.986827 -0.146624 0.068372 
vn -0.928977 -0.335459 0.156427 
vn -0.96355 -0.242463 0.113062 
vn -0.883512 -0.424522 0.197958 
vn -0.928977 -0.335459 0.156427 
vn -0.827689 -0.508608 0.237168 
vn -0.883512 -0.424522 0.197958 
vn -0.762162 -0.586731 0.273597 
vn -0.827689 -0.508608 0.237168 
vn -0.687699 -0.657975 0.306819 
vn -0.762162 -0.586731 0.273597 
vn -0.605174 -0.721505 0.336443 
vn -0.687699 -0.657975 0.306819 
vn -0.515554 -0.776576 0.362123 
vn -0.605174 -0.721505 0.336443 
vn -0.419889 -0.822543 0.383558 
vn -0.515554 -0.776576 0.362123 
vn -0.319302 -0.858865 0.400496 
vn -0.419889 -0.822543 0.383558 
vn -0.21497 -0.885119 0.412738 
vn -0.319302 -0.858865 0.400496 
vn -0.108119 -0.900995 0.420141 
vn -0.21497 -0.885119 0.412738 
vn -2.98471e-16 0.422618 0.906308 
vn 2.98471e-16 -0.422618 -0.906308 
vn -0.104528 -0.420303 -0.901343 
vn -0.207912 -0.413383 -0.886503 
vn -0.309017 -0.401934 -0.86195 
vn -0.406737 -0.386081 -0.827953 
vn -0.5 -0.365998 -0.784886 
vn -0.587785 -0.341905 -0.733218 
vn -0.669131 -0.314067 -0.673518 
vn -0.743145 -0.282787 -0.606438 
vn -0.809017 -0.248409 -0.532714 
vn -0.866025 -0.211309 -0.453154 
vn -0.913545 -0.171894 -0.368629 
vn -0.951057 -0.130596 -0.280065 
vn -0.978148 -0.0878673 -0.188432 
vn -0.994522 -0.0441756 -0.094735 
vn -1 -1.11022e-16 -2.77556e-16 
vn 0.108119 0.900995 -0.420141 
vn -6.78027e-18 0.906308 -0.422618 
vn 0.21497 0.885119 -0.412738 
vn 0.108119 0.900995 -0.420141 
vn 0.319302 0.858865 -0.400496 
vn 0.21497 0.885119 -0.412738 
vn 0.419889 0.822543 -0.383558 
vn 0.319302 0.858865 -0.400496 
vn 0.515554 0.776576 -0.362123 
vn 0.419889 0.822543 -0.383558 
vn 0.605174 0.721505 -0.336443 
vn 0.515554 0.776576 -0.362123 
vn 0.687699 0.657975 -0.306819 
vn 0.605174 0.721505 -0.336443 
vn 0.762162 0.586731 -0.273597 
vn 0.687699 0.657975 -0.306819 
vn 0.827689 0.508608 -0.237168 
vn 0.762162 0.586731 -0.273597 
vn 0.883512 0.424522 -0.197958 
vn 0.827689 0.508608 -0.237168 
vn 0.928977 0.335459 -0.156427 
vn 0.883512 0.424522 -0.197958 
vn 0.96355 0.242463 -0.113062 
vn 0.928977 0.335459 -0.156427 
vn 0.986827 0.146624 -0.068372 
vn 0.96355 0.242463 -0.113062 
vn 0.998533 0.0490665 -0.0228801 
vn 0.986827 0.146624 -0.068372 
vn 0.998533 -0.0490665 0.0228801 
vn 0.998533 0.0490665 -0.0228801 
vn 0.986827 -0.146624 0.068372 
vn 0.998533 -0.0490665 0.0228801 
vn 0.96355 -0.242463 0.113062 
vn 0.986827 -0.146624 0.068372 
vn 0.928977 -0.335459 0.156427 
vn 0.96355 -0.242463 0.113062 
vn 0.883512 -0.424522 0.197958 
vn 0.928977 -0.335459 0.156427 
vn 0.827689 -0.508608 0.237168 
vn 0.883512 -0.424522 0.197958 
vn 0.762162 -0.586731 0.273597 
vn 0.827689 -0.508608 0.237168 
vn 0.687699 -0.657975 0.306819 
vn 0.762162 -0.586731 0.273597 
vn 0.605174 -0.721505 0.336443 
vn 0.687699 -0.657975 0.306819 
vn 0.515554 -0.776576 0.362123 
vn 0.605174 -0.721505 0.336443 
vn 0.419889 -0.822543 0.383558 
vn 0.515554 -0.776576 0.362123 
vn 0.319302 -0.858865 0.400496 
vn 0.419889 -0.822543 0.383558 
vn 0.21497 -0.885119 0.412738 
vn 0.319302 -0.858865 0.400496 
vn 0.108119 -0.900995 0.420141 
vn 0.21497 -0.885119 0.412738 
vn -1.15684e-16 -0.906308 0.422618 
vn 0.108119 -0.900995 0.420141 
vn -0.108119 -0.900995 0.420141 
vn -1.15684e-16 -0.906308 0.422618 
vn -0.21497 -0.885119 0.412738 
vn -0.108119 -0.900995 0.420141 
vn -0.319302 -0.858865 0.400496 
vn -0.21497 -0.885119 0.412738 
vn -0.419889 -0.822543 0.383558 
vn -0.319302 -0.858865 0.400496 
vn -0.515554 -0.776576 0.362123 
vn -0.419889 -0.822543 0.383558 
vn -0.605174 -0.721505 0.336443 
vn -0.515554 -0.776576 0.362123 
vn -0.687699 -0.657975 0.306819 
vn -0.605174 -0.721505 0.336443 
vn -0.762162 -0.586731 0.273597 
vn -0.687699 -0.657975 0.306819 
vn -0.827689 -0.508608 0.237168 
vn -0.762162 -0.586731 0.273597 
vn -0.883512 -0.424522 0.197958 
vn -0.827689 -0.508608 0.237168 
vn -0.928977 -0.335459 0.156427 
vn -0.883512 -0.424522 0.197958 
vn -0.96355 -0.242463 0.113062 
vn -0.928977 -0.335459 0.156427 
vn -0.986827 -0.146624 0.068372 
vn -0.96355 -0.242463 0.113062 
vn -0.998533 -0.0490665 0.0228801 
vn -0.986827 -0.146624 0.068372 
vn -0.998533 0.0490665 -0.0228801 
vn -0.998533 -0.0490665 0.0228801 
vn -0.986827 0.146624 -0.068372 
vn -0.998533 0.0490665 -0.0228801 
vn -0.96355 0.242463 -0.113062 
vn -0.986827 0.146624 -0.068372 
vn -0.928977 0.335459 -0.156427 
vn -0.96355 0.242463 -0.113062 
vn -0.883512 0.424522 -0.197958 
vn -0.928977 0.335459 -0.156427 
vn -0.827689 0.508608 -0.237168 
vn -0.883512 0.424522 -0.197958 
vn -0.762162 0.586731 -0.273597 
vn -0.827689 0.508608 -0.237168 
vn -0.687699 0.657975 -0.306819 
vn -0.762162 0.586731 -0.273597 
vn -0.605174 0.721505 -0.336443 
vn -0.687699 0.657975 -0.306819 
vn -0.515554 0.776576 -0.362123 
vn -0.605174 0.721505 -0.336443 
vn -0.419889 0.822543 -0.383558 
vn -0.515554 0.776576 -0.362123 
vn -0.319302 0.858865 -0.400496 
vn -0.419889 0.822543 -0.383558 
vn -0.21497 0.885119 -0.412738 
vn -0.319302 0.858865 -0.400496 
vn -0.108119 0.900995 -0.420141 
vn -0.21497 0.885119 -0.412738 
vn 2.98471e-16 -0.422618 -0.906308 
vn -1 -1.11022e-16 -2.77556e-16 
vn 2.97454e-16 -0.51813 -0.855302 
vn 2.98471e-16 -0.422618 -0.906308 
vn 2.9295e-16 -0.607567 -0.794268 
vn 2.97454e-16 -0.51813 -0.855302 
vn 2.85012e-16 -0.689881 -0.723923 
vn 2.9295e-16 -0.607567 -0.794268 
vn 2.73732e-16 -0.764107 -0.64509 
vn 2.85012e-16 -0.689881 -0.723923 
vn 2.59243e-16 -0.829374 -0.558694 
vn 2.73732e-16 -0.764107 -0.64509 
vn 2.41714e-16 -0.884918 -0.465748 
vn 2.59243e-16 -0.829374 -0.558694 
vn 2.21351e-16 -0.930086 -0.367341 
vn 2.41714e-16 -0.884918 -0.465748 
vn 1.98394e-16 -0.964351 -0.264628 
vn 2.21351e-16 -0.930086 -0.367341 
vn 1.7311e-16 -0.987309 -0.158812 
vn 1.98394e-16 -0.964351 -0.264628 
vn 1.45797e-16 -0.998692 -0.0511339 
vn 1.7311e-16 -0.987309 -0.158812 
vn 1.16774e-16 -0.998366 0.0571434 
vn 1.45797e-16 -0.998692 -0.0511339 
vn 8.63826e-17 -0.986335 0.164751 
vn 1.16774e-16 -0.998366 0.0571434 
vn 5.49782e-17 -0.962741 0.270427 
vn 8.63826e-17 -0.986335 0.164751 
vn 2.29292e-17 -0.927859 0.372932 
vn 5.49782e-17 -0.962741 0.270427 
vn -9.38857e-18 -0.882099 0.471065 
vn 2.29292e-17 -0.927859 0.372932 
vn -4.15963e-17 -0.825997 0.563675 
vn -9.38857e-18 -0.882099 0.471065 
vn -7.33163e-17 -0.760211 0.649677 
vn -4.15963e-17 -0.825997 0.563675 
vn -1.04177e-16 -0.685512 0.728062 
vn -7.33163e-17 -0.760211 0.649677 
vn -1.33816e-16 -0.602776 0.797911 
vn -1.04177e-16 -0.685512 0.728062 
vn -1.61886e-16 -0.512973 0.858405 
vn -1.33816e-16 -0.602776 0.797911 
vn -1.88058e-16 -0.417156 0.908835 
vn -1.61886e-16 -0.512973 0.858405 
vn -2.12026e-16 -0.316448 0.94861 
vn -1.88058e-16 -0.417156 0.908835 
vn -2.33507e-16 -0.212031 0.977263 
vn -2.12026e-16 -0.316448 0.94861 
vn -2.52251e-16 -0.105127 0.994459 
vn -2.33507e-16 -0.212031 0.977263 
vn -2.68038e-16 0.00300918 0.999995 
vn -2.52251e-16 -0.105127 0.994459 
vn -2.80682e-16 0.11111 0.993808 
vn -2.68038e-16 0.00300918 0.999995 
vn -2.90035e-16 0.217908 0.975969 
vn -2.80682e-16 0.11111 0.993808 
vn -2.95988e-16 0.322152 0.946688 
vn -2.90035e-16 0.217908 0.975969 
vn -2.98471e-16 0.422618 0.906308 
vn -2.95988e-16 0.322152 0.946688 
vn -2.97454e-16 0.51813 0.855302 
vn -2.98471e-16 0.422618 0.906308 
vn -2.9295e-16 0.607567 0.794268 
vn -2.97454e-16 0.51813 0.855302 
vn -2.85012e-16 0.689881 0.723923 
vn -2.9295e-16 0.607567 0.794268 
vn -2.73732e-16 0.764107 0.64509 
vn -2.85012e-16 0.689881 0.723923 
vn -2.59243e-16 0.829374 0.558694 
vn -2.73732e-16 0.764107 0.64509 
vn -2.41714e-16 0.884918 0.465748 
vn -2.59243e-16 0.829374 0.558694 
vn -2.21351e-16 0.930086 0.367341 
vn -2.41714e-16 0.884918 0.465748 
vn -1.98394e-16 0.964351 0.264628 
vn -2.21351e-16 0.930086 0.367341 
vn -1.7311e-16 0.987309 0.158812 
vn -1.98394e-16 0.964351 0.264628 
vn -1.45797e-16 0.998692 0.0511339 
vn -1.7311e-16 0.987309 0.158812 
vn -1.16774e-16 0.998366 -0.0571434 
vn -1.45797e-16 0.998692 0.0511339 
vn -8.63826e-17 0.986335 -0.164751 
vn -1.16774e-16 0.998366 -0.0571434 
vn -5.49782e-17 0.962741 -0.270427 
vn -8.63826e-17 0.986335 -0.164751 
vn -2.29292e-17 0.927859 -0.372932 
vn -5.49782e-17 0.962741 -0.270427 
vn 9.38857e-18 0.882099 -0.471065 
vn -2.29292e-17 0.927859 -0.372932 
vn 4.15963e-17 0.825997 -0.563675 
vn 9.38857e-18 0.882099 -0.471065 
vn 7.33163e-17 0.760211 -0.649677 
vn 4.15963e-17 0.825997 -0.563675 
vn 1.04177e-16 0.685512 -0.728062 
vn 7.33163e-17 0.760211 -0.649677 
vn 1.33816e-16 0.602776 -0.797911 
vn 1.04177e-16 0.685512 -0.728062 
vn 1.61886e-16 0.512973 -0.858405 
vn 1.33816e-16 0.602776 -0.797911 
vn 1.88058e-16 0.417156 -0.908835 
vn 1.61886e-16 0.512973 -0.858405 
vn 2.12026e-16 0.316448 -0.94861 
vn 1.88058e-16 0.417156 -0.908835 
vn 2.33507e-16 0.212031 -0.977263 
vn 2.12026e-16 0.316448 -0.94861 
vn 2.52251e-16 0.105127 -0.994459 
vn 2.33507e-16 0.212031 -0.977263 
vn 2.68038e-16 -0.00300918 -0.999995 
vn 2.52251e-16 0.105127 -0.994459 
vn 2.80682e-16 -0.11111 -0.993808 
vn 2.68038e-16 -0.00300918 -0.999995 
vn 2.90035e-16 -0.217908 -0.975969 
vn 2.80682e-16 -0.11111 -0.993808 
vn 2.95988e-16 -0.322152 -0.946688 
vn 2.90035e-16 -0.217908 -0.975969 
vn -1 -1.11022e-16 -2.77556e-16 
vn 2.97454e-16 -0.51813 -0.855302 
vn 2.98471e-16 -0.422618 -0.906308 
vn 2.9295e-16 -0.607567 -0.794268 
vn 2.97454e-16 -0.51813 -0.855302 
vn 2.85012e-16 -0.689881 -0.723923 
vn 2.9295e-16 -0.607567 -0.794268 
vn 2.73732e-16 -0.764107 -0.64509 
vn 2.85012e-16 -0.689881 -0.723923 
vn 2.59243e-16 -0.829374 -0.558694 
vn 2.73732e-16 -0.764107 -0.64509 
vn 2.41714e-16 -0.884918 -0.465748 
vn 2.59243e-16 -0.829374 -0.558694 
vn 2.21351e-16 -0.930086 -0.367341 
vn 2.41714e-16 -0.884918 -0.465748 
vn 1.98394e-16 -0.964351 -0.264628 
vn 2.21351e-16 -0.930086 -0.367341 
vn 1.7311e-16 -0.987309 -0.158812 
vn 1.98394e-16 -0.964351 -0.264628 
vn 1.45797e-16 -0.998692 -0.0511339 
vn 1.7311e-16 -0.987309 -0.158812 
vn 1.16774e-16 -0.998366 0.0571434 
vn 1.45797e-16 -0.998692 -0.0511339 
vn 8.63826e-17 -0.986335 0.164751 
vn 1.16774e-16 -0.998366 0.0571434 
vn 5.49782e-17 -0.962741 0.270427 
vn 8.63826e-17 -0.986335 0.164751 
vn 2.29292e-17 -0.927859 0.372932 
vn 5.49782e-17 -0.962741 0.270427 
vn -9.38857e-18 -0.882099 0.471065 
vn 2.29292e-17 -0.927859 0.372932 
vn -4.15963e-17 -0.825997 0.563675 
vn -9.38857e-18 -0.882099 0.471065 
vn -7.33163e-17 -0.760211 0.649677 
vn -4.15963e-17 -0.825997 0.563675 
vn -1.04177e-16 -0.685512 0.728062 
vn -7.33163e-17 -0.760211 0.649677 
vn -1.33816e-16 -0.602776 0.797911 
vn -1.04177e-16 -0.685512 0.728062 
vn -1.61886e-16 -0.512973 0.858405 
vn -1.33816e-16 -0.602776 0.797911 
vn -1.88058e-16 -0.417156 0.908835 
vn -1.61886e-16 -0.512973 0.858405 
vn -2.12026e-16 -0.316448 0.94861 
vn -1.88058e-16 -0.417156 0.908835 
vn -2.33507e-16 -0.212031 0.977263 
vn -2.12026e-16 -0.316448 0.94861 
vn -2.52251e-16 -0.105127 0.994459 
vn -2.33507e-16 -0.212031 0.977263 
vn -2.68038e-16 0.00300918 0.999995 
vn -2.52251e-16 -0.105127 0.994459 
vn -2.80682e-16 0.11111 0.993808 
vn -2.68038e-16 0.00300918 0.999995 
vn -2.90035e-16 0.217908 0.975969 
vn -2.80682e-16 0.11111 0.993808 
vn -2.95988e-16 0.322152 0.946688 
vn -2.90035e-16 0.217908 0.975969 
vn -2.98471e-16 0.422618 0.906308 
vn -2.95988e-16 0.322152 0.946688 
vn -2.97454e-16 0.51813 0.855302 
vn -2.98471e-16 0.422618 0.906308 
vn -2.9295e-16 0.607567 0.794268 
vn -2.97454e-16 0.51813 0.855302 
vn -2.85012e-16 0.689881 0.723923 
vn -2.9295e-16 0.607567 0.794268 
vn -2.73732e-16 0.764107 0.64509 
vn -2.85012e-16 0.689881 0.723923 
vn -2.59243e-16 0.829374 0.558694 
vn -2.73732e-16 0.764107 0.64509 
vn -2.41714e-16 0.884918 0.465748 
vn -2.59243e-16 0.829374 0.558694 
vn -2.21351e-16 0.930086 0.367341 
vn -2.41714e-16 0.884918 0.465748 
vn -1.98394e-16 0.964351 0.264628 
vn -2.21351e-16 0.930086 0.367341 
vn -1.7311e-16 0.987309 0.158812 
vn -1.98394e-16 0.964351 0.264628 
vn -1.45797e-16 0.998692 0.0511339 
vn -1.7311e-16 0.987309 0.158812 
vn -1.16774e-16 0.998366 -0.0571434 
vn -1.45797e-16 0.998692 0.0511339 
vn -8.63826e-17 0.986335 -0.164751 
vn -1.16774e-16 0.998366 -0.0571434 
vn -5.49782e-17 0.962741 -0.270427 
vn -8.63826e-17 0.986335 -0.164751 
vn -2.29292e-17 0.927859 -0.372932 
vn -5.49782e-17 0.962741 -0.270427 
vn 9.38857e-18 0.882099 -0.471065 
vn -2.29292e-17 0.927859 -0.372932 
vn 4.15963e-17 0.825997 -0.563675 
vn 9.38857e-18 0.882099 -0.471065 
vn 7.33163e-17 0.760211 -0.649677 
vn 4.15963e-17 0.825997 -0.563675 
vn 1.04177e-16 0.685512 -0.728062 
vn 7.33163e-17 0.760211 -0.649677 
vn 1.33816e-16 0.602776 -0.797911 
vn 1.04177e-16 0.685512 -0.728062 
vn 1.61886e-16 0.512973 -0.858405 
vn 1.33816e-16 0.602776 -0.797911 
vn 1.88058e-16 0.417156 -0.908835 
vn 1.61886e-16 0.512973 -0.858405 
vn 2.12026e-16 0.316448 -0.94861 
vn 1.88058e-16 0.417156 -0.908835 
vn 2.33507e-16 0.212031 -0.977263 
vn 2.12026e-16 0.316448 -0.94861 
vn 2.52251e-16 0.105127 -0.994459 
vn 2.33507e-16 0.212031 -0.977263 
vn 2.68038e-16 -0.00300918 -0.999995 
vn 2.52251e-16 0.105127 -0.994459 
vn 2.80682e-16 -0.11111 -0.993808 
vn 2.68038e-16 -0.00300918 -0.999995 
vn 2.90035e-16 -0.217908 -0.975969 
vn 2.80682e-16 -0.11111 -0.993808 
vn 2.95988e-16 -0.322152 -0.946688 
vn 2.90035e-16 -0.217908 -0.975969 
vn -1 -1.11022e-16 -2.77556e-16 
vn 0.762162 0.586731 -0.273597 
vn 0.687699 0.657975 -0.306819 
vn 0.827689 0.508608 -0.237168 
vn 0.762162 0.586731 -0.273597 
vn 0.883512 0.424522 -0.197958 
vn 0.827689 0.508608 -0.237168 
vn 0.928977 0.335459 -0.156427 
vn 0.883512 0.424522 -0.197958 
vn 0.96355 0.242463 -0.113062 
vn 0.928977 0.335459 -0.156427 
vn 0.986827 0.146624 -0.068372 
vn 0.96355 0.242463 -0.113062 
vn 0.998533 0.0490665 -0.0228801 
vn 0.986827 0.146624 -0.068372 
vn 0.998533 -0.0490665 0.0228801 
vn 0.998533 0.0490665 -0.0228801 
vn 0.986827 -0.146624 0.068372 
vn 0.998533 -0.0490665 0.0228801 
vn 0.96355 -0.242463 0.113062 
vn 0.986827 -0.146624 0.068372 
vn 0.928977 -0.335459 0.156427 
vn 0.96355 -0.242463 0.113062 
vn 0.883512 -0.424522 0.197958 
vn 0.928977 -0.335459 0.156427 
vn 0.827689 -0.508608 0.237168 
vn 0.883512 -0.424522 0.197958 
vn 0.762162 -0.586731 0.273597 
vn 0.827689 -0.508608 0.237168 
vn 0.687699 -0.657975 0.306819 
vn 0.762162 -0.586731 0.273597 
vn -0.762162 -0.586731 0.273597 
vn -0.687699 -0.657975 0.306819 
vn -0.827689 -0.508608 0.237168 
vn -0.762162 -0.586731 0.273597 
vn -0.883512 -0.424522 0.197958 
vn -0.827689 -0.508608 0.237168 
vn -0.928977 -0.335459 0.156427 
vn -0.883512 -0.424522 0.197958 
vn -0.96355 -0.242463 0.113062 
vn -0.928977 -0.335459 0.156427 
vn -0.986827 -0.146624 0.068372 
vn -0.96355 -0.242463 0.113062 
vn -0.998533 -0.0490665 0.0228801 
vn -0.986827 -0.146624 0.068372 
vn -0.998533 0.0490665 -0.0228801 
vn -0.998533 -0.0490665 0.0228801 
vn -0.986827 0.146624 -0.068372 
vn -0.998533 0.0490665 -0.0228801 
vn -0.96355 0.242463 -0.113062 
vn -0.986827 0.146624 -0.068372 
vn -0.928977 0.335459 -0.156427 
vn -0.96355 0.242463 -0.113062 
vn -0.883512 0.424522 -0.197958 
vn -0.928977 0.335459 -0.156427 
vn -0.827689 0.508608 -0.237168 
vn -0.883512 0.424522 -0.197958 
vn -0.762162 0.586731 -0.273597 
vn -0.827689 0.508608 -0.237168 
vn -0.687699 0.657975 -0.306819 
vn -0.762162 0.586731 -0.273597 
vn -0.605174 -0.721505 0.336443 
vn -0.631769 -0.702531 0.327595 
vn -0.619273 -0.711611 0.331829 
vn -0.64236 -0.694597 0.323896 
vn -0.65108 -0.687896 0.320771 
vn -0.657861 -0.682576 0.31829 
vn -0.662759 -0.678673 0.316471 
vn -0.665681 -0.67632 0.315373 
vn -0.666667 -0.675522 0.315001 
vn -0.515554 -0.776576 0.362123 
vn -0.571238 -0.743883 0.346878 
vn -0.530729 -0.768134 0.358187 
vn -0.605174 -0.721505 0.336443 
vn -0.605038 -0.721599 0.336487 
vn -0.419889 -0.822543 0.383558 
vn -0.483997 -0.793082 0.36982 
vn -0.431591 -0.817553 0.381231 
vn -0.515556 -0.776575 0.362123 
vn -0.419894 -0.822541 0.383557 
vn -0.374125 -0.84049 0.391927 
vn -0.319302 -0.858865 0.400496 
vn -0.21497 -0.885119 0.412738 
vn -0.280046 -0.870043 0.405708 
vn -0.246759 -0.878282 0.40955 
vn -0.312215 -0.861003 0.401492 
vn -0.319302 -0.858865 0.400496 
vn -0.108119 -0.900995 0.420141 
vn -0.178352 -0.891777 0.415842 
vn -0.143439 -0.896936 0.418248 
vn -0.21497 -0.885119 0.412738 
vn -0.107854 -0.901021 0.420153 
vn -0.0721817 -0.903944 0.421516 
vn -0.108119 -0.900995 0.420141 
vn -1.15684e-16 -0.906308 0.422618 
vn -0.0360926 -0.905717 0.422343 
vn 0.108119 -0.900995 0.420141 
vn 0.0721956 -0.903943 0.421515 
vn 0.107855 -0.901021 0.420153 
vn 0.0360926 -0.905717 0.422343 
vn -1.15684e-16 -0.906308 0.422618 
vn 0.21497 -0.885119 0.412738 
vn 0.108119 -0.900995 0.420141 
vn 0.143452 -0.896934 0.418247 
vn 0.178352 -0.891777 0.415842 
vn 0.319302 -0.858865 0.400496 
vn 0.280106 -0.870028 0.405701 
vn 0.312272 -0.860986 0.401484 
vn 0.21497 -0.885119 0.412738 
vn 0.246759 -0.878282 0.40955 
vn 0.419889 -0.822543 0.383558 
vn 0.319302 -0.858865 0.400496 
vn 0.374125 -0.84049 0.391927 
vn 0.515554 -0.776576 0.362123 
vn 0.419894 -0.822541 0.383557 
vn 0.431591 -0.817553 0.381231 
vn 0.483997 -0.793082 0.36982 
vn 0.605174 -0.721505 0.336443 
vn 0.571238 -0.743883 0.346878 
vn 0.60505 -0.721591 0.336483 
vn 0.515556 -0.776575 0.362123 
vn 0.530729 -0.768134 0.358187 
vn 0.687699 -0.657975 0.306819 
vn 0.657871 -0.682568 0.318287 
vn 0.605174 -0.721505 0.336443 
vn 0.6193 -0.711592 0.331821 
vn 0.631769 -0.702531 0.327595 
vn 0.642356 -0.6946 0.323897 
vn 0.65108 -0.687896 0.320771 
vn 0.662759 -0.678673 0.316471 
vn 0.665678 -0.676322 0.315374 
vn 0.605174 0.721505 -0.336443 
vn 0.631769 0.702531 -0.327595 
vn 0.619271 0.711612 -0.33183 
vn 0.642358 0.694599 -0.323897 
vn 0.65108 0.687896 -0.320771 
vn 0.657859 0.682577 -0.318291 
vn 0.662759 0.678673 -0.316471 
vn 0.665683 0.676319 -0.315373 
vn 0.666667 0.675522 -0.315001 
vn 0.515554 0.776576 -0.362123 
vn 0.571238 0.743883 -0.346878 
vn 0.530729 0.768134 -0.358187 
vn 0.605174 0.721505 -0.336443 
vn 0.605038 0.721599 -0.336487 
vn 0.419889 0.822543 -0.383558 
vn 0.483997 0.793082 -0.36982 
vn 0.431591 0.817553 -0.381231 
vn 0.515556 0.776575 -0.362123 
vn 0.419894 0.822541 -0.383557 
vn 0.374125 0.84049 -0.391927 
vn 0.319302 0.858865 -0.400496 
vn 0.21497 0.885119 -0.412738 
vn 0.280046 0.870043 -0.405708 
vn 0.246759 0.878282 -0.40955 
vn 0.312215 0.861003 -0.401492 
vn 0.319302 0.858865 -0.400496 
vn 0.108119 0.900995 -0.420141 
vn 0.178352 0.891777 -0.415842 
vn 0.143456 0.896934 -0.418247 
vn 0.21497 0.885119 -0.412738 
vn 0.107854 0.901021 -0.420153 
vn 0.072199 0.903943 -0.421515 
vn 0.108119 0.900995 -0.420141 
vn 2.38149e-16 0.906308 -0.422618 
vn 0.0360926 0.905717 -0.422343 
vn -0.108119 0.900995 -0.420141 
vn -0.0721825 0.903944 -0.421516 
vn -0.107855 0.901021 -0.420153 
vn -0.0360926 0.905717 -0.422343 
vn -6.78027e-18 0.906308 -0.422618 
vn -0.21497 0.885119 -0.412738 
vn -0.108119 0.900995 -0.420141 
vn -0.14344 0.896936 -0.418248 
vn -0.178352 0.891777 -0.415842 
vn -0.319302 0.858865 -0.400496 
vn -0.280106 0.870028 -0.405701 
vn -0.312272 0.860986 -0.401484 
vn -0.21497 0.885119 -0.412738 
vn -0.246759 0.878282 -0.40955 
vn -0.419889 0.822543 -0.383558 
vn -0.319302 0.858865 -0.400496 
vn -0.374125 0.84049 -0.391927 
vn -0.515554 0.776576 -0.362123 
vn -0.419894 0.822541 -0.383557 
vn -0.431591 0.817553 -0.381231 
vn -0.483997 0.793082 -0.36982 
vn -0.605174 0.721505 -0.336443 
vn -0.571238 0.743883 -0.346878 
vn -0.60505 0.721591 -0.336483 
vn -0.515556 0.776575 -0.362123 
vn -0.530729 0.768134 -0.358187 
vn -0.687699 0.657975 -0.306819 
vn -0.657871 0.682568 -0.318287 
vn -0.605174 0.721505 -0.336443 
vn -0.6193 0.711592 -0.331821 
vn -0.631769 0.702531 -0.327595 
vn -0.642356 0.6946 -0.323897 
vn -0.65108 0.687896 -0.320771 
vn -0.662759 0.678673 -0.316471 
vn -0.665678 0.676322 -0.315374 
vn -0.666667 0.675522 -0.315001 
vn 0.666667 -0.675522 0.315001 
vn 2.98471e-16 -0.422618 -0.906308 
vn 2.97454e-16 -0.51813 -0.855302 
vn 2.9295e-16 -0.607567 -0.794268 
vn 2.85012e-16 -0.689881 -0.723923 
vn 2.73732e-16 -0.764107 -0.64509 
vn 2.59243e-16 -0.829374 -0.558694 
vn 2.41714e-16 -0.884918 -0.465748 
vn 2.21351e-16 -0.930086 -0.367341 
vn -2.33507e-16 -0.212031 0.977263 
vn -2.12026e-16 -0.316448 0.94861 
vn -2.52251e-16 -0.105127 0.994459 
vn -2.33507e-16 -0.212031 0.977263 
vn -2.68038e-16 0.00300918 0.999995 
vn -2.52251e-16 -0.105127 0.994459 
vn -2.80682e-16 0.11111 0.993808 
vn -2.68038e-16 0.00300918 0.999995 
vn -2.90035e-16 0.217908 0.975969 
vn -2.80682e-16 0.11111 0.993808 
vn -2.95988e-16 0.322152 0.946688 
vn -2.90035e-16 0.217908 0.975969 
vn -2.98471e-16 0.422618 0.906308 
vn -2.95988e-16 0.322152 0.946688 
vn -2.97454e-16 0.51813 0.855302 
vn -2.98471e-16 0.422618 0.906308 
vn -2.9295e-16 0.607567 0.794268 
vn -2.97454e-16 0.51813 0.855302 
vn -2.85012e-16 0.689881 0.723923 
vn -2.9295e-16 0.607567 0.794268 
vn -2.73732e-16 0.764107 0.64509 
vn -2.85012e-16 0.689881 0.723923 
vn -2.59243e-16 0.829374 0.558694 
vn -2.73732e-16 0.764107 0.64509 
vn -2.41714e-16 0.884918 0.465748 
vn -2.59243e-16 0.829374 0.558694 
vn -2.21351e-16 0.930086 0.367341 
vn -2.41714e-16 0.884918 0.465748 
vn 2.33507e-16 0.212031 -0.977263 
vn 2.12026e-16 0.316448 -0.94861 
vn 2.52251e-16 0.105127 -0.994459 
vn 2.33507e-16 0.212031 -0.977263 
vn 2.68038e-16 -0.00300918 -0.999995 
vn 2.52251e-16 0.105127 -0.994459 
vn 2.80682e-16 -0.11111 -0.993808 
vn 2.68038e-16 -0.00300918 -0.999995 
vn 2.90035e-16 -0.217908 -0.975969 
vn 2.80682e-16 -0.11111 -0.993808 
vn 2.95988e-16 -0.322152 -0.946688 
vn 2.90035e-16 -0.217908 -0.975969 
vn -1.88058e-16 -0.417156 0.908835 
vn -1.91253e-16 -0.404524 0.914528 
vn -1.93629e-16 -0.394981 0.918689 
vn -1.9273e-16 -0.398606 0.917122 
vn -1.93927e-16 -0.393776 0.919206 
vn -1.61886e-16 -0.512973 0.858405 
vn -1.79525e-16 -0.449844 0.893107 
vn -1.75167e-16 -0.465975 0.884798 
vn -1.83289e-16 -0.435609 0.900136 
vn -1.70322e-16 -0.483486 0.875352 
vn -1.88058e-16 -0.417156 0.908835 
vn -1.86383e-16 -0.423693 0.905806 
vn -1.33816e-16 -0.602776 0.797911 
vn -1.59039e-16 -0.522646 0.85255 
vn -1.45816e-16 -0.565861 0.824501 
vn -1.61886e-16 -0.512975 0.858404 
vn -1.04177e-16 -0.685512 0.728062 
vn -1.30813e-16 -0.61169 0.791097 
vn -1.14214e-16 -0.658768 0.752346 
vn -1.33815e-16 -0.602779 0.797908 
vn -7.33163e-17 -0.760211 0.649677 
vn -8.67821e-17 -0.728968 0.684548 
vn -7.70406e-17 -0.751773 0.659422 
vn -9.61362e-17 -0.706044 0.708168 
vn -1.04177e-16 -0.685512 0.728062 
vn -7.33163e-17 -0.760211 0.649677 
vn -5.691e-17 -0.795574 0.605856 
vn -4.15963e-17 -0.825997 0.563675 
vn -9.38857e-18 -0.882099 0.471065 
vn -2.54654e-17 -0.855414 0.517945 
vn -1.4751e-17 -0.873488 0.486845 
vn -4.15963e-17 -0.825997 0.563675 
vn -3.60479e-17 -0.836416 0.548095 
vn 2.29292e-17 -0.927859 0.372932 
vn 6.67992e-18 -0.906166 0.422923 
vn 1.48453e-17 -0.9174 0.397967 
vn -9.38857e-18 -0.882099 0.471065 
vn -4.03977e-18 -0.890398 0.455182 
vn 5.49782e-17 -0.962741 0.270427 
vn 3.89505e-17 -0.946622 0.322345 
vn 4.94852e-17 -0.957519 0.288369 
vn 2.29292e-17 -0.927859 0.372932 
vn 2.82655e-17 -0.9344 0.356227 
vn 8.63826e-17 -0.986335 0.164751 
vn 5.49782e-17 -0.962741 0.270427 
vn 7.01597e-17 -0.975498 0.220009 
vn 1.16774e-16 -0.998366 0.0571434 
vn 8.63826e-17 -0.986335 0.164751 
vn 9.00295e-17 -0.988361 0.152126 
vn 9.96808e-17 -0.992973 0.118344 
vn 1.08952e-16 -0.996349 0.0853714 
vn 1.45797e-16 -0.998692 -0.0511339 
vn 1.16774e-16 -0.998366 0.0571452 
vn 1.26622e-16 -0.999778 0.0210471 
vn 1.42865e-16 -0.999203 -0.0399258 
vn 1.7311e-16 -0.987309 -0.158812 
vn 1.45796e-16 -0.998692 -0.0511302 
vn 1.57495e-16 -0.995333 -0.096504 
vn 1.70349e-16 -0.989041 -0.147638 
vn 1.98394e-16 -0.964351 -0.264628 
vn 1.93797e-16 -0.969553 -0.244882 
vn 1.96924e-16 -0.966068 -0.258288 
vn 1.81281e-16 -0.981338 -0.192293 
vn 1.85973e-16 -0.97731 -0.211815 
vn 1.90172e-16 -0.973314 -0.229478 
vn 1.7311e-16 -0.987309 -0.15881 
vn 2.01466e-16 -0.960592 -0.277964 
vn 2.02887e-16 -0.958773 -0.284173 
vn 2.03748e-16 -0.957646 -0.287949 
vn 2.21351e-16 -0.930086 -0.367341 
vn 1.98394e-16 -0.964351 -0.264628 
vn 1.88058e-16 0.417156 -0.908835 
vn 1.91253e-16 0.404524 -0.914528 
vn 1.93629e-16 0.394981 -0.918689 
vn 1.9273e-16 0.398608 -0.917122 
vn 1.93927e-16 0.393776 -0.919206 
vn 1.61886e-16 0.512973 -0.858405 
vn 1.79525e-16 0.449844 -0.893107 
vn 1.75166e-16 0.465978 -0.884796 
vn 1.83293e-16 0.435595 -0.900143 
vn 1.70322e-16 0.483486 -0.875352 
vn 1.88058e-16 0.417156 -0.908835 
vn 1.86383e-16 0.423692 -0.905806 
vn 1.33816e-16 0.602776 -0.797911 
vn 1.59039e-16 0.522646 -0.85255 
vn 1.45816e-16 0.565861 -0.824501 
vn 1.61886e-16 0.512975 -0.858404 
vn 1.04177e-16 0.685512 -0.728062 
vn 1.30813e-16 0.61169 -0.791097 
vn 1.14214e-16 0.658768 -0.752346 
vn 1.33815e-16 0.602779 -0.797908 
vn 7.33163e-17 0.760211 -0.649677 
vn 8.6782e-17 0.728968 -0.684548 
vn 7.70406e-17 0.751773 -0.659422 
vn 1.04177e-16 0.685512 -0.728062 
vn 9.61362e-17 0.706044 -0.708168 
vn 7.33163e-17 0.760211 -0.649677 
vn 5.691e-17 0.795574 -0.605856 
vn 4.15963e-17 0.825997 -0.563675 
vn 9.38857e-18 0.882099 -0.471065 
vn 2.54703e-17 0.855406 -0.517959 
vn 1.4751e-17 0.873488 -0.486845 
vn 4.15963e-17 0.825997 -0.563675 
vn 3.60479e-17 0.836416 -0.548095 
vn 9.38857e-18 0.882099 -0.471065 
vn -6.78027e-18 0.906308 -0.422618 
vn -2.29292e-17 0.927859 -0.372932 
vn -5.49782e-17 0.962741 -0.270427 
vn -3.89468e-17 0.946618 -0.322357 
vn -4.94852e-17 0.957519 -0.288369 
vn -2.29292e-17 0.927859 -0.372932 
vn -2.82655e-17 0.9344 -0.356227 
vn -8.63826e-17 0.986335 -0.164751 
vn -5.49782e-17 0.962741 -0.270427 
vn -7.01597e-17 0.975498 -0.220009 
vn -1.16774e-16 0.998366 -0.0571434 
vn -8.63826e-17 0.986335 -0.164751 
vn -9.00295e-17 0.988361 -0.152126 
vn -9.96808e-17 0.992973 -0.118344 
vn -1.08952e-16 0.996349 -0.0853714 
vn -1.45797e-16 0.998692 0.0511339 
vn -1.16774e-16 0.998366 -0.0571452 
vn -1.26622e-16 0.999778 -0.0210471 
vn -1.42865e-16 0.999203 0.0399258 
vn -1.7311e-16 0.987309 0.158812 
vn -1.45796e-16 0.998692 0.0511302 
vn -1.57495e-16 0.995333 0.096504 
vn -1.70349e-16 0.989041 0.147638 
vn -1.98394e-16 0.964351 0.264628 
vn -1.93797e-16 0.969553 0.244882 
vn -1.96924e-16 0.966068 0.258288 
vn -1.81281e-16 0.981338 0.192293 
vn -1.85973e-16 0.97731 0.211815 
vn -1.90172e-16 0.973314 0.229478 
vn -1.7311e-16 0.987309 0.15881 
vn -2.01466e-16 0.960592 0.277964 
vn -2.02887e-16 0.958773 0.284173 
vn -2.03748e-16 0.957646 0.287949 
vn -2.21351e-16 0.930086 0.367341 
vn -1.98394e-16 0.964351 0.264628 
vn -2.04034e-16 0.957267 0.289204 
vn 2.04034e-16 -0.957267 -0.289204 
vn -1 -1.11022e-16 -2.77556e-16 
vn 6.78027e-18 -0.906308 0.422618 
vn 0.994138 -0.0456931 -0.0979891 
vn 0.994139 -0.0456889 -0.0979801 
vn 0.996697 -0.0343201 -0.0735998 
vn 0.976621 -0.0908504 -0.194829 
vn 0.986811 -0.068411 -0.146708 
vn 0.947653 -0.134943 -0.289385 
vn 0.970108 -0.102558 -0.219936 
vn 0.907575 -0.177453 -0.380549 
vn 0.91595 -0.169594 -0.363695 
vn 0.907579 -0.177449 -0.380541 
vn 0.856857 -0.217882 -0.46725 
vn 0.883417 -0.198034 -0.424685 
vn 0.796093 -0.255758 -0.548474 
vn 0.831367 -0.234859 -0.503657 
vn 0.725995 -0.290634 -0.623267 
vn 0.647386 -0.322104 -0.690753 
vn 0.711108 -0.297136 -0.637209 
vn 0.561187 -0.349796 -0.750141 
vn 0.468408 -0.373388 -0.800734 
vn 0.538631 -0.356074 -0.763602 
vn 0.370138 -0.392603 -0.841939 
vn 0.420057 -0.383525 -0.822472 
vn 0.267528 -0.407214 -0.873273 
vn 0.319654 -0.400445 -0.858758 
vn 0.161782 -0.417051 -0.894369 
vn 0.238757 -0.410396 -0.880097 
vn 0.0541389 -0.421998 -0.904979 
vn 0.108327 -0.420131 -0.900974 
vn -0.0541389 -0.421998 -0.904979 
vn -0.161782 -0.417051 -0.894369 
vn -0.267528 -0.407214 -0.873273 
vn -0.370138 -0.392603 -0.841939 
vn -0.468408 -0.373388 -0.800734 
vn -0.561187 -0.349796 -0.750141 
vn -0.647386 -0.322104 -0.690753 
vn -0.725995 -0.290634 -0.623267 
vn -0.796093 -0.255758 -0.548474 
vn -0.856857 -0.217882 -0.46725 
vn -0.907575 -0.177453 -0.380549 
vn -0.947653 -0.134943 -0.289385 
vn -0.976621 -0.0908504 -0.194829 
vn -0.994138 -0.0456931 -0.0979891 
vn -1 -1.62778e-16 -3.88546e-16 
vn -0.994138 0.0456931 0.0979891 
vn -0.976621 0.0908504 0.194829 
vn -0.947653 0.134943 0.289385 
vn -0.907575 0.177453 0.380549 
vn -0.856857 0.217882 0.46725 
vn -0.796093 0.255758 0.548474 
vn -0.725995 0.290634 0.623267 
vn 0.994138 0.0456931 0.0979891 
vn 0.99852 0.0229865 0.0492947 
vn 0.996697 0.0343201 0.0735998 
vn 0.994138 0.0456931 0.0979891 
vn 0.986814 0.068403 0.146691 
vn 0.976621 0.0908504 0.194829 
vn 0.947653 0.134943 0.289385 
vn 0.970108 0.102558 0.219936 
vn 0.976618 0.0908545 0.194838 
vn 0.907575 0.177453 0.380549 
vn 0.947653 0.134943 0.289385 
vn 0.91595 0.169594 0.363695 
vn 0.907575 0.177453 0.380549 
vn 0.883462 0.197998 0.424609 
vn 0.856857 0.217882 0.46725 
vn 0.796093 0.255758 0.548474 
vn 0.856855 0.217884 0.467254 
vn 0.831712 0.234641 0.503189 
vn 0.725995 0.290634 0.623267 
vn 0.796093 0.255758 0.548474 
vn 0.647386 0.322104 0.690753 
vn 0.725995 0.290634 0.623267 
vn 0.711108 0.297136 0.637209 
vn 0.561187 0.349796 0.750141 
vn 0.647386 0.322104 0.690753 
vn 0.468408 0.373388 0.800734 
vn 0.561187 0.349796 0.750141 
vn 0.538631 0.356074 0.763602 
vn 0.370138 0.392603 0.841939 
vn 0.468408 0.373388 0.800734 
vn 0.42015 0.383507 0.822433 
vn 0.267528 0.407214 0.873273 
vn 0.370138 0.392603 0.841939 
vn 0.31959 0.400454 0.858777 
vn 0.161782 0.417051 0.894369 
vn 0.267519 0.407215 0.873275 
vn 0.238757 0.410396 0.880097 
vn 0.0541389 0.421998 0.904979 
vn 0.161782 0.417051 0.894369 
vn 0.108422 0.420127 0.900965 
vn 0.561187 -0.349796 -0.750141 
vn 0.647386 -0.322104 -0.690753 
vn 0.468408 -0.373388 -0.800734 
vn 0.561187 -0.349796 -0.750141 
vn 0.538631 -0.356074 -0.763602 
vn 0.370138 -0.392603 -0.841939 
vn 0.468408 -0.373388 -0.800734 
vn 0.420159 -0.383505 -0.822429 
vn 0.267528 -0.407214 -0.873273 
vn 0.370138 -0.392603 -0.841939 
vn 0.319536 -0.400462 -0.858794 
vn 0.161782 -0.417051 -0.894369 
vn 0.267519 -0.407215 -0.873275 
vn 0.238757 -0.410396 -0.880097 
vn 0.0541389 -0.421998 -0.904979 
vn 0.161782 -0.417051 -0.894369 
vn 0.108438 -0.420126 -0.900963 
vn -8.43859e-17 -0.422618 -0.906308 
vn -0.0541389 -0.421998 -0.904979 
vn 0.0541389 -0.421998 -0.904979 
vn 0.725995 -0.290634 -0.623267 
vn 0.796093 -0.255758 -0.548474 
vn 0.856857 -0.217882 -0.46725 
vn 0.856855 -0.217884 -0.467254 
vn 0.831712 -0.234641 -0.503189 
vn 0.907575 -0.177453 -0.380549 
vn 0.883462 -0.197998 -0.424608 
vn 0.947653 -0.134943 -0.289385 
vn 0.91595 -0.169594 -0.363695 
vn 0.976621 -0.0908504 -0.194829 
vn 0.976618 -0.0908545 -0.194838 
vn 0.970108 -0.102558 -0.219936 
vn 0.994138 -0.0456931 -0.0979891 
vn 0.98681 -0.0684133 -0.146713 
vn 1 2.14534e-16 4.99537e-16 
vn 0.996697 -0.0343201 -0.0735998 
vn 0.994138 0.0456931 0.0979891 
vn 0.994139 0.0456889 0.0979801 
vn 0.996697 0.0343201 0.0735998 
vn 0.976621 0.0908504 0.194829 
vn 0.986814 0.0684031 0.146691 
vn 0.947653 0.134943 0.289385 
vn 0.970108 0.102558 0.219936 
vn 0.907575 0.177453 0.380549 
vn 0.907579 0.177449 0.380541 
vn 0.91595 0.169594 0.363695 
vn 0.856857 0.217882 0.46725 
vn 0.883417 0.198034 0.424685 
vn 0.796093 0.255758 0.548474 
vn 0.831367 0.234859 0.503657 
vn 0.725995 0.290634 0.623267 
vn 0.647386 0.322104 0.690753 
vn 0.711108 0.297136 0.637209 
vn 0.561187 0.349796 0.750141 
vn 0.468408 0.373388 0.800734 
vn 0.538631 0.356074 0.763602 
vn 0.370138 0.392603 0.841939 
vn 0.420057 0.383525 0.822472 
vn 0.267528 0.407214 0.873273 
vn 0.319654 0.400445 0.858758 
vn 0.161782 0.417051 0.894369 
vn 0.238757 0.410396 0.880097 
vn 0.0541389 0.421998 0.904979 
vn 0.108327 0.420131 0.900974 
vn -0.0541389 0.421998 0.904979 
vn -4.82168e-16 0.422618 0.906308 
vn 0.0541389 0.421998 0.904979 
vn -0.161782 0.417051 0.894369 
vn -0.267528 0.407214 0.873273 
vn -0.370138 0.392603 0.841939 
vn -0.468408 0.373388 0.800734 
vn -0.561187 0.349796 0.750141 
vn -0.647386 0.322104 0.690753 
vn -0.707107 0.298836 0.640856 
vn 0.707107 -0.298836 -0.640856 
vn 0.725995 -0.290634 -0.623267 
vn 0.711108 -0.297136 -0.637209 
vn 0.707107 -0.298836 -0.640856 
vn -0.707107 0.298836 0.640856 
vn 0.999178 -0.0171347 -0.0367454 
vn 0.707107 -0.298836 -0.640856 
vn 0.779413 -0.264775 -0.567811 
vn 0.842582 -0.227609 -0.488108 
vn 0.895872 -0.187774 -0.402683 
vn 0.938659 -0.145738 -0.312537 
vn 0.970441 -0.101994 -0.218726 
vn 0.990846 -0.0570535 -0.122352 
vn 0.999633 -0.0114442 -0.0245423 
vn 0.996701 0.0342992 0.0735548 
vn 0.982084 0.0796404 0.170789 
vn 0.955952 0.124048 0.266022 
vn 0.918613 0.167001 0.358135 
vn 0.870504 0.207996 0.44605 
vn 0.812189 0.246553 0.528735 
vn 0.744352 0.282219 0.605221 
vn 0.667788 0.314577 0.674612 
vn 0.583395 0.343246 0.736093 
vn 0.492162 0.367891 0.788944 
vn 0.395159 0.388223 0.832546 
vn 0.293523 0.404003 0.866387 
vn 0.188445 0.415046 0.89007 
vn 0.0811587 0.421224 0.903318 
vn -0.0270794 0.422463 0.905975 
vn -0.135 0.418749 0.898011 
vn -0.241338 0.410126 0.879518 
vn -0.344846 0.396695 0.850714 
vn -0.444312 0.378612 0.811936 
vn -0.538568 0.356091 0.763639 
vn -0.62651 0.329394 0.706388 
vn -0.707107 0.298836 0.640856 
vn 0.707107 -0.298836 -0.640856 
vn 0.779413 -0.264775 -0.567811 
vn 0.842582 -0.227609 -0.488108 
vn 0.895872 -0.187774 -0.402683 
vn 0.938659 -0.145738 -0.312537 
vn 0.970441 -0.101994 -0.218726 
vn 0.990846 -0.0570535 -0.122352 
vn 0.999633 -0.0114442 -0.0245423 
vn 0.996701 0.0342992 0.0735548 
vn 0.982084 0.0796404 0.170789 
vn 0.955952 0.124048 0.266022 
vn 0.918613 0.167001 0.358135 
vn 0.870504 0.207996 0.44605 
vn 0.812189 0.246553 0.528735 
vn 0.744352 0.282219 0.605221 
vn 0.667788 0.314577 0.674612 
vn 0.583395 0.343246 0.736093 
vn 0.492162 0.367891 0.788944 
vn 0.395159 0.388223 0.832546 
vn 0.293523 0.404003 0.866387 
vn 0.188445 0.415046 0.89007 
vn 0.0811587 0.421224 0.903318 
vn -0.0270794 0.422463 0.905975 
vn -0.135 0.418749 0.898011 
vn -0.241338 0.410126 0.879518 
vn -0.344846 0.396695 0.850714 
vn -0.444312 0.378612 0.811936 
vn -0.538568 0.356091 0.763639 
vn -0.62651 0.329394 0.706388 
vn -0.707107 0.298836 0.640856 
vn 0.707107 -0.298836 -0.640856 
vn 0.779413 -0.264775 -0.567811 
vn 0.842582 -0.227609 -0.488108 
vn 0.895872 -0.187774 -0.402683 
vn 0.938659 -0.145738 -0.312537 
vn 0.970441 -0.101994 -0.218726 
vn 0.990846 -0.0570535 -0.122352 
vn 0.999633 -0.0114442 -0.0245423 
vn 0.996701 0.0342992 0.0735548 
vn 0.982084 0.0796404 0.170789 
vn 0.955952 0.124048 0.266022 
vn 0.918613 0.167001 0.358135 
vn 0.870504 0.207996 0.44605 
vn 0.812189 0.246553 0.528735 
vn 0.744352 0.282219 0.605221 
vn 0.667788 0.314577 0.674612 
vn 0.583395 0.343246 0.736093 
vn 0.492162 0.367891 0.788944 
vn 0.395159 0.388223 0.832546 
vn 0.293523 0.404003 0.866387 
vn 0.188445 0.415046 0.89007 
vn 0.0811587 0.421224 0.903318 
vn -0.0270794 0.422463 0.905975 
vn -0.135 0.418749 0.898011 
vn -0.241338 0.410126 0.879518 
vn -0.344846 0.396695 0.850714 
vn -0.444312 0.378612 0.811936 
vn -0.538568 0.356091 0.763639 
vn -0.62651 0.329394 0.706388 
vn -0.707107 0.298836 0.640856 
vn 0.707107 -0.298836 -0.640856 
vn 0.779413 -0.264775 -0.567811 
vn 0.842582 -0.227609 -0.488108 
vn 0.895872 -0.187774 -0.402683 
vn 0.938659 -0.145738 -0.312537 
vn 0.970441 -0.101994 -0.218726 
vn 0.990846 -0.0570535 -0.122352 
vn 0.999633 -0.0114442 -0.0245423 
vn 0.996701 0.0342992 0.0735548 
vn 0.982084 0.0796404 0.170789 
vn 0.955952 0.124048 0.266022 
vn 0.918613 0.167001 0.358135 
vn 0.870504 0.207996 0.44605 
vn 0.812189 0.246553 0.528735 
vn 0.744352 0.282219 0.605221 
vn 0.667788 0.314577 0.674612 
vn 0.583395 0.343246 0.736093 
vn 0.492162 0.367891 0.788944 
vn 0.395159 0.388223 0.832546 
vn 0.293523 0.404003 0.866387 
vn 0.188445 0.415046 0.89007 
vn 0.0811587 0.421224 0.903318 
vn -0.0270794 0.422463 0.905975 
vn -0.135 0.418749 0.898011 
vn -0.241338 0.410126 0.879518 
vn -0.344846 0.396695 0.850714 
vn -0.444312 0.378612 0.811936 
vn -0.538568 0.356091 0.763639 
vn -0.62651 0.329394 0.706388 
vn -0.707107 0.298836 0.640856 
vn 0.707107 -0.298836 -0.640856 
vn 0.779413 -0.264775 -0.567811 
vn 0.842582 -0.227609 -0.488108 
vn 0.895872 -0.187774 -0.402683 
vn 0.938659 -0.145738 -0.312537 
vn 0.970441 -0.101994 -0.218726 
vn 0.990846 -0.0570535 -0.122352 
vn 0.999633 -0.0114442 -0.0245423 
vn 0.996701 0.0342992 0.0735548 
vn 0.982084 0.0796404 0.170789 
vn 0.955952 0.124048 0.266022 
vn 0.918613 0.167001 0.358135 
vn 0.870504 0.207996 0.44605 
vn 0.812189 0.246553 0.528735 
vn 0.744352 0.282219 0.605221 
vn 0.667788 0.314577 0.674612 
vn 0.583395 0.343246 0.736093 
vn 0.492162 0.367891 0.788944 
vn 0.395159 0.388223 0.832546 
vn 0.293523 0.404003 0.866387 
vn 0.188445 0.415046 0.89007 
vn 0.0811587 0.421224 0.903318 
vn -0.0270794 0.422463 0.905975 
vn -0.135 0.418749 0.898011 
vn -0.241338 0.410126 0.879518 
vn -0.344846 0.396695 0.850714 
vn -0.444312 0.378612 0.811936 
vn -0.538568 0.356091 0.763639 
vn -0.62651 0.329394 0.706388 
vn -0.707107 0.298836 0.640856 
vn 0.707107 -0.298836 -0.640856 
vn 0.779413 -0.264775 -0.567811 
vn 0.842582 -0.227609 -0.488108 
vn 0.895872 -0.187774 -0.402683 
vn 0.938659 -0.145738 -0.312537 
vn 0.970441 -0.101994 -0.218726 
vn 0.990846 -0.0570535 -0.122352 
vn 0.999633 -0.0114442 -0.0245423 
vn 0.996701 0.0342992 0.0735548 
vn 0.982084 0.0796404 0.170789 
vn 0.955952 0.124048 0.266022 
vn 0.918613 0.167001 0.358135 
vn 0.870504 0.207996 0.44605 
vn 0.812189 0.246553 0.528735 
vn 0.744352 0.282219 0.605221 
vn 0.667788 0.314577 0.674612 
vn 0.583395 0.343246 0.736093 
vn 0.492162 0.367891 0.788944 
vn 0.395159 0.388223 0.832546 
vn 0.293523 0.404003 0.866387 
vn 0.188445 0.415046 0.89007 
vn 0.0811587 0.421224 0.903318 
vn -0.0270794 0.422463 0.905975 
vn -0.135 0.418749 0.898011 
vn -0.241338 0.410126 0.879518 
vn -0.344846 0.396695 0.850714 
vn -0.444312 0.378612 0.811936 
vn -0.538568 0.356091 0.763639 
vn -0.62651 0.329394 0.706388 
vn -0.707107 0.298836 0.640856 
vn 0.707107 -0.298836 -0.640856 
vn 0.62651 -0.329394 -0.706388 
vn 0.538568 -0.356091 -0.763639 
vn 0.444312 -0.378612 -0.811936 
vn 0.344846 -0.396695 -0.850714 
vn 0.241338 -0.410126 -0.879518 
vn 0.135 -0.418749 -0.898011 
vn 0.0270794 -0.422463 -0.905975 
vn -0.0811587 -0.421224 -0.903318 
vn -0.188445 -0.415046 -0.89007 
vn -0.293523 -0.404003 -0.866387 
vn -0.395159 -0.388223 -0.832546 
vn -0.492162 -0.367891 -0.788944 
vn -0.583395 -0.343246 -0.736093 
vn -0.667788 -0.314577 -0.674612 
vn -0.744352 -0.282219 -0.605221 
vn -0.812189 -0.246553 -0.528735 
vn -0.870504 -0.207996 -0.44605 
vn -0.918613 -0.167001 -0.358135 
vn -0.955952 -0.124048 -0.266022 
vn -0.982084 -0.0796404 -0.170789 
vn -0.996701 -0.0342992 -0.0735548 
vn -0.999633 0.0114442 0.0245423 
vn -0.990846 0.0570535 0.122352 
vn -0.970441 0.101994 0.218726 
vn -0.938659 0.145738 0.312537 
vn -0.895872 0.187774 0.402683 
vn -0.842582 0.227609 0.488108 
vn -0.779413 0.264775 0.567811 
vn -0.707107 0.298836 0.640856 
vn 0.707107 -0.298836 -0.640856 
vn 0.62651 -0.329394 -0.706388 
vn 0.538568 -0.356091 -0.763639 
vn 0.444312 -0.378612 -0.811936 
vn 0.344846 -0.396695 -0.850714 
vn 0.241338 -0.410126 -0.879518 
vn 0.135 -0.418749 -0.898011 
vn 0.0270794 -0.422463 -0.905975 
vn -0.0811587 -0.421224 -0.903318 
vn -0.188445 -0.415046 -0.89007 
vn -0.293523 -0.404003 -0.866387 
vn -0.395159 -0.388223 -0.832546 
vn -0.492162 -0.367891 -0.788944 
vn -0.583395 -0.343246 -0.736093 
vn -0.667788 -0.314577 -0.674612 
vn -0.744352 -0.282219 -0.605221 
vn -0.812189 -0.246553 -0.528735 
vn -0.870504 -0.207996 -0.44605 
vn -0.918613 -0.167001 -0.358135 
vn -0.955952 -0.124048 -0.266022 
vn -0.982084 -0.0796404 -0.170789 
vn -0.996701 -0.0342992 -0.0735548 
vn -0.999633 0.0114442 0.0245423 
vn -0.990846 0.0570535 0.122352 
vn -0.970441 0.101994 0.218726 
vn -0.938659 0.145738 0.312537 
vn -0.895872 0.187774 0.402683 
vn -0.842582 0.227609 0.488108 
vn -0.779413 0.264775 0.567811 
vn -0.707107 0.298836 0.640856 
vn 0.707107 -0.298836 -0.640856 
vn 0.62651 -0.329394 -0.706388 
vn 0.538568 -0.356091 -0.763639 
vn 0.444312 -0.378612 -0.811936 
vn 0.344846 -0.396695 -0.850714 
vn 0.241338 -0.410126 -0.879518 
vn 0.135 -0.418749 -0.898011 
vn 0.0270794 -0.422463 -0.905975 
vn -0.0811587 -0.421224 -0.903318 
vn -0.188445 -0.415046 -0.89007 
vn -0.293523 -0.404003 -0.866387 
vn -0.395159 -0.388223 -0.832546 
vn -0.492162 -0.367891 -0.788944 
vn -0.583395 -0.343246 -0.736093 
vn -0.667788 -0.314577 -0.674612 
vn -0.744352 -0.282219 -0.605221 
vn -0.812189 -0.246553 -0.528735 
vn -0.870504 -0.207996 -0.44605 
vn -0.918613 -0.167001 -0.358135 
vn -0.955952 -0.124048 -0.266022 
vn -0.982084 -0.0796404 -0.170789 
vn -0.996701 -0.0342992 -0.0735548 
vn -0.999633 0.0114442 0.0245423 
vn -0.990846 0.0570535 0.122352 
vn -0.970441 0.101994 0.218726 
vn -0.938659 0.145738 0.312537 
vn -0.895872 0.187774 0.402683 
vn -0.842582 0.227609 0.488108 
vn -0.779413 0.264775 0.567811 
vn -0.707107 0.298836 0.640856 
vn 0.707107 -0.298836 -0.640856 
vn 0.62651 -0.329394 -0.706388 
vn 0.538568 -0.356091 -0.763639 
vn 0.444312 -0.378612 -0.811936 
vn 0.344846 -0.396695 -0.850714 
vn 0.241338 -0.410126 -0.879518 
vn 0.135 -0.418749 -0.898011 
vn 0.0270794 -0.422463 -0.905975 
vn -0.0811587 -0.421224 -0.903318 
vn -0.188445 -0.415046 -0.89007 
vn -0.293523 -0.404003 -0.866387 
vn -0.395159 -0.388223 -0.832546 
vn -0.492162 -0.367891 -0.788944 
vn -0.583395 -0.343246 -0.736093 
vn -0.667788 -0.314577 -0.674612 
vn -0.744352 -0.282219 -0.605221 
vn -0.812189 -0.246553 -0.528735 
vn -0.870504 -0.207996 -0.44605 
vn -0.918613 -0.167001 -0.358135 
vn -0.955952 -0.124048 -0.266022 
vn -0.982084 -0.0796404 -0.170789 
vn -0.996701 -0.0342992 -0.0735548 
vn -0.999633 0.0114442 0.0245423 
vn -0.990846 0.0570535 0.122352 
vn -0.970441 0.101994 0.218726 
vn -0.938659 0.145738 0.312537 
vn -0.895872 0.187774 0.402683 
vn -0.842582 0.227609 0.488108 
vn -0.779413 0.264775 0.567811 
vn -0.707107 0.298836 0.640856 
vn 0.707107 -0.298836 -0.640856 
vn 0.62651 -0.329394 -0.706388 
vn 0.538568 -0.356091 -0.763639 
vn 0.444312 -0.378612 -0.811936 
vn 0.344846 -0.396695 -0.850714 
vn 0.241338 -0.410126 -0.879518 
vn 0.135 -0.418749 -0.898011 
vn 0.0270794 -0.422463 -0.905975 
vn -0.0811587 -0.421224 -0.903318 
vn -0.188445 -0.415046 -0.89007 
vn -0.293523 -0.404003 -0.866387 
vn -0.395159 -0.388223 -0.832546 
vn -0.492162 -0.367891 -0.788944 
vn -0.583395 -0.343246 -0.736093 
vn -0.667788 -0.314577 -0.674612 
vn -0.744352 -0.282219 -0.605221 
vn -0.812189 -0.246553 -0.528735 
vn -0.870504 -0.207996 -0.44605 
vn -0.918613 -0.167001 -0.358135 
vn -0.955952 -0.124048 -0.266022 
vn -0.982084 -0.0796404 -0.170789 
vn -0.996701 -0.0342992 -0.0735548 
vn -0.999633 0.0114442 0.0245423 
vn -0.990846 0.0570535 0.122352 
vn -0.970441 0.101994 0.218726 
vn -0.938659 0.145738 0.312537 
vn -0.895872 0.187774 0.402683 
vn -0.842582 0.227609 0.488108 
vn -0.779413 0.264775 0.567811 
vn -0.707107 0.298836 0.640856 
vn 0.707107 -0.298836 -0.640856 
vn 6.78027e-18 -0.906308 0.422618 
vn -0.707107 0.298836 0.640856 
vn 0.62651 -0.329394 -0.706388 
vn 0.707107 -0.298836 -0.640856 
vn 0.538568 -0.356091 -0.763639 
vn 0.62651 -0.329394 -0.706388 
vn 0.444312 -0.378612 -0.811936 
vn 0.538568 -0.356091 -0.763639 
vn 0.344846 -0.396695 -0.850714 
vn 0.444312 -0.378612 -0.811936 
vn 0.241338 -0.410126 -0.879518 
vn 0.344846 -0.396695 -0.850714 
vn 0.135 -0.418749 -0.898011 
vn 0.241338 -0.410126 -0.879518 
vn 0.0270794 -0.422463 -0.905975 
vn 0.135 -0.418749 -0.898011 
vn -0.0811587 -0.421224 -0.903318 
vn 0.0270794 -0.422463 -0.905975 
vn -0.188445 -0.415046 -0.89007 
vn -0.0811587 -0.421224 -0.903318 
vn -0.293523 -0.404003 -0.866387 
vn -0.188445 -0.415046 -0.89007 
vn -0.395159 -0.388223 -0.832546 
vn -0.293523 -0.404003 -0.866387 
vn -0.492162 -0.367891 -0.788944 
vn -0.395159 -0.388223 -0.832546 
vn -0.583395 -0.343246 -0.736093 
vn -0.492162 -0.367891 -0.788944 
vn -0.667788 -0.314577 -0.674612 
vn -0.583395 -0.343246 -0.736093 
vn -0.744352 -0.282219 -0.605221 
vn -0.667788 -0.314577 -0.674612 
vn -0.812189 -0.246553 -0.528735 
vn -0.744352 -0.282219 -0.605221 
vn -0.870504 -0.207996 -0.44605 
vn -0.812189 -0.246553 -0.528735 
vn -0.918613 -0.167001 -0.358135 
vn -0.870504 -0.207996 -0.44605 
vn -0.955952 -0.124048 -0.266022 
vn -0.918613 -0.167001 -0.358135 
vn -0.982084 -0.0796404 -0.170789 
vn -0.955952 -0.124048 -0.266022 
vn -0.996701 -0.0342992 -0.0735548 
vn -0.982084 -0.0796404 -0.170789 
vn -0.999633 0.0114442 0.0245423 
vn -0.996701 -0.0342992 -0.0735548 
vn -0.990846 0.0570535 0.122352 
vn -0.999633 0.0114442 0.0245423 
vn -0.970441 0.101994 0.218726 
vn -0.990846 0.0570535 0.122352 
vn -0.938659 0.145738 0.312537 
vn -0.970441 0.101994 0.218726 
vn -0.895872 0.187774 0.402683 
vn -0.938659 0.145738 0.312537 
vn -0.842582 0.227609 0.488108 
vn -0.895872 0.187774 0.402683 
vn -0.779413 0.264775 0.567811 
vn -0.842582 0.227609 0.488108 
vn -0.707107 0.298836 0.640856 
vn -0.779413 0.264775 0.567811 
vn 6.78027e-18 -0.906308 0.422618 
vn 0.796093 -0.255758 -0.548474 
vn 0.725995 -0.290634 -0.623267 
vn 0.856857 -0.217882 -0.46725 
vn 0.796093 -0.255758 -0.548474 
vn 0.907575 -0.177453 -0.380549 
vn 0.856857 -0.217882 -0.46725 
vn 0.947653 -0.134943 -0.289385 
vn 0.907575 -0.177453 -0.380549 
vn 0.976621 -0.0908504 -0.194829 
vn 0.947653 -0.134943 -0.289385 
vn 0.994138 -0.0456931 -0.0979891 
vn 0.976621 -0.0908504 -0.194829 
vn 1 2.14534e-16 4.99537e-16 
vn -0.647386 0.322104 0.690753 
vn -0.630242 0.32812 0.703656 
vn -0.561187 0.349796 0.750141 
vn -0.478952 0.370992 0.795594 
vn -0.468408 0.373388 0.800734 
vn -0.561187 0.349796 0.750141 
vn -0.420158 0.383505 0.82243 
vn -0.370138 0.392603 0.841939 
vn -0.322456 0.400044 0.857897 
vn -0.267528 0.407214 0.873273 
vn -0.162179 0.417023 0.894309 
vn -0.161782 0.417051 0.894369 
vn -0.21516 0.41272 0.885081 
vn -0.267528 0.407214 0.873273 
vn -0.161782 0.417051 0.894369 
vn -0.108274 0.420134 0.90098 
vn -0.0541389 0.421998 0.904979 
vn -4.82168e-16 0.422618 0.906308 
vn 0.0541389 0.421998 0.904979 
vn 0.161782 0.417051 0.894369 
vn 0.108298 0.420133 0.900977 
vn 0.267528 0.407214 0.873273 
vn 0.162179 0.417023 0.89431 
vn 0.215183 0.412718 0.885076 
vn 0.161782 0.417051 0.894369 
vn 0.370138 0.392603 0.841939 
vn 0.267528 0.407214 0.873273 
vn 0.322456 0.400044 0.857897 
vn 0.468408 0.373388 0.800734 
vn 0.370138 0.392603 0.841939 
vn 0.42007 0.383523 0.822467 
vn 0.561187 0.349796 0.750141 
vn 0.468414 0.373387 0.800731 
vn 0.478952 0.370992 0.795594 
vn 0.647386 0.322104 0.690753 
vn 0.561187 0.349796 0.750141 
vn 0.630242 0.32812 0.703656 
vn 0.725995 0.290634 0.623267 
vn 0.647386 0.322104 0.690753 
vn 0.796093 0.255758 0.548474 
vn 0.725995 0.290634 0.623267 
vn 0.774084 0.267552 0.573768 
vn 0.856857 0.217882 0.46725 
vn 0.796093 0.255758 0.548474 
vn 0.907575 0.177453 0.380549 
vn 0.856857 0.217882 0.46725 
vn 0.947653 0.134943 0.289385 
vn 0.907576 0.177452 0.380548 
vn 0.907761 0.177283 0.380184 
vn 0.928907 0.156502 0.335619 
vn 0.976621 0.0908504 0.194829 
vn 0.947653 0.134943 0.289385 
vn 0.963537 0.113082 0.242505 
vn 0.994138 0.0456931 0.0979891 
vn 0.976621 0.0908504 0.194829 
vn 0.986789 0.0684686 0.146831 
vn 0.994138 0.0456931 0.0979891 
vn 0.998524 0.0229544 0.0492258 
vn 1 2.14534e-16 4.99537e-16 
vn 0.998517 0.0230043 0.049333 
vn 0.994138 0.0456931 0.0979891 
vn 0.986807 0.0684231 0.146734 
vn 0.976621 0.0908504 0.194829 
vn 0.963534 0.113087 0.242517 
vn 0.947653 0.134943 0.289385 
vn 0.907771 0.177274 0.380165 
vn 0.907575 0.177453 0.380549 
vn 0.92895 0.156456 0.33552 
vn 0.856857 0.217882 0.46725 
vn 0.796093 0.255758 0.548474 
vn 0.774084 0.267552 0.573768 
vn 0.725995 0.290634 0.623267 
vn 0.647386 0.322104 0.690753 
vn 0.630242 0.32812 0.703656 
vn 0.561187 0.349796 0.750141 
vn 0.478952 0.370992 0.795594 
vn 0.468408 0.373388 0.800734 
vn 0.370138 0.392603 0.841939 
vn 0.420158 0.383505 0.82243 
vn 0.468408 0.373388 0.800734 
vn 0.267528 0.407214 0.873273 
vn 0.322456 0.400044 0.857897 
vn 0.370138 0.392603 0.841939 
vn 0.161782 0.417051 0.894369 
vn 0.215179 0.412718 0.885077 
vn 0.162179 0.417023 0.894309 
vn 0.267528 0.407214 0.873273 
vn 0.161782 0.417051 0.894369 
vn 0.108293 0.420133 0.900978 
vn 0.0541389 0.421998 0.904979 
vn -0.161782 0.417051 0.894369 
vn -0.0541389 0.421998 0.904979 
vn -0.108272 0.420134 0.90098 
vn -0.162179 0.417023 0.89431 
vn -0.215159 0.41272 0.885081 
vn -0.267528 0.407214 0.873273 
vn -0.161782 0.417051 0.894369 
vn -0.322456 0.400044 0.857897 
vn -0.370138 0.392603 0.841939 
vn -0.420069 0.383523 0.822467 
vn -0.468408 0.373388 0.800734 
vn -0.561187 0.349796 0.750141 
vn -0.478952 0.370992 0.795594 
vn -0.468414 0.373387 0.800731 
vn -0.647386 0.322104 0.690753 
vn -0.561187 0.349796 0.750141 
vn -0.630242 0.32812 0.703656 
vn -0.725995 0.290634 0.623267 
vn -0.647386 0.322104 0.690753 
vn -0.796093 0.255758 0.548474 
vn -0.725995 0.290634 0.623267 
vn -0.774084 0.267552 0.573768 
vn -0.856857 0.217882 0.46725 
vn -0.796093 0.255758 0.548474 
vn -0.907575 0.177453 0.380549 
vn -0.856857 0.217882 0.46725 
vn -0.947653 0.134943 0.289385 
vn -0.907576 0.177452 0.380548 
vn -0.907761 0.177283 0.380184 
vn -0.92891 0.156498 0.335611 
vn -0.976621 0.0908504 0.194829 
vn -0.947653 0.134943 0.289385 
vn -0.963539 0.113078 0.242498 
vn -0.994138 0.0456931 0.0979891 
vn -0.976621 0.0908504 0.194829 
vn -0.986791 0.0684627 0.146819 
vn -1 -1.62778e-16 -3.88546e-16 
vn -0.994138 0.0456931 0.0979891 
vn -0.998522 0.0229678 0.0492547 
vn -0.725995 0.290634 0.623267 
vn -0.707107 0.298836 0.640856 
vn -0.796093 0.255758 0.548474 
vn -0.774084 0.267552 0.573768 
vn -0.856857 0.217882 0.46725 
vn -0.907575 0.177453 0.380549 
vn -0.947653 0.134943 0.289385 
vn -0.907771 0.177274 0.380165 
vn -0.92895 0.156456 0.33552 
vn -0.976621 0.0908504 0.194829 
vn -0.963534 0.113087 0.242517 
vn -0.994138 0.0456931 0.0979891 
vn -0.986807 0.0684231 0.146734 
vn -1 -1.11022e-16 -2.77556e-16 
vn -0.998517 0.0230043 0.049333 
vn -0.994138 -0.0456931 -0.0979891 
vn -1 -8.17541e-15 -1.75717e-14 
vn -0.976621 -0.0908504 -0.194829 
vn -0.947653 -0.134943 -0.289385 
vn -0.907575 -0.177453 -0.380549 
vn -0.856857 -0.217882 -0.46725 
vn -0.796093 -0.255758 -0.548474 
vn -0.725995 -0.290634 -0.623267 
vn -0.647386 -0.322104 -0.690753 
vn -0.561187 -0.349796 -0.750141 
vn -0.468408 -0.373388 -0.800734 
vn -0.370138 -0.392603 -0.841939 
vn -0.267528 -0.407214 -0.873273 
vn -0.161782 -0.417051 -0.894369 
vn -0.0541389 -0.421998 -0.904979 
vn 0.0541389 -0.421998 -0.904979 
vn 0.161782 -0.417051 -0.894369 
vn 0.267528 -0.407214 -0.873273 
vn 0.370138 -0.392603 -0.841939 
vn 0.468408 -0.373388 -0.800734 
vn 0.561187 -0.349796 -0.750141 
vn 0.647386 -0.322104 -0.690753 
vn 0.707107 -0.298836 -0.640856 
vn -4.82168e-16 0.422618 0.906308 
vn 0.0541389 0.421998 0.904979 
vn 6.78027e-18 -0.906308 0.422618 
vn -1 -1.11022e-16 -2.77556e-16 
vn -0.994138 0.0456931 0.0979891 
vn -0.976621 0.0908504 0.194829 
vn -0.947653 0.134943 0.289385 
vn -0.907575 0.177453 0.380549 
vn -0.856857 0.217882 0.46725 
vn -0.796093 0.255758 0.548474 
vn -0.725995 0.290634 0.623267 
vn -0.647386 0.322104 0.690753 
vn -0.561187 0.349796 0.750141 
vn -0.468408 0.373388 0.800734 
vn -0.370138 0.392603 0.841939 
vn -0.267528 0.407214 0.873273 
vn -0.161782 0.417051 0.894369 
vn -0.0541389 0.421998 0.904979 
vn 0.0541389 0.421998 0.904979 
vn 0.161782 0.417051 0.894369 
vn 0.267528 0.407214 0.873273 
vn 0.370138 0.392603 0.841939 
vn 0.468408 0.373388 0.800734 
vn 0.561187 0.349796 0.750141 
vn 0.647386 0.322104 0.690753 
vn 0.725995 0.290634 0.623267 
vn 0.796093 0.255758 0.548474 
vn 0.856857 0.217882 0.46725 
vn 0.907575 0.177453 0.380549 
vn 0.947653 0.134943 0.289385 
vn 0.976621 0.0908504 0.194829 
vn 0.994138 0.0456931 0.0979891 
vn 1 1.62778e-16 3.88546e-16 
vn 0.994138 -0.0456931 -0.0979891 
vn 0.976621 -0.0908504 -0.194829 
vn 0.947653 -0.134943 -0.289385 
vn 0.907575 -0.177453 -0.380549 
vn 0.856857 -0.217882 -0.46725 
vn 0.796093 -0.255758 -0.548474 
vn 0.725995 -0.290634 -0.623267 
vn 0.647386 -0.322104 -0.690753 
vn 0.561187 -0.349796 -0.750141 
vn 0.468408 -0.373388 -0.800734 
vn 0.370138 -0.392603 -0.841939 
vn 0.267528 -0.407214 -0.873273 
vn 0.161782 -0.417051 -0.894369 
vn 0.0541389 -0.421998 -0.904979 
vn -0.0541389 -0.421998 -0.904979 
vn -0.161782 -0.417051 -0.894369 
vn -0.267528 -0.407214 -0.873273 
vn -0.370138 -0.392603 -0.841939 
vn -0.468408 -0.373388 -0.800734 
vn -0.561187 -0.349796 -0.750141 
vn -0.647386 -0.322104 -0.690753 
vn -0.725995 -0.290634 -0.623267 
vn -0.796093 -0.255758 -0.548474 
vn -0.856857 -0.217882 -0.46725 
vn -0.907575 -0.177453 -0.380549 
vn -0.947653 -0.134943 -0.289385 
vn -0.976621 -0.0908504 -0.194829 
vn -0.994138 -0.0456931 -0.0979891 
vn 6.78027e-18 -0.906308 0.422618 
vn 0.994138 0.0456931 0.0979891 
vn 1 1.11022e-16 2.77556e-16 
vn 0.976621 0.0908504 0.194829 
vn 0.994138 0.0456931 0.0979891 
vn 0.947653 0.134943 0.289385 
vn 0.976621 0.0908504 0.194829 
vn 0.907575 0.177453 0.380549 
vn 0.947653 0.134943 0.289385 
vn 0.856857 0.217882 0.46725 
vn 0.907575 0.177453 0.380549 
vn 0.796093 0.255758 0.548474 
vn 0.856857 0.217882 0.46725 
vn 0.725995 0.290634 0.623267 
vn 0.796093 0.255758 0.548474 
vn 0.647386 0.322104 0.690753 
vn 0.725995 0.290634 0.623267 
vn 0.561187 0.349796 0.750141 
vn 0.647386 0.322104 0.690753 
vn 0.468408 0.373388 0.800734 
vn 0.561187 0.349796 0.750141 
vn 0.370138 0.392603 0.841939 
vn 0.468408 0.373388 0.800734 
vn 0.267528 0.407214 0.873273 
vn 0.370138 0.392603 0.841939 
vn 0.161782 0.417051 0.894369 
vn 0.267528 0.407214 0.873273 
vn 0.0541389 0.421998 0.904979 
vn 0.161782 0.417051 0.894369 
vn -0.0541389 0.421998 0.904979 
vn 0.0541389 0.421998 0.904979 
vn -0.161782 0.417051 0.894369 
vn -0.0541389 0.421998 0.904979 
vn -0.267528 0.407214 0.873273 
vn -0.161782 0.417051 0.894369 
vn -0.370138 0.392603 0.841939 
vn -0.267528 0.407214 0.873273 
vn -0.468408 0.373388 0.800734 
vn -0.370138 0.392603 0.841939 
vn -0.561187 0.349796 0.750141 
vn -0.468408 0.373388 0.800734 
vn -0.647386 0.322104 0.690753 
vn -0.561187 0.349796 0.750141 
vn -0.725995 0.290634 0.623267 
vn -0.647386 0.322104 0.690753 
vn -0.796093 0.255758 0.548474 
vn -0.725995 0.290634 0.623267 
vn -0.856857 0.217882 0.46725 
vn -0.796093 0.255758 0.548474 
vn -0.907575 0.177453 0.380549 
vn -0.856857 0.217882 0.46725 
vn -0.947653 0.134943 0.289385 
vn -0.907575 0.177453 0.380549 
vn -0.976621 0.0908504 0.194829 
vn -0.947653 0.134943 0.289385 
vn -0.994138 0.0456931 0.0979891 
vn -0.976621 0.0908504 0.194829 
vn -1 -1.62778e-16 -3.88546e-16 
vn -0.994138 0.0456931 0.0979891 
vn -0.994138 -0.0456931 -0.0979891 
vn -1 -1.62778e-16 -3.88546e-16 
vn -0.976621 -0.0908504 -0.194829 
vn -0.994138 -0.0456931 -0.0979891 
vn -0.947653 -0.134943 -0.289385 
vn -0.976621 -0.0908504 -0.194829 
vn -0.907575 -0.177453 -0.380549 
vn -0.947653 -0.134943 -0.289385 
vn -0.856857 -0.217882 -0.46725 
vn -0.907575 -0.177453 -0.380549 
vn -0.796093 -0.255758 -0.548474 
vn -0.856857 -0.217882 -0.46725 
vn -0.725995 -0.290634 -0.623267 
vn -0.796093 -0.255758 -0.548474 
vn -0.647386 -0.322104 -0.690753 
vn -0.725995 -0.290634 -0.623267 
vn -0.561187 -0.349796 -0.750141 
vn -0.647386 -0.322104 -0.690753 
vn -0.468408 -0.373388 -0.800734 
vn -0.561187 -0.349796 -0.750141 
vn -0.370138 -0.392603 -0.841939 
vn -0.468408 -0.373388 -0.800734 
vn -0.267528 -0.407214 -0.873273 
vn -0.370138 -0.392603 -0.841939 
vn -0.161782 -0.417051 -0.894369 
vn -0.267528 -0.407214 -0.873273 
vn -0.0541389 -0.421998 -0.904979 
vn -0.161782 -0.417051 -0.894369 
vn 0.0541389 -0.421998 -0.904979 
vn -0.0541389 -0.421998 -0.904979 
vn 0.161782 -0.417051 -0.894369 
vn 0.0541389 -0.421998 -0.904979 
vn 0.267528 -0.407214 -0.873273 
vn 0.161782 -0.417051 -0.894369 
vn 0.370138 -0.392603 -0.841939 
vn 0.267528 -0.407214 -0.873273 
vn 0.468408 -0.373388 -0.800734 
vn 0.370138 -0.392603 -0.841939 
vn 0.561187 -0.349796 -0.750141 
vn 0.468408 -0.373388 -0.800734 
vn 0.647386 -0.322104 -0.690753 
vn 0.561187 -0.349796 -0.750141 
vn 0.725995 -0.290634 -0.623267 
vn 0.647386 -0.322104 -0.690753 
vn 0.796093 -0.255758 -0.548474 
vn 0.725995 -0.290634 -0.623267 
vn 0.856857 -0.217882 -0.46725 
vn 0.796093 -0.255758 -0.548474 
vn 0.907575 -0.177453 -0.380549 
vn 0.856857 -0.217882 -0.46725 
vn 0.947653 -0.134943 -0.289385 
vn 0.907575 -0.177453 -0.380549 
vn 0.976621 -0.0908504 -0.194829 
vn 0.947653 -0.134943 -0.289385 
vn 0.994138 -0.0456931 -0.0979891 
vn 0.976621 -0.0908504 -0.194829 
vn 6.78027e-18 -0.906308 0.422618 
vn -1 -1.11022e-16 -2.77556e-16 
vn -0.994138 0.0456931 0.0979891 
vn -0.976621 0.0908504 0.194829 
vn -0.947653 0.134943 0.289385 
vn -0.907575 0.177453 0.380549 
vn -0.856857 0.217882 0.46725 
vn -0.796093 0.255758 0.548474 
vn -0.725995 0.290634 0.623267 
vn -0.647386 0.322104 0.690753 
vn -0.561187 0.349796 0.750141 
vn -0.468408 0.373388 0.800734 
vn -0.370138 0.392603 0.841939 
vn -0.267528 0.407214 0.873273 
vn -0.161782 0.417051 0.894369 
vn -0.0541389 0.421998 0.904979 
vn 0.0541389 0.421998 0.904979 
vn 0.161782 0.417051 0.894369 
vn 0.267528 0.407214 0.873273 
vn 0.370138 0.392603 0.841939 
vn 0.468408 0.373388 0.800734 
vn 0.561187 0.349796 0.750141 
vn 0.647386 0.322104 0.690753 
vn 0.725995 0.290634 0.623267 
vn 0.796093 0.255758 0.548474 
vn 0.856857 0.217882 0.46725 
vn 0.907575 0.177453 0.380549 
vn 0.947653 0.134943 0.289385 
vn 0.976621 0.0908504 0.194829 
vn 0.994138 0.0456931 0.0979891 
vn 1 1.62778e-16 3.88546e-16 
vn 0.994138 -0.0456931 -0.0979891 
vn 0.976621 -0.0908504 -0.194829 
vn 0.947653 -0.134943 -0.289385 
vn 0.907575 -0.177453 -0.380549 
vn 0.856857 -0.217882 -0.46725 
vn 0.796093 -0.255758 -0.548474 
vn 0.725995 -0.290634 -0.623267 
vn 0.647386 -0.322104 -0.690753 
vn 0.561187 -0.349796 -0.750141 
vn 0.468408 -0.373388 -0.800734 
vn 0.370138 -0.392603 -0.841939 
vn 0.267528 -0.407214 -0.873273 
vn 0.161782 -0.417051 -0.894369 
vn 0.0541389 -0.421998 -0.904979 
vn -0.0541389 -0.421998 -0.904979 
vn -0.161782 -0.417051 -0.894369 
vn -0.267528 -0.407214 -0.873273 
vn -0.370138 -0.392603 -0.841939 
vn -0.468408 -0.373388 -0.800734 
vn -0.561187 -0.349796 -0.750141 
vn -0.647386 -0.322104 -0.690753 
vn -0.725995 -0.290634 -0.623267 
vn -0.796093 -0.255758 -0.548474 
vn -0.856857 -0.217882 -0.46725 
vn -0.907575 -0.177453 -0.380549 
vn -0.947653 -0.134943 -0.289385 
vn -0.976621 -0.0908504 -0.194829 
vn -0.994138 -0.0456931 -0.0979891 
vn 6.78027e-18 -0.906308 0.422618 
vn -6.78027e-18 0.906308 -0.422618 
vn -0.994138 0.0456931 0.0979891 
vn -1 -1.11022e-16 -2.77556e-16 
vn -0.976621 0.0908504 0.194829 
vn -0.994138 0.0456931 0.0979891 
vn -0.947653 0.134943 0.289385 
vn -0.976621 0.0908504 0.194829 
vn -0.907575 0.177453 0.380549 
vn -0.947653 0.134943 0.289385 
vn -0.856857 0.217882 0.46725 
vn -0.907575 0.177453 0.380549 
vn -0.796093 0.255758 0.548474 
vn -0.856857 0.217882 0.46725 
vn -0.725995 0.290634 0.623267 
vn -0.796093 0.255758 0.548474 
vn -0.647386 0.322104 0.690753 
vn -0.725995 0.290634 0.623267 
vn -0.561187 0.349796 0.750141 
vn -0.647386 0.322104 0.690753 
vn -0.468408 0.373388 0.800734 
vn -0.561187 0.349796 0.750141 
vn -0.370138 0.392603 0.841939 
vn -0.468408 0.373388 0.800734 
vn -0.267528 0.407214 0.873273 
vn -0.370138 0.392603 0.841939 
vn -0.161782 0.417051 0.894369 
vn -0.267528 0.407214 0.873273 
vn -0.0541389 0.421998 0.904979 
vn -0.161782 0.417051 0.894369 
vn 0.0541389 0.421998 0.904979 
vn -0.0541389 0.421998 0.904979 
vn 0.161782 0.417051 0.894369 
vn 0.0541389 0.421998 0.904979 
vn 0.267528 0.407214 0.873273 
vn 0.161782 0.417051 0.894369 
vn 0.370138 0.392603 0.841939 
vn 0.267528 0.407214 0.873273 
vn 0.468408 0.373388 0.800734 
vn 0.370138 0.392603 0.841939 
vn 0.561187 0.349796 0.750141 
vn 0.468408 0.373388 0.800734 
vn 0.647386 0.322104 0.690753 
vn 0.561187 0.349796 0.750141 
vn 0.725995 0.290634 0.623267 
vn 0.647386 0.322104 0.690753 
vn 0.796093 0.255758 0.548474 
vn 0.725995 0.290634 0.623267 
vn 0.856857 0.217882 0.46725 
vn 0.796093 0.255758 0.548474 
vn 0.907575 0.177453 0.380549 
vn 0.856857 0.217882 0.46725 
vn 0.947653 0.134943 0.289385 
vn 0.907575 0.177453 0.380549 
vn 0.976621 0.0908504 0.194829 
vn 0.947653 0.134943 0.289385 
vn 0.994138 0.0456931 0.0979891 
vn 0.976621 0.0908504 0.194829 
vn 1 5.92665e-17 1.66565e-16 
vn 0.994138 0.0456931 0.0979891 
vn 0.994138 -0.0456931 -0.0979891 
vn 1 5.92665e-17 1.66565e-16 
vn 0.976621 -0.0908504 -0.194829 
vn 0.994138 -0.0456931 -0.0979891 
vn 0.947653 -0.134943 -0.289385 
vn 0.976621 -0.0908504 -0.194829 
vn 0.907575 -0.177453 -0.380549 
vn 0.947653 -0.134943 -0.289385 
vn 0.856857 -0.217882 -0.46725 
vn 0.907575 -0.177453 -0.380549 
vn 0.796093 -0.255758 -0.548474 
vn 0.856857 -0.217882 -0.46725 
vn 0.725995 -0.290634 -0.623267 
vn 0.796093 -0.255758 -0.548474 
vn 0.647386 -0.322104 -0.690753 
vn 0.725995 -0.290634 -0.623267 
vn 0.561187 -0.349796 -0.750141 
vn 0.647386 -0.322104 -0.690753 
vn 0.468408 -0.373388 -0.800734 
vn 0.561187 -0.349796 -0.750141 
vn 0.370138 -0.392603 -0.841939 
vn 0.468408 -0.373388 -0.800734 
vn 0.267528 -0.407214 -0.873273 
vn 0.370138 -0.392603 -0.841939 
vn 0.161782 -0.417051 -0.894369 
vn 0.267528 -0.407214 -0.873273 
vn 0.0541389 -0.421998 -0.904979 
vn 0.161782 -0.417051 -0.894369 
vn -0.0541389 -0.421998 -0.904979 
vn 0.0541389 -0.421998 -0.904979 
vn -0.161782 -0.417051 -0.894369 
vn -0.0541389 -0.421998 -0.904979 
vn -0.267528 -0.407214 -0.873273 
vn -0.161782 -0.417051 -0.894369 
vn -0.370138 -0.392603 -0.841939 
vn -0.267528 -0.407214 -0.873273 
vn -0.468408 -0.373388 -0.800734 
vn -0.370138 -0.392603 -0.841939 
vn -0.561187 -0.349796 -0.750141 
vn -0.468408 -0.373388 -0.800734 
vn -0.647386 -0.322104 -0.690753 
vn -0.561187 -0.349796 -0.750141 
vn -0.725995 -0.290634 -0.623267 
vn -0.647386 -0.322104 -0.690753 
vn -0.796093 -0.255758 -0.548474 
vn -0.725995 -0.290634 -0.623267 
vn -0.856857 -0.217882 -0.46725 
vn -0.796093 -0.255758 -0.548474 
vn -0.907575 -0.177453 -0.380549 
vn -0.856857 -0.217882 -0.46725 
vn -0.947653 -0.134943 -0.289385 
vn -0.907575 -0.177453 -0.380549 
vn -0.976621 -0.0908504 -0.194829 
vn -0.947653 -0.134943 -0.289385 
vn -0.994138 -0.0456931 -0.0979891 
vn -0.976621 -0.0908504 -0.194829 
vn -6.78027e-18 0.906308 -0.422618 
vn -0.994138 0.0456931 0.0979891 
vn -1 -1.11022e-16 -2.77556e-16 
vn -0.976621 0.0908504 0.194829 
vn -0.994138 0.0456931 0.0979891 
vn -0.947653 0.134943 0.289385 
vn -0.976621 0.0908504 0.194829 
vn -0.907575 0.177453 0.380549 
vn -0.947653 0.134943 0.289385 
vn -0.856857 0.217882 0.46725 
vn -0.907575 0.177453 0.380549 
vn -0.796093 0.255758 0.548474 
vn -0.856857 0.217882 0.46725 
vn -0.725995 0.290634 0.623267 
vn -0.796093 0.255758 0.548474 
vn -0.647386 0.322104 0.690753 
vn -0.725995 0.290634 0.623267 
vn -0.561187 0.349796 0.750141 
vn -0.647386 0.322104 0.690753 
vn -0.468408 0.373388 0.800734 
vn -0.561187 0.349796 0.750141 
vn -0.370138 0.392603 0.841939 
vn -0.468408 0.373388 0.800734 
vn -0.267528 0.407214 0.873273 
vn -0.370138 0.392603 0.841939 
vn -0.161782 0.417051 0.894369 
vn -0.267528 0.407214 0.873273 
vn -0.0541389 0.421998 0.904979 
vn -0.161782 0.417051 0.894369 
vn 0.0541389 0.421998 0.904979 
vn -0.0541389 0.421998 0.904979 
vn 0.161782 0.417051 0.894369 
vn 0.0541389 0.421998 0.904979 
vn 0.267528 0.407214 0.873273 
vn 0.161782 0.417051 0.894369 
vn 0.370138 0.392603 0.841939 
vn 0.267528 0.407214 0.873273 
vn 0.468408 0.373388 0.800734 
vn 0.370138 0.392603 0.841939 
vn 0.561187 0.349796 0.750141 
vn 0.468408 0.373388 0.800734 
vn 0.647386 0.322104 0.690753 
vn 0.561187 0.349796 0.750141 
vn 0.725995 0.290634 0.623267 
vn 0.647386 0.322104 0.690753 
vn 0.796093 0.255758 0.548474 
vn 0.725995 0.290634 0.623267 
vn 0.856857 0.217882 0.46725 
vn 0.796093 0.255758 0.548474 
vn 0.907575 0.177453 0.380549 
vn 0.856857 0.217882 0.46725 
vn 0.947653 0.134943 0.289385 
vn 0.907575 0.177453 0.380549 
vn 0.976621 0.0908504 0.194829 
vn 0.947653 0.134943 0.289385 
vn 0.994138 0.0456931 0.0979891 
vn 0.976621 0.0908504 0.194829 
vn 1 5.92665e-17 1.66565e-16 
vn 0.994138 0.0456931 0.0979891 
vn 0.994138 -0.0456931 -0.0979891 
vn 1 5.92665e-17 1.66565e-16 
vn 0.976621 -0.0908504 -0.194829 
vn 0.994138 -0.0456931 -0.0979891 
vn 0.947653 -0.134943 -0.289385 
vn 0.976621 -0.0908504 -0.194829 
vn 0.907575 -0.177453 -0.380549 
vn 0.947653 -0.134943 -0.289385 
vn 0.856857 -0.217882 -0.46725 
vn 0.907575 -0.177453 -0.380549 
vn 0.796093 -0.255758 -0.548474 
vn 0.856857 -0.217882 -0.46725 
vn 0.725995 -0.290634 -0.623267 
vn 0.796093 -0.255758 -0.548474 
vn 0.647386 -0.322104 -0.690753 
vn 0.725995 -0.290634 -0.623267 
vn 0.561187 -0.349796 -0.750141 
vn 0.647386 -0.322104 -0.690753 
vn 0.468408 -0.373388 -0.800734 
vn 0.561187 -0.349796 -0.750141 
vn 0.370138 -0.392603 -0.841939 
vn 0.468408 -0.373388 -0.800734 
vn 0.267528 -0.407214 -0.873273 
vn 0.370138 -0.392603 -0.841939 
vn 0.161782 -0.417051 -0.894369 
vn 0.267528 -0.407214 -0.873273 
vn 0.0541389 -0.421998 -0.904979 
vn 0.161782 -0.417051 -0.894369 
vn -0.0541389 -0.421998 -0.904979 
vn 0.0541389 -0.421998 -0.904979 
vn -0.161782 -0.417051 -0.894369 
vn -0.0541389 -0.421998 -0.904979 
vn -0.267528 -0.407214 -0.873273 
vn -0.161782 -0.417051 -0.894369 
vn -0.370138 -0.392603 -0.841939 
vn -0.267528 -0.407214 -0.873273 
vn -0.468408 -0.373388 -0.800734 
vn -0.370138 -0.392603 -0.841939 
vn -0.561187 -0.349796 -0.750141 
vn -0.468408 -0.373388 -0.800734 
vn -0.647386 -0.322104 -0.690753 
vn -0.561187 -0.349796 -0.750141 
vn -0.725995 -0.290634 -0.623267 
vn -0.647386 -0.322104 -0.690753 
vn -0.796093 -0.255758 -0.548474 
vn -0.725995 -0.290634 -0.623267 
vn -0.856857 -0.217882 -0.46725 
vn -0.796093 -0.255758 -0.548474 
vn -0.907575 -0.177453 -0.380549 
vn -0.856857 -0.217882 -0.46725 
vn -0.947653 -0.134943 -0.289385 
vn -0.907575 -0.177453 -0.380549 
vn -0.976621 -0.0908504 -0.194829 
vn -0.947653 -0.134943 -0.289385 
vn -0.994138 -0.0456931 -0.0979891 
vn -0.976621 -0.0908504 -0.194829 
vn -6.78027e-18 0.906308 -0.422618 
vn -0.994138 0.0456931 0.0979891 
vn -1 -1.11022e-16 -2.77556e-16 
vn -0.976621 0.0908504 0.194829 
vn -0.994138 0.0456931 0.0979891 
vn -0.947653 0.134943 0.289385 
vn -0.976621 0.0908504 0.194829 
vn -0.907575 0.177453 0.380549 
vn -0.947653 0.134943 0.289385 
vn -0.856857 0.217882 0.46725 
vn -0.907575 0.177453 0.380549 
vn -0.796093 0.255758 0.548474 
vn -0.856857 0.217882 0.46725 
vn -0.725995 0.290634 0.623267 
vn -0.796093 0.255758 0.548474 
vn -0.647386 0.322104 0.690753 
vn -0.725995 0.290634 0.623267 
vn -0.561187 0.349796 0.750141 
vn -0.647386 0.322104 0.690753 
vn -0.468408 0.373388 0.800734 
vn -0.561187 0.349796 0.750141 
vn -0.370138 0.392603 0.841939 
vn -0.468408 0.373388 0.800734 
vn -0.267528 0.407214 0.873273 
vn -0.370138 0.392603 0.841939 
vn -0.161782 0.417051 0.894369 
vn -0.267528 0.407214 0.873273 
vn -0.0541389 0.421998 0.904979 
vn -0.161782 0.417051 0.894369 
vn 0.0541389 0.421998 0.904979 
vn -0.0541389 0.421998 0.904979 
vn 0.161782 0.417051 0.894369 
vn 0.0541389 0.421998 0.904979 
vn 0.267528 0.407214 0.873273 
vn 0.161782 0.417051 0.894369 
vn 0.370138 0.392603 0.841939 
vn 0.267528 0.407214 0.873273 
vn 0.468408 0.373388 0.800734 
vn 0.370138 0.392603 0.841939 
vn 0.561187 0.349796 0.750141 
vn 0.468408 0.373388 0.800734 
vn 0.647386 0.322104 0.690753 
vn 0.561187 0.349796 0.750141 
vn 0.725995 0.290634 0.623267 
vn 0.647386 0.322104 0.690753 
vn 0.796093 0.255758 0.548474 
vn 0.725995 0.290634 0.623267 
vn 0.856857 0.217882 0.46725 
vn 0.796093 0.255758 0.548474 
vn 0.907575 0.177453 0.380549 
vn 0.856857 0.217882 0.46725 
vn 0.947653 0.134943 0.289385 
vn 0.907575 0.177453 0.380549 
vn 0.976621 0.0908504 0.194829 
vn 0.947653 0.134943 0.289385 
vn 0.994138 0.0456931 0.0979891 
vn 0.976621 0.0908504 0.194829 
vn 1 5.92665e-17 1.66565e-16 
vn 0.994138 0.0456931 0.0979891 
vn 0.994138 -0.0456931 -0.0979891 
vn 1 5.92665e-17 1.66565e-16 
vn 0.976621 -0.0908504 -0.194829 
vn 0.994138 -0.0456931 -0.0979891 
vn 0.947653 -0.134943 -0.289385 
vn 0.976621 -0.0908504 -0.194829 
vn 0.907575 -0.177453 -0.380549 
vn 0.947653 -0.134943 -0.289385 
vn 0.856857 -0.217882 -0.46725 
vn 0.907575 -0.177453 -0.380549 
vn 0.796093 -0.255758 -0.548474 
vn 0.856857 -0.217882 -0.46725 
vn 0.725995 -0.290634 -0.623267 
vn 0.796093 -0.255758 -0.548474 
vn 0.647386 -0.322104 -0.690753 
vn 0.725995 -0.290634 -0.623267 
vn 0.561187 -0.349796 -0.750141 
vn 0.647386 -0.322104 -0.690753 
vn 0.468408 -0.373388 -0.800734 
vn 0.561187 -0.349796 -0.750141 
vn 0.370138 -0.392603 -0.841939 
vn 0.468408 -0.373388 -0.800734 
vn 0.267528 -0.407214 -0.873273 
vn 0.370138 -0.392603 -0.841939 
vn 0.161782 -0.417051 -0.894369 
vn 0.267528 -0.407214 -0.873273 
vn 0.0541389 -0.421998 -0.904979 
vn 0.161782 -0.417051 -0.894369 
vn -0.0541389 -0.421998 -0.904979 
vn 0.0541389 -0.421998 -0.904979 
vn -0.161782 -0.417051 -0.894369 
vn -0.0541389 -0.421998 -0.904979 
vn -0.267528 -0.407214 -0.873273 
vn -0.161782 -0.417051 -0.894369 
vn -0.370138 -0.392603 -0.841939 
vn -0.267528 -0.407214 -0.873273 
vn -0.468408 -0.373388 -0.800734 
vn -0.370138 -0.392603 -0.841939 
vn -0.561187 -0.349796 -0.750141 
vn -0.468408 -0.373388 -0.800734 
vn -0.647386 -0.322104 -0.690753 
vn -0.561187 -0.349796 -0.750141 
vn -0.725995 -0.290634 -0.623267 
vn -0.647386 -0.322104 -0.690753 
vn -0.796093 -0.255758 -0.548474 
vn -0.725995 -0.290634 -0.623267 
vn -0.856857 -0.217882 -0.46725 
vn -0.796093 -0.255758 -0.548474 
vn -0.907575 -0.177453 -0.380549 
vn -0.856857 -0.217882 -0.46725 
vn -0.947653 -0.134943 -0.289385 
vn -0.907575 -0.177453 -0.380549 
vn -0.976621 -0.0908504 -0.194829 
vn -0.947653 -0.134943 -0.289385 
vn -0.994138 -0.0456931 -0.0979891 
vn -0.976621 -0.0908504 -0.194829 
vn -6.78027e-18 0.906308 -0.422618 
f 59//1 1//1 2//1
f 2//1 3//1 59//1
f 3//1 4//1 59//1
f 4//1 5//1 59//1
f 5//1 6//1 59//1
f 6//1 7//1 59//1
f 7//1 8//1 59//1
f 8//1 9//1 59//1
f 9//1 10//1 59//1
f 10//1 11//1 59//1
f 11//1 12//1 59//1
f 12//1 13//1 59//1
f 13//1 14//1 59//1
f 14//1 15//1 59//1
f 15//1 16//1 59//1
f 16//1 17//1 59//1
f 17//1 18//1 59//1
f 18//1 19//1 59//1
f 19//1 20//1 59//1
f 20//1 21//1 59//1
f 21//1 22//1 59//1
f 22//1 23//1 59//1
f 23//1 24//1 59//1
f 24//1 25//1 59//1
f 25//1 26//1 59//1
f 26//1 27//1 59//1
f 27//1 28//1 59//1
f 28//1 29//1 59//1
f 29//1 30//1 59//1
f 30//1 31//1 59//1
f 31//1 32//1 59//1
f 32//1 33//1 59//1
f 33//1 34//1 59//1
f 34//1 35//1 59//1
f 35//1 36//1 59//1
f 36//1 37//1 59//1
f 37//1 38//1 59//1
f 38//1 39//1 59//1
f 39//1 40//1 59//1
f 40//1 41//1 59//1
f 41//1 42//1 59//1
f 42//1 43//1 59//1
f 43//1 44//1 59//1
f 44//1 45//1 59//1
f 45//1 46//1 59//1
f 46//1 47//1 59//1
f 47//1 48//1 59//1
f 48//1 49//1 59//1
f 49//1 50//1 59//1
f 50//1 51//1 59//1
f 51//1 52//1 59//1
f 52//1 53//1 59//1
f 53//1 54//1 59//1
f 54//1 55//1 59//1
f 55//1 56//1 59//1
f 56//1 57//1 59//1
f 57//1 58//1 59//1
f 58//1 1//1 59//1
f 1//2 58//3 60//3
f 2//4 1//2 61//5
f 3//6 2//4 62//7
f 4//8 3//6 63//9
f 5//10 4//8 64//11
f 6//12 5//10 65//13
f 7//14 6//12 66//15
f 8//16 7//14 67//17
f 9//18 8//16 68//19
f 10//20 9//18 69//21
f 11//22 10//20 70//23
f 12//24 11//22 71//25
f 13//26 12//24 72//27
f 14//28 13//26 73//29
f 15//30 14//28 74//31
f 16//32 15//30 75//33
f 17//34 16//32 76//35
f 18//36 17//34 77//37
f 19//38 18//36 78//39
f 20//40 19//38 79//41
f 21//42 20//40 80//43
f 22//44 21//42 81//45
f 23//46 22//44 82//47
f 24//48 23//46 83//49
f 25//50 24//48 84//51
f 26//52 25//50 85//53
f 27//54 26//52 86//55
f 28//56 27//54 87//57
f 29//58 28//56 88//59
f 30//60 29//58 89//61
f 31//62 30//60 90//63
f 32//64 31//62 91//65
f 33//66 32//64 92//67
f 34//68 33//66 93//69
f 35//70 34//68 94//71
f 36//72 35//70 95//73
f 37//74 36//72 96//75
f 38//76 37//74 97//77
f 39//78 38//76 98//79
f 40//80 39//78 99//81
f 41//82 40//80 100//83
f 42//84 41//82 101//85
f 43//86 42//84 102//87
f 44//88 43//86 103//89
f 45//90 44//88 104//91
f 46//92 45//90 105//93
f 47//94 46//92 106//95
f 48//96 47//94 107//97
f 49//98 48//96 108//99
f 50//100 49//98 109//101
f 51//102 50//100 110//103
f 52//104 51//102 111//105
f 53//106 52//104 112//107
f 54//108 53//106 113//109
f 55//110 54//108 114//111
f 56//112 55//110 115//113
f 57//114 56//112 116//115
f 58//3 57//114 117//114
f 117//114 60//3 58//3
f 116//115 117//114 57//114
f 115//113 116//115 56//112
f 114//111 115//113 55//110
f 113//109 114//111 54//108
f 112//107 113//109 53//106
f 111//105 112//107 52//104
f 110//103 111//105 51//102
f 109//101 110//103 50//100
f 108//99 109//101 49//98
f 107//97 108//99 48//96
f 106//95 107//97 47//94
f 105//93 106//95 46//92
f 104//91 105//93 45//90
f 103//89 104//91 44//88
f 102//87 103//89 43//86
f 101//85 102//87 42//84
f 100//83 101//85 41//82
f 99//81 100//83 40//80
f 98//79 99//81 39//78
f 97//77 98//79 38//76
f 96//75 97//77 37//74
f 95//73 96//75 36//72
f 94//71 95//73 35//70
f 93//69 94//71 34//68
f 92//67 93//69 33//66
f 91//65 92//67 32//64
f 90//63 91//65 31//62
f 89//61 90//63 30//60
f 88//59 89//61 29//58
f 87//57 88//59 28//56
f 86//55 87//57 27//54
f 85//53 86//55 26//52
f 84//51 85//53 25//50
f 83//49 84//51 24//48
f 82//47 83//49 23//46
f 81//45 82//47 22//44
f 80//43 81//45 21//42
f 79//41 80//43 20//40
f 78//39 79//41 19//38
f 77//37 78//39 18//36
f 76//35 77//37 17//34
f 75//33 76//35 16//32
f 74//31 75//33 15//30
f 73//29 74//31 14//28
f 72//27 73//29 13//26
f 71//25 72//27 12//24
f 70//23 71//25 11//22
f 69//21 70//23 10//20
f 68//19 69//21 9//18
f 67//17 68//19 8//16
f 66//15 67//17 7//14
f 65//13 66//15 6//12
f 64//11 65//13 5//10
f 63//9 64//11 4//8
f 62//7 63//9 3//6
f 61//5 62//7 2//4
f 60//3 61//5 1//2
f 107//116 118//116 119//116
f 118//116 107//116 106//116
f 120//116 121//116 104//116
f 122//116 74//116 73//116
f 122//116 123//116 75//116
f 106//116 121//116 118//116
f 124//116 109//116 108//116
f 104//116 103//116 120//116
f 125//116 78//116 77//116
f 126//116 82//116 81//116
f 75//116 74//116 122//116
f 127//116 122//116 72//116
f 108//116 107//116 124//116
f 124//116 111//116 110//116
f 121//116 105//116 104//116
f 128//116 129//116 130//116
f 131//116 66//116 65//116
f 77//116 123//116 125//116
f 81//116 80//116 126//116
f 123//116 76//116 75//116
f 71//116 131//116 127//116
f 132//116 98//116 97//116
f 132//116 100//116 99//116
f 110//116 109//116 124//116
f 121//116 106//116 105//116
f 128//116 117//116 116//116
f 130//116 60//116 128//116
f 65//116 64//116 131//116
f 131//116 68//116 67//116
f 125//116 133//116 78//116
f 80//116 79//116 126//116
f 123//116 77//116 76//116
f 72//116 71//116 127//116
f 99//116 98//116 132//116
f 132//116 102//116 101//116
f 103//116 102//116 120//116
f 102//116 132//116 134//116
f 116//116 124//116 128//116
f 60//116 117//116 128//116
f 67//116 66//116 131//116
f 131//116 70//116 69//116
f 79//116 78//116 126//116
f 71//116 70//116 131//116
f 132//116 96//116 95//116
f 101//116 100//116 132//116
f 134//116 120//116 102//116
f 130//116 135//116 60//116
f 128//116 136//116 137//116
f 69//116 68//116 131//116
f 73//116 72//116 122//116
f 95//116 94//116 132//116
f 119//116 124//116 107//116
f 124//116 113//116 112//116
f 138//116 139//116 61//116
f 116//116 115//116 124//116
f 128//116 140//116 141//116
f 136//116 142//116 137//116
f 136//116 143//116 144//116
f 84//116 145//116 146//116
f 82//116 126//116 147//116
f 133//116 126//116 78//116
f 97//116 96//116 132//116
f 124//116 114//116 113//116
f 60//116 135//116 138//116
f 141//116 129//116 128//116
f 137//116 148//116 128//116
f 144//116 149//116 136//116
f 150//116 91//116 90//116
f 151//116 128//116 152//116
f 128//116 153//116 154//116
f 128//116 155//116 156//116
f 84//116 157//116 145//116
f 84//116 158//116 159//116
f 84//116 160//116 161//116
f 64//116 63//116 131//116
f 112//116 111//116 124//116
f 115//116 114//116 124//116
f 128//116 162//116 163//116
f 149//116 142//116 136//116
f 150//116 132//116 91//116
f 154//116 152//116 128//116
f 156//116 164//116 128//116
f 159//116 157//116 84//116
f 161//116 165//116 84//116
f 147//116 160//116 82//116
f 160//116 84//116 83//116
f 132//116 93//116 92//116
f 61//116 60//116 138//116
f 128//116 166//116 167//116
f 148//116 162//116 128//116
f 168//116 169//116 150//116
f 168//116 170//116 171//116
f 172//116 173//116 174//116
f 172//116 151//116 175//116
f 151//116 176//116 177//116
f 151//116 178//116 179//116
f 151//116 180//116 181//116
f 151//116 182//116 183//116
f 164//116 153//116 128//116
f 165//116 158//116 84//116
f 83//116 82//116 160//116
f 184//116 131//116 62//116
f 94//116 93//116 132//116
f 163//116 166//116 128//116
f 136//116 185//116 186//116
f 90//116 168//116 150//116
f 168//116 187//116 188//116
f 171//116 189//116 168//116
f 168//116 190//116 191//116
f 192//116 193//116 168//116
f 168//116 194//116 195//116
f 172//116 196//116 197//116
f 172//116 198//116 199//116
f 172//116 200//116 201//116
f 174//116 202//116 172//116
f 177//116 175//116 151//116
f 151//116 203//116 204//116
f 181//116 178//116 151//116
f 151//116 205//116 206//116
f 152//116 182//116 151//116
f 63//116 62//116 131//116
f 168//116 86//116 85//116
f 168//116 89//116 88//116
f 61//116 139//116 184//116
f 167//116 140//116 128//116
f 136//116 207//116 208//116
f 186//116 209//116 136//116
f 168//116 210//116 169//116
f 189//116 187//116 168//116
f 191//116 211//116 168//116
f 172//116 212//116 190//116
f 136//116 213//116 214//116
f 193//116 215//116 216//116
f 168//116 217//116 192//116
f 195//116 218//116 168//116
f 168//116 219//116 220//116
f 199//116 196//116 172//116
f 201//116 221//116 172//116
f 172//116 222//116 223//116
f 175//116 173//116 172//116
f 179//116 203//116 151//116
f 183//116 205//116 151//116
f 128//116 124//116 224//116
f 85//116 84//116 168//116
f 88//116 87//116 168//116
f 92//116 91//116 132//116
f 209//116 207//116 136//116
f 188//116 210//116 168//116
f 190//116 168//116 172//116
f 136//116 225//116 213//116
f 136//116 193//116 226//116
f 193//116 227//116 215//116
f 218//116 217//116 168//116
f 220//116 228//116 168//116
f 221//116 198//116 172//116
f 202//116 222//116 172//116
f 151//116 229//116 230//116
f 206//116 180//116 151//116
f 128//116 231//116 232//116
f 224//116 233//116 128//116
f 168//116 146//116 234//116
f 87//116 86//116 168//116
f 208//116 143//116 136//116
f 211//116 170//116 168//116
f 226//116 225//116 136//116
f 193//116 235//116 236//116
f 192//116 227//116 193//116
f 168//116 237//116 219//116
f 172//116 238//116 239//116
f 223//116 200//116 172//116
f 204//116 229//116 151//116
f 233//116 231//116 128//116
f 146//116 168//116 84//116
f 90//116 89//116 168//116
f 236//116 226//116 193//116
f 228//116 194//116 168//116
f 197//116 238//116 172//116
f 232//116 155//116 128//116
f 62//116 61//116 184//116
f 216//116 235//116 193//116
f 230//116 176//116 151//116
f 214//116 185//116 136//116
f 234//116 237//116 168//116
f 239//116 212//116 172//116
f 193//116 136//116 240//117
f 241//117 240//117 242//118
f 243//118 242//118 244//119
f 245//119 244//119 246//120
f 247//120 246//120 248//121
f 249//121 248//121 250//122
f 251//122 250//122 252//123
f 253//123 252//123 254//124
f 255//124 254//124 256//125
f 257//125 256//125 258//126
f 259//126 258//126 260//127
f 261//127 260//127 262//128
f 263//128 262//128 264//129
f 265//129 264//129 266//130
f 267//130 266//130 268//131
f 268//131 269//131 267//130
f 266//130 267//130 265//129
f 264//129 265//129 263//128
f 262//128 263//128 261//127
f 260//127 261//127 259//126
f 258//126 259//126 257//125
f 256//125 257//125 255//124
f 254//124 255//124 253//123
f 252//123 253//123 251//122
f 250//122 251//122 249//121
f 248//121 249//121 247//120
f 246//120 247//120 245//119
f 244//119 245//119 243//118
f 242//118 243//118 241//117
f 240//117 241//117 193//116
f 151//132 172//132 270//133
f 271//133 270//133 272//134
f 273//134 272//134 274//135
f 275//135 274//135 276//136
f 277//136 276//136 278//137
f 279//137 278//137 280//138
f 281//138 280//138 282//139
f 283//139 282//139 284//140
f 285//140 284//140 286//141
f 287//141 286//141 288//142
f 289//142 288//142 290//143
f 291//143 290//143 292//144
f 293//144 292//144 294//145
f 295//145 294//145 296//146
f 297//146 296//146 298//147
f 298//147 299//147 297//146
f 296//146 297//146 295//145
f 294//145 295//145 293//144
f 292//144 293//144 291//143
f 290//143 291//143 289//142
f 288//142 289//142 287//141
f 286//141 287//141 285//140
f 284//140 285//140 283//139
f 282//139 283//139 281//138
f 280//138 281//138 279//137
f 278//137 279//137 277//136
f 276//136 277//136 275//135
f 274//135 275//135 273//134
f 272//134 273//134 271//133
f 270//133 271//133 151//132
f 300//147 301//147 302//147
f 298//147 302//147 301//147
f 301//147 299//147 298//147
f 302//147 303//147 300//147
f 304//148 305//148 306//149
f 307//149 306//149 308//150
f 309//150 308//150 310//151
f 311//151 310//151 312//152
f 313//152 312//152 314//153
f 315//153 314//153 316//154
f 317//154 316//154 318//155
f 319//155 318//155 320//156
f 321//156 320//156 322//157
f 323//157 322//157 324//158
f 325//158 324//158 326//159
f 327//159 326//159 328//160
f 329//160 328//160 330//161
f 331//161 330//161 332//162
f 333//162 332//162 300//163
f 300//163 303//163 333//162
f 332//162 333//162 331//161
f 330//161 331//161 329//160
f 328//160 329//160 327//159
f 326//159 327//159 325//158
f 324//158 325//158 323//157
f 322//157 323//157 321//156
f 320//156 321//156 319//155
f 318//155 319//155 317//154
f 316//154 317//154 315//153
f 314//153 315//153 313//152
f 312//152 313//152 311//151
f 310//151 311//151 309//150
f 308//150 309//150 307//149
f 306//149 307//149 304//148
f 334//164 335//165 162//165
f 336//166 334//164 148//167
f 337//168 336//166 137//169
f 338//170 337//168 142//171
f 339//172 338//170 149//173
f 340//174 339//172 144//175
f 341//176 340//174 143//177
f 342//178 341//176 208//179
f 343//180 342//178 207//181
f 344//182 343//180 209//183
f 345//184 344//182 186//185
f 346//186 345//184 185//187
f 347//188 346//186 214//189
f 348//190 347//188 213//191
f 349//192 348//190 225//193
f 350//194 349//192 226//195
f 351//196 350//194 236//197
f 352//198 351//196 235//199
f 353//200 352//198 216//201
f 354//202 353//200 215//203
f 355//204 354//202 227//205
f 356//206 355//204 192//207
f 357//208 356//206 217//209
f 358//210 357//208 218//211
f 359//212 358//210 195//213
f 360//214 359//212 194//215
f 361//216 360//214 228//217
f 362//218 361//216 220//219
f 363//220 362//218 219//221
f 364//222 363//220 237//223
f 365//224 364//222 234//225
f 366//226 365//224 146//227
f 367//228 366//226 145//229
f 368//230 367//228 157//231
f 369//232 368//230 159//233
f 370//234 369//232 158//235
f 371//236 370//234 165//237
f 372//238 371//236 161//239
f 373//240 372//238 160//241
f 374//242 373//240 147//243
f 375//244 374//242 126//245
f 376//246 375//244 133//247
f 377//248 376//246 125//249
f 378//250 377//248 123//251
f 379//252 378//250 122//253
f 380//254 379//252 127//255
f 381//256 380//254 131//257
f 382//258 381//256 184//259
f 383//260 382//258 139//261
f 384//262 383//260 138//263
f 385//264 384//262 135//265
f 386//266 385//264 130//267
f 387//268 386//266 129//269
f 388//270 387//268 141//271
f 389//272 388//270 140//273
f 390//274 389//272 167//275
f 391//276 390//274 166//277
f 335//165 391//276 163//276
f 163//276 162//165 335//165
f 166//277 163//276 391//276
f 167//275 166//277 390//274
f 140//273 167//275 389//272
f 141//271 140//273 388//270
f 129//269 141//271 387//268
f 130//267 129//269 386//266
f 135//265 130//267 385//264
f 138//263 135//265 384//262
f 139//261 138//263 383//260
f 184//259 139//261 382//258
f 131//257 184//259 381//256
f 127//255 131//257 380//254
f 122//253 127//255 379//252
f 123//251 122//253 378//250
f 125//249 123//251 377//248
f 133//247 125//249 376//246
f 126//245 133//247 375//244
f 147//243 126//245 374//242
f 160//241 147//243 373//240
f 161//239 160//241 372//238
f 165//237 161//239 371//236
f 158//235 165//237 370//234
f 159//233 158//235 369//232
f 157//231 159//233 368//230
f 145//229 157//231 367//228
f 146//227 145//229 366//226
f 234//225 146//227 365//224
f 237//223 234//225 364//222
f 219//221 237//223 363//220
f 220//219 219//221 362//218
f 228//217 220//219 361//216
f 194//215 228//217 360//214
f 195//213 194//215 359//212
f 218//211 195//213 358//210
f 217//209 218//211 357//208
f 192//207 217//209 356//206
f 227//205 192//207 355//204
f 215//203 227//205 354//202
f 216//201 215//203 353//200
f 235//199 216//201 352//198
f 236//197 235//199 351//196
f 226//195 236//197 350//194
f 225//193 226//195 349//192
f 213//191 225//193 348//190
f 214//189 213//191 347//188
f 185//187 214//189 346//186
f 186//185 185//187 345//184
f 209//183 186//185 344//182
f 207//181 209//183 343//180
f 208//179 207//181 342//178
f 143//177 208//179 341//176
f 144//175 143//177 340//174
f 149//173 144//175 339//172
f 142//171 149//173 338//170
f 137//169 142//171 337//168
f 148//167 137//169 336//166
f 162//165 148//167 334//164
f 392//278 334//278 336//278
f 336//278 337//278 392//278
f 337//278 338//278 392//278
f 338//278 339//278 392//278
f 339//278 340//278 392//278
f 340//278 341//278 392//278
f 341//278 342//278 392//278
f 342//278 343//278 392//278
f 343//278 344//278 392//278
f 344//278 345//278 392//278
f 345//278 346//278 392//278
f 346//278 347//278 392//278
f 347//278 348//278 392//278
f 348//278 349//278 392//278
f 349//278 350//278 392//278
f 350//278 351//278 392//278
f 351//278 352//278 392//278
f 352//278 353//278 392//278
f 353//278 354//278 392//278
f 354//278 355//278 392//278
f 355//278 356//278 392//278
f 356//278 357//278 392//278
f 357//278 358//278 392//278
f 358//278 359//278 392//278
f 359//278 360//278 392//278
f 360//278 361//278 392//278
f 361//278 362//278 392//278
f 362//278 363//278 392//278
f 363//278 364//278 392//278
f 364//278 365//278 392//278
f 365//278 366//278 392//278
f 366//278 367//278 392//278
f 367//278 368//278 392//278
f 368//278 369//278 392//278
f 369//278 370//278 392//278
f 370//278 371//278 392//278
f 371//278 372//278 392//278
f 372//278 373//278 392//278
f 373//278 374//278 392//278
f 374//278 375//278 392//278
f 375//278 376//278 392//278
f 376//278 377//278 392//278
f 377//278 378//278 392//278
f 378//278 379//278 392//278
f 379//278 380//278 392//278
f 380//278 381//278 392//278
f 381//278 382//278 392//278
f 382//278 383//278 392//278
f 383//278 384//278 392//278
f 384//278 385//278 392//278
f 385//278 386//278 392//278
f 386//278 387//278 392//278
f 387//278 388//278 392//278
f 388//278 389//278 392//278
f 389//278 390//278 392//278
f 390//278 391//278 392//278
f 391//278 335//278 392//278
f 335//278 334//278 392//278
f 393//279 394//280 182//280
f 395//281 393//279 152//282
f 396//283 395//281 154//284
f 397//285 396//283 153//286
f 398//287 397//285 164//288
f 399//289 398//287 156//290
f 400//291 399//289 155//292
f 401//293 400//291 232//294
f 402//295 401//293 231//296
f 403//297 402//295 233//298
f 404//299 403//297 224//300
f 405//301 404//299 124//302
f 406//303 405//301 119//304
f 407//305 406//303 118//306
f 408//307 407//305 121//308
f 409//309 408//307 120//310
f 410//311 409//309 134//312
f 411//313 410//311 132//314
f 412//315 411//313 150//316
f 413//317 412//315 169//318
f 414//319 413//317 210//320
f 415//321 414//319 188//322
f 416//323 415//321 187//324
f 417//325 416//323 189//326
f 418//327 417//325 171//328
f 419//329 418//327 170//330
f 420//331 419//329 211//332
f 421//333 420//331 191//334
f 422//335 421//333 190//336
f 423//337 422//335 212//338
f 424//339 423//337 239//340
f 425//341 424//339 238//342
f 426//343 425//341 197//344
f 427//345 426//343 196//346
f 428//347 427//345 199//348
f 429//349 428//347 198//350
f 430//351 429//349 221//352
f 431//353 430//351 201//354
f 432//355 431//353 200//356
f 433//357 432//355 223//358
f 434//359 433//357 222//360
f 435//361 434//359 202//362
f 436//363 435//361 174//364
f 437//365 436//363 173//366
f 438//367 437//365 175//368
f 439//369 438//367 177//370
f 440//371 439//369 176//372
f 441//373 440//371 230//374
f 442//375 441//373 229//376
f 443//377 442//375 204//378
f 444//379 443//377 203//380
f 445//381 444//379 179//382
f 446//383 445//381 178//384
f 447//385 446//383 181//386
f 448//387 447//385 180//388
f 449//389 448//387 206//390
f 450//391 449//389 205//392
f 394//280 450//391 183//391
f 183//391 182//280 394//280
f 205//392 183//391 450//391
f 206//390 205//392 449//389
f 180//388 206//390 448//387
f 181//386 180//388 447//385
f 178//384 181//386 446//383
f 179//382 178//384 445//381
f 203//380 179//382 444//379
f 204//378 203//380 443//377
f 229//376 204//378 442//375
f 230//374 229//376 441//373
f 176//372 230//374 440//371
f 177//370 176//372 439//369
f 175//368 177//370 438//367
f 173//366 175//368 437//365
f 174//364 173//366 436//363
f 202//362 174//364 435//361
f 222//360 202//362 434//359
f 223//358 222//360 433//357
f 200//356 223//358 432//355
f 201//354 200//356 431//353
f 221//352 201//354 430//351
f 198//350 221//352 429//349
f 199//348 198//350 428//347
f 196//346 199//348 427//345
f 197//344 196//346 426//343
f 238//342 197//344 425//341
f 239//340 238//342 424//339
f 212//338 239//340 423//337
f 190//336 212//338 422//335
f 191//334 190//336 421//333
f 211//332 191//334 420//331
f 170//330 211//332 419//329
f 171//328 170//330 418//327
f 189//326 171//328 417//325
f 187//324 189//326 416//323
f 188//322 187//324 415//321
f 210//320 188//322 414//319
f 169//318 210//320 413//317
f 150//316 169//318 412//315
f 132//314 150//316 411//313
f 134//312 132//314 410//311
f 120//310 134//312 409//309
f 121//308 120//310 408//307
f 118//306 121//308 407//305
f 119//304 118//306 406//303
f 124//302 119//304 405//301
f 224//300 124//302 404//299
f 233//298 224//300 403//297
f 231//296 233//298 402//295
f 232//294 231//296 401//293
f 155//292 232//294 400//291
f 156//290 155//292 399//289
f 164//288 156//290 398//287
f 153//286 164//288 397//285
f 154//284 153//286 396//283
f 152//282 154//284 395//281
f 182//280 152//282 393//279
f 451//393 393//393 395//393
f 395//393 396//393 451//393
f 396//393 397//393 451//393
f 397//393 398//393 451//393
f 398//393 399//393 451//393
f 399//393 400//393 451//393
f 400//393 401//393 451//393
f 401//393 402//393 451//393
f 402//393 403//393 451//393
f 403//393 404//393 451//393
f 404//393 405//393 451//393
f 405//393 406//393 451//393
f 406//393 407//393 451//393
f 407//393 408//393 451//393
f 408//393 409//393 451//393
f 409//393 410//393 451//393
f 410//393 411//393 451//393
f 411//393 412//393 451//393
f 412//393 413//393 451//393
f 413//393 414//393 451//393
f 414//393 415//393 451//393
f 415//393 416//393 451//393
f 416//393 417//393 451//393
f 417//393 418//393 451//393
f 418//393 419//393 451//393
f 419//393 420//393 451//393
f 420//393 421//393 451//393
f 421//393 422//393 451//393
f 422//393 423//393 451//393
f 423//393 424//393 451//393
f 424//393 425//393 451//393
f 425//393 426//393 451//393
f 426//393 427//393 451//393
f 427//393 428//393 451//393
f 428//393 429//393 451//393
f 429//393 430//393 451//393
f 430//393 431//393 451//393
f 431//393 432//393 451//393
f 432//393 433//393 451//393
f 433//393 434//393 451//393
f 434//393 435//393 451//393
f 435//393 436//393 451//393
f 436//393 437//393 451//393
f 437//393 438//393 451//393
f 438//393 439//393 451//393
f 439//393 440//393 451//393
f 440//393 441//393 451//393
f 441//393 442//393 451//393
f 442//393 443//393 451//393
f 443//393 444//393 451//393
f 444//393 445//393 451//393
f 445//393 446//393 451//393
f 446//393 447//393 451//393
f 447//393 448//393 451//393
f 448//393 449//393 451//393
f 449//393 450//393 451//393
f 450//393 394//393 451//393
f 394//393 393//393 451//393
f 305//394 452//394 453//394
f 305//394 454//394 455//394
f 305//394 456//394 457//394
f 305//394 458//394 459//394
f 305//394 304//394 460//394
f 461//394 462//394 463//394
f 455//394 452//394 305//394
f 305//394 464//394 456//394
f 305//394 465//394 458//394
f 304//394 466//394 460//394
f 304//394 467//394 468//394
f 304//394 469//394 470//394
f 461//394 471//394 472//394
f 462//394 473//394 463//394
f 474//394 462//394 475//394
f 457//394 454//394 305//394
f 460//394 465//394 305//394
f 304//394 476//394 477//394
f 304//394 478//394 479//394
f 470//394 467//394 304//394
f 480//394 481//394 482//394
f 480//394 483//394 484//394
f 480//394 485//394 486//394
f 480//394 487//394 488//394
f 489//394 487//394 480//394
f 463//394 471//394 461//394
f 475//394 490//394 474//394
f 459//394 464//394 305//394
f 304//394 491//394 476//394
f 468//394 478//394 304//394
f 304//394 492//394 493//394
f 480//394 494//394 481//394
f 486//394 483//394 480//394
f 480//394 461//394 489//394
f 474//394 473//394 462//394
f 475//394 495//394 496//394
f 477//394 466//394 304//394
f 493//394 469//394 304//394
f 484//394 494//394 480//394
f 472//394 489//394 461//394
f 475//394 497//394 498//394
f 475//394 499//394 500//394
f 475//394 501//394 495//394
f 305//394 502//394 503//394
f 305//394 504//394 505//394
f 479//394 491//394 304//394
f 304//394 480//394 506//394
f 488//394 485//394 480//394
f 500//394 497//394 475//394
f 475//394 507//394 501//394
f 503//394 475//394 305//394
f 453//394 504//394 305//394
f 506//394 508//394 304//394
f 480//394 509//394 510//394
f 498//394 490//394 475//394
f 496//394 511//394 475//394
f 505//394 502//394 305//394
f 510//394 506//394 480//394
f 511//394 499//394 475//394
f 475//394 512//394 513//394
f 508//394 492//394 304//394
f 513//394 507//394 475//394
f 482//394 509//394 480//394
f 503//394 512//394 475//394
f 462//394 461//394 514//395
f 515//395 514//395 516//396
f 517//396 516//396 518//397
f 519//397 518//397 520//398
f 521//398 520//398 522//399
f 523//399 522//399 524//400
f 525//400 524//400 526//401
f 527//401 526//401 528//402
f 529//402 528//402 530//403
f 531//403 530//403 532//404
f 533//404 532//404 534//405
f 535//405 534//405 536//406
f 537//406 536//406 538//407
f 539//407 538//407 540//408
f 541//408 540//408 542//409
f 542//409 543//409 541//408
f 540//408 541//408 539//407
f 538//407 539//407 537//406
f 536//406 537//406 535//405
f 534//405 535//405 533//404
f 532//404 533//404 531//403
f 530//403 531//403 529//402
f 528//402 529//402 527//401
f 526//401 527//401 525//400
f 524//400 525//400 523//399
f 522//399 523//399 521//398
f 520//398 521//398 519//397
f 518//397 519//397 517//396
f 516//396 517//396 515//395
f 514//395 515//395 462//394
f 544//410 545//411 506//411
f 546//412 544//410 510//413
f 547//414 546//412 509//415
f 548//416 547//414 482//417
f 549//418 548//416 481//419
f 550//420 549//418 494//421
f 551//422 550//420 484//423
f 552//424 551//422 483//425
f 553//426 552//424 486//427
f 554//428 553//426 485//429
f 555//430 554//428 488//431
f 556//432 555//430 487//433
f 557//434 556//432 489//435
f 558//436 557//434 472//437
f 559//438 558//436 471//439
f 560//440 559//438 463//441
f 561//442 560//440 473//443
f 562//444 561//442 474//445
f 563//446 562//444 490//447
f 564//448 563//446 498//449
f 565//450 564//448 497//451
f 566//452 565//450 500//453
f 567//454 566//452 499//455
f 568//456 567//454 511//457
f 569//458 568//456 496//459
f 570//460 569//458 495//461
f 571//462 570//460 501//463
f 572//464 571//462 507//465
f 573//466 572//464 513//467
f 574//468 573//466 512//469
f 575//470 574//468 503//471
f 576//472 575//470 502//473
f 577//474 576//472 505//475
f 578//476 577//474 504//477
f 579//478 578//476 453//479
f 580//480 579//478 452//481
f 581//482 580//480 455//483
f 582//484 581//482 454//485
f 583//486 582//484 457//487
f 584//488 583//486 456//489
f 585//490 584//488 464//491
f 586//492 585//490 459//493
f 587//494 586//492 458//495
f 588//496 587//494 465//497
f 589//498 588//496 460//499
f 590//500 589//498 466//501
f 591//502 590//500 477//503
f 592//504 591//502 476//505
f 593//506 592//504 491//507
f 594//508 593//506 479//509
f 595//510 594//508 478//511
f 596//512 595//510 468//513
f 597//514 596//512 467//515
f 598//516 597//514 470//517
f 599//518 598//516 469//519
f 600//520 599//518 493//521
f 601//522 600//520 492//523
f 545//411 601//522 508//522
f 508//522 506//411 545//411
f 492//523 508//522 601//522
f 493//521 492//523 600//520
f 469//519 493//521 599//518
f 470//517 469//519 598//516
f 467//515 470//517 597//514
f 468//513 467//515 596//512
f 478//511 468//513 595//510
f 479//509 478//511 594//508
f 491//507 479//509 593//506
f 476//505 491//507 592//504
f 477//503 476//505 591//502
f 466//501 477//503 590//500
f 460//499 466//501 589//498
f 465//497 460//499 588//496
f 458//495 465//497 587//494
f 459//493 458//495 586//492
f 464//491 459//493 585//490
f 456//489 464//491 584//488
f 457//487 456//489 583//486
f 454//485 457//487 582//484
f 455//483 454//485 581//482
f 452//481 455//483 580//480
f 453//479 452//481 579//478
f 504//477 453//479 578//476
f 505//475 504//477 577//474
f 502//473 505//475 576//472
f 503//471 502//473 575//470
f 512//469 503//471 574//468
f 513//467 512//469 573//466
f 507//465 513//467 572//464
f 501//463 507//465 571//462
f 495//461 501//463 570//460
f 496//459 495//461 569//458
f 511//457 496//459 568//456
f 499//455 511//457 567//454
f 500//453 499//455 566//452
f 497//451 500//453 565//450
f 498//449 497//451 564//448
f 490//447 498//449 563//446
f 474//445 490//447 562//444
f 473//443 474//445 561//442
f 463//441 473//443 560//440
f 471//439 463//441 559//438
f 472//437 471//439 558//436
f 489//435 472//437 557//434
f 487//433 489//435 556//432
f 488//431 487//433 555//430
f 485//429 488//431 554//428
f 486//427 485//429 553//426
f 483//425 486//427 552//424
f 484//423 483//425 551//422
f 494//421 484//423 550//420
f 481//419 494//421 549//418
f 482//417 481//419 548//416
f 509//415 482//417 547//414
f 510//413 509//415 546//412
f 506//411 510//413 544//410
f 593//524 602//524 603//524
f 593//524 594//524 604//524
f 594//524 595//524 605//524
f 595//524 596//524 606//524
f 582//524 607//524 608//524
f 582//524 583//524 609//524
f 589//524 610//524 611//524
f 589//524 590//524 612//524
f 591//524 613//524 612//524
f 591//524 592//524 603//524
f 604//524 602//524 593//524
f 606//524 605//524 595//524
f 597//524 614//524 606//524
f 597//524 598//524 615//524
f 544//524 546//524 616//524
f 546//524 547//524 617//524
f 557//524 618//524 619//524
f 557//524 558//524 620//524
f 581//524 608//524 621//524
f 609//524 607//524 582//524
f 584//524 622//524 609//524
f 584//524 585//524 623//524
f 612//524 610//524 589//524
f 603//524 613//524 591//524
f 605//524 604//524 594//524
f 615//524 614//524 597//524
f 545//524 624//524 625//524
f 545//524 544//524 626//524
f 617//524 616//524 546//524
f 547//524 548//524 627//524
f 553//524 554//524 628//524
f 554//524 555//524 629//524
f 556//524 619//524 629//524
f 620//524 618//524 557//524
f 560//524 630//524 631//524
f 560//524 561//524 632//524
f 608//524 581//524 582//524
f 623//524 622//524 584//524
f 586//524 633//524 623//524
f 586//524 587//524 634//524
f 612//524 590//524 591//524
f 606//524 596//524 597//524
f 600//524 635//524 636//524
f 600//524 601//524 625//524
f 626//524 624//524 545//524
f 627//524 617//524 547//524
f 551//524 637//524 638//524
f 552//524 639//524 637//524
f 553//524 640//524 639//524
f 629//524 628//524 554//524
f 619//524 556//524 557//524
f 558//524 559//524 631//524
f 632//524 630//524 560//524
f 561//524 562//524 641//524
f 609//524 583//524 584//524
f 634//524 633//524 586//524
f 603//524 592//524 593//524
f 599//524 636//524 615//524
f 625//524 635//524 600//524
f 616//524 626//524 544//524
f 637//524 551//524 552//524
f 628//524 640//524 553//524
f 631//524 620//524 558//524
f 641//524 632//524 561//524
f 563//524 642//524 641//524
f 564//524 643//524 642//524
f 571//524 644//524 645//524
f 571//524 572//524 646//524
f 575//524 647//524 648//524
f 575//524 576//524 649//524
f 578//524 650//524 651//524
f 578//524 579//524 652//524
f 623//524 585//524 586//524
f 588//524 611//524 634//524
f 615//524 598//524 599//524
f 625//524 601//524 545//524
f 549//524 653//524 627//524
f 549//524 550//524 638//524
f 639//524 552//524 553//524
f 631//524 559//524 560//524
f 642//524 563//524 564//524
f 564//524 565//524 654//524
f 566//524 655//524 654//524
f 566//524 567//524 656//524
f 646//524 644//524 571//524
f 573//524 657//524 646//524
f 649//524 647//524 575//524
f 576//524 577//524 651//524
f 652//524 650//524 578//524
f 579//524 580//524 621//524
f 634//524 587//524 588//524
f 636//524 599//524 600//524
f 638//524 653//524 549//524
f 629//524 555//524 556//524
f 654//524 643//524 564//524
f 656//524 655//524 566//524
f 568//524 658//524 656//524
f 568//524 569//524 659//524
f 570//524 645//524 659//524
f 646//524 572//524 573//524
f 573//524 574//524 648//524
f 651//524 649//524 576//524
f 621//524 652//524 579//524
f 611//524 588//524 589//524
f 638//524 550//524 551//524
f 654//524 565//524 566//524
f 659//524 658//524 568//524
f 645//524 570//524 571//524
f 648//524 574//524 575//524
f 621//524 580//524 581//524
f 641//524 562//524 563//524
f 659//524 569//524 570//524
f 651//524 577//524 578//524
f 656//524 567//524 568//524
f 627//524 548//524 549//524
f 648//524 657//524 573//524
f 268//525 660//525 661//525
f 662//525 663//525 664//525
f 661//525 665//525 268//525
f 664//525 543//525 662//525
f 543//525 542//525 666//525
f 667//525 542//525 668//525
f 665//525 669//525 268//525
f 663//525 670//525 664//525
f 542//525 667//525 666//525
f 668//525 671//525 672//525
f 669//525 673//525 268//525
f 664//525 674//525 660//525
f 664//525 675//525 676//525
f 664//525 677//525 678//525
f 666//525 662//525 543//525
f 668//525 679//525 671//525
f 680//525 681//525 682//525
f 680//525 683//525 684//525
f 660//525 268//525 664//525
f 664//525 685//525 675//525
f 678//525 686//525 664//525
f 664//525 687//525 688//525
f 664//525 689//525 690//525
f 668//525 672//525 667//525
f 680//525 691//525 681//525
f 680//525 692//525 683//525
f 693//525 269//525 694//525
f 676//525 674//525 664//525
f 688//525 677//525 664//525
f 670//525 689//525 664//525
f 668//525 695//525 696//525
f 661//525 697//525 698//525
f 680//525 699//525 700//525
f 680//525 701//525 691//525
f 680//525 702//525 692//525
f 680//525 703//525 704//525
f 269//525 705//525 694//525
f 268//525 706//525 707//525
f 268//525 708//525 709//525
f 686//525 685//525 664//525
f 696//525 679//525 668//525
f 668//525 710//525 711//525
f 668//525 712//525 713//525
f 668//525 714//525 715//525
f 269//525 716//525 714//525
f 661//525 717//525 718//525
f 661//525 719//525 697//525
f 682//525 699//525 680//525
f 704//525 702//525 680//525
f 720//525 661//525 703//525
f 269//525 721//525 722//525
f 694//525 723//525 693//525
f 269//525 724//525 725//525
f 268//525 726//525 706//525
f 709//525 727//525 268//525
f 268//525 728//525 729//525
f 690//525 687//525 664//525
f 668//525 730//525 731//525
f 713//525 710//525 668//525
f 714//525 668//525 269//525
f 698//525 717//525 661//525
f 661//525 732//525 733//525
f 661//525 734//525 735//525
f 684//525 701//525 680//525
f 703//525 680//525 736//525
f 737//525 738//525 680//525
f 723//525 739//525 740//525
f 269//525 741//525 742//525
f 269//525 743//525 721//525
f 693//525 744//525 269//525
f 269//525 745//525 746//525
f 725//525 747//525 269//525
f 727//525 726//525 268//525
f 268//525 748//525 728//525
f 731//525 695//525 668//525
f 715//525 712//525 668//525
f 733//525 719//525 661//525
f 735//525 749//525 661//525
f 703//525 736//525 720//525
f 737//525 750//525 738//525
f 723//525 751//525 739//525
f 723//525 752//525 753//525
f 269//525 754//525 741//525
f 744//525 743//525 269//525
f 269//525 755//525 756//525
f 269//525 757//525 745//525
f 747//525 758//525 269//525
f 269//525 759//525 760//525
f 268//525 761//525 759//525
f 729//525 708//525 268//525
f 711//525 730//525 668//525
f 749//525 732//525 661//525
f 700//525 762//525 680//525
f 680//525 762//525 737//525
f 723//525 763//525 751//525
f 753//525 764//525 723//525
f 722//525 754//525 269//525
f 756//525 765//525 269//525
f 758//525 757//525 269//525
f 760//525 766//525 269//525
f 268//525 767//525 761//525
f 268//525 768//525 769//525
f 673//525 748//525 268//525
f 720//525 734//525 661//525
f 750//525 770//525 771//525
f 737//525 772//525 750//525
f 764//525 763//525 723//525
f 723//525 773//525 774//525
f 723//525 694//525 775//525
f 765//525 705//525 269//525
f 766//525 724//525 269//525
f 769//525 767//525 268//525
f 718//525 665//525 661//525
f 772//525 770//525 750//525
f 723//525 776//525 752//525
f 775//525 773//525 723//525
f 746//525 755//525 269//525
f 707//525 768//525 268//525
f 723//525 777//525 750//525
f 774//525 776//525 723//525
f 759//525 269//525 268//525
f 740//525 777//525 723//525
f 771//525 723//525 750//525
f 742//525 716//525 269//525
f 778//526 779//527 759//527
f 780//528 778//526 761//529
f 781//530 780//528 767//531
f 782//532 781//530 769//533
f 783//534 782//532 768//535
f 784//536 783//534 707//537
f 785//538 784//536 706//539
f 786//540 785//538 726//541
f 787//542 786//540 727//543
f 788//544 787//542 709//545
f 789//546 788//544 708//547
f 790//548 789//546 729//549
f 791//550 790//548 728//551
f 792//552 791//550 748//553
f 793//554 792//552 673//555
f 794//556 793//554 669//557
f 795//558 794//556 665//559
f 796//560 795//558 718//561
f 797//562 796//560 717//563
f 798//564 797//562 698//565
f 799//566 798//564 697//567
f 800//568 799//566 719//569
f 801//570 800//568 733//571
f 802//572 801//570 732//573
f 803//574 802//572 749//575
f 804//576 803//574 735//577
f 805//578 804//576 734//579
f 806//580 805//578 720//581
f 807//582 806//580 736//583
f 808//584 807//582 680//585
f 809//586 808//584 738//587
f 810//588 809//586 750//589
f 811//590 810//588 777//591
f 812//592 811//590 740//593
f 813//594 812//592 739//595
f 814//596 813//594 751//597
f 815//598 814//596 763//599
f 816//600 815//598 764//601
f 817//602 816//600 753//603
f 818//604 817//602 752//605
f 819//606 818//604 776//607
f 820//608 819//606 774//609
f 821//610 820//608 773//611
f 822//612 821//610 775//613
f 823//614 822//612 694//615
f 824//616 823//614 705//617
f 825//618 824//616 765//619
f 826//620 825//618 756//621
f 827//622 826//620 755//623
f 828//624 827//622 746//625
f 829//626 828//624 745//627
f 830//628 829//626 757//629
f 831//630 830//628 758//631
f 832//632 831//630 747//633
f 833//634 832//632 725//635
f 834//636 833//634 724//637
f 835//638 834//636 766//639
f 779//527 835//638 760//638
f 760//638 759//527 779//527
f 766//639 760//638 835//638
f 724//637 766//639 834//636
f 725//635 724//637 833//634
f 747//633 725//635 832//632
f 758//631 747//633 831//630
f 757//629 758//631 830//628
f 745//627 757//629 829//626
f 746//625 745//627 828//624
f 755//623 746//625 827//622
f 756//621 755//623 826//620
f 765//619 756//621 825//618
f 705//617 765//619 824//616
f 694//615 705//617 823//614
f 775//613 694//615 822//612
f 773//611 775//613 821//610
f 774//609 773//611 820//608
f 776//607 774//609 819//606
f 752//605 776//607 818//604
f 753//603 752//605 817//602
f 764//601 753//603 816//600
f 763//599 764//601 815//598
f 751//597 763//599 814//596
f 739//595 751//597 813//594
f 740//593 739//595 812//592
f 777//591 740//593 811//590
f 750//589 777//591 810//588
f 738//587 750//589 809//586
f 680//585 738//587 808//584
f 736//583 680//585 807//582
f 720//581 736//583 806//580
f 734//579 720//581 805//578
f 735//577 734//579 804//576
f 749//575 735//577 803//574
f 732//573 749//575 802//572
f 733//571 732//573 801//570
f 719//569 733//571 800//568
f 697//567 719//569 799//566
f 698//565 697//567 798//564
f 717//563 698//565 797//562
f 718//561 717//563 796//560
f 665//559 718//561 795//558
f 669//557 665//559 794//556
f 673//555 669//557 793//554
f 748//553 673//555 792//552
f 728//551 748//553 791//550
f 729//549 728//551 790//548
f 708//547 729//549 789//546
f 709//545 708//547 788//544
f 727//543 709//545 787//542
f 726//541 727//543 786//540
f 706//539 726//541 785//538
f 707//537 706//539 784//536
f 768//535 707//537 783//534
f 769//533 768//535 782//532
f 767//531 769//533 781//530
f 761//529 767//531 780//528
f 759//527 761//529 778//526
f 836//640 778//640 780//640
f 780//640 781//640 836//640
f 781//640 782//640 836//640
f 782//640 783//640 836//640
f 783//640 784//640 836//640
f 784//640 785//640 836//640
f 785//640 786//640 836//640
f 786//640 787//640 836//640
f 787//640 788//640 836//640
f 788//640 789//640 836//640
f 789//640 790//640 836//640
f 790//640 791//640 836//640
f 791//640 792//640 836//640
f 792//640 793//640 836//640
f 793//640 794//640 836//640
f 794//640 795//640 836//640
f 795//640 796//640 836//640
f 796//640 797//640 836//640
f 797//640 798//640 836//640
f 798//640 799//640 836//640
f 799//640 800//640 836//640
f 800//640 801//640 836//640
f 801//640 802//640 836//640
f 802//640 803//640 836//640
f 803//640 804//640 836//640
f 804//640 805//640 836//640
f 805//640 806//640 836//640
f 806//640 807//640 836//640
f 807//640 808//640 836//640
f 808//640 809//640 836//640
f 809//640 810//640 836//640
f 810//640 811//640 836//640
f 811//640 812//640 836//640
f 812//640 813//640 836//640
f 813//640 814//640 836//640
f 814//640 815//640 836//640
f 815//640 816//640 836//640
f 816//640 817//640 836//640
f 817//640 818//640 836//640
f 818//640 819//640 836//640
f 819//640 820//640 836//640
f 820//640 821//640 836//640
f 821//640 822//640 836//640
f 822//640 823//640 836//640
f 823//640 824//640 836//640
f 824//640 825//640 836//640
f 825//640 826//640 836//640
f 826//640 827//640 836//640
f 827//640 828//640 836//640
f 828//640 829//640 836//640
f 829//640 830//640 836//640
f 830//640 831//640 836//640
f 831//640 832//640 836//640
f 832//640 833//640 836//640
f 833//640 834//640 836//640
f 834//640 835//640 836//640
f 835//640 779//640 836//640
f 779//640 778//640 836//640
f 837//641 838//642 762//642
f 839//643 837//641 700//644
f 840//645 839//643 699//646
f 841//647 840//645 682//648
f 842//649 841//647 681//650
f 843//651 842//649 691//652
f 844//653 843//651 701//654
f 845//655 844//653 684//656
f 846//657 845//655 683//658
f 847//659 846//657 692//660
f 848//661 847//659 702//662
f 849//663 848//661 704//664
f 850//665 849//663 703//666
f 851//667 850//665 661//668
f 852//669 851//667 660//670
f 853//671 852//669 674//672
f 854//673 853//671 676//674
f 855//675 854//673 675//676
f 856//677 855//675 685//678
f 857//679 856//677 686//680
f 858//681 857//679 678//682
f 859//683 858//681 677//684
f 860//685 859//683 688//686
f 861//687 860//685 687//688
f 862//689 861//687 690//690
f 863//691 862//689 689//692
f 864//693 863//691 670//694
f 865//695 864//693 663//696
f 866//697 865//695 662//698
f 867//699 866//697 666//700
f 868//701 867//699 667//702
f 869//703 868//701 672//704
f 870//705 869//703 671//706
f 871//707 870//705 679//708
f 872//709 871//707 696//710
f 873//711 872//709 695//712
f 874//713 873//711 731//714
f 875//715 874//713 730//716
f 876//717 875//715 711//718
f 877//719 876//717 710//720
f 878//721 877//719 713//722
f 879//723 878//721 712//724
f 880//725 879//723 715//726
f 881//727 880//725 714//728
f 882//729 881//727 716//730
f 883//731 882//729 742//732
f 884//733 883//731 741//734
f 885//735 884//733 754//736
f 886//737 885//735 722//738
f 887//739 886//737 721//740
f 888//741 887//739 743//742
f 889//743 888//741 744//744
f 890//745 889//743 693//746
f 891//747 890//745 723//748
f 892//749 891//747 771//750
f 893//751 892//749 770//752
f 894//753 893//751 772//754
f 838//642 894//753 737//753
f 737//753 762//642 838//642
f 772//754 737//753 894//753
f 770//752 772//754 893//751
f 771//750 770//752 892//749
f 723//748 771//750 891//747
f 693//746 723//748 890//745
f 744//744 693//746 889//743
f 743//742 744//744 888//741
f 721//740 743//742 887//739
f 722//738 721//740 886//737
f 754//736 722//738 885//735
f 741//734 754//736 884//733
f 742//732 741//734 883//731
f 716//730 742//732 882//729
f 714//728 716//730 881//727
f 715//726 714//728 880//725
f 712//724 715//726 879//723
f 713//722 712//724 878//721
f 710//720 713//722 877//719
f 711//718 710//720 876//717
f 730//716 711//718 875//715
f 731//714 730//716 874//713
f 695//712 731//714 873//711
f 696//710 695//712 872//709
f 679//708 696//710 871//707
f 671//706 679//708 870//705
f 672//704 671//706 869//703
f 667//702 672//704 868//701
f 666//700 667//702 867//699
f 662//698 666//700 866//697
f 663//696 662//698 865//695
f 670//694 663//696 864//693
f 689//692 670//694 863//691
f 690//690 689//692 862//689
f 687//688 690//690 861//687
f 688//686 687//688 860//685
f 677//684 688//686 859//683
f 678//682 677//684 858//681
f 686//680 678//682 857//679
f 685//678 686//680 856//677
f 675//676 685//678 855//675
f 676//674 675//676 854//673
f 674//672 676//674 853//671
f 660//670 674//672 852//669
f 661//668 660//670 851//667
f 703//666 661//668 850//665
f 704//664 703//666 849//663
f 702//662 704//664 848//661
f 692//660 702//662 847//659
f 683//658 692//660 846//657
f 684//656 683//658 845//655
f 701//654 684//656 844//653
f 691//652 701//654 843//651
f 681//650 691//652 842//649
f 682//648 681//650 841//647
f 699//646 682//648 840//645
f 700//644 699//646 839//643
f 762//642 700//644 837//641
f 864//755 895//755 896//755
f 864//755 865//755 897//755
f 853//755 898//755 899//755
f 854//755 900//755 898//755
f 855//755 901//755 900//755
f 855//755 856//755 902//755
f 860//755 861//755 903//755
f 861//755 862//755 904//755
f 863//755 896//755 904//755
f 897//755 895//755 864//755
f 866//755 905//755 897//755
f 866//755 867//755 906//755
f 898//755 853//755 854//755
f 902//755 901//755 855//755
f 857//755 858//755 907//755
f 858//755 859//755 908//755
f 860//755 909//755 908//755
f 904//755 903//755 861//755
f 896//755 863//755 864//755
f 906//755 905//755 866//755
f 851//755 852//755 899//755
f 900//755 854//755 855//755
f 857//755 910//755 902//755
f 908//755 907//755 858//755
f 903//755 909//755 860//755
f 897//755 865//755 866//755
f 868//755 911//755 906//755
f 868//755 869//755 912//755
f 850//755 913//755 914//755
f 850//755 851//755 915//755
f 899//755 852//755 853//755
f 907//755 910//755 857//755
f 904//755 862//755 863//755
f 912//755 911//755 868//755
f 837//755 916//755 917//755
f 837//755 839//755 918//755
f 845//755 919//755 920//755
f 846//755 921//755 919//755
f 915//755 913//755 850//755
f 902//755 856//755 857//755
f 906//755 867//755 868//755
f 869//755 870//755 922//755
f 875//755 923//755 924//755
f 875//755 876//755 925//755
f 877//755 926//755 925//755
f 877//755 878//755 927//755
f 893//755 894//755 928//755
f 894//755 838//755 917//755
f 918//755 916//755 837//755
f 839//755 840//755 929//755
f 841//755 930//755 929//755
f 841//755 842//755 931//755
f 919//755 845//755 846//755
f 846//755 847//755 932//755
f 848//755 933//755 932//755
f 848//755 849//755 914//755
f 899//755 915//755 851//755
f 922//755 912//755 869//755
f 871//755 934//755 922//755
f 871//755 872//755 935//755
f 925//755 923//755 875//755
f 927//755 926//755 877//755
f 879//755 936//755 927//755
f 879//755 880//755 937//755
f 882//755 938//755 939//755
f 882//755 883//755 940//755
f 884//755 941//755 940//755
f 884//755 885//755 942//755
f 886//755 887//755 943//755
f 887//755 888//755 944//755
f 890//755 945//755 946//755
f 890//755 891//755 947//755
f 893//755 948//755 949//755
f 917//755 928//755 894//755
f 929//755 918//755 839//755
f 931//755 930//755 841//755
f 843//755 950//755 931//755
f 843//755 844//755 920//755
f 932//755 921//755 846//755
f 914//755 933//755 848//755
f 908//755 859//755 860//755
f 935//755 934//755 871//755
f 925//755 876//755 877//755
f 937//755 936//755 879//755
f 940//755 938//755 882//755
f 942//755 941//755 884//755
f 886//755 951//755 942//755
f 944//755 943//755 887//755
f 889//755 946//755 944//755
f 947//755 945//755 890//755
f 892//755 949//755 947//755
f 928//755 948//755 893//755
f 929//755 840//755 841//755
f 920//755 950//755 843//755
f 932//755 847//755 848//755
f 922//755 870//755 871//755
f 873//755 952//755 935//755
f 873//755 874//755 924//755
f 927//755 878//755 879//755
f 881//755 939//755 937//755
f 940//755 883//755 884//755
f 943//755 951//755 886//755
f 946//755 889//755 890//755
f 949//755 892//755 893//755
f 931//755 842//755 843//755
f 914//755 849//755 850//755
f 924//755 952//755 873//755
f 937//755 880//755 881//755
f 942//755 885//755 886//755
f 947//755 891//755 892//755
f 920//755 844//755 845//755
f 924//755 874//755 875//755
f 944//755 888//755 889//755
f 935//755 872//755 873//755
f 917//755 838//755 837//755
f 939//755 881//755 882//755
f 953//756 954//757 637//757
f 955//758 953//756 639//759
f 956//760 955//758 640//761
f 957//762 956//760 628//763
f 958//764 957//762 629//765
f 959//766 958//764 619//767
f 960//768 959//766 618//769
f 961//770 960//768 620//771
f 962//772 961//770 631//773
f 963//774 962//772 630//775
f 964//776 963//774 632//777
f 965//778 964//776 641//779
f 966//780 965//778 642//781
f 967//782 966//780 643//783
f 968//784 967//782 654//785
f 969//786 970//787 621//787
f 971//788 969//786 608//789
f 972//790 971//788 607//791
f 973//792 972//790 609//793
f 974//794 973//792 622//795
f 975//796 974//794 623//797
f 976//798 975//796 633//799
f 977//800 976//798 634//801
f 978//802 977//800 611//803
f 979//804 978//802 610//805
f 980//806 979//804 612//807
f 981//808 980//806 613//809
f 982//810 981//808 603//811
f 983//812 982//810 602//813
f 984//814 983//812 604//815
f 652//816 985//817 986//818
f 652//816 987//819 985//817
f 621//787 988//820 987//819
f 621//787 970//787 988//820
f 987//819 652//816 621//787
f 970//787 989//821 988//820
f 970//787 990//822 989//821
f 970//787 991//823 990//822
f 970//787 992//824 991//823
f 650//825 993//826 994//827
f 652//816 995//828 996//829
f 996//829 650//825 652//816
f 996//829 993//826 650//825
f 651//830 997//831 998//832
f 650//825 999//833 997//831
f 997//831 651//830 650//825
f 651//830 1000//834 1001//835
f 1001//835 649//836 651//830
f 647//837 1002//838 1003//839
f 649//836 1004//840 1002//838
f 649//836 1005//841 1004//840
f 1002//838 647//837 649//836
f 648//842 1006//843 1007//844
f 647//837 1008//845 1006//843
f 1006//843 648//842 647//837
f 648//842 1009//846 1010//847
f 648//842 1011//848 1009//846
f 1010//847 657//849 648//842
f 1010//847 1012//850 657//849
f 646//851 1013//852 1014//853
f 646//851 1015//854 1013//852
f 646//851 657//849 1016//855
f 1016//855 1015//854 646//851
f 644//856 646//851 1017//857
f 1017//857 1018//858 644//856
f 1018//858 1019//859 644//856
f 645//860 1020//861 1021//862
f 645//860 644//856 1022//863
f 1022//863 1023//864 645//860
f 1023//864 1020//861 645//860
f 659//865 645//860 1024//866
f 1024//866 1025//867 659//865
f 658//868 659//865 1026//869
f 1026//869 1027//870 658//868
f 1027//870 1028//871 658//868
f 656//872 1029//873 1030//874
f 656//872 658//868 1031//875
f 1031//875 1032//876 656//872
f 1032//876 1029//873 656//872
f 968//784 655//877 1033//878
f 655//877 656//872 1034//879
f 1034//879 1035//880 655//877
f 1035//880 1036//881 655//877
f 1036//881 1037//882 655//877
f 1037//882 1038//883 655//877
f 1038//883 1033//878 655//877
f 1033//878 1039//884 968//784
f 1039//884 1040//885 968//784
f 638//886 1041//887 1042//888
f 638//886 1043//889 1041//887
f 637//757 1044//890 1043//889
f 637//757 954//757 1044//890
f 1043//889 638//886 637//757
f 954//757 1045//891 1044//890
f 954//757 1046//892 1045//891
f 954//757 1047//893 1046//892
f 954//757 1048//894 1047//893
f 653//895 1049//896 1050//897
f 638//886 1051//898 1052//899
f 1052//899 653//895 638//886
f 1052//899 1049//896 653//895
f 627//900 1053//901 1054//902
f 653//895 1055//903 1053//901
f 1053//901 627//900 653//895
f 627//900 1056//904 1057//905
f 1057//905 617//906 627//900
f 616//907 1058//908 1059//909
f 617//906 1060//910 1058//908
f 617//906 1061//911 1060//910
f 1058//908 616//907 617//906
f 626//912 1062//913 1063//914
f 616//907 1064//915 1062//913
f 1062//913 626//912 616//907
f 626//912 1065//916 1066//917
f 626//912 1067//918 1065//916
f 1066//917 624//919 626//912
f 1066//917 1068//920 624//919
f 625//921 1069//922 1070//923
f 625//921 1071//924 1069//922
f 625//921 624//919 1072//925
f 1072//925 1071//924 625//921
f 635//926 625//921 1073//927
f 1073//927 1074//928 635//926
f 1074//928 1075//929 635//926
f 636//930 1076//931 1077//932
f 636//930 635//926 1078//933
f 1078//933 1079//934 636//930
f 1079//934 1076//931 636//930
f 615//935 636//930 1080//936
f 1080//936 1081//937 615//935
f 614//938 615//935 1082//939
f 1082//939 1083//940 614//938
f 1083//940 1084//941 614//938
f 606//942 1085//943 1086//944
f 606//942 614//938 1087//945
f 1087//945 1088//946 606//942
f 1088//946 1085//943 606//942
f 984//814 605//947 1089//948
f 605//947 606//942 1090//949
f 1090//949 1091//950 605//947
f 1091//950 1092//951 605//947
f 1092//951 1093//952 605//947
f 1093//952 1094//953 605//947
f 1094//953 1089//948 605//947
f 1089//948 1095//954 984//814
f 1095//954 1096//955 984//814
f 1096//955 1097//956 984//814
f 1086//944 1090//949 606//942
f 1084//941 1087//945 614//938
f 1081//937 1082//939 615//935
f 1077//932 1080//936 636//930
f 1075//929 1078//933 635//926
f 1070//923 1073//927 625//921
f 1068//920 1072//925 624//919
f 1063//914 1067//918 626//912
f 1059//909 1064//915 616//907
f 1057//905 1061//911 617//906
f 1054//902 1056//904 627//900
f 1050//897 1055//903 653//895
f 1042//888 1051//898 638//886
f 1040//885 1098//957 968//784
f 1030//874 1034//879 656//872
f 1028//871 1031//875 658//868
f 1025//867 1026//869 659//865
f 1021//862 1024//866 645//860
f 1019//859 1022//863 644//856
f 1014//853 1017//857 646//851
f 1012//850 1016//855 657//849
f 1007//844 1011//848 648//842
f 1003//839 1008//845 647//837
f 1001//835 1005//841 649//836
f 998//832 1000//834 651//830
f 994//827 999//833 650//825
f 986//818 995//828 652//816
f 604//815 605//947 984//814
f 602//813 604//815 983//812
f 603//811 602//813 982//810
f 613//809 603//811 981//808
f 612//807 613//809 980//806
f 610//805 612//807 979//804
f 611//803 610//805 978//802
f 634//801 611//803 977//800
f 633//799 634//801 976//798
f 623//797 633//799 975//796
f 622//795 623//797 974//794
f 609//793 622//795 973//792
f 607//791 609//793 972//790
f 608//789 607//791 971//788
f 621//787 608//789 969//786
f 654//785 655//877 968//784
f 643//783 654//785 967//782
f 642//781 643//783 966//780
f 641//779 642//781 965//778
f 632//777 641//779 964//776
f 630//775 632//777 963//774
f 631//773 630//775 962//772
f 620//771 631//773 961//770
f 618//769 620//771 960//768
f 619//767 618//769 959//766
f 629//765 619//767 958//764
f 628//763 629//765 957//762
f 640//761 628//763 956//760
f 639//759 640//761 955//758
f 637//757 639//759 953//756
f 982//958 979//958 980//958
f 982//958 977//958 978//958
f 978//958 979//958 982//958
f 982//958 974//958 975//958
f 982//958 972//958 973//958
f 982//958 976//958 977//958
f 973//958 974//958 982//958
f 982//958 969//958 971//958
f 975//958 976//958 982//958
f 982//958 970//958 969//958
f 970//958 982//958 983//958
f 971//958 972//958 982//958
f 980//958 981//958 982//958
f 984//958 992//958 970//958
f 983//958 984//958 970//958
f 984//958 1097//958 992//958
f 954//958 962//958 963//958
f 956//958 958//958 959//958
f 963//958 964//958 954//958
f 956//958 957//958 958//958
f 954//958 961//958 962//958
f 960//958 955//958 956//958
f 960//958 954//958 953//958
f 954//958 966//958 967//958
f 954//958 960//958 961//958
f 953//958 955//958 960//958
f 954//958 965//958 966//958
f 959//958 960//958 956//958
f 964//958 965//958 954//958
f 967//958 968//958 954//958
f 1098//958 1048//958 954//958
f 968//958 1098//958 954//958
f 1099//959 1100//958 917//958
f 1101//960 1099//959 916//959
f 1102//961 1101//960 918//960
f 1103//962 1102//961 929//961
f 1104//963 1103//962 930//962
f 1105//964 1104//963 931//963
f 1106//965 1105//964 950//964
f 1107//966 1108//967 908//967
f 1109//968 1107//966 909//969
f 1110//970 1109//968 903//971
f 1111//972 1110//970 904//973
f 1112//974 1111//972 896//975
f 1113//976 1112//974 895//977
f 1114//978 1113//976 897//979
f 1115//980 1114//978 905//981
f 1116//982 1115//980 906//983
f 1117//984 1116//982 911//985
f 1118//986 1117//984 912//987
f 1119//988 1118//986 922//989
f 1120//990 1119//988 934//991
f 1121//992 1120//990 935//993
f 1122//994 1123//995 944//995
f 1124//996 1122//994 946//997
f 1125//998 1124//996 945//999
f 1126//1000 1125//998 947//1001
f 1127//1002 1126//1000 949//1003
f 1128//1004 1127//1002 948//1005
f 1100//958 1128//1004 928//1004
f 908//967 1108//967 1129//1006
f 1108//967 1130//1007 1129//1006
f 1108//967 1131//1008 1132//1009
f 1108//967 1133//1010 1131//1008
f 1132//1009 1130//1007 1108//967
f 910//1011 1134//1012 1135//1013
f 910//1011 1136//1014 1134//1012
f 1135//1013 1137//1015 910//1011
f 907//1016 1129//1006 1138//1017
f 1138//1017 910//1011 907//1016
f 1138//1017 1136//1014 910//1011
f 902//1018 1139//1019 1140//1020
f 910//1011 1141//1021 1139//1019
f 1139//1019 902//1018 910//1011
f 901//1022 1142//1023 1143//1024
f 902//1018 1144//1025 1142//1023
f 1142//1023 901//1022 902//1018
f 900//1026 1145//1027 1146//1028
f 901//1022 1147//1029 1145//1027
f 901//1022 1148//1030 1147//1029
f 1145//1027 900//1026 901//1022
f 900//1026 1149//1031 1150//1032
f 1150//1032 898//1033 900//1026
f 899//1034 1151//1035 1152//1036
f 898//1033 1153//1037 1154//1038
f 1154//1038 899//1034 898//1033
f 1154//1038 1151//1035 899//1034
f 915//1039 1155//1040 1156//1041
f 899//1034 1157//1042 1158//1043
f 1158//1043 915//1039 899//1034
f 1158//1043 1155//1040 915//1039
f 913//1044 1159//1045 1160//1046
f 913//1044 915//1039 1161//1047
f 1161//1047 1162//1048 913//1044
f 1162//1048 1159//1045 913//1044
f 914//1049 913//1044 1163//1050
f 1163//1050 1164//1051 914//1049
f 933//1052 914//1049 1165//1053
f 1165//1053 1166//1054 933//1052
f 1166//1054 1167//1055 933//1052
f 1167//1055 1168//1056 933//1052
f 932//1057 933//1052 1169//1058
f 1169//1058 1170//1059 932//1057
f 1170//1059 1171//1060 932//1057
f 921//1061 932//1057 1172//1062
f 1172//1062 1173//1063 921//1061
f 1173//1063 1174//1064 921//1061
f 919//1065 1175//1066 1176//1067
f 919//1065 1177//1068 1178//1069
f 1178//1069 1179//1070 919//1065
f 1179//1070 1175//1066 919//1065
f 919//1065 921//1061 1180//1071
f 1180//1071 1177//1068 919//1065
f 1106//965 1181//1072 1182//1073
f 1182//1073 1183//1074 1106//965
f 920//1075 919//1065 1184//1076
f 1184//1076 1106//965 920//1075
f 1184//1076 1181//1072 1106//965
f 944//995 1123//995 1185//1077
f 1123//995 1186//1078 1185//1077
f 1123//995 1187//1079 1188//1080
f 1123//995 1189//1081 1187//1079
f 1188//1080 1186//1078 1123//995
f 951//1082 1190//1083 1191//1084
f 951//1082 1192//1085 1190//1083
f 1191//1084 1193//1086 951//1082
f 943//1087 1185//1077 1194//1088
f 1194//1088 951//1082 943//1087
f 1194//1088 1192//1085 951//1082
f 942//1089 1195//1090 1196//1091
f 951//1082 1197//1092 1195//1090
f 1195//1090 942//1089 951//1082
f 941//1093 1198//1094 1199//1095
f 942//1089 1200//1096 1198//1094
f 1198//1094 941//1093 942//1089
f 940//1097 1201//1098 1202//1099
f 941//1093 1203//1100 1204//1101
f 1204//1101 940//1097 941//1093
f 1204//1101 1201//1098 940//1097
f 940//1097 1205//1102 1206//1103
f 1206//1103 938//1104 940//1097
f 939//1105 1207//1106 1208//1107
f 938//1104 1209//1108 1210//1109
f 1210//1109 939//1105 938//1104
f 1210//1109 1207//1106 939//1105
f 939//1105 1211//1110 1212//1111
f 1212//1111 937//1112 939//1105
f 936//1113 1213//1114 1214//1115
f 936//1113 937//1112 1215//1116
f 1215//1116 1216//1117 936//1113
f 1216//1117 1213//1114 936//1113
f 927//1118 936//1113 1217//1119
f 1217//1119 1218//1120 927//1118
f 926//1121 927//1118 1219//1122
f 1219//1122 1220//1123 926//1121
f 1220//1123 1221//1124 926//1121
f 1221//1124 1222//1125 926//1121
f 925//1126 926//1121 1223//1127
f 1223//1127 1224//1128 925//1126
f 1224//1128 1225//1129 925//1126
f 923//1130 925//1126 1226//1131
f 1226//1131 1227//1132 923//1130
f 1227//1132 1228//1133 923//1130
f 924//1134 1229//1135 1230//1136
f 924//1134 1231//1137 1232//1138
f 1232//1138 1233//1139 924//1134
f 1233//1139 1229//1135 924//1134
f 924//1134 923//1130 1234//1140
f 1234//1140 1231//1137 924//1134
f 1121//992 1235//1141 1236//1142
f 1236//1142 1237//1143 1121//992
f 952//1144 924//1134 1238//1145
f 1238//1145 1121//992 952//1144
f 1238//1145 1235//1141 1121//992
f 1237//1143 1239//1146 1121//992
f 1230//1136 1238//1145 924//1134
f 1228//1133 1234//1140 923//1130
f 1225//1129 1226//1131 925//1126
f 1222//1125 1223//1127 926//1121
f 1218//1120 1219//1122 927//1118
f 1214//1115 1217//1119 936//1113
f 1212//1111 1215//1116 937//1112
f 1208//1107 1211//1110 939//1105
f 1206//1103 1209//1108 938//1104
f 1202//1099 1205//1102 940//1097
f 1199//1095 1203//1100 941//1093
f 1196//1091 1200//1096 942//1089
f 1193//1086 1197//1092 951//1082
f 1185//1077 943//1087 944//995
f 1183//1074 1240//1147 1106//965
f 1176//1067 1184//1076 919//1065
f 1174//1064 1180//1071 921//1061
f 1171//1060 1172//1062 932//1057
f 1168//1056 1169//1058 933//1052
f 1164//1051 1165//1053 914//1049
f 1160//1046 1163//1050 913//1044
f 1156//1041 1161//1047 915//1039
f 1152//1036 1157//1042 899//1034
f 1150//1032 1153//1037 898//1033
f 1146//1028 1149//1031 900//1026
f 1143//1024 1148//1030 901//1022
f 1140//1020 1144//1025 902//1018
f 1137//1015 1141//1021 910//1011
f 1129//1006 907//1016 908//967
f 928//1004 917//958 1100//958
f 948//1005 928//1004 1128//1004
f 949//1003 948//1005 1127//1002
f 947//1001 949//1003 1126//1000
f 945//999 947//1001 1125//998
f 946//997 945//999 1124//996
f 944//995 946//997 1122//994
f 935//993 952//1144 1121//992
f 934//991 935//993 1120//990
f 922//989 934//991 1119//988
f 912//987 922//989 1118//986
f 911//985 912//987 1117//984
f 906//983 911//985 1116//982
f 905//981 906//983 1115//980
f 897//979 905//981 1114//978
f 895//977 897//979 1113//976
f 896//975 895//977 1112//974
f 904//973 896//975 1111//972
f 903//971 904//973 1110//970
f 909//969 903//971 1109//968
f 908//967 909//969 1107//966
f 950//964 920//1075 1106//965
f 931//963 950//964 1105//964
f 930//962 931//963 1104//963
f 929//961 930//962 1103//962
f 918//960 929//961 1102//961
f 916//959 918//960 1101//960
f 917//958 916//959 1099//959
f 1109//1148 1112//1148 1113//1148
f 1109//1148 1110//1148 1111//1148
f 1109//1148 1114//1148 1115//1148
f 1111//1148 1112//1148 1109//1148
f 1108//1148 1117//1148 1118//1148
f 1113//1148 1114//1148 1109//1148
f 1116//1148 1108//1148 1107//1148
f 1108//1148 1116//1148 1117//1148
f 1107//1148 1109//1148 1116//1148
f 1108//1148 1119//1148 1120//1148
f 1115//1148 1116//1148 1109//1148
f 1118//1148 1119//1148 1108//1148
f 1120//1148 1121//1148 1108//1148
f 1239//1148 1133//1148 1108//1148
f 1121//1148 1239//1148 1108//1148
f 1124//1148 1125//1148 1126//1148
f 1123//1148 1103//1148 1104//1148
f 1123//1148 1101//1148 1102//1148
f 1126//1148 1127//1148 1124//1148
f 1128//1148 1123//1148 1122//1148
f 1102//1148 1103//1148 1123//1148
f 1123//1148 1128//1148 1100//1148
f 1122//1148 1124//1148 1128//1148
f 1123//1148 1099//1148 1101//1148
f 1127//1148 1128//1148 1124//1148
f 1100//1148 1099//1148 1123//1148
f 1104//1148 1105//1148 1123//1148
f 1106//1148 1189//1148 1123//1148
f 1105//1148 1106//1148 1123//1148
f 1106//1148 1240//1148 1189//1148
f 1241//1149 1242//1149 1243//1149
f 1244//1149 1245//1149 1246//1149
f 1244//1149 1247//1149 1248//1149
f 1249//1149 1250//1149 1251//1149
f 1249//1149 1252//1149 1253//1149
f 1254//1149 1255//1149 1256//1149
f 1241//1149 1257//1149 1258//1149
f 1241//1149 1259//1149 1260//1149
f 1243//1149 1261//1149 1241//1149
f 1241//1149 1262//1149 1263//1149
f 1241//1149 1264//1149 1265//1149
f 1241//1149 1244//1149 1266//1149
f 1248//1149 1245//1149 1244//1149
f 1244//1149 1241//1149 1267//1149
f 1249//1149 1268//1149 1269//1149
f 1253//1149 1250//1149 1249//1149
f 1254//1149 1270//1149 1271//1149
f 1254//1149 1272//1149 1273//1149
f 1254//1149 1274//1149 1275//1149
f 1254//1149 1276//1149 1255//1149
f 1254//1149 1277//1149 1278//1149
f 1254//1149 1279//1149 1280//1149
f 1258//1149 1281//1149 1241//1149
f 1261//1149 1259//1149 1241//1149
f 1241//1149 1282//1149 1283//1149
f 1241//1149 1284//1149 1285//1149
f 1241//1149 1286//1149 1262//1149
f 1241//1149 1287//1149 1288//1149
f 1266//1149 1264//1149 1241//1149
f 1267//1149 1247//1149 1244//1149
f 1251//1149 1268//1149 1249//1149
f 1273//1149 1270//1149 1254//1149
f 1254//1149 1289//1149 1274//1149
f 1254//1149 1290//1149 1291//1149
f 1254//1149 1292//1149 1293//1149
f 1254//1149 1294//1149 1295//1149
f 1278//1149 1276//1149 1254//1149
f 1254//1149 1296//1149 1279//1149
f 1260//1149 1257//1149 1241//1149
f 1285//1149 1282//1149 1241//1149
f 1288//1149 1286//1149 1241//1149
f 1246//1149 1297//1149 1244//1149
f 1271//1149 1249//1149 1254//1149
f 1291//1149 1289//1149 1254//1149
f 1295//1149 1292//1149 1254//1149
f 1280//1149 1277//1149 1254//1149
f 1283//1149 1242//1149 1241//1149
f 1265//1149 1287//1149 1241//1149
f 1275//1149 1272//1149 1254//1149
f 1256//1149 1294//1149 1254//1149
f 1263//1149 1284//1149 1241//1149
f 1293//1149 1290//1149 1254//1149
f 1296//1149 1158//1149 1241//1149
f 1269//1149 1254//1149 1249//1149
f 1296//1149 1155//1149 1158//1149
f 1254//1149 1156//1149 1296//1149
f 1156//1149 1155//1149 1296//1149
f 1281//1149 1296//1149 1241//1149
f 1254//1150 1162//1151 1161//1152
f 1254//1150 1269//1153 1159//1154
f 1269//1153 1160//1153 1159//1154
f 1268//1155 1164//1155 1163//1156
f 1163//1156 1269//1153 1268//1155
f 1251//1157 1165//1158 1164//1155
f 1251//1157 1166//1159 1165//1158
f 1251//1157 1250//1160 1167//1161
f 1250//1160 1168//1160 1167//1161
f 1253//1162 1169//1163 1168//1160
f 1253//1162 1170//1162 1169//1163
f 1252//1164 1171//1164 1170//1162
f 1249//1165 1172//1166 1171//1164
f 1249//1165 1173//1165 1172//1166
f 1271//1167 1174//1167 1173//1165
f 1270//1168 1180//1169 1174//1167
f 1270//1168 1177//1168 1180//1169
f 1273//1170 1178//1171 1177//1168
f 1273//1170 1179//1170 1178//1171
f 1272//1172 1175//1173 1179//1170
f 1272//1172 1176//1172 1175//1173
f 1275//1174 1184//1175 1176//1172
f 1275//1174 1181//1174 1184//1175
f 1274//1176 1182//1177 1181//1174
f 1274//1176 1183//1176 1182//1177
f 1289//1178 1291//1179 1298//1179
f 1291//1179 1290//1180 1299//1180
f 1290//1180 1293//1181 1300//1181
f 1293//1181 1292//1182 1301//1182
f 1292//1182 1295//1183 1302//1183
f 1295//1183 1294//1184 1303//1184
f 1294//1184 1256//1185 1304//1185
f 1256//1185 1255//1186 1305//1186
f 1255//1186 1276//1187 1306//1187
f 1276//1187 1278//1188 1307//1188
f 1278//1188 1277//1189 1308//1189
f 1277//1189 1280//1190 1309//1190
f 1280//1190 1279//1191 1310//1191
f 1279//1191 1296//1192 1311//1192
f 1296//1192 1281//1193 1312//1193
f 1281//1193 1258//1194 1313//1194
f 1258//1194 1257//1195 1314//1195
f 1257//1195 1260//1196 1315//1196
f 1260//1196 1259//1197 1316//1197
f 1259//1197 1261//1198 1317//1198
f 1261//1198 1243//1199 1318//1199
f 1241//1200 1158//1201 1157//1202
f 1241//1200 1152//1203 1151//1204
f 1151//1204 1267//1205 1241//1200
f 1247//1206 1267//1205 1153//1207
f 1267//1205 1154//1208 1153//1207
f 1248//1209 1247//1206 1150//1210
f 1150//1210 1149//1211 1248//1209
f 1248//1209 1146//1212 1145//1213
f 1145//1213 1245//1214 1248//1209
f 1246//1215 1245//1214 1147//1216
f 1147//1216 1148//1217 1246//1215
f 1297//1218 1246//1215 1143//1219
f 1244//1220 1297//1218 1142//1221
f 1142//1221 1144//1222 1244//1220
f 1266//1223 1244//1220 1140//1224
f 1264//1225 1266//1223 1139//1226
f 1139//1226 1141//1227 1264//1225
f 1265//1228 1264//1225 1137//1229
f 1137//1229 1135//1230 1265//1228
f 1287//1231 1265//1228 1134//1232
f 1134//1232 1136//1233 1287//1231
f 1288//1234 1287//1231 1138//1235
f 1138//1235 1129//1236 1288//1234
f 1286//1237 1288//1234 1130//1238
f 1130//1238 1132//1239 1286//1237
f 1319//1240 1320//1241 1196//1241
f 1321//1242 1319//1240 1195//1243
f 1195//1243 1197//1244 1321//1242
f 1322//1245 1321//1242 1193//1246
f 1193//1246 1191//1247 1322//1245
f 1323//1248 1322//1245 1190//1249
f 1190//1249 1192//1250 1323//1248
f 1324//1251 1323//1248 1194//1252
f 1194//1252 1185//1253 1324//1251
f 1325//1254 1324//1251 1186//1255
f 1186//1255 1188//1256 1325//1254
f 1274//1176 1289//1178 1240//1257
f 1289//1178 1326//1258 1189//1257
f 1326//1258 1325//1254 1187//1259
f 1187//1259 1189//1257 1326//1258
f 1189//1257 1240//1257 1289//1178
f 1327//1260 1328//1261 1199//1261
f 1328//1261 1329//1262 1204//1263
f 1204//1263 1203//1264 1328//1261
f 1329//1262 1330//1265 1202//1265
f 1202//1265 1201//1266 1329//1262
f 1330//1265 1331//1267 1206//1267
f 1206//1267 1205//1268 1330//1265
f 1331//1267 1332//1269 1210//1270
f 1210//1270 1209//1271 1331//1267
f 1332//1269 1333//1272 1208//1272
f 1208//1272 1207//1273 1332//1269
f 1333//1272 1334//1274 1212//1274
f 1212//1274 1211//1275 1333//1272
f 1335//1276 1216//1277 1215//1278
f 1215//1278 1334//1274 1335//1276
f 1336//1279 1213//1280 1216//1277
f 1336//1279 1214//1279 1213//1280
f 1337//1281 1217//1282 1214//1279
f 1337//1281 1218//1281 1217//1282
f 1338//1283 1220//1284 1219//1285
f 1219//1285 1337//1281 1338//1283
f 1339//1286 1221//1287 1220//1284
f 1339//1286 1222//1286 1221//1287
f 1340//1288 1223//1289 1222//1286
f 1340//1288 1224//1288 1223//1289
f 1341//1290 1225//1290 1224//1288
f 1342//1291 1226//1292 1225//1290
f 1342//1291 1227//1291 1226//1292
f 1343//1293 1228//1293 1227//1291
f 1344//1294 1234//1295 1228//1293
f 1344//1294 1231//1294 1234//1295
f 1345//1296 1232//1297 1231//1294
f 1345//1296 1233//1296 1232//1297
f 1346//1298 1229//1299 1233//1296
f 1346//1298 1230//1298 1229//1299
f 1347//1300 1238//1301 1230//1298
f 1347//1300 1235//1300 1238//1301
f 1348//1302 1236//1303 1235//1300
f 1348//1302 1237//1302 1236//1303
f 1349//1304 1239//1305 1237//1302
f 1262//1304 1133//1305 1239//1305
f 1239//1305 1349//1304 1262//1304
f 1286//1237 1131//1306 1133//1305
f 1133//1305 1262//1304 1286//1237
f 1263//1307 1262//1304 1349//1304
f 1284//1308 1263//1307 1350//1307
f 1285//1309 1284//1308 1351//1308
f 1282//1310 1285//1309 1352//1309
f 1283//1311 1282//1310 1353//1310
f 1242//1312 1283//1311 1354//1311
f 1318//1199 1243//1199 1355//1313
f 1242//1312 1356//1312 1355//1313
f 1355//1313 1243//1199 1242//1312
f 1357//1314 1327//1260 1198//1315
f 1198//1315 1200//1316 1357//1314
f 1320//1241 1358//1317 1357//1314
f 1357//1314 1196//1241 1320//1241
f 1200//1316 1196//1241 1357//1314
f 1355//1313 1359//1318 1318//1199
f 1354//1311 1356//1312 1242//1312
f 1353//1310 1354//1311 1283//1311
f 1352//1309 1353//1310 1282//1310
f 1351//1308 1352//1309 1285//1309
f 1350//1307 1351//1308 1284//1308
f 1349//1304 1350//1307 1263//1307
f 1237//1302 1348//1302 1349//1304
f 1235//1300 1347//1300 1348//1302
f 1230//1298 1346//1298 1347//1300
f 1233//1296 1345//1296 1346//1298
f 1231//1294 1344//1294 1345//1296
f 1228//1293 1343//1293 1344//1294
f 1227//1291 1342//1291 1343//1293
f 1225//1290 1341//1290 1342//1291
f 1224//1288 1340//1288 1341//1290
f 1222//1286 1339//1286 1340//1288
f 1220//1284 1338//1283 1339//1286
f 1219//1285 1218//1281 1337//1281
f 1214//1279 1336//1279 1337//1281
f 1216//1277 1335//1276 1336//1279
f 1215//1278 1212//1274 1334//1274
f 1211//1275 1208//1272 1333//1272
f 1207//1273 1210//1270 1332//1269
f 1209//1271 1206//1267 1331//1267
f 1205//1268 1202//1265 1330//1265
f 1201//1266 1204//1263 1329//1262
f 1203//1264 1199//1261 1328//1261
f 1199//1261 1198//1315 1327//1260
f 1240//1257 1183//1176 1274//1176
f 1188//1256 1187//1259 1325//1254
f 1185//1253 1186//1255 1324//1251
f 1192//1250 1194//1252 1323//1248
f 1191//1247 1190//1249 1322//1245
f 1197//1244 1193//1246 1321//1242
f 1196//1241 1195//1243 1319//1240
f 1132//1239 1131//1306 1286//1237
f 1129//1236 1130//1238 1288//1234
f 1136//1233 1138//1235 1287//1231
f 1135//1230 1134//1232 1265//1228
f 1141//1227 1137//1229 1264//1225
f 1140//1224 1139//1226 1266//1223
f 1144//1222 1140//1224 1244//1220
f 1143//1219 1142//1221 1297//1218
f 1148//1217 1143//1219 1246//1215
f 1145//1213 1147//1216 1245//1214
f 1149//1211 1146//1212 1248//1209
f 1153//1207 1150//1210 1247//1206
f 1151//1204 1154//1208 1267//1205
f 1157//1202 1152//1203 1241//1200
f 1318//1199 1317//1198 1261//1198
f 1317//1198 1316//1197 1259//1197
f 1316//1197 1315//1196 1260//1196
f 1315//1196 1314//1195 1257//1195
f 1314//1195 1313//1194 1258//1194
f 1313//1194 1312//1193 1281//1193
f 1312//1193 1311//1192 1296//1192
f 1311//1192 1310//1191 1279//1191
f 1310//1191 1309//1190 1280//1190
f 1309//1190 1308//1189 1277//1189
f 1308//1189 1307//1188 1278//1188
f 1307//1188 1306//1187 1276//1187
f 1306//1187 1305//1186 1255//1186
f 1305//1186 1304//1185 1256//1185
f 1304//1185 1303//1184 1294//1184
f 1303//1184 1302//1183 1295//1183
f 1302//1183 1301//1182 1292//1182
f 1301//1182 1300//1181 1293//1181
f 1300//1181 1299//1180 1290//1180
f 1299//1180 1298//1179 1291//1179
f 1298//1179 1326//1258 1289//1178
f 1181//1174 1275//1174 1274//1176
f 1176//1172 1272//1172 1275//1174
f 1179//1170 1273//1170 1272//1172
f 1177//1168 1270//1168 1273//1170
f 1174//1167 1271//1167 1270//1168
f 1173//1165 1249//1165 1271//1167
f 1171//1164 1252//1164 1249//1165
f 1170//1162 1253//1162 1252//1164
f 1168//1160 1250//1160 1253//1162
f 1167//1161 1166//1159 1251//1157
f 1164//1155 1268//1155 1251//1157
f 1163//1156 1160//1153 1269//1153
f 1159//1154 1162//1151 1254//1150
f 1161//1152 1156//1319 1254//1150
f 1357//1320 1358//1320 1360//1320
f 1360//1320 1361//1320 1357//1320
f 1362//1321 1361//1320 1360//1320
f 1363//1322 1362//1321 1364//1321
f 1365//1323 1363//1322 1366//1322
f 1367//1324 1365//1323 1368//1323
f 1369//1325 1367//1324 1370//1324
f 1371//1326 1369//1325 1372//1325
f 1373//1327 1371//1326 1374//1326
f 1375//1328 1373//1327 1376//1327
f 1377//1329 1375//1328 1378//1328
f 1379//1330 1377//1329 1380//1329
f 1381//1331 1379//1330 1382//1330
f 1383//1332 1381//1331 1384//1331
f 1385//1333 1383//1332 1386//1332
f 1387//1334 1385//1333 1388//1333
f 1389//1335 1387//1334 1390//1334
f 1391//1336 1389//1335 1392//1335
f 1393//1337 1391//1336 1394//1336
f 1395//1338 1393//1337 1396//1337
f 1397//1339 1395//1338 1398//1338
f 1399//1340 1397//1339 1400//1339
f 1401//1341 1399//1340 1402//1340
f 1403//1342 1401//1341 1404//1341
f 1405//1343 1403//1342 1406//1342
f 1407//1344 1405//1343 1408//1343
f 1409//1345 1407//1344 1410//1344
f 1411//1346 1409//1345 1412//1345
f 1413//1347 1411//1346 1414//1346
f 1415//1348 1413//1347 1416//1347
f 1417//1349 1415//1348 1418//1348
f 1418//1348 1419//1349 1417//1349
f 1416//1347 1418//1348 1415//1348
f 1414//1346 1416//1347 1413//1347
f 1412//1345 1414//1346 1411//1346
f 1410//1344 1412//1345 1409//1345
f 1408//1343 1410//1344 1407//1344
f 1406//1342 1408//1343 1405//1343
f 1404//1341 1406//1342 1403//1342
f 1402//1340 1404//1341 1401//1341
f 1400//1339 1402//1340 1399//1340
f 1398//1338 1400//1339 1397//1339
f 1396//1337 1398//1338 1395//1338
f 1394//1336 1396//1337 1393//1337
f 1392//1335 1394//1336 1391//1336
f 1390//1334 1392//1335 1389//1335
f 1388//1333 1390//1334 1387//1334
f 1386//1332 1388//1333 1385//1333
f 1384//1331 1386//1332 1383//1332
f 1382//1330 1384//1331 1381//1331
f 1380//1329 1382//1330 1379//1330
f 1378//1328 1380//1329 1377//1329
f 1376//1327 1378//1328 1375//1328
f 1374//1326 1376//1327 1373//1327
f 1372//1325 1374//1326 1371//1326
f 1370//1324 1372//1325 1369//1325
f 1368//1323 1370//1324 1367//1324
f 1366//1322 1368//1323 1365//1323
f 1364//1321 1366//1322 1363//1322
f 1360//1320 1364//1321 1362//1321
f 1417//1349 1419//1349 1420//1349
f 1420//1349 1421//1349 1417//1349
f 1422//1350 1423//1350 1424//1351
f 1425//1351 1424//1351 1426//1352
f 1427//1352 1426//1352 1428//1353
f 1429//1353 1428//1353 1430//1354
f 1431//1354 1430//1354 1432//1355
f 1433//1355 1432//1355 1434//1356
f 1435//1356 1434//1356 1436//1357
f 1437//1357 1436//1357 1438//1358
f 1439//1358 1438//1358 1440//1359
f 1441//1359 1440//1359 1442//1360
f 1443//1360 1442//1360 1444//1361
f 1445//1361 1444//1361 1446//1362
f 1447//1362 1446//1362 1448//1363
f 1449//1363 1448//1363 1450//1364
f 1451//1364 1450//1364 1452//1365
f 1453//1365 1452//1365 1454//1366
f 1455//1366 1454//1366 1456//1367
f 1457//1367 1456//1367 1458//1368
f 1459//1368 1458//1368 1460//1369
f 1461//1369 1460//1369 1462//1370
f 1463//1370 1462//1370 1464//1371
f 1465//1371 1464//1371 1466//1372
f 1467//1372 1466//1372 1468//1373
f 1469//1373 1468//1373 1470//1374
f 1471//1374 1470//1374 1472//1375
f 1473//1375 1472//1375 1474//1376
f 1475//1376 1474//1376 1476//1377
f 1477//1377 1476//1377 1478//1378
f 1479//1378 1478//1378 1421//1379
f 1421//1379 1420//1379 1479//1378
f 1478//1378 1479//1378 1477//1377
f 1476//1377 1477//1377 1475//1376
f 1474//1376 1475//1376 1473//1375
f 1472//1375 1473//1375 1471//1374
f 1470//1374 1471//1374 1469//1373
f 1468//1373 1469//1373 1467//1372
f 1466//1372 1467//1372 1465//1371
f 1464//1371 1465//1371 1463//1370
f 1462//1370 1463//1370 1461//1369
f 1460//1369 1461//1369 1459//1368
f 1458//1368 1459//1368 1457//1367
f 1456//1367 1457//1367 1455//1366
f 1454//1366 1455//1366 1453//1365
f 1452//1365 1453//1365 1451//1364
f 1450//1364 1451//1364 1449//1363
f 1448//1363 1449//1363 1447//1362
f 1446//1362 1447//1362 1445//1361
f 1444//1361 1445//1361 1443//1360
f 1442//1360 1443//1360 1441//1359
f 1440//1359 1441//1359 1439//1358
f 1438//1358 1439//1358 1437//1357
f 1436//1357 1437//1357 1435//1356
f 1434//1356 1435//1356 1433//1355
f 1432//1355 1433//1355 1431//1354
f 1430//1354 1431//1354 1429//1353
f 1428//1353 1429//1353 1427//1352
f 1426//1352 1427//1352 1425//1351
f 1424//1351 1425//1351 1422//1350
f 1423//1380 1422//1380 1480//1380
f 1480//1380 1481//1380 1423//1380
f 1482//1381 1481//1380 1480//1380
f 1483//1382 1482//1381 1484//1381
f 1485//1383 1483//1382 1486//1382
f 1487//1384 1485//1383 1488//1383
f 1489//1385 1487//1384 1490//1384
f 1491//1386 1489//1385 1492//1385
f 1493//1387 1491//1386 1494//1386
f 1495//1388 1493//1387 1496//1387
f 1497//1389 1495//1388 1498//1388
f 1499//1390 1497//1389 1500//1389
f 1501//1391 1499//1390 1502//1390
f 1503//1392 1501//1391 1504//1391
f 1505//1393 1503//1392 1506//1392
f 1507//1394 1505//1393 1508//1393
f 1509//1395 1507//1394 1510//1394
f 1511//1396 1509//1395 1512//1395
f 1513//1397 1511//1396 1514//1396
f 1515//1398 1513//1397 1516//1397
f 1517//1399 1515//1398 1518//1398
f 1519//1400 1517//1399 1520//1399
f 1521//1401 1519//1400 1522//1400
f 1523//1402 1521//1401 1524//1401
f 1525//1403 1523//1402 1526//1402
f 1527//1404 1525//1403 1528//1403
f 1529//1405 1527//1404 1530//1404
f 1531//1406 1529//1405 1532//1405
f 1533//1407 1531//1406 1534//1406
f 1535//1408 1533//1407 1536//1407
f 1537//1409 1535//1408 1538//1408
f 1538//1408 1539//1409 1537//1409
f 1536//1407 1538//1408 1535//1408
f 1534//1406 1536//1407 1533//1407
f 1532//1405 1534//1406 1531//1406
f 1530//1404 1532//1405 1529//1405
f 1528//1403 1530//1404 1527//1404
f 1526//1402 1528//1403 1525//1403
f 1524//1401 1526//1402 1523//1402
f 1522//1400 1524//1401 1521//1401
f 1520//1399 1522//1400 1519//1400
f 1518//1398 1520//1399 1517//1399
f 1516//1397 1518//1398 1515//1398
f 1514//1396 1516//1397 1513//1397
f 1512//1395 1514//1396 1511//1396
f 1510//1394 1512//1395 1509//1395
f 1508//1393 1510//1394 1507//1394
f 1506//1392 1508//1393 1505//1393
f 1504//1391 1506//1392 1503//1392
f 1502//1390 1504//1391 1501//1391
f 1500//1389 1502//1390 1499//1390
f 1498//1388 1500//1389 1497//1389
f 1496//1387 1498//1388 1495//1388
f 1494//1386 1496//1387 1493//1387
f 1492//1385 1494//1386 1491//1386
f 1490//1384 1492//1385 1489//1385
f 1488//1383 1490//1384 1487//1384
f 1486//1382 1488//1383 1485//1383
f 1484//1381 1486//1382 1483//1382
f 1480//1380 1484//1381 1482//1381
f 1537//1409 1539//1409 1540//1409
f 1540//1409 1541//1409 1537//1409
f 1542//1410 1543//1410 1544//1411
f 1545//1411 1544//1411 1546//1412
f 1547//1412 1546//1412 1548//1413
f 1549//1413 1548//1413 1550//1414
f 1551//1414 1550//1414 1552//1415
f 1553//1415 1552//1415 1554//1416
f 1555//1416 1554//1416 1556//1417
f 1557//1417 1556//1417 1558//1418
f 1559//1418 1558//1418 1560//1419
f 1561//1419 1560//1419 1562//1420
f 1563//1420 1562//1420 1564//1421
f 1565//1421 1564//1421 1566//1422
f 1567//1422 1566//1422 1568//1423
f 1569//1423 1568//1423 1570//1424
f 1571//1424 1570//1424 1572//1425
f 1573//1425 1572//1425 1574//1426
f 1575//1426 1574//1426 1576//1427
f 1577//1427 1576//1427 1578//1428
f 1579//1428 1578//1428 1580//1429
f 1581//1429 1580//1429 1582//1430
f 1583//1430 1582//1430 1584//1431
f 1585//1431 1584//1431 1586//1432
f 1587//1432 1586//1432 1588//1433
f 1589//1433 1588//1433 1590//1434
f 1591//1434 1590//1434 1592//1435
f 1593//1435 1592//1435 1594//1436
f 1595//1436 1594//1436 1596//1437
f 1597//1437 1596//1437 1598//1438
f 1599//1438 1598//1438 1541//1439
f 1541//1439 1540//1439 1599//1438
f 1598//1438 1599//1438 1597//1437
f 1596//1437 1597//1437 1595//1436
f 1594//1436 1595//1436 1593//1435
f 1592//1435 1593//1435 1591//1434
f 1590//1434 1591//1434 1589//1433
f 1588//1433 1589//1433 1587//1432
f 1586//1432 1587//1432 1585//1431
f 1584//1431 1585//1431 1583//1430
f 1582//1430 1583//1430 1581//1429
f 1580//1429 1581//1429 1579//1428
f 1578//1428 1579//1428 1577//1427
f 1576//1427 1577//1427 1575//1426
f 1574//1426 1575//1426 1573//1425
f 1572//1425 1573//1425 1571//1424
f 1570//1424 1571//1424 1569//1423
f 1568//1423 1569//1423 1567//1422
f 1566//1422 1567//1422 1565//1421
f 1564//1421 1565//1421 1563//1420
f 1562//1420 1563//1420 1561//1419
f 1560//1419 1561//1419 1559//1418
f 1558//1418 1559//1418 1557//1417
f 1556//1417 1557//1417 1555//1416
f 1554//1416 1555//1416 1553//1415
f 1552//1415 1553//1415 1551//1414
f 1550//1414 1551//1414 1549//1413
f 1548//1413 1549//1413 1547//1412
f 1546//1412 1547//1412 1545//1411
f 1544//1411 1545//1411 1542//1410
f 1543//1440 1542//1440 1600//1440
f 1600//1440 1601//1440 1543//1440
f 1602//1441 1601//1440 1600//1440
f 1603//1442 1602//1441 1604//1441
f 1605//1443 1603//1442 1606//1442
f 1607//1444 1605//1443 1608//1443
f 1609//1445 1607//1444 1610//1444
f 1611//1446 1609//1445 1612//1445
f 1613//1447 1611//1446 1614//1446
f 1615//1448 1613//1447 1616//1447
f 1617//1449 1615//1448 1618//1448
f 1619//1450 1617//1449 1620//1449
f 1621//1451 1619//1450 1622//1450
f 1623//1452 1621//1451 1624//1451
f 1625//1453 1623//1452 1626//1452
f 1627//1454 1625//1453 1628//1453
f 1629//1455 1627//1454 1630//1454
f 1631//1456 1629//1455 1632//1455
f 1633//1457 1631//1456 1634//1456
f 1635//1458 1633//1457 1636//1457
f 1637//1459 1635//1458 1638//1458
f 1639//1460 1637//1459 1640//1459
f 1641//1461 1639//1460 1642//1460
f 1643//1462 1641//1461 1644//1461
f 1645//1463 1643//1462 1646//1462
f 1647//1464 1645//1463 1648//1463
f 1649//1465 1647//1464 1650//1464
f 1651//1466 1649//1465 1652//1465
f 1653//1467 1651//1466 1654//1466
f 1655//1468 1653//1467 1656//1467
f 1657//1469 1655//1468 1658//1468
f 1658//1468 1659//1469 1657//1469
f 1656//1467 1658//1468 1655//1468
f 1654//1466 1656//1467 1653//1467
f 1652//1465 1654//1466 1651//1466
f 1650//1464 1652//1465 1649//1465
f 1648//1463 1650//1464 1647//1464
f 1646//1462 1648//1463 1645//1463
f 1644//1461 1646//1462 1643//1462
f 1642//1460 1644//1461 1641//1461
f 1640//1459 1642//1460 1639//1460
f 1638//1458 1640//1459 1637//1459
f 1636//1457 1638//1458 1635//1458
f 1634//1456 1636//1457 1633//1457
f 1632//1455 1634//1456 1631//1456
f 1630//1454 1632//1455 1629//1455
f 1628//1453 1630//1454 1627//1454
f 1626//1452 1628//1453 1625//1453
f 1624//1451 1626//1452 1623//1452
f 1622//1450 1624//1451 1621//1451
f 1620//1449 1622//1450 1619//1450
f 1618//1448 1620//1449 1617//1449
f 1616//1447 1618//1448 1615//1448
f 1614//1446 1616//1447 1613//1447
f 1612//1445 1614//1446 1611//1446
f 1610//1444 1612//1445 1609//1445
f 1608//1443 1610//1444 1607//1444
f 1606//1442 1608//1443 1605//1443
f 1604//1441 1606//1442 1603//1442
f 1600//1440 1604//1441 1602//1441
f 1657//1469 1659//1469 1660//1469
f 1660//1469 1661//1469 1657//1469
f 1662//1470 1663//1470 1664//1471
f 1665//1471 1664//1471 1666//1472
f 1667//1472 1666//1472 1668//1473
f 1669//1473 1668//1473 1670//1474
f 1671//1474 1670//1474 1672//1475
f 1673//1475 1672//1475 1674//1476
f 1675//1476 1674//1476 1676//1477
f 1677//1477 1676//1477 1678//1478
f 1679//1478 1678//1478 1680//1479
f 1681//1479 1680//1479 1682//1480
f 1683//1480 1682//1480 1684//1481
f 1685//1481 1684//1481 1686//1482
f 1687//1482 1686//1482 1688//1483
f 1689//1483 1688//1483 1690//1484
f 1691//1484 1690//1484 1692//1485
f 1693//1485 1692//1485 1694//1486
f 1695//1486 1694//1486 1696//1487
f 1697//1487 1696//1487 1698//1488
f 1699//1488 1698//1488 1700//1489
f 1701//1489 1700//1489 1702//1490
f 1703//1490 1702//1490 1704//1491
f 1705//1491 1704//1491 1706//1492
f 1707//1492 1706//1492 1708//1493
f 1709//1493 1708//1493 1710//1494
f 1711//1494 1710//1494 1712//1495
f 1713//1495 1712//1495 1714//1496
f 1715//1496 1714//1496 1716//1497
f 1717//1497 1716//1497 1718//1498
f 1719//1498 1718//1498 1661//1499
f 1661//1499 1660//1499 1719//1498
f 1718//1498 1719//1498 1717//1497
f 1716//1497 1717//1497 1715//1496
f 1714//1496 1715//1496 1713//1495
f 1712//1495 1713//1495 1711//1494
f 1710//1494 1711//1494 1709//1493
f 1708//1493 1709//1493 1707//1492
f 1706//1492 1707//1492 1705//1491
f 1704//1491 1705//1491 1703//1490
f 1702//1490 1703//1490 1701//1489
f 1700//1489 1701//1489 1699//1488
f 1698//1488 1699//1488 1697//1487
f 1696//1487 1697//1487 1695//1486
f 1694//1486 1695//1486 1693//1485
f 1692//1485 1693//1485 1691//1484
f 1690//1484 1691//1484 1689//1483
f 1688//1483 1689//1483 1687//1482
f 1686//1482 1687//1482 1685//1481
f 1684//1481 1685//1481 1683//1480
f 1682//1480 1683//1480 1681//1479
f 1680//1479 1681//1479 1679//1478
f 1678//1478 1679//1478 1677//1477
f 1676//1477 1677//1477 1675//1476
f 1674//1476 1675//1476 1673//1475
f 1672//1475 1673//1475 1671//1474
f 1670//1474 1671//1474 1669//1473
f 1668//1473 1669//1473 1667//1472
f 1666//1472 1667//1472 1665//1471
f 1664//1471 1665//1471 1662//1470
f 1663//1500 1662//1500 1720//1500
f 1720//1500 1721//1500 1663//1500
f 1355//1499 1722//1499 1723//1499
f 1723//1499 1359//1499 1355//1499
f 1724//1500 1725//1500 1726//1501
f 1727//1501 1726//1501 1728//1502
f 1729//1502 1728//1502 1730//1503
f 1731//1503 1730//1503 1732//1504
f 1733//1504 1732//1504 1734//1505
f 1735//1505 1734//1505 1736//1506
f 1737//1506 1736//1506 1738//1507
f 1739//1507 1738//1507 1740//1508
f 1741//1508 1740//1508 1742//1509
f 1743//1509 1742//1509 1744//1510
f 1745//1510 1744//1510 1746//1511
f 1747//1511 1746//1511 1748//1512
f 1749//1512 1748//1512 1750//1513
f 1751//1513 1750//1513 1752//1514
f 1753//1514 1752//1514 1754//1515
f 1755//1515 1754//1515 1756//1516
f 1757//1516 1756//1516 1758//1517
f 1759//1517 1758//1517 1760//1518
f 1761//1518 1760//1518 1762//1519
f 1763//1519 1762//1519 1764//1520
f 1765//1520 1764//1520 1766//1521
f 1767//1521 1766//1521 1768//1522
f 1769//1522 1768//1522 1770//1523
f 1771//1523 1770//1523 1772//1524
f 1773//1524 1772//1524 1774//1525
f 1775//1525 1774//1525 1776//1526
f 1777//1526 1776//1526 1778//1527
f 1779//1527 1778//1527 1780//1528
f 1781//1528 1780//1528 1723//1529
f 1723//1529 1722//1529 1781//1528
f 1780//1528 1781//1528 1779//1527
f 1778//1527 1779//1527 1777//1526
f 1776//1526 1777//1526 1775//1525
f 1774//1525 1775//1525 1773//1524
f 1772//1524 1773//1524 1771//1523
f 1770//1523 1771//1523 1769//1522
f 1768//1522 1769//1522 1767//1521
f 1766//1521 1767//1521 1765//1520
f 1764//1520 1765//1520 1763//1519
f 1762//1519 1763//1519 1761//1518
f 1760//1518 1761//1518 1759//1517
f 1758//1517 1759//1517 1757//1516
f 1756//1516 1757//1516 1755//1515
f 1754//1515 1755//1515 1753//1514
f 1752//1514 1753//1514 1751//1513
f 1750//1513 1751//1513 1749//1512
f 1748//1512 1749//1512 1747//1511
f 1746//1511 1747//1511 1745//1510
f 1744//1510 1745//1510 1743//1509
f 1742//1509 1743//1509 1741//1508
f 1740//1508 1741//1508 1739//1507
f 1738//1507 1739//1507 1737//1506
f 1736//1506 1737//1506 1735//1505
f 1734//1505 1735//1505 1733//1504
f 1732//1504 1733//1504 1731//1503
f 1730//1503 1731//1503 1729//1502
f 1728//1502 1729//1502 1727//1501
f 1726//1501 1727//1501 1724//1500
f 1782//1530 1725//1530 1724//1530
f 1724//1530 1783//1530 1782//1530
f 1784//1531 1782//1530 1783//1530
f 1785//1532 1784//1531 1786//1531
f 1787//1533 1785//1532 1788//1532
f 1789//1534 1787//1533 1790//1533
f 1791//1535 1789//1534 1792//1534
f 1793//1536 1791//1535 1794//1535
f 1795//1537 1793//1536 1796//1536
f 1797//1538 1795//1537 1798//1537
f 1799//1539 1797//1538 1800//1538
f 1801//1540 1799//1539 1802//1539
f 1803//1541 1801//1540 1804//1540
f 1805//1542 1803//1541 1806//1541
f 1807//1543 1805//1542 1808//1542
f 1809//1544 1807//1543 1810//1543
f 1811//1545 1809//1544 1812//1544
f 1813//1546 1811//1545 1814//1545
f 1815//1547 1813//1546 1816//1546
f 1817//1548 1815//1547 1818//1547
f 1819//1549 1817//1548 1820//1548
f 1821//1550 1819//1549 1822//1549
f 1823//1551 1821//1550 1824//1550
f 1825//1552 1823//1551 1826//1551
f 1827//1553 1825//1552 1828//1552
f 1829//1554 1827//1553 1830//1553
f 1831//1555 1829//1554 1832//1554
f 1833//1556 1831//1555 1834//1555
f 1835//1557 1833//1556 1836//1556
f 1837//1558 1835//1557 1838//1557
f 1839//1559 1837//1558 1840//1558
f 1840//1558 1841//1559 1839//1559
f 1838//1557 1840//1558 1837//1558
f 1836//1556 1838//1557 1835//1557
f 1834//1555 1836//1556 1833//1556
f 1832//1554 1834//1555 1831//1555
f 1830//1553 1832//1554 1829//1554
f 1828//1552 1830//1553 1827//1553
f 1826//1551 1828//1552 1825//1552
f 1824//1550 1826//1551 1823//1551
f 1822//1549 1824//1550 1821//1550
f 1820//1548 1822//1549 1819//1549
f 1818//1547 1820//1548 1817//1548
f 1816//1546 1818//1547 1815//1547
f 1814//1545 1816//1546 1813//1546
f 1812//1544 1814//1545 1811//1545
f 1810//1543 1812//1544 1809//1544
f 1808//1542 1810//1543 1807//1543
f 1806//1541 1808//1542 1805//1542
f 1804//1540 1806//1541 1803//1541
f 1802//1539 1804//1540 1801//1540
f 1800//1538 1802//1539 1799//1539
f 1798//1537 1800//1538 1797//1538
f 1796//1536 1798//1537 1795//1537
f 1794//1535 1796//1536 1793//1536
f 1792//1534 1794//1535 1791//1535
f 1790//1533 1792//1534 1789//1534
f 1788//1532 1790//1533 1787//1533
f 1786//1531 1788//1532 1785//1532
f 1783//1530 1786//1531 1784//1531
f 1842//1559 1839//1559 1841//1559
f 1841//1559 1843//1559 1842//1559
f 1844//1560 1845//1560 1846//1561
f 1847//1561 1846//1561 1848//1562
f 1849//1562 1848//1562 1850//1563
f 1851//1563 1850//1563 1852//1564
f 1853//1564 1852//1564 1854//1565
f 1855//1565 1854//1565 1856//1566
f 1857//1566 1856//1566 1858//1567
f 1859//1567 1858//1567 1860//1568
f 1861//1568 1860//1568 1862//1569
f 1863//1569 1862//1569 1864//1570
f 1865//1570 1864//1570 1866//1571
f 1867//1571 1866//1571 1868//1572
f 1869//1572 1868//1572 1870//1573
f 1871//1573 1870//1573 1872//1574
f 1873//1574 1872//1574 1874//1575
f 1875//1575 1874//1575 1876//1576
f 1877//1576 1876//1576 1878//1577
f 1879//1577 1878//1577 1880//1578
f 1881//1578 1880//1578 1882//1579
f 1883//1579 1882//1579 1884//1580
f 1885//1580 1884//1580 1886//1581
f 1887//1581 1886//1581 1888//1582
f 1889//1582 1888//1582 1890//1583
f 1891//1583 1890//1583 1892//1584
f 1893//1584 1892//1584 1894//1585
f 1895//1585 1894//1585 1896//1586
f 1897//1586 1896//1586 1898//1587
f 1899//1587 1898//1587 1900//1588
f 1901//1588 1900//1588 1842//1589
f 1842//1589 1843//1589 1901//1588
f 1900//1588 1901//1588 1899//1587
f 1898//1587 1899//1587 1897//1586
f 1896//1586 1897//1586 1895//1585
f 1894//1585 1895//1585 1893//1584
f 1892//1584 1893//1584 1891//1583
f 1890//1583 1891//1583 1889//1582
f 1888//1582 1889//1582 1887//1581
f 1886//1581 1887//1581 1885//1580
f 1884//1580 1885//1580 1883//1579
f 1882//1579 1883//1579 1881//1578
f 1880//1578 1881//1578 1879//1577
f 1878//1577 1879//1577 1877//1576
f 1876//1576 1877//1576 1875//1575
f 1874//1575 1875//1575 1873//1574
f 1872//1574 1873//1574 1871//1573
f 1870//1573 1871//1573 1869//1572
f 1868//1572 1869//1572 1867//1571
f 1866//1571 1867//1571 1865//1570
f 1864//1570 1865//1570 1863//1569
f 1862//1569 1863//1569 1861//1568
f 1860//1568 1861//1568 1859//1567
f 1858//1567 1859//1567 1857//1566
f 1856//1566 1857//1566 1855//1565
f 1854//1565 1855//1565 1853//1564
f 1852//1564 1853//1564 1851//1563
f 1850//1563 1851//1563 1849//1562
f 1848//1562 1849//1562 1847//1561
f 1846//1561 1847//1561 1844//1560
f 1902//1590 1845//1590 1844//1590
f 1844//1590 1903//1590 1902//1590
f 1904//1591 1902//1590 1903//1590
f 1905//1592 1904//1591 1906//1591
f 1907//1593 1905//1592 1908//1592
f 1909//1594 1907//1593 1910//1593
f 1911//1595 1909//1594 1912//1594
f 1913//1596 1911//1595 1914//1595
f 1915//1597 1913//1596 1916//1596
f 1917//1598 1915//1597 1918//1597
f 1919//1599 1917//1598 1920//1598
f 1921//1600 1919//1599 1922//1599
f 1923//1601 1921//1600 1924//1600
f 1925//1602 1923//1601 1926//1601
f 1927//1603 1925//1602 1928//1602
f 1929//1604 1927//1603 1930//1603
f 1931//1605 1929//1604 1932//1604
f 1933//1606 1931//1605 1934//1605
f 1935//1607 1933//1606 1936//1606
f 1937//1608 1935//1607 1938//1607
f 1939//1609 1937//1608 1940//1608
f 1941//1610 1939//1609 1942//1609
f 1943//1611 1941//1610 1944//1610
f 1945//1612 1943//1611 1946//1611
f 1947//1613 1945//1612 1948//1612
f 1949//1614 1947//1613 1950//1613
f 1951//1615 1949//1614 1952//1614
f 1953//1616 1951//1615 1954//1615
f 1955//1617 1953//1616 1956//1616
f 1957//1618 1955//1617 1958//1617
f 1959//1619 1957//1618 1960//1618
f 1960//1618 1961//1619 1959//1619
f 1958//1617 1960//1618 1957//1618
f 1956//1616 1958//1617 1955//1617
f 1954//1615 1956//1616 1953//1616
f 1952//1614 1954//1615 1951//1615
f 1950//1613 1952//1614 1949//1614
f 1948//1612 1950//1613 1947//1613
f 1946//1611 1948//1612 1945//1612
f 1944//1610 1946//1611 1943//1611
f 1942//1609 1944//1610 1941//1610
f 1940//1608 1942//1609 1939//1609
f 1938//1607 1940//1608 1937//1608
f 1936//1606 1938//1607 1935//1607
f 1934//1605 1936//1606 1933//1606
f 1932//1604 1934//1605 1931//1605
f 1930//1603 1932//1604 1929//1604
f 1928//1602 1930//1603 1927//1603
f 1926//1601 1928//1602 1925//1602
f 1924//1600 1926//1601 1923//1601
f 1922//1599 1924//1600 1921//1600
f 1920//1598 1922//1599 1919//1599
f 1918//1597 1920//1598 1917//1598
f 1916//1596 1918//1597 1915//1597
f 1914//1595 1916//1596 1913//1596
f 1912//1594 1914//1595 1911//1595
f 1910//1593 1912//1594 1909//1594
f 1908//1592 1910//1593 1907//1593
f 1906//1591 1908//1592 1905//1592
f 1903//1590 1906//1591 1904//1591
f 1962//1619 1959//1619 1961//1619
f 1961//1619 1963//1619 1962//1619
f 1964//1620 1965//1620 1966//1621
f 1967//1621 1966//1621 1968//1622
f 1969//1622 1968//1622 1970//1623
f 1971//1623 1970//1623 1972//1624
f 1973//1624 1972//1624 1974//1625
f 1975//1625 1974//1625 1976//1626
f 1977//1626 1976//1626 1978//1627
f 1979//1627 1978//1627 1980//1628
f 1981//1628 1980//1628 1982//1629
f 1983//1629 1982//1629 1984//1630
f 1985//1630 1984//1630 1986//1631
f 1987//1631 1986//1631 1988//1632
f 1989//1632 1988//1632 1990//1633
f 1991//1633 1990//1633 1992//1634
f 1993//1634 1992//1634 1994//1635
f 1995//1635 1994//1635 1996//1636
f 1997//1636 1996//1636 1998//1637
f 1999//1637 1998//1637 2000//1638
f 2001//1638 2000//1638 2002//1639
f 2003//1639 2002//1639 2004//1640
f 2005//1640 2004//1640 2006//1641
f 2007//1641 2006//1641 2008//1642
f 2009//1642 2008//1642 2010//1643
f 2011//1643 2010//1643 2012//1644
f 2013//1644 2012//1644 2014//1645
f 2015//1645 2014//1645 2016//1646
f 2017//1646 2016//1646 2018//1647
f 2019//1647 2018//1647 2020//1648
f 2021//1648 2020//1648 1962//1649
f 1962//1649 1963//1649 2021//1648
f 2020//1648 2021//1648 2019//1647
f 2018//1647 2019//1647 2017//1646
f 2016//1646 2017//1646 2015//1645
f 2014//1645 2015//1645 2013//1644
f 2012//1644 2013//1644 2011//1643
f 2010//1643 2011//1643 2009//1642
f 2008//1642 2009//1642 2007//1641
f 2006//1641 2007//1641 2005//1640
f 2004//1640 2005//1640 2003//1639
f 2002//1639 2003//1639 2001//1638
f 2000//1638 2001//1638 1999//1637
f 1998//1637 1999//1637 1997//1636
f 1996//1636 1997//1636 1995//1635
f 1994//1635 1995//1635 1993//1634
f 1992//1634 1993//1634 1991//1633
f 1990//1633 1991//1633 1989//1632
f 1988//1632 1989//1632 1987//1631
f 1986//1631 1987//1631 1985//1630
f 1984//1630 1985//1630 1983//1629
f 1982//1629 1983//1629 1981//1628
f 1980//1628 1981//1628 1979//1627
f 1978//1627 1979//1627 1977//1626
f 1976//1626 1977//1626 1975//1625
f 1974//1625 1975//1625 1973//1624
f 1972//1624 1973//1624 1971//1623
f 1970//1623 1971//1623 1969//1622
f 1968//1622 1969//1622 1967//1621
f 1966//1621 1967//1621 1964//1620
f 2022//1650 1965//1650 1964//1650
f 1964//1650 2023//1650 2022//1650
f 1963//1651 1961//1651 1543//1651
f 1602//1651 2021//1651 1963//1651
f 1963//1651 1601//1651 1602//1651
f 1960//1651 1544//1651 1543//1651
f 1950//1651 1948//1651 1556//1651
f 1948//1651 1946//1651 1558//1651
f 1543//1651 1961//1651 1960//1651
f 1960//1651 1958//1651 1546//1651
f 1952//1651 1552//1651 1550//1651
f 1952//1651 1950//1651 1554//1651
f 1558//1651 1556//1651 1948//1651
f 1946//1651 1944//1651 1560//1651
f 1373//1651 1375//1651 1767//1651
f 1375//1651 1377//1651 1765//1651
f 1546//1651 1544//1651 1960//1651
f 1603//1651 2019//1651 2021//1651
f 1605//1651 2017//1651 2019//1651
f 1605//1651 1607//1651 2015//1651
f 1611//1651 2011//1651 2013//1651
f 1611//1651 1613//1651 2009//1651
f 1554//1651 1552//1651 1952//1651
f 1560//1651 1558//1651 1946//1651
f 1934//1651 1570//1651 1568//1651
f 1934//1651 1932//1651 1572//1651
f 1371//1651 1373//1651 1769//1651
f 1765//1651 1767//1651 1375//1651
f 2021//1651 1602//1651 1603//1651
f 2015//1651 2017//1651 1605//1651
f 1607//1651 1609//1651 2013//1651
f 2009//1651 2011//1651 1611//1651
f 1615//1651 2007//1651 2009//1651
f 1615//1651 1617//1651 2005//1651
f 1621//1651 2001//1651 2003//1651
f 1623//1651 1999//1651 2001//1651
f 1625//1651 1997//1651 1999//1651
f 1625//1651 1627//1651 1995//1651
f 1556//1651 1554//1651 1950//1651
f 1942//1651 1562//1651 1560//1651
f 1940//1651 1564//1651 1562//1651
f 1940//1651 1938//1651 1566//1651
f 1936//1651 1568//1651 1566//1651
f 1572//1651 1570//1651 1934//1651
f 1843//1651 1841//1651 1423//1651
f 1481//1651 1482//1651 1901//1651
f 1341//1651 1362//1651 1722//1651
f 1369//1651 1371//1651 1771//1651
f 1767//1651 1769//1651 1373//1651
f 1377//1651 1379//1651 1763//1651
f 1379//1651 1381//1651 1761//1651
f 1383//1651 1385//1651 1757//1651
f 1385//1651 1387//1651 1755//1651
f 1499//1651 1501//1651 1881//1651
f 1501//1651 1503//1651 1879//1651
f 2024//1651 2025//1651 1678//1651
f 2025//1651 2026//1651 1680//1651
f 2019//1651 1603//1651 1605//1651
f 2013//1651 1609//1651 1611//1651
f 2005//1651 2007//1651 1615//1651
f 1617//1651 1619//1651 2003//1651
f 2001//1651 1621//1651 1623//1651
f 1995//1651 1997//1651 1625//1651
f 1627//1651 1629//1651 1993//1651
f 1629//1651 1631//1651 1991//1651
f 1956//1651 1548//1651 1546//1651
f 1956//1651 1954//1651 1550//1651
f 1560//1651 1944//1651 1942//1651
f 1566//1651 1564//1651 1940//1651
f 1568//1651 1936//1651 1934//1651
f 1932//1651 1930//1651 1574//1651
f 1901//1651 1843//1651 1481//1651
f 1840//1651 1424//1651 1423//1651
f 1830//1651 1434//1651 1432//1651
f 1828//1651 1436//1651 1434//1651
f 1361//1651 1332//1651 1331//1651
f 1361//1651 1334//1651 1333//1651
f 1362//1651 1781//1651 1722//1651
f 1365//1651 1367//1651 1775//1651
f 1367//1651 1369//1651 1773//1651
f 1769//1651 1771//1651 1371//1651
f 1761//1651 1763//1651 1379//1651
f 1381//1651 1383//1651 1759//1651
f 1755//1651 1757//1651 1385//1651
f 1391//1651 1751//1651 1753//1651
f 1391//1651 1393//1651 1749//1651
f 1493//1651 1495//1651 1887//1651
f 1495//1651 1497//1651 1885//1651
f 1497//1651 1499//1651 1883//1651
f 1879//1651 1881//1651 1501//1651
f 1503//1651 1505//1651 1877//1651
f 1505//1651 1507//1651 1875//1651
f 2027//1651 2024//1651 1676//1651
f 1680//1651 1678//1651 2025//1651
f 2028//1651 2029//1651 1684//1651
f 2029//1651 2030//1651 1686//1651
f 2030//1651 2031//1651 1688//1651
f 2031//1651 2032//1651 1690//1651
f 2033//1651 2034//1651 1702//1651
f 2034//1651 2035//1651 1704//1651
f 2013//1651 2015//1651 1607//1651
f 2003//1651 2005//1651 1617//1651
f 1999//1651 1623//1651 1625//1651
f 1991//1651 1993//1651 1629//1651
f 1635//1651 1987//1651 1989//1651
f 1635//1651 1637//1651 1985//1651
f 1550//1651 1548//1651 1956//1651
f 1562//1651 1942//1651 1940//1651
f 1574//1651 1572//1651 1932//1651
f 1930//1651 1928//1651 1576//1651
f 1423//1651 1841//1651 1840//1651
f 1838//1651 1426//1651 1424//1651
f 1434//1651 1830//1651 1828//1651
f 1826//1651 1438//1651 1436//1651
f 1822//1651 1442//1651 1440//1651
f 1820//1651 1444//1651 1442//1651
f 1818//1651 1446//1651 1444//1651
f 1816//1651 1448//1651 1446//1651
f 1333//1651 1332//1651 1361//1651
f 1361//1651 1336//1651 1335//1651
f 1722//1651 1343//1651 1342//1651
f 1722//1651 1345//1651 1344//1651
f 1362//1651 1363//1651 1779//1651
f 1363//1651 1365//1651 1777//1651
f 1773//1651 1775//1651 1367//1651
f 1763//1651 1765//1651 1377//1651
f 1757//1651 1759//1651 1383//1651
f 1387//1651 1389//1651 1753//1651
f 1749//1651 1751//1651 1391//1651
f 1393//1651 1395//1651 1747//1651
f 1401//1651 1741//1651 1743//1651
f 1403//1651 1739//1651 1741//1651
f 1409//1651 1733//1651 1735//1651
f 1411//1651 1731//1651 1733//1651
f 1885//1651 1887//1651 1495//1651
f 1881//1651 1883//1651 1499//1651
f 1875//1651 1877//1651 1505//1651
f 1507//1651 1509//1651 1873//1651
f 1509//1651 1511//1651 1871//1651
f 1511//1651 1513//1651 1869//1651
f 2036//1651 2037//1651 2038//1651
f 2036//1651 2039//1651 2040//1651
f 2041//1651 2042//1651 2036//1651
f 2043//1651 2044//1651 1668//1651
f 2044//1651 2045//1651 1670//1651
f 2046//1651 2027//1651 1674//1651
f 1678//1651 1676//1651 2024//1651
f 2026//1651 2028//1651 1682//1651
f 1686//1651 1684//1651 2029//1651
f 1690//1651 1688//1651 2031//1651
f 2032//1651 2047//1651 1692//1651
f 2047//1651 2048//1651 1694//1651
f 2048//1651 2049//1651 1696//1651
f 2050//1651 2033//1651 1700//1651
f 1704//1651 1702//1651 2034//1651
f 2035//1651 2051//1651 1706//1651
f 2051//1651 2052//1651 1708//1651
f 2009//1651 1613//1651 1615//1651
f 1993//1651 1995//1651 1627//1651
f 1633//1651 1989//1651 1991//1651
f 1985//1651 1987//1651 1635//1651
f 1639//1651 1983//1651 1985//1651
f 1639//1651 1641//1651 1981//1651
f 1643//1651 1979//1651 1981//1651
f 1643//1651 1645//1651 1977//1651
f 1649//1651 1973//1651 1975//1651
f 1649//1651 1651//1651 1971//1651
f 1550//1651 1954//1651 1952//1651
f 1576//1651 1574//1651 1930//1651
f 1924//1651 1580//1651 1578//1651
f 1924//1651 1922//1651 1582//1651
f 1918//1651 1586//1651 1584//1651
f 1916//1651 1588//1651 1586//1651
f 1914//1651 1590//1651 1588//1651
f 1914//1651 1912//1651 1592//1651
f 1910//1651 1594//1651 1592//1651
f 1910//1651 1908//1651 1596//1651
f 1424//1651 1840//1651 1838//1651
f 1836//1651 1428//1651 1426//1651
f 1834//1651 1430//1651 1428//1651
f 1832//1651 1432//1651 1430//1651
f 1436//1651 1828//1651 1826//1651
f 1824//1651 1440//1651 1438//1651
f 1442//1651 1822//1651 1820//1651
f 1446//1651 1818//1651 1816//1651
f 1810//1651 1454//1651 1452//1651
f 1810//1651 1808//1651 1456//1651
f 1361//1651 1328//1651 1327//1651
f 1361//1651 1330//1651 1329//1651
f 1335//1651 1334//1651 1361//1651
f 1361//1651 1338//1651 1337//1651
f 1361//1651 1340//1651 1339//1651
f 1341//1651 1340//1651 1361//1651
f 1344//1651 1343//1651 1722//1651
f 1722//1651 1347//1651 1346//1651
f 1777//1651 1779//1651 1363//1651
f 1771//1651 1773//1651 1369//1651
f 1753//1651 1755//1651 1387//1651
f 1747//1651 1749//1651 1393//1651
f 1741//1651 1401//1651 1403//1651
f 1405//1651 1737//1651 1739//1651
f 1733//1651 1409//1651 1411//1651
f 1413//1651 1729//1651 1731//1651
f 1482//1651 1483//1651 1899//1651
f 1483//1651 1485//1651 1897//1651
f 1489//1651 1491//1651 1891//1651
f 1491//1651 1493//1651 1889//1651
f 1883//1651 1885//1651 1497//1651
f 1873//1651 1875//1651 1507//1651
f 1869//1651 1871//1651 1511//1651
f 1513//1651 1515//1651 1867//1651
f 2036//1651 2053//1651 2054//1651
f 2040//1651 2037//1651 2036//1651
f 2036//1651 2055//1651 2041//1651
f 2041//1651 2055//1651 1663//1651
f 1663//1651 2056//1651 2057//1651
f 1670//1651 1668//1651 2044//1651
f 2045//1651 2046//1651 1672//1651
f 1676//1651 1674//1651 2027//1651
f 1684//1651 1682//1651 2028//1651
f 1692//1651 1690//1651 2032//1651
f 1696//1651 1694//1651 2048//1651
f 2049//1651 2050//1651 1698//1651
f 1702//1651 1700//1651 2033//1651
f 1708//1651 1706//1651 2051//1651
f 2052//1651 2058//1651 1710//1651
f 2058//1651 2059//1651 1712//1651
f 2059//1651 2060//1651 1714//1651
f 2003//1651 1619//1651 1621//1651
f 1989//1651 1633//1651 1635//1651
f 1981//1651 1983//1651 1639//1651
f 1977//1651 1979//1651 1643//1651
f 1647//1651 1975//1651 1977//1651
f 1971//1651 1973//1651 1649//1651
f 1653//1651 1969//1651 1971//1651
f 1655//1651 1967//1651 1969//1651
f 1566//1651 1938//1651 1936//1651
f 1926//1651 1578//1651 1576//1651
f 1582//1651 1580//1651 1924//1651
f 1922//1651 1920//1651 1584//1651
f 1586//1651 1918//1651 1916//1651
f 1592//1651 1590//1651 1914//1651
f 1596//1651 1594//1651 1910//1651
f 1908//1651 1906//1651 1598//1651
f 1426//1651 1838//1651 1836//1651
f 1430//1651 1834//1651 1832//1651
f 1438//1651 1826//1651 1824//1651
f 1444//1651 1820//1651 1818//1651
f 1456//1651 1454//1651 1810//1651
f 1806//1651 1458//1651 1456//1651
f 1804//1651 1460//1651 1458//1651
f 1804//1651 1802//1651 1462//1651
f 1798//1651 1466//1651 1464//1651
f 1798//1651 1796//1651 1468//1651
f 1329//1651 1328//1651 1361//1651
f 1337//1651 1336//1651 1361//1651
f 1361//1651 1362//1651 1341//1651
f 1346//1651 1345//1651 1722//1651
f 1722//1651 1354//1651 1353//1651
f 1722//1651 1355//1651 1356//1651
f 1775//1651 1777//1651 1365//1651
f 1753//1651 1389//1651 1391//1651
f 1397//1651 1745//1651 1747//1651
f 1397//1651 1399//1651 1743//1651
f 1739//1651 1403//1651 1405//1651
f 1407//1651 1735//1651 1737//1651
f 1731//1651 1411//1651 1413//1651
f 1415//1651 1727//1651 1729//1651
f 1897//1651 1899//1651 1483//1651
f 1485//1651 1487//1651 1895//1651
f 1487//1651 1489//1651 1893//1651
f 1889//1651 1891//1651 1491//1651
f 1877//1651 1879//1651 1503//1651
f 1867//1651 1869//1651 1513//1651
f 1517//1651 1865//1651 1867//1651
f 1517//1651 1519//1651 1863//1651
f 1531//1651 1533//1651 1849//1651
f 1533//1651 1535//1651 1847//1651
f 2036//1651 2061//1651 2062//1651
f 2036//1651 2063//1651 2064//1651
f 2038//1651 2053//1651 2036//1651
f 2036//1651 2065//1651 2066//1651
f 2042//1651 2067//1651 2036//1651
f 2055//1651 1664//1651 1663//1651
f 1663//1651 2068//1651 2056//1651
f 1663//1651 2069//1651 2070//1651
f 1672//1651 1670//1651 2045//1651
f 1682//1651 1680//1651 2026//1651
f 1694//1651 1692//1651 2047//1651
f 1700//1651 1698//1651 2050//1651
f 1710//1651 1708//1651 2052//1651
f 1714//1651 1712//1651 2059//1651
f 1991//1651 1631//1651 1633//1651
f 1981//1651 1641//1651 1643//1651
f 1975//1651 1647//1651 1649//1651
f 1969//1651 1653//1651 1655//1651
f 1576//1651 1928//1651 1926//1651
f 1584//1651 1582//1651 1922//1651
f 1588//1651 1916//1651 1914//1651
f 1598//1651 1596//1651 1908//1651
f 1428//1651 1836//1651 1834//1651
f 1440//1651 1824//1651 1822//1651
f 1814//1651 1450//1651 1448//1651
f 1814//1651 1812//1651 1452//1651
f 1456//1651 1808//1651 1806//1651
f 1462//1651 1460//1651 1804//1651
f 1800//1651 1464//1651 1462//1651
f 1468//1651 1466//1651 1798//1651
f 1790//1651 1474//1651 1472//1651
f 1790//1651 1788//1651 1476//1651
f 1331//1651 1330//1651 1361//1651
f 1722//1651 1342//1651 1341//1651
f 1722//1651 1350//1651 1349//1651
f 1356//1651 1354//1651 1722//1651
f 1759//1651 1761//1651 1381//1651
f 1743//1651 1745//1651 1397//1651
f 1737//1651 1405//1651 1407//1651
f 1729//1651 1413//1651 1415//1651
f 1783//1651 1421//1651 1478//1651
f 1783//1651 1724//1651 1417//1651
f 1895//1651 1897//1651 1485//1651
f 1891//1651 1893//1651 1489//1651
f 1871//1651 1873//1651 1509//1651
f 1863//1651 1865//1651 1517//1651
f 1529//1651 1531//1651 1851//1651
f 1847//1651 1849//1651 1533//1651
f 2064//1651 2061//1651 2036//1651
f 2066//1651 2039//1651 2036//1651
f 1663//1651 2071//1651 2041//1651
f 2070//1651 2068//1651 1663//1651
f 1663//1651 1721//1651 2072//1651
f 2055//1651 2043//1651 1666//1651
f 1674//1651 1672//1651 2046//1651
f 1698//1651 1696//1651 2049//1651
f 1712//1651 1710//1651 2058//1651
f 1985//1651 1637//1651 1639//1651
f 1971//1651 1651//1651 1653//1651
f 1578//1651 1926//1651 1924//1651
f 1592//1651 1912//1651 1910//1651
f 2023//1651 1661//1651 1718//1651
f 1661//1651 2023//1651 1964//1651
f 1432//1651 1832//1651 1830//1651
f 1452//1651 1450//1651 1814//1651
f 1458//1651 1806//1651 1804//1651
f 1464//1651 1800//1651 1798//1651
f 1794//1651 1470//1651 1468//1651
f 1794//1651 1792//1651 1472//1651
f 1476//1651 1474//1651 1790//1651
f 1788//1651 1786//1651 1478//1651
f 1339//1651 1338//1651 1361//1651
f 1349//1651 1348//1651 1722//1651
f 1353//1651 1352//1651 1722//1651
f 1747//1651 1395//1651 1397//1651
f 1735//1651 1407//1651 1409//1651
f 1417//1651 1724//1651 1727//1651
f 1417//1651 1421//1651 1783//1651
f 1893//1651 1895//1651 1487//1651
f 1867//1651 1515//1651 1517//1651
f 1521//1651 1861//1651 1863//1651
f 1521//1651 1523//1651 1859//1651
f 1525//1651 1857//1651 1859//1651
f 1525//1651 1527//1651 1855//1651
f 1527//1651 1529//1651 1853//1651
f 1849//1651 1851//1651 1531//1651
f 2054//1651 2063//1651 2036//1651
f 2057//1651 2071//1651 1663//1651
f 1663//1651 2073//1651 2074//1651
f 1663//1651 2075//1651 2076//1651
f 2072//1651 2077//1651 1663//1651
f 1668//1651 1666//1651 2043//1651
f 1706//1651 1704//1651 2035//1651
f 2060//1651 2078//1651 1716//1651
f 2078//1651 2079//1651 1718//1651
f 1977//1651 1645//1651 1647//1651
f 1584//1651 1920//1651 1918//1651
f 1657//1651 1964//1651 1967//1651
f 1964//1651 1657//1651 1661//1651
f 1448//1651 1816//1651 1814//1651
f 1462//1651 1802//1651 1800//1651
f 1472//1651 1470//1651 1794//1651
f 1478//1651 1476//1651 1788//1651
f 1348//1651 1347//1651 1722//1651
f 1352//1651 1351//1651 1722//1651
f 1743//1651 1399//1651 1401//1651
f 1478//1651 1786//1651 1783//1651
f 1887//1651 1889//1651 1493//1651
f 1859//1651 1861//1651 1521//1651
f 1855//1651 1857//1651 1525//1651
f 1851//1651 1853//1651 1529//1651
f 1903//1651 1541//1651 1598//1651
f 1844//1651 1537//1651 1541//1651
f 2067//1651 2065//1651 2036//1651
f 2074//1651 2080//1651 1663//1651
f 2077//1651 2075//1651 1663//1651
f 1688//1651 1686//1651 2030//1651
f 1718//1651 1716//1651 2078//1651
f 1546//1651 1958//1651 1956//1651
f 1718//1651 2079//1651 2023//1651
f 1452//1651 1812//1651 1810//1651
f 1472//1651 1792//1651 1790//1651
f 1351//1651 1350//1651 1722//1651
f 1727//1651 1415//1651 1417//1651
f 1863//1651 1519//1651 1521//1651
f 1853//1651 1855//1651 1527//1651
f 1537//1651 1844//1651 1847//1651
f 1541//1651 1903//1651 1844//1651
f 2080//1651 2069//1651 1663//1651
f 2076//1651 2081//1651 1663//1651
f 1716//1651 1714//1651 2060//1651
f 1967//1651 1655//1651 1657//1651
f 1468//1651 1796//1651 1794//1651
f 1779//1651 1781//1651 1362//1651
f 1859//1651 1523//1651 1525//1651
f 1598//1651 1906//1651 1903//1651
f 2081//1651 2073//1651 1663//1651
f 1543//1651 1601//1651 1963//1651
f 1327//1651 1357//1651 1361//1651
f 1847//1651 1535//1651 1537//1651
f 1666//1651 1664//1651 2055//1651
f 1899//1651 1901//1651 1482//1651
f 1423//1651 1481//1651 1843//1651
f 2062//1651 2082//1651 2036//1651
f 2083//1652 2084//1652 2036//1652
f 2036//1652 2082//1652 2083//1652
f 2085//1653 2022//1654 2023//1654
f 2086//1655 2085//1653 2079//1656
f 2087//1657 2086//1655 2078//1658
f 2088//1659 2087//1657 2060//1660
f 2089//1661 2088//1659 2059//1662
f 2090//1663 2089//1661 2058//1664
f 2091//1665 2090//1663 2052//1666
f 2092//1667 2091//1665 2051//1668
f 2093//1669 2092//1667 2035//1670
f 2094//1671 2093//1669 2034//1672
f 2095//1673 2094//1671 2033//1674
f 2096//1675 2095//1673 2050//1676
f 2097//1677 2096//1675 2049//1678
f 2098//1679 2097//1677 2048//1680
f 2099//1681 2098//1679 2047//1682
f 2100//1683 2099//1681 2032//1684
f 2101//1685 2100//1683 2031//1686
f 2102//1687 2101//1685 2030//1688
f 2103//1689 2102//1687 2029//1690
f 2104//1691 2103//1689 2028//1692
f 2105//1693 2104//1691 2026//1694
f 2106//1695 2105//1693 2025//1696
f 2107//1697 2106//1695 2024//1698
f 2108//1699 2107//1697 2027//1700
f 2109//1701 2108//1699 2046//1702
f 2110//1703 2109//1701 2045//1704
f 2111//1705 2110//1703 2044//1706
f 2112//1707 2111//1705 2043//1708
f 2084//1709 2112//1707 2055//1710
f 2055//1710 2036//1709 2084//1709
f 2043//1708 2055//1710 2112//1707
f 2044//1706 2043//1708 2111//1705
f 2045//1704 2044//1706 2110//1703
f 2046//1702 2045//1704 2109//1701
f 2027//1700 2046//1702 2108//1699
f 2024//1698 2027//1700 2107//1697
f 2025//1696 2024//1698 2106//1695
f 2026//1694 2025//1696 2105//1693
f 2028//1692 2026//1694 2104//1691
f 2029//1690 2028//1692 2103//1689
f 2030//1688 2029//1690 2102//1687
f 2031//1686 2030//1688 2101//1685
f 2032//1684 2031//1686 2100//1683
f 2047//1682 2032//1684 2099//1681
f 2048//1680 2047//1682 2098//1679
f 2049//1678 2048//1680 2097//1677
f 2050//1676 2049//1678 2096//1675
f 2033//1674 2050//1676 2095//1673
f 2034//1672 2033//1674 2094//1671
f 2035//1670 2034//1672 2093//1669
f 2051//1668 2035//1670 2092//1667
f 2052//1666 2051//1668 2091//1665
f 2058//1664 2052//1666 2090//1663
f 2059//1662 2058//1664 2089//1661
f 2060//1660 2059//1662 2088//1659
f 2078//1658 2060//1660 2087//1657
f 2079//1656 2078//1658 2086//1655
f 2023//1654 2079//1656 2085//1653
f 1597//1711 1579//1711 1581//1711
f 1587//1711 1593//1711 1595//1711
f 1587//1711 1589//1711 1591//1711
f 1581//1711 1583//1711 1597//1711
f 1591//1711 1593//1711 1587//1711
f 1583//1711 1585//1711 1597//1711
f 1597//1711 1573//1711 1575//1711
f 1540//1711 1557//1711 1559//1711
f 1585//1711 1587//1711 1597//1711
f 1575//1711 1577//1711 1597//1711
f 1559//1711 1561//1711 1540//1711
f 1577//1711 1579//1711 1597//1711
f 1597//1711 1569//1711 1571//1711
f 1561//1711 1563//1711 1540//1711
f 1540//1711 1553//1711 1555//1711
f 1569//1711 1597//1711 1599//1711
f 1571//1711 1573//1711 1597//1711
f 1540//1711 1565//1711 1567//1711
f 1555//1711 1557//1711 1540//1711
f 1595//1711 1597//1711 1587//1711
f 1563//1711 1565//1711 1540//1711
f 1540//1711 1549//1711 1551//1711
f 1540//1711 1545//1711 1547//1711
f 1435//1711 1439//1711 1441//1711
f 1699//1711 1701//1711 1703//1711
f 1705//1711 1691//1711 1693//1711
f 1567//1711 1569//1711 1540//1711
f 1547//1711 1549//1711 1540//1711
f 1425//1711 1473//1711 1475//1711
f 1425//1711 1467//1711 1469//1711
f 1435//1711 1443//1711 1445//1711
f 1435//1711 1437//1711 1439//1711
f 1447//1711 1431//1711 1433//1711
f 1447//1711 1427//1711 1429//1711
f 1691//1711 1707//1711 1709//1711
f 1705//1711 1697//1711 1699//1711
f 1693//1711 1695//1711 1705//1711
f 1551//1711 1553//1711 1540//1711
f 1425//1711 1471//1711 1473//1711
f 1425//1711 1465//1711 1467//1711
f 1425//1711 1461//1711 1463//1711
f 1425//1711 1457//1711 1459//1711
f 1441//1711 1443//1711 1435//1711
f 1429//1711 1431//1711 1447//1711
f 1689//1711 1711//1711 1713//1711
f 1691//1711 1705//1711 1707//1711
f 1695//1711 1697//1711 1705//1711
f 1660//1711 1671//1711 1673//1711
f 1540//1711 1539//1711 1600//1711
f 1540//1711 1542//1711 1545//1711
f 1608//1711 1606//1711 1534//1711
f 2095//1711 2096//1711 2113//1711
f 1358//1711 2114//1711 2115//1711
f 1469//1711 1471//1711 1425//1711
f 1459//1711 1461//1711 1425//1711
f 1425//1711 1453//1711 1455//1711
f 1433//1711 1435//1711 1447//1711
f 1689//1711 1717//1711 1719//1711
f 1713//1711 1715//1711 1689//1711
f 1703//1711 1705//1711 1699//1711
f 1673//1711 1675//1711 1660//1711
f 1604//1711 1600//1711 1539//1711
f 1599//1711 1540//1711 1569//1711
f 1620//1711 1526//1711 1524//1711
f 1532//1711 1610//1711 1608//1711
f 2097//1711 2098//1711 2116//1711
f 2113//1711 2117//1711 2095//1711
f 1360//1711 2118//1711 2119//1711
f 2115//1711 1360//1711 1358//1711
f 1463//1711 1465//1711 1425//1711
f 1425//1711 1451//1711 1453//1711
f 1425//1711 1447//1711 1449//1711
f 1447//1711 1425//1711 1427//1711
f 1715//1711 1717//1711 1689//1711
f 1711//1711 1689//1711 1691//1711
f 1660//1711 1679//1711 1681//1711
f 1675//1711 1677//1711 1660//1711
f 1600//1711 1542//1711 1540//1711
f 2120//1711 1524//1711 1522//1711
f 1620//1711 1528//1711 1526//1711
f 1534//1711 1532//1711 1608//1711
f 1530//1711 1616//1711 1614//1711
f 1530//1711 1620//1711 1618//1711
f 1744//1711 1740//1711 1738//1711
f 1725//1711 1774//1711 1772//1711
f 2099//1711 2100//1711 2121//1711
f 2096//1711 2097//1711 2113//1711
f 2117//1711 2093//1711 2094//1711
f 1314//1711 1315//1711 1789//1711
f 1360//1711 2122//1711 2118//1711
f 1358//1711 2123//1711 2114//1711
f 1455//1711 1457//1711 1425//1711
f 1445//1711 1447//1711 1435//1711
f 1709//1711 1711//1711 1691//1711
f 1660//1711 1685//1711 1687//1711
f 1681//1711 1683//1711 1660//1711
f 1660//1711 1669//1711 1671//1711
f 1539//1711 1538//1711 1604//1711
f 1524//1711 2120//1711 1620//1711
f 1530//1711 1612//1711 1610//1711
f 1618//1711 1616//1711 1530//1711
f 2124//1711 1642//1711 1640//1711
f 2124//1711 1646//1711 1644//1711
f 1654//1711 2125//1711 2126//1711
f 1744//1711 1736//1711 1734//1711
f 1744//1711 1742//1711 1740//1711
f 1732//1711 1750//1711 1748//1711
f 1772//1711 1770//1711 1725//1711
f 2121//1711 2116//1711 2099//1711
f 2094//1711 2095//1711 2117//1711
f 2117//1711 2091//1711 2092//1711
f 2127//1711 2128//1711 1925//1711
f 2128//1711 1919//1711 1921//1711
f 2128//1711 1813//1711 1915//1711
f 2128//1711 1799//1711 1801//1711
f 1311//1711 1797//1711 1799//1711
f 1311//1711 1793//1711 1795//1711
f 1791//1711 1313//1711 1314//1711
f 1821//1711 1909//1711 1911//1711
f 1909//1711 1821//1711 1823//1711
f 1360//1711 2129//1711 2130//1711
f 2115//1711 2122//1711 1360//1711
f 1425//1711 1477//1711 1479//1711
f 1449//1711 1451//1711 1425//1711
f 1687//1711 1689//1711 1660//1711
f 1677//1711 1679//1711 1660//1711
f 1660//1711 1662//1711 1665//1711
f 1536//1711 1606//1711 1604//1711
f 1620//1711 1530//1711 1528//1711
f 1614//1711 1612//1711 1530//1711
f 2120//1711 1626//1711 1624//1711
f 1644//1711 1642//1711 2124//1711
f 1654//1711 2131//1711 2125//1711
f 1750//1711 1728//1711 1726//1711
f 1750//1711 1732//1711 1730//1711
f 1738//1711 1736//1711 1744//1711
f 1748//1711 1746//1711 1732//1711
f 1725//1711 1754//1711 1752//1711
f 1770//1711 1768//1711 1725//1711
f 2116//1711 2098//1711 2099//1711
f 2092//1711 2093//1711 2117//1711
f 2132//1711 2127//1711 1929//1711
f 1925//1711 1927//1711 2127//1711
f 1921//1711 1923//1711 2128//1711
f 2128//1711 1811//1711 1813//1711
f 1801//1711 1803//1711 2128//1711
f 1795//1711 1797//1711 1311//1711
f 1789//1711 1791//1711 1314//1711
f 1823//1711 1907//1711 1909//1711
f 1360//1711 2133//1711 2134//1711
f 2119//1711 2129//1711 1360//1711
f 1475//1711 1477//1711 1425//1711
f 2135//1711 1398//1711 1396//1711
f 1492//1711 1400//1711 1398//1711
f 1683//1711 1685//1711 1660//1711
f 1665//1711 1667//1711 1660//1711
f 1538//1711 1536//1711 1604//1711
f 1532//1711 1530//1711 1610//1711
f 1624//1711 1622//1711 2120//1711
f 2120//1711 1630//1711 1628//1711
f 2120//1711 1638//1711 1636//1711
f 1640//1711 2120//1711 2124//1711
f 2126//1711 1658//1711 1656//1711
f 1730//1711 1728//1711 1750//1711
f 1746//1711 1744//1711 1732//1711
f 1725//1711 1756//1711 1754//1711
f 1725//1711 1760//1711 1758//1711
f 1725//1711 1764//1711 1762//1711
f 1768//1711 1766//1711 1725//1711
f 1725//1711 1778//1711 1776//1711
f 1725//1711 1723//1711 1780//1711
f 2136//1711 2121//1711 2102//1711
f 2116//1711 2113//1711 2097//1711
f 1937//1711 2090//1711 2091//1711
f 1937//1711 2088//1711 2089//1711
f 2088//1711 1937//1711 1939//1711
f 1929//1711 1931//1711 2132//1711
f 1923//1711 1925//1711 2128//1711
f 1915//1711 1917//1711 2128//1711
f 2128//1711 1805//1711 1807//1711
f 1799//1711 2128//1711 1311//1711
f 1793//1711 1312//1711 1313//1711
f 1913//1711 1819//1711 1821//1711
f 1913//1711 1815//1711 1817//1711
f 2130//1711 2133//1711 1360//1711
f 1480//1711 1422//1711 1420//1711
f 1420//1711 1422//1711 1425//1711
f 1398//1711 2135//1711 1492//1711
f 1492//1711 1404//1711 1402//1711
f 1667//1711 1669//1711 1660//1711
f 1662//1711 1660//1711 1659//1711
f 1522//1711 1520//1711 2120//1711
f 1628//1711 1626//1711 2120//1711
f 2120//1711 1634//1711 1632//1711
f 1640//1711 1638//1711 2120//1711
f 2124//1711 1654//1711 1652//1711
f 1654//1711 2124//1711 2131//1711
f 1785//1711 1318//1711 1359//1711
f 1734//1711 1732//1711 1744//1711
f 1758//1711 1756//1711 1725//1711
f 1766//1711 1764//1711 1725//1711
f 1780//1711 1778//1711 1725//1711
f 2137//1711 2136//1711 2105//1711
f 2121//1711 2101//1711 2102//1711
f 2091//1711 2117//1711 1937//1711
f 1939//1711 2087//1711 2088//1711
f 2117//1711 2132//1711 1933//1711
f 1927//1711 1929//1711 2127//1711
f 2128//1711 1809//1711 1811//1711
f 1803//1711 1805//1711 2128//1711
f 1793//1711 1311//1711 1312//1711
f 1817//1711 1819//1711 1913//1711
f 1823//1711 1904//1711 1905//1711
f 1309//1711 2138//1711 2139//1711
f 2134//1711 2140//1711 1360//1711
f 1479//1711 1420//1711 1425//1711
f 1418//1711 1484//1711 1480//1711
f 1402//1711 1400//1711 1492//1711
f 1492//1711 1408//1711 1406//1711
f 1659//1711 1720//1711 1662//1711
f 1622//1711 1620//1711 2120//1711
f 1636//1711 1634//1711 2120//1711
f 2124//1711 1650//1711 1648//1711
f 2126//1711 1656//1711 1654//1711
f 2084//1711 2141//1711 2142//1711
f 2084//1711 2143//1711 2144//1711
f 2084//1711 2145//1711 2146//1711
f 2083//1711 2147//1711 2145//1711
f 1785//1711 1317//1711 1318//1711
f 1752//1711 1750//1711 1725//1711
f 1776//1711 1774//1711 1725//1711
f 2136//1711 2104//1711 2105//1711
f 2102//1711 2103//1711 2136//1711
f 2089//1711 2090//1711 1937//1711
f 1933//1711 1935//1711 2117//1711
f 2087//1711 1941//1711 1943//1711
f 1917//1711 1919//1711 2128//1711
f 1791//1711 1793//1711 1313//1711
f 1915//1711 1813//1711 1815//1711
f 1905//1711 1907//1711 1823//1711
f 1310//1711 2148//1711 2138//1711
f 2139//1711 1307//1711 1308//1711
f 2140//1711 2149//1711 1360//1711
f 1480//1711 1419//1711 1418//1711
f 2135//1711 1390//1711 1388//1711
f 1406//1711 1404//1711 1492//1711
f 1492//1711 1412//1711 1410//1711
f 1488//1711 1486//1711 1414//1711
f 1412//1711 1492//1711 1490//1711
f 2150//1711 2120//1711 1512//1711
f 1659//1711 2151//1711 1720//1711
f 1632//1711 1630//1711 2120//1711
f 1652//1711 1650//1711 2124//1711
f 2084//1711 2152//1711 2141//1711
f 2084//1711 2153//1711 2143//1711
f 2145//1711 2084//1711 2083//1711
f 1359//1711 1784//1711 1785//1711
f 1787//1711 1315//1711 1316//1711
f 1762//1711 1760//1711 1725//1711
f 1723//1711 1725//1711 1782//1711
f 2103//1711 2104//1711 2136//1711
f 1935//1711 1937//1711 2117//1711
f 1943//1711 2085//1711 2086//1711
f 1807//1711 1809//1711 2128//1711
f 1911//1711 1913//1711 1821//1711
f 1311//1711 2128//1711 2148//1711
f 2139//1711 1308//1711 1309//1711
f 2149//1711 1364//1711 1360//1711
f 1420//1711 1419//1711 1480//1711
f 1388//1711 1386//1711 2135//1711
f 2135//1711 1394//1711 1392//1711
f 1410//1711 1408//1711 1492//1711
f 1490//1711 1488//1711 1412//1711
f 1512//1711 1510//1711 2150//1711
f 2120//1711 1516//1711 1514//1711
f 1659//1711 2154//1711 2151//1711
f 1659//1711 2126//1711 2155//1711
f 1648//1711 1646//1711 2124//1711
f 2156//1711 2157//1711 2158//1711
f 2159//1711 2158//1711 2160//1711
f 2161//1711 2160//1711 2162//1711
f 2163//1711 2164//1711 2165//1711
f 2142//1711 2166//1711 2084//1711
f 2146//1711 2153//1711 2084//1711
f 1870//1711 1860//1711 1858//1711
f 1870//1711 1868//1711 1866//1711
f 1988//1711 1994//1711 1992//1711
f 1988//1711 1998//1711 1996//1711
f 1316//1711 1317//1711 1787//1711
f 1782//1711 1359//1711 1723//1711
f 2100//1711 2101//1711 2121//1711
f 2087//1711 1939//1711 1941//1711
f 1815//1711 1913//1711 1915//1711
f 2138//1711 1309//1711 1310//1711
f 1358//1711 1320//1711 2123//1711
f 2167//1711 2135//1711 1378//1711
f 1416//1711 1486//1711 1484//1711
f 1392//1711 1390//1711 2135//1711
f 1414//1711 1412//1711 1488//1711
f 1514//1711 1512//1711 2120//1711
f 2120//1711 1520//1711 1518//1711
f 2155//1711 2154//1711 1659//1711
f 2126//1711 1659//1711 1658//1711
f 2168//1711 2169//1711 2157//1711
f 2158//1711 2159//1711 2170//1711
f 2160//1711 2161//1711 2171//1711
f 2162//1711 2172//1711 2173//1711
f 2163//1711 2174//1711 2164//1711
f 2144//1711 2152//1711 2084//1711
f 1870//1711 1852//1711 1850//1711
f 1870//1711 1856//1711 1854//1711
f 1870//1711 1862//1711 1860//1711
f 1866//1711 1864//1711 1870//1711
f 1845//1711 1894//1711 1892//1711
f 1998//1711 1982//1711 1980//1711
f 1998//1711 1986//1711 1984//1711
f 1996//1711 1994//1711 1988//1711
f 1978//1711 2002//1711 2000//1711
f 1978//1711 2014//1711 2012//1711
f 1785//1711 1787//1711 1317//1711
f 1726//1711 1725//1711 1750//1711
f 1943//1711 2086//1711 2087//1711
f 2148//1711 1310//1711 1311//1711
f 1307//1711 2139//1711 2175//1711
f 2176//1711 1300//1711 1301//1711
f 2177//1711 1322//1711 1323//1711
f 2177//1711 2123//1711 1321//1711
f 1320//1711 1319//1711 2123//1711
f 2149//1711 2178//1711 1366//1711
f 2178//1711 2167//1711 1372//1711
f 2167//1711 1376//1711 1374//1711
f 2135//1711 1380//1711 1378//1711
f 2135//1711 1384//1711 1382//1711
f 1418//1711 1416//1711 1484//1711
f 1396//1711 1394//1711 2135//1711
f 1518//1711 1516//1711 2120//1711
f 1536//1711 1534//1711 1606//1711
f 2124//1711 2120//1711 2179//1711
f 2180//1711 2179//1711 2169//1711
f 2158//1711 2170//1711 2156//1711
f 2162//1711 2173//1711 2161//1711
f 2162//1711 2165//1711 2181//1711
f 2163//1711 2182//1711 2174//1711
f 2083//1711 2183//1711 2147//1711
f 1854//1711 1852//1711 1870//1711
f 1864//1711 1862//1711 1870//1711
f 1845//1711 1880//1711 1878//1711
f 1845//1711 1884//1711 1882//1711
f 1892//1711 1890//1711 1845//1711
f 1984//1711 1982//1711 1998//1711
f 1992//1711 1990//1711 1988//1711
f 1978//1711 2004//1711 2002//1711
f 1978//1711 2008//1711 2006//1711
f 2012//1711 2010//1711 1978//1711
f 1978//1711 2018//1711 2016//1711
f 1782//1711 1784//1711 1359//1711
f 1931//1711 1933//1711 2132//1711
f 2175//1711 1305//1711 1306//1711
f 1305//1711 2175//1711 2184//1711
f 2184//1711 1302//1711 1303//1711
f 1301//1711 2184//1711 2176//1711
f 1321//1711 1322//1711 2177//1711
f 1366//1711 1364//1711 2149//1711
f 2178//1711 1370//1711 1368//1711
f 1374//1711 1372//1711 2167//1711
f 1382//1711 1380//1711 2135//1711
f 1386//1711 1384//1711 2135//1711
f 1492//1711 2135//1711 2185//1711
f 1494//1711 2185//1711 2186//1711
f 2187//1711 2188//1711 1504//1711
f 2188//1711 2150//1711 1508//1711
f 1719//1711 1660//1711 1689//1711
f 2169//1711 2168//1711 2180//1711
f 2160//1711 2171//1711 2159//1711
f 2165//1711 2162//1711 2163//1711
f 2166//1711 2189//1711 2084//1711
f 1870//1711 1848//1711 1846//1711
f 1858//1711 1856//1711 1870//1711
f 1845//1711 1874//1711 1872//1711
f 1878//1711 1876//1711 1845//1711
f 1845//1711 1886//1711 1884//1711
f 1890//1711 1888//1711 1845//1711
f 1845//1711 1898//1711 1896//1711
f 1845//1711 1842//1711 1900//1711
f 1962//1711 1968//1711 1966//1711
f 1962//1711 1972//1711 1970//1711
f 1962//1711 1978//1711 1976//1711
f 1988//1711 1986//1711 1998//1711
f 2006//1711 2004//1711 1978//1711
f 2016//1711 2014//1711 1978//1711
f 1978//1711 1962//1711 2020//1711
f 2105//1711 2106//1711 2137//1711
f 2184//1711 1304//1711 1305//1711
f 1301//1711 1302//1711 2184//1711
f 2176//1711 1298//1711 1299//1711
f 2176//1711 2177//1711 1325//1711
f 1319//1711 1321//1711 2123//1711
f 1372//1711 1370//1711 2178//1711
f 1416//1711 1414//1711 1486//1711
f 2186//1711 1496//1711 1494//1711
f 1504//1711 1502//1711 2187//1711
f 1508//1711 1506//1711 2188//1711
f 2179//1711 2180//1711 2124//1711
f 2181//1711 2172//1711 2162//1711
f 2163//1711 2190//1711 2191//1711
f 2189//1711 2112//1711 2084//1711
f 1850//1711 1848//1711 1870//1711
f 1876//1711 1874//1711 1845//1711
f 1888//1711 1886//1711 1845//1711
f 1900//1711 1898//1711 1845//1711
f 1970//1711 1968//1711 1962//1711
f 1976//1711 1974//1711 1962//1711
f 2000//1711 1998//1711 1978//1711
f 2020//1711 2018//1711 1978//1711
f 2175//1711 1306//1711 1307//1711
f 1299//1711 1300//1711 2176//1711
f 2177//1711 1324//1711 1325//1711
f 1368//1711 1366//1711 2178//1711
f 2185//1711 1494//1711 1492//1711
f 2186//1711 2187//1711 1500//1711
f 1506//1711 1504//1711 2188//1711
f 2157//1711 2156//1711 2168//1711
f 2190//1711 2192//1711 2191//1711
f 2190//1711 2193//1711 2194//1711
f 2190//1711 2183//1711 2195//1711
f 2083//1711 2196//1711 2183//1711
f 1872//1711 1870//1711 1845//1711
f 1896//1711 1894//1711 1845//1711
f 1974//1711 1972//1711 1962//1711
f 2010//1711 2008//1711 1978//1711
f 1303//1711 1304//1711 2184//1711
f 1325//1711 1326//1711 2176//1711
f 1378//1711 1376//1711 2167//1711
f 1500//1711 1498//1711 2186//1711
f 1510//1711 1508//1711 2150//1711
f 2191//1711 2197//1711 2163//1711
f 2195//1711 2193//1711 2190//1711
f 2196//1711 2198//1711 2183//1711
f 2199//1711 2137//1711 2108//1711
f 2137//1711 2106//1711 2107//1711
f 1882//1711 1880//1711 1845//1711
f 1902//1711 1839//1711 1842//1711
f 1965//1711 2022//1711 1959//1711
f 1980//1711 1978//1711 1998//1711
f 1326//1711 1298//1711 2176//1711
f 1498//1711 1496//1711 2186//1711
f 2197//1711 2182//1711 2163//1711
f 2198//1711 2195//1711 2183//1711
f 2189//1711 2199//1711 2111//1711
f 2107//1711 2108//1711 2137//1711
f 1842//1711 1845//1711 1902//1711
f 1904//1711 1837//1711 1839//1711
f 1904//1711 1831//1711 1833//1711
f 1904//1711 1827//1711 1829//1711
f 1966//1711 1965//1711 1962//1711
f 2085//1711 1957//1711 1959//1711
f 1323//1711 1324//1711 2177//1711
f 2194//1711 2192//1711 2190//1711
f 2199//1711 2110//1711 2111//1711
f 2108//1711 2109//1711 2199//1711
f 1839//1711 1902//1711 1904//1711
f 1829//1711 1831//1711 1904//1711
f 1904//1711 1823//1711 1825//1711
f 1959//1711 2022//1711 2085//1711
f 2085//1711 1945//1711 1947//1711
f 1502//1711 1500//1711 2187//1711
f 2109//1711 2110//1711 2199//1711
f 1904//1711 1835//1711 1837//1711
f 1825//1711 1827//1711 1904//1711
f 2085//1711 1955//1711 1957//1711
f 2085//1711 1951//1711 1953//1711
f 1947//1711 1949//1711 2085//1711
f 2111//1711 2112//1711 2189//1711
f 1833//1711 1835//1711 1904//1711
f 1953//1711 1955//1711 2085//1711
f 2085//1711 1943//1711 1945//1711
f 1846//1711 1845//1711 1870//1711
f 1949//1711 1951//1711 2085//1711
f 1959//1711 1962//1711 1965//1711
f 1787//1711 1789//1711 1315//1711
f 2200//1712 2201//1713 2151//1713
f 2202//1714 2200//1712 2154//1715
f 2203//1716 2202//1714 2155//1717
f 2204//1718 2203//1716 2126//1719
f 2205//1720 2204//1718 2125//1721
f 2206//1722 2205//1720 2131//1723
f 2124//1722 2180//1724 1048//1724
f 1048//1724 2206//1722 2124//1722
f 1048//1724 1098//1724 2206//1722
f 2196//1725 1083//1725 1082//1726
f 1082//1726 2198//1727 2196//1725
f 2198//1727 1080//1728 1077//1729
f 2198//1727 1081//1730 1080//1728
f 2195//1729 1077//1729 1076//1731
f 1076//1731 2193//1732 2195//1729
f 2193//1732 1079//1732 1078//1733
f 1078//1733 2194//1734 2193//1732
f 2194//1734 1073//1735 1070//1736
f 2194//1734 1074//1737 1073//1735
f 2194//1734 1075//1738 1074//1737
f 2192//1739 1069//1740 1071//1741
f 2192//1739 1070//1736 1069//1740
f 2191//1741 1071//1741 1072//1742
f 1072//1742 2197//1743 2191//1741
f 2182//1744 2197//1743 1068//1743
f 1068//1743 1066//1745 2182//1744
f 2174//1746 1067//1747 1063//1748
f 2174//1746 2182//1744 1065//1749
f 1065//1749 1067//1747 2174//1746
f 2164//1750 2174//1746 1062//1751
f 1062//1751 1064//1752 2164//1750
f 2165//1753 2164//1750 1059//1754
f 1059//1754 1058//1755 2165//1753
f 2181//1756 2165//1753 1060//1757
f 1060//1757 1061//1758 2181//1756
f 2172//1759 2181//1756 1057//1760
f 1057//1760 1056//1761 2172//1759
f 2173//1762 2172//1759 1054//1763
f 2161//1764 2173//1762 1053//1765
f 1053//1765 1055//1766 2161//1764
f 2171//1767 2161//1764 1050//1768
f 2159//1769 2171//1767 1049//1770
f 2170//1771 2159//1769 1052//1772
f 1052//1772 1051//1773 2170//1771
f 1051//1773 1042//1774 2170//1771
f 2156//1775 2170//1771 1041//1776
f 1041//1776 1043//1777 2156//1775
f 2168//1778 2156//1775 1044//1779
f 1044//1779 1045//1780 2168//1778
f 2180//1724 2168//1778 1046//1781
f 1046//1781 1047//1782 2180//1724
f 2207//1783 1040//1784 1039//1785
f 2207//1783 1098//1724 1040//1784
f 2208//1785 1033//1786 1038//1787
f 2208//1785 1039//1785 1033//1786
f 2209//1787 1037//1788 1036//1789
f 2209//1787 1038//1787 1037//1788
f 2210//1789 1034//1790 1030//1791
f 2210//1789 1036//1789 1035//1792
f 1035//1792 1034//1790 2210//1789
f 2211//1791 1030//1791 1029//1793
f 2212//1793 1029//1793 1032//1794
f 2213//1794 1031//1795 1028//1796
f 2213//1794 1032//1794 1031//1795
f 2214//1796 1028//1796 1027//1797
f 2215//1797 1026//1798 1025//1799
f 2215//1797 1027//1797 1026//1798
f 2216//1799 1025//1799 1024//1800
f 1024//1800 2217//1801 2216//1799
f 2218//1802 2217//1801 1020//1803
f 2217//1801 1021//1804 1020//1803
f 2219//1805 2218//1802 1022//1806
f 2218//1802 1023//1807 1022//1806
f 2220//1808 2219//1805 1018//1809
f 1018//1809 1017//1810 2220//1808
f 2219//1805 1019//1811 1018//1809
f 2220//1808 1014//1812 1013//1813
f 1013//1813 2221//1814 2220//1808
f 2222//1815 2223//1816 1010//1817
f 2223//1816 1012//1816 1010//1817
f 2222//1815 1011//1818 1007//1819
f 1007//1819 2224//1820 2222//1815
f 2222//1815 1009//1821 1011//1818
f 2224//1820 1006//1820 1008//1822
f 1008//1822 2225//1823 2224//1820
f 2225//1823 1003//1823 1002//1824
f 1002//1824 2226//1825 2225//1823
f 2227//1826 2226//1825 1005//1827
f 2226//1825 1004//1828 1005//1827
f 2228//1829 2227//1826 1001//1830
f 1001//1830 1000//1831 2228//1829
f 2229//1832 2228//1829 998//1833
f 2230//1834 2229//1832 997//1835
f 997//1835 999//1836 2230//1834
f 2231//1837 2230//1834 994//1838
f 2232//1839 2231//1837 993//1840
f 2233//1841 2232//1839 996//1842
f 996//1842 995//1843 2233//1841
f 995//1843 986//1844 2233//1841
f 2234//1845 2233//1841 985//1846
f 985//1846 987//1847 2234//1845
f 2235//1848 2234//1845 988//1849
f 988//1849 989//1850 2235//1848
f 2236//1851 2235//1848 990//1852
f 990//1852 991//1853 2236//1851
f 2062//1854 1084//1854 1083//1725
f 2196//1725 2083//1855 2082//1855
f 2082//1855 1083//1725 2196//1725
f 2061//1856 1088//1856 1087//1857
f 1087//1857 2062//1854 2061//1856
f 2064//1858 1085//1858 1088//1856
f 2063//1859 1086//1859 1085//1858
f 2054//1860 1090//1861 1086//1859
f 2054//1860 1092//1860 1091//1862
f 1091//1862 1090//1861 2054//1860
f 2053//1863 1093//1864 1092//1860
f 2053//1863 1094//1863 1093//1864
f 2038//1865 1089//1866 1094//1863
f 2038//1865 1095//1865 1089//1866
f 2037//1867 1096//1868 1095//1865
f 2037//1867 1097//1867 1096//1868
f 2040//1869 2237//1869 1097//1867
f 2237//1869 992//1870 1097//1867
f 2237//1869 2236//1851 992//1870
f 2238//1871 2237//1869 2040//1869
f 2239//1872 2238//1871 2039//1871
f 2240//1873 2239//1872 2066//1872
f 2241//1874 2240//1873 2065//1873
f 2242//1875 2241//1874 2067//1874
f 2243//1876 2242//1875 2042//1875
f 2244//1877 2243//1876 2041//1876
f 2245//1878 2244//1877 2071//1877
f 2246//1879 2245//1878 2057//1878
f 2247//1880 2246//1879 2056//1879
f 2248//1881 2247//1880 2068//1880
f 2249//1882 2248//1881 2070//1881
f 2250//1883 2249//1882 2069//1882
f 2251//1884 2250//1883 2080//1883
f 2252//1885 2251//1884 2074//1884
f 2253//1886 2252//1885 2073//1885
f 2254//1887 2253//1886 2081//1886
f 2255//1888 2254//1887 2076//1887
f 2256//1889 2255//1888 2075//1888
f 2257//1890 2256//1889 2077//1889
f 2151//1713 2201//1713 1721//1891
f 2257//1890 2072//1890 1721//1891
f 1721//1891 2201//1713 2257//1890
f 1721//1891 1720//1891 2151//1713
f 2077//1889 2072//1890 2257//1890
f 2075//1888 2077//1889 2256//1889
f 2076//1887 2075//1888 2255//1888
f 2081//1886 2076//1887 2254//1887
f 2073//1885 2081//1886 2253//1886
f 2074//1884 2073//1885 2252//1885
f 2080//1883 2074//1884 2251//1884
f 2069//1882 2080//1883 2250//1883
f 2070//1881 2069//1882 2249//1882
f 2068//1880 2070//1881 2248//1881
f 2056//1879 2068//1880 2247//1880
f 2057//1878 2056//1879 2246//1879
f 2071//1877 2057//1878 2245//1878
f 2041//1876 2071//1877 2244//1877
f 2042//1875 2041//1876 2243//1876
f 2067//1874 2042//1875 2242//1875
f 2065//1873 2067//1874 2241//1874
f 2066//1872 2065//1873 2240//1873
f 2039//1871 2066//1872 2239//1872
f 2040//1869 2039//1871 2238//1871
f 1097//1867 2037//1867 2040//1869
f 1095//1865 2038//1865 2037//1867
f 1094//1863 2053//1863 2038//1865
f 1092//1860 2054//1860 2053//1863
f 1086//1859 2063//1859 2054//1860
f 1085//1858 2064//1858 2063//1859
f 1088//1856 2061//1856 2064//1858
f 1087//1857 1084//1854 2062//1854
f 1083//1725 2082//1855 2062//1854
f 991//1853 992//1870 2236//1851
f 989//1850 990//1852 2235//1848
f 987//1847 988//1849 2234//1845
f 986//1844 985//1846 2233//1841
f 993//1840 996//1842 2232//1839
f 994//1838 993//1840 2231//1837
f 999//1836 994//1838 2230//1834
f 998//1833 997//1835 2229//1832
f 1000//1831 998//1833 2228//1829
f 1005//1827 1001//1830 2227//1826
f 1002//1824 1004//1828 2226//1825
f 1008//1822 1003//1823 2225//1823
f 1007//1819 1006//1820 2224//1820
f 1010//1817 1009//1821 2222//1815
f 1012//1816 2223//1816 1016//1892
f 1016//1892 2221//1814 1015//1893
f 1013//1813 1015//1893 2221//1814
f 1017//1810 1014//1812 2220//1808
f 1022//1806 1019//1811 2219//1805
f 1020//1803 1023//1807 2218//1802
f 1024//1800 1021//1804 2217//1801
f 1025//1799 2216//1799 2215//1797
f 1027//1797 2215//1797 2214//1796
f 1028//1796 2214//1796 2213//1794
f 1032//1794 2213//1794 2212//1793
f 1029//1793 2212//1793 2211//1791
f 1030//1791 2211//1791 2210//1789
f 1036//1789 2210//1789 2209//1787
f 1038//1787 2209//1787 2208//1785
f 1039//1785 2208//1785 2207//1783
f 1047//1782 1048//1724 2180//1724
f 1045//1780 1046//1781 2168//1778
f 1043//1777 1044//1779 2156//1775
f 1042//1774 1041//1776 2170//1771
f 1049//1770 1052//1772 2159//1769
f 1050//1768 1049//1770 2171//1767
f 1055//1766 1050//1768 2161//1764
f 1054//1763 1053//1765 2173//1762
f 1056//1761 1054//1763 2172//1759
f 1061//1758 1057//1760 2181//1756
f 1058//1755 1060//1757 2165//1753
f 1064//1752 1059//1754 2164//1750
f 1063//1748 1062//1751 2174//1746
f 1066//1745 1065//1749 2182//1744
f 1072//1742 1068//1743 2197//1743
f 1071//1741 2191//1741 2192//1739
f 1070//1736 2192//1739 2194//1734
f 1078//1733 1075//1738 2194//1734
f 1076//1731 1079//1732 2193//1732
f 1077//1729 2195//1729 2198//1727
f 1082//1726 1081//1730 2198//1727
f 1098//1724 2207//1783 2206//1722
f 2131//1723 2124//1722 2206//1722
f 2125//1721 2131//1723 2205//1720
f 2126//1719 2125//1721 2204//1718
f 2155//1717 2126//1719 2203//1716
f 2154//1715 2155//1717 2202//1714
f 2151//1713 2154//1715 2200//1712
f 2258//1894 2223//1894 2222//1894
f 2222//1894 2224//1894 2258//1894
f 2224//1894 2225//1894 2258//1894
f 2225//1894 2226//1894 2258//1894
f 2226//1894 2227//1894 2258//1894
f 2227//1894 2228//1894 2258//1894
f 2228//1894 2229//1894 2258//1894
f 2229//1894 2230//1894 2258//1894
f 2230//1894 2231//1894 2258//1894
f 2231//1894 2232//1894 2258//1894
f 2232//1894 2233//1894 2258//1894
f 2233//1894 2234//1894 2258//1894
f 2234//1894 2235//1894 2258//1894
f 2235//1894 2236//1894 2258//1894
f 2236//1894 2237//1894 2258//1894
f 2237//1894 2238//1894 2258//1894
f 2238//1894 2239//1894 2258//1894
f 2239//1894 2240//1894 2258//1894
f 2240//1894 2241//1894 2258//1894
f 2241//1894 2242//1894 2258//1894
f 2242//1894 2243//1894 2258//1894
f 2243//1894 2244//1894 2258//1894
f 2244//1894 2245//1894 2258//1894
f 2245//1894 2246//1894 2258//1894
f 2246//1894 2247//1894 2258//1894
f 2247//1894 2248//1894 2258//1894
f 2248//1894 2249//1894 2258//1894
f 2249//1894 2250//1894 2258//1894
f 2250//1894 2251//1894 2258//1894
f 2251//1894 2252//1894 2258//1894
f 2252//1894 2253//1894 2258//1894
f 2253//1894 2254//1894 2258//1894
f 2254//1894 2255//1894 2258//1894
f 2255//1894 2256//1894 2258//1894
f 2256//1894 2257//1894 2258//1894
f 2257//1894 2201//1894 2258//1894
f 2201//1894 2200//1894 2258//1894
f 2200//1894 2202//1894 2258//1894
f 2202//1894 2203//1894 2258//1894
f 2203//1894 2204//1894 2258//1894
f 2204//1894 2205//1894 2258//1894
f 2205//1894 2206//1894 2258//1894
f 2206//1894 2207//1894 2258//1894
f 2207//1894 2208//1894 2258//1894
f 2208//1894 2209//1894 2258//1894
f 2209//1894 2210//1894 2258//1894
f 2210//1894 2211//1894 2258//1894
f 2211//1894 2212//1894 2258//1894
f 2212//1894 2213//1894 2258//1894
f 2213//1894 2214//1894 2258//1894
f 2214//1894 2215//1894 2258//1894
f 2215//1894 2216//1894 2258//1894
f 2216//1894 2217//1894 2258//1894
f 2217//1894 2218//1894 2258//1894
f 2218//1894 2219//1894 2258//1894
f 2219//1894 2220//1894 2258//1894
f 2220//1894 2221//1894 2258//1894
f 2221//1894 1016//1894 2258//1894
f 1016//1894 2223//1894 2258//1894
f 2259//1895 2167//1895 2178//1896
f 2260//1896 2178//1896 2149//1897
f 2261//1897 2149//1897 2140//1898
f 2262//1898 2140//1898 2134//1899
f 2263//1899 2134//1899 2133//1900
f 2264//1900 2133//1900 2130//1901
f 2265//1901 2130//1901 2129//1902
f 2266//1902 2129//1902 2119//1903
f 2267//1903 2119//1903 2118//1904
f 2268//1904 2118//1904 2122//1905
f 2269//1905 2122//1905 2115//1906
f 2270//1906 2115//1906 2114//1907
f 2271//1907 2114//1907 2123//1908
f 2272//1908 2123//1908 2177//1909
f 2273//1909 2177//1909 2176//1910
f 2274//1910 2176//1910 2184//1911
f 2275//1911 2184//1911 2175//1912
f 2276//1912 2175//1912 2139//1913
f 2277//1913 2139//1913 2138//1914
f 2278//1914 2138//1914 2148//1915
f 2279//1915 2148//1915 2128//1916
f 2280//1916 2128//1916 2127//1917
f 2281//1917 2127//1917 2132//1918
f 2282//1918 2132//1918 2117//1919
f 2283//1919 2117//1919 2113//1920
f 2284//1920 2113//1920 2116//1921
f 2285//1921 2116//1921 2121//1922
f 2286//1922 2121//1922 2136//1923
f 2287//1923 2136//1923 2137//1924
f 2288//1924 2137//1924 2199//1925
f 2289//1925 2199//1925 2189//1926
f 2290//1926 2189//1926 2166//1927
f 2291//1927 2166//1927 2142//1928
f 2292//1928 2142//1928 2141//1929
f 2293//1929 2141//1929 2152//1930
f 2294//1930 2152//1930 2144//1931
f 2295//1931 2144//1931 2143//1932
f 2296//1932 2143//1932 2153//1933
f 2297//1933 2153//1933 2146//1934
f 2298//1934 2146//1934 2145//1935
f 2299//1935 2145//1935 2147//1936
f 2300//1936 2147//1936 2183//1937
f 2301//1937 2183//1937 2190//1938
f 2302//1938 2190//1938 2163//1939
f 2303//1939 2163//1939 2162//1940
f 2304//1940 2162//1940 2160//1941
f 2305//1941 2160//1941 2158//1942
f 2306//1942 2158//1942 2157//1943
f 2307//1943 2157//1943 2169//1944
f 2308//1944 2169//1944 2179//1945
f 2309//1945 2179//1945 2120//1946
f 2310//1946 2120//1946 2150//1947
f 2311//1947 2150//1947 2188//1948
f 2312//1948 2188//1948 2187//1949
f 2313//1949 2187//1949 2186//1950
f 2314//1950 2186//1950 2185//1951
f 2315//1951 2185//1951 2135//1952
f 2316//1952 2135//1952 2167//1895
f 2167//1895 2259//1895 2316//1952
f 2135//1952 2316//1952 2315//1951
f 2185//1951 2315//1951 2314//1950
f 2186//1950 2314//1950 2313//1949
f 2187//1949 2313//1949 2312//1948
f 2188//1948 2312//1948 2311//1947
f 2150//1947 2311//1947 2310//1946
f 2120//1946 2310//1946 2309//1945
f 2179//1945 2309//1945 2308//1944
f 2169//1944 2308//1944 2307//1943
f 2157//1943 2307//1943 2306//1942
f 2158//1942 2306//1942 2305//1941
f 2160//1941 2305//1941 2304//1940
f 2162//1940 2304//1940 2303//1939
f 2163//1939 2303//1939 2302//1938
f 2190//1938 2302//1938 2301//1937
f 2183//1937 2301//1937 2300//1936
f 2147//1936 2300//1936 2299//1935
f 2145//1935 2299//1935 2298//1934
f 2146//1934 2298//1934 2297//1933
f 2153//1933 2297//1933 2296//1932
f 2143//1932 2296//1932 2295//1931
f 2144//1931 2295//1931 2294//1930
f 2152//1930 2294//1930 2293//1929
f 2141//1929 2293//1929 2292//1928
f 2142//1928 2292//1928 2291//1927
f 2166//1927 2291//1927 2290//1926
f 2189//1926 2290//1926 2289//1925
f 2199//1925 2289//1925 2288//1924
f 2137//1924 2288//1924 2287//1923
f 2136//1923 2287//1923 2286//1922
f 2121//1922 2286//1922 2285//1921
f 2116//1921 2285//1921 2284//1920
f 2113//1920 2284//1920 2283//1919
f 2117//1919 2283//1919 2282//1918
f 2132//1918 2282//1918 2281//1917
f 2127//1917 2281//1917 2280//1916
f 2128//1916 2280//1916 2279//1915
f 2148//1915 2279//1915 2278//1914
f 2138//1914 2278//1914 2277//1913
f 2139//1913 2277//1913 2276//1912
f 2175//1912 2276//1912 2275//1911
f 2184//1911 2275//1911 2274//1910
f 2176//1910 2274//1910 2273//1909
f 2177//1909 2273//1909 2272//1908
f 2123//1908 2272//1908 2271//1907
f 2114//1907 2271//1907 2270//1906
f 2115//1906 2270//1906 2269//1905
f 2122//1905 2269//1905 2268//1904
f 2118//1904 2268//1904 2267//1903
f 2119//1903 2267//1903 2266//1902
f 2129//1902 2266//1902 2265//1901
f 2130//1901 2265//1901 2264//1900
f 2133//1900 2264//1900 2263//1899
f 2134//1899 2263//1899 2262//1898
f 2140//1898 2262//1898 2261//1897
f 2149//1897 2261//1897 2260//1896
f 2178//1896 2260//1896 2259//1895
f 2317//1953 2279//1953 2280//1953
f 2317//1953 2318//1953 2278//1953
f 2319//1953 2285//1953 2286//1953
f 2319//1953 2320//1953 2284//1953
f 2320//1953 2321//1953 2283//1953
f 2321//1953 2322//1953 2282//1953
f 2278//1953 2279//1953 2317//1953
f 2318//1953 2323//1953 2277//1953
f 2284//1953 2285//1953 2319//1953
f 2282//1953 2283//1953 2321//1953
f 2322//1953 2324//1953 2281//1953
f 2324//1953 2325//1953 2280//1953
f 2277//1953 2278//1953 2318//1953
f 2323//1953 2326//1953 2276//1953
f 2327//1953 2262//1953 2263//1953
f 2327//1953 2328//1953 2261//1953
f 2328//1953 2329//1953 2260//1953
f 2329//1953 2330//1953 2259//1953
f 2331//1953 2300//1953 2301//1953
f 2331//1953 2332//1953 2299//1953
f 2333//1953 2297//1953 2298//1953
f 2334//1953 2296//1953 2297//1953
f 2283//1953 2284//1953 2320//1953
f 2280//1953 2281//1953 2324//1953
f 2276//1953 2277//1953 2323//1953
f 2326//1953 2335//1953 2275//1953
f 2336//1953 2274//1953 2275//1953
f 2337//1953 2273//1953 2274//1953
f 2338//1953 2270//1953 2271//1953
f 2338//1953 2339//1953 2269//1953
f 2340//1953 2264//1953 2265//1953
f 2340//1953 2341//1953 2263//1953
f 2261//1953 2262//1953 2327//1953
f 2259//1953 2260//1953 2329//1953
f 2342//1953 2310//1953 2311//1953
f 2342//1953 2343//1953 2309//1953
f 2299//1953 2300//1953 2331//1953
f 2332//1953 2344//1953 2298//1953
f 2297//1953 2333//1953 2334//1953
f 2334//1953 2345//1953 2295//1953
f 2281//1953 2282//1953 2322//1953
f 2275//1953 2276//1953 2326//1953
f 2274//1953 2336//1953 2337//1953
f 2337//1953 2346//1953 2272//1953
f 2347//1953 2271//1953 2272//1953
f 2269//1953 2270//1953 2338//1953
f 2339//1953 2348//1953 2268//1953
f 2348//1953 2349//1953 2267//1953
f 2350//1953 2266//1953 2267//1953
f 2350//1953 2351//1953 2265//1953
f 2263//1953 2264//1953 2340//1953
f 2260//1953 2261//1953 2328//1953
f 2309//1953 2310//1953 2342//1953
f 2343//1953 2352//1953 2308//1953
f 2298//1953 2299//1953 2332//1953
f 2295//1953 2296//1953 2334//1953
f 2353//1953 2294//1953 2295//1953
f 2353//1953 2354//1953 2293//1953
f 2280//1953 2325//1953 2317//1953
f 2272//1953 2273//1953 2337//1953
f 2271//1953 2347//1953 2338//1953
f 2267//1953 2268//1953 2348//1953
f 2265//1953 2266//1953 2350//1953
f 2263//1953 2341//1953 2327//1953
f 2355//1953 2316//1953 2259//1953
f 2355//1953 2356//1953 2315//1953
f 2308//1953 2309//1953 2343//1953
f 2352//1953 2357//1953 2307//1953
f 2358//1953 2306//1953 2307//1953
f 2359//1953 2305//1953 2306//1953
f 2360//1953 2304//1953 2305//1953
f 2360//1953 2361//1953 2303//1953
f 2361//1953 2362//1953 2302//1953
f 2362//1953 2363//1953 2301//1953
f 2298//1953 2344//1953 2333//1953
f 2293//1953 2294//1953 2353//1953
f 2364//1953 2291//1953 2292//1953
f 2364//1953 2365//1953 2290//1953
f 2365//1953 2366//1953 2289//1953
f 2366//1953 2367//1953 2288//1953
f 2275//1953 2335//1953 2336//1953
f 2268//1953 2269//1953 2339//1953
f 2265//1953 2351//1953 2340//1953
f 2315//1953 2316//1953 2355//1953
f 2368//1953 2314//1953 2315//1953
f 2369//1953 2313//1953 2314//1953
f 2370//1953 2312//1953 2313//1953
f 2370//1953 2371//1953 2311//1953
f 2307//1953 2308//1953 2352//1953
f 2306//1953 2358//1953 2359//1953
f 2303//1953 2304//1953 2360//1953
f 2301//1953 2302//1953 2362//1953
f 2295//1953 2345//1953 2353//1953
f 2354//1953 2372//1953 2292//1953
f 2290//1953 2291//1953 2364//1953
f 2288//1953 2289//1953 2366//1953
f 2272//1953 2346//1953 2347//1953
f 2259//1953 2330//1953 2355//1953
f 2314//1953 2368//1953 2369//1953
f 2311//1953 2312//1953 2370//1953
f 2307//1953 2357//1953 2358//1953
f 2302//1953 2303//1953 2361//1953
f 2292//1953 2293//1953 2354//1953
f 2289//1953 2290//1953 2365//1953
f 2267//1953 2349//1953 2350//1953
f 2313//1953 2369//1953 2370//1953
f 2305//1953 2359//1953 2360//1953
f 2292//1953 2372//1953 2364//1953
f 2373//1953 2287//1953 2288//1953
f 2373//1953 2374//1953 2286//1953
f 2315//1953 2356//1953 2368//1953
f 2301//1953 2363//1953 2331//1953
f 2286//1953 2287//1953 2373//1953
f 2311//1953 2371//1953 2342//1953
f 2286//1953 2374//1953 2319//1953
f 2288//1953 2367//1953 2373//1953
f 2355//1954 2330//1955 2375//1955
f 2356//1956 2355//1954 2376//1957
f 2368//1958 2356//1956 2377//1959
f 2369//1960 2368//1958 2378//1961
f 2370//1962 2369//1960 2379//1963
f 2371//1964 2370//1962 2380//1965
f 2342//1966 2371//1964 2381//1967
f 2343//1968 2342//1966 2382//1969
f 2352//1970 2343//1968 2383//1971
f 2357//1972 2352//1970 2384//1973
f 2358//1974 2357//1972 2385//1975
f 2359//1976 2358//1974 2386//1977
f 2360//1978 2359//1976 2387//1979
f 2361//1980 2360//1978 2388//1981
f 2362//1982 2361//1980 2389//1983
f 2363//1984 2362//1982 2390//1985
f 2331//1986 2363//1984 2391//1987
f 2332//1988 2331//1986 2392//1989
f 2344//1990 2332//1988 2393//1991
f 2333//1992 2344//1990 2394//1993
f 2334//1994 2333//1992 2395//1995
f 2345//1996 2334//1994 2396//1997
f 2353//1998 2345//1996 2397//1999
f 2354//2000 2353//1998 2398//2001
f 2372//2002 2354//2000 2399//2003
f 2364//2004 2372//2002 2400//2005
f 2365//2006 2364//2004 2401//2007
f 2366//2008 2365//2006 2402//2009
f 2367//2010 2366//2008 2403//2011
f 2373//2012 2367//2010 2404//2013
f 2374//2014 2373//2012 2405//2015
f 2319//2016 2374//2014 2406//2017
f 2320//2018 2319//2016 2407//2019
f 2321//2020 2320//2018 2408//2021
f 2322//2022 2321//2020 2409//2023
f 2324//2024 2322//2022 2410//2025
f 2325//2026 2324//2024 2411//2027
f 2317//2028 2325//2026 2412//2029
f 2318//2030 2317//2028 2413//2031
f 2323//2032 2318//2030 2414//2033
f 2326//2034 2323//2032 2415//2035
f 2335//2036 2326//2034 2416//2037
f 2336//2038 2335//2036 2417//2039
f 2337//2040 2336//2038 2418//2041
f 2346//2042 2337//2040 2419//2043
f 2347//2044 2346//2042 2420//2045
f 2338//2046 2347//2044 2421//2047
f 2339//2048 2338//2046 2422//2049
f 2348//2050 2339//2048 2423//2051
f 2349//2052 2348//2050 2424//2053
f 2350//2054 2349//2052 2425//2055
f 2351//2056 2350//2054 2426//2057
f 2340//2058 2351//2056 2427//2059
f 2341//2060 2340//2058 2428//2061
f 2327//2062 2341//2060 2429//2063
f 2328//2064 2327//2062 2430//2065
f 2329//2066 2328//2064 2431//2067
f 2330//1955 2329//2066 2432//2066
f 2432//2066 2375//1955 2330//1955
f 2431//2067 2432//2066 2329//2066
f 2430//2065 2431//2067 2328//2064
f 2429//2063 2430//2065 2327//2062
f 2428//2061 2429//2063 2341//2060
f 2427//2059 2428//2061 2340//2058
f 2426//2057 2427//2059 2351//2056
f 2425//2055 2426//2057 2350//2054
f 2424//2053 2425//2055 2349//2052
f 2423//2051 2424//2053 2348//2050
f 2422//2049 2423//2051 2339//2048
f 2421//2047 2422//2049 2338//2046
f 2420//2045 2421//2047 2347//2044
f 2419//2043 2420//2045 2346//2042
f 2418//2041 2419//2043 2337//2040
f 2417//2039 2418//2041 2336//2038
f 2416//2037 2417//2039 2335//2036
f 2415//2035 2416//2037 2326//2034
f 2414//2033 2415//2035 2323//2032
f 2413//2031 2414//2033 2318//2030
f 2412//2029 2413//2031 2317//2028
f 2411//2027 2412//2029 2325//2026
f 2410//2025 2411//2027 2324//2024
f 2409//2023 2410//2025 2322//2022
f 2408//2021 2409//2023 2321//2020
f 2407//2019 2408//2021 2320//2018
f 2406//2017 2407//2019 2319//2016
f 2405//2015 2406//2017 2374//2014
f 2404//2013 2405//2015 2373//2012
f 2403//2011 2404//2013 2367//2010
f 2402//2009 2403//2011 2366//2008
f 2401//2007 2402//2009 2365//2006
f 2400//2005 2401//2007 2364//2004
f 2399//2003 2400//2005 2372//2002
f 2398//2001 2399//2003 2354//2000
f 2397//1999 2398//2001 2353//1998
f 2396//1997 2397//1999 2345//1996
f 2395//1995 2396//1997 2334//1994
f 2394//1993 2395//1995 2333//1992
f 2393//1991 2394//1993 2344//1990
f 2392//1989 2393//1991 2332//1988
f 2391//1987 2392//1989 2331//1986
f 2390//1985 2391//1987 2363//1984
f 2389//1983 2390//1985 2362//1982
f 2388//1981 2389//1983 2361//1980
f 2387//1979 2388//1981 2360//1978
f 2386//1977 2387//1979 2359//1976
f 2385//1975 2386//1977 2358//1974
f 2384//1973 2385//1975 2357//1972
f 2383//1971 2384//1973 2352//1970
f 2382//1969 2383//1971 2343//1968
f 2381//1967 2382//1969 2342//1966
f 2380//1965 2381//1967 2371//1964
f 2379//1963 2380//1965 2370//1962
f 2378//1961 2379//1963 2369//1960
f 2377//1959 2378//1961 2368//1958
f 2376//1957 2377//1959 2356//1956
f 2375//1955 2376//1957 2355//1954
f 2433//2068 2385//2068 2384//2068
f 2434//2068 2386//2068 2385//2068
f 2435//2068 2387//2068 2386//2068
f 2435//2068 2436//2068 2388//2068
f 2437//2068 2438//2068 2380//2068
f 2439//2068 2381//2068 2380//2068
f 2385//2068 2433//2068 2434//2068
f 2388//2068 2387//2068 2435//2068
f 2440//2068 2413//2068 2412//2068
f 2440//2068 2441//2068 2414//2068
f 2380//2068 2438//2068 2439//2068
f 2442//2068 2382//2068 2381//2068
f 2443//2068 2383//2068 2382//2068
f 2444//2068 2384//2068 2383//2068
f 2386//2068 2434//2068 2435//2068
f 2436//2068 2445//2068 2389//2068
f 2445//2068 2446//2068 2390//2068
f 2446//2068 2447//2068 2391//2068
f 2414//2068 2413//2068 2440//2068
f 2441//2068 2448//2068 2415//2068
f 2381//2068 2439//2068 2442//2068
f 2383//2068 2443//2068 2444//2068
f 2389//2068 2388//2068 2436//2068
f 2391//2068 2390//2068 2446//2068
f 2449//2068 2409//2068 2408//2068
f 2450//2068 2410//2068 2409//2068
f 2451//2068 2412//2068 2411//2068
f 2415//2068 2414//2068 2441//2068
f 2452//2068 2416//2068 2415//2068
f 2452//2068 2453//2068 2417//2068
f 2454//2068 2418//2068 2417//2068
f 2454//2068 2455//2068 2419//2068
f 2382//2068 2442//2068 2443//2068
f 2390//2068 2389//2068 2445//2068
f 2456//2068 2392//2068 2391//2068
f 2456//2068 2457//2068 2393//2068
f 2409//2068 2449//2068 2450//2068
f 2450//2068 2458//2068 2411//2068
f 2412//2068 2451//2068 2440//2068
f 2417//2068 2416//2068 2452//2068
f 2419//2068 2418//2068 2454//2068
f 2455//2068 2459//2068 2420//2068
f 2384//2068 2444//2068 2433//2068
f 2393//2068 2392//2068 2456//2068
f 2457//2068 2460//2068 2394//2068
f 2460//2068 2461//2068 2395//2068
f 2462//2068 2396//2068 2395//2068
f 2462//2068 2463//2068 2397//2068
f 2411//2068 2410//2068 2450//2068
f 2415//2068 2448//2068 2452//2068
f 2420//2068 2419//2068 2455//2068
f 2459//2068 2464//2068 2421//2068
f 2391//2068 2447//2068 2456//2068
f 2395//2068 2394//2068 2460//2068
f 2397//2068 2396//2068 2462//2068
f 2463//2068 2465//2068 2398//2068
f 2466//2068 2405//2068 2404//2068
f 2466//2068 2467//2068 2406//2068
f 2468//2068 2407//2068 2406//2068
f 2468//2068 2469//2068 2408//2068
f 2411//2068 2458//2068 2451//2068
f 2421//2068 2420//2068 2459//2068
f 2470//2068 2422//2068 2421//2068
f 2470//2068 2471//2068 2423//2068
f 2394//2068 2393//2068 2457//2068
f 2398//2068 2397//2068 2463//2068
f 2406//2068 2405//2068 2466//2068
f 2408//2068 2407//2068 2468//2068
f 2417//2068 2453//2068 2454//2068
f 2423//2068 2422//2068 2470//2068
f 2472//2068 2424//2068 2423//2068
f 2473//2068 2425//2068 2424//2068
f 2473//2068 2474//2068 2426//2068
f 2474//2068 2475//2068 2427//2068
f 2476//2068 2428//2068 2427//2068
f 2477//2068 2429//2068 2428//2068
f 2395//2068 2461//2068 2462//2068
f 2465//2068 2478//2068 2399//2068
f 2479//2068 2400//2068 2399//2068
f 2479//2068 2480//2068 2401//2068
f 2406//2068 2467//2068 2468//2068
f 2421//2068 2464//2068 2470//2068
f 2424//2068 2472//2068 2473//2068
f 2427//2068 2426//2068 2474//2068
f 2428//2068 2476//2068 2477//2068
f 2477//2068 2481//2068 2430//2068
f 2399//2068 2398//2068 2465//2068
f 2401//2068 2400//2068 2479//2068
f 2408//2068 2469//2068 2449//2068
f 2426//2068 2425//2068 2473//2068
f 2430//2068 2429//2068 2477//2068
f 2481//2068 2482//2068 2431//2068
f 2483//2068 2432//2068 2431//2068
f 2483//2068 2484//2068 2375//2068
f 2485//2068 2376//2068 2375//2068
f 2485//2068 2486//2068 2377//2068
f 2487//2068 2378//2068 2377//2068
f 2487//2068 2437//2068 2379//2068
f 2399//2068 2478//2068 2479//2068
f 2480//2068 2488//2068 2402//2068
f 2423//2068 2471//2068 2472//2068
f 2431//2068 2430//2068 2481//2068
f 2375//2068 2432//2068 2483//2068
f 2377//2068 2376//2068 2485//2068
f 2379//2068 2378//2068 2487//2068
f 2402//2068 2401//2068 2480//2068
f 2489//2068 2403//2068 2402//2068
f 2489//2068 2490//2068 2404//2068
f 2427//2068 2475//2068 2476//2068
f 2375//2068 2484//2068 2485//2068
f 2380//2068 2379//2068 2437//2068
f 2404//2068 2403//2068 2489//2068
f 2431//2068 2482//2068 2483//2068
f 2402//2068 2488//2068 2489//2068
f 2377//2068 2486//2068 2487//2068
f 2404//2068 2490//2068 2466//2068
f 2491//2069 2484//2069 2483//2070
f 2492//2070 2483//2070 2482//2071
f 2493//2071 2482//2071 2481//2072
f 2494//2072 2481//2072 2477//2073
f 2495//2073 2477//2073 2476//2074
f 2496//2074 2476//2074 2475//2075
f 2497//2075 2475//2075 2474//2076
f 2498//2076 2474//2076 2473//2077
f 2499//2077 2473//2077 2472//2078
f 2500//2078 2472//2078 2471//2079
f 2501//2079 2471//2079 2470//2080
f 2502//2080 2470//2080 2464//2081
f 2503//2081 2464//2081 2459//2082
f 2504//2082 2459//2082 2455//2083
f 2505//2083 2455//2083 2454//2084
f 2506//2084 2454//2084 2453//2085
f 2507//2085 2453//2085 2452//2086
f 2508//2086 2452//2086 2448//2087
f 2509//2087 2448//2087 2441//2088
f 2510//2088 2441//2088 2440//2089
f 2511//2089 2440//2089 2451//2090
f 2512//2090 2451//2090 2458//2091
f 2513//2091 2458//2091 2450//2092
f 2514//2092 2450//2092 2449//2093
f 2515//2093 2449//2093 2469//2094
f 2516//2094 2469//2094 2468//2095
f 2517//2095 2468//2095 2467//2096
f 2518//2096 2467//2096 2466//2097
f 2519//2097 2466//2097 2490//2098
f 2520//2098 2490//2098 2489//2099
f 2521//2099 2489//2099 2488//2100
f 2522//2100 2488//2100 2480//2101
f 2523//2101 2480//2101 2479//2102
f 2524//2102 2479//2102 2478//2103
f 2525//2103 2478//2103 2465//2104
f 2526//2104 2465//2104 2463//2105
f 2527//2105 2463//2105 2462//2106
f 2528//2106 2462//2106 2461//2107
f 2529//2107 2461//2107 2460//2108
f 2530//2108 2460//2108 2457//2109
f 2531//2109 2457//2109 2456//2110
f 2532//2110 2456//2110 2447//2111
f 2533//2111 2447//2111 2446//2112
f 2534//2112 2446//2112 2445//2113
f 2535//2113 2445//2113 2436//2114
f 2536//2114 2436//2114 2435//2115
f 2537//2115 2435//2115 2434//2116
f 2538//2116 2434//2116 2433//2117
f 2539//2117 2433//2117 2444//2118
f 2540//2118 2444//2118 2443//2119
f 2541//2119 2443//2119 2442//2120
f 2542//2120 2442//2120 2439//2121
f 2543//2121 2439//2121 2438//2122
f 2544//2122 2438//2122 2437//2123
f 2545//2123 2437//2123 2487//2124
f 2546//2124 2487//2124 2486//2125
f 2547//2125 2486//2125 2485//2126
f 2548//2126 2485//2126 2484//2069
f 2484//2069 2491//2069 2548//2126
f 2485//2126 2548//2126 2547//2125
f 2486//2125 2547//2125 2546//2124
f 2487//2124 2546//2124 2545//2123
f 2437//2123 2545//2123 2544//2122
f 2438//2122 2544//2122 2543//2121
f 2439//2121 2543//2121 2542//2120
f 2442//2120 2542//2120 2541//2119
f 2443//2119 2541//2119 2540//2118
f 2444//2118 2540//2118 2539//2117
f 2433//2117 2539//2117 2538//2116
f 2434//2116 2538//2116 2537//2115
f 2435//2115 2537//2115 2536//2114
f 2436//2114 2536//2114 2535//2113
f 2445//2113 2535//2113 2534//2112
f 2446//2112 2534//2112 2533//2111
f 2447//2111 2533//2111 2532//2110
f 2456//2110 2532//2110 2531//2109
f 2457//2109 2531//2109 2530//2108
f 2460//2108 2530//2108 2529//2107
f 2461//2107 2529//2107 2528//2106
f 2462//2106 2528//2106 2527//2105
f 2463//2105 2527//2105 2526//2104
f 2465//2104 2526//2104 2525//2103
f 2478//2103 2525//2103 2524//2102
f 2479//2102 2524//2102 2523//2101
f 2480//2101 2523//2101 2522//2100
f 2488//2100 2522//2100 2521//2099
f 2489//2099 2521//2099 2520//2098
f 2490//2098 2520//2098 2519//2097
f 2466//2097 2519//2097 2518//2096
f 2467//2096 2518//2096 2517//2095
f 2468//2095 2517//2095 2516//2094
f 2469//2094 2516//2094 2515//2093
f 2449//2093 2515//2093 2514//2092
f 2450//2092 2514//2092 2513//2091
f 2458//2091 2513//2091 2512//2090
f 2451//2090 2512//2090 2511//2089
f 2440//2089 2511//2089 2510//2088
f 2441//2088 2510//2088 2509//2087
f 2448//2087 2509//2087 2508//2086
f 2452//2086 2508//2086 2507//2085
f 2453//2085 2507//2085 2506//2084
f 2454//2084 2506//2084 2505//2083
f 2455//2083 2505//2083 2504//2082
f 2459//2082 2504//2082 2503//2081
f 2464//2081 2503//2081 2502//2080
f 2470//2080 2502//2080 2501//2079
f 2471//2079 2501//2079 2500//2078
f 2472//2078 2500//2078 2499//2077
f 2473//2077 2499//2077 2498//2076
f 2474//2076 2498//2076 2497//2075
f 2475//2075 2497//2075 2496//2074
f 2476//2074 2496//2074 2495//2073
f 2477//2073 2495//2073 2494//2072
f 2481//2072 2494//2072 2493//2071
f 2482//2071 2493//2071 2492//2070
f 2483//2070 2492//2070 2491//2069
f 2781//2127 480//2127 2549//2127
f 480//2127 2550//2127 2549//2127
f 304//2127 2551//2127 2552//2127
f 302//2127 2553//2127 2554//2127
f 2781//2127 2555//2127 2556//2127
f 2549//2127 2557//2127 2781//2127
f 2552//2127 480//2127 304//2127
f 304//2127 2558//2127 2559//2127
f 313//2127 315//2127 2560//2127
f 315//2127 317//2127 2561//2127
f 303//2127 2562//2127 2563//2127
f 303//2127 2564//2127 2565//2127
f 302//2127 2566//2127 2564//2127
f 302//2127 2567//2127 2568//2127
f 302//2127 2569//2127 2553//2127
f 302//2127 2781//2127 2570//2127
f 2781//2127 2571//2127 2572//2127
f 2556//2127 2573//2127 2781//2127
f 480//2127 2574//2127 2550//2127
f 480//2127 2575//2127 2576//2127
f 304//2127 2577//2127 2551//2127
f 304//2127 2578//2127 2558//2127
f 309//2127 2579//2127 2580//2127
f 311//2127 2581//2127 2579//2127
f 311//2127 313//2127 2582//2127
f 2561//2127 2560//2127 315//2127
f 303//2127 2583//2127 2562//2127
f 2564//2127 303//2127 302//2127
f 302//2127 2584//2127 2585//2127
f 2568//2127 2586//2127 302//2127
f 302//2127 2587//2127 2569//2127
f 2570//2127 2588//2127 302//2127
f 2781//2127 2589//2127 2590//2127
f 2781//2127 2591//2127 2571//2127
f 2781//2127 2592//2127 2593//2127
f 2557//2127 2555//2127 2781//2127
f 480//2127 2594//2127 2575//2127
f 2559//2127 2577//2127 304//2127
f 307//2127 2580//2127 2578//2127
f 2579//2127 309//2127 311//2127
f 2560//2127 2582//2127 313//2127
f 317//2127 319//2127 2595//2127
f 319//2127 321//2127 2596//2127
f 321//2127 323//2127 2597//2127
f 323//2127 325//2127 2598//2127
f 327//2127 329//2127 2599//2127
f 2565//2127 2583//2127 303//2127
f 2586//2127 2584//2127 302//2127
f 302//2127 2600//2127 2587//2127
f 2590//2127 2570//2127 2781//2127
f 2593//2127 2591//2127 2781//2127
f 2576//2127 2574//2127 480//2127
f 480//2127 2601//2127 2602//2127
f 2578//2127 304//2127 307//2127
f 2582//2127 2581//2127 311//2127
f 2596//2127 2595//2127 319//2127
f 2598//2127 2597//2127 323//2127
f 325//2127 327//2127 2603//2127
f 329//2127 2604//2127 2599//2127
f 331//2127 2605//2127 2604//2127
f 333//2127 2563//2127 2605//2127
f 2585//2127 2566//2127 302//2127
f 2588//2127 2600//2127 302//2127
f 2573//2127 2592//2127 2781//2127
f 480//2127 2606//2127 2601//2127
f 2580//2127 307//2127 309//2127
f 2597//2127 2596//2127 321//2127
f 2599//2127 2603//2127 327//2127
f 2605//2127 331//2127 333//2127
f 2554//2127 2567//2127 302//2127
f 2602//2127 2594//2127 480//2127
f 2595//2127 2561//2127 317//2127
f 2604//2127 329//2127 331//2127
f 2572//2127 2589//2127 2781//2127
f 2603//2127 2598//2127 325//2127
f 2552//2127 2606//2127 480//2127
f 168//2127 2781//2127 2491//2127
f 168//2127 2492//2127 2493//2127
f 2781//2127 2548//2127 2491//2127
f 168//2127 2496//2127 2497//2127
f 2493//2127 2494//2127 168//2127
f 2781//2127 2547//2127 2548//2127
f 168//2127 2500//2127 2607//2127
f 168//2127 2495//2127 2496//2127
f 2491//2127 2492//2127 168//2127
f 2781//2127 2545//2127 2546//2127
f 2781//2127 2541//2127 2542//2127
f 2781//2127 2539//2127 2540//2127
f 2781//2127 2534//2127 2535//2127
f 302//2127 2533//2127 2534//2127
f 302//2127 2524//2127 2525//2127
f 168//2127 2499//2127 2500//2127
f 2497//2127 2498//2127 168//2127
f 2546//2127 2547//2127 2781//2127
f 2781//2127 2543//2127 2544//2127
f 2540//2127 2541//2127 2781//2127
f 2781//2127 2537//2127 2538//2127
f 2534//2127 2781//2127 302//2127
f 302//2127 2527//2127 2528//2127
f 2525//2127 2526//2127 302//2127
f 2498//2127 2499//2127 168//2127
f 2544//2127 2545//2127 2781//2127
f 2538//2127 2539//2127 2781//2127
f 2535//2127 2536//2127 2781//2127
f 2528//2127 2529//2127 302//2127
f 302//2127 2523//2127 2524//2127
f 302//2127 2521//2127 2522//2127
f 168//2127 2608//2127 2609//2127
f 2494//2127 2495//2127 168//2127
f 2536//2127 2537//2127 2781//2127
f 302//2127 2531//2127 2532//2127
f 2529//2127 2530//2127 302//2127
f 2522//2127 2523//2127 302//2127
f 2609//2127 2610//2127 168//2127
f 2542//2127 2543//2127 2781//2127
f 2530//2127 2531//2127 302//2127
f 302//2127 2520//2127 2521//2127
f 2511//2127 2611//2127 2612//2127
f 168//2127 2613//2127 2614//2127
f 2607//2127 2608//2127 168//2127
f 2526//2127 2527//2127 302//2127
f 2512//2127 2615//2127 2611//2127
f 2612//2127 2509//2127 2510//2127
f 2616//2127 2615//2127 2514//2127
f 290//2127 2617//2127 2618//2127
f 274//2127 2619//2127 2620//2127
f 274//2127 272//2127 2621//2127
f 2614//2127 2622//2127 168//2127
f 2532//2127 2533//2127 302//2127
f 2500//2127 2623//2127 2624//2127
f 2615//2127 2512//2127 2513//2127
f 2612//2127 2510//2127 2511//2127
f 2612//2127 2505//2127 2506//2127
f 2612//2127 2502//2127 2503//2127
f 2612//2127 2500//2127 2501//2127
f 2515//2127 2625//2127 2616//2127
f 296//2127 294//2127 2626//2127
f 294//2127 292//2127 2627//2127
f 2618//2127 292//2127 290//2127
f 288//2127 2628//2127 2617//2127
f 278//2127 2629//2127 2630//2127
f 276//2127 2620//2127 2629//2127
f 2621//2127 2619//2127 274//2127
f 272//2127 270//2127 2631//2127
f 2610//2127 2613//2127 168//2127
f 2500//2127 2632//2127 2623//2127
f 2611//2127 2511//2127 2512//2127
f 2612//2127 2507//2127 2508//2127
f 2612//2127 2504//2127 2505//2127
f 2501//2127 2502//2127 2612//2127
f 2633//2127 2518//2127 2519//2127
f 2633//2127 2516//2127 2517//2127
f 2515//2127 2633//2127 2625//2127
f 2627//2127 2626//2127 294//2127
f 2617//2127 290//2127 288//2127
f 286//2127 2634//2127 2628//2127
f 284//2127 2635//2127 2634//2127
f 2629//2127 278//2127 276//2127
f 2631//2127 2621//2127 272//2127
f 172//2127 2636//2127 2637//2127
f 172//2127 168//2127 2638//2127
f 168//2127 2639//2127 2640//2127
f 2624//2127 2607//2127 2500//2127
f 2508//2127 2509//2127 2612//2127
f 2503//2127 2504//2127 2612//2127
f 2517//2127 2518//2127 2633//2127
f 2514//2127 2515//2127 2616//2127
f 302//2127 2641//2127 2642//2127
f 302//2127 2643//2127 2644//2127
f 298//2127 2645//2127 2643//2127
f 2618//2127 2627//2127 292//2127
f 2634//2127 286//2127 284//2127
f 282//2127 2646//2127 2635//2127
f 280//2127 2630//2127 2646//2127
f 2620//2127 276//2127 274//2127
f 270//2127 172//2127 2647//2127
f 172//2127 2648//2127 2636//2127
f 2638//2127 2649//2127 172//2127
f 2622//2127 2639//2127 168//2127
f 2500//2127 2650//2127 2651//2127
f 2506//2127 2507//2127 2612//2127
f 2515//2127 2516//2127 2633//2127
f 302//2127 2652//2127 2641//2127
f 2643//2127 302//2127 298//2127
f 298//2127 2653//2127 2654//2127
f 2628//2127 288//2127 286//2127
f 2646//2127 282//2127 280//2127
f 2647//2127 2631//2127 270//2127
f 2649//2127 2648//2127 172//2127
f 2651//2127 2632//2127 2500//2127
f 2500//2127 2612//2127 2655//2127
f 2519//2127 2520//2127 2633//2127
f 2656//2127 2633//2127 2520//2127
f 302//2127 2657//2127 2658//2127
f 2644//2127 2652//2127 302//2127
f 2654//2127 2659//2127 298//2127
f 298//2127 296//2127 2660//2127
f 2635//2127 284//2127 282//2127
f 2637//2127 2647//2127 172//2127
f 168//2127 2661//2127 2662//2127
f 2655//2127 2650//2127 2500//2127
f 2520//2127 302//2127 2656//2127
f 2658//2127 2663//2127 302//2127
f 2659//2127 2645//2127 298//2127
f 2660//2127 2664//2127 298//2127
f 2630//2127 280//2127 278//2127
f 2640//2127 2661//2127 168//2127
f 2663//2127 2656//2127 302//2127
f 2664//2127 2653//2127 298//2127
f 2662//2127 2638//2127 168//2127
f 2642//2127 2657//2127 302//2127
f 2513//2127 2514//2127 2615//2127
f 267//2127 2665//2127 2666//2127
f 269//2127 2667//2127 2665//2127
f 261//2127 263//2127 2668//2127
f 265//2127 2666//2127 2669//2127
f 2665//2127 267//2127 269//2127
f 259//2127 261//2127 2670//2127
f 263//2127 2669//2127 2668//2127
f 2666//2127 265//2127 267//2127
f 168//2127 193//2127 2671//2127
f 2668//2127 2670//2127 261//2127
f 269//2127 2672//2127 2667//2127
f 269//2127 2673//2127 2674//2127
f 168//2127 2675//2127 2676//2127
f 193//2127 2677//2127 2671//2127
f 243//2127 2678//2127 2679//2127
f 245//2127 2680//2127 2678//2127
f 255//2127 257//2127 2681//2127
f 257//2127 259//2127 2682//2127
f 2669//2127 263//2127 265//2127
f 269//2127 2683//2127 2673//2127
f 168//2127 2684//2127 2685//2127
f 168//2127 2686//2127 2675//2127
f 168//2127 2687//2127 2688//2127
f 193//2127 2689//2127 2677//2127
f 2678//2127 243//2127 245//2127
f 245//2127 247//2127 2690//2127
f 247//2127 249//2127 2691//2127
f 249//2127 251//2127 2692//2127
f 2682//2127 2681//2127 257//2127
f 2674//2127 2672//2127 269//2127
f 269//2127 668//2127 2693//2127
f 668//2127 2694//2127 2695//2127
f 2781//2127 2696//2127 2697//2127
f 2781//2127 2698//2127 2699//2127
f 2676//2127 2684//2127 168//2127
f 168//2127 2700//2127 2701//2127
f 2671//2127 2687//2127 168//2127
f 241//2127 2679//2127 2689//2127
f 2690//2127 2680//2127 245//2127
f 2692//2127 2691//2127 249//2127
f 2670//2127 2682//2127 259//2127
f 668//2127 2702//2127 2693//2127
f 668//2127 2703//2127 2704//2127
f 668//2127 2705//2127 2694//2127
f 2781//2127 2706//2127 2696//2127
f 2699//2127 2707//2127 2781//2127
f 2781//2127 2708//2127 2709//2127
f 2701//2127 2686//2127 168//2127
f 168//2127 2710//2127 2711//2127
f 2689//2127 193//2127 241//2127
f 2691//2127 2690//2127 247//2127
f 251//2127 253//2127 2712//2127
f 253//2127 255//2127 2713//2127
f 2693//2127 2683//2127 269//2127
f 668//2127 2714//2127 2715//2127
f 2695//2127 2703//2127 668//2127
f 2781//2127 2716//2127 2705//2127
f 2781//2127 2717//2127 2718//2127
f 2707//2127 2706//2127 2781//2127
f 2709//2127 2719//2127 2781//2127
f 168//2127 2720//2127 2721//2127
f 2711//2127 2700//2127 168//2127
f 2679//2127 241//2127 243//2127
f 2713//2127 2712//2127 253//2127
f 2715//2127 2702//2127 668//2127
f 2705//2127 668//2127 2781//2127
f 2718//2127 2722//2127 2781//2127
f 2719//2127 2698//2127 2781//2127
f 2721//2127 2781//2127 168//2127
f 2688//2127 2710//2127 168//2127
f 2681//2127 2713//2127 255//2127
f 2722//2127 2716//2127 2781//2127
f 2721//2127 2708//2127 2781//2127
f 2712//2127 2692//2127 251//2127
f 2697//2127 2717//2127 2781//2127
f 2704//2127 2714//2127 668//2127
f 542//2127 540//2127 2723//2127
f 540//2127 538//2127 2724//2127
f 2724//2127 2723//2127 540//2127
f 524//2127 2725//2127 2726//2127
f 522//2127 2727//2127 2725//2127
f 518//2127 2728//2127 2729//2127
f 518//2127 516//2127 2730//2127
f 2781//2127 2731//2127 2732//2127
f 668//2127 542//2127 2733//2127
f 542//2127 2734//2127 2735//2127
f 2723//2127 2736//2127 542//2127
f 538//2127 536//2127 2737//2127
f 534//2127 2738//2127 2739//2127
f 2725//2127 524//2127 522//2127
f 520//2127 2729//2127 2727//2127
f 2730//2127 2728//2127 518//2127
f 516//2127 514//2127 2740//2127
f 2781//2127 2741//2127 2742//2127
f 2781//2127 2743//2127 2744//2127
f 2781//2127 2745//2127 2746//2127
f 2781//2127 2747//2127 2731//2127
f 668//2127 2748//2127 2749//2127
f 668//2127 2750//2127 2751//2127
f 2735//2127 2733//2127 542//2127
f 2737//2127 2724//2127 538//2127
f 2739//2127 536//2127 534//2127
f 532//2127 2752//2127 2738//2127
f 2727//2127 522//2127 520//2127
f 2740//2127 2730//2127 516//2127
f 480//2127 2753//2127 2754//2127
f 480//2127 2755//2127 2756//2127
f 2781//2127 2757//2127 2741//2127
f 2781//2127 2758//2127 2743//2127
f 2781//2127 2759//2127 2760//2127
f 2746//2127 2761//2127 2781//2127
f 2781//2127 2762//2127 2747//2127
f 668//2127 2763//2127 2748//2127
f 668//2127 2764//2127 2765//2127
f 668//2127 2766//2127 2750//2127
f 668//2127 2767//2127 2768//2127
f 2736//2127 2734//2127 542//2127
f 2738//2127 534//2127 532//2127
f 530//2127 2769//2127 2752//2127
f 528//2127 2770//2127 2769//2127
f 2729//2127 520//2127 518//2127
f 514//2127 461//2127 2771//2127
f 461//2127 2754//2127 2772//2127
f 2756//2127 2753//2127 480//2127
f 2744//2127 2757//2127 2781//2127
f 2761//2127 2759//2127 2781//2127
f 2781//2127 2749//2127 2762//2127
f 2765//2127 2763//2127 668//2127
f 2768//2127 2766//2127 668//2127
f 2739//2127 2737//2127 536//2127
f 2769//2127 530//2127 528//2127
f 526//2127 2726//2127 2770//2127
f 2771//2127 2740//2127 514//2127
f 2754//2127 461//2127 480//2127
f 480//2127 2773//2127 2774//2127
f 480//2127 2775//2127 2776//2127
f 480//2127 2777//2127 2778//2127
f 2760//2127 2758//2127 2781//2127
f 2749//2127 2781//2127 668//2127
f 2733//2127 2767//2127 668//2127
f 2770//2127 528//2127 526//2127
f 2772//2127 2771//2127 461//2127
f 2776//2127 2773//2127 480//2127
f 2778//2127 2779//2127 480//2127
f 480//2127 2742//2127 2780//2127
f 2732//2127 2745//2127 2781//2127
f 2752//2127 532//2127 530//2127
f 2774//2127 2755//2127 480//2127
f 2780//2127 2777//2127 480//2127
f 2751//2127 2764//2127 668//2127
f 2779//2127 2775//2127 480//2127
f 2726//2127 526//2127 524//2127
f 2742//2127 480//2127 2781//2127
f 2685//2127 2720//2127 168//2127
f 2626//2127 2660//2127 296//2127
f 2563//2127 333//2127 303//2127
f 300//2128 332//2128 2840//2128
f 332//2128 330//2128 2841//2128
f 314//2128 2850//2128 2849//2128
f 312//2128 2851//2128 2850//2128
f 2841//2128 2840//2128 332//2128
f 2850//2128 314//2128 312//2128
f 310//2128 2852//2128 2851//2128
f 310//2128 308//2128 2853//2128
f 308//2128 306//2128 2854//2128
f 305//2128 475//2128 2860//2128
f 300//2128 2894//2128 2893//2128
f 300//2128 2896//2128 2895//2128
f 2840//2128 2897//2128 300//2128
f 330//2128 328//2128 2842//2128
f 326//2128 2844//2128 2843//2128
f 2851//2128 312//2128 310//2128
f 2854//2128 2853//2128 308//2128
f 305//2128 2857//2128 2856//2128
f 475//2128 2861//2128 2860//2128
f 3072//2128 2871//2128 2870//2128
f 3072//2128 2873//2128 2872//2128
f 3072//2128 2879//2128 2878//2128
f 3072//2128 301//2128 2881//2128
f 301//2128 2886//2128 2885//2128
f 301//2128 2888//2128 2887//2128
f 301//2128 2890//2128 2889//2128
f 2895//2128 2894//2128 300//2128
f 2842//2128 2841//2128 330//2128
f 2843//2128 328//2128 326//2128
f 324//2128 2845//2128 2844//2128
f 322//2128 2846//2128 2845//2128
f 320//2128 2847//2128 2846//2128
f 318//2128 2848//2128 2847//2128
f 316//2128 2849//2128 2848//2128
f 2853//2128 2852//2128 310//2128
f 306//2128 305//2128 2855//2128
f 305//2128 2858//2128 2857//2128
f 2860//2128 2859//2128 305//2128
f 2870//2128 475//2128 3072//2128
f 3072//2128 2874//2128 2873//2128
f 3072//2128 2876//2128 2875//2128
f 2878//2128 2877//2128 3072//2128
f 2881//2128 2880//2128 3072//2128
f 301//2128 2883//2128 2882//2128
f 2887//2128 2886//2128 301//2128
f 301//2128 2891//2128 2890//2128
f 301//2128 2893//2128 2892//2128
f 2897//2128 2896//2128 300//2128
f 2844//2128 326//2128 324//2128
f 2846//2128 322//2128 320//2128
f 2848//2128 318//2128 316//2128
f 2855//2128 2854//2128 306//2128
f 2859//2128 2858//2128 305//2128
f 2872//2128 2871//2128 3072//2128
f 2877//2128 2876//2128 3072//2128
f 2882//2128 2881//2128 301//2128
f 2885//2128 2884//2128 301//2128
f 2892//2128 2891//2128 301//2128
f 2843//2128 2842//2128 328//2128
f 2847//2128 320//2128 318//2128
f 2856//2128 2855//2128 305//2128
f 475//2128 2867//2128 2866//2128
f 2875//2128 2874//2128 3072//2128
f 2884//2128 2883//2128 301//2128
f 2893//2128 301//2128 300//2128
f 2849//2128 316//2128 314//2128
f 475//2128 2864//2128 2863//2128
f 2866//2128 2865//2128 475//2128
f 475//2128 2869//2128 2868//2128
f 2880//2128 2879//2128 3072//2128
f 2845//2128 324//2128 322//2128
f 2863//2128 2862//2128 475//2128
f 2868//2128 2867//2128 475//2128
f 2889//2128 2888//2128 301//2128
f 2865//2128 2864//2128 475//2128
f 2862//2128 2861//2128 475//2128
f 462//2128 2793//2128 2792//2128
f 3072//2128 475//2128 2839//2128
f 475//2128 2783//2128 2782//2128
f 2792//2128 475//2128 462//2128
f 517//2128 2798//2128 2797//2128
f 519//2128 2799//2128 2798//2128
f 523//2128 525//2128 2802//2128
f 525//2128 527//2128 2803//2128
f 3072//2128 2827//2128 2826//2128
f 3072//2128 2838//2128 2837//2128
f 2782//2128 2839//2128 475//2128
f 462//2128 2794//2128 2793//2128
f 462//2128 2796//2128 2795//2128
f 2798//2128 517//2128 519//2128
f 519//2128 521//2128 2800//2128
f 521//2128 523//2128 2801//2128
f 2803//2128 2802//2128 525//2128
f 543//2128 2812//2128 2811//2128
f 543//2128 2815//2128 2814//2128
f 543//2128 664//2128 2816//2128
f 664//2128 2821//2128 2820//2128
f 3072//2128 2828//2128 2827//2128
f 3072//2128 2830//2128 2829//2128
f 3072//2128 2832//2128 2831//2128
f 2837//2128 2836//2128 3072//2128
f 475//2128 2784//2128 2783//2128
f 475//2128 2786//2128 2785//2128
f 2795//2128 2794//2128 462//2128
f 515//2128 2797//2128 2796//2128
f 2800//2128 2799//2128 519//2128
f 2802//2128 2801//2128 523//2128
f 543//2128 2813//2128 2812//2128
f 2816//2128 2815//2128 543//2128
f 664//2128 2818//2128 2817//2128
f 2820//2128 2819//2128 664//2128
f 664//2128 2823//2128 2822//2128
f 664//2128 2825//2128 2824//2128
f 2829//2128 2828//2128 3072//2128
f 3072//2128 2833//2128 2832//2128
f 3072//2128 2835//2128 2834//2128
f 2839//2128 2838//2128 3072//2128
f 475//2128 2787//2128 2786//2128
f 475//2128 2789//2128 2788//2128
f 475//2128 2791//2128 2790//2128
f 2796//2128 462//2128 515//2128
f 2801//2128 2800//2128 521//2128
f 535//2128 537//2128 2808//2128
f 2814//2128 2813//2128 543//2128
f 2819//2128 2818//2128 664//2128
f 2824//2128 2823//2128 664//2128
f 2826//2128 664//2128 3072//2128
f 2834//2128 2833//2128 3072//2128
f 2785//2128 2784//2128 475//2128
f 2790//2128 2789//2128 475//2128
f 2797//2128 515//2128 517//2128
f 529//2128 531//2128 2805//2128
f 531//2128 533//2128 2806//2128
f 533//2128 535//2128 2807//2128
f 537//2128 2809//2128 2808//2128
f 539//2128 2810//2128 2809//2128
f 541//2128 2811//2128 2810//2128
f 2817//2128 2816//2128 664//2128
f 2826//2128 2825//2128 664//2128
f 2836//2128 2835//2128 3072//2128
f 2792//2128 2791//2128 475//2128
f 527//2128 529//2128 2804//2128
f 2806//2128 2805//2128 531//2128
f 2808//2128 2807//2128 535//2128
f 2810//2128 539//2128 541//2128
f 2822//2128 2821//2128 664//2128
f 2788//2128 2787//2128 475//2128
f 2805//2128 2804//2128 529//2128
f 2809//2128 537//2128 539//2128
f 2831//2128 2830//2128 3072//2128
f 2807//2128 2806//2128 533//2128
f 2804//2128 2803//2128 527//2128
f 128//2128 2957//2128 2956//2128
f 3072//2128 2960//2128 2959//2128
f 3072//2128 2964//2128 2963//2128
f 3072//2128 2967//2128 2966//2128
f 260//2128 2989//2128 2988//2128
f 128//2128 3012//2128 3011//2128
f 2956//2128 3013//2128 128//2128
f 2959//2128 128//2128 3072//2128
f 2963//2128 2962//2128 3072//2128
f 2966//2128 2965//2128 3072//2128
f 266//2128 264//2128 2986//2128
f 264//2128 262//2128 2987//2128
f 2988//2128 262//2128 260//2128
f 258//2128 2990//2128 2989//2128
f 244//2128 242//2128 2998//2128
f 242//2128 240//2128 2999//2128
f 136//2128 3002//2128 3001//2128
f 136//2128 128//2128 3004//2128
f 3011//2128 3010//2128 128//2128
f 128//2128 2958//2128 2957//2128
f 3072//2128 2961//2128 2960//2128
f 2965//2128 2964//2128 3072//2128
f 2987//2128 2986//2128 264//2128
f 2989//2128 260//2128 258//2128
f 256//2128 2991//2128 2990//2128
f 254//2128 2992//2128 2991//2128
f 248//2128 2995//2128 2994//2128
f 246//2128 2996//2128 2995//2128
f 244//2128 2997//2128 2996//2128
f 2999//2128 2998//2128 242//2128
f 136//2128 3003//2128 3002//2128
f 128//2128 3005//2128 3004//2128
f 3013//2128 3012//2128 128//2128
f 2962//2128 2961//2128 3072//2128
f 3072//2128 2969//2128 2968//2128
f 664//2128 2973//2128 2972//2128
f 2988//2128 2987//2128 262//2128
f 2991//2128 256//2128 254//2128
f 252//2128 2993//2128 2992//2128
f 250//2128 2994//2128 2993//2128
f 2995//2128 248//2128 246//2128
f 2998//2128 2997//2128 244//2128
f 240//2128 136//2128 3000//2128
f 3004//2128 3003//2128 136//2128
f 128//2128 3009//2128 3008//2128
f 2959//2128 2958//2128 128//2128
f 3072//2128 2970//2128 2969//2128
f 664//2128 2971//2128 2970//2128
f 664//2128 2974//2128 2973//2128
f 664//2128 2976//2128 2975//2128
f 268//2128 2983//2128 2982//2128
f 268//2128 266//2128 2985//2128
f 2990//2128 258//2128 256//2128
f 2993//2128 252//2128 250//2128
f 2996//2128 246//2128 244//2128
f 3001//2128 3000//2128 136//2128
f 128//2128 3007//2128 3006//2128
f 3010//2128 3009//2128 128//2128
f 2970//2128 3072//2128 664//2128
f 2975//2128 2974//2128 664//2128
f 268//2128 2980//2128 2979//2128
f 2982//2128 2981//2128 268//2128
f 2985//2128 2984//2128 268//2128
f 2992//2128 254//2128 252//2128
f 3000//2128 2999//2128 240//2128
f 3008//2128 3007//2128 128//2128
f 2972//2128 2971//2128 664//2128
f 2979//2128 664//2128 268//2128
f 2984//2128 2983//2128 268//2128
f 2994//2128 250//2128 248//2128
f 2968//2128 2967//2128 3072//2128
f 664//2128 2978//2128 2977//2128
f 2981//2128 2980//2128 268//2128
f 3006//2128 3005//2128 128//2128
f 2979//2128 2978//2128 664//2128
f 2977//2128 2976//2128 664//2128
f 3014//2128 2915//2128 2914//2128
f 301//2128 3015//2128 3014//2128
f 301//2128 3016//2128 3017//2128
f 2914//2128 301//2128 3014//2128
f 301//2128 3018//2128 3016//2128
f 3072//2128 3019//2128 3020//2128
f 3072//2128 3021//2128 3022//2128
f 297//2128 2898//2128 2955//2128
f 299//2128 2899//2128 2898//2128
f 3014//2128 2916//2128 2915//2128
f 301//2128 3023//2128 3018//2128
f 3020//2128 301//2128 3072//2128
f 3072//2128 3024//2128 3025//2128
f 3072//2128 3026//2128 3021//2128
f 2920//2128 3027//2128 3028//2128
f 2920//2128 3029//2128 3030//2128
f 291//2128 293//2128 2953//2128
f 295//2128 2955//2128 2954//2128
f 2898//2128 297//2128 299//2128
f 299//2128 301//2128 2904//2128
f 301//2128 2906//2128 2905//2128
f 301//2128 2909//2128 2908//2128
f 301//2128 3031//2128 3015//2128
f 3020//2128 3023//2128 301//2128
f 3072//2128 3032//2128 3033//2128
f 3072//2128 3034//2128 3035//2128
f 3022//2128 3024//2128 3072//2128
f 3072//2128 3036//2128 3037//2128
f 3072//2128 3038//2128 3039//2128
f 2920//2128 3040//2128 3041//2128
f 3030//2128 3027//2128 2920//2128
f 3042//2128 128//2128 2924//2128
f 273//2128 2943//2128 2942//2128
f 275//2128 2944//2128 2943//2128
f 289//2128 291//2128 2952//2128
f 293//2128 2954//2128 2953//2128
f 2955//2128 295//2128 297//2128
f 299//2128 2902//2128 2901//2128
f 2905//2128 2904//2128 301//2128
f 2908//2128 2907//2128 301//2128
f 3017//2128 3031//2128 301//2128
f 3035//2128 3032//2128 3072//2128
f 3037//2128 3026//2128 3072//2128
f 3072//2128 3043//2128 3038//2128
f 2920//2128 3044//2128 3045//2128
f 3028//2128 3040//2128 2920//2128
f 128//2128 3046//2128 3047//2128
f 2924//2128 2923//2128 3042//2128
f 128//2128 2931//2128 2930//2128
f 2943//2128 273//2128 275//2128
f 275//2128 277//2128 2945//2128
f 277//2128 279//2128 2946//2128
f 279//2128 281//2128 2947//2128
f 2953//2128 2952//2128 291//2128
f 299//2128 2900//2128 2899//2128
f 299//2128 2903//2128 2902//2128
f 2907//2128 2906//2128 301//2128
f 3033//2128 3019//2128 3072//2128
f 3039//2128 3036//2128 3072//2128
f 2920//2128 3048//2128 3049//2128
f 3041//2128 3044//2128 2920//2128
f 2920//2128 3050//2128 3051//2128
f 3047//2128 3072//2128 128//2128
f 128//2128 3052//2128 3053//2128
f 128//2128 2925//2128 2924//2128
f 128//2128 2929//2128 2928//2128
f 128//2128 2932//2128 2931//2128
f 151//2128 2937//2128 2936//2128
f 151//2128 2941//2128 2940//2128
f 2945//2128 2944//2128 275//2128
f 2947//2128 2946//2128 279//2128
f 285//2128 287//2128 2950//2128
f 287//2128 289//2128 2951//2128
f 2954//2128 293//2128 295//2128
f 2904//2128 2903//2128 299//2128
f 301//2128 2911//2128 2910//2128
f 3025//2128 3034//2128 3072//2128
f 3072//2128 3054//2128 3055//2128
f 2920//2128 3056//2128 3048//2128
f 2920//2128 3057//2128 3058//2128
f 3051//2128 3029//2128 2920//2128
f 2920//2128 3059//2128 3060//2128
f 2918//2128 3014//2128 3061//2128
f 3053//2128 3046//2128 128//2128
f 3042//2128 3062//2128 128//2128
f 2930//2128 2929//2128 128//2128
f 128//2128 2934//2128 2933//2128
f 151//2128 2938//2128 2937//2128
f 2940//2128 2939//2128 151//2128
f 271//2128 2942//2128 2941//2128
f 2946//2128 2945//2128 277//2128
f 281//2128 283//2128 2948//2128
f 283//2128 285//2128 2949//2128
f 2951//2128 2950//2128 287//2128
f 2901//2128 2900//2128 299//2128
f 301//2128 2912//2128 2911//2128
f 3055//2128 3043//2128 3072//2128
f 3014//2128 2918//2128 2917//2128
f 2920//2128 3063//2128 3064//2128
f 2920//2128 3065//2128 3066//2128
f 2920//2128 3067//2128 3068//2128
f 3058//2128 3056//2128 2920//2128
f 3060//2128 3050//2128 2920//2128
f 2920//2128 3069//2128 3070//2128
f 2920//2128 3061//2128 3071//2128
f 3061//2128 2920//2128 2919//2128
f 3062//2128 3052//2128 128//2128
f 2933//2128 2932//2128 128//2128
f 128//2128 2936//2128 2935//2128
f 2939//2128 2938//2128 151//2128
f 2942//2128 271//2128 273//2128
f 2949//2128 2948//2128 283//2128
f 2952//2128 2951//2128 289//2128
f 301//2128 2913//2128 2912//2128
f 2917//2128 2916//2128 3014//2128
f 3066//2128 3063//2128 2920//2128
f 3049//2128 3067//2128 2920//2128
f 3070//2128 3059//2128 2920//2128
f 3061//2128 2919//2128 2918//2128
f 3047//2128 3054//2128 3072//2128
f 128//2128 2927//2128 2926//2128
f 2935//2128 2934//2128 128//2128
f 2941//2128 151//2128 271//2128
f 2950//2128 2949//2128 285//2128
f 2914//2128 2913//2128 301//2128
f 3068//2128 3065//2128 2920//2128
f 3071//2128 3069//2128 2920//2128
f 3042//2128 2922//2128 2921//2128
f 2926//2128 2925//2128 128//2128
f 2936//2128 128//2128 151//2128
f 2910//2128 2909//2128 301//2128
f 3045//2128 3057//2128 2920//2128
f 2923//2128 2922//2128 3042//2128
f 2948//2128 2947//2128 281//2128
f 2921//2128 2920//2128 3042//2128
f 3064//2128 3042//2128 2920//2128
f 2928//2128 2927//2128 128//2128
f 2986//2128 2985//2128 266//2128
f 2811//2128 541//2128 543//2128
f 2870//2128 2869//2128 475//2128
f 3073//2129 3074//2130 3059//2130
f 3075//2131 3073//2129 3070//2132
f 3076//2133 3075//2131 3069//2134
f 3077//2135 3076//2133 3071//2136
f 3078//2137 3077//2135 3061//2138
f 3079//2139 3078//2137 3014//2140
f 3080//2141 3079//2139 3015//2142
f 3081//2143 3080//2141 3031//2144
f 3082//2145 3081//2143 3017//2146
f 3083//2147 3082//2145 3016//2148
f 3084//2149 3083//2147 3018//2150
f 3085//2151 3084//2149 3023//2152
f 3086//2153 3085//2151 3020//2154
f 3087//2155 3086//2153 3019//2156
f 3088//2157 3087//2155 3033//2158
f 3089//2159 3088//2157 3032//2160
f 3090//2161 3089//2159 3035//2162
f 3091//2163 3090//2161 3034//2164
f 3092//2165 3091//2163 3025//2166
f 3093//2167 3092//2165 3024//2168
f 3094//2169 3093//2167 3022//2170
f 3095//2171 3094//2169 3021//2172
f 3096//2173 3095//2171 3026//2174
f 3097//2175 3096//2173 3037//2176
f 3098//2177 3097//2175 3036//2178
f 3099//2179 3098//2177 3039//2180
f 3100//2181 3099//2179 3038//2182
f 3101//2183 3100//2181 3043//2184
f 3102//2185 3101//2183 3055//2186
f 3103//2187 3102//2185 3054//2188
f 3104//2189 3103//2187 3047//2190
f 3105//2191 3104//2189 3046//2192
f 3106//2193 3105//2191 3053//2194
f 3107//2195 3106//2193 3052//2196
f 3108//2197 3107//2195 3062//2198
f 3109//2199 3108//2197 3042//2200
f 3110//2201 3109//2199 3064//2202
f 3111//2203 3110//2201 3063//2204
f 3112//2205 3111//2203 3066//2206
f 3113//2207 3112//2205 3065//2208
f 3114//2209 3113//2207 3068//2210
f 3115//2211 3114//2209 3067//2212
f 3116//2213 3115//2211 3049//2214
f 3117//2215 3116//2213 3048//2216
f 3118//2217 3117//2215 3056//2218
f 3119//2219 3118//2217 3058//2220
f 3120//2221 3119//2219 3057//2222
f 3121//2223 3120//2221 3045//2224
f 3122//2225 3121//2223 3044//2226
f 3123//2227 3122//2225 3041//2228
f 3124//2229 3123//2227 3040//2230
f 3125//2231 3124//2229 3028//2232
f 3126//2233 3125//2231 3027//2234
f 3127//2235 3126//2233 3030//2236
f 3128//2237 3127//2235 3029//2238
f 3129//2239 3128//2237 3051//2240
f 3130//2241 3129//2239 3050//2242
f 3074//2130 3130//2241 3060//2241
f 3060//2241 3059//2130 3074//2130
f 3050//2242 3060//2241 3130//2241
f 3051//2240 3050//2242 3129//2239
f 3029//2238 3051//2240 3128//2237
f 3030//2236 3029//2238 3127//2235
f 3027//2234 3030//2236 3126//2233
f 3028//2232 3027//2234 3125//2231
f 3040//2230 3028//2232 3124//2229
f 3041//2228 3040//2230 3123//2227
f 3044//2226 3041//2228 3122//2225
f 3045//2224 3044//2226 3121//2223
f 3057//2222 3045//2224 3120//2221
f 3058//2220 3057//2222 3119//2219
f 3056//2218 3058//2220 3118//2217
f 3048//2216 3056//2218 3117//2215
f 3049//2214 3048//2216 3116//2213
f 3067//2212 3049//2214 3115//2211
f 3068//2210 3067//2212 3114//2209
f 3065//2208 3068//2210 3113//2207
f 3066//2206 3065//2208 3112//2205
f 3063//2204 3066//2206 3111//2203
f 3064//2202 3063//2204 3110//2201
f 3042//2200 3064//2202 3109//2199
f 3062//2198 3042//2200 3108//2197
f 3052//2196 3062//2198 3107//2195
f 3053//2194 3052//2196 3106//2193
f 3046//2192 3053//2194 3105//2191
f 3047//2190 3046//2192 3104//2189
f 3054//2188 3047//2190 3103//2187
f 3055//2186 3054//2188 3102//2185
f 3043//2184 3055//2186 3101//2183
f 3038//2182 3043//2184 3100//2181
f 3039//2180 3038//2182 3099//2179
f 3036//2178 3039//2180 3098//2177
f 3037//2176 3036//2178 3097//2175
f 3026//2174 3037//2176 3096//2173
f 3021//2172 3026//2174 3095//2171
f 3022//2170 3021//2172 3094//2169
f 3024//2168 3022//2170 3093//2167
f 3025//2166 3024//2168 3092//2165
f 3034//2164 3025//2166 3091//2163
f 3035//2162 3034//2164 3090//2161
f 3032//2160 3035//2162 3089//2159
f 3033//2158 3032//2160 3088//2157
f 3019//2156 3033//2158 3087//2155
f 3020//2154 3019//2156 3086//2153
f 3023//2152 3020//2154 3085//2151
f 3018//2150 3023//2152 3084//2149
f 3016//2148 3018//2150 3083//2147
f 3017//2146 3016//2148 3082//2145
f 3031//2144 3017//2146 3081//2143
f 3015//2142 3031//2144 3080//2141
f 3014//2140 3015//2142 3079//2139
f 3061//2138 3014//2140 3078//2137
f 3071//2136 3061//2138 3077//2135
f 3069//2134 3071//2136 3076//2133
f 3070//2132 3069//2134 3075//2131
f 3059//2130 3070//2132 3073//2129
f 3085//2243 3131//2243 3132//2243
f 3085//2243 3086//2243 3133//2243
f 3126//2243 3134//2243 3135//2243
f 3126//2243 3127//2243 3136//2243
f 3084//2243 3132//2243 3137//2243
f 3133//2243 3131//2243 3085//2243
f 3116//2243 3138//2243 3139//2243
f 3117//2243 3140//2243 3138//2243
f 3124//2243 3141//2243 3142//2243
f 3124//2243 3125//2243 3135//2243
f 3136//2243 3134//2243 3126//2243
f 3127//2243 3128//2243 3143//2243
f 3076//2243 3077//2243 3144//2243
f 3077//2243 3078//2243 3145//2243
f 3083//2243 3137//2243 3146//2243
f 3132//2243 3084//2243 3085//2243
f 3110//2243 3147//2243 3148//2243
f 3110//2243 3111//2243 3149//2243
f 3138//2243 3116//2243 3117//2243
f 3117//2243 3118//2243 3150//2243
f 3135//2243 3141//2243 3124//2243
f 3143//2243 3136//2243 3127//2243
f 3076//2243 3151//2243 3152//2243
f 3145//2243 3144//2243 3077//2243
f 3080//2243 3153//2243 3154//2243
f 3080//2243 3081//2243 3155//2243
f 3137//2243 3083//2243 3084//2243
f 3086//2243 3087//2243 3156//2243
f 3090//2243 3157//2243 3158//2243
f 3090//2243 3091//2243 3159//2243
f 3149//2243 3147//2243 3110//2243
f 3111//2243 3112//2243 3160//2243
f 3150//2243 3140//2243 3117//2243
f 3118//2243 3119//2243 3161//2243
f 3120//2243 3162//2243 3161//2243
f 3121//2243 3163//2243 3162//2243
f 3135//2243 3125//2243 3126//2243
f 3129//2243 3164//2243 3143//2243
f 3130//2243 3165//2243 3164//2243
f 3130//2243 3074//2243 3166//2243
f 3144//2243 3151//2243 3076//2243
f 3078//2243 3079//2243 3154//2243
f 3155//2243 3153//2243 3080//2243
f 3081//2243 3082//2243 3146//2243
f 3156//2243 3133//2243 3086//2243
f 3087//2243 3088//2243 3167//2243
f 3089//2243 3158//2243 3167//2243
f 3159//2243 3157//2243 3090//2243
f 3106//2243 3168//2243 3169//2243
f 3106//2243 3107//2243 3170//2243
f 3160//2243 3149//2243 3111//2243
f 3112//2243 3113//2243 3171//2243
f 3161//2243 3150//2243 3118//2243
f 3162//2243 3120//2243 3121//2243
f 3122//2243 3172//2243 3163//2243
f 3122//2243 3123//2243 3142//2243
f 3143//2243 3128//2243 3129//2243
f 3166//2243 3165//2243 3130//2243
f 3073//2243 3173//2243 3166//2243
f 3073//2243 3075//2243 3152//2243
f 3154//2243 3145//2243 3078//2243
f 3146//2243 3155//2243 3081//2243
f 3167//2243 3156//2243 3087//2243
f 3158//2243 3089//2243 3090//2243
f 3170//2243 3168//2243 3106//2243
f 3107//2243 3108//2243 3174//2243
f 3109//2243 3148//2243 3174//2243
f 3171//2243 3160//2243 3112//2243
f 3114//2243 3175//2243 3171//2243
f 3114//2243 3115//2243 3139//2243
f 3161//2243 3119//2243 3120//2243
f 3142//2243 3172//2243 3122//2243
f 3164//2243 3129//2243 3130//2243
f 3152//2243 3173//2243 3073//2243
f 3154//2243 3079//2243 3080//2243
f 3167//2243 3088//2243 3089//2243
f 3092//2243 3176//2243 3159//2243
f 3092//2243 3093//2243 3177//2243
f 3093//2243 3094//2243 3178//2243
f 3094//2243 3095//2243 3179//2243
f 3097//2243 3180//2243 3181//2243
f 3097//2243 3098//2243 3182//2243
f 3174//2243 3170//2243 3107//2243
f 3148//2243 3109//2243 3110//2243
f 3139//2243 3175//2243 3114//2243
f 3163//2243 3121//2243 3122//2243
f 3166//2243 3074//2243 3073//2243
f 3146//2243 3082//2243 3083//2243
f 3177//2243 3176//2243 3092//2243
f 3179//2243 3178//2243 3094//2243
f 3182//2243 3180//2243 3097//2243
f 3098//2243 3099//2243 3183//2243
f 3104//2243 3105//2243 3169//2243
f 3174//2243 3108//2243 3109//2243
f 3139//2243 3115//2243 3116//2243
f 3152//2243 3075//2243 3076//2243
f 3178//2243 3177//2243 3093//2243
f 3095//2243 3096//2243 3181//2243
f 3183//2243 3182//2243 3098//2243
f 3100//2243 3184//2243 3183//2243
f 3103//2243 3185//2243 3186//2243
f 3103//2243 3104//2243 3187//2243
f 3169//2243 3105//2243 3106//2243
f 3142//2243 3123//2243 3124//2243
f 3181//2243 3179//2243 3095//2243
f 3183//2243 3099//2243 3100//2243
f 3101//2243 3188//2243 3184//2243
f 3101//2243 3102//2243 3186//2243
f 3187//2243 3185//2243 3103//2243
f 3171//2243 3113//2243 3114//2243
f 3181//2243 3096//2243 3097//2243
f 3186//2243 3188//2243 3101//2243
f 3169//2243 3187//2243 3104//2243
f 3184//2243 3100//2243 3101//2243
f 3159//2243 3091//2243 3092//2243
f 3186//2243 3102//2243 3103//2243
f 3189//2244 3190//2245 3166//2245
f 3191//2246 3189//2244 3173//2247
f 3192//2248 3191//2246 3152//2249
f 3193//2250 3192//2248 3151//2251
f 3194//2252 3193//2250 3144//2253
f 3195//2254 3194//2252 3145//2255
f 3196//2256 3195//2254 3154//2257
f 3197//2258 3196//2256 3153//2259
f 3198//2260 3197//2258 3155//2261
f 3199//2262 3198//2260 3146//2263
f 3200//2264 3199//2262 3137//2265
f 3201//2266 3200//2264 3132//2267
f 3202//2268 3201//2266 3131//2269
f 3203//2270 3202//2268 3133//2271
f 3204//2272 3203//2270 3156//2273
f 3205//2274 3204//2272 3167//2275
f 3206//2276 3205//2274 3158//2277
f 3207//2278 3206//2276 3157//2279
f 3208//2280 3207//2278 3159//2281
f 3209//2282 3208//2280 3176//2283
f 3210//2284 3209//2282 3177//2285
f 3211//2286 3210//2284 3178//2287
f 3212//2288 3211//2286 3179//2289
f 3213//2290 3212//2288 3181//2291
f 3214//2292 3213//2290 3180//2293
f 3215//2294 3214//2292 3182//2295
f 3216//2296 3215//2294 3183//2297
f 3217//2298 3216//2296 3184//2299
f 3218//2300 3217//2298 3188//2301
f 3219//2302 3218//2300 3186//2303
f 3220//2304 3219//2302 3185//2305
f 3221//2306 3220//2304 3187//2307
f 3222//2308 3221//2306 3169//2309
f 3223//2310 3222//2308 3168//2311
f 3224//2312 3223//2310 3170//2313
f 3225//2314 3224//2312 3174//2315
f 3226//2316 3225//2314 3148//2317
f 3227//2318 3226//2316 3147//2319
f 3228//2320 3227//2318 3149//2321
f 3229//2322 3228//2320 3160//2323
f 3230//2324 3229//2322 3171//2325
f 3231//2326 3230//2324 3175//2327
f 3232//2328 3231//2326 3139//2329
f 3233//2330 3232//2328 3138//2331
f 3234//2332 3233//2330 3140//2333
f 3235//2334 3234//2332 3150//2335
f 3236//2336 3235//2334 3161//2337
f 3237//2338 3236//2336 3162//2339
f 3238//2340 3237//2338 3163//2341
f 3239//2342 3238//2340 3172//2343
f 3240//2344 3239//2342 3142//2345
f 3241//2346 3240//2344 3141//2347
f 3242//2348 3241//2346 3135//2349
f 3243//2350 3242//2348 3134//2351
f 3244//2352 3243//2350 3136//2353
f 3245//2354 3244//2352 3143//2355
f 3246//2356 3245//2354 3164//2357
f 3190//2245 3246//2356 3165//2356
f 3165//2356 3166//2245 3190//2245
f 3164//2357 3165//2356 3246//2356
f 3143//2355 3164//2357 3245//2354
f 3136//2353 3143//2355 3244//2352
f 3134//2351 3136//2353 3243//2350
f 3135//2349 3134//2351 3242//2348
f 3141//2347 3135//2349 3241//2346
f 3142//2345 3141//2347 3240//2344
f 3172//2343 3142//2345 3239//2342
f 3163//2341 3172//2343 3238//2340
f 3162//2339 3163//2341 3237//2338
f 3161//2337 3162//2339 3236//2336
f 3150//2335 3161//2337 3235//2334
f 3140//2333 3150//2335 3234//2332
f 3138//2331 3140//2333 3233//2330
f 3139//2329 3138//2331 3232//2328
f 3175//2327 3139//2329 3231//2326
f 3171//2325 3175//2327 3230//2324
f 3160//2323 3171//2325 3229//2322
f 3149//2321 3160//2323 3228//2320
f 3147//2319 3149//2321 3227//2318
f 3148//2317 3147//2319 3226//2316
f 3174//2315 3148//2317 3225//2314
f 3170//2313 3174//2315 3224//2312
f 3168//2311 3170//2313 3223//2310
f 3169//2309 3168//2311 3222//2308
f 3187//2307 3169//2309 3221//2306
f 3185//2305 3187//2307 3220//2304
f 3186//2303 3185//2305 3219//2302
f 3188//2301 3186//2303 3218//2300
f 3184//2299 3188//2301 3217//2298
f 3183//2297 3184//2299 3216//2296
f 3182//2295 3183//2297 3215//2294
f 3180//2293 3182//2295 3214//2292
f 3181//2291 3180//2293 3213//2290
f 3179//2289 3181//2291 3212//2288
f 3178//2287 3179//2289 3211//2286
f 3177//2285 3178//2287 3210//2284
f 3176//2283 3177//2285 3209//2282
f 3159//2281 3176//2283 3208//2280
f 3157//2279 3159//2281 3207//2278
f 3158//2277 3157//2279 3206//2276
f 3167//2275 3158//2277 3205//2274
f 3156//2273 3167//2275 3204//2272
f 3133//2271 3156//2273 3203//2270
f 3131//2269 3133//2271 3202//2268
f 3132//2267 3131//2269 3201//2266
f 3137//2265 3132//2267 3200//2264
f 3146//2263 3137//2265 3199//2262
f 3155//2261 3146//2263 3198//2260
f 3153//2259 3155//2261 3197//2258
f 3154//2257 3153//2259 3196//2256
f 3145//2255 3154//2257 3195//2254
f 3144//2253 3145//2255 3194//2252
f 3151//2251 3144//2253 3193//2250
f 3152//2249 3151//2251 3192//2248
f 3173//2247 3152//2249 3191//2246
f 3166//2245 3173//2247 3189//2244
f 3203//2358 3204//2358 3247//2358
f 3204//2358 3205//2358 3248//2358
f 3229//2358 3230//2358 3249//2358
f 3230//2358 3231//2358 3250//2358
f 3239//2358 3251//2358 3252//2358
f 3239//2358 3240//2358 3253//2358
f 3195//2358 3254//2358 3255//2358
f 3196//2358 3256//2358 3254//2358
f 3196//2358 3197//2358 3257//2358
f 3197//2358 3198//2358 3258//2358
f 3203//2358 3259//2358 3260//2358
f 3248//2358 3247//2358 3204//2358
f 3208//2358 3261//2358 3262//2358
f 3208//2358 3209//2358 3263//2358
f 3225//2358 3264//2358 3265//2358
f 3225//2358 3226//2358 3266//2358
f 3227//2358 3267//2358 3266//2358
f 3227//2358 3228//2358 3268//2358
f 3228//2358 3229//2358 3269//2358
f 3250//2358 3249//2358 3230//2358
f 3253//2358 3251//2358 3239//2358
f 3240//2358 3241//2358 3270//2358
f 3254//2358 3195//2358 3196//2358
f 3258//2358 3257//2358 3197//2358
f 3200//2358 3271//2358 3272//2358
f 3200//2358 3201//2358 3273//2358
f 3202//2358 3260//2358 3273//2358
f 3247//2358 3259//2358 3203//2358
f 3263//2358 3261//2358 3208//2358
f 3209//2358 3210//2358 3274//2358
f 3212//2358 3275//2358 3276//2358
f 3212//2358 3213//2358 3277//2358
f 3221//2358 3278//2358 3279//2358
f 3221//2358 3222//2358 3280//2358
f 3224//2358 3265//2358 3281//2358
f 3266//2358 3264//2358 3225//2358
f 3268//2358 3267//2358 3227//2358
f 3249//2358 3269//2358 3229//2358
f 3232//2358 3282//2358 3250//2358
f 3232//2358 3233//2358 3283//2358
f 3234//2358 3235//2358 3284//2358
f 3235//2358 3236//2358 3285//2358
f 3237//2358 3286//2358 3285//2358
f 3237//2358 3238//2358 3252//2358
f 3270//2358 3253//2358 3240//2358
f 3241//2358 3242//2358 3287//2358
f 3193//2358 3288//2358 3289//2358
f 3193//2358 3194//2358 3255//2358
f 3257//2358 3256//2358 3196//2358
f 3198//2358 3199//2358 3272//2358
f 3273//2358 3271//2358 3200//2358
f 3260//2358 3202//2358 3203//2358
f 3274//2358 3263//2358 3209//2358
f 3211//2358 3276//2358 3274//2358
f 3277//2358 3275//2358 3212//2358
f 3213//2358 3214//2358 3290//2358
f 3280//2358 3278//2358 3221//2358
f 3222//2358 3223//2358 3281//2358
f 3265//2358 3224//2358 3225//2358
f 3269//2358 3268//2358 3228//2358
f 3283//2358 3282//2358 3232//2358
f 3233//2358 3234//2358 3291//2358
f 3285//2358 3284//2358 3235//2358
f 3252//2358 3286//2358 3237//2358
f 3287//2358 3270//2358 3241//2358
f 3243//2358 3292//2358 3287//2358
f 3244//2358 3293//2358 3292//2358
f 3244//2358 3245//2358 3294//2358
f 3246//2358 3295//2358 3294//2358
f 3246//2358 3190//2358 3296//2358
f 3190//2358 3189//2358 3297//2358
f 3189//2358 3191//2358 3298//2358
f 3192//2358 3289//2358 3298//2358
f 3255//2358 3288//2358 3193//2358
f 3272//2358 3258//2358 3198//2358
f 3273//2358 3201//2358 3202//2358
f 3206//2358 3299//2358 3248//2358
f 3207//2358 3262//2358 3299//2358
f 3274//2358 3210//2358 3211//2358
f 3290//2358 3277//2358 3213//2358
f 3281//2358 3280//2358 3222//2358
f 3266//2358 3226//2358 3227//2358
f 3291//2358 3283//2358 3233//2358
f 3285//2358 3236//2358 3237//2358
f 3287//2358 3242//2358 3243//2358
f 3294//2358 3293//2358 3244//2358
f 3296//2358 3295//2358 3246//2358
f 3298//2358 3297//2358 3189//2358
f 3289//2358 3192//2358 3193//2358
f 3272//2358 3199//2358 3200//2358
f 3299//2358 3206//2358 3207//2358
f 3276//2358 3211//2358 3212//2358
f 3281//2358 3223//2358 3224//2358
f 3284//2358 3291//2358 3234//2358
f 3292//2358 3243//2358 3244//2358
f 3297//2358 3296//2358 3190//2358
f 3255//2358 3194//2358 3195//2358
f 3262//2358 3207//2358 3208//2358
f 3215//2358 3300//2358 3290//2358
f 3215//2358 3216//2358 3301//2358
f 3250//2358 3231//2358 3232//2358
f 3294//2358 3245//2358 3246//2358
f 3248//2358 3205//2358 3206//2358
f 3301//2358 3300//2358 3215//2358
f 3219//2358 3302//2358 3303//2358
f 3219//2358 3220//2358 3279//2358
f 3252//2358 3238//2358 3239//2358
f 3290//2358 3214//2358 3215//2358
f 3279//2358 3302//2358 3219//2358
f 3298//2358 3191//2358 3192//2358
f 3217//2358 3304//2358 3301//2358
f 3218//2358 3303//2358 3304//2358
f 3279//2358 3220//2358 3221//2358
f 3304//2358 3217//2358 3218//2358
f 3301//2358 3216//2358 3217//2358
f 3303//2358 3218//2358 3219//2358
f 3305//2359 3306//2360 3296//2360
f 3307//2361 3305//2359 3297//2362
f 3308//2363 3307//2361 3298//2364
f 3309//2365 3308//2363 3289//2366
f 3310//2367 3309//2365 3288//2368
f 3311//2369 3310//2367 3255//2370
f 3312//2371 3311//2369 3254//2372
f 3313//2373 3312//2371 3256//2374
f 3314//2375 3313//2373 3257//2376
f 3315//2377 3314//2375 3258//2378
f 3316//2379 3315//2377 3272//2380
f 3317//2381 3316//2379 3271//2382
f 3318//2383 3317//2381 3273//2384
f 3319//2385 3318//2383 3260//2386
f 3320//2387 3319//2385 3259//2388
f 3321//2389 3320//2387 3247//2390
f 3322//2391 3321//2389 3248//2392
f 3323//2393 3322//2391 3299//2394
f 3324//2395 3323//2393 3262//2396
f 3325//2397 3324//2395 3261//2398
f 3326//2399 3325//2397 3263//2400
f 3327//2401 3326//2399 3274//2402
f 3328//2403 3327//2401 3276//2404
f 3329//2405 3328//2403 3275//2406
f 3330//2407 3329//2405 3277//2408
f 3331//2409 3330//2407 3290//2410
f 3332//2411 3331//2409 3300//2412
f 3333//2413 3332//2411 3301//2414
f 3334//2415 3333//2413 3304//2416
f 3335//2417 3334//2415 3303//2418
f 3336//2419 3335//2417 3302//2420
f 3337//2421 3336//2419 3279//2422
f 3338//2423 3337//2421 3278//2424
f 3339//2425 3338//2423 3280//2426
f 3340//2427 3339//2425 3281//2428
f 3341//2429 3340//2427 3265//2430
f 3342//2431 3341//2429 3264//2432
f 3343//2433 3342//2431 3266//2434
f 3344//2435 3343//2433 3267//2436
f 3345//2437 3344//2435 3268//2438
f 3346//2439 3345//2437 3269//2440
f 3347//2441 3346//2439 3249//2442
f 3348//2443 3347//2441 3250//2444
f 3349//2445 3348//2443 3282//2446
f 3350//2447 3349//2445 3283//2448
f 3351//2449 3350//2447 3291//2450
f 3352//2451 3351//2449 3284//2452
f 3353//2453 3352//2451 3285//2454
f 3354//2455 3353//2453 3286//2456
f 3355//2457 3354//2455 3252//2458
f 3356//2459 3355//2457 3251//2460
f 3357//2461 3356//2459 3253//2462
f 3358//2463 3357//2461 3270//2464
f 3359//2465 3358//2463 3287//2466
f 3360//2467 3359//2465 3292//2468
f 3361//2469 3360//2467 3293//2470
f 3362//2471 3361//2469 3294//2472
f 3306//2360 3362//2471 3295//2471
f 3295//2471 3296//2360 3306//2360
f 3294//2472 3295//2471 3362//2471
f 3293//2470 3294//2472 3361//2469
f 3292//2468 3293//2470 3360//2467
f 3287//2466 3292//2468 3359//2465
f 3270//2464 3287//2466 3358//2463
f 3253//2462 3270//2464 3357//2461
f 3251//2460 3253//2462 3356//2459
f 3252//2458 3251//2460 3355//2457
f 3286//2456 3252//2458 3354//2455
f 3285//2454 3286//2456 3353//2453
f 3284//2452 3285//2454 3352//2451
f 3291//2450 3284//2452 3351//2449
f 3283//2448 3291//2450 3350//2447
f 3282//2446 3283//2448 3349//2445
f 3250//2444 3282//2446 3348//2443
f 3249//2442 3250//2444 3347//2441
f 3269//2440 3249//2442 3346//2439
f 3268//2438 3269//2440 3345//2437
f 3267//2436 3268//2438 3344//2435
f 3266//2434 3267//2436 3343//2433
f 3264//2432 3266//2434 3342//2431
f 3265//2430 3264//2432 3341//2429
f 3281//2428 3265//2430 3340//2427
f 3280//2426 3281//2428 3339//2425
f 3278//2424 3280//2426 3338//2423
f 3279//2422 3278//2424 3337//2421
f 3302//2420 3279//2422 3336//2419
f 3303//2418 3302//2420 3335//2417
f 3304//2416 3303//2418 3334//2415
f 3301//2414 3304//2416 3333//2413
f 3300//2412 3301//2414 3332//2411
f 3290//2410 3300//2412 3331//2409
f 3277//2408 3290//2410 3330//2407
f 3275//2406 3277//2408 3329//2405
f 3276//2404 3275//2406 3328//2403
f 3274//2402 3276//2404 3327//2401
f 3263//2400 3274//2402 3326//2399
f 3261//2398 3263//2400 3325//2397
f 3262//2396 3261//2398 3324//2395
f 3299//2394 3262//2396 3323//2393
f 3248//2392 3299//2394 3322//2391
f 3247//2390 3248//2392 3321//2389
f 3259//2388 3247//2390 3320//2387
f 3260//2386 3259//2388 3319//2385
f 3273//2384 3260//2386 3318//2383
f 3271//2382 3273//2384 3317//2381
f 3272//2380 3271//2382 3316//2379
f 3258//2378 3272//2380 3315//2377
f 3257//2376 3258//2378 3314//2375
f 3256//2374 3257//2376 3313//2373
f 3254//2372 3256//2374 3312//2371
f 3255//2370 3254//2372 3311//2369
f 3288//2368 3255//2370 3310//2367
f 3289//2366 3288//2368 3309//2365
f 3298//2364 3289//2366 3308//2363
f 3297//2362 3298//2364 3307//2361
f 3296//2360 3297//2362 3305//2359
f 3363//2473 3305//2473 3307//2473
f 3307//2473 3308//2473 3363//2473
f 3308//2473 3309//2473 3363//2473
f 3309//2473 3310//2473 3363//2473
f 3310//2473 3311//2473 3363//2473
f 3311//2473 3312//2473 3363//2473
f 3312//2473 3313//2473 3363//2473
f 3313//2473 3314//2473 3363//2473
f 3314//2473 3315//2473 3363//2473
f 3315//2473 3316//2473 3363//2473
f 3316//2473 3317//2473 3363//2473
f 3317//2473 3318//2473 3363//2473
f 3318//2473 3319//2473 3363//2473
f 3319//2473 3320//2473 3363//2473
f 3320//2473 3321//2473 3363//2473
f 3321//2473 3322//2473 3363//2473
f 3322//2473 3323//2473 3363//2473
f 3323//2473 3324//2473 3363//2473
f 3324//2473 3325//2473 3363//2473
f 3325//2473 3326//2473 3363//2473
f 3326//2473 3327//2473 3363//2473
f 3327//2473 3328//2473 3363//2473
f 3328//2473 3329//2473 3363//2473
f 3329//2473 3330//2473 3363//2473
f 3330//2473 3331//2473 3363//2473
f 3331//2473 3332//2473 3363//2473
f 3332//2473 3333//2473 3363//2473
f 3333//2473 3334//2473 3363//2473
f 3334//2473 3335//2473 3363//2473
f 3335//2473 3336//2473 3363//2473
f 3336//2473 3337//2473 3363//2473
f 3337//2473 3338//2473 3363//2473
f 3338//2473 3339//2473 3363//2473
f 3339//2473 3340//2473 3363//2473
f 3340//2473 3341//2473 3363//2473
f 3341//2473 3342//2473 3363//2473
f 3342//2473 3343//2473 3363//2473
f 3343//2473 3344//2473 3363//2473
f 3344//2473 3345//2473 3363//2473
f 3345//2473 3346//2473 3363//2473
f 3346//2473 3347//2473 3363//2473
f 3347//2473 3348//2473 3363//2473
f 3348//2473 3349//2473 3363//2473
f 3349//2473 3350//2473 3363//2473
f 3350//2473 3351//2473 3363//2473
f 3351//2473 3352//2473 3363//2473
f 3352//2473 3353//2473 3363//2473
f 3353//2473 3354//2473 3363//2473
f 3354//2473 3355//2473 3363//2473
f 3355//2473 3356//2473 3363//2473
f 3356//2473 3357//2473 3363//2473
f 3357//2473 3358//2473 3363//2473
f 3358//2473 3359//2473 3363//2473
f 3359//2473 3360//2473 3363//2473
f 3360//2473 3361//2473 3363//2473
f 3361//2473 3362//2473 3363//2473
f 3362//2473 3306//2473 3363//2473
f 3306//2473 3305//2473 3363//2473
