# OBJ generated by ONSHAPE BY PTC INC, 1.213 Units = meters
mtllib ti_cathode_plate.mtl
g Assembly - CATHODE_PLATE_TI v1
v 0.0272567 0.016313 0.0735988 
v 0.0270163 0.0162773 0.0736155 
v 0.0267816 0.0162182 0.073643 
v 0.0265552 0.0161365 0.0736812 
v 0.02634 0.0160331 0.0737294 
v 0.0261384 0.0159092 0.0737872 
v 0.0259527 0.0157662 0.0738538 
v 0.0257851 0.0156059 0.0739286 
v 0.0256377 0.0154301 0.0740105 
v 0.0255121 0.0152409 0.0740988 
v 0.0254098 0.0150405 0.0741922 
v 0.025332 0.0148313 0.0742898 
v 0.0252796 0.0146157 0.0743903 
v 0.0252533 0.0143962 0.0744927 
v 0.0252533 0.0141754 0.0745956 
v 0.0252796 0.0139559 0.074698 
v 0.025332 0.0137402 0.0747985 
v 0.0254098 0.013531 0.0748961 
v 0.0255121 0.0133306 0.0749896 
v 0.0256377 0.0131414 0.0750778 
v 0.0257851 0.0129656 0.0751598 
v 0.0259527 0.0128053 0.0752345 
v 0.0261384 0.0126624 0.0753012 
v 0.02634 0.0125385 0.0753589 
v 0.0265552 0.012435 0.0754072 
v 0.0267816 0.0123533 0.0754453 
v 0.0270163 0.0122942 0.0754728 
v 0.0272567 0.0122585 0.0754895 
v 0.0275 0.0122466 0.075495 
v 0.0277433 0.0122585 0.0754895 
v 0.0279837 0.0122942 0.0754728 
v 0.0282184 0.0123533 0.0754453 
v 0.0284448 0.012435 0.0754072 
v 0.02866 0.0125385 0.0753589 
v 0.0288616 0.0126624 0.0753012 
v 0.0290473 0.0128053 0.0752345 
v 0.0292149 0.0129656 0.0751598 
v 0.0293623 0.0131414 0.0750778 
v 0.0294879 0.0133306 0.0749896 
v 0.0295902 0.013531 0.0748961 
v 0.029668 0.0137402 0.0747985 
v 0.0297204 0.0139559 0.074698 
v 0.0297467 0.0141754 0.0745956 
v 0.0297467 0.0143962 0.0744927 
v 0.0297204 0.0146157 0.0743903 
v 0.029668 0.0148313 0.0742898 
v 0.0295902 0.0150405 0.0741922 
v 0.0294879 0.0152409 0.0740988 
v 0.0293623 0.0154301 0.0740105 
v 0.0292149 0.0156059 0.0739286 
v 0.0290473 0.0157662 0.0738538 
v 0.0288616 0.0159092 0.0737872 
v 0.02866 0.0160331 0.0737294 
v 0.0284448 0.0161365 0.0736812 
v 0.0282184 0.0162182 0.073643 
v 0.0279837 0.0162773 0.0736155 
v 0.0277433 0.016313 0.0735988 
v 0.0275 0.016325 0.0735933 
v 0.0275 0.0142858 0.0745442 
v 0.0275 0.0277356 0.0980636 
v 0.0272567 0.0277237 0.0980692 
v 0.0270163 0.027688 0.0980858 
v 0.0267816 0.0276289 0.0981134 
v 0.0265552 0.0275472 0.0981515 
v 0.02634 0.0274438 0.0981997 
v 0.0261384 0.0273198 0.0982575 
v 0.0259527 0.0271769 0.0983241 
v 0.0257851 0.0270166 0.0983989 
v 0.0256377 0.0268408 0.0984808 
v 0.0255121 0.0266516 0.0985691 
v 0.0254098 0.0264512 0.0986625 
v 0.025332 0.026242 0.0987601 
v 0.0252796 0.0260264 0.0988606 
v 0.0252533 0.0258069 0.098963 
v 0.0252533 0.0255861 0.0990659 
v 0.0252796 0.0253666 0.0991683 
v 0.025332 0.0251509 0.0992689 
v 0.0254098 0.0249417 0.0993664 
v 0.0255121 0.0247413 0.0994599 
v 0.0256377 0.0245521 0.0995481 
v 0.0257851 0.0243763 0.0996301 
v 0.0259527 0.024216 0.0997048 
v 0.0261384 0.0240731 0.0997715 
v 0.02634 0.0239492 0.0998292 
v 0.0265552 0.0238457 0.0998775 
v 0.0267816 0.023764 0.0999156 
v 0.0270163 0.0237049 0.0999431 
v 0.0272567 0.0236692 0.0999598 
v 0.0275 0.0236573 0.0999654 
v 0.0277433 0.0236692 0.0999598 
v 0.0279837 0.0237049 0.0999431 
v 0.0282184 0.023764 0.0999156 
v 0.0284448 0.0238457 0.0998775 
v 0.02866 0.0239492 0.0998292 
v 0.0288616 0.0240731 0.0997715 
v 0.0290473 0.024216 0.0997048 
v 0.0292149 0.0243763 0.0996301 
v 0.0293623 0.0245521 0.0995481 
v 0.0294879 0.0247413 0.0994599 
v 0.0295902 0.0249417 0.0993664 
v 0.029668 0.0251509 0.0992689 
v 0.0297204 0.0253666 0.0991683 
v 0.0297467 0.0255861 0.0990659 
v 0.0297467 0.0258069 0.098963 
v 0.0297204 0.0260264 0.0988606 
v 0.029668 0.026242 0.0987601 
v 0.0295902 0.0264512 0.0986625 
v 0.0294879 0.0266516 0.0985691 
v 0.0293623 0.0268408 0.0984808 
v 0.0292149 0.0270166 0.0983989 
v 0.0290473 0.0271769 0.0983241 
v 0.0288616 0.0273198 0.0982575 
v 0.02866 0.0274438 0.0981997 
v 0.0284448 0.0275472 0.0981515 
v 0.0282184 0.0276289 0.0981134 
v 0.0279837 0.027688 0.0980858 
v 0.0277433 0.0277237 0.0980692 
v 0.0358685 0.0249085 0.0993819 
v 0.0357928 0.0252199 0.0992367 
v 0.0357548 0.025537 0.0990888 
v 0.0357548 0.0258559 0.0989401 
v 0.0357928 0.026173 0.0987923 
v 0.0358685 0.0264845 0.098647 
v 0.0359808 0.0267867 0.0985061 
v 0.0275 0.0300127 0.0970017 
v 0.0190192 0.0267867 0.0985061 
v 0.0191315 0.0264845 0.098647 
v 0.0440638 0.0213802 0.101027 
v 0.041235 0.023558 0.100012 
v 0.0409668 0.0233516 0.100108 
v 0.0359808 0.0246062 0.0995229 
v 0.0403646 0.0230232 0.100261 
v 0.0400377 0.0229051 0.100316 
v 0.0406756 0.0231726 0.100191 
v 0.0275 0.0213802 0.101027 
v 0.0361286 0.0243168 0.0996578 
v 0.0373244 0.0231726 0.100191 
v 0.0370332 0.0233516 0.100108 
v 0.0383013 0.0228198 0.100356 
v 0.0379623 0.0229051 0.100316 
v 0.008 0.0213802 0.101027 
v 0.0143244 0.0231726 0.100191 
v 0.0140332 0.0233516 0.100108 
v 0.0153013 0.0228198 0.100356 
v 0.0149623 0.0229051 0.100316 
v 0.0396987 0.0228198 0.100356 
v 0.041477 0.0237896 0.0999037 
v 0.0386486 0.0286247 0.097649 
v 0.039 0.028642 0.097641 
v 0.0376354 0.0283697 0.0977679 
v 0.0379623 0.0284878 0.0977129 
v 0.036765 0.0278349 0.0980173 
v 0.0370332 0.0280413 0.097921 
v 0.03631 0.0240435 0.0997853 
v 0.01869 0.0273494 0.0982437 
v 0.0188714 0.0270762 0.0983711 
v 0.018235 0.0278349 0.0980173 
v 0.018477 0.0276033 0.0981253 
v 0.0176756 0.0282203 0.0978376 
v 0.0179668 0.0280413 0.097921 
v 0.0376354 0.0230232 0.100261 
v 0.0386486 0.0227682 0.10038 
v 0.008 0.0300127 0.0970017 
v 0.016 0.028642 0.097641 
v 0.0146354 0.0283697 0.0977679 
v 0.0149623 0.0284878 0.0977129 
v 0.013765 0.0278349 0.0980173 
v 0.0140332 0.0280413 0.097921 
v 0.0127928 0.026173 0.0987923 
v 0.0128685 0.0264845 0.098647 
v 0.0127548 0.025537 0.0990888 
v 0.0128685 0.0249085 0.0993819 
v 0.0127928 0.0252199 0.0992367 
v 0.0146354 0.0230232 0.100261 
v 0.0156486 0.0227682 0.10038 
v 0.018235 0.023558 0.100012 
v 0.0179668 0.0233516 0.100108 
v 0.04169 0.0240435 0.0997853 
v 0.047 0.0300127 0.0970017 
v 0.0396987 0.0285731 0.0976731 
v 0.0400377 0.0284878 0.0977129 
v 0.0383013 0.0285731 0.0976731 
v 0.0373244 0.0282203 0.0978376 
v 0.0361286 0.0270762 0.0983711 
v 0.0173646 0.0283697 0.0977679 
v 0.039 0.022751 0.100388 
v 0.0166987 0.0285731 0.0976731 
v 0.0170377 0.0284878 0.0977129 
v 0.0156486 0.0286247 0.097649 
v 0.0153013 0.0285731 0.0976731 
v 0.0143244 0.0282203 0.0978376 
v 0.0129808 0.0267867 0.0985061 
v 0.0131286 0.0270762 0.0983711 
v 0.0127548 0.0258559 0.0989401 
v 0.0131286 0.0243168 0.0996578 
v 0.0129808 0.0246062 0.0995229 
v 0.0173646 0.0230232 0.100261 
v 0.0170377 0.0229051 0.100316 
v 0.0176756 0.0231726 0.100191 
v 0.0393514 0.0227682 0.10038 
v 0.047 0.0213802 0.101027 
v 0.0418714 0.0243168 0.0996578 
v 0.0422452 0.025537 0.0990888 
v 0.0422072 0.0252199 0.0992367 
v 0.0422452 0.0258559 0.0989401 
v 0.0421315 0.0264845 0.098647 
v 0.0422072 0.026173 0.0987923 
v 0.0393514 0.0286247 0.097649 
v 0.036523 0.0276033 0.0981253 
v 0.03631 0.0273494 0.0982437 
v 0.036765 0.023558 0.100012 
v 0.036523 0.0237896 0.0999037 
v 0.0163514 0.0286247 0.097649 
v 0.013523 0.0276033 0.0981253 
v 0.01331 0.0273494 0.0982437 
v 0.01331 0.0240435 0.0997853 
v 0.013765 0.023558 0.100012 
v 0.013523 0.0237896 0.0999037 
v 0.016 0.022751 0.100388 
v 0.0166987 0.0228198 0.100356 
v 0.018477 0.0237896 0.0999037 
v 0.0421315 0.0249085 0.0993819 
v 0.0420192 0.0246062 0.0995229 
v 0.0420192 0.0267867 0.0985061 
v 0.04169 0.0273494 0.0982437 
v 0.0418714 0.0270762 0.0983711 
v 0.041235 0.0278349 0.0980173 
v 0.041477 0.0276033 0.0981253 
v 0.0406756 0.0282203 0.0978376 
v 0.0409668 0.0280413 0.097921 
v 0.0163514 0.0227682 0.10038 
v 0.0190192 0.0246062 0.0995229 
v 0.0191315 0.0249085 0.0993819 
v 0.0403646 0.0283697 0.0977679 
v 0.0188714 0.0243168 0.0996578 
v 0.01869 0.0240435 0.0997853 
v 0.0192452 0.025537 0.0990888 
v 0.0192072 0.0252199 0.0992367 
v 0.0192452 0.0258559 0.0989401 
v 0.0192072 0.026173 0.0987923 
v 0.0478362 0.0213616 0.100987 
v 0.0478362 0.0299942 0.096962 
v 0.0486138 0.0213096 0.100876 
v 0.0486633 0.0299389 0.0968433 
v 0.0486633 0.0213063 0.100869 
v 0.0494721 0.0212147 0.100672 
v 0.0494721 0.0298473 0.0966469 
v 0.0502539 0.0210879 0.1004 
v 0.0502539 0.0297204 0.0963749 
v 0.051 0.0209272 0.100056 
v 0.051 0.0295598 0.0960304 
v 0.0517023 0.0207345 0.0996425 
v 0.0517023 0.029367 0.095617 
v 0.052353 0.0205118 0.0991649 
v 0.052353 0.0291443 0.0951394 
v 0.0529452 0.0202615 0.0986282 
v 0.0529452 0.0288941 0.0946028 
v 0.0534721 0.0199865 0.0980384 
v 0.0534721 0.0286191 0.094013 
v 0.0539282 0.0196897 0.097402 
v 0.0539282 0.0283223 0.0933765 
v 0.0543084 0.0193744 0.0967258 
v 0.0543084 0.028007 0.0927003 
v 0.0546085 0.019044 0.0960172 
v 0.0546085 0.0276766 0.0919918 
v 0.0548252 0.0187022 0.0952842 
v 0.0548252 0.0273347 0.0912587 
v 0.0549562 0.0183526 0.0945346 
v 0.0549562 0.0269852 0.0905092 
v 0.055 0.0179992 0.0937767 
v 0.055 0.0266318 0.0897513 
v 0.00716377 0.0299942 0.096962 
v 0.00633671 0.0299389 0.0968433 
v 0.00638617 0.0213096 0.100876 
v 0.00633671 0.0213063 0.100869 
v 0.00552786 0.0298473 0.0966469 
v 0.00552786 0.0212147 0.100672 
v 0.00474611 0.0297204 0.0963749 
v 0.00474611 0.0210879 0.1004 
v 0.004 0.0295598 0.0960304 
v 0.004 0.0209272 0.100056 
v 0.00329772 0.029367 0.095617 
v 0.00329772 0.0207345 0.0996425 
v 0.00264696 0.0291443 0.0951394 
v 0.00264696 0.0205118 0.0991649 
v 0.00205484 0.0288941 0.0946028 
v 0.00205484 0.0202615 0.0986282 
v 0.00152786 0.0286191 0.094013 
v 0.00152786 0.0199865 0.0980384 
v 0.0010718 0.0283223 0.0933765 
v 0.0010718 0.0196897 0.097402 
v 0.000691636 0.028007 0.0927003 
v 0.000691636 0.0193744 0.0967258 
v 0.000391548 0.0276766 0.0919918 
v 0.000391548 0.019044 0.0960172 
v 0.000174819 0.0273347 0.0912587 
v 0.000174819 0.0187022 0.0952842 
v 4.38248e-05 0.0269852 0.0905092 
v 4.38248e-05 0.0183526 0.0945346 
v 0 0.0266318 0.0897513 
v 0 0.0179992 0.0937767 
v 0.00716377 0.0213616 0.100987 
v 0 0.00323988 0.0395872 
v 0 0.00553198 0.0670406 
v 0 0.0151735 0.087717 
v 0 -0.00693526 0.0403046 
v 0 -0.00410956 0.0463643 
v 0 0.00169732 0.0362791 
v 0.008 -0.00168362 0.0290287 
v 0.008 -0.0103162 0.0330541 
v 0.00716377 -0.0102977 0.0330938 
v 0.00716377 -0.0016651 0.0290684 
v 0.00638617 -0.0102456 0.0332054 
v 0.00633671 -0.00160974 0.0291871 
v 0.00633671 -0.0102423 0.0332125 
v 0.00552786 -0.0101507 0.033409 
v 0.00552786 -0.00151815 0.0293835 
v 0.00474611 -0.0100239 0.0336809 
v 0.00474611 -0.00139132 0.0296555 
v 0.004 -0.00986324 0.0340255 
v 0.004 -0.00123066 0.03 
v 0.00329772 -0.0096705 0.0344388 
v 0.00329772 -0.00103792 0.0304134 
v 0.00264696 -0.00944779 0.0349164 
v 0.00205484 -0.00056497 0.0314276 
v 0.00264696 -0.000815208 0.030891 
v 0.0026018 -0.0094287 0.0349574 
v 0.00205484 -0.00919755 0.0354531 
v 0.00152786 -0.00892253 0.0360429 
v 0.00152786 -0.000289946 0.0320174 
v 0.0010718 -0.00862573 0.0366793 
v 0.0010718 6.85138e-06 0.0326539 
v 0.000691636 -0.00831041 0.0373555 
v 0.000691636 0.00032217 0.0333301 
v 0.000391548 -0.00798003 0.0380641 
v 0.000391548 0.000652555 0.0340386 
v 0.000174819 -0.0076382 0.0387971 
v 0.000174819 0.000994386 0.0347717 
v 4.38248e-05 -0.00728866 0.0395467 
v 4.38248e-05 0.00134392 0.0355212 
v 0.0275 -0.00168362 0.0290287 
v 0.047 -0.00168362 0.0290287 
v 0.0440638 -0.0103162 0.0330541 
v 0.047 -0.0103162 0.0330541 
v 0.0275 -0.0103162 0.0330541 
v 0.0478362 -0.0016651 0.0290684 
v 0.0486633 -0.00160974 0.0291871 
v 0.0486138 -0.0102456 0.0332054 
v 0.0486633 -0.0102423 0.0332125 
v 0.0494721 -0.00151815 0.0293835 
v 0.0494721 -0.0101507 0.033409 
v 0.0502539 -0.00139132 0.0296555 
v 0.0502539 -0.0100239 0.0336809 
v 0.051 -0.00123066 0.03 
v 0.051 -0.00986324 0.0340255 
v 0.0517023 -0.00103792 0.0304134 
v 0.0517023 -0.0096705 0.0344388 
v 0.052353 -0.000815208 0.030891 
v 0.0529452 -0.00056497 0.0314276 
v 0.0529452 -0.00919755 0.0354531 
v 0.0523982 -0.0094287 0.0349574 
v 0.0534721 -0.000289946 0.0320174 
v 0.0534721 -0.00892253 0.0360429 
v 0.0539282 6.85138e-06 0.0326539 
v 0.0539282 -0.00862573 0.0366793 
v 0.0543084 0.00032217 0.0333301 
v 0.0543084 -0.00831041 0.0373555 
v 0.0546085 0.000652555 0.0340386 
v 0.0546085 -0.00798003 0.0380641 
v 0.0548252 0.000994386 0.0347717 
v 0.0548252 -0.0076382 0.0387971 
v 0.0549562 0.00134392 0.0355212 
v 0.0549562 -0.00728866 0.0395467 
v 0.055 0.00169732 0.0362791 
v 0.055 -0.00693526 0.0403046 
v 0.052353 -0.00944779 0.0349164 
v 0.0478362 -0.0102977 0.0330938 
v 0.055 0.0119743 0.0705316 
v 0.055 0.0118815 0.0706301 
v 0.055 0.00553198 0.0670406 
v 0.055 0.012189 0.0703674 
v 0.055 0.00686367 0.0598694 
v 0.055 0.0069988 0.0598616 
v 0.055 0.00750757 0.0596885 
v 0.055 0.0128329 0.0701865 
v 0.055 0.0126977 0.0701942 
v 0.055 0.00659487 0.0598409 
v 0.055 0.0120772 0.0704437 
v 0.055 0.0071323 0.0598393 
v 0.055 0.0067285 0.0598624 
v 0.055 0.0131017 0.0702149 
v 0.055 0.00761937 0.0596122 
v 0.055 0.00772226 0.0595243 
v 0.055 0.0125642 0.0702165 
v 0.055 0.012968 0.0701934 
v 0.055 0.0117999 0.0707381 
v 0.055 0.0072626 0.0598027 
v 0.055 0.00738818 0.0597522 
v 0.055 0.0124339 0.0702531 
v 0.055 0.0123084 0.0703036 
v 0.055 0.00781504 0.0594257 
v 0.055 0.0175412 0.0821612 
v 0.055 0.011734 0.0720253 
v 0.055 0.017653 0.082085 
v 0.055 0.0118041 0.0721411 
v 0.055 0.00796606 0.0592015 
v 0.055 0.00802252 0.0590785 
v 0.055 0.00806535 0.0589501 
v 0.055 0.0134779 0.0703635 
v 0.055 0.0133581 0.0703004 
v 0.055 0.00582741 0.059324 
v 0.055 0.00590965 0.0594315 
v 0.055 0.0151735 0.087717 
v 0.055 0.0173504 0.0839662 
v 0.055 0.0174437 0.0840642 
v 0.055 0.017198 0.0837429 
v 0.055 0.0172681 0.0838587 
v 0.055 0.0177724 0.0820212 
v 0.055 0.0115887 0.0715079 
v 0.055 0.0116037 0.0716424 
v 0.055 0.0135901 0.0704391 
v 0.055 0.00809283 0.0584134 
v 0.055 0.00806334 0.0582813 
v 0.055 0.00810827 0.0586833 
v 0.055 0.00810787 0.0585479 
v 0.055 0.00789663 0.0593177 
v 0.055 0.00801973 0.0581532 
v 0.055 0.0139393 0.0708477 
v 0.055 0.0138691 0.0707319 
v 0.055 0.00575729 0.0592082 
v 0.055 0.0195061 0.0834849 
v 0.055 0.0195348 0.0833526 
v 0.055 0.0170677 0.08336 
v 0.055 0.0170972 0.0834921 
v 0.055 0.0170523 0.0830902 
v 0.055 0.0170527 0.0832255 
v 0.055 0.0116332 0.0717745 
v 0.055 0.0116025 0.071238 
v 0.055 0.0115883 0.0713726 
v 0.055 0.00809405 0.0588179 
v 0.055 0.0117305 0.0708543 
v 0.055 0.0132322 0.0702507 
v 0.055 0.0137869 0.0706244 
v 0.055 0.00610644 0.0596168 
v 0.055 0.00621869 0.0596924 
v 0.055 0.00600302 0.0595294 
v 0.055 0.00658752 0.0573994 
v 0.055 0.00323988 0.0395872 
v 0.055 0.00796253 0.0580305 
v 0.055 0.00789241 0.0579148 
v 0.055 0.019549 0.083218 
v 0.055 0.0195486 0.0830827 
v 0.055 0.0194632 0.0836133 
v 0.055 0.0179051 0.0843398 
v 0.055 0.0175472 0.0841515 
v 0.055 0.0170665 0.0829556 
v 0.055 0.0174383 0.0822492 
v 0.055 0.0173455 0.0823477 
v 0.055 0.0116768 0.0719027 
v 0.055 0.0136935 0.0705264 
v 0.055 0.0139965 0.0709703 
v 0.055 0.00633846 0.0597554 
v 0.055 0.00646435 0.0598051 
v 0.055 -0.00410956 0.0463643 
v 0.055 0.00565648 0.0589574 
v 0.055 0.00561195 0.0586908 
v 0.055 0.00562699 0.0588253 
v 0.055 0.00610045 0.0576265 
v 0.055 0.00599756 0.0577145 
v 0.055 0.00633164 0.0574865 
v 0.055 0.00685615 0.0573694 
v 0.055 0.00672102 0.0573771 
v 0.055 0.00738136 0.0574833 
v 0.055 0.00725547 0.0574336 
v 0.055 0.00781017 0.0578073 
v 0.055 0.0177792 0.0842901 
v 0.055 0.0171408 0.0836202 
v 0.055 0.0171945 0.0825719 
v 0.055 0.017138 0.0826949 
v 0.055 0.0172639 0.0824557 
v 0.055 0.011674 0.0709773 
v 0.055 0.00562577 0.0584208 
v 0.055 0.00561155 0.0585554 
v 0.055 0.00621225 0.0575502 
v 0.055 0.00645722 0.057436 
v 0.055 0.00699132 0.0573763 
v 0.055 0.00712495 0.0573978 
v 0.055 0.0077168 0.0577093 
v 0.055 0.0194605 0.0826879 
v 0.055 0.0194033 0.0825653 
v 0.055 0.0194068 0.0837363 
v 0.055 0.0188289 0.084287 
v 0.055 0.0176594 0.0842271 
v 0.055 0.0170952 0.0828233 
v 0.055 0.0116312 0.0711057 
v 0.055 0.00570009 0.0590855 
v 0.055 0.00575376 0.0580372 
v 0.055 0.0056973 0.0581602 
v 0.055 0.00590478 0.057813 
v 0.055 0.00582319 0.057921 
v 0.055 0.00761338 0.057622 
v 0.055 0.00750113 0.0575464 
v 0.055 0.0138734 0.0721349 
v 0.055 0.0139428 0.0720187 
v 0.055 0.0135961 0.0724293 
v 0.055 0.0193374 0.0838524 
v 0.055 0.019163 0.084059 
v 0.055 0.0192558 0.0839604 
v 0.055 0.0189483 0.0842232 
v 0.055 0.00565447 0.0582886 
v 0.055 0.0140696 0.0712306 
v 0.055 0.0140401 0.0710985 
v 0.055 0.014085 0.0715004 
v 0.055 0.0140846 0.0713651 
v 0.055 0.0140421 0.0717673 
v 0.055 0.0140708 0.071635 
v 0.055 0.0139992 0.0718957 
v 0.055 0.0134843 0.0725056 
v 0.055 0.018432 0.081911 
v 0.055 0.0182969 0.0819041 
v 0.055 0.0188221 0.082018 
v 0.055 0.0186962 0.0819683 
v 0.055 0.0190541 0.0821567 
v 0.055 0.0189419 0.0820811 
v 0.055 0.0192509 0.082342 
v 0.055 0.0191575 0.082244 
v 0.055 0.0193331 0.0824495 
v 0.055 0.0118864 0.0722486 
v 0.055 0.0190601 0.0841469 
v 0.055 0.018573 0.084374 
v 0.055 0.0187033 0.0843374 
v 0.055 0.0180356 0.0843757 
v 0.055 0.0181692 0.0843972 
v 0.055 0.013699 0.0723414 
v 0.055 0.0185657 0.0819325 
v 0.055 0.0129755 0.0726788 
v 0.055 0.013109 0.0726565 
v 0.055 0.0120832 0.0724339 
v 0.055 0.0121954 0.0725095 
v 0.055 0.0119797 0.0723466 
v 0.055 0.0195336 0.0829481 
v 0.055 0.0195041 0.082816 
v 0.055 0.0184395 0.0843963 
v 0.055 0.0183044 0.0844041 
v 0.055 0.0180283 0.0819341 
v 0.055 0.0178979 0.0819707 
v 0.055 0.0181617 0.0819118 
v 0.055 0.0137918 0.0722429 
v 0.055 0.0132393 0.0726199 
v 0.055 0.0133649 0.0725694 
v 0.055 0.0128404 0.0726865 
v 0.055 0.0125716 0.0726581 
v 0.055 0.0127052 0.0726796 
v 0.055 0.0123152 0.0725725 
v 0.055 0.0124411 0.0726223 
v 0.05 0.0178979 0.0819707 
v 0.05 0.0177724 0.0820212 
v 0.05 0.0180283 0.0819341 
v 0.05 0.0181617 0.0819118 
v 0.05 0.0182969 0.0819041 
v 0.05 0.018432 0.081911 
v 0.05 0.0185657 0.0819325 
v 0.05 0.0186962 0.0819683 
v 0.05 0.0188221 0.082018 
v 0.05 0.0189419 0.0820811 
v 0.05 0.0190541 0.0821567 
v 0.05 0.0191575 0.082244 
v 0.05 0.0192509 0.082342 
v 0.05 0.0193331 0.0824495 
v 0.05 0.0194033 0.0825653 
v 0.05 0.0194605 0.0826879 
v 0.05 0.0195041 0.082816 
v 0.05 0.0195336 0.0829481 
v 0.05 0.0195486 0.0830827 
v 0.05 0.019549 0.083218 
v 0.05 0.0195348 0.0833526 
v 0.05 0.0195061 0.0834849 
v 0.05 0.0194632 0.0836133 
v 0.05 0.0194068 0.0837363 
v 0.05 0.0193374 0.0838524 
v 0.05 0.0192558 0.0839604 
v 0.05 0.019163 0.084059 
v 0.05 0.0190601 0.0841469 
v 0.05 0.0189483 0.0842232 
v 0.05 0.0188289 0.084287 
v 0.05 0.0187033 0.0843374 
v 0.05 0.018573 0.084374 
v 0.05 0.0184395 0.0843963 
v 0.05 0.0183044 0.0844041 
v 0.05 0.0181692 0.0843972 
v 0.05 0.0180356 0.0843757 
v 0.05 0.0179051 0.0843398 
v 0.05 0.0177792 0.0842901 
v 0.05 0.0176594 0.0842271 
v 0.05 0.0175472 0.0841515 
v 0.05 0.0174437 0.0840642 
v 0.05 0.0173504 0.0839662 
v 0.05 0.0172681 0.0838587 
v 0.05 0.017198 0.0837429 
v 0.05 0.0171408 0.0836202 
v 0.05 0.0170972 0.0834921 
v 0.05 0.0170677 0.08336 
v 0.05 0.0170527 0.0832255 
v 0.05 0.0170523 0.0830902 
v 0.05 0.0170665 0.0829556 
v 0.05 0.0170952 0.0828233 
v 0.05 0.017138 0.0826949 
v 0.05 0.0171945 0.0825719 
v 0.05 0.0172639 0.0824557 
v 0.05 0.0173455 0.0823477 
v 0.05 0.0174383 0.0822492 
v 0.05 0.0175412 0.0821612 
v 0.05 0.017653 0.082085 
v 0.05 0.0183006 0.0831541 
v 0.049 0.0124339 0.0702531 
v 0.049 0.0123084 0.0703036 
v 0.049 0.0125642 0.0702165 
v 0.049 0.0126977 0.0701942 
v 0.049 0.0128329 0.0701865 
v 0.049 0.012968 0.0701934 
v 0.049 0.0131017 0.0702149 
v 0.049 0.0132322 0.0702507 
v 0.049 0.0133581 0.0703004 
v 0.049 0.0134779 0.0703635 
v 0.049 0.0135901 0.0704391 
v 0.049 0.0136935 0.0705264 
v 0.049 0.0137869 0.0706244 
v 0.049 0.0138691 0.0707319 
v 0.049 0.0139393 0.0708477 
v 0.049 0.0139965 0.0709703 
v 0.049 0.0140401 0.0710985 
v 0.049 0.0140696 0.0712306 
v 0.049 0.0140846 0.0713651 
v 0.049 0.014085 0.0715004 
v 0.049 0.0140708 0.071635 
v 0.049 0.0140421 0.0717673 
v 0.049 0.0139992 0.0718957 
v 0.049 0.0139428 0.0720187 
v 0.049 0.0138734 0.0721349 
v 0.049 0.0137918 0.0722429 
v 0.049 0.013699 0.0723414 
v 0.049 0.0135961 0.0724293 
v 0.049 0.0134843 0.0725056 
v 0.049 0.0133649 0.0725694 
v 0.049 0.0132393 0.0726199 
v 0.049 0.013109 0.0726565 
v 0.049 0.0129755 0.0726788 
v 0.049 0.0128404 0.0726865 
v 0.049 0.0127052 0.0726796 
v 0.049 0.0125716 0.0726581 
v 0.049 0.0124411 0.0726223 
v 0.049 0.0123152 0.0725725 
v 0.049 0.0121954 0.0725095 
v 0.049 0.0120832 0.0724339 
v 0.049 0.0119797 0.0723466 
v 0.049 0.0118864 0.0722486 
v 0.049 0.0118041 0.0721411 
v 0.049 0.011734 0.0720253 
v 0.049 0.0116768 0.0719027 
v 0.049 0.0116332 0.0717745 
v 0.049 0.0116037 0.0716424 
v 0.049 0.0115887 0.0715079 
v 0.049 0.0115883 0.0713726 
v 0.049 0.0116025 0.071238 
v 0.049 0.0116312 0.0711057 
v 0.049 0.011674 0.0709773 
v 0.049 0.0117305 0.0708543 
v 0.049 0.0117999 0.0707381 
v 0.049 0.0118815 0.0706301 
v 0.049 0.0119743 0.0705316 
v 0.049 0.0120772 0.0704437 
v 0.049 0.012189 0.0703674 
v 0.049 0.0125238 0.0721181 
v 0.049 0.0125993 0.0721479 
v 0.049 0.0124519 0.0720803 
v 0.049 0.0121134 0.071238 
v 0.049 0.0120962 0.0713174 
v 0.049 0.0121391 0.071161 
v 0.049 0.0128389 0.0721865 
v 0.049 0.01292 0.0721818 
v 0.049 0.0127578 0.0721823 
v 0.049 0.0123846 0.0720349 
v 0.049 0.0120876 0.0713981 
v 0.049 0.0122636 0.0709527 
v 0.049 0.0122146 0.0710175 
v 0.049 0.0123192 0.0708935 
v 0.049 0.0131495 0.0707549 
v 0.049 0.013074 0.070725 
v 0.049 0.0132214 0.0707927 
v 0.049 0.0126776 0.0721694 
v 0.049 0.0121729 0.0710872 
v 0.049 0.0132887 0.0708381 
v 0.049 0.0132923 0.0720322 
v 0.049 0.013354 0.0719794 
v 0.049 0.0132252 0.072078 
v 0.049 0.0130001 0.0721685 
v 0.049 0.0130782 0.0721465 
v 0.049 0.0122171 0.0718592 
v 0.049 0.0122665 0.0719237 
v 0.049 0.0121751 0.0717898 
v 0.049 0.0121146 0.0716393 
v 0.049 0.0121407 0.0717162 
v 0.049 0.0120969 0.0715601 
v 0.049 0.012381 0.0708408 
v 0.049 0.012448 0.070795 
v 0.049 0.0125197 0.0707568 
v 0.049 0.012595 0.0707265 
v 0.049 0.0133508 0.0708904 
v 0.049 0.0134068 0.0709492 
v 0.049 0.0134561 0.0710137 
v 0.049 0.0135599 0.071635 
v 0.049 0.0135771 0.0715556 
v 0.049 0.0135342 0.071712 
v 0.049 0.0134097 0.0719203 
v 0.049 0.0134587 0.0718555 
v 0.049 0.0131536 0.0721162 
v 0.049 0.0123225 0.0719825 
v 0.049 0.0120879 0.0714793 
v 0.049 0.0126732 0.0707045 
v 0.049 0.0127533 0.0706911 
v 0.049 0.0128344 0.0706865 
v 0.049 0.0129155 0.0706906 
v 0.049 0.0135003 0.0717858 
v 0.049 0.0129957 0.0707035 
v 0.049 0.0135764 0.0713129 
v 0.049 0.0135587 0.0712337 
v 0.049 0.0135854 0.0713936 
v 0.049 0.0135857 0.0714748 
v 0.049 0.0134982 0.0710832 
v 0.049 0.0135325 0.0711568 
v 0.049 0.00645722 0.057436 
v 0.049 0.00633164 0.0574865 
v 0.049 0.00658752 0.0573994 
v 0.049 0.00672102 0.0573771 
v 0.049 0.00685615 0.0573694 
v 0.049 0.00699132 0.0573763 
v 0.049 0.00712495 0.0573978 
v 0.049 0.00725547 0.0574336 
v 0.049 0.00738136 0.0574833 
v 0.049 0.00750113 0.0575464 
v 0.049 0.00761338 0.057622 
v 0.049 0.0077168 0.0577093 
v 0.049 0.00781017 0.0578073 
v 0.049 0.00789241 0.0579148 
v 0.049 0.00796253 0.0580305 
v 0.049 0.00801973 0.0581532 
v 0.049 0.00806334 0.0582813 
v 0.049 0.00809283 0.0584134 
v 0.049 0.00810787 0.0585479 
v 0.049 0.00810827 0.0586833 
v 0.049 0.00809405 0.0588179 
v 0.049 0.00806535 0.0589501 
v 0.049 0.00802252 0.0590785 
v 0.049 0.00796606 0.0592015 
v 0.049 0.00789663 0.0593177 
v 0.049 0.00781504 0.0594257 
v 0.049 0.00772226 0.0595243 
v 0.049 0.00761937 0.0596122 
v 0.049 0.00750757 0.0596885 
v 0.049 0.00738818 0.0597522 
v 0.049 0.0072626 0.0598027 
v 0.049 0.0071323 0.0598393 
v 0.049 0.0069988 0.0598616 
v 0.049 0.00686367 0.0598694 
v 0.049 0.0067285 0.0598624 
v 0.049 0.00659487 0.0598409 
v 0.049 0.00646435 0.0598051 
v 0.049 0.00633846 0.0597554 
v 0.049 0.00621869 0.0596924 
v 0.049 0.00610644 0.0596168 
v 0.049 0.00600302 0.0595294 
v 0.049 0.00590965 0.0594315 
v 0.049 0.00582741 0.059324 
v 0.049 0.00575729 0.0592082 
v 0.049 0.00570009 0.0590855 
v 0.049 0.00565648 0.0589574 
v 0.049 0.00562699 0.0588253 
v 0.049 0.00561195 0.0586908 
v 0.049 0.00561155 0.0585554 
v 0.049 0.00562577 0.0584208 
v 0.049 0.00565447 0.0582886 
v 0.049 0.0056973 0.0581602 
v 0.049 0.00575376 0.0580372 
v 0.049 0.00582319 0.057921 
v 0.049 0.00590478 0.057813 
v 0.049 0.00599756 0.0577145 
v 0.049 0.00610045 0.0576265 
v 0.049 0.00621225 0.0575502 
v 0.049 0.00731559 0.0592151 
v 0.049 0.00724851 0.0592608 
v 0.049 0.00717687 0.0592991 
v 0.049 0.00710152 0.0593294 
v 0.049 0.00702334 0.0593513 
v 0.049 0.00694324 0.0593647 
v 0.049 0.0075236 0.0589687 
v 0.049 0.00748194 0.0590384 
v 0.049 0.00743299 0.0591032 
v 0.049 0.00737732 0.0591623 
v 0.049 0.00686217 0.0593694 
v 0.049 0.00611943 0.0585003 
v 0.049 0.00611089 0.058581 
v 0.049 0.00613665 0.0584209 
v 0.049 0.00647131 0.0579779 
v 0.049 0.00640423 0.0580237 
v 0.049 0.00654295 0.0579396 
v 0.049 0.0066183 0.0579093 
v 0.049 0.00669648 0.0578874 
v 0.049 0.00724464 0.0579756 
v 0.049 0.00731199 0.0580209 
v 0.049 0.00647518 0.0592632 
v 0.049 0.00654704 0.059301 
v 0.049 0.00640783 0.0592178 
v 0.049 0.00616235 0.0583439 
v 0.049 0.0063425 0.0580764 
v 0.049 0.00677658 0.057874 
v 0.049 0.00717278 0.0579377 
v 0.049 0.00678106 0.0593652 
v 0.049 0.00670089 0.0593523 
v 0.049 0.00662257 0.0593308 
v 0.049 0.00619622 0.0582701 
v 0.049 0.00628683 0.0581355 
v 0.049 0.00685765 0.0578694 
v 0.049 0.00709725 0.0579079 
v 0.049 0.00624041 0.0590421 
v 0.049 0.00628975 0.0591066 
v 0.049 0.00619834 0.0589727 
v 0.049 0.00623788 0.0582003 
v 0.049 0.00693876 0.0578735 
v 0.049 0.00701893 0.0578864 
v 0.049 0.00758317 0.0588178 
v 0.049 0.00760039 0.0587385 
v 0.049 0.00755747 0.0588949 
v 0.049 0.00634578 0.0591654 
v 0.049 0.00613785 0.0588222 
v 0.049 0.00616402 0.0588991 
v 0.049 0.00612016 0.0587429 
v 0.049 0.00743007 0.0581321 
v 0.049 0.00747941 0.0581966 
v 0.049 0.00611114 0.0586622 
v 0.049 0.00737404 0.0580733 
v 0.049 0.00759966 0.0584958 
v 0.049 0.00760868 0.0585765 
v 0.049 0.00760893 0.0586577 
v 0.049 0.00752148 0.0582661 
v 0.049 0.0075558 0.0583397 
v 0.049 0.00758197 0.0584165 
v 0.0275 0.012595 0.0707265 
v 0.0275 0.0125197 0.0707568 
v 0.0275 0.0126732 0.0707045 
v 0.0275 0.0127533 0.0706911 
v 0.0275 0.0128344 0.0706865 
v 0.0275 0.0129155 0.0706906 
v 0.0275 0.0129957 0.0707035 
v 0.0275 0.013074 0.070725 
v 0.0275 0.0135003 0.0717858 
v 0.0275 0.0135342 0.071712 
v 0.0275 0.0134587 0.0718555 
v 0.0275 0.0134097 0.0719203 
v 0.0275 0.013354 0.0719794 
v 0.0275 0.0132923 0.0720322 
v 0.0275 0.0132252 0.072078 
v 0.0275 0.0131536 0.0721162 
v 0.0275 0.0130782 0.0721465 
v 0.0275 0.0130001 0.0721685 
v 0.0275 0.01292 0.0721818 
v 0.0275 0.0128389 0.0721865 
v 0.0275 0.0127578 0.0721823 
v 0.0275 0.0126776 0.0721694 
v 0.0275 0.0125993 0.0721479 
v 0.0275 0.0121729 0.0710872 
v 0.0275 0.0121391 0.071161 
v 0.0275 0.0122146 0.0710175 
v 0.0275 0.0122636 0.0709527 
v 0.0275 0.0123192 0.0708935 
v 0.0275 0.012381 0.0708408 
v 0.0275 0.012448 0.070795 
v 0.0276194 0.0135599 0.071635 
v 0.0275809 0.0135571 0.071645 
v 0.0275271 0.0135549 0.0716525 
v 0.0275542 0.0135557 0.0716496 
v 0.0275 0.0135546 0.0716534 
v 0.0276851 0.0135666 0.0716086 
v 0.0277101 0.0135696 0.0715953 
v 0.0276598 0.0135638 0.0716202 
v 0.0277342 0.0135726 0.0715807 
v 0.0276337 0.0135613 0.0716297 
v 0.0277806 0.0135784 0.0715472 
v 0.0278237 0.0135831 0.0715089 
v 0.027769 0.013577 0.0715556 
v 0.027863 0.013586 0.0714664 
v 0.027898 0.0135865 0.0714207 
v 0.0278552 0.0135855 0.0714748 
v 0.0279417 0.0135814 0.0713477 
v 0.0279538 0.0135779 0.0713225 
v 0.0279159 0.0135854 0.0713936 
v 0.0279279 0.0135835 0.0713723 
v 0.027958 0.0135764 0.0713129 
v 0.0279738 0.0135683 0.0712715 
v 0.0279934 0.0135466 0.0711947 
v 0.0279971 0.0135374 0.0711693 
v 0.0279851 0.0135587 0.0712337 
v 0.0279879 0.0135545 0.0712202 
v 0.0279983 0.0135325 0.0711568 
v 0.028 0.0135164 0.0711195 
v 0.0279934 0.0134782 0.071048 
v 0.0279883 0.0134639 0.0710254 
v 0.0279983 0.0134982 0.0710832 
v 0.0279967 0.0134916 0.0710715 
v 0.0279851 0.0134561 0.0710137 
v 0.0279738 0.0134333 0.0709821 
v 0.027958 0.0134068 0.0709492 
v 0.0279535 0.0134004 0.0709421 
v 0.0279417 0.0133833 0.070923 
v 0.0279284 0.013366 0.0709052 
v 0.0279151 0.0133505 0.0708907 
v 0.027898 0.0133307 0.0708722 
v 0.027863 0.0132954 0.0708432 
v 0.0278552 0.0132886 0.0708382 
v 0.0278237 0.013261 0.0708181 
v 0.0277806 0.0132286 0.0707971 
v 0.0276598 0.0131634 0.0707614 
v 0.0276338 0.013154 0.0707569 
v 0.0277342 0.0131992 0.07078 
v 0.02771 0.0131861 0.0707729 
v 0.0276851 0.013174 0.0707667 
v 0.027769 0.0132213 0.0707928 
v 0.0275809 0.01314 0.0707506 
v 0.0275542 0.0131356 0.0707486 
v 0.0275271 0.0131329 0.0707475 
v 0.0276194 0.0131495 0.0707549 
v 0.0276194 0.0121134 0.071238 
v 0.0275809 0.0121162 0.071228 
v 0.0275271 0.0121184 0.0712205 
v 0.0275542 0.0121176 0.0712234 
v 0.0275 0.0121187 0.0712196 
v 0.0276851 0.0121066 0.0712644 
v 0.0277101 0.0121036 0.0712777 
v 0.0276598 0.0121095 0.0712528 
v 0.0277342 0.0121006 0.0712923 
v 0.0276337 0.012112 0.0712432 
v 0.0277806 0.0120949 0.0713258 
v 0.0278237 0.0120901 0.0713641 
v 0.027769 0.0120963 0.0713174 
v 0.027863 0.0120872 0.0714065 
v 0.027898 0.0120868 0.0714523 
v 0.0278552 0.0120878 0.0713982 
v 0.0279417 0.0120919 0.0715253 
v 0.0279538 0.0120954 0.0715505 
v 0.0279279 0.0120897 0.0715007 
v 0.0279159 0.0120879 0.0714793 
v 0.027958 0.0120969 0.0715601 
v 0.0279738 0.012105 0.0716015 
v 0.0279934 0.0121267 0.0716783 
v 0.0279971 0.0121358 0.0717036 
v 0.0279851 0.0121146 0.0716393 
v 0.0279879 0.0121187 0.0716527 
v 0.028 0.0121568 0.0717532 
v 0.0279996 0.0121657 0.0717717 
v 0.0279983 0.0121407 0.0717162 
v 0.0279993 0.0121454 0.0717288 
v 0.0279934 0.0121951 0.071825 
v 0.0279883 0.0122093 0.0718476 
v 0.0279983 0.0121751 0.0717898 
v 0.0279967 0.0121817 0.0718015 
v 0.0279851 0.0122171 0.0718592 
v 0.0279738 0.01224 0.0718909 
v 0.027958 0.0122665 0.0719237 
v 0.0279535 0.0122729 0.0719309 
v 0.0279417 0.0122899 0.0719499 
v 0.0279284 0.0123073 0.0719678 
v 0.0279151 0.0123228 0.0719823 
v 0.027898 0.0123426 0.0720007 
v 0.027863 0.0123779 0.0720298 
v 0.0278552 0.0123847 0.0720348 
v 0.0278237 0.0124122 0.0720549 
v 0.0277806 0.0124447 0.0720759 
v 0.0276598 0.0125099 0.0721116 
v 0.0276338 0.0125193 0.072116 
v 0.0277342 0.012474 0.072093 
v 0.02771 0.0124872 0.0721001 
v 0.0276851 0.0124993 0.0721063 
v 0.027769 0.012452 0.0720802 
v 0.0275809 0.0125332 0.0721224 
v 0.0275542 0.0125377 0.0721243 
v 0.0275271 0.0125404 0.0721255 
v 0.0276194 0.0125238 0.0721181 
v 0.0275 0.0125413 0.0721259 
v 0.0275 0.013132 0.0707471 
v 0.0271763 0.0119959 0.0714081 
v 0.0270117 0.0121115 0.071656 
v 0.0270029 0.0121341 0.0717045 
v 0.0270716 0.012048 0.0715198 
v 0.0270462 0.0120682 0.0715632 
v 0.027137 0.0120116 0.0714418 
v 0.027102 0.012029 0.0714792 
v 0.027 0.0121569 0.0717535 
v 0.027898 0.012029 0.0714792 
v 0.027863 0.0120116 0.0714418 
v 0.0278237 0.012318 0.0720988 
v 0.027863 0.0123022 0.0720651 
v 0.0271763 0.012318 0.0720988 
v 0.0270716 0.0122658 0.0719871 
v 0.027102 0.0122848 0.0720277 
v 0.0270262 0.0122244 0.0718981 
v 0.0270462 0.0122456 0.0719437 
v 0.0270029 0.0121798 0.0718024 
v 0.0270262 0.0120894 0.0716088 
v 0.0272658 0.0119702 0.0713531 
v 0.0272194 0.011982 0.0713784 
v 0.0273662 0.0119533 0.0713168 
v 0.0273149 0.0119606 0.0713325 
v 0.0274729 0.0119459 0.071301 
v 0.0274191 0.0119484 0.0713063 
v 0.0279284 0.012048 0.0715198 
v 0.0279738 0.0120894 0.0716088 
v 0.0279538 0.0120682 0.0715632 
v 0.0279284 0.0122658 0.0719871 
v 0.0279538 0.0122456 0.0719437 
v 0.027898 0.0122848 0.0720277 
v 0.0273662 0.0123605 0.0721901 
v 0.0274191 0.0123654 0.0722006 
v 0.0272658 0.0123436 0.0721538 
v 0.0273149 0.0123532 0.0721744 
v 0.0272194 0.0123318 0.0721285 
v 0.0270117 0.0122023 0.0718509 
v 0.0275271 0.0119459 0.071301 
v 0.0276338 0.0119533 0.0713168 
v 0.0275809 0.0119484 0.0713063 
v 0.0277342 0.0119702 0.0713531 
v 0.0276851 0.0119606 0.0713325 
v 0.0278237 0.0119959 0.0714081 
v 0.0277806 0.011982 0.0713784 
v 0.0279971 0.0121341 0.0717045 
v 0.0279883 0.0121115 0.071656 
v 0.0279738 0.0122244 0.0718981 
v 0.0279883 0.0122023 0.0718509 
v 0.0277342 0.0123436 0.0721538 
v 0.0277806 0.0123318 0.0721285 
v 0.0276338 0.0123605 0.0721901 
v 0.0276851 0.0123532 0.0721744 
v 0.0275271 0.0123679 0.0722059 
v 0.0275809 0.0123654 0.0722006 
v 0.0274729 0.0123679 0.0722059 
v 0.027137 0.0123022 0.0720651 
v 0.0279971 0.0121798 0.0718024 
v 0.0274191 0.0175427 0.0697864 
v 0.0273662 0.0175378 0.0697759 
v 0.0273149 0.0175305 0.0697602 
v 0.0272658 0.0175209 0.0697396 
v 0.0272194 0.0175091 0.0697143 
v 0.0271763 0.0174952 0.0696846 
v 0.027863 0.0171889 0.0690276 
v 0.027898 0.0172063 0.069065 
v 0.0279284 0.0172252 0.0691056 
v 0.0279538 0.0172455 0.069149 
v 0.0279738 0.0172667 0.0691946 
v 0.0279883 0.0172888 0.0692418 
v 0.0279971 0.0173113 0.0692903 
v 0.028 0.0173342 0.0693392 
v 0.0279971 0.017357 0.0693882 
v 0.0279883 0.0173796 0.0694367 
v 0.0279738 0.0174017 0.0694839 
v 0.0279538 0.0174229 0.0695295 
v 0.0279284 0.0174431 0.0695729 
v 0.027898 0.0174621 0.0696135 
v 0.027863 0.0174795 0.0696509 
v 0.0278237 0.0174952 0.0696846 
v 0.0277806 0.0175091 0.0697143 
v 0.0277342 0.0175209 0.0697396 
v 0.0276851 0.0175305 0.0697602 
v 0.0276338 0.0175378 0.0697759 
v 0.0275809 0.0175427 0.0697864 
v 0.0275271 0.0175452 0.0697917 
v 0.0274729 0.0175452 0.0697917 
v 0.0277806 0.016253 0.0693868 
v 0.0277342 0.0162412 0.0693615 
v 0.0276851 0.0162316 0.0693409 
v 0.0276338 0.0162243 0.0693252 
v 0.0275809 0.0162194 0.0693147 
v 0.0275271 0.0162169 0.0693094 
v 0.0274729 0.0162169 0.0693094 
v 0.0274191 0.0162194 0.0693147 
v 0.0273662 0.0162243 0.0693252 
v 0.0273149 0.0162316 0.0693409 
v 0.0272658 0.0162412 0.0693615 
v 0.0272194 0.016253 0.0693868 
v 0.0271763 0.0162668 0.0694165 
v 0.027137 0.0162826 0.0694502 
v 0.027102 0.0163 0.0694876 
v 0.0270716 0.0163189 0.0695282 
v 0.0270462 0.0163392 0.0695716 
v 0.0270262 0.0163604 0.0696172 
v 0.0270117 0.0163825 0.0696645 
v 0.0270029 0.016405 0.0697129 
v 0.027 0.0164279 0.0697619 
v 0.0270029 0.0164507 0.0698109 
v 0.0270117 0.0164733 0.0698593 
v 0.0270262 0.0164954 0.0699066 
v 0.0270462 0.0165166 0.0699521 
v 0.0270716 0.0165368 0.0699955 
v 0.027102 0.0165558 0.0700361 
v 0.0271464 0.0165773 0.0700823 
v 0.027137 0.0165732 0.0700735 
v 0.0278536 0.0162785 0.0694414 
v 0.0278536 0.0171848 0.0690188 
v 0.0278237 0.0162668 0.0694165 
v 0.0271464 0.0174836 0.0696597 
v 0.0210182 0.014296 0.0628239 
v 0.0210182 0.0133897 0.0632465 
v 0.0214896 0.0140968 0.0623966 
v 0.0214896 0.0131905 0.0628193 
v 0.0214627 0.0131803 0.0627974 
v 0.0214627 0.0140866 0.0623748 
v 0.0214334 0.0131714 0.0627783 
v 0.0214334 0.0140777 0.0623557 
v 0.021402 0.0131639 0.0627622 
v 0.021402 0.0140702 0.0623396 
v 0.0213688 0.0131579 0.0627493 
v 0.0213688 0.0140642 0.0623267 
v 0.0213343 0.0131534 0.0627397 
v 0.0213343 0.0140597 0.0623171 
v 0.0212989 0.0131505 0.0627335 
v 0.0212989 0.0140568 0.0623109 
v 0.0212629 0.0131493 0.0627309 
v 0.0212629 0.0140556 0.0623083 
v 0.0212268 0.0131497 0.0627318 
v 0.0212268 0.014056 0.0623091 
v 0.0211911 0.0131517 0.0627362 
v 0.0211911 0.0140581 0.0623136 
v 0.021156 0.0131554 0.0627441 
v 0.021156 0.0140617 0.0623215 
v 0.0211222 0.0131607 0.0627554 
v 0.0211222 0.014067 0.0623327 
v 0.0210898 0.0131675 0.0627699 
v 0.0210898 0.0140738 0.0623473 
v 0.0210594 0.0131757 0.0627875 
v 0.0210594 0.014082 0.0623649 
v 0.0210313 0.0131852 0.062808 
v 0.0210313 0.0140915 0.0623854 
v 0.0210058 0.013196 0.0628311 
v 0.0210058 0.0141023 0.0624085 
v 0.0209832 0.0132079 0.0628566 
v 0.0209832 0.0141142 0.062434 
v 0.0209637 0.0132208 0.0628842 
v 0.0209637 0.0141271 0.0624616 
v 0.0209477 0.0132344 0.0629135 
v 0.0209477 0.0141407 0.0624909 
v 0.0209352 0.0132487 0.0629442 
v 0.0209352 0.0141551 0.0625216 
v 0.0209265 0.0132636 0.0629759 
v 0.0209265 0.0141699 0.0625533 
v 0.0209217 0.0132787 0.0630084 
v 0.0209217 0.014185 0.0625857 
v 0.0209207 0.0132939 0.0630411 
v 0.0209207 0.0142002 0.0626184 
v 0.0209236 0.0133091 0.0630737 
v 0.0209236 0.0142154 0.062651 
v 0.0209304 0.0133241 0.0631058 
v 0.0209304 0.0142304 0.0626832 
v 0.020941 0.0133387 0.0631371 
v 0.020941 0.014245 0.0627144 
v 0.0209553 0.0133527 0.0631671 
v 0.0209553 0.014259 0.0627445 
v 0.020973 0.013366 0.0631956 
v 0.020973 0.0142723 0.062773 
v 0.0209941 0.0133784 0.0632221 
v 0.0209941 0.0142847 0.0627995 
v 0.0280893 0.0168859 0.068378 
v 0.0280893 0.0159796 0.0688006 
v 0.0281967 0.0160204 0.068888 
v 0.028314 0.016056 0.0689643 
v 0.0281967 0.0169267 0.0684653 
v 0.0284396 0.016086 0.0690287 
v 0.028314 0.0169623 0.0685417 
v 0.0285723 0.0161101 0.0690804 
v 0.0284396 0.0169923 0.0686061 
v 0.0287103 0.016128 0.0691188 
v 0.0285723 0.0170164 0.0686578 
v 0.0288521 0.0161395 0.0691435 
v 0.0287103 0.0170343 0.0686962 
v 0.028996 0.0161445 0.0691541 
v 0.0288521 0.0170458 0.0687208 
v 0.0291403 0.0161428 0.0691505 
v 0.028996 0.0170508 0.0687315 
v 0.0292833 0.0161346 0.0691329 
v 0.0291403 0.0170491 0.0687279 
v 0.0294234 0.0161198 0.0691013 
v 0.0292833 0.0170409 0.0687102 
v 0.0295589 0.0160988 0.0690562 
v 0.0294234 0.0170262 0.0686787 
v 0.0296883 0.0160717 0.068998 
v 0.0295589 0.0170051 0.0686335 
v 0.0298099 0.0160388 0.0689276 
v 0.0296883 0.016978 0.0685754 
v 0.0299224 0.0160006 0.0688456 
v 0.0298099 0.0169451 0.0685049 
v 0.0300245 0.0159575 0.0687531 
v 0.0299224 0.0169069 0.068423 
v 0.030115 0.0159099 0.0686511 
v 0.0300245 0.0168638 0.0683304 
v 0.0301927 0.0158585 0.0685408 
v 0.030115 0.0168162 0.0682285 
v 0.0302569 0.0158038 0.0684236 
v 0.0301927 0.0167648 0.0681182 
v 0.0303067 0.0157466 0.0683008 
v 0.0302569 0.0167102 0.068001 
v 0.0303415 0.0156874 0.0681738 
v 0.0303067 0.0166529 0.0678782 
v 0.030361 0.0156269 0.0680442 
v 0.0303415 0.0165937 0.0677512 
v 0.0303649 0.0155659 0.0679134 
v 0.030361 0.0165332 0.0676216 
v 0.0303532 0.0155051 0.067783 
v 0.0303649 0.0164722 0.0674908 
v 0.030326 0.0154452 0.0676545 
v 0.0303532 0.0164114 0.0673604 
v 0.0302836 0.0153869 0.0675294 
v 0.030326 0.0163515 0.0672319 
v 0.0302266 0.0153308 0.0674092 
v 0.0302836 0.0162932 0.0671068 
v 0.0301555 0.0152777 0.0672953 
v 0.0302266 0.0162371 0.0669866 
v 0.0300713 0.0152281 0.067189 
v 0.0301555 0.016184 0.0668727 
v 0.0299749 0.0151827 0.0670916 
v 0.0300713 0.0161345 0.0667664 
v 0.0299749 0.016089 0.066669 
v 0.0233752 0.0132999 0.0606877 
v 0.0233752 0.0123936 0.0611103 
v 0.0238466 0.0131007 0.0602604 
v 0.0238466 0.0121944 0.0606831 
v 0.0238197 0.0121842 0.0606612 
v 0.0238197 0.0130905 0.0602386 
v 0.0237904 0.0121753 0.0606421 
v 0.0237904 0.0130816 0.0602195 
v 0.023759 0.0121678 0.060626 
v 0.023759 0.0130741 0.0602034 
v 0.0237259 0.0121617 0.0606131 
v 0.0237259 0.0130681 0.0601905 
v 0.0236914 0.0121573 0.0606035 
v 0.0236914 0.0130636 0.0601809 
v 0.0236559 0.0121544 0.0605973 
v 0.0236559 0.0130607 0.0601747 
v 0.0236199 0.0121532 0.0605947 
v 0.0236199 0.0130595 0.0601721 
v 0.0235839 0.0121536 0.0605956 
v 0.0235839 0.0130599 0.060173 
v 0.0235481 0.0121556 0.0606 
v 0.0235481 0.0130619 0.0601774 
v 0.0235131 0.0121593 0.0606079 
v 0.0235131 0.0130656 0.0601853 
v 0.0234792 0.0121646 0.0606192 
v 0.0234792 0.0130709 0.0601966 
v 0.0234469 0.0121713 0.0606337 
v 0.0234469 0.0130777 0.0602111 
v 0.0234164 0.0121796 0.0606513 
v 0.0234164 0.0130859 0.0602287 
v 0.0233883 0.0121891 0.0606718 
v 0.0233883 0.0130954 0.0602492 
v 0.0233628 0.0121999 0.0606949 
v 0.0233628 0.0131062 0.0602723 
v 0.0233402 0.0122118 0.0607204 
v 0.0233402 0.0131181 0.0602978 
v 0.0233207 0.0122246 0.060748 
v 0.0233207 0.013131 0.0603254 
v 0.0233047 0.0122383 0.0607773 
v 0.0233047 0.0131446 0.0603547 
v 0.0232923 0.0122526 0.060808 
v 0.0232923 0.0131589 0.0603854 
v 0.0232836 0.0122674 0.0608398 
v 0.0232836 0.0131737 0.0604171 
v 0.0232787 0.0122825 0.0608722 
v 0.0232787 0.0131889 0.0604495 
v 0.0232777 0.0122978 0.0609049 
v 0.0232777 0.0132041 0.0604822 
v 0.0232806 0.012313 0.0609375 
v 0.0232806 0.0132193 0.0605149 
v 0.0232874 0.012328 0.0609696 
v 0.0232874 0.0132343 0.060547 
v 0.023298 0.0123426 0.0610009 
v 0.023298 0.0132489 0.0605782 
v 0.0233123 0.0123566 0.0610309 
v 0.0233123 0.0132629 0.0606083 
v 0.0233301 0.0123698 0.0610594 
v 0.0233301 0.0132762 0.0606368 
v 0.0233511 0.0123822 0.061086 
v 0.0233511 0.0132885 0.0606633 
v 0.0304463 0.0158898 0.0662418 
v 0.0304463 0.0149835 0.0666644 
v 0.0305537 0.0150242 0.0667518 
v 0.030671 0.0150598 0.0668281 
v 0.0305537 0.0159306 0.0663292 
v 0.0307967 0.0150899 0.0668925 
v 0.030671 0.0159662 0.0664055 
v 0.0309293 0.015114 0.0669442 
v 0.0307967 0.0159962 0.0664699 
v 0.0310673 0.0151319 0.0669826 
v 0.0309293 0.0160203 0.0665216 
v 0.0312091 0.0151434 0.0670073 
v 0.0310673 0.0160382 0.06656 
v 0.031353 0.0151483 0.0670179 
v 0.0312091 0.0160497 0.0665846 
v 0.0314973 0.0151467 0.0670143 
v 0.031353 0.0160546 0.0665953 
v 0.0316403 0.0151385 0.0669967 
v 0.0314973 0.016053 0.0665917 
v 0.0317805 0.0151237 0.0669651 
v 0.0316403 0.0160448 0.0665741 
v 0.031916 0.0151027 0.06692 
v 0.0317805 0.01603 0.0665425 
v 0.0320453 0.0150756 0.0668618 
v 0.031916 0.016009 0.0664974 
v 0.0321669 0.0150427 0.0667914 
v 0.0320453 0.0159819 0.0664392 
v 0.0322795 0.0150045 0.0667094 
v 0.0321669 0.015949 0.0663688 
v 0.0323816 0.0149613 0.0666169 
v 0.0322795 0.0159108 0.0662868 
v 0.032472 0.0149138 0.0665149 
v 0.0323816 0.0158677 0.0661943 
v 0.0325498 0.0148624 0.0664047 
v 0.032472 0.0158201 0.0660923 
v 0.0326139 0.0148077 0.0662874 
v 0.0325498 0.0157687 0.065982 
v 0.0326637 0.0147505 0.0661646 
v 0.0326139 0.015714 0.0658648 
v 0.0326985 0.0146912 0.0660376 
v 0.0326637 0.0156568 0.065742 
v 0.032718 0.0146308 0.065908 
v 0.0326985 0.0155976 0.065615 
v 0.0327219 0.0145698 0.0657772 
v 0.032718 0.0155371 0.0654854 
v 0.0327102 0.014509 0.0656468 
v 0.0327219 0.0154761 0.0653546 
v 0.032683 0.0144491 0.0655183 
v 0.0327102 0.0154153 0.0652242 
v 0.0326406 0.0143907 0.0653932 
v 0.032683 0.0153554 0.0650957 
v 0.0325836 0.0143347 0.065273 
v 0.0326406 0.015297 0.0649706 
v 0.0325125 0.0142816 0.0651591 
v 0.0325836 0.015241 0.0648504 
v 0.0324283 0.014232 0.0650528 
v 0.0325125 0.0151879 0.0647365 
v 0.0323319 0.0141866 0.0649554 
v 0.0324283 0.0151383 0.0646302 
v 0.0323319 0.0150929 0.0645328 
v 0.0257322 0.0123038 0.0585515 
v 0.0257322 0.0113975 0.0589741 
v 0.0262036 0.0121046 0.0581243 
v 0.0262036 0.0111982 0.0585469 
v 0.0261768 0.0111881 0.058525 
v 0.0261768 0.0120944 0.0581024 
v 0.0261475 0.0111792 0.058506 
v 0.0261475 0.0120855 0.0580833 
v 0.026116 0.0111717 0.0584899 
v 0.026116 0.012078 0.0580672 
v 0.0260829 0.0111656 0.0584769 
v 0.0260829 0.0120719 0.0580543 
v 0.0260484 0.0111611 0.0584673 
v 0.0260484 0.0120675 0.0580447 
v 0.0260129 0.0111583 0.0584612 
v 0.0260129 0.0120646 0.0580385 
v 0.025977 0.011157 0.0584585 
v 0.025977 0.0120633 0.0580359 
v 0.0259409 0.0111574 0.0584594 
v 0.0259409 0.0120638 0.0580368 
v 0.0259051 0.0111595 0.0584638 
v 0.0259051 0.0120658 0.0580412 
v 0.0258701 0.0111632 0.0584717 
v 0.0258701 0.0120695 0.0580491 
v 0.0258362 0.0111684 0.058483 
v 0.0258362 0.0120748 0.0580604 
v 0.0258039 0.0111752 0.0584975 
v 0.0258039 0.0120815 0.0580749 
v 0.0257735 0.0111834 0.0585151 
v 0.0257735 0.0120897 0.0580925 
v 0.0257453 0.011193 0.0585356 
v 0.0257453 0.0120993 0.058113 
v 0.0257198 0.0112038 0.0585588 
v 0.0257198 0.0121101 0.0581361 
v 0.0256972 0.0112157 0.0585843 
v 0.0256972 0.012122 0.0581616 
v 0.0256778 0.0112285 0.0586118 
v 0.0256778 0.0121348 0.0581892 
v 0.0256617 0.0112422 0.0586411 
v 0.0256617 0.0121485 0.0582185 
v 0.0256493 0.0112565 0.0586718 
v 0.0256493 0.0121628 0.0582492 
v 0.0256406 0.0112713 0.0587036 
v 0.0256406 0.0121776 0.0582809 
v 0.0256357 0.0112864 0.058736 
v 0.0256357 0.0121927 0.0583134 
v 0.0256347 0.0113017 0.0587687 
v 0.0256347 0.012208 0.0583461 
v 0.0256377 0.0113169 0.0588013 
v 0.0256377 0.0122232 0.0583787 
v 0.0256445 0.0113319 0.0588334 
v 0.0256445 0.0122382 0.0584108 
v 0.025655 0.0113464 0.0588647 
v 0.025655 0.0122527 0.0584421 
v 0.0256693 0.0113604 0.0588947 
v 0.0256693 0.0122668 0.0584721 
v 0.0256871 0.0113737 0.0589232 
v 0.0256871 0.01228 0.0585006 
v 0.0257081 0.0113861 0.0589498 
v 0.0257081 0.0122924 0.0585271 
v 0.0328033 0.0148937 0.0641056 
v 0.0328033 0.0139874 0.0645282 
v 0.0329108 0.0140281 0.0646156 
v 0.033028 0.0140637 0.0646919 
v 0.0329108 0.0149344 0.064193 
v 0.0331537 0.0140938 0.0647563 
v 0.033028 0.01497 0.0642693 
v 0.0332863 0.0141179 0.064808 
v 0.0331537 0.0150001 0.0643337 
v 0.0334243 0.0141358 0.0648464 
v 0.0332863 0.0150242 0.0643854 
v 0.0335661 0.0141473 0.0648711 
v 0.0334243 0.0150421 0.0644238 
v 0.03371 0.0141522 0.0648817 
v 0.0335661 0.0150536 0.0644485 
v 0.0338543 0.0141506 0.0648782 
v 0.03371 0.0150585 0.0644591 
v 0.0339974 0.0141423 0.0648605 
v 0.0338543 0.0150569 0.0644555 
v 0.0341375 0.0141276 0.0648289 
v 0.0339974 0.0150486 0.0644379 
v 0.034273 0.0141066 0.0647838 
v 0.0341375 0.0150339 0.0644063 
v 0.0344023 0.0140795 0.0647257 
v 0.034273 0.0150129 0.0643612 
v 0.034524 0.0140466 0.0646552 
v 0.0344023 0.0149858 0.064303 
v 0.0346365 0.0140084 0.0645732 
v 0.034524 0.0149529 0.0642326 
v 0.0347386 0.0139652 0.0644807 
v 0.0346365 0.0149147 0.0641506 
v 0.034829 0.0139177 0.0643787 
v 0.0347386 0.0148715 0.0640581 
v 0.0349068 0.0138663 0.0642685 
v 0.034829 0.014824 0.0639561 
v 0.0349709 0.0138116 0.0641512 
v 0.0349068 0.0147726 0.0638458 
v 0.0350207 0.0137543 0.0640284 
v 0.0349709 0.0147179 0.0637286 
v 0.0350556 0.0136951 0.0639014 
v 0.0350207 0.0146606 0.0636058 
v 0.035075 0.0136347 0.0637718 
v 0.0350556 0.0146014 0.0634788 
v 0.035079 0.0135737 0.063641 
v 0.035075 0.014541 0.0633492 
v 0.0350672 0.0135129 0.0635106 
v 0.035079 0.01448 0.0632184 
v 0.03504 0.0134529 0.0633821 
v 0.0350672 0.0144192 0.063088 
v 0.0349977 0.0133946 0.063257 
v 0.03504 0.0143593 0.0629595 
v 0.0349406 0.0133386 0.0631368 
v 0.0349977 0.0143009 0.0628344 
v 0.0348696 0.0132855 0.0630229 
v 0.0349406 0.0142449 0.0627142 
v 0.0347853 0.0132359 0.0629166 
v 0.0348696 0.0141918 0.0626003 
v 0.0346889 0.0131905 0.0628193 
v 0.0347853 0.0141422 0.062494 
v 0.0346889 0.0140968 0.0623966 
v 0.0278536 0.011208 0.0562017 
v 0.0278536 0.0103017 0.0566243 
v 0.0203111 0.0136885 0.0638873 
v 0.0203111 0.0145949 0.0634647 
v 0.0202147 0.0145494 0.0633673 
v 0.0201304 0.0144999 0.0632611 
v 0.0202147 0.0136431 0.06379 
v 0.0200594 0.0144468 0.0631472 
v 0.0201304 0.0135936 0.0636837 
v 0.0200023 0.0143907 0.063027 
v 0.0200594 0.0135405 0.0635698 
v 0.01996 0.0143324 0.0629019 
v 0.0200023 0.0134844 0.0634496 
v 0.0199328 0.0142725 0.0627734 
v 0.01996 0.0134261 0.0633245 
v 0.019921 0.0142117 0.062643 
v 0.0199328 0.0133662 0.063196 
v 0.019925 0.0141507 0.0625122 
v 0.019921 0.0133054 0.0630656 
v 0.0199444 0.0140902 0.0623825 
v 0.019925 0.0132444 0.0629348 
v 0.0199793 0.014031 0.0622556 
v 0.0199444 0.0131839 0.0628052 
v 0.0200291 0.0139737 0.0621327 
v 0.0199793 0.0131247 0.0626782 
v 0.0200932 0.0139191 0.0620155 
v 0.0200291 0.0130674 0.0625554 
v 0.020171 0.0138677 0.0619053 
v 0.0200932 0.0130128 0.0624381 
v 0.0202614 0.0138201 0.0618033 
v 0.020171 0.0129614 0.0623279 
v 0.0203635 0.013777 0.0617108 
v 0.0202614 0.0129138 0.0622259 
v 0.020476 0.0137387 0.0616288 
v 0.0203635 0.0128707 0.0621334 
v 0.0205977 0.0137059 0.0615583 
v 0.020476 0.0128324 0.0620514 
v 0.020727 0.0136788 0.0615002 
v 0.0205977 0.0127996 0.0619809 
v 0.0208625 0.0136577 0.0614551 
v 0.020727 0.0127725 0.0619228 
v 0.0210026 0.013643 0.0614235 
v 0.0208625 0.0127514 0.0618777 
v 0.0211457 0.0136348 0.0614058 
v 0.0210026 0.0127367 0.0618461 
v 0.02129 0.0136331 0.0614023 
v 0.0211457 0.0127285 0.0618284 
v 0.0214339 0.0136381 0.0614129 
v 0.02129 0.0127268 0.0618249 
v 0.0215757 0.0136496 0.0614376 
v 0.0214339 0.0127318 0.0618355 
v 0.0217137 0.0136675 0.061476 
v 0.0215757 0.0127433 0.0618602 
v 0.0218463 0.0136916 0.0615277 
v 0.0217137 0.0127612 0.0618986 
v 0.021972 0.0137216 0.0615921 
v 0.0218463 0.0127853 0.0619503 
v 0.0220892 0.0137572 0.0616684 
v 0.021972 0.0128153 0.0620147 
v 0.0221967 0.013798 0.0617558 
v 0.0220892 0.0128509 0.062091 
v 0.0221967 0.0128917 0.0621784 
v 0.0287964 0.0156808 0.0681597 
v 0.0287964 0.0165871 0.0677371 
v 0.0292678 0.0154816 0.0677325 
v 0.0292678 0.0163879 0.0673099 
v 0.0292919 0.0163992 0.0673342 
v 0.0292919 0.0154929 0.0677568 
v 0.0293129 0.0164116 0.0673608 
v 0.0293129 0.0155053 0.0677834 
v 0.0293307 0.0164249 0.0673893 
v 0.0293307 0.0155186 0.0678119 
v 0.029345 0.0164389 0.0674193 
v 0.029345 0.0155326 0.0678419 
v 0.0293555 0.0164535 0.0674506 
v 0.0293555 0.0155472 0.0678732 
v 0.0293623 0.0164685 0.0674827 
v 0.0293623 0.0155622 0.0679053 
v 0.0293653 0.0164837 0.0675153 
v 0.0293653 0.0155774 0.0679379 
v 0.0293643 0.0164989 0.067548 
v 0.0293643 0.0155926 0.0679706 
v 0.0293594 0.016514 0.0675804 
v 0.0293594 0.0156077 0.068003 
v 0.0293507 0.0165288 0.0676122 
v 0.0293507 0.0156225 0.0680348 
v 0.0293383 0.0165432 0.0676429 
v 0.0293383 0.0156368 0.0680655 
v 0.0293222 0.0165568 0.0676722 
v 0.0293222 0.0156505 0.0680948 
v 0.0293028 0.0165697 0.0676997 
v 0.0293028 0.0156634 0.0681224 
v 0.0292802 0.0165816 0.0677252 
v 0.0292802 0.0156752 0.0681478 
v 0.0292547 0.0165923 0.0677484 
v 0.0292547 0.015686 0.068171 
v 0.0292265 0.0166019 0.0677689 
v 0.0292265 0.0156956 0.0681915 
v 0.0291961 0.0166101 0.0677865 
v 0.0291961 0.0157038 0.0682091 
v 0.0291638 0.0166169 0.067801 
v 0.0291638 0.0157106 0.0682236 
v 0.0291299 0.0166222 0.0678123 
v 0.0291299 0.0157158 0.0682349 
v 0.0290949 0.0166258 0.0678202 
v 0.0290949 0.0157195 0.0682428 
v 0.0290591 0.0166279 0.0678246 
v 0.0290591 0.0157216 0.0682472 
v 0.029023 0.0166283 0.0678255 
v 0.029023 0.015722 0.0682481 
v 0.0289871 0.0166271 0.0678228 
v 0.0289871 0.0157208 0.0682454 
v 0.0289516 0.0166242 0.0678167 
v 0.0289516 0.0157179 0.0682393 
v 0.0289171 0.0166197 0.0678071 
v 0.0289171 0.0157134 0.0682297 
v 0.028884 0.0166137 0.0677941 
v 0.028884 0.0157074 0.0682168 
v 0.0288525 0.0166062 0.067778 
v 0.0288525 0.0156999 0.0682007 
v 0.0288232 0.0165973 0.067759 
v 0.0288232 0.015691 0.0681816 
v 0.0226681 0.0126924 0.0617512 
v 0.0226681 0.0135987 0.0613285 
v 0.0225717 0.0135533 0.0612311 
v 0.0224875 0.0135038 0.0611249 
v 0.0225717 0.012647 0.0616538 
v 0.0224164 0.0134507 0.061011 
v 0.0224875 0.0125975 0.0615475 
v 0.0223594 0.0133946 0.0608908 
v 0.0224164 0.0125443 0.0614336 
v 0.022317 0.0133363 0.0607657 
v 0.0223594 0.0124883 0.0613134 
v 0.0222898 0.0132764 0.0606372 
v 0.022317 0.01243 0.0611883 
v 0.0222781 0.0132155 0.0605068 
v 0.0222898 0.01237 0.0610598 
v 0.022282 0.0131546 0.060376 
v 0.0222781 0.0123092 0.0609294 
v 0.0223015 0.0130941 0.0602463 
v 0.022282 0.0122482 0.0607986 
v 0.0223363 0.0130349 0.0601194 
v 0.0223015 0.0121878 0.060669 
v 0.0223861 0.0129776 0.0599966 
v 0.0223363 0.0121286 0.060542 
v 0.0224502 0.012923 0.0598793 
v 0.0223861 0.0120713 0.0604192 
v 0.022528 0.0128715 0.0597691 
v 0.0224502 0.0120166 0.060302 
v 0.0226184 0.012824 0.0596671 
v 0.022528 0.0119652 0.0601917 
v 0.0227205 0.0127809 0.0595746 
v 0.0226184 0.0119177 0.0600897 
v 0.0228331 0.0127426 0.0594926 
v 0.0227205 0.0118745 0.0599972 
v 0.0229547 0.0127098 0.0594221 
v 0.0228331 0.0118363 0.0599152 
v 0.023084 0.0126827 0.059364 
v 0.0229547 0.0118035 0.0598448 
v 0.0232195 0.0126616 0.0593189 
v 0.023084 0.0117763 0.0597866 
v 0.0233597 0.0126469 0.0592873 
v 0.0232195 0.0117553 0.0597415 
v 0.0235027 0.0126387 0.0592696 
v 0.0233597 0.0117406 0.0597099 
v 0.023647 0.012637 0.0592661 
v 0.0235027 0.0117323 0.0596923 
v 0.0237909 0.012642 0.0592767 
v 0.023647 0.0117307 0.0596887 
v 0.0239327 0.0126535 0.0593014 
v 0.0237909 0.0117356 0.0596993 
v 0.0240707 0.0126714 0.0593398 
v 0.0239327 0.0117471 0.059724 
v 0.0242033 0.0126955 0.0593915 
v 0.0240707 0.0117651 0.0597624 
v 0.024329 0.0127255 0.0594559 
v 0.0242033 0.0117892 0.0598141 
v 0.0244463 0.0127611 0.0595322 
v 0.024329 0.0118192 0.0598785 
v 0.0245537 0.0128018 0.0596196 
v 0.0244463 0.0118548 0.0599548 
v 0.0245537 0.0118955 0.0600422 
v 0.0311534 0.0146847 0.0660235 
v 0.0311534 0.015591 0.0656009 
v 0.0316248 0.0144854 0.0655963 
v 0.0316248 0.0153918 0.0651737 
v 0.0316489 0.0154031 0.065198 
v 0.0316489 0.0144968 0.0656206 
v 0.0316699 0.0154155 0.0652246 
v 0.0316699 0.0145092 0.0656472 
v 0.0316877 0.0154288 0.0652531 
v 0.0316877 0.0145225 0.0656757 
v 0.031702 0.0154428 0.0652831 
v 0.031702 0.0145365 0.0657057 
v 0.0317126 0.0154574 0.0653144 
v 0.0317126 0.0145511 0.065737 
v 0.0317194 0.0154723 0.0653465 
v 0.0317194 0.014566 0.0657691 
v 0.0317223 0.0154875 0.0653791 
v 0.0317223 0.0145812 0.0658017 
v 0.0317213 0.0155028 0.0654118 
v 0.0317213 0.0145965 0.0658344 
v 0.0317164 0.0155179 0.0654442 
v 0.0317164 0.0146116 0.0658668 
v 0.0317077 0.0155327 0.065476 
v 0.0317077 0.0146264 0.0658986 
v 0.0316953 0.015547 0.0655067 
v 0.0316953 0.0146407 0.0659293 
v 0.0316793 0.0155607 0.065536 
v 0.0316793 0.0146544 0.0659586 
v 0.0316598 0.0155735 0.0655635 
v 0.0316598 0.0146672 0.0659862 
v 0.0316372 0.0155854 0.065589 
v 0.0316372 0.0146791 0.0660117 
v 0.0316117 0.0155962 0.0656122 
v 0.0316117 0.0146899 0.0660348 
v 0.0315836 0.0156058 0.0656327 
v 0.0315836 0.0146995 0.0660553 
v 0.0315531 0.015614 0.0656503 
v 0.0315531 0.0147077 0.0660729 
v 0.0315208 0.0156208 0.0656648 
v 0.0315208 0.0147145 0.0660874 
v 0.0314869 0.015626 0.0656761 
v 0.0314869 0.0147197 0.0660987 
v 0.0314519 0.0156297 0.065684 
v 0.0314519 0.0147234 0.0661066 
v 0.0314161 0.0156318 0.0656884 
v 0.0314161 0.0147255 0.066111 
v 0.0313801 0.0156322 0.0656893 
v 0.0313801 0.0147259 0.0661119 
v 0.0313441 0.0156309 0.0656866 
v 0.0313441 0.0147246 0.0661093 
v 0.0313086 0.0156281 0.0656805 
v 0.0313086 0.0147218 0.0661031 
v 0.0312741 0.0156236 0.0656709 
v 0.0312741 0.0147173 0.0660935 
v 0.031241 0.0156176 0.0656579 
v 0.031241 0.0147113 0.0660806 
v 0.0312096 0.0156101 0.0656418 
v 0.0312096 0.0147038 0.0660645 
v 0.0311803 0.0156012 0.0656228 
v 0.0311803 0.0146949 0.0660454 
v 0.0250251 0.0116963 0.059615 
v 0.0250251 0.0126026 0.0591924 
v 0.0249287 0.0125572 0.059095 
v 0.0248445 0.0125076 0.0589887 
v 0.0249287 0.0116509 0.0595176 
v 0.0247734 0.0124545 0.0588748 
v 0.0248445 0.0116013 0.0594113 
v 0.0247164 0.0123985 0.0587546 
v 0.0247734 0.0115482 0.0592974 
v 0.024674 0.0123402 0.0586295 
v 0.0247164 0.0114922 0.0591772 
v 0.0246468 0.0122802 0.058501 
v 0.024674 0.0114338 0.0590521 
v 0.0246351 0.0122194 0.0583706 
v 0.0246468 0.0113739 0.0589236 
v 0.024639 0.0121584 0.0582398 
v 0.0246351 0.0113131 0.0587932 
v 0.0246585 0.012098 0.0581102 
v 0.024639 0.0112521 0.0586624 
v 0.0246933 0.0120388 0.0579832 
v 0.0246585 0.0111917 0.0585328 
v 0.0247431 0.0119815 0.0578604 
v 0.0246933 0.0111325 0.0584058 
v 0.0248073 0.0119268 0.0577431 
v 0.0247431 0.0110752 0.058283 
v 0.024885 0.0118754 0.0576329 
v 0.0248073 0.0110205 0.0581658 
v 0.0249755 0.0118279 0.0575309 
v 0.024885 0.0109691 0.0580555 
v 0.0250776 0.0117847 0.0574384 
v 0.0249755 0.0109216 0.0579535 
v 0.0251901 0.0117465 0.0573564 
v 0.0250776 0.0108784 0.057861 
v 0.0253117 0.0117136 0.057286 
v 0.0251901 0.0108402 0.057779 
v 0.0254411 0.0116865 0.0572278 
v 0.0253117 0.0108073 0.0577086 
v 0.0255766 0.0116655 0.0571827 
v 0.0254411 0.0107802 0.0576504 
v 0.0257167 0.0116508 0.0571511 
v 0.0255766 0.0107592 0.0576053 
v 0.0258597 0.0116425 0.0571335 
v 0.0257167 0.0107445 0.0575737 
v 0.026004 0.0116409 0.0571299 
v 0.0258597 0.0107362 0.0575561 
v 0.0261479 0.0116458 0.0571405 
v 0.026004 0.0107346 0.0575525 
v 0.0262897 0.0116573 0.0571652 
v 0.0261479 0.0107395 0.0575631 
v 0.0264277 0.0116752 0.0572036 
v 0.0262897 0.010751 0.0575878 
v 0.0265604 0.0116993 0.0572553 
v 0.0264277 0.0107689 0.0576262 
v 0.026686 0.0117294 0.0573197 
v 0.0265604 0.010793 0.0576779 
v 0.0268033 0.011765 0.057396 
v 0.026686 0.0108231 0.0577423 
v 0.0269107 0.0118057 0.0574834 
v 0.0268033 0.0108587 0.0578186 
v 0.0269107 0.0108994 0.057906 
v 0.0335104 0.0136885 0.0638873 
v 0.0335104 0.0145949 0.0634647 
v 0.0335373 0.0136987 0.0639092 
v 0.0339102 0.0137116 0.0639367 
v 0.0339406 0.0137034 0.0639191 
v 0.0338778 0.0137183 0.0639512 
v 0.033844 0.0137236 0.0639625 
v 0.0335666 0.0137076 0.0639283 
v 0.033598 0.0137151 0.0639444 
v 0.0338089 0.0137273 0.0639704 
v 0.0339942 0.013683 0.0638755 
v 0.0339687 0.0136938 0.0638986 
v 0.0340168 0.0136711 0.06385 
v 0.0340363 0.0136583 0.0638224 
v 0.0340523 0.0136446 0.0637931 
v 0.0340783 0.0136004 0.0636982 
v 0.0340735 0.0136155 0.0637307 
v 0.0340793 0.0135851 0.0636655 
v 0.0279284 0.0105601 0.0571784 
v 0.027898 0.010579 0.057219 
v 0.028 0.0104512 0.0569447 
v 0.0279971 0.010474 0.0569937 
v 0.0279883 0.0104057 0.0568473 
v 0.0279971 0.0104283 0.0568957 
v 0.0336312 0.0137212 0.0639573 
v 0.0340764 0.0135699 0.0636329 
v 0.0279538 0.0105399 0.057135 
v 0.0279883 0.0104966 0.0570422 
v 0.0279738 0.0105186 0.0570894 
v 0.0336657 0.0137256 0.0639669 
v 0.0337011 0.0137285 0.0639731 
v 0.0337371 0.0137298 0.0639757 
v 0.0337732 0.0137293 0.0639748 
v 0.0340648 0.0136303 0.0637624 
v 0.0340696 0.0135549 0.0636008 
v 0.034059 0.0135404 0.0635696 
v 0.0340447 0.0135263 0.0635395 
v 0.0339818 0.0134893 0.0634601 
v 0.0272194 0.0106261 0.0573198 
v 0.0271763 0.0106122 0.0572901 
v 0.0274191 0.0106597 0.0573919 
v 0.0276851 0.0106475 0.0573657 
v 0.0276338 0.0106548 0.0573814 
v 0.027863 0.0105965 0.0572564 
v 0.027863 0.0103058 0.0566331 
v 0.0272658 0.0106378 0.0573451 
v 0.0273662 0.0106548 0.0573814 
v 0.0277342 0.0106378 0.0573451 
v 0.0278237 0.0106122 0.0572901 
v 0.0277806 0.0106261 0.0573198 
v 0.0279538 0.0103624 0.0567545 
v 0.0279738 0.0103837 0.0568 
v 0.034027 0.0135131 0.063511 
v 0.0340059 0.0135007 0.0634845 
v 0.0273149 0.0106475 0.0573657 
v 0.0275809 0.0106597 0.0573919 
v 0.0275271 0.0106622 0.0573972 
v 0.027898 0.0103233 0.0566705 
v 0.0274729 0.0106622 0.0573972 
v 0.0279284 0.0103422 0.0567111 
v 0.0271464 0.0106006 0.0572652 
v 0.0339818 0.0143956 0.0630375 
v 0.0271464 0.0115069 0.0568425 
v 0.0340059 0.014407 0.0630618 
v 0.034027 0.0144194 0.0630884 
v 0.0340447 0.0144327 0.0631169 
v 0.034059 0.0144467 0.0631469 
v 0.0340696 0.0144612 0.0631782 
v 0.0340764 0.0144762 0.0632103 
v 0.0340793 0.0144914 0.0632429 
v 0.0340783 0.0145067 0.0632756 
v 0.0340735 0.0145218 0.063308 
v 0.0340648 0.0145366 0.0633398 
v 0.0340523 0.0145509 0.0633705 
v 0.0340363 0.0145646 0.0633998 
v 0.0340168 0.0145774 0.0634274 
v 0.0339942 0.0145893 0.0634529 
v 0.0339687 0.0146001 0.063476 
v 0.0339406 0.0146097 0.0634965 
v 0.0339102 0.0146179 0.0635141 
v 0.0338778 0.0146247 0.0635286 
v 0.033844 0.0146299 0.0635399 
v 0.0338089 0.0146336 0.0635478 
v 0.0337732 0.0146357 0.0635522 
v 0.0337371 0.0146361 0.0635531 
v 0.0337011 0.0146348 0.0635504 
v 0.0336657 0.014632 0.0635443 
v 0.0336312 0.0146275 0.0635347 
v 0.033598 0.0146214 0.0635218 
v 0.0335666 0.0146139 0.0635057 
v 0.0335373 0.014605 0.0634866 
v 0.0269045 0.00970384 0.0529759 
v 0.0270262 0.01129 0.0563774 
v 0.027 0.0113575 0.0565221 
v 0.0270029 0.0113346 0.0564731 
v 0.0270117 0.0114029 0.0566195 
v 0.0270029 0.0113803 0.0565711 
v 0.0203788 0.017889 0.070529 
v 0.0270117 0.011312 0.0564247 
v 0.0203788 0.0108027 0.0553324 
v 0.0175167 0.0123938 0.0587446 
v 0.0213269 0.0181936 0.0711822 
v 0.0223475 0.0184531 0.0717388 
v 0.019514 0.0175428 0.0697866 
v 0.0304428 0.0188252 0.0725367 
v 0.0369254 0.0119491 0.0577909 
v 0.036257 0.0115325 0.0568975 
v 0.027102 0.0112296 0.0562479 
v 0.027137 0.0112121 0.0562105 
v 0.0270462 0.0112687 0.0563318 
v 0.0270716 0.0112485 0.0562885 
v 0.0270462 0.0114462 0.0567124 
v 0.0270262 0.0114249 0.0566668 
v 0.019514 0.0111488 0.0560747 
v 0.018743 0.0115325 0.0568975 
v 0.0180746 0.0119491 0.0577909 
v 0.0234285 0.0186645 0.072192 
v 0.018743 0.0171592 0.0689639 
v 0.0346212 0.0108027 0.0553324 
v 0.035486 0.0111488 0.0560747 
v 0.0270716 0.0114664 0.0567557 
v 0.0223475 0.0102386 0.0541226 
v 0.0213269 0.0104981 0.0546791 
v 0.0175167 0.0162978 0.0671167 
v 0.0180746 0.0167425 0.0680704 
v 0.0292796 0.0189334 0.0727687 
v 0.0379242 0.0158302 0.0661139 
v 0.0382428 0.0153452 0.0650738 
v 0.0385 0.0143458 0.0629307 
v 0.0384355 0.0138432 0.0618528 
v 0.0326525 0.0102386 0.0541226 
v 0.0315715 0.0100272 0.0536694 
v 0.0336731 0.0104981 0.0546791 
v 0.0374833 0.0123938 0.0587446 
v 0.0273149 0.0111612 0.0561012 
v 0.0273662 0.0111539 0.0560855 
v 0.027137 0.0115028 0.0568338 
v 0.0234285 0.0100272 0.0536694 
v 0.0280955 0.0189878 0.0728854 
v 0.0346212 0.017889 0.070529 
v 0.035486 0.0175428 0.0697866 
v 0.0374833 0.0162978 0.0671167 
v 0.0379242 0.0128615 0.0597474 
v 0.0272658 0.0111708 0.0561218 
v 0.0271763 0.0111964 0.0561767 
v 0.0272194 0.0111826 0.056147 
v 0.027102 0.0114853 0.0567964 
v 0.0257204 0.00975826 0.0530926 
v 0.0245572 0.00986647 0.0533247 
v 0.0170758 0.0158302 0.0661139 
v 0.0315715 0.0186645 0.072192 
v 0.0326525 0.0184531 0.0717388 
v 0.036257 0.0171592 0.0689639 
v 0.0369254 0.0167425 0.0680704 
v 0.0382428 0.0133465 0.0607876 
v 0.0170758 0.0128615 0.0597474 
v 0.0245572 0.0188252 0.0725367 
v 0.0336731 0.0181936 0.0711822 
v 0.0304428 0.00986647 0.0533247 
v 0.0278237 0.0111964 0.0561767 
v 0.0384355 0.0148484 0.0640086 
v 0.0292796 0.00975826 0.0530926 
v 0.0280955 0.00970384 0.0529759 
v 0.0276338 0.0111539 0.0560855 
v 0.0274191 0.0111489 0.0560749 
v 0.0167572 0.0133465 0.0607876 
v 0.0165645 0.0138432 0.0618528 
v 0.0257204 0.0189334 0.0727687 
v 0.0277806 0.0111826 0.056147 
v 0.0275809 0.0111489 0.0560749 
v 0.0274729 0.0111465 0.0560696 
v 0.0165 0.0143458 0.0629307 
v 0.0269045 0.0189878 0.0728854 
v 0.0277342 0.0111708 0.0561218 
v 0.0276851 0.0111612 0.0561012 
v 0.0275271 0.0111465 0.0560696 
v 0.0165645 0.0148484 0.0640086 
v 0.0167572 0.0153452 0.0650738 
v 0.0385 0.0141646 0.0630152 
v 0.0384355 0.0146672 0.0640931 
v 0.0382428 0.0151639 0.0651583 
v 0.0379242 0.0156489 0.0661984 
v 0.0374833 0.0161165 0.0672012 
v 0.0369254 0.0165613 0.068155 
v 0.036257 0.0169779 0.0690484 
v 0.035486 0.0173615 0.0698711 
v 0.0346212 0.0177077 0.0706135 
v 0.0336731 0.0180123 0.0712668 
v 0.0326525 0.0182718 0.0718233 
v 0.0315715 0.0184832 0.0722765 
v 0.0304428 0.0186439 0.0726212 
v 0.0292796 0.0187521 0.0728533 
v 0.0280955 0.0188065 0.07297 
v 0.0269045 0.0188065 0.07297 
v 0.0257204 0.0187521 0.0728533 
v 0.0245572 0.0186439 0.0726212 
v 0.0234285 0.0184832 0.0722765 
v 0.0223475 0.0182718 0.0718233 
v 0.0213269 0.0180123 0.0712668 
v 0.0203788 0.0177077 0.0706135 
v 0.019514 0.0173615 0.0698711 
v 0.018743 0.0169779 0.0690484 
v 0.0180746 0.0165613 0.068155 
v 0.0175167 0.0161165 0.0672012 
v 0.0170758 0.0156489 0.0661984 
v 0.0167572 0.0151639 0.0651583 
v 0.0165645 0.0146672 0.0640931 
v 0.0165 0.0141646 0.0630152 
v 0.0165645 0.0136619 0.0619373 
v 0.0167572 0.0131652 0.0608721 
v 0.0170758 0.0126802 0.059832 
v 0.0175167 0.0122126 0.0588292 
v 0.0180746 0.0117679 0.0578755 
v 0.018743 0.0113512 0.056982 
v 0.019514 0.0109676 0.0561593 
v 0.0203788 0.0106214 0.0554169 
v 0.0213269 0.0103168 0.0547637 
v 0.0223475 0.0100573 0.0542071 
v 0.0234285 0.00984594 0.0537539 
v 0.0245572 0.00968521 0.0534092 
v 0.0257204 0.009577 0.0531772 
v 0.0269045 0.00952258 0.0530604 
v 0.0280955 0.00952258 0.0530604 
v 0.0292796 0.009577 0.0531772 
v 0.0304428 0.00968521 0.0534092 
v 0.0315715 0.00984594 0.0537539 
v 0.0326525 0.0100573 0.0542071 
v 0.0336731 0.0103168 0.0547637 
v 0.0346212 0.0106214 0.0554169 
v 0.035486 0.0109676 0.0561593 
v 0.036257 0.0113512 0.056982 
v 0.0369254 0.0117679 0.0578755 
v 0.0374833 0.0122126 0.0588292 
v 0.0379242 0.0126802 0.059832 
v 0.0382428 0.0131652 0.0608721 
v 0.0384355 0.0136619 0.0619373 
v 0.0264714 0.00614659 0.0458206 
v 0.0244261 0.0062406 0.0460222 
v 0.022417 0.0064275 0.046423 
v 0.0204674 0.00670512 0.0470184 
v 0.0345326 0.00670512 0.0470184 
v 0.032583 0.0064275 0.046423 
v 0.0305739 0.0062406 0.0460222 
v 0.0186002 0.00707018 0.0478013 
v 0.0123742 0.019024 0.0734362 
v 0.0137061 0.0196866 0.0748573 
v 0.0363998 0.00707018 0.0478013 
v 0.0285286 0.00614659 0.0458206 
v 0.0168374 0.00751843 0.0487625 
v 0.0151997 0.00804459 0.0498909 
v 0.0137061 0.00864251 0.0511731 
v 0.0085 0.0141646 0.0630152 
v 0.00861138 0.0150327 0.064877 
v 0.00894421 0.0158907 0.066717 
v 0.0102561 0.0175362 0.0702456 
v 0.0112197 0.0183043 0.071893 
v 0.0151997 0.0202845 0.0761395 
v 0.0204674 0.021624 0.079012 
v 0.022417 0.0219016 0.0796074 
v 0.0244261 0.0220885 0.0800082 
v 0.0412939 0.0196866 0.0748573 
v 0.0426258 0.019024 0.0734362 
v 0.00949459 0.0167285 0.0685135 
v 0.0168374 0.0208107 0.0772679 
v 0.0186002 0.0212589 0.0782292 
v 0.0264714 0.0221825 0.0802098 
v 0.0285286 0.0221825 0.0802098 
v 0.0345326 0.021624 0.079012 
v 0.0363998 0.0212589 0.0782292 
v 0.0381626 0.0208107 0.0772679 
v 0.0398003 0.0202845 0.0761395 
v 0.0437803 0.0183043 0.071893 
v 0.0447439 0.0175362 0.0702456 
v 0.0455054 0.0167285 0.0685135 
v 0.0455054 0.0116007 0.0575169 
v 0.0447439 0.010793 0.0557848 
v 0.0437803 0.0100248 0.0541374 
v 0.0305739 0.0220885 0.0800082 
v 0.0460558 0.0124384 0.0593134 
v 0.0426258 0.00930517 0.0525942 
v 0.0123742 0.00930517 0.0525942 
v 0.0112197 0.0100248 0.0541374 
v 0.0102561 0.010793 0.0557848 
v 0.032583 0.0219016 0.0796074 
v 0.0460558 0.0158907 0.066717 
v 0.0463886 0.0150327 0.064877 
v 0.0465 0.0141646 0.0630152 
v 0.0463886 0.0132964 0.0611534 
v 0.0412939 0.00864251 0.0511731 
v 0.0398003 0.00804459 0.0498909 
v 0.0381626 0.00751843 0.0487625 
v 0.00949459 0.0116007 0.0575169 
v 0.00894421 0.0124384 0.0593134 
v 0.00861138 0.0132964 0.0611534 
v 0.0279971 0.00620303 0.0589853 
v 0.0279967 0.00620499 0.0589844 
v 0.0279983 0.00619834 0.0589727 
v 0.0279883 0.0062256 0.0590337 
v 0.0279934 0.00621835 0.0590078 
v 0.0279883 0.00623262 0.0590305 
v 0.0279738 0.00624765 0.059081 
v 0.0279738 0.00626323 0.0590738 
v 0.0279851 0.00624041 0.0590421 
v 0.0279538 0.00626891 0.0591266 
v 0.027958 0.00628975 0.0591066 
v 0.0279535 0.00629615 0.0591138 
v 0.0279284 0.00628912 0.05917 
v 0.0279417 0.00631321 0.0591328 
v 0.0279284 0.00633053 0.0591506 
v 0.027898 0.00630806 0.0592106 
v 0.0279151 0.00634604 0.0591651 
v 0.027898 0.00636583 0.0591836 
v 0.027863 0.0063255 0.059248 
v 0.027863 0.00640114 0.0592127 
v 0.0278237 0.00634123 0.0592817 
v 0.0278552 0.00640794 0.0592176 
v 0.0278237 0.00643551 0.0592377 
v 0.0277806 0.00635508 0.0593114 
v 0.0277806 0.00646793 0.0592588 
v 0.0277342 0.00636687 0.0593367 
v 0.027769 0.00647525 0.059263 
v 0.0277342 0.0064973 0.0592759 
v 0.0276851 0.00637648 0.0593573 
v 0.02771 0.00651045 0.059283 
v 0.0276851 0.00652253 0.0592892 
v 0.0276338 0.00638379 0.059373 
v 0.0276598 0.00653319 0.0592945 
v 0.0276338 0.00654257 0.0592989 
v 0.0275809 0.0063887 0.0593835 
v 0.0276194 0.00654704 0.059301 
v 0.0275809 0.00655652 0.0593053 
v 0.0275271 0.00639118 0.0593888 
v 0.0275542 0.00656096 0.0593072 
v 0.0275271 0.00656367 0.0593084 
v 0.027137 0.0063255 0.059248 
v 0.027102 0.00630806 0.0592106 
v 0.0270716 0.00628912 0.05917 
v 0.0270462 0.00626891 0.0591266 
v 0.0270262 0.00624765 0.059081 
v 0.0270117 0.0062256 0.0590337 
v 0.0270029 0.00620303 0.0589853 
v 0.027 0.00618018 0.0589363 
v 0.0270029 0.00615733 0.0588873 
v 0.0270117 0.00613475 0.0588389 
v 0.0270262 0.00611271 0.0587916 
v 0.0270462 0.00609145 0.0587461 
v 0.0270716 0.00607124 0.0587027 
v 0.027102 0.0060523 0.0586621 
v 0.027137 0.00603486 0.0586247 
v 0.0271763 0.00601913 0.0585909 
v 0.0272194 0.00600528 0.0585613 
v 0.0272658 0.00599348 0.058536 
v 0.0273149 0.00598388 0.0585154 
v 0.0273662 0.00597657 0.0584997 
v 0.0274191 0.00597165 0.0584891 
v 0.0274729 0.00596918 0.0584838 
v 0.0279971 0.00615733 0.0588873 
v 0.0279993 0.00616869 0.0589117 
v 0.0279983 0.00616402 0.0588991 
v 0.0279971 0.0061591 0.0588865 
v 0.0279934 0.00614995 0.0588611 
v 0.0279883 0.00613475 0.0588389 
v 0.0279738 0.00611271 0.0587916 
v 0.0279851 0.00613785 0.0588222 
v 0.0279879 0.00614202 0.0588356 
v 0.0279538 0.00609145 0.0587461 
v 0.0279738 0.00612829 0.0587844 
v 0.027958 0.00612016 0.0587429 
v 0.0279538 0.00611863 0.0587334 
v 0.0279417 0.00611519 0.0587082 
v 0.0279284 0.00607124 0.0587027 
v 0.027898 0.0060523 0.0586621 
v 0.0279279 0.00611302 0.0586836 
v 0.0279159 0.00611114 0.0586622 
v 0.027863 0.00603486 0.0586247 
v 0.027898 0.00611008 0.0586351 
v 0.0278237 0.00601913 0.0585909 
v 0.027863 0.00611051 0.0585894 
v 0.0278552 0.00611108 0.058581 
v 0.0277806 0.00600528 0.0585613 
v 0.0278237 0.00611341 0.058547 
v 0.0277342 0.00599348 0.058536 
v 0.0277806 0.00611813 0.0585086 
v 0.027769 0.00611957 0.0585003 
v 0.0276851 0.00598388 0.0585154 
v 0.0277342 0.00612391 0.0584751 
v 0.0277101 0.00612692 0.0584605 
v 0.0276338 0.00597657 0.0584997 
v 0.0276851 0.00612992 0.0584473 
v 0.0276598 0.00613275 0.0584357 
v 0.0275809 0.00597165 0.0584891 
v 0.0276337 0.00613527 0.0584261 
v 0.0276194 0.00613665 0.0584209 
v 0.0275271 0.00596918 0.0584838 
v 0.0275809 0.00613947 0.0584109 
v 0.0275542 0.00614083 0.0584062 
v 0.0275 0.00715524 0.05793 
v 0.0275271 0.00715615 0.0579303 
v 0.0275 0.00614196 0.0584025 
v 0.0275271 0.00614168 0.0584034 
v 0.0275542 0.00715886 0.0579315 
v 0.0275809 0.0071633 0.0579335 
v 0.0276194 0.00717278 0.0579377 
v 0.0276338 0.00717725 0.0579398 
v 0.0276598 0.00718663 0.0579443 
v 0.0276851 0.00719729 0.0579495 
v 0.02771 0.00720937 0.0579558 
v 0.0277342 0.00722252 0.0579628 
v 0.027769 0.00724457 0.0579757 
v 0.0277806 0.00725189 0.05798 
v 0.0278237 0.00728431 0.058001 
v 0.0271763 0.00634123 0.0592817 
v 0.0272194 0.00635508 0.0593114 
v 0.0272658 0.00636687 0.0593367 
v 0.0273149 0.00637648 0.0593573 
v 0.0273662 0.00638379 0.059373 
v 0.0274191 0.0063887 0.0593835 
v 0.0274729 0.00639118 0.0593888 
v 0.0275 0.00656458 0.0593088 
v 0.0275 0.00757786 0.0588363 
v 0.0275271 0.00757814 0.0588353 
v 0.0275809 0.00758035 0.0588278 
v 0.0275542 0.00757899 0.0588325 
v 0.0276337 0.00758455 0.0588126 
v 0.0276194 0.00758317 0.0588178 
v 0.0276851 0.0075899 0.0587915 
v 0.0276598 0.00758707 0.058803 
v 0.0277342 0.00759591 0.0587636 
v 0.0277101 0.0075929 0.0587782 
v 0.0277806 0.00760169 0.0587301 
v 0.027769 0.00760025 0.0587384 
v 0.0278237 0.00760641 0.0586917 
v 0.027863 0.00760931 0.0586493 
v 0.0278552 0.00760874 0.0586577 
v 0.027898 0.00760974 0.0586036 
v 0.0279279 0.0076068 0.0585551 
v 0.0279159 0.00760868 0.0585765 
v 0.0279538 0.00760119 0.0585053 
v 0.0279417 0.00760463 0.0585306 
v 0.0279738 0.00759153 0.0584544 
v 0.027958 0.00759966 0.0584958 
v 0.0279879 0.0075778 0.0584031 
v 0.0279851 0.00758197 0.0584165 
v 0.0279971 0.00756072 0.0583522 
v 0.0279934 0.00756988 0.0583776 
v 0.028 0.00753964 0.0583024 
v 0.0279983 0.0075558 0.0583397 
v 0.0279967 0.00751483 0.0582544 
v 0.0279983 0.00752148 0.0582661 
v 0.0279934 0.00750147 0.0582309 
v 0.0279883 0.0074872 0.0582083 
v 0.0279851 0.00747941 0.0581966 
v 0.0279738 0.00745659 0.058165 
v 0.0279535 0.00742367 0.058125 
v 0.027958 0.00743007 0.0581321 
v 0.0279417 0.00740661 0.0581059 
v 0.0279284 0.00738929 0.0580881 
v 0.0279151 0.00737378 0.0580736 
v 0.027898 0.00735399 0.0580551 
v 0.027863 0.00731868 0.058026 
v 0.0278552 0.00731188 0.0580211 
v 0.0279996 0.00618899 0.0589546 
v 0.0275 0.0066183 0.0579093 
v 0.0275 0.00654295 0.0579396 
v 0.0275 0.00669648 0.0578874 
v 0.0275 0.00677658 0.057874 
v 0.0275 0.00685765 0.0578694 
v 0.0275 0.00693876 0.0578735 
v 0.0275 0.00701893 0.0578864 
v 0.0275 0.00709725 0.0579079 
v 0.0275 0.0075236 0.0589687 
v 0.0275 0.00755747 0.0588949 
v 0.0275 0.00748194 0.0590384 
v 0.0275 0.00743299 0.0591032 
v 0.0275 0.00737732 0.0591623 
v 0.0275 0.00731559 0.0592151 
v 0.0275 0.00724851 0.0592608 
v 0.0275 0.00717687 0.0592991 
v 0.0275 0.00710152 0.0593294 
v 0.0275 0.00702334 0.0593513 
v 0.0275 0.00694324 0.0593647 
v 0.0275 0.00686217 0.0593694 
v 0.0275 0.00678106 0.0593652 
v 0.0275 0.00670089 0.0593523 
v 0.0275 0.00662257 0.0593308 
v 0.0275 0.00619622 0.0582701 
v 0.0275 0.00616235 0.0583439 
v 0.0275 0.00623788 0.0582003 
v 0.0275 0.00628683 0.0581355 
v 0.0275 0.0063425 0.0580764 
v 0.0275 0.00640423 0.0580237 
v 0.0275 0.00647131 0.0579779 
v 0.028 0.00618007 0.0589361 
v 0.0412939 0.0180099 0.0756391 
v 0.0426258 0.0173473 0.0742181 
v 0.0437803 0.0166277 0.0726748 
v 0.0447439 0.0158595 0.0710275 
v 0.0455054 0.0150518 0.0692954 
v 0.0460558 0.0142141 0.0674988 
v 0.0463886 0.0133561 0.0656588 
v 0.0465 0.0124879 0.0637971 
v 0.0463886 0.0116197 0.0619353 
v 0.0460558 0.0107617 0.0600953 
v 0.0455054 0.00992398 0.0582987 
v 0.0447439 0.00911629 0.0565666 
v 0.0437803 0.00834813 0.0549193 
v 0.0426258 0.0076285 0.053376 
v 0.0412939 0.00696584 0.051955 
v 0.0398003 0.00636793 0.0506727 
v 0.0381626 0.00584176 0.0495444 
v 0.0363998 0.00539352 0.0485831 
v 0.0345326 0.00502845 0.0478002 
v 0.032583 0.00475083 0.0472049 
v 0.0305739 0.00456393 0.046804 
v 0.0285286 0.00446992 0.0466025 
v 0.0264714 0.00446992 0.0466025 
v 0.0244261 0.00456393 0.046804 
v 0.022417 0.00475083 0.0472049 
v 0.0204674 0.00502845 0.0478002 
v 0.0186002 0.00539352 0.0485831 
v 0.0168374 0.00584176 0.0495444 
v 0.0151997 0.00636793 0.0506727 
v 0.0137061 0.00696584 0.051955 
v 0.0123742 0.0076285 0.053376 
v 0.0112197 0.00834813 0.0549193 
v 0.0102561 0.00911629 0.0565666 
v 0.00949459 0.00992398 0.0582987 
v 0.00894421 0.0107617 0.0600953 
v 0.00861138 0.0116197 0.0619353 
v 0.0085 0.0124879 0.0637971 
v 0.00861138 0.0133561 0.0656588 
v 0.00894421 0.0142141 0.0674988 
v 0.00949459 0.0150518 0.0692954 
v 0.0102561 0.0158595 0.0710275 
v 0.0112197 0.0166277 0.0726748 
v 0.0123742 0.0173473 0.0742181 
v 0.0137061 0.0180099 0.0756391 
v 0.0146354 0.0184307 0.0764535 
v 0.0144375 0.018319 0.0763018 
v 0.0144375 0.0182621 0.0763284 
v 0.0149623 0.0186729 0.0766648 
v 0.016 0.0191857 0.0773619 
v 0.0152004 0.0188191 0.0768219 
v 0.0153013 0.0188811 0.0768886 
v 0.0156486 0.0190527 0.0771218 
v 0.0163514 0.0192786 0.0776063 
v 0.0166987 0.0193309 0.0778531 
v 0.0179668 0.019139 0.0788299 
v 0.0181038 0.0190725 0.0789477 
v 0.018235 0.0189971 0.0790646 
v 0.0183589 0.0189138 0.0791791 
v 0.018477 0.0188217 0.0792929 
v 0.0176756 0.0192451 0.0785902 
v 0.0170377 0.0193423 0.0781004 
v 0.016838 0.0193356 0.0779548 
v 0.0173646 0.0193134 0.0783466 
v 0.0187125 0.0196072 0.0790645 
v 0.0186002 0.0187097 0.0794179 
v 0.0186892 0.0186149 0.0795137 
v 0.0187125 0.0185901 0.0795388 
v 0.0204674 0.0199473 0.0797939 
v 0.022417 0.020225 0.0803892 
v 0.0244261 0.0204119 0.0807901 
v 0.0264714 0.0205059 0.0809916 
v 0.0285286 0.0205059 0.0809916 
v 0.0305739 0.0204119 0.0807901 
v 0.032583 0.020225 0.0803892 
v 0.0345326 0.0199473 0.0797939 
v 0.0363998 0.0187097 0.0794179 
v 0.0362875 0.0196072 0.0790645 
v 0.0362875 0.0185901 0.0795388 
v 0.0363108 0.0186149 0.0795137 
v 0.0376354 0.0193134 0.0783466 
v 0.0379623 0.0193423 0.0781004 
v 0.0373244 0.0192451 0.0785902 
v 0.036765 0.0189971 0.0790646 
v 0.0368965 0.0190727 0.0789475 
v 0.036641 0.0189137 0.0791792 
v 0.036523 0.0188217 0.0792929 
v 0.0370332 0.019139 0.0788299 
v 0.0393514 0.0190527 0.0771218 
v 0.0396987 0.0188811 0.0768886 
v 0.039 0.0191857 0.0773619 
v 0.0386486 0.0192786 0.0776063 
v 0.0383013 0.0193309 0.0778531 
v 0.038162 0.0193356 0.0779548 
v 0.0405625 0.018319 0.0763018 
v 0.0403646 0.0184307 0.0764535 
v 0.0405625 0.0182621 0.0763284 
v 0.0400377 0.0186729 0.0766648 
v 0.0397996 0.0188191 0.0768219 
v 0.0188062 0.0196307 0.0791149 
v 0.0188933 0.0196584 0.0791742 
v 0.0188459 0.0184254 0.0797078 
v 0.0188696 0.0183907 0.0797473 
v 0.0188048 0.0184761 0.0796557 
v 0.0189728 0.0196899 0.0792417 
v 0.0188909 0.0183594 0.0797829 
v 0.0190437 0.0197248 0.0793167 
v 0.0189797 0.0182294 0.0799308 
v 0.0190157 0.0181622 0.0800138 
v 0.0189722 0.0182404 0.0799183 
v 0.0191051 0.0197628 0.0793982 
v 0.0190399 0.018117 0.0800696 
v 0.0190981 0.0180084 0.0802036 
v 0.0191565 0.0198034 0.0794853 
v 0.019104 0.0179926 0.0802243 
v 0.0191273 0.0179305 0.0803056 
v 0.019197 0.0198462 0.0795769 
v 0.019152 0.0178647 0.0803918 
v 0.0191876 0.0177698 0.0805159 
v 0.0192263 0.0198905 0.079672 
v 0.0191947 0.0177361 0.0805616 
v 0.019203 0.0176963 0.0806155 
v 0.0192441 0.019936 0.0797695 
v 0.0192221 0.0176053 0.0807388 
v 0.0192382 0.0175284 0.0808431 
v 0.01925 0.0199819 0.079868 
v 0.0192418 0.0174742 0.0809176 
v 0.0192427 0.0174605 0.0809364 
v 0.01925 0.017349 0.0810897 
v 0.01925 0.0173423 0.0810989 
v 0.0357559 0.019936 0.0797695 
v 0.03575 0.017349 0.0810897 
v 0.0357573 0.0174605 0.0809364 
v 0.03575 0.0199819 0.079868 
v 0.03575 0.0173423 0.0810989 
v 0.0357618 0.0175284 0.0808431 
v 0.0357779 0.0176053 0.0807388 
v 0.0357582 0.0174742 0.0809176 
v 0.0357737 0.0198905 0.079672 
v 0.035797 0.0176963 0.0806155 
v 0.0358053 0.0177361 0.0805616 
v 0.035803 0.0198462 0.0795769 
v 0.0358124 0.0177698 0.0805159 
v 0.035848 0.0178647 0.0803918 
v 0.0358435 0.0198034 0.0794853 
v 0.0358727 0.0179305 0.0803056 
v 0.035896 0.0179926 0.0802243 
v 0.0358949 0.0197628 0.0793982 
v 0.0359019 0.0180084 0.0802036 
v 0.0359601 0.018117 0.0800696 
v 0.0359563 0.0197248 0.0793167 
v 0.0360203 0.0182294 0.0799308 
v 0.0360278 0.0182404 0.0799183 
v 0.0359843 0.0181622 0.0800138 
v 0.0360272 0.0196899 0.0792417 
v 0.0361091 0.0183594 0.0797829 
v 0.0361067 0.0196584 0.0791742 
v 0.0361541 0.0184254 0.0797078 
v 0.0361952 0.0184761 0.0796557 
v 0.0361304 0.0183907 0.0797473 
v 0.0361938 0.0196307 0.0791149 
v 0.0127556 0.0185812 0.0768642 
v 0.01275 0.0159929 0.0781816 
v 0.0127579 0.0161045 0.0780284 
v 0.01275 0.0186259 0.07696 
v 0.01275 0.0159862 0.0781909 
v 0.0127636 0.0161861 0.0779161 
v 0.0127725 0.0162421 0.0778397 
v 0.0127586 0.0161143 0.0780149 
v 0.0128 0.0184939 0.076677 
v 0.0127737 0.0162498 0.0778292 
v 0.0127973 0.0163402 0.0777077 
v 0.0127723 0.0185371 0.0767695 
v 0.0128353 0.0164859 0.0775119 
v 0.0128389 0.0164945 0.0775009 
v 0.0128047 0.0163684 0.0776698 
v 0.0128383 0.0184522 0.0765876 
v 0.0128727 0.0165744 0.0773978 
v 0.012891 0.0166177 0.0773419 
v 0.0128868 0.0184125 0.0765024 
v 0.0129327 0.0167164 0.0772146 
v 0.0129463 0.0167401 0.0771859 
v 0.012945 0.0183751 0.0764223 
v 0.0129842 0.0168061 0.0771058 
v 0.0130147 0.0168593 0.0770413 
v 0.0130122 0.0183406 0.0763482 
v 0.0130663 0.0169453 0.0769384 
v 0.0130889 0.0169764 0.0769042 
v 0.0130481 0.0169176 0.0769706 
v 0.0130877 0.0183092 0.076281 
v 0.0131312 0.0170346 0.0768401 
v 0.0131718 0.0170904 0.0767786 
v 0.0131705 0.0182814 0.0762214 
v 0.0131958 0.0171234 0.0767422 
v 0.0132615 0.0172008 0.076666 
v 0.0132599 0.0182575 0.07617 
v 0.0133396 0.0172927 0.0765755 
v 0.0133551 0.0173089 0.0765616 
v 0.0133115 0.0172596 0.0766081 
v 0.0133547 0.0182377 0.0761275 
v 0.0134544 0.0174129 0.0764729 
v 0.013454 0.0182222 0.0760943 
v 0.0135237 0.0174815 0.0764204 
v 0.013557 0.0175131 0.0763986 
v 0.0134988 0.0174579 0.0764366 
v 0.013473 0.0174324 0.0764563 
v 0.0135566 0.0182112 0.0760708 
v 0.013627 0.0175794 0.0763529 
v 0.0136614 0.0176101 0.0763364 
v 0.0136613 0.0182049 0.0760572 
v 0.0137651 0.0177021 0.076288 
v 0.013767 0.0177037 0.0762873 
v 0.013757 0.0176952 0.0762906 
v 0.013767 0.0182033 0.0760538 
v 0.0138712 0.0177924 0.0762534 
v 0.0138726 0.0177936 0.0762531 
v 0.0138726 0.0182064 0.0760605 
v 0.013954 0.0178611 0.0762364 
v 0.0139765 0.0178795 0.0762345 
v 0.0139768 0.0182143 0.0760773 
v 0.0140581 0.0179461 0.0762273 
v 0.0140781 0.0179623 0.0762282 
v 0.0140335 0.017926 0.0762294 
v 0.0140784 0.0182267 0.0761039 
v 0.0141598 0.0180286 0.076232 
v 0.0141763 0.018042 0.0762344 
v 0.0141764 0.0182436 0.0761402 
v 0.0141974 0.0180592 0.0762374 
v 0.0142693 0.0181182 0.0762545 
v 0.0142696 0.0182648 0.0761856 
v 0.0143246 0.0181646 0.0762737 
v 0.0143568 0.0181916 0.0762858 
v 0.0142818 0.0181286 0.0762575 
v 0.0143569 0.01829 0.0762397 
v 0.0143619 0.0181959 0.0762877 
v 0.0406431 0.01829 0.0762397 
v 0.0406381 0.0181959 0.0762877 
v 0.0407304 0.0182648 0.0761856 
v 0.0406432 0.0181916 0.0762858 
v 0.0406754 0.0181646 0.0762737 
v 0.0407182 0.0181286 0.0762575 
v 0.0408236 0.0182436 0.0761402 
v 0.0407307 0.0181182 0.0762545 
v 0.0408026 0.0180592 0.0762374 
v 0.0409216 0.0182267 0.0761039 
v 0.0408237 0.018042 0.0762344 
v 0.0408402 0.0180286 0.076232 
v 0.0410232 0.0182143 0.0760773 
v 0.0409419 0.0179461 0.0762273 
v 0.0409665 0.017926 0.0762294 
v 0.0409219 0.0179623 0.0762282 
v 0.0411274 0.0182064 0.0760605 
v 0.0410235 0.0178795 0.0762345 
v 0.041046 0.0178611 0.0762364 
v 0.041233 0.0182033 0.0760538 
v 0.0411274 0.0177936 0.0762531 
v 0.0411288 0.0177924 0.0762534 
v 0.0413387 0.0182049 0.0760572 
v 0.041233 0.0177037 0.0762873 
v 0.0412349 0.0177021 0.076288 
v 0.041243 0.0176952 0.0762906 
v 0.0414434 0.0182112 0.0760708 
v 0.0413386 0.0176101 0.0763364 
v 0.041373 0.0175794 0.0763529 
v 0.041546 0.0182222 0.0760943 
v 0.041443 0.0175131 0.0763986 
v 0.0414763 0.0174815 0.0764204 
v 0.0415012 0.0174579 0.0764366 
v 0.041527 0.0174324 0.0764563 
v 0.0416453 0.0182377 0.0761275 
v 0.0415456 0.0174129 0.0764729 
v 0.0417401 0.0182575 0.07617 
v 0.0416604 0.0172927 0.0765755 
v 0.0416885 0.0172596 0.0766081 
v 0.0416449 0.0173089 0.0765616 
v 0.0418295 0.0182814 0.0762214 
v 0.0417385 0.0172008 0.076666 
v 0.0418042 0.0171234 0.0767422 
v 0.0419123 0.0183092 0.076281 
v 0.0418282 0.0170904 0.0767786 
v 0.0418688 0.0170346 0.0768401 
v 0.0419878 0.0183406 0.0763482 
v 0.0419111 0.0169764 0.0769042 
v 0.0419337 0.0169453 0.0769384 
v 0.0419519 0.0169176 0.0769706 
v 0.042055 0.0183751 0.0764223 
v 0.0419853 0.0168593 0.0770413 
v 0.0420158 0.0168061 0.0771058 
v 0.0421132 0.0184125 0.0765024 
v 0.0420537 0.0167401 0.0771859 
v 0.0420673 0.0167164 0.0772146 
v 0.0421617 0.0184522 0.0765876 
v 0.042109 0.0166177 0.0773419 
v 0.0421273 0.0165744 0.0773978 
v 0.0422 0.0184939 0.076677 
v 0.0421611 0.0164945 0.0775009 
v 0.0421647 0.0164859 0.0775119 
v 0.0422277 0.0185371 0.0767695 
v 0.0421953 0.0163684 0.0776698 
v 0.0422027 0.0163402 0.0777077 
v 0.0422263 0.0162498 0.0778292 
v 0.0422444 0.0185812 0.0768642 
v 0.0422275 0.0162421 0.0778397 
v 0.0422364 0.0161861 0.0779161 
v 0.04225 0.0186259 0.07696 
v 0.0422414 0.0161143 0.0780149 
v 0.0422421 0.0161045 0.0780284 
v 0.04225 0.0159929 0.0781816 
v 0.04225 0.0159862 0.0781909 
v 0.04225 0.0181615 0.0828557 
v 0.04225 0.0208011 0.0816248 
v 0.0422443 0.0208461 0.0817213 
v 0.04225 0.0181729 0.0828565 
v 0.0422396 0.0183616 0.0828694 
v 0.0422386 0.01838 0.0828706 
v 0.0422267 0.0185985 0.0828856 
v 0.0421992 0.0209341 0.0819101 
v 0.042226 0.018611 0.0828864 
v 0.0422026 0.0187591 0.082895 
v 0.0422273 0.0208906 0.0818168 
v 0.0421624 0.0190136 0.0829099 
v 0.0421598 0.0190238 0.0829103 
v 0.0421943 0.0188115 0.0828981 
v 0.0421602 0.0209761 0.0820001 
v 0.0421278 0.0191473 0.0829151 
v 0.0421074 0.0192265 0.0829181 
v 0.0421109 0.0210161 0.0820859 
v 0.0420717 0.0193647 0.0829235 
v 0.0420498 0.0194249 0.0829241 
v 0.0420518 0.0210537 0.0821664 
v 0.0420155 0.0195194 0.0829249 
v 0.0419811 0.0196141 0.0829258 
v 0.0419836 0.0210883 0.0822407 
v 0.0419512 0.0196964 0.0829265 
v 0.0419049 0.0197942 0.0829234 
v 0.041907 0.0211197 0.0823081 
v 0.0418689 0.0198702 0.082921 
v 0.0418229 0.0199675 0.0829179 
v 0.0418229 0.0211475 0.0823676 
v 0.03575 0.0218471 0.083868 
v 0.03575 0.0192075 0.0850989 
v 0.037038 0.0222518 0.0847359 
v 0.0371354 0.0222371 0.0847043 
v 0.0371354 0.02201 0.0848102 
v 0.03704 0.0219615 0.0848706 
v 0.0369375 0.0222622 0.0847582 
v 0.037038 0.0219603 0.0848717 
v 0.0370333 0.0219574 0.0848743 
v 0.0368351 0.0222682 0.084771 
v 0.0369374 0.0218985 0.0849273 
v 0.036929 0.0218933 0.084932 
v 0.0367317 0.0222697 0.0847741 
v 0.0368161 0.0218106 0.084986 
v 0.0367652 0.0217681 0.0850076 
v 0.036835 0.0218244 0.084977 
v 0.0367466 0.0217526 0.0850154 
v 0.0366285 0.0222666 0.0847676 
v 0.0367317 0.0217385 0.0850209 
v 0.0365266 0.0222591 0.0847514 
v 0.0366285 0.0216408 0.0850592 
v 0.0366247 0.0216372 0.0850606 
v 0.0364271 0.0222471 0.0847257 
v 0.036527 0.0215278 0.0850902 
v 0.036524 0.0215244 0.0850911 
v 0.0364872 0.0214833 0.0851022 
v 0.036331 0.0222309 0.0846909 
v 0.0364279 0.0214043 0.0851162 
v 0.0363543 0.0213063 0.0851335 
v 0.0363326 0.0212743 0.0851378 
v 0.0362395 0.0222105 0.0846473 
v 0.0363311 0.0212718 0.085138 
v 0.0363111 0.0212388 0.0851411 
v 0.0361534 0.0221863 0.0845953 
v 0.0362407 0.0211227 0.0851521 
v 0.0361983 0.0210528 0.0851587 
v 0.0360736 0.0221584 0.0845355 
v 0.0361554 0.0209648 0.085162 
v 0.0361316 0.0209158 0.0851639 
v 0.0360012 0.0221272 0.0844686 
v 0.0360746 0.0207988 0.0851683 
v 0.0360602 0.0207692 0.0851694 
v 0.0359367 0.022093 0.0843953 
v 0.0360041 0.0206199 0.0851686 
v 0.0359838 0.0205658 0.0851684 
v 0.035943 0.0204569 0.0851678 
v 0.0358809 0.0220562 0.0843163 
v 0.0359368 0.0204373 0.0851673 
v 0.0359259 0.0204028 0.0851665 
v 0.0358345 0.0220171 0.0842326 
v 0.0358854 0.0202413 0.0851599 
v 0.0358732 0.0201929 0.085158 
v 0.0357978 0.0219762 0.0841449 
v 0.0358358 0.0200439 0.0851519 
v 0.0358283 0.0200139 0.0851507 
v 0.0357713 0.021934 0.0840542 
v 0.0358026 0.0198383 0.0851402 
v 0.0357977 0.0198051 0.0851382 
v 0.0357554 0.0218908 0.0839616 
v 0.0357723 0.0196311 0.0851278 
v 0.0357693 0.0196108 0.0851266 
v 0.0357599 0.0194196 0.0851135 
v 0.0357593 0.0194078 0.0851126 
v 0.03575 0.0192189 0.0850997 
v 0.0357928 0.0142319 0.0756727 
v 0.0357548 0.0145489 0.0755248 
v 0.0358685 0.0139204 0.0758179 
v 0.0359808 0.0136181 0.0759589 
v 0.0361286 0.0133287 0.0760938 
v 0.03631 0.0130554 0.0762213 
v 0.036523 0.0128015 0.0763397 
v 0.036765 0.01257 0.0764476 
v 0.0370332 0.0123635 0.0765439 
v 0.0373244 0.0121845 0.0766274 
v 0.0376354 0.0120351 0.076697 
v 0.0379623 0.0119171 0.0767521 
v 0.0383013 0.0118317 0.0767919 
v 0.0386486 0.0117801 0.0768159 
v 0.039 0.0117629 0.076824 
v 0.0393514 0.0117801 0.0768159 
v 0.0396987 0.0118317 0.0767919 
v 0.0400377 0.0119171 0.0767521 
v 0.0403646 0.0120351 0.076697 
v 0.0406756 0.0121845 0.0766274 
v 0.0409668 0.0123635 0.0765439 
v 0.041235 0.01257 0.0764476 
v 0.041477 0.0128015 0.0763397 
v 0.04169 0.0130554 0.0762213 
v 0.0418714 0.0133287 0.0760938 
v 0.0420192 0.0136181 0.0759589 
v 0.0421315 0.0139204 0.0758179 
v 0.0422072 0.0142319 0.0756727 
v 0.0422452 0.0145489 0.0755248 
v 0.0373244 0.0220876 0.0846859 
v 0.0376354 0.0221798 0.0844935 
v 0.037699 0.0221906 0.0844567 
v 0.0379623 0.0222354 0.0843045 
v 0.0383013 0.0222533 0.0841203 
v 0.0386486 0.0222332 0.0839425 
v 0.039 0.022175 0.0837726 
v 0.0393514 0.0220793 0.0836125 
v 0.0396987 0.0219472 0.0834638 
v 0.0400364 0.021781 0.0833292 
v 0.0400377 0.0217803 0.0833287 
v 0.0403646 0.0215808 0.083209 
v 0.0406756 0.0213512 0.0831067 
v 0.0409668 0.0210947 0.0830239 
v 0.041235 0.0208148 0.0829626 
v 0.041477 0.0205151 0.0829245 
v 0.04169 0.0201998 0.0829113 
v 0.0422452 0.0148678 0.0753761 
v 0.0422072 0.0151849 0.0752283 
v 0.0421315 0.0154964 0.075083 
v 0.0420192 0.0157986 0.0749421 
v 0.0418714 0.0160881 0.0748071 
v 0.04169 0.0163614 0.0746797 
v 0.041235 0.0168468 0.0744533 
v 0.041477 0.0166153 0.0745613 
v 0.0409668 0.0170533 0.074357 
v 0.0406756 0.0172323 0.0742736 
v 0.0403646 0.0173816 0.0742039 
v 0.0400377 0.0174997 0.0741489 
v 0.0396987 0.017585 0.0741091 
v 0.0393514 0.0176366 0.074085 
v 0.039 0.0176539 0.074077 
v 0.0386486 0.0176366 0.074085 
v 0.0383013 0.017585 0.0741091 
v 0.0379623 0.0174997 0.0741489 
v 0.0376354 0.0173816 0.0742039 
v 0.0373244 0.0172323 0.0742736 
v 0.0370332 0.0170533 0.074357 
v 0.036765 0.0168468 0.0744533 
v 0.036523 0.0166153 0.0745613 
v 0.03631 0.0163614 0.0746797 
v 0.0361286 0.0160881 0.0748071 
v 0.0359808 0.0157986 0.0749421 
v 0.0358685 0.0154964 0.075083 
v 0.0357928 0.0151849 0.0752283 
v 0.0357548 0.0148678 0.0753761 
v 0.039 0.0147084 0.0754505 
v 0.0190633 0.022093 0.0843953 
v 0.0189988 0.0221272 0.0844686 
v 0.0197506 0.0225329 0.0853387 
v 0.0222858 0.022821 0.0859564 
v 0.0191655 0.0220171 0.0842326 
v 0.0191191 0.0220562 0.0843163 
v 0.0352494 0.0225329 0.0853387 
v 0.0192022 0.0219762 0.0841449 
v 0.01925 0.0218471 0.083868 
v 0.0187605 0.0222105 0.0846473 
v 0.018669 0.0222309 0.0846909 
v 0.0189264 0.0221584 0.0845355 
v 0.0188466 0.0221863 0.0845953 
v 0.0182683 0.0222697 0.0847741 
v 0.0181649 0.0222682 0.084771 
v 0.0185729 0.0222471 0.0847257 
v 0.0184734 0.0222591 0.0847514 
v 0.0192287 0.021934 0.0840542 
v 0.0180625 0.0222622 0.0847582 
v 0.0183715 0.0222666 0.0847676 
v 0.0192446 0.0218908 0.0839616 
v 0.0275 0.0230534 0.0864547 
v 0.0301216 0.0229951 0.0863298 
v 0.0248784 0.0229951 0.0863298 
v 0.0327142 0.022821 0.0859564 
v 0.017962 0.0222518 0.0847359 
v 0.0178646 0.0222371 0.0847043 
v 0.01925 0.0192189 0.0850997 
v 0.0192407 0.0194078 0.0851126 
v 0.01925 0.0192075 0.0850989 
v 0.0192307 0.0196108 0.0851266 
v 0.0192277 0.0196311 0.0851278 
v 0.0192401 0.0194196 0.0851135 
v 0.0192023 0.0198051 0.0851382 
v 0.0191974 0.0198383 0.0851402 
v 0.0191717 0.0200139 0.0851507 
v 0.0191642 0.0200439 0.0851519 
v 0.0191268 0.0201929 0.085158 
v 0.0191146 0.0202413 0.0851599 
v 0.0190741 0.0204028 0.0851665 
v 0.0190632 0.0204373 0.0851673 
v 0.0190162 0.0205658 0.0851684 
v 0.0189959 0.0206199 0.0851686 
v 0.019057 0.0204569 0.0851678 
v 0.0189398 0.0207692 0.0851694 
v 0.0189254 0.0207988 0.0851683 
v 0.0188684 0.0209158 0.0851639 
v 0.0188446 0.0209648 0.085162 
v 0.0188017 0.0210528 0.0851587 
v 0.0187593 0.0211227 0.0851521 
v 0.0186889 0.0212388 0.0851411 
v 0.0186689 0.0212718 0.085138 
v 0.0186674 0.0212743 0.0851378 
v 0.0186457 0.0213063 0.0851335 
v 0.018476 0.0215244 0.0850911 
v 0.018473 0.0215278 0.0850902 
v 0.0185128 0.0214833 0.0851022 
v 0.0185721 0.0214043 0.0851162 
v 0.0183753 0.0216372 0.0850606 
v 0.0183715 0.0216408 0.0850592 
v 0.0182683 0.0217385 0.0850209 
v 0.0181839 0.0218106 0.084986 
v 0.018165 0.0218244 0.084977 
v 0.0182534 0.0217526 0.0850154 
v 0.0182348 0.0217681 0.0850076 
v 0.018071 0.0218933 0.084932 
v 0.0180626 0.0218985 0.0849273 
v 0.0179667 0.0219574 0.0848743 
v 0.017962 0.0219603 0.0848717 
v 0.01796 0.0219615 0.0848706 
v 0.0178646 0.02201 0.0848102 
v 0.01275 0.0208011 0.0816248 
v 0.01275 0.0181615 0.0828557 
v 0.013093 0.0211197 0.0823081 
v 0.0131771 0.0211475 0.0823676 
v 0.0131771 0.0199675 0.0829179 
v 0.0131311 0.0198702 0.082921 
v 0.0130164 0.0210883 0.0822407 
v 0.0130951 0.0197942 0.0829234 
v 0.0130488 0.0196964 0.0829265 
v 0.0129482 0.0210537 0.0821664 
v 0.0130189 0.0196141 0.0829258 
v 0.0129845 0.0195194 0.0829249 
v 0.0128891 0.0210161 0.0820859 
v 0.0129502 0.0194249 0.0829241 
v 0.0129283 0.0193647 0.0829235 
v 0.0128398 0.0209761 0.0820001 
v 0.0128926 0.0192265 0.0829181 
v 0.0128722 0.0191473 0.0829151 
v 0.0128008 0.0209341 0.0819101 
v 0.0128402 0.0190238 0.0829103 
v 0.0128376 0.0190136 0.0829099 
v 0.0127727 0.0208906 0.0818168 
v 0.0128057 0.0188115 0.0828981 
v 0.0127974 0.0187591 0.082895 
v 0.012774 0.018611 0.0828864 
v 0.0127557 0.0208461 0.0817213 
v 0.0127733 0.0185985 0.0828856 
v 0.0127614 0.01838 0.0828706 
v 0.0127604 0.0183616 0.0828694 
v 0.01275 0.0181729 0.0828565 
v 0.0127928 0.0142319 0.0756727 
v 0.0127548 0.0145489 0.0755248 
v 0.0128685 0.0139204 0.0758179 
v 0.0129808 0.0136181 0.0759589 
v 0.0131286 0.0133287 0.0760938 
v 0.01331 0.0130554 0.0762213 
v 0.013523 0.0128015 0.0763397 
v 0.013765 0.01257 0.0764476 
v 0.0140332 0.0123635 0.0765439 
v 0.0143244 0.0121845 0.0766274 
v 0.0146354 0.0120351 0.076697 
v 0.0149623 0.0119171 0.0767521 
v 0.0153013 0.0118317 0.0767919 
v 0.0156486 0.0117801 0.0768159 
v 0.016 0.0117629 0.076824 
v 0.0163514 0.0117801 0.0768159 
v 0.0166987 0.0118317 0.0767919 
v 0.0170377 0.0119171 0.0767521 
v 0.0173646 0.0120351 0.076697 
v 0.0176756 0.0121845 0.0766274 
v 0.0179668 0.0123635 0.0765439 
v 0.018235 0.01257 0.0764476 
v 0.018477 0.0128015 0.0763397 
v 0.01869 0.0130554 0.0762213 
v 0.0188714 0.0133287 0.0760938 
v 0.0190192 0.0136181 0.0759589 
v 0.0191315 0.0139204 0.0758179 
v 0.0192072 0.0142319 0.0756727 
v 0.0192452 0.0145489 0.0755248 
v 0.01331 0.0201998 0.0829113 
v 0.013523 0.0205151 0.0829245 
v 0.013765 0.0208148 0.0829626 
v 0.0140332 0.0210947 0.0830239 
v 0.0143244 0.0213512 0.0831067 
v 0.0146354 0.0215808 0.083209 
v 0.0149623 0.0217803 0.0833287 
v 0.0149636 0.021781 0.0833292 
v 0.0153013 0.0219472 0.0834638 
v 0.0156486 0.0220793 0.0836125 
v 0.016 0.022175 0.0837726 
v 0.0163514 0.0222332 0.0839425 
v 0.0166987 0.0222533 0.0841203 
v 0.0170377 0.0222354 0.0843045 
v 0.017301 0.0221906 0.0844567 
v 0.0173646 0.0221798 0.0844935 
v 0.0176756 0.0220876 0.0846859 
v 0.0192452 0.0148678 0.0753761 
v 0.0192072 0.0151849 0.0752283 
v 0.0191315 0.0154964 0.075083 
v 0.0188714 0.0160881 0.0748071 
v 0.0190192 0.0157986 0.0749421 
v 0.01869 0.0163614 0.0746797 
v 0.018477 0.0166153 0.0745613 
v 0.018235 0.0168468 0.0744533 
v 0.0179668 0.0170533 0.074357 
v 0.0176756 0.0172323 0.0742736 
v 0.0173646 0.0173816 0.0742039 
v 0.0170377 0.0174997 0.0741489 
v 0.0166987 0.017585 0.0741091 
v 0.0163514 0.0176366 0.074085 
v 0.016 0.0176539 0.074077 
v 0.0156486 0.0176366 0.074085 
v 0.0153013 0.017585 0.0741091 
v 0.0149623 0.0174997 0.0741489 
v 0.0146354 0.0173816 0.0742039 
v 0.0143244 0.0172323 0.0742736 
v 0.013765 0.0168468 0.0744533 
v 0.0140332 0.0170533 0.074357 
v 0.013523 0.0166153 0.0745613 
v 0.01331 0.0163614 0.0746797 
v 0.0131286 0.0160881 0.0748071 
v 0.0129808 0.0157986 0.0749421 
v 0.0128685 0.0154964 0.075083 
v 0.0127928 0.0151849 0.0752283 
v 0.0127548 0.0148678 0.0753761 
v 0.016 0.0147084 0.0754505 
v 0.0422354 0.0226996 0.0813188 
v 0.044272 0.0219996 0.0798174 
v 0.044272 0.0203229 0.0805993 
v 0.0400364 0.0233056 0.0826183 
v 0.0422354 0.021023 0.0821006 
v 0.0376991 0.0238108 0.0837016 
v 0.0352494 0.0242096 0.0845569 
v 0.0327142 0.0244977 0.0851746 
v 0.0301216 0.0246718 0.085548 
v 0.0275 0.02473 0.0856729 
v 0.0248784 0.0246718 0.085548 
v 0.0222858 0.0244977 0.0851746 
v 0.0197506 0.0242096 0.0845569 
v 0.0173009 0.0238108 0.0837016 
v 0.0149636 0.0233056 0.0826183 
v 0.0127646 0.0226996 0.0813188 
v 0.010728 0.0219996 0.0798174 
v 0.0127646 0.021023 0.0821006 
v 0.010728 0.0203229 0.0805993 
v 0.0464203 0.0129458 0.0829396 
v 0.0464277 0.0130029 0.0830621 
v 0.0464277 0.0216355 0.0790366 
v 0.0463984 0.0128893 0.0828185 
v 0.0464203 0.0215784 0.0789141 
v 0.0463622 0.0128342 0.0827003 
v 0.0463984 0.0215219 0.0787931 
v 0.0463121 0.0127811 0.0825864 
v 0.0463622 0.0214668 0.0786749 
v 0.0462487 0.0127305 0.082478 
v 0.0463121 0.0214137 0.0785609 
v 0.0461728 0.0126832 0.0823765 
v 0.0462487 0.0213631 0.0784526 
v 0.0460852 0.0126396 0.082283 
v 0.0461728 0.0213158 0.078351 
v 0.0444762 0.0134401 0.0839997 
v 0.0443684 0.0134055 0.0839255 
v 0.0443684 0.0220381 0.0799001 
v 0.0445922 0.0134696 0.084063 
v 0.0444762 0.0220727 0.0799743 
v 0.044715 0.0134936 0.0841145 
v 0.0445922 0.0221022 0.0800375 
v 0.0448433 0.0135119 0.0841536 
v 0.044715 0.0221262 0.080089 
v 0.0449754 0.0135242 0.08418 
v 0.0448433 0.0221445 0.0801282 
v 0.04511 0.0135304 0.0841933 
v 0.0449754 0.0221568 0.0801546 
v 0.0452453 0.0135304 0.0841933 
v 0.04511 0.022163 0.0801678 
v 0.0453799 0.0135242 0.08418 
v 0.0452453 0.022163 0.0801678 
v 0.0455121 0.0135119 0.0841536 
v 0.0453799 0.0221568 0.0801546 
v 0.0456403 0.0134936 0.0841145 
v 0.0455121 0.0221445 0.0801282 
v 0.0457632 0.0134696 0.084063 
v 0.0456403 0.0221262 0.080089 
v 0.0458792 0.0134401 0.0839997 
v 0.0457632 0.0221022 0.0800375 
v 0.0459869 0.0134055 0.0839255 
v 0.0458792 0.0220727 0.0799743 
v 0.0460852 0.0133662 0.0838411 
v 0.0459869 0.0220381 0.0799001 
v 0.0461728 0.0133226 0.0837476 
v 0.0460852 0.0219988 0.0798157 
v 0.0462487 0.0132752 0.0836461 
v 0.0461728 0.0219552 0.0797222 
v 0.0463121 0.0132247 0.0835377 
v 0.0462487 0.0219078 0.0796207 
v 0.0463622 0.0131716 0.0834238 
v 0.0463121 0.0218573 0.0795123 
v 0.0463984 0.0131165 0.0833056 
v 0.0463622 0.0218041 0.0793983 
v 0.0464203 0.01306 0.0831845 
v 0.0463984 0.021749 0.0792802 
v 0.0464203 0.0216926 0.0791591 
v 0.0459869 0.0126003 0.0821986 
v 0.0460392 0.019576 0.0789976 
v 0.0460852 0.0212722 0.0782575 
v 0.0460392 0.0212527 0.0782158 
v 0.0458792 0.0125656 0.0821244 
v 0.0459869 0.0195562 0.078955 
v 0.0457632 0.0125362 0.0820611 
v 0.0458792 0.0195216 0.0788808 
v 0.0456403 0.0125121 0.0820096 
v 0.0457632 0.0194921 0.0788175 
v 0.0455121 0.0124939 0.0819705 
v 0.0456403 0.019468 0.078766 
v 0.0453799 0.0124816 0.0819441 
v 0.0455121 0.0194498 0.0787269 
v 0.0452453 0.0124754 0.0819308 
v 0.0453799 0.0194375 0.0787005 
v 0.04511 0.0124754 0.0819308 
v 0.0452453 0.0194313 0.0786872 
v 0.0449754 0.0124816 0.0819441 
v 0.04511 0.0194313 0.0786872 
v 0.0448433 0.0124939 0.0819705 
v 0.0449754 0.0194375 0.0787005 
v 0.044715 0.0125121 0.0820096 
v 0.0448433 0.0194498 0.0787269 
v 0.0445922 0.0125362 0.0820611 
v 0.044715 0.019468 0.078766 
v 0.0444762 0.0125656 0.0821244 
v 0.0445922 0.0194921 0.0788175 
v 0.0443684 0.0126003 0.0821986 
v 0.0444762 0.0195216 0.0788808 
v 0.0442702 0.0126396 0.082283 
v 0.0443684 0.0195562 0.078955 
v 0.0441826 0.0126832 0.0823765 
v 0.0442702 0.0195955 0.0790394 
v 0.0441066 0.0127305 0.082478 
v 0.0441826 0.0196391 0.0791329 
v 0.0441066 0.0196864 0.0792344 
v 0.0440432 0.019737 0.0793428 
v 0.0440638 0.0127646 0.0825511 
v 0.0440432 0.0127811 0.0825864 
v 0.0439931 0.0128342 0.0827003 
v 0.0439569 0.0128893 0.0828185 
v 0.0439931 0.0197901 0.0794567 
v 0.043935 0.0129458 0.0829396 
v 0.0439569 0.0198452 0.0795749 
v 0.0439277 0.0130029 0.0830621 
v 0.043935 0.0199017 0.079696 
v 0.043935 0.01306 0.0831845 
v 0.0439277 0.0199588 0.0798185 
v 0.0439569 0.0131165 0.0833056 
v 0.043935 0.0200159 0.0799409 
v 0.0439931 0.0131716 0.0834238 
v 0.0439569 0.0200724 0.080062 
v 0.0440432 0.0132247 0.0835377 
v 0.0439931 0.0201275 0.0801802 
v 0.0441066 0.0202312 0.0804025 
v 0.0441066 0.0132752 0.0836461 
v 0.0440638 0.0132412 0.083573 
v 0.0440432 0.0201806 0.0802941 
v 0.0441826 0.0133226 0.0837476 
v 0.0442702 0.0133662 0.0838411 
v 0.0441826 0.0202785 0.0805041 
v 0.0442702 0.0203221 0.0805975 
v 0.00882721 0.0126832 0.0823765 
v 0.00891484 0.0126396 0.082283 
v 0.00891484 0.0212722 0.0782575 
v 0.00875126 0.0127305 0.082478 
v 0.00882721 0.0213158 0.078351 
v 0.00868786 0.0127811 0.0825864 
v 0.00875126 0.0213631 0.0784526 
v 0.00863776 0.0128342 0.0827003 
v 0.00868786 0.0214137 0.0785609 
v 0.00860155 0.0128893 0.0828185 
v 0.00863776 0.0214668 0.0786749 
v 0.00857966 0.0129458 0.0829396 
v 0.00860155 0.0215219 0.0787931 
v 0.00857233 0.0130029 0.0830621 
v 0.00857966 0.0215784 0.0789141 
v 0.00857966 0.01306 0.0831845 
v 0.00857233 0.0216355 0.0790366 
v 0.00860155 0.0131165 0.0833056 
v 0.00857966 0.0216926 0.0791591 
v 0.00863776 0.0131716 0.0834238 
v 0.00860155 0.021749 0.0792802 
v 0.00868786 0.0132247 0.0835377 
v 0.00863776 0.0218041 0.0793983 
v 0.00875126 0.0132752 0.0836461 
v 0.00868786 0.0218573 0.0795123 
v 0.00882721 0.0133226 0.0837476 
v 0.00875126 0.0219078 0.0796207 
v 0.00891484 0.0133662 0.0838411 
v 0.00882721 0.0219552 0.0797222 
v 0.0090131 0.0134055 0.0839255 
v 0.00891484 0.0219988 0.0798157 
v 0.00912085 0.0134401 0.0839997 
v 0.0090131 0.0220381 0.0799001 
v 0.00923682 0.0134696 0.084063 
v 0.00912085 0.0220727 0.0799743 
v 0.00935966 0.0134936 0.0841145 
v 0.00923682 0.0221022 0.0800375 
v 0.00948792 0.0135119 0.0841536 
v 0.00935966 0.0221262 0.080089 
v 0.0096201 0.0135242 0.08418 
v 0.00948792 0.0221445 0.0801282 
v 0.00975466 0.0135304 0.0841933 
v 0.0096201 0.0221568 0.0801546 
v 0.00989 0.0135304 0.0841933 
v 0.00975466 0.022163 0.0801678 
v 0.0100246 0.0135242 0.08418 
v 0.00989 0.022163 0.0801678 
v 0.0101567 0.0135119 0.0841536 
v 0.0100246 0.0221568 0.0801546 
v 0.010285 0.0134936 0.0841145 
v 0.0101567 0.0221445 0.0801282 
v 0.0104078 0.0134696 0.084063 
v 0.010285 0.0221262 0.080089 
v 0.0105238 0.0134401 0.0839997 
v 0.0104078 0.0221022 0.0800375 
v 0.0106316 0.0134055 0.0839255 
v 0.0105238 0.0220727 0.0799743 
v 0.0107298 0.0133662 0.0838411 
v 0.0106316 0.0220381 0.0799001 
v 0.0108174 0.0133226 0.0837476 
v 0.0107298 0.0203221 0.0805975 
v 0.0108934 0.0132752 0.0836461 
v 0.0108174 0.0202785 0.0805041 
v 0.0109568 0.0132247 0.0835377 
v 0.0108934 0.0202312 0.0804025 
v 0.0110069 0.0131716 0.0834238 
v 0.0109568 0.0201806 0.0802941 
v 0.0110431 0.0131165 0.0833056 
v 0.0110069 0.0201275 0.0801802 
v 0.011065 0.01306 0.0831845 
v 0.0110431 0.0200724 0.080062 
v 0.0110723 0.0130029 0.0830621 
v 0.011065 0.0200159 0.0799409 
v 0.011065 0.0129458 0.0829396 
v 0.0110723 0.0199588 0.0798185 
v 0.0110431 0.0128893 0.0828185 
v 0.011065 0.0199017 0.079696 
v 0.0110069 0.0128342 0.0827003 
v 0.0110431 0.0198452 0.0795749 
v 0.0109568 0.0127811 0.0825864 
v 0.0110069 0.0197901 0.0794567 
v 0.0108934 0.0127305 0.082478 
v 0.0109568 0.019737 0.0793428 
v 0.0108174 0.0126832 0.0823765 
v 0.0108934 0.0196864 0.0792344 
v 0.0107298 0.0126396 0.082283 
v 0.0108174 0.0196391 0.0791329 
v 0.0106316 0.0126003 0.0821986 
v 0.0107298 0.0195955 0.0790394 
v 0.0105238 0.0125656 0.0821244 
v 0.0106316 0.0195562 0.078955 
v 0.0104078 0.0125362 0.0820611 
v 0.0105238 0.0195216 0.0788808 
v 0.010285 0.0125121 0.0820096 
v 0.0104078 0.0194921 0.0788175 
v 0.0101567 0.0124939 0.0819705 
v 0.010285 0.019468 0.078766 
v 0.0100246 0.0124816 0.0819441 
v 0.0101567 0.0194498 0.0787269 
v 0.00989 0.0124754 0.0819308 
v 0.0100246 0.0194375 0.0787005 
v 0.00975466 0.0124754 0.0819308 
v 0.00989 0.0194313 0.0786872 
v 0.0096201 0.0124816 0.0819441 
v 0.00975466 0.0194313 0.0786872 
v 0.00948792 0.0124939 0.0819705 
v 0.0096201 0.0194375 0.0787005 
v 0.00935966 0.0125121 0.0820096 
v 0.00948792 0.0194498 0.0787269 
v 0.00923682 0.0125362 0.0820611 
v 0.00935966 0.019468 0.078766 
v 0.00912085 0.0125656 0.0821244 
v 0.00923682 0.0194921 0.0788175 
v 0.0090131 0.0126003 0.0821986 
v 0.00912085 0.0195216 0.0788808 
v 0.00896082 0.019576 0.0789976 
v 0.0090131 0.0195562 0.078955 
v 0.00896082 0.0212527 0.0782158 
v 0.00730427 0.020392 0.07637 
v 0.00587042 0.0194627 0.074377 
v 0.00730427 0.0187154 0.0771519 
v 0.00467507 0.0184749 0.0722588 
v 0.00587042 0.017786 0.0751589 
v 0.0037314 0.0174396 0.0700386 
v 0.00467507 0.0167982 0.0730406 
v 0.00304981 0.0163682 0.0677409 
v 0.0037314 0.0157629 0.0708204 
v 0.00263783 0.0152725 0.0653912 
v 0.00304981 0.0146915 0.0685228 
v 0.0025 0.0141646 0.0630152 
v 0.00263783 0.0135958 0.066173 
v 0.00263783 0.0130566 0.0606393 
v 0.0025 0.0124879 0.0637971 
v 0.00304981 0.0119609 0.0582895 
v 0.00263783 0.01138 0.0614211 
v 0.0037314 0.0108895 0.0559919 
v 0.00304981 0.0102843 0.0590713 
v 0.00467507 0.00985422 0.0537716 
v 0.0037314 0.00921285 0.0567737 
v 0.00587042 0.00886645 0.0516534 
v 0.00467507 0.00817755 0.0545535 
v 0.00730427 0.0079371 0.0496604 
v 0.00587042 0.00718978 0.0524352 
v 0.00896082 0.00707642 0.0478146 
v 0.00730427 0.00626044 0.0504422 
v 0.00896082 0.00539975 0.0485965 
v 0.0105238 -0.00237617 0.0500816 
v 0.0106316 -0.00234155 0.0501558 
v 0.0106316 0.00629103 0.0461304 
v 0.0104078 -0.00240566 0.0500183 
v 0.0105238 0.00625641 0.0460561 
v 0.010285 -0.00242968 0.0499668 
v 0.0104078 0.00622692 0.0459929 
v 0.0101567 -0.00244794 0.0499276 
v 0.010285 0.0062029 0.0459414 
v 0.0100246 -0.00246024 0.0499013 
v 0.0101567 0.00618464 0.0459022 
v 0.00989 -0.00246642 0.049888 
v 0.0100246 0.00617234 0.0458758 
v 0.00975466 -0.00246642 0.049888 
v 0.00989 0.00616616 0.0458626 
v 0.0096201 -0.00246024 0.0499013 
v 0.00975466 0.00616616 0.0458626 
v 0.00948792 -0.00244794 0.0499276 
v 0.0096201 0.00617234 0.0458758 
v 0.00935966 -0.00242968 0.0499668 
v 0.00948792 0.00618464 0.0459022 
v 0.00923682 -0.00240566 0.0500183 
v 0.00935966 0.0062029 0.0459414 
v 0.00912085 -0.00237617 0.0500816 
v 0.00923682 0.00622692 0.0459929 
v 0.0090131 -0.00234155 0.0501558 
v 0.00912085 0.00625641 0.0460561 
v 0.00891484 -0.00230222 0.0502402 
v 0.0090131 0.00629103 0.0461304 
v 0.00882721 -0.00225862 0.0503336 
v 0.00891484 0.00633036 0.0462147 
v 0.00875126 -0.00221128 0.0504352 
v 0.00882721 0.00637396 0.0463082 
v 0.00868786 -0.00216074 0.0505436 
v 0.00875126 0.0064213 0.0464097 
v 0.00863776 -0.0021076 0.0506575 
v 0.00868786 0.00647184 0.0465181 
v 0.00860155 -0.00205249 0.0507757 
v 0.00863776 0.00652498 0.0466321 
v 0.00857966 -0.00199604 0.0508967 
v 0.00860155 0.00658009 0.0467503 
v 0.00857233 -0.00193892 0.0510192 
v 0.00857966 0.00663654 0.0468713 
v 0.00857966 -0.00188181 0.0511417 
v 0.00857233 0.00669366 0.0469938 
v 0.00860155 -0.00182536 0.0512628 
v 0.00857966 0.00675077 0.0471163 
v 0.00863776 -0.00177025 0.051381 
v 0.00860155 0.00680722 0.0472373 
v 0.00868786 -0.00171711 0.0514949 
v 0.00863776 0.00686234 0.0473555 
v 0.00875126 -0.00166657 0.0516033 
v 0.00868786 0.00691547 0.0474695 
v 0.00882721 -0.00161923 0.0517048 
v 0.00875126 0.00696601 0.0475779 
v 0.00891484 -0.00157563 0.0517983 
v 0.00882721 0.00701335 0.0476794 
v 0.0090131 -0.00153629 0.0518827 
v 0.00891484 0.00705695 0.0477729 
v 0.00912085 -0.00150168 0.0519569 
v 0.0090131 0.00541962 0.0486391 
v 0.00923682 -0.00147219 0.0520202 
v 0.00912085 0.00545423 0.0487133 
v 0.00935966 -0.00144817 0.0520717 
v 0.00923682 0.00548372 0.0487766 
v 0.00948792 -0.00142991 0.0521108 
v 0.00935966 0.00550774 0.0488281 
v 0.0096201 -0.00141761 0.0521372 
v 0.00948792 0.00552601 0.0488672 
v 0.00975466 -0.00141143 0.0521505 
v 0.0096201 0.0055383 0.0488936 
v 0.00989 -0.00141143 0.0521505 
v 0.00975466 0.00554449 0.0489069 
v 0.0100246 -0.00141761 0.0521372 
v 0.00989 0.00554449 0.0489069 
v 0.0101567 -0.00142991 0.0521108 
v 0.0100246 0.0055383 0.0488936 
v 0.010285 -0.00144817 0.0520717 
v 0.0101567 0.00552601 0.0488672 
v 0.0104078 -0.00147219 0.0520202 
v 0.010285 0.00550774 0.0488281 
v 0.0105238 -0.00150168 0.0519569 
v 0.0104078 0.00548372 0.0487766 
v 0.0106316 -0.00153629 0.0518827 
v 0.0105238 0.00545423 0.0487133 
v 0.0107298 -0.00157563 0.0517983 
v 0.0106316 0.00541962 0.0486391 
v 0.0108174 -0.00161923 0.0517048 
v 0.0107298 0.00538028 0.0485547 
v 0.0108934 -0.00166657 0.0516033 
v 0.0108174 0.00533668 0.0484612 
v 0.0109568 -0.00171711 0.0514949 
v 0.0108934 0.00528934 0.0483597 
v 0.0110069 -0.00177025 0.051381 
v 0.0109568 0.0052388 0.0482513 
v 0.0110431 -0.00182536 0.0512628 
v 0.0110069 0.00518567 0.0481374 
v 0.011065 -0.00188181 0.0511417 
v 0.0110431 0.00513055 0.0480192 
v 0.0110723 -0.00193892 0.0510192 
v 0.011065 0.0050741 0.0478981 
v 0.011065 -0.00199604 0.0508967 
v 0.0110723 0.00501699 0.0477756 
v 0.0110431 -0.00205249 0.0507757 
v 0.011065 0.00495987 0.0476532 
v 0.0110069 -0.0021076 0.0506575 
v 0.0110431 0.00490342 0.0475321 
v 0.0109568 -0.00216074 0.0505436 
v 0.0110069 0.00484831 0.0474139 
v 0.0108934 -0.00221128 0.0504352 
v 0.0109568 0.00479517 0.0473 
v 0.0108174 -0.00225862 0.0503336 
v 0.0108934 0.00474463 0.0471916 
v 0.0107298 -0.00230222 0.0502402 
v 0.0108174 0.00469729 0.04709 
v 0.010728 0.0046529 0.0469948 
v 0.0107298 0.00465369 0.0469966 
v 0.010728 0.00632957 0.046213 
v 0.0519502 0.0146915 0.0685228 
v 0.0453799 0.0055383 0.0488936 
v 0.0452453 0.00554449 0.0489069 
v 0.0455121 0.00552601 0.0488672 
v 0.0523622 0.0135958 0.066173 
v 0.0525 0.0124879 0.0637971 
v 0.0456403 0.00550774 0.0488281 
v 0.0523622 0.01138 0.0614211 
v 0.0519502 0.0102843 0.0590713 
v 0.0301216 0.00198069 0.0412643 
v 0.0439569 0.00490342 0.0475321 
v 0.0457632 0.00548372 0.0487766 
v 0.0512686 0.00921285 0.0567737 
v 0.0503249 0.00817755 0.0545535 
v 0.0448433 0.00552601 0.0488672 
v 0.044715 0.00550774 0.0488281 
v 0.04511 0.00554449 0.0489069 
v 0.0449754 0.0055383 0.0488936 
v 0.0503249 0.0167982 0.0730406 
v 0.0441066 0.00474463 0.0471916 
v 0.0441826 0.00469729 0.04709 
v 0.0400364 0.00334684 0.044194 
v 0.0440432 0.00479517 0.0473 
v 0.0352494 0.00244285 0.0422554 
v 0.0439931 0.00484831 0.0474139 
v 0.0275 0.00192244 0.0411394 
v 0.0248784 0.00198069 0.0412643 
v 0.0512686 0.0157629 0.0708204 
v 0.0458792 0.00545423 0.0487133 
v 0.0442702 0.00465369 0.0469966 
v 0.0422354 0.00395281 0.0454935 
v 0.0376991 0.00284166 0.0431106 
v 0.0327142 0.0021548 0.0416377 
v 0.0439277 0.00501699 0.0477756 
v 0.043935 0.00495987 0.0476532 
v 0.0491296 0.00718978 0.0524352 
v 0.0476957 0.00626044 0.0504422 
v 0.0476957 0.0187154 0.0771519 
v 0.0442702 0.00538028 0.0485547 
v 0.0441826 0.00533668 0.0484612 
v 0.0445922 0.00548372 0.0487766 
v 0.0444762 0.00545423 0.0487133 
v 0.0491296 0.017786 0.0751589 
v 0.0460392 0.00539975 0.0485965 
v 0.0459869 0.00541962 0.0486391 
v 0.0439569 0.00513055 0.0480192 
v 0.043935 0.0050741 0.0478981 
v 0.0440432 0.0052388 0.0482513 
v 0.0439931 0.00518567 0.0481374 
v 0.0443684 0.00541962 0.0486391 
v 0.044272 0.0046529 0.0469948 
v 0.0222858 0.0021548 0.0416377 
v 0.0197506 0.00244285 0.0422554 
v 0.0173009 0.00284166 0.0431106 
v 0.0149636 0.00334684 0.044194 
v 0.0127646 0.00395281 0.0454935 
v 0.0441066 0.00528934 0.0483597 
v 0.0464203 -0.00199604 0.0508967 
v 0.0464277 -0.00193892 0.0510192 
v 0.0464277 0.00669366 0.0469938 
v 0.0463984 -0.00205249 0.0507757 
v 0.0464203 0.00663654 0.0468713 
v 0.0463622 -0.0021076 0.0506575 
v 0.0463984 0.00658009 0.0467503 
v 0.0463121 -0.00216074 0.0505436 
v 0.0463622 0.00652498 0.0466321 
v 0.0462487 -0.00221128 0.0504352 
v 0.0463121 0.00647184 0.0465181 
v 0.0461728 -0.00225862 0.0503336 
v 0.0462487 0.0064213 0.0464097 
v 0.0460852 -0.00230222 0.0502402 
v 0.0461728 0.00637396 0.0463082 
v 0.0459869 -0.00234155 0.0501558 
v 0.0460852 0.00633036 0.0462147 
v 0.0458792 -0.00237617 0.0500816 
v 0.0459869 0.00629103 0.0461304 
v 0.0457632 -0.00240566 0.0500183 
v 0.0458792 0.00625641 0.0460561 
v 0.0456403 -0.00242968 0.0499668 
v 0.0457632 0.00622692 0.0459929 
v 0.0455121 -0.00244794 0.0499276 
v 0.0456403 0.0062029 0.0459414 
v 0.0453799 -0.00246024 0.0499013 
v 0.0455121 0.00618464 0.0459022 
v 0.0452453 -0.00246642 0.049888 
v 0.0453799 0.00617234 0.0458758 
v 0.04511 -0.00246642 0.049888 
v 0.0452453 0.00616616 0.0458626 
v 0.0449754 -0.00246024 0.0499013 
v 0.04511 0.00616616 0.0458626 
v 0.0448433 -0.00244794 0.0499276 
v 0.0449754 0.00617234 0.0458758 
v 0.044715 -0.00242968 0.0499668 
v 0.0448433 0.00618464 0.0459022 
v 0.0445922 -0.00240566 0.0500183 
v 0.044715 0.0062029 0.0459414 
v 0.0444762 -0.00237617 0.0500816 
v 0.0445922 0.00622692 0.0459929 
v 0.0443684 -0.00234155 0.0501558 
v 0.0444762 0.00625641 0.0460561 
v 0.0461728 -0.00161923 0.0517048 
v 0.0460852 -0.00157563 0.0517983 
v 0.0460852 0.00705695 0.0477729 
v 0.0462487 -0.00166657 0.0516033 
v 0.0461728 0.00701335 0.0476794 
v 0.0463121 -0.00171711 0.0514949 
v 0.0462487 0.00696601 0.0475779 
v 0.0463622 -0.00177025 0.051381 
v 0.0463121 0.00691547 0.0474695 
v 0.0463984 -0.00182536 0.0512628 
v 0.0463622 0.00686234 0.0473555 
v 0.0464203 -0.00188181 0.0511417 
v 0.0463984 0.00680722 0.0472373 
v 0.0464203 0.00675077 0.0471163 
v 0.0442702 -0.00230222 0.0502402 
v 0.0443684 0.00629103 0.0461304 
v 0.044272 0.00632957 0.046213 
v 0.0441826 -0.00225862 0.0503336 
v 0.0441066 -0.00221128 0.0504352 
v 0.0440638 -0.00217719 0.0505083 
v 0.0440432 -0.00216074 0.0505436 
v 0.0439931 -0.0021076 0.0506575 
v 0.0439569 -0.00205249 0.0507757 
v 0.043935 -0.00199604 0.0508967 
v 0.0439277 -0.00193892 0.0510192 
v 0.043935 -0.00188181 0.0511417 
v 0.0439569 -0.00182536 0.0512628 
v 0.0439931 -0.00177025 0.051381 
v 0.0440432 -0.00171711 0.0514949 
v 0.0441066 -0.00166657 0.0516033 
v 0.0440638 -0.00170066 0.0515302 
v 0.0441826 -0.00161923 0.0517048 
v 0.0442702 -0.00157563 0.0517983 
v 0.0443684 -0.00153629 0.0518827 
v 0.0444762 -0.00150168 0.0519569 
v 0.0445922 -0.00147219 0.0520202 
v 0.044715 -0.00144817 0.0520717 
v 0.0448433 -0.00142991 0.0521108 
v 0.0449754 -0.00141761 0.0521372 
v 0.04511 -0.00141143 0.0521505 
v 0.0452453 -0.00141143 0.0521505 
v 0.0453799 -0.00141761 0.0521372 
v 0.0455121 -0.00142991 0.0521108 
v 0.0456403 -0.00144817 0.0520717 
v 0.0457632 -0.00147219 0.0520202 
v 0.0458792 -0.00150168 0.0519569 
v 0.0459869 -0.00153629 0.0518827 
v 0.0460392 0.00707642 0.0478146 
v 0.0127646 0.00562948 0.0447117 
v 0.0149636 0.00502351 0.0434121 
v 0.0173009 0.00451833 0.0423288 
v 0.0197506 0.00411952 0.0414735 
v 0.0222858 0.00383147 0.0408558 
v 0.0248784 0.00365736 0.0404824 
v 0.0275 0.00359911 0.0403575 
v 0.0301216 0.00365736 0.0404824 
v 0.0327142 0.00383147 0.0408558 
v 0.0352494 0.00411952 0.0414735 
v 0.0376991 0.00451833 0.0423288 
v 0.0400364 0.00502351 0.0434121 
v 0.0422354 0.00562948 0.0447117 
v 0.0476957 0.0079371 0.0496604 
v 0.0491296 0.00886645 0.0516534 
v 0.0503249 0.00985422 0.0537716 
v 0.0512686 0.0108895 0.0559919 
v 0.0519502 0.0119609 0.0582895 
v 0.0523622 0.0130566 0.0606393 
v 0.0525 0.0141646 0.0630152 
v 0.0523622 0.0152725 0.0653912 
v 0.0519502 0.0163682 0.0677409 
v 0.0512686 0.0174396 0.0700386 
v 0.0503249 0.0184749 0.0722588 
v 0.0491296 0.0194627 0.074377 
v 0.0476957 0.020392 0.07637 
v 0.0469661 0.0254668 0.087253 
v 0.0466172 0.0254993 0.0873226 
v 0.0506273 0.0272884 0.0911594 
v 0.0507807 0.0266923 0.0898811 
v 0.0508 0.0268431 0.0902044 
v 0.0501271 0.0259991 0.0883945 
v 0.0496364 0.0257802 0.087925 
v 0.0498958 0.025884 0.0881477 
v 0.0487215 0.0255475 0.087426 
v 0.0490457 0.0256109 0.087562 
v 0.0480339 0.0282194 0.0931559 
v 0.0476787 0.0282357 0.0931909 
v 0.0483828 0.0281869 0.0930862 
v 0.050495 0.0274287 0.0914603 
v 0.0507228 0.0271429 0.0908474 
v 0.0507807 0.0269939 0.0905278 
v 0.050495 0.0262575 0.0889486 
v 0.0506273 0.0263978 0.0892495 
v 0.0493519 0.0256888 0.087729 
v 0.0462785 0.0255475 0.087426 
v 0.0456481 0.0256888 0.087729 
v 0.0459543 0.0256109 0.087562 
v 0.0442193 0.0269939 0.0905278 
v 0.044505 0.0274287 0.0914603 
v 0.0443727 0.0272884 0.0911594 
v 0.0487215 0.0281387 0.0929828 
v 0.0490457 0.0280753 0.0928469 
v 0.0493519 0.0279974 0.0926799 
v 0.0507228 0.0265433 0.0895615 
v 0.0503276 0.0261241 0.0886625 
v 0.0480339 0.0254668 0.087253 
v 0.0483828 0.0254993 0.0873226 
v 0.0473213 0.0254505 0.087218 
v 0.0442772 0.0271429 0.0908474 
v 0.0446724 0.0275621 0.0917464 
v 0.0459543 0.0280753 0.0928469 
v 0.0456481 0.0279974 0.0926799 
v 0.0473213 0.0282357 0.0931909 
v 0.0469661 0.0282194 0.0931559 
v 0.0501271 0.0276871 0.0920144 
v 0.0503276 0.0275621 0.0917464 
v 0.0476787 0.0254505 0.087218 
v 0.0451042 0.0278022 0.0922612 
v 0.0448729 0.0276871 0.0920144 
v 0.0462785 0.0281387 0.0929828 
v 0.0466172 0.0281869 0.0930862 
v 0.0496364 0.0279061 0.0924839 
v 0.0498958 0.0278022 0.0922612 
v 0.0453636 0.0279061 0.0924839 
v 0.0442 0.0268431 0.0902044 
v 0.0442193 0.0266923 0.0898811 
v 0.0443727 0.0263978 0.0892495 
v 0.044505 0.0262575 0.0889486 
v 0.0442772 0.0265433 0.0895615 
v 0.0446724 0.0261241 0.0886625 
v 0.0448729 0.0259991 0.0883945 
v 0.0451042 0.025884 0.0881477 
v 0.0453636 0.0257802 0.087925 
v 0.0508 0.00148602 0.035826 
v 0.0507807 0.00133523 0.0355026 
v 0.0490457 0.000253834 0.0331836 
v 0.0493519 0.000331687 0.0333505 
v 0.0487215 0.000190427 0.0330476 
v 0.0507228 0.00178582 0.0364689 
v 0.0506273 0.00193133 0.0367809 
v 0.0483828 0.00014221 0.0329442 
v 0.0480339 0.000109747 0.0328746 
v 0.0476787 9.34204e-05 0.0328395 
v 0.0456481 0.000331687 0.0333505 
v 0.0507807 0.0016368 0.0361493 
v 0.0507228 0.00118621 0.035183 
v 0.050495 0.000900421 0.0345702 
v 0.0506273 0.0010407 0.034871 
v 0.0466172 0.00014221 0.0329442 
v 0.0469661 0.000109747 0.0328746 
v 0.0453636 0.000423073 0.0335465 
v 0.044505 0.00207161 0.0370818 
v 0.0443727 0.00193133 0.0367809 
v 0.0459543 0.0027182 0.0384684 
v 0.0456481 0.00264034 0.0383014 
v 0.0483828 0.00282982 0.0387078 
v 0.0480339 0.00286228 0.0387774 
v 0.0490457 0.0027182 0.0384684 
v 0.0487215 0.0027816 0.0386044 
v 0.0496364 0.00254896 0.0381055 
v 0.0493519 0.00264034 0.0383014 
v 0.050495 0.00207161 0.0370818 
v 0.0503276 0.000767003 0.034284 
v 0.0501271 0.000642015 0.034016 
v 0.0498958 0.000526922 0.0337692 
v 0.0496364 0.000423073 0.0335465 
v 0.0473213 9.34204e-05 0.0328395 
v 0.0462785 0.000190427 0.0330476 
v 0.0459543 0.000253834 0.0331836 
v 0.0442772 0.00178582 0.0364689 
v 0.0442193 0.0016368 0.0361493 
v 0.0446724 0.00220503 0.0373679 
v 0.0451042 0.00244511 0.0378828 
v 0.0448729 0.00233002 0.0376359 
v 0.0453636 0.00254896 0.0381055 
v 0.0466172 0.00282982 0.0387078 
v 0.0462785 0.0027816 0.0386044 
v 0.0473213 0.00287861 0.0388124 
v 0.0469661 0.00286228 0.0387774 
v 0.0476787 0.00287861 0.0388124 
v 0.0498958 0.00244511 0.0378828 
v 0.0503276 0.00220503 0.0373679 
v 0.0501271 0.00233002 0.0376359 
v 0.0442772 0.00118621 0.035183 
v 0.0443727 0.0010407 0.034871 
v 0.0442 0.00148602 0.035826 
v 0.0442193 0.00133523 0.0355026 
v 0.0446724 0.000767003 0.034284 
v 0.0448729 0.000642015 0.034016 
v 0.044505 0.000900421 0.0345702 
v 0.0451042 0.000526922 0.0337692 
v 0.0107807 0.00133523 0.0355026 
v 0.00904575 0.000253834 0.0331836 
v 0.00935192 0.000331687 0.0333505 
v 0.0108 0.00148602 0.035826 
v 0.00872146 0.000190427 0.0330476 
v 0.00696612 0.000109747 0.0328746 
v 0.00732134 9.34204e-05 0.0328395 
v 0.00661716 0.00014221 0.0329442 
v 0.00564808 0.000331687 0.0333505 
v 0.00536363 0.000423073 0.0335465 
v 0.00437274 0.00193133 0.0367809 
v 0.0107228 0.00178582 0.0364689 
v 0.0106273 0.00193133 0.0367809 
v 0.0107807 0.0016368 0.0361493 
v 0.00838284 0.00014221 0.0329442 
v 0.00767866 9.34204e-05 0.0328395 
v 0.00803388 0.000109747 0.0328746 
v 0.00627854 0.000190427 0.0330476 
v 0.00595425 0.000253834 0.0331836 
v 0.00421934 0.0016368 0.0361493 
v 0.0042 0.00148602 0.035826 
v 0.004505 0.00207161 0.0370818 
v 0.00595425 0.0027182 0.0384684 
v 0.00564808 0.00264034 0.0383014 
v 0.00838284 0.00282982 0.0387078 
v 0.00803388 0.00286228 0.0387774 
v 0.00904575 0.0027182 0.0384684 
v 0.00872146 0.0027816 0.0386044 
v 0.00963637 0.00254896 0.0381055 
v 0.00935192 0.00264034 0.0383014 
v 0.010495 0.00207161 0.0370818 
v 0.0107228 0.00118621 0.035183 
v 0.010495 0.000900421 0.0345702 
v 0.0106273 0.0010407 0.034871 
v 0.00427715 0.00178582 0.0364689 
v 0.00467237 0.00220503 0.0373679 
v 0.00510421 0.00244511 0.0378828 
v 0.00487289 0.00233002 0.0376359 
v 0.00536363 0.00254896 0.0381055 
v 0.00661716 0.00282982 0.0387078 
v 0.00627854 0.0027816 0.0386044 
v 0.00732134 0.00287861 0.0388124 
v 0.00696612 0.00286228 0.0387774 
v 0.00767866 0.00287861 0.0388124 
v 0.00989579 0.00244511 0.0378828 
v 0.0103276 0.00220503 0.0373679 
v 0.0101271 0.00233002 0.0376359 
v 0.0103276 0.000767003 0.034284 
v 0.00989579 0.000526922 0.0337692 
v 0.0101271 0.000642015 0.034016 
v 0.00963637 0.000423073 0.0335465 
v 0.00437274 0.0010407 0.034871 
v 0.00487289 0.000642015 0.034016 
v 0.00467237 0.000767003 0.034284 
v 0.004505 0.000900421 0.0345702 
v 0.00427715 0.00118621 0.035183 
v 0.00421934 0.00133523 0.0355026 
v 0.00510421 0.000526922 0.0337692 
v 0.00803388 0.0254668 0.087253 
v 0.00838284 0.0254993 0.0873226 
v 0.0107807 0.0266923 0.0898811 
v 0.0108 0.0268431 0.0902044 
v 0.00963637 0.0257802 0.087925 
v 0.00989579 0.025884 0.0881477 
v 0.00872146 0.0255475 0.087426 
v 0.00904575 0.0256109 0.087562 
v 0.004505 0.0274287 0.0914603 
v 0.00437274 0.0272884 0.0911594 
v 0.0107228 0.0271429 0.0908474 
v 0.0106273 0.0272884 0.0911594 
v 0.0107807 0.0269939 0.0905278 
v 0.010495 0.0262575 0.0889486 
v 0.0106273 0.0263978 0.0892495 
v 0.0103276 0.0261241 0.0886625 
v 0.0101271 0.0259991 0.0883945 
v 0.00935192 0.0256888 0.087729 
v 0.00767866 0.0254505 0.087218 
v 0.00661716 0.0254993 0.0873226 
v 0.00696612 0.0254668 0.087253 
v 0.00421934 0.0269939 0.0905278 
v 0.00427715 0.0271429 0.0908474 
v 0.00467237 0.0275621 0.0917464 
v 0.00696612 0.0282194 0.0931559 
v 0.00732134 0.0282357 0.0931909 
v 0.00838284 0.0281869 0.0930862 
v 0.00803388 0.0282194 0.0931559 
v 0.00935192 0.0279974 0.0926799 
v 0.010495 0.0274287 0.0914603 
v 0.0107228 0.0265433 0.0895615 
v 0.00627854 0.0255475 0.087426 
v 0.00564808 0.0256888 0.087729 
v 0.00595425 0.0256109 0.087562 
v 0.00487289 0.0276871 0.0920144 
v 0.00510421 0.0278022 0.0922612 
v 0.00595425 0.0280753 0.0928469 
v 0.00564808 0.0279974 0.0926799 
v 0.00627854 0.0281387 0.0929828 
v 0.00661716 0.0281869 0.0930862 
v 0.00872146 0.0281387 0.0929828 
v 0.00904575 0.0280753 0.0928469 
v 0.00732134 0.0254505 0.087218 
v 0.00536363 0.0279061 0.0924839 
v 0.00767866 0.0282357 0.0931909 
v 0.0103276 0.0275621 0.0917464 
v 0.0101271 0.0276871 0.0920144 
v 0.004505 0.0262575 0.0889486 
v 0.00989579 0.0278022 0.0922612 
v 0.00963637 0.0279061 0.0924839 
v 0.00437274 0.0263978 0.0892495 
v 0.0042 0.0268431 0.0902044 
v 0.00467237 0.0261241 0.0886625 
v 0.00427715 0.0265433 0.0895615 
v 0.00421934 0.0266923 0.0898811 
v 0.00510421 0.025884 0.0881477 
v 0.00536363 0.0257802 0.087925 
v 0.00487289 0.0259991 0.0883945 
v 0.0275 0.00323988 0.0395872 
v 0.0442 -0.00714657 0.0398514 
v 0.0442193 -0.00729735 0.039528 
v 0.0442772 -0.00684676 0.0404943 
v 0.0443727 -0.00670126 0.0408064 
v 0.0442193 -0.00699578 0.0401748 
v 0.0453636 -0.00608362 0.0421309 
v 0.0456481 -0.00599224 0.0423269 
v 0.044505 -0.00656097 0.0411072 
v 0.0442772 -0.00744637 0.0392085 
v 0.044505 -0.00773216 0.0385956 
v 0.0443727 -0.00759188 0.0388964 
v 0.0480339 -0.0057703 0.0428028 
v 0.0483828 -0.00580276 0.0427332 
v 0.0469661 -0.0057703 0.0428028 
v 0.0451042 -0.00618747 0.0419082 
v 0.0446724 -0.00642755 0.0413933 
v 0.0448729 -0.00630257 0.0416614 
v 0.0446724 -0.00786558 0.0383095 
v 0.0459543 -0.00837875 0.037209 
v 0.0456481 -0.00830089 0.0373759 
v 0.0469661 -0.00852283 0.0369 
v 0.0466172 -0.00849037 0.0369696 
v 0.0473213 -0.00853916 0.036865 
v 0.0476787 -0.00575397 0.0428378 
v 0.0466172 -0.00580276 0.0427332 
v 0.0459543 -0.00591438 0.0424938 
v 0.0462785 -0.00585098 0.0426298 
v 0.0451042 -0.00810566 0.0377946 
v 0.0448729 -0.00799057 0.0380414 
v 0.0462785 -0.00844215 0.037073 
v 0.0473213 -0.00575397 0.0428378 
v 0.0453636 -0.00820951 0.0375719 
v 0.0483828 -0.00849037 0.0369696 
v 0.0480339 -0.00852283 0.0369 
v 0.0476787 -0.00853916 0.036865 
v 0.0486138 -0.00845748 0.0370401 
v 0.0107807 -0.00699578 0.0401748 
v 0.0108 -0.00714657 0.0398514 
v 0.00696612 -0.00852283 0.0369 
v 0.00661716 -0.00849037 0.0369696 
v 0.00872146 -0.00844215 0.037073 
v 0.00935192 -0.00830089 0.0373759 
v 0.00904575 -0.00837875 0.037209 
v 0.00732134 -0.00853916 0.036865 
v 0.00838284 -0.00849037 0.0369696 
v 0.00803388 -0.00852283 0.0369 
v 0.0107228 -0.00744637 0.0392085 
v 0.0106273 -0.00759188 0.0388964 
v 0.0107807 -0.00729735 0.039528 
v 0.00872146 -0.00585098 0.0426298 
v 0.00767866 -0.00853916 0.036865 
v 0.00989579 -0.00810566 0.0377946 
v 0.00963637 -0.00820951 0.0375719 
v 0.0103276 -0.00786558 0.0383095 
v 0.0101271 -0.00799057 0.0380414 
v 0.010495 -0.00773216 0.0385956 
v 0.0107228 -0.00684676 0.0404943 
v 0.010495 -0.00656097 0.0411072 
v 0.0106273 -0.00670126 0.0408064 
v 0.00838284 -0.00580276 0.0427332 
v 0.0103276 -0.00642755 0.0413933 
v 0.00904575 -0.00591438 0.0424938 
v 0.00935192 -0.00599224 0.0423269 
v 0.00803388 -0.0057703 0.0428028 
v 0.00989579 -0.00618747 0.0419082 
v 0.0101271 -0.00630257 0.0416614 
v 0.00963637 -0.00608362 0.0421309 
v 0.00767866 -0.00575397 0.0428378 
v 0.00638617 -0.00583565 0.0426627 
v 0.00661716 -0.00580276 0.0427332 
v 0.00732134 -0.00575397 0.0428378 
v 0.00696612 -0.0057703 0.0428028 
v 0.0490457 0.0169783 0.0915875 
v 0.0493519 0.0170562 0.0917544 
v 0.0501271 0.0173665 0.0924199 
v 0.0498958 0.0172514 0.0921731 
v 0.0506273 0.0177652 0.0932749 
v 0.050495 0.0176249 0.0929741 
v 0.0508 0.0182105 0.0942299 
v 0.0507807 0.0183613 0.0945532 
v 0.0496364 0.0171476 0.0919504 
v 0.0503276 0.0174915 0.092688 
v 0.0507228 0.0179107 0.0935869 
v 0.0507807 0.0180597 0.0939065 
v 0.0507228 0.0185103 0.0948728 
v 0.050495 0.0187961 0.0954857 
v 0.0506273 0.0186558 0.0951849 
v 0.0503276 0.0189295 0.0957718 
v 0.0486138 0.0195214 0.0970411 
v 0.0501271 0.0190545 0.0960398 
v 0.0498958 0.0191696 0.0962867 
v 0.0487215 0.0195061 0.0970083 
v 0.0496364 0.0192735 0.0965094 
v 0.0493519 0.0193649 0.0967053 
v 0.0490457 0.0194427 0.0968723 
v 0.0487215 0.0169149 0.0914515 
v 0.0442193 0.0180597 0.0939065 
v 0.0442 0.0182105 0.0942299 
v 0.0442772 0.0185103 0.0948728 
v 0.0443727 0.0186558 0.0951849 
v 0.0442193 0.0183613 0.0945532 
v 0.044505 0.0187961 0.0954857 
v 0.0442772 0.0179107 0.0935869 
v 0.044505 0.0176249 0.0929741 
v 0.0443727 0.0177652 0.0932749 
v 0.0446724 0.0174915 0.092688 
v 0.0466172 0.0195543 0.0971117 
v 0.0446724 0.0189295 0.0957718 
v 0.0448729 0.0190545 0.0960398 
v 0.0480339 0.0195868 0.0971813 
v 0.0483828 0.0195543 0.0971117 
v 0.0476787 0.0196031 0.0972163 
v 0.0469661 0.0195868 0.0971813 
v 0.0451042 0.0172514 0.0921731 
v 0.0448729 0.0173665 0.0924199 
v 0.0469661 0.0168343 0.0912785 
v 0.0466172 0.0168667 0.0913481 
v 0.0473213 0.0168179 0.0912435 
v 0.0473213 0.0196031 0.0972163 
v 0.0462785 0.0195061 0.0970083 
v 0.0456481 0.0193649 0.0967053 
v 0.0459543 0.0194427 0.0968723 
v 0.0456481 0.0170562 0.0917544 
v 0.0453636 0.0171476 0.0919504 
v 0.0462785 0.0169149 0.0914515 
v 0.0459543 0.0169783 0.0915875 
v 0.0451042 0.0191696 0.0962867 
v 0.0453636 0.0192735 0.0965094 
v 0.0483828 0.0168667 0.0913481 
v 0.0480339 0.0168343 0.0912785 
v 0.0476787 0.0168179 0.0912435 
v 0.0486138 0.0168996 0.0914186 
v 0.00904575 0.0169783 0.0915875 
v 0.00872146 0.0169149 0.0914515 
v 0.00935192 0.0170562 0.0917544 
v 0.0101271 0.0173665 0.0924199 
v 0.00989579 0.0172514 0.0921731 
v 0.0107807 0.0183613 0.0945532 
v 0.0108 0.0182105 0.0942299 
v 0.00963637 0.0171476 0.0919504 
v 0.0103276 0.0174915 0.092688 
v 0.0107228 0.0179107 0.0935869 
v 0.0106273 0.0177652 0.0932749 
v 0.010495 0.0176249 0.0929741 
v 0.0107807 0.0180597 0.0939065 
v 0.0107228 0.0185103 0.0948728 
v 0.010495 0.0187961 0.0954857 
v 0.0106273 0.0186558 0.0951849 
v 0.00696612 0.0168343 0.0912785 
v 0.00661716 0.0168667 0.0913481 
v 0.0103276 0.0189295 0.0957718 
v 0.00904575 0.0194427 0.0968723 
v 0.00935192 0.0193649 0.0967053 
v 0.00803388 0.0195868 0.0971813 
v 0.00838284 0.0195543 0.0971117 
v 0.00732134 0.0168179 0.0912435 
v 0.00838284 0.0168667 0.0913481 
v 0.00989579 0.0191696 0.0962867 
v 0.0101271 0.0190545 0.0960398 
v 0.00872146 0.0195061 0.0970083 
v 0.00767866 0.0196031 0.0972163 
v 0.00767866 0.0168179 0.0912435 
v 0.00803388 0.0168343 0.0912785 
v 0.00963637 0.0192735 0.0965094 
v 0.00732134 0.0196031 0.0972163 
v 0.00696612 0.0195868 0.0971813 
v 0.00638617 0.0195214 0.0970411 
v 0.00661716 0.0195543 0.0971117 
v 0.0042 0.0182105 0.0942299 
v 0.00421934 0.0183613 0.0945532 
v 0.00421934 0.0180597 0.0939065 
v 0.00437274 0.0186558 0.0951849 
v 0.00427715 0.0185103 0.0948728 
v 0.004505 0.0187961 0.0954857 
v 0.004505 0.0176249 0.0929741 
v 0.00427715 0.0179107 0.0935869 
v 0.00437274 0.0177652 0.0932749 
v 0.00487289 0.0190545 0.0960398 
v 0.00467237 0.0189295 0.0957718 
v 0.00467237 0.0174915 0.092688 
v 0.00627854 0.0195061 0.0970083 
v 0.00510421 0.0172514 0.0921731 
v 0.00487289 0.0173665 0.0924199 
v 0.00595425 0.0194427 0.0968723 
v 0.00536363 0.0192735 0.0965094 
v 0.00510421 0.0191696 0.0962867 
v 0.00564808 0.0170562 0.0917544 
v 0.00536363 0.0171476 0.0919504 
v 0.00564808 0.0193649 0.0967053 
v 0.00627854 0.0169149 0.0914515 
v 0.00595425 0.0169783 0.0915875 
v 0.00638617 0.0168996 0.0914186 
v 0.0042 -0.00714657 0.0398514 
v 0.00421934 -0.00729735 0.039528 
v 0.00437274 -0.00670126 0.0408064 
v 0.004505 -0.00656097 0.0411072 
v 0.00427715 -0.00684676 0.0404943 
v 0.00421934 -0.00699578 0.0401748 
v 0.00427715 -0.00744637 0.0392085 
v 0.004505 -0.00773216 0.0385956 
v 0.00437274 -0.00759188 0.0388964 
v 0.00536363 -0.00608362 0.0421309 
v 0.00564808 -0.00599224 0.0423269 
v 0.00467237 -0.00786558 0.0383095 
v 0.00510421 -0.00618747 0.0419082 
v 0.00467237 -0.00642755 0.0413933 
v 0.00487289 -0.00630257 0.0416614 
v 0.00487289 -0.00799057 0.0380414 
v 0.00510421 -0.00810566 0.0377946 
v 0.00536363 -0.00820951 0.0375719 
v 0.00595425 -0.00591438 0.0424938 
v 0.00627854 -0.00844215 0.037073 
v 0.00595425 -0.00837875 0.037209 
v 0.00627854 -0.00585098 0.0426298 
v 0.00564808 -0.00830089 0.0373759 
v 0.00638617 -0.00845748 0.0370401 
v 0.0508 -0.00714657 0.0398514 
v 0.0507807 -0.00729735 0.039528 
v 0.0507807 -0.00699578 0.0401748 
v 0.0506273 -0.00759188 0.0388964 
v 0.0507228 -0.00744637 0.0392085 
v 0.0490457 -0.00837875 0.037209 
v 0.0498958 -0.00810566 0.0377946 
v 0.0501271 -0.00799057 0.0380414 
v 0.0503276 -0.00786558 0.0383095 
v 0.050495 -0.00773216 0.0385956 
v 0.050495 -0.00656097 0.0411072 
v 0.0487215 -0.00844215 0.037073 
v 0.0496364 -0.00820951 0.0375719 
v 0.0507228 -0.00684676 0.0404943 
v 0.0506273 -0.00670126 0.0408064 
v 0.0493519 -0.00830089 0.0373759 
v 0.0503276 -0.00642755 0.0413933 
v 0.0490457 -0.00591438 0.0424938 
v 0.0493519 -0.00599224 0.0423269 
v 0.0498958 -0.00618747 0.0419082 
v 0.0501271 -0.00630257 0.0416614 
v 0.0496364 -0.00608362 0.0421309 
v 0.0487215 -0.00585098 0.0426298 
v 0.0486138 -0.00583565 0.0426627 
v 0.0275 -0.0094287 0.0349574 
v 0.0275 -0.00410956 0.0463643 
v 0.0440638 -0.0094287 0.0349574 
v 0.00638617 -0.00410956 0.0463643 
v 0.0275 0.00553198 0.0670406 
v 0.00638617 0.00553198 0.0670406 
v 0.0486138 0.00553198 0.0670406 
v 0.0486138 -0.00410956 0.0463643 
v 0.0275 0.0151735 0.087717 
v 0.00638617 0.0151735 0.087717 
v 0.0486138 0.0151735 0.087717 
v 0.0440638 0.0151735 0.087717 
v 0.0440638 -0.00410956 0.0463643 
v 0.0486138 -0.0094287 0.0349574 
v 0.00638617 -0.0094287 0.0349574 
v 0.0440638 0.00553198 0.0670406 
vn -4.93038e-32 0.422618 0.906308 
vn 0.108119 -0.900995 0.420141 
vn -4.01398e-17 -0.906308 0.422618 
vn 0.21497 -0.885119 0.412738 
vn 0.108119 -0.900995 0.420141 
vn 0.319302 -0.858865 0.400496 
vn 0.21497 -0.885119 0.412738 
vn 0.419889 -0.822543 0.383558 
vn 0.319302 -0.858865 0.400496 
vn 0.515554 -0.776576 0.362123 
vn 0.419889 -0.822543 0.383558 
vn 0.605174 -0.721505 0.336443 
vn 0.515554 -0.776576 0.362123 
vn 0.687699 -0.657975 0.306819 
vn 0.605174 -0.721505 0.336443 
vn 0.762162 -0.586731 0.273597 
vn 0.687699 -0.657975 0.306819 
vn 0.827689 -0.508608 0.237168 
vn 0.762162 -0.586731 0.273597 
vn 0.883512 -0.424522 0.197958 
vn 0.827689 -0.508608 0.237168 
vn 0.928977 -0.335459 0.156427 
vn 0.883512 -0.424522 0.197958 
vn 0.96355 -0.242463 0.113062 
vn 0.928977 -0.335459 0.156427 
vn 0.986827 -0.146624 0.068372 
vn 0.96355 -0.242463 0.113062 
vn 0.998533 -0.0490665 0.0228801 
vn 0.986827 -0.146624 0.068372 
vn 0.998533 0.0490665 -0.0228801 
vn 0.998533 -0.0490665 0.0228801 
vn 0.986827 0.146624 -0.068372 
vn 0.998533 0.0490665 -0.0228801 
vn 0.96355 0.242463 -0.113062 
vn 0.986827 0.146624 -0.068372 
vn 0.928977 0.335459 -0.156427 
vn 0.96355 0.242463 -0.113062 
vn 0.883512 0.424522 -0.197958 
vn 0.928977 0.335459 -0.156427 
vn 0.827689 0.508608 -0.237168 
vn 0.883512 0.424522 -0.197958 
vn 0.762162 0.586731 -0.273597 
vn 0.827689 0.508608 -0.237168 
vn 0.687699 0.657975 -0.306819 
vn 0.762162 0.586731 -0.273597 
vn 0.605174 0.721505 -0.336443 
vn 0.687699 0.657975 -0.306819 
vn 0.515554 0.776576 -0.362123 
vn 0.605174 0.721505 -0.336443 
vn 0.419889 0.822543 -0.383558 
vn 0.515554 0.776576 -0.362123 
vn 0.319302 0.858865 -0.400496 
vn 0.419889 0.822543 -0.383558 
vn 0.21497 0.885119 -0.412738 
vn 0.319302 0.858865 -0.400496 
vn 0.108119 0.900995 -0.420141 
vn 0.21497 0.885119 -0.412738 
vn -8.23249e-17 0.906308 -0.422618 
vn 0.108119 0.900995 -0.420141 
vn -0.108119 0.900995 -0.420141 
vn -8.23249e-17 0.906308 -0.422618 
vn -0.21497 0.885119 -0.412738 
vn -0.108119 0.900995 -0.420141 
vn -0.319302 0.858865 -0.400496 
vn -0.21497 0.885119 -0.412738 
vn -0.419889 0.822543 -0.383558 
vn -0.319302 0.858865 -0.400496 
vn -0.515554 0.776576 -0.362123 
vn -0.419889 0.822543 -0.383558 
vn -0.605174 0.721505 -0.336443 
vn -0.515554 0.776576 -0.362123 
vn -0.687699 0.657975 -0.306819 
vn -0.605174 0.721505 -0.336443 
vn -0.762162 0.586731 -0.273597 
vn -0.687699 0.657975 -0.306819 
vn -0.827689 0.508608 -0.237168 
vn -0.762162 0.586731 -0.273597 
vn -0.883512 0.424522 -0.197958 
vn -0.827689 0.508608 -0.237168 
vn -0.928977 0.335459 -0.156427 
vn -0.883512 0.424522 -0.197958 
vn -0.96355 0.242463 -0.113062 
vn -0.928977 0.335459 -0.156427 
vn -0.986827 0.146624 -0.068372 
vn -0.96355 0.242463 -0.113062 
vn -0.998533 0.0490665 -0.0228801 
vn -0.986827 0.146624 -0.068372 
vn -0.998533 -0.0490665 0.0228801 
vn -0.998533 0.0490665 -0.0228801 
vn -0.986827 -0.146624 0.068372 
vn -0.998533 -0.0490665 0.0228801 
vn -0.96355 -0.242463 0.113062 
vn -0.986827 -0.146624 0.068372 
vn -0.928977 -0.335459 0.156427 
vn -0.96355 -0.242463 0.113062 
vn -0.883512 -0.424522 0.197958 
vn -0.928977 -0.335459 0.156427 
vn -0.827689 -0.508608 0.237168 
vn -0.883512 -0.424522 0.197958 
vn -0.762162 -0.586731 0.273597 
vn -0.827689 -0.508608 0.237168 
vn -0.687699 -0.657975 0.306819 
vn -0.762162 -0.586731 0.273597 
vn -0.605174 -0.721505 0.336443 
vn -0.687699 -0.657975 0.306819 
vn -0.515554 -0.776576 0.362123 
vn -0.605174 -0.721505 0.336443 
vn -0.419889 -0.822543 0.383558 
vn -0.515554 -0.776576 0.362123 
vn -0.319302 -0.858865 0.400496 
vn -0.419889 -0.822543 0.383558 
vn -0.21497 -0.885119 0.412738 
vn -0.319302 -0.858865 0.400496 
vn -0.108119 -0.900995 0.420141 
vn -0.21497 -0.885119 0.412738 
vn -4.93038e-32 0.422618 0.906308 
vn 0.104528 0.420303 0.901343 
vn 0.201792 0.413924 0.887664 
vn 0.207912 0.413383 0.886503 
vn 0.309017 0.401934 0.86195 
vn 0.406737 0.386081 0.827953 
vn 0.5 0.365998 0.784886 
vn 0.587785 0.341905 0.733218 
vn 0.669131 0.314067 0.673518 
vn 0.743145 0.282787 0.606438 
vn 0.809017 0.248409 0.532714 
vn 0.866025 0.211309 0.453154 
vn 0.913545 0.171894 0.368629 
vn 0.951057 0.130596 0.280065 
vn 0.978148 0.0878673 0.188432 
vn 0.994522 0.0441756 0.094735 
vn 1 -5.03102e-17 2.346e-17 
vn -4.93038e-32 0.422618 0.906308 
vn -0.104528 0.420303 0.901343 
vn -0.207912 0.413383 0.886503 
vn -0.201792 0.413924 0.887664 
vn -0.309017 0.401934 0.86195 
vn -0.406737 0.386081 0.827953 
vn -0.5 0.365998 0.784886 
vn -0.587785 0.341905 0.733218 
vn -0.669131 0.314067 0.673518 
vn -0.743145 0.282787 0.606438 
vn -0.809017 0.248409 0.532714 
vn -0.866025 0.211309 0.453154 
vn -0.913545 0.171894 0.368629 
vn -0.951057 0.130596 0.280065 
vn -0.978148 0.0878673 0.188432 
vn -0.994522 0.0441756 0.094735 
vn -1 5.03102e-17 -2.346e-17 
vn -0.104528 0.420303 0.901343 
vn 4.93038e-32 -0.422618 -0.906308 
vn -0.104528 -0.420303 -0.901343 
vn -0.201792 -0.413924 -0.887664 
vn -0.207912 -0.413383 -0.886503 
vn -0.309017 -0.401934 -0.86195 
vn -0.406737 -0.386081 -0.827953 
vn -0.5 -0.365998 -0.784886 
vn -0.587785 -0.341905 -0.733218 
vn -0.669131 -0.314067 -0.673518 
vn -0.743145 -0.282787 -0.606438 
vn -0.675036 -0.311801 -0.66866 
vn -0.809017 -0.248409 -0.532714 
vn -0.866025 -0.211309 -0.453154 
vn -0.913545 -0.171894 -0.368629 
vn -0.951057 -0.130596 -0.280065 
vn -0.978148 -0.0878673 -0.188432 
vn -0.994522 -0.0441756 -0.094735 
vn -1 5.03102e-17 -2.346e-17 
vn 4.93038e-32 -0.422618 -0.906308 
vn 0.104528 -0.420303 -0.901343 
vn 0.207912 -0.413383 -0.886503 
vn 0.201792 -0.413924 -0.887664 
vn 0.309017 -0.401934 -0.86195 
vn 0.406737 -0.386081 -0.827953 
vn 0.5 -0.365998 -0.784886 
vn 0.587785 -0.341905 -0.733218 
vn 0.669131 -0.314067 -0.673518 
vn 0.743145 -0.282787 -0.606438 
vn 0.675036 -0.311801 -0.66866 
vn 0.809017 -0.248409 -0.532714 
vn 0.866025 -0.211309 -0.453154 
vn 0.913545 -0.171894 -0.368629 
vn 0.951057 -0.130596 -0.280065 
vn 0.978148 -0.0878673 -0.188432 
vn 0.994522 -0.0441756 -0.094735 
vn 1 -5.03102e-17 2.346e-17 
vn 0.669131 -0.314067 -0.673518 
vn 0.104528 -0.420303 -0.901343 
vn 1 -5.03102e-17 2.346e-17 
vn -4.33987e-18 0.322152 0.946688 
vn -4.93038e-32 0.422618 0.906308 
vn -8.62887e-18 0.217908 0.975969 
vn -4.33987e-18 0.322152 0.946688 
vn -1.28167e-17 0.11111 0.993808 
vn -8.62887e-18 0.217908 0.975969 
vn -1.68543e-17 0.00300918 0.999995 
vn -1.28167e-17 0.11111 0.993808 
vn -2.06942e-17 -0.105127 0.994459 
vn -1.68543e-17 0.00300918 0.999995 
vn -2.42916e-17 -0.212031 0.977263 
vn -2.06942e-17 -0.105127 0.994459 
vn -2.76041e-17 -0.316448 0.94861 
vn -2.42916e-17 -0.212031 0.977263 
vn -3.0593e-17 -0.417156 0.908835 
vn -2.76041e-17 -0.316448 0.94861 
vn -3.32233e-17 -0.512973 0.858405 
vn -3.0593e-17 -0.417156 0.908835 
vn -3.5464e-17 -0.602776 0.797911 
vn -3.32233e-17 -0.512973 0.858405 
vn -3.72889e-17 -0.685512 0.728062 
vn -3.5464e-17 -0.602776 0.797911 
vn -3.86767e-17 -0.760211 0.649677 
vn -3.72889e-17 -0.685512 0.728062 
vn -3.9611e-17 -0.825997 0.563675 
vn -3.86767e-17 -0.760211 0.649677 
vn -4.00809e-17 -0.882099 0.471065 
vn -3.9611e-17 -0.825997 0.563675 
vn -4.00809e-17 -0.927859 0.372932 
vn -4.00809e-17 -0.882099 0.471065 
vn -3.9611e-17 -0.962741 0.270427 
vn -4.00809e-17 -0.927859 0.372932 
vn -3.86767e-17 -0.986335 0.164751 
vn -3.9611e-17 -0.962741 0.270427 
vn -3.72889e-17 -0.998366 0.0571434 
vn -3.86767e-17 -0.986335 0.164751 
vn -3.5464e-17 -0.998692 -0.0511339 
vn -3.72889e-17 -0.998366 0.0571434 
vn -3.32233e-17 -0.987309 -0.158812 
vn -3.5464e-17 -0.998692 -0.0511339 
vn -3.0593e-17 -0.964351 -0.264628 
vn -3.32233e-17 -0.987309 -0.158812 
vn -2.76041e-17 -0.930086 -0.367341 
vn -3.0593e-17 -0.964351 -0.264628 
vn -2.42916e-17 -0.884918 -0.465748 
vn -2.76041e-17 -0.930086 -0.367341 
vn -2.06942e-17 -0.829374 -0.558694 
vn -2.42916e-17 -0.884918 -0.465748 
vn -1.68543e-17 -0.764107 -0.64509 
vn -2.06942e-17 -0.829374 -0.558694 
vn -1.28167e-17 -0.689881 -0.723923 
vn -1.68543e-17 -0.764107 -0.64509 
vn -8.62887e-18 -0.607567 -0.794268 
vn -1.28167e-17 -0.689881 -0.723923 
vn -4.33987e-18 -0.51813 -0.855302 
vn -8.62887e-18 -0.607567 -0.794268 
vn 5.42195e-32 -0.422618 -0.906308 
vn -4.33987e-18 -0.51813 -0.855302 
vn 4.33987e-18 -0.322152 -0.946688 
vn 5.42195e-32 -0.422618 -0.906308 
vn 8.62887e-18 -0.217908 -0.975969 
vn 4.33987e-18 -0.322152 -0.946688 
vn 1.28167e-17 -0.11111 -0.993808 
vn 8.62887e-18 -0.217908 -0.975969 
vn 1.68543e-17 -0.00300918 -0.999995 
vn 1.28167e-17 -0.11111 -0.993808 
vn 2.06942e-17 0.105127 -0.994459 
vn 1.68543e-17 -0.00300918 -0.999995 
vn 2.42916e-17 0.212031 -0.977263 
vn 2.06942e-17 0.105127 -0.994459 
vn 2.76041e-17 0.316448 -0.94861 
vn 2.42916e-17 0.212031 -0.977263 
vn 3.0593e-17 0.417156 -0.908835 
vn 2.76041e-17 0.316448 -0.94861 
vn 3.32233e-17 0.512973 -0.858405 
vn 3.0593e-17 0.417156 -0.908835 
vn 3.5464e-17 0.602776 -0.797911 
vn 3.32233e-17 0.512973 -0.858405 
vn 3.72889e-17 0.685512 -0.728062 
vn 3.5464e-17 0.602776 -0.797911 
vn 3.86767e-17 0.760211 -0.649677 
vn 3.72889e-17 0.685512 -0.728062 
vn 3.9611e-17 0.825997 -0.563675 
vn 3.86767e-17 0.760211 -0.649677 
vn 4.00809e-17 0.882099 -0.471065 
vn 3.9611e-17 0.825997 -0.563675 
vn 4.00809e-17 0.927859 -0.372932 
vn 4.00809e-17 0.882099 -0.471065 
vn 3.9611e-17 0.962741 -0.270427 
vn 4.00809e-17 0.927859 -0.372932 
vn 3.86767e-17 0.986335 -0.164751 
vn 3.9611e-17 0.962741 -0.270427 
vn 3.72889e-17 0.998366 -0.0571434 
vn 3.86767e-17 0.986335 -0.164751 
vn 3.5464e-17 0.998692 0.0511339 
vn 3.72889e-17 0.998366 -0.0571434 
vn 3.32233e-17 0.987309 0.158812 
vn 3.5464e-17 0.998692 0.0511339 
vn 3.0593e-17 0.964351 0.264628 
vn 3.32233e-17 0.987309 0.158812 
vn 2.76041e-17 0.930086 0.367341 
vn 3.0593e-17 0.964351 0.264628 
vn 2.42916e-17 0.884918 0.465748 
vn 2.76041e-17 0.930086 0.367341 
vn 2.06942e-17 0.829374 0.558694 
vn 2.42916e-17 0.884918 0.465748 
vn 1.68543e-17 0.764107 0.64509 
vn 2.06942e-17 0.829374 0.558694 
vn 1.28167e-17 0.689881 0.723923 
vn 1.68543e-17 0.764107 0.64509 
vn 8.62887e-18 0.607567 0.794268 
vn 1.28167e-17 0.689881 0.723923 
vn 4.33987e-18 0.51813 0.855302 
vn 8.62887e-18 0.607567 0.794268 
vn 1 -5.03102e-17 2.346e-17 
vn -4.33987e-18 0.322152 0.946688 
vn -4.93038e-32 0.422618 0.906308 
vn -8.62887e-18 0.217908 0.975969 
vn -4.33987e-18 0.322152 0.946688 
vn -1.28167e-17 0.11111 0.993808 
vn -8.62887e-18 0.217908 0.975969 
vn -1.68543e-17 0.00300918 0.999995 
vn -1.28167e-17 0.11111 0.993808 
vn -2.06942e-17 -0.105127 0.994459 
vn -1.68543e-17 0.00300918 0.999995 
vn -2.42916e-17 -0.212031 0.977263 
vn -2.06942e-17 -0.105127 0.994459 
vn -2.76041e-17 -0.316448 0.94861 
vn -2.42916e-17 -0.212031 0.977263 
vn -3.0593e-17 -0.417156 0.908835 
vn -2.76041e-17 -0.316448 0.94861 
vn -3.32233e-17 -0.512973 0.858405 
vn -3.0593e-17 -0.417156 0.908835 
vn -3.5464e-17 -0.602776 0.797911 
vn -3.32233e-17 -0.512973 0.858405 
vn -3.72889e-17 -0.685512 0.728062 
vn -3.5464e-17 -0.602776 0.797911 
vn -3.86767e-17 -0.760211 0.649677 
vn -3.72889e-17 -0.685512 0.728062 
vn -3.9611e-17 -0.825997 0.563675 
vn -3.86767e-17 -0.760211 0.649677 
vn -4.00809e-17 -0.882099 0.471065 
vn -3.9611e-17 -0.825997 0.563675 
vn -4.00809e-17 -0.927859 0.372932 
vn -4.00809e-17 -0.882099 0.471065 
vn -3.9611e-17 -0.962741 0.270427 
vn -4.00809e-17 -0.927859 0.372932 
vn -3.86767e-17 -0.986335 0.164751 
vn -3.9611e-17 -0.962741 0.270427 
vn -3.72889e-17 -0.998366 0.0571434 
vn -3.86767e-17 -0.986335 0.164751 
vn -3.5464e-17 -0.998692 -0.0511339 
vn -3.72889e-17 -0.998366 0.0571434 
vn -3.32233e-17 -0.987309 -0.158812 
vn -3.5464e-17 -0.998692 -0.0511339 
vn -3.0593e-17 -0.964351 -0.264628 
vn -3.32233e-17 -0.987309 -0.158812 
vn -2.76041e-17 -0.930086 -0.367341 
vn -3.0593e-17 -0.964351 -0.264628 
vn -2.42916e-17 -0.884918 -0.465748 
vn -2.76041e-17 -0.930086 -0.367341 
vn -2.06942e-17 -0.829374 -0.558694 
vn -2.42916e-17 -0.884918 -0.465748 
vn -1.68543e-17 -0.764107 -0.64509 
vn -2.06942e-17 -0.829374 -0.558694 
vn -1.28167e-17 -0.689881 -0.723923 
vn -1.68543e-17 -0.764107 -0.64509 
vn -8.62887e-18 -0.607567 -0.794268 
vn -1.28167e-17 -0.689881 -0.723923 
vn -4.33987e-18 -0.51813 -0.855302 
vn -8.62887e-18 -0.607567 -0.794268 
vn 5.42195e-32 -0.422618 -0.906308 
vn -4.33987e-18 -0.51813 -0.855302 
vn 4.33987e-18 -0.322152 -0.946688 
vn 5.42195e-32 -0.422618 -0.906308 
vn 8.62887e-18 -0.217908 -0.975969 
vn 4.33987e-18 -0.322152 -0.946688 
vn 1.28167e-17 -0.11111 -0.993808 
vn 8.62887e-18 -0.217908 -0.975969 
vn 1.68543e-17 -0.00300918 -0.999995 
vn 1.28167e-17 -0.11111 -0.993808 
vn 2.06942e-17 0.105127 -0.994459 
vn 1.68543e-17 -0.00300918 -0.999995 
vn 2.42916e-17 0.212031 -0.977263 
vn 2.06942e-17 0.105127 -0.994459 
vn 2.76041e-17 0.316448 -0.94861 
vn 2.42916e-17 0.212031 -0.977263 
vn 3.0593e-17 0.417156 -0.908835 
vn 2.76041e-17 0.316448 -0.94861 
vn 3.32233e-17 0.512973 -0.858405 
vn 3.0593e-17 0.417156 -0.908835 
vn 3.5464e-17 0.602776 -0.797911 
vn 3.32233e-17 0.512973 -0.858405 
vn 3.72889e-17 0.685512 -0.728062 
vn 3.5464e-17 0.602776 -0.797911 
vn 3.86767e-17 0.760211 -0.649677 
vn 3.72889e-17 0.685512 -0.728062 
vn 3.9611e-17 0.825997 -0.563675 
vn 3.86767e-17 0.760211 -0.649677 
vn 4.00809e-17 0.882099 -0.471065 
vn 3.9611e-17 0.825997 -0.563675 
vn 4.00809e-17 0.927859 -0.372932 
vn 4.00809e-17 0.882099 -0.471065 
vn 3.9611e-17 0.962741 -0.270427 
vn 4.00809e-17 0.927859 -0.372932 
vn 3.86767e-17 0.986335 -0.164751 
vn 3.9611e-17 0.962741 -0.270427 
vn 3.72889e-17 0.998366 -0.0571434 
vn 3.86767e-17 0.986335 -0.164751 
vn 3.5464e-17 0.998692 0.0511339 
vn 3.72889e-17 0.998366 -0.0571434 
vn 3.32233e-17 0.987309 0.158812 
vn 3.5464e-17 0.998692 0.0511339 
vn 3.0593e-17 0.964351 0.264628 
vn 3.32233e-17 0.987309 0.158812 
vn 2.76041e-17 0.930086 0.367341 
vn 3.0593e-17 0.964351 0.264628 
vn 2.42916e-17 0.884918 0.465748 
vn 2.76041e-17 0.930086 0.367341 
vn 2.06942e-17 0.829374 0.558694 
vn 2.42916e-17 0.884918 0.465748 
vn 1.68543e-17 0.764107 0.64509 
vn 2.06942e-17 0.829374 0.558694 
vn 1.28167e-17 0.689881 0.723923 
vn 1.68543e-17 0.764107 0.64509 
vn 8.62887e-18 0.607567 0.794268 
vn 1.28167e-17 0.689881 0.723923 
vn 4.33987e-18 0.51813 0.855302 
vn 8.62887e-18 0.607567 0.794268 
vn 1 -5.03102e-17 2.346e-17 
vn -4.33987e-18 0.322152 0.946688 
vn -4.93038e-32 0.422618 0.906308 
vn -8.62887e-18 0.217908 0.975969 
vn -4.33987e-18 0.322152 0.946688 
vn -1.28167e-17 0.11111 0.993808 
vn -8.62887e-18 0.217908 0.975969 
vn -1.68543e-17 0.00300918 0.999995 
vn -1.28167e-17 0.11111 0.993808 
vn -2.06942e-17 -0.105127 0.994459 
vn -1.68543e-17 0.00300918 0.999995 
vn -2.42916e-17 -0.212031 0.977263 
vn -2.06942e-17 -0.105127 0.994459 
vn -2.76041e-17 -0.316448 0.94861 
vn -2.42916e-17 -0.212031 0.977263 
vn -3.0593e-17 -0.417156 0.908835 
vn -2.76041e-17 -0.316448 0.94861 
vn -3.32233e-17 -0.512973 0.858405 
vn -3.0593e-17 -0.417156 0.908835 
vn -3.5464e-17 -0.602776 0.797911 
vn -3.32233e-17 -0.512973 0.858405 
vn -3.72889e-17 -0.685512 0.728062 
vn -3.5464e-17 -0.602776 0.797911 
vn -3.86767e-17 -0.760211 0.649677 
vn -3.72889e-17 -0.685512 0.728062 
vn -3.9611e-17 -0.825997 0.563675 
vn -3.86767e-17 -0.760211 0.649677 
vn -4.00809e-17 -0.882099 0.471065 
vn -3.9611e-17 -0.825997 0.563675 
vn -4.00809e-17 -0.927859 0.372932 
vn -4.00809e-17 -0.882099 0.471065 
vn -3.9611e-17 -0.962741 0.270427 
vn -4.00809e-17 -0.927859 0.372932 
vn -3.86767e-17 -0.986335 0.164751 
vn -3.9611e-17 -0.962741 0.270427 
vn -3.72889e-17 -0.998366 0.0571434 
vn -3.86767e-17 -0.986335 0.164751 
vn -3.5464e-17 -0.998692 -0.0511339 
vn -3.72889e-17 -0.998366 0.0571434 
vn -3.32233e-17 -0.987309 -0.158812 
vn -3.5464e-17 -0.998692 -0.0511339 
vn -3.0593e-17 -0.964351 -0.264628 
vn -3.32233e-17 -0.987309 -0.158812 
vn -2.76041e-17 -0.930086 -0.367341 
vn -3.0593e-17 -0.964351 -0.264628 
vn -2.42916e-17 -0.884918 -0.465748 
vn -2.76041e-17 -0.930086 -0.367341 
vn -2.06942e-17 -0.829374 -0.558694 
vn -2.42916e-17 -0.884918 -0.465748 
vn -1.68543e-17 -0.764107 -0.64509 
vn -2.06942e-17 -0.829374 -0.558694 
vn -1.28167e-17 -0.689881 -0.723923 
vn -1.68543e-17 -0.764107 -0.64509 
vn -8.62887e-18 -0.607567 -0.794268 
vn -1.28167e-17 -0.689881 -0.723923 
vn -4.33987e-18 -0.51813 -0.855302 
vn -8.62887e-18 -0.607567 -0.794268 
vn 5.42195e-32 -0.422618 -0.906308 
vn -4.33987e-18 -0.51813 -0.855302 
vn 4.33987e-18 -0.322152 -0.946688 
vn 5.42195e-32 -0.422618 -0.906308 
vn 8.62887e-18 -0.217908 -0.975969 
vn 4.33987e-18 -0.322152 -0.946688 
vn 1.28167e-17 -0.11111 -0.993808 
vn 8.62887e-18 -0.217908 -0.975969 
vn 1.68543e-17 -0.00300918 -0.999995 
vn 1.28167e-17 -0.11111 -0.993808 
vn 2.06942e-17 0.105127 -0.994459 
vn 1.68543e-17 -0.00300918 -0.999995 
vn 2.42916e-17 0.212031 -0.977263 
vn 2.06942e-17 0.105127 -0.994459 
vn 2.76041e-17 0.316448 -0.94861 
vn 2.42916e-17 0.212031 -0.977263 
vn 3.0593e-17 0.417156 -0.908835 
vn 2.76041e-17 0.316448 -0.94861 
vn 3.32233e-17 0.512973 -0.858405 
vn 3.0593e-17 0.417156 -0.908835 
vn 3.5464e-17 0.602776 -0.797911 
vn 3.32233e-17 0.512973 -0.858405 
vn 3.72889e-17 0.685512 -0.728062 
vn 3.5464e-17 0.602776 -0.797911 
vn 3.86767e-17 0.760211 -0.649677 
vn 3.72889e-17 0.685512 -0.728062 
vn 3.9611e-17 0.825997 -0.563675 
vn 3.86767e-17 0.760211 -0.649677 
vn 4.00809e-17 0.882099 -0.471065 
vn 3.9611e-17 0.825997 -0.563675 
vn 4.00809e-17 0.927859 -0.372932 
vn 4.00809e-17 0.882099 -0.471065 
vn 3.9611e-17 0.962741 -0.270427 
vn 4.00809e-17 0.927859 -0.372932 
vn 3.86767e-17 0.986335 -0.164751 
vn 3.9611e-17 0.962741 -0.270427 
vn 3.72889e-17 0.998366 -0.0571434 
vn 3.86767e-17 0.986335 -0.164751 
vn 3.5464e-17 0.998692 0.0511339 
vn 3.72889e-17 0.998366 -0.0571434 
vn 3.32233e-17 0.987309 0.158812 
vn 3.5464e-17 0.998692 0.0511339 
vn 3.0593e-17 0.964351 0.264628 
vn 3.32233e-17 0.987309 0.158812 
vn 2.76041e-17 0.930086 0.367341 
vn 3.0593e-17 0.964351 0.264628 
vn 2.42916e-17 0.884918 0.465748 
vn 2.76041e-17 0.930086 0.367341 
vn 2.06942e-17 0.829374 0.558694 
vn 2.42916e-17 0.884918 0.465748 
vn 1.68543e-17 0.764107 0.64509 
vn 2.06942e-17 0.829374 0.558694 
vn 1.28167e-17 0.689881 0.723923 
vn 1.68543e-17 0.764107 0.64509 
vn 8.62887e-18 0.607567 0.794268 
vn 1.28167e-17 0.689881 0.723923 
vn 4.33987e-18 0.51813 0.855302 
vn 8.62887e-18 0.607567 0.794268 
vn 1 -5.03102e-17 2.346e-17 
vn -4.33987e-18 0.322152 0.946688 
vn -5.91352e-32 0.422618 0.906308 
vn -8.62887e-18 0.217908 0.975969 
vn -4.33987e-18 0.322152 0.946688 
vn -1.28167e-17 0.11111 0.993808 
vn -8.62887e-18 0.217908 0.975969 
vn -1.68543e-17 0.00300918 0.999995 
vn -1.28167e-17 0.11111 0.993808 
vn -2.06942e-17 -0.105127 0.994459 
vn -1.68543e-17 0.00300918 0.999995 
vn -2.42916e-17 -0.212031 0.977263 
vn -2.06942e-17 -0.105127 0.994459 
vn -2.76041e-17 -0.316448 0.94861 
vn -2.42916e-17 -0.212031 0.977263 
vn -2.42916e-17 -0.884918 -0.465748 
vn -2.76041e-17 -0.930086 -0.367341 
vn -2.06942e-17 -0.829374 -0.558694 
vn -2.42916e-17 -0.884918 -0.465748 
vn -1.68543e-17 -0.764107 -0.64509 
vn -2.06942e-17 -0.829374 -0.558694 
vn -1.28167e-17 -0.689881 -0.723923 
vn -1.68543e-17 -0.764107 -0.64509 
vn -8.62887e-18 -0.607567 -0.794268 
vn -1.28167e-17 -0.689881 -0.723923 
vn -4.33987e-18 -0.51813 -0.855302 
vn -8.62887e-18 -0.607567 -0.794268 
vn 5.42195e-32 -0.422618 -0.906308 
vn -4.33987e-18 -0.51813 -0.855302 
vn 4.33987e-18 -0.322152 -0.946688 
vn 4.93038e-32 -0.422618 -0.906308 
vn 8.62887e-18 -0.217908 -0.975969 
vn 4.33987e-18 -0.322152 -0.946688 
vn 1.28167e-17 -0.11111 -0.993808 
vn 8.62887e-18 -0.217908 -0.975969 
vn 1.68543e-17 -0.00300918 -0.999995 
vn 1.28167e-17 -0.11111 -0.993808 
vn 2.06942e-17 0.105127 -0.994459 
vn 1.68543e-17 -0.00300918 -0.999995 
vn 2.42916e-17 0.212031 -0.977263 
vn 2.06942e-17 0.105127 -0.994459 
vn 2.76041e-17 0.316448 -0.94861 
vn 2.42916e-17 0.212031 -0.977263 
vn 2.42916e-17 0.884918 0.465748 
vn 2.76041e-17 0.930086 0.367341 
vn 2.06942e-17 0.829374 0.558694 
vn 2.42916e-17 0.884918 0.465748 
vn 1.68543e-17 0.764107 0.64509 
vn 2.06942e-17 0.829374 0.558694 
vn 1.28167e-17 0.689881 0.723923 
vn 1.68543e-17 0.764107 0.64509 
vn 8.62887e-18 0.607567 0.794268 
vn 1.28167e-17 0.689881 0.723923 
vn 4.33987e-18 0.51813 0.855302 
vn 8.62887e-18 0.607567 0.794268 
vn -3.0593e-17 -0.964351 -0.264628 
vn -3.023e-17 -0.960592 -0.277964 
vn -2.99535e-17 -0.957646 -0.287949 
vn -3.00588e-17 -0.958776 -0.284163 
vn -2.99184e-17 -0.957267 -0.289204 
vn -3.32233e-17 -0.987309 -0.158812 
vn -3.15154e-17 -0.973314 -0.229478 
vn -3.19613e-17 -0.977318 -0.211776 
vn -3.11163e-17 -0.969544 -0.244916 
vn -3.2438e-17 -0.981338 -0.192293 
vn -3.0593e-17 -0.964351 -0.264628 
vn -3.07794e-17 -0.966232 -0.257674 
vn -3.5464e-17 -0.998692 -0.0511339 
vn -3.34758e-17 -0.989041 -0.147638 
vn -3.45721e-17 -0.995333 -0.096504 
vn -3.32233e-17 -0.987309 -0.15881 
vn -3.72889e-17 -0.998366 0.0571434 
vn -3.56727e-17 -0.999203 -0.0399258 
vn -3.6728e-17 -0.999778 0.0210471 
vn -3.5464e-17 -0.998692 -0.0511302 
vn -3.86767e-17 -0.986335 0.164751 
vn -3.81317e-17 -0.992966 0.118403 
vn -3.85351e-17 -0.988377 0.152023 
vn -3.72889e-17 -0.998366 0.0571434 
vn -3.76984e-17 -0.996324 0.0856601 
vn -3.86767e-17 -0.986335 0.164751 
vn -3.92198e-17 -0.975498 0.220009 
vn -3.9611e-17 -0.962741 0.270427 
vn -4.00809e-17 -0.927859 0.372932 
vn -3.99053e-17 -0.946623 0.322341 
vn -4.00354e-17 -0.934412 0.356193 
vn -3.9611e-17 -0.962741 0.270427 
vn -3.97258e-17 -0.957503 0.288424 
vn -4.00809e-17 -0.927859 0.372932 
vn -4.01398e-17 -0.906308 0.422618 
vn -4.00809e-17 -0.882099 0.471065 
vn -3.9611e-17 -0.825997 0.563675 
vn -3.99054e-17 -0.855414 0.517945 
vn -3.97254e-17 -0.836385 0.548142 
vn -4.00809e-17 -0.882099 0.471065 
vn -4.00355e-17 -0.873506 0.486813 
vn -3.86767e-17 -0.760211 0.649677 
vn -3.9611e-17 -0.825997 0.563675 
vn -3.92198e-17 -0.795574 0.605856 
vn -3.72889e-17 -0.685512 0.728062 
vn -3.86767e-17 -0.760211 0.649677 
vn -3.85362e-17 -0.751842 0.659344 
vn -3.81309e-17 -0.728928 0.684591 
vn -3.76944e-17 -0.705839 0.708372 
vn -3.5464e-17 -0.602776 0.797911 
vn -3.72889e-17 -0.685513 0.72806 
vn -3.6728e-17 -0.658768 0.752346 
vn -3.56727e-17 -0.61169 0.791097 
vn -3.32233e-17 -0.512973 0.858405 
vn -3.5464e-17 -0.602779 0.797908 
vn -3.45721e-17 -0.565861 0.824501 
vn -3.34758e-17 -0.522646 0.85255 
vn -3.0593e-17 -0.417156 0.908835 
vn -3.11172e-17 -0.435626 0.900128 
vn -3.0763e-17 -0.423116 0.906075 
vn -3.2438e-17 -0.483486 0.875352 
vn -3.19604e-17 -0.465943 0.884815 
vn -3.15154e-17 -0.449844 0.893107 
vn -3.32233e-17 -0.512975 0.858404 
vn -3.023e-17 -0.404524 0.914528 
vn -3.00585e-17 -0.398598 0.917126 
vn -2.99535e-17 -0.394981 0.918689 
vn -2.76041e-17 -0.316448 0.94861 
vn -3.0593e-17 -0.417156 0.908835 
vn 3.0593e-17 0.964351 0.264628 
vn 3.023e-17 0.960592 0.277964 
vn 2.99535e-17 0.957646 0.287949 
vn 3.00588e-17 0.958776 0.284165 
vn 2.99184e-17 0.957267 0.289204 
vn 3.32233e-17 0.987309 0.158812 
vn 3.15154e-17 0.973314 0.229478 
vn 3.19612e-17 0.977317 0.21178 
vn 3.11167e-17 0.969548 0.2449 
vn 3.2438e-17 0.981338 0.192293 
vn 3.0593e-17 0.964351 0.264628 
vn 3.07794e-17 0.966232 0.257673 
vn 3.5464e-17 0.998692 0.0511339 
vn 3.34758e-17 0.989041 0.147638 
vn 3.45721e-17 0.995333 0.096504 
vn 3.32233e-17 0.987309 0.15881 
vn 3.72889e-17 0.998366 -0.0571434 
vn 3.56727e-17 0.999203 0.0399258 
vn 3.6728e-17 0.999778 -0.0210471 
vn 3.5464e-17 0.998692 0.0511302 
vn 3.86767e-17 0.986335 -0.164751 
vn 3.81317e-17 0.992966 -0.118403 
vn 3.85351e-17 0.988377 -0.152023 
vn 3.76984e-17 0.996324 -0.0856601 
vn 3.72889e-17 0.998366 -0.0571434 
vn 3.86767e-17 0.986335 -0.164751 
vn 3.92198e-17 0.975498 -0.220009 
vn 3.9611e-17 0.962741 -0.270427 
vn 4.00809e-17 0.927859 -0.372932 
vn 3.99054e-17 0.946618 -0.322357 
vn 4.00354e-17 0.934412 -0.356193 
vn 3.9611e-17 0.962741 -0.270427 
vn 3.97258e-17 0.957503 -0.288424 
vn 4.00809e-17 0.882099 -0.471065 
vn 4.01398e-17 0.90645 -0.422314 
vn 4.01251e-17 0.894554 -0.446961 
vn 4.00809e-17 0.927859 -0.372932 
vn 4.01134e-17 0.921027 -0.389499 
vn 3.9611e-17 0.825997 -0.563675 
vn 3.99054e-17 0.855408 -0.517955 
vn 3.97254e-17 0.836385 -0.548142 
vn 4.00809e-17 0.882099 -0.471065 
vn 4.00355e-17 0.873506 -0.486813 
vn 3.86767e-17 0.760211 -0.649677 
vn 3.9611e-17 0.825997 -0.563675 
vn 3.92198e-17 0.795574 -0.605856 
vn 3.72889e-17 0.685512 -0.728062 
vn 3.86767e-17 0.760211 -0.649677 
vn 3.85362e-17 0.751842 -0.659344 
vn 3.81309e-17 0.728928 -0.684591 
vn 3.76944e-17 0.705839 -0.708372 
vn 3.5464e-17 0.602776 -0.797911 
vn 3.72889e-17 0.685513 -0.72806 
vn 3.6728e-17 0.658768 -0.752346 
vn 3.56727e-17 0.61169 -0.791097 
vn 3.32233e-17 0.512973 -0.858405 
vn 3.5464e-17 0.602779 -0.797908 
vn 3.45721e-17 0.565861 -0.824501 
vn 3.34758e-17 0.522646 -0.85255 
vn 3.0593e-17 0.417156 -0.908835 
vn 3.11172e-17 0.435626 -0.900128 
vn 3.0763e-17 0.423116 -0.906075 
vn 3.2438e-17 0.483486 -0.875352 
vn 3.19604e-17 0.465943 -0.884815 
vn 3.15154e-17 0.449844 -0.893107 
vn 3.32233e-17 0.512975 -0.858404 
vn 3.023e-17 0.404524 -0.914528 
vn 3.00585e-17 0.398598 -0.917126 
vn 2.99535e-17 0.394981 -0.918689 
vn 2.76041e-17 0.316448 -0.94861 
vn 3.0593e-17 0.417156 -0.908835 
vn 2.99184e-17 0.393776 -0.919206 
vn -2.99184e-17 -0.393776 0.919206 
vn 1 -5.03102e-17 2.346e-17 
vn 4.01398e-17 0.906308 -0.422618 
vn -0.994138 -0.0456931 -0.0979891 
vn -0.994139 -0.0456889 -0.0979801 
vn -0.996697 -0.0343201 -0.0735998 
vn -0.976621 -0.0908504 -0.194829 
vn -0.986811 -0.068411 -0.146708 
vn -0.947653 -0.134943 -0.289385 
vn -0.970108 -0.102558 -0.219936 
vn -0.907575 -0.177453 -0.380549 
vn -0.91595 -0.169594 -0.363695 
vn -0.907579 -0.177449 -0.380541 
vn -0.856857 -0.217882 -0.46725 
vn -0.883417 -0.198034 -0.424685 
vn -0.796093 -0.255758 -0.548474 
vn -0.831367 -0.234859 -0.503657 
vn -0.725995 -0.290634 -0.623267 
vn -0.647386 -0.322104 -0.690753 
vn -0.711108 -0.297136 -0.637209 
vn -0.561187 -0.349796 -0.750141 
vn -0.468408 -0.373388 -0.800734 
vn -0.538631 -0.356074 -0.763602 
vn -0.370138 -0.392603 -0.841939 
vn -0.420057 -0.383525 -0.822472 
vn -0.267528 -0.407214 -0.873273 
vn -0.319654 -0.400445 -0.858758 
vn -0.161782 -0.417051 -0.894369 
vn -0.238757 -0.410396 -0.880097 
vn -0.0541389 -0.421998 -0.904979 
vn -0.108327 -0.420131 -0.900974 
vn 0.0541389 -0.421998 -0.904979 
vn 0.161782 -0.417051 -0.894369 
vn 0.267528 -0.407214 -0.873273 
vn 0.370138 -0.392603 -0.841939 
vn 0.468408 -0.373388 -0.800734 
vn 0.561187 -0.349796 -0.750141 
vn 0.647386 -0.322104 -0.690753 
vn -0.994138 0.0456931 0.0979891 
vn -0.99852 0.0229865 0.0492947 
vn -0.996697 0.0343201 0.0735998 
vn -0.994138 0.0456931 0.0979891 
vn -0.986814 0.068403 0.146691 
vn -0.976621 0.0908504 0.194829 
vn -0.947653 0.134943 0.289385 
vn -0.970108 0.102558 0.219936 
vn -0.976618 0.0908545 0.194838 
vn -0.907575 0.177453 0.380549 
vn -0.947653 0.134943 0.289385 
vn -0.91595 0.169594 0.363695 
vn -0.907575 0.177453 0.380549 
vn -0.883462 0.197998 0.424609 
vn -0.856857 0.217882 0.46725 
vn -0.796093 0.255758 0.548474 
vn -0.856855 0.217884 0.467254 
vn -0.831712 0.234641 0.503189 
vn -0.725995 0.290634 0.623267 
vn -0.796093 0.255758 0.548474 
vn -0.647386 0.322104 0.690753 
vn -0.725995 0.290634 0.623267 
vn -0.711108 0.297136 0.637209 
vn -0.561187 0.349796 0.750141 
vn -0.647386 0.322104 0.690753 
vn -0.468408 0.373388 0.800734 
vn -0.561187 0.349796 0.750141 
vn -0.538631 0.356074 0.763602 
vn -0.370138 0.392603 0.841939 
vn -0.468408 0.373388 0.800734 
vn -0.42015 0.383507 0.822433 
vn -0.267528 0.407214 0.873273 
vn -0.370138 0.392603 0.841939 
vn -0.31959 0.400454 0.858777 
vn -0.161782 0.417051 0.894369 
vn -0.267519 0.407215 0.873275 
vn -0.238757 0.410396 0.880097 
vn -0.0541389 0.421998 0.904979 
vn -0.161782 0.417051 0.894369 
vn -0.108422 0.420127 0.900965 
vn -0.725995 0.290634 0.623267 
vn -0.796093 0.255758 0.548474 
vn -0.831367 0.234859 0.503657 
vn -0.856857 0.217882 0.46725 
vn -0.883417 0.198034 0.424685 
vn -0.907579 0.177449 0.380541 
vn -0.907575 0.177453 0.380549 
vn -0.91595 0.169594 0.363695 
vn -0.947653 0.134943 0.289385 
vn -0.970108 0.102558 0.219936 
vn -0.976621 0.0908504 0.194829 
vn -0.947653 0.134943 0.289385 
vn -0.986814 0.0684031 0.146691 
vn -0.994139 0.0456889 0.0979801 
vn -0.994138 0.0456931 0.0979891 
vn -0.996697 0.0343201 0.0735998 
vn -1 1.53822e-16 1.98521e-16 
vn -0.994138 -0.0456931 -0.0979891 
vn -0.996697 -0.0343201 -0.0735998 
vn -0.976621 -0.0908504 -0.194829 
vn -0.994138 -0.0456931 -0.0979891 
vn -0.98681 -0.0684133 -0.146713 
vn -0.947653 -0.134943 -0.289385 
vn -0.976618 -0.0908545 -0.194838 
vn -0.970108 -0.102558 -0.219936 
vn -0.907575 -0.177453 -0.380549 
vn -0.947653 -0.134943 -0.289385 
vn -0.91595 -0.169594 -0.363695 
vn -0.856857 -0.217882 -0.46725 
vn -0.907575 -0.177453 -0.380549 
vn -0.883462 -0.197998 -0.424608 
vn -0.796093 -0.255758 -0.548474 
vn -0.856855 -0.217884 -0.467254 
vn -0.831712 -0.234641 -0.503189 
vn -0.725995 -0.290634 -0.623267 
vn -0.796093 -0.255758 -0.548474 
vn -0.647386 -0.322104 -0.690753 
vn -0.725995 -0.290634 -0.623267 
vn -0.711108 -0.297136 -0.637209 
vn -0.561187 -0.349796 -0.750141 
vn -0.647386 -0.322104 -0.690753 
vn -0.468408 -0.373388 -0.800734 
vn -0.561187 -0.349796 -0.750141 
vn -0.538631 -0.356074 -0.763602 
vn -0.370138 -0.392603 -0.841939 
vn -0.468408 -0.373388 -0.800734 
vn -0.420159 -0.383505 -0.822429 
vn -0.267528 -0.407214 -0.873273 
vn -0.370138 -0.392603 -0.841939 
vn -0.319536 -0.400462 -0.858794 
vn -0.161782 -0.417051 -0.894369 
vn -0.267519 -0.407215 -0.873275 
vn -0.238757 -0.410396 -0.880097 
vn -0.0541389 -0.421998 -0.904979 
vn -0.161782 -0.417051 -0.894369 
vn -0.108438 -0.420126 -0.900963 
vn 3.49148e-15 -0.422618 -0.906308 
vn 0.0541389 -0.421998 -0.904979 
vn -0.0541389 -0.421998 -0.904979 
vn -0.561187 0.349796 0.750141 
vn -0.647386 0.322104 0.690753 
vn -0.468408 0.373388 0.800734 
vn -0.538631 0.356074 0.763602 
vn -0.370138 0.392603 0.841939 
vn -0.420057 0.383525 0.822472 
vn -0.267528 0.407214 0.873273 
vn -0.319654 0.400445 0.858758 
vn -0.161782 0.417051 0.894369 
vn -0.238757 0.410396 0.880097 
vn -0.0541389 0.421998 0.904979 
vn -0.108327 0.420131 0.900974 
vn 0.0541389 0.421998 0.904979 
vn 3.73641e-15 0.422618 0.906308 
vn -0.0541389 0.421998 0.904979 
vn 0.161782 0.417051 0.894369 
vn 0.267528 0.407214 0.873273 
vn 0.370138 0.392603 0.841939 
vn 0.468408 0.373388 0.800734 
vn 0.561187 0.349796 0.750141 
vn 0.647386 0.322104 0.690753 
vn 0.725995 0.290634 0.623267 
vn 0.796093 0.255758 0.548474 
vn 0.856857 0.217882 0.46725 
vn 0.907575 0.177453 0.380549 
vn 0.947653 0.134943 0.289385 
vn 0.976621 0.0908504 0.194829 
vn 0.994138 0.0456931 0.0979891 
vn 1 -1.02066e-16 -8.75307e-17 
vn 0.994138 -0.0456931 -0.0979891 
vn 0.976621 -0.0908504 -0.194829 
vn 0.947653 -0.134943 -0.289385 
vn 0.907575 -0.177453 -0.380549 
vn 0.856857 -0.217882 -0.46725 
vn 0.796093 -0.255758 -0.548474 
vn 0.725995 -0.290634 -0.623267 
vn 0.707107 -0.298836 -0.640856 
vn -0.707107 0.298836 0.640856 
vn -0.711108 0.297136 0.637209 
vn -0.647386 0.322104 0.690753 
vn 0.707107 -0.298836 -0.640856 
vn -0.999178 -0.0171347 -0.0367454 
vn -0.707107 0.298836 0.640856 
vn 0.707107 -0.298836 -0.640856 
vn 0.62651 -0.329394 -0.706388 
vn 0.538568 -0.356091 -0.763639 
vn 0.444312 -0.378612 -0.811936 
vn 0.344846 -0.396695 -0.850714 
vn 0.241338 -0.410126 -0.879518 
vn 0.135 -0.418749 -0.898011 
vn 0.0270794 -0.422463 -0.905975 
vn -0.0811587 -0.421224 -0.903318 
vn -0.188445 -0.415046 -0.89007 
vn -0.293523 -0.404003 -0.866387 
vn -0.395159 -0.388223 -0.832546 
vn -0.492162 -0.367891 -0.788944 
vn -0.583395 -0.343246 -0.736093 
vn -0.667788 -0.314577 -0.674612 
vn -0.744352 -0.282219 -0.605221 
vn -0.812189 -0.246553 -0.528735 
vn -0.870504 -0.207996 -0.44605 
vn -0.918613 -0.167001 -0.358135 
vn -0.955952 -0.124048 -0.266022 
vn -0.982084 -0.0796404 -0.170789 
vn -0.996701 -0.0342992 -0.0735548 
vn -0.999633 0.0114442 0.0245423 
vn -0.990846 0.0570535 0.122352 
vn -0.970441 0.101994 0.218726 
vn -0.938659 0.145738 0.312537 
vn -0.895872 0.187774 0.402683 
vn -0.842582 0.227609 0.488108 
vn -0.779413 0.264775 0.567811 
vn -0.707107 0.298836 0.640856 
vn 0.707107 -0.298836 -0.640856 
vn 0.62651 -0.329394 -0.706388 
vn 0.538568 -0.356091 -0.763639 
vn 0.444312 -0.378612 -0.811936 
vn 0.344846 -0.396695 -0.850714 
vn 0.241338 -0.410126 -0.879518 
vn 0.135 -0.418749 -0.898011 
vn 0.0270794 -0.422463 -0.905975 
vn -0.0811587 -0.421224 -0.903318 
vn -0.188445 -0.415046 -0.89007 
vn -0.293523 -0.404003 -0.866387 
vn -0.395159 -0.388223 -0.832546 
vn -0.492162 -0.367891 -0.788944 
vn -0.583395 -0.343246 -0.736093 
vn -0.667788 -0.314577 -0.674612 
vn -0.744352 -0.282219 -0.605221 
vn -0.812189 -0.246553 -0.528735 
vn -0.870504 -0.207996 -0.44605 
vn -0.918613 -0.167001 -0.358135 
vn -0.955952 -0.124048 -0.266022 
vn -0.982084 -0.0796404 -0.170789 
vn -0.996701 -0.0342992 -0.0735548 
vn -0.999633 0.0114442 0.0245423 
vn -0.990846 0.0570535 0.122352 
vn -0.970441 0.101994 0.218726 
vn -0.938659 0.145738 0.312537 
vn -0.895872 0.187774 0.402683 
vn -0.842582 0.227609 0.488108 
vn -0.779413 0.264775 0.567811 
vn -0.707107 0.298836 0.640856 
vn 0.707107 -0.298836 -0.640856 
vn 0.62651 -0.329394 -0.706388 
vn 0.538568 -0.356091 -0.763639 
vn 0.444312 -0.378612 -0.811936 
vn 0.344846 -0.396695 -0.850714 
vn 0.241338 -0.410126 -0.879518 
vn 0.135 -0.418749 -0.898011 
vn 0.0270794 -0.422463 -0.905975 
vn -0.0811587 -0.421224 -0.903318 
vn -0.188445 -0.415046 -0.89007 
vn -0.293523 -0.404003 -0.866387 
vn -0.395159 -0.388223 -0.832546 
vn -0.492162 -0.367891 -0.788944 
vn -0.583395 -0.343246 -0.736093 
vn -0.667788 -0.314577 -0.674612 
vn -0.744352 -0.282219 -0.605221 
vn -0.812189 -0.246553 -0.528735 
vn -0.870504 -0.207996 -0.44605 
vn -0.918613 -0.167001 -0.358135 
vn -0.955952 -0.124048 -0.266022 
vn -0.982084 -0.0796404 -0.170789 
vn -0.996701 -0.0342992 -0.0735548 
vn -0.999633 0.0114442 0.0245423 
vn -0.990846 0.0570535 0.122352 
vn -0.970441 0.101994 0.218726 
vn -0.938659 0.145738 0.312537 
vn -0.895872 0.187774 0.402683 
vn -0.842582 0.227609 0.488108 
vn -0.779413 0.264775 0.567811 
vn -0.707107 0.298836 0.640856 
vn 0.707107 -0.298836 -0.640856 
vn 0.62651 -0.329394 -0.706388 
vn 0.538568 -0.356091 -0.763639 
vn 0.444312 -0.378612 -0.811936 
vn 0.344846 -0.396695 -0.850714 
vn 0.241338 -0.410126 -0.879518 
vn 0.135 -0.418749 -0.898011 
vn 0.0270794 -0.422463 -0.905975 
vn -0.0811587 -0.421224 -0.903318 
vn -0.188445 -0.415046 -0.89007 
vn -0.293523 -0.404003 -0.866387 
vn -0.395159 -0.388223 -0.832546 
vn -0.492162 -0.367891 -0.788944 
vn -0.583395 -0.343246 -0.736093 
vn -0.667788 -0.314577 -0.674612 
vn -0.744352 -0.282219 -0.605221 
vn -0.812189 -0.246553 -0.528735 
vn -0.870504 -0.207996 -0.44605 
vn -0.918613 -0.167001 -0.358135 
vn -0.955952 -0.124048 -0.266022 
vn -0.982084 -0.0796404 -0.170789 
vn -0.996701 -0.0342992 -0.0735548 
vn -0.999633 0.0114442 0.0245423 
vn -0.990846 0.0570535 0.122352 
vn -0.970441 0.101994 0.218726 
vn -0.938659 0.145738 0.312537 
vn -0.895872 0.187774 0.402683 
vn -0.842582 0.227609 0.488108 
vn -0.779413 0.264775 0.567811 
vn -0.707107 0.298836 0.640856 
vn 0.707107 -0.298836 -0.640856 
vn 0.62651 -0.329394 -0.706388 
vn 0.538568 -0.356091 -0.763639 
vn 0.444312 -0.378612 -0.811936 
vn 0.344846 -0.396695 -0.850714 
vn 0.241338 -0.410126 -0.879518 
vn 0.135 -0.418749 -0.898011 
vn 0.0270794 -0.422463 -0.905975 
vn -0.0811587 -0.421224 -0.903318 
vn -0.188445 -0.415046 -0.89007 
vn -0.293523 -0.404003 -0.866387 
vn -0.395159 -0.388223 -0.832546 
vn -0.492162 -0.367891 -0.788944 
vn -0.583395 -0.343246 -0.736093 
vn -0.667788 -0.314577 -0.674612 
vn -0.744352 -0.282219 -0.605221 
vn -0.812189 -0.246553 -0.528735 
vn -0.870504 -0.207996 -0.44605 
vn -0.918613 -0.167001 -0.358135 
vn -0.955952 -0.124048 -0.266022 
vn -0.982084 -0.0796404 -0.170789 
vn -0.996701 -0.0342992 -0.0735548 
vn -0.999633 0.0114442 0.0245423 
vn -0.990846 0.0570535 0.122352 
vn -0.970441 0.101994 0.218726 
vn -0.938659 0.145738 0.312537 
vn -0.895872 0.187774 0.402683 
vn -0.842582 0.227609 0.488108 
vn -0.779413 0.264775 0.567811 
vn -0.707107 0.298836 0.640856 
vn 0.707107 -0.298836 -0.640856 
vn 0.62651 -0.329394 -0.706388 
vn 0.538568 -0.356091 -0.763639 
vn 0.444312 -0.378612 -0.811936 
vn 0.344846 -0.396695 -0.850714 
vn 0.241338 -0.410126 -0.879518 
vn 0.135 -0.418749 -0.898011 
vn 0.0270794 -0.422463 -0.905975 
vn -0.0811587 -0.421224 -0.903318 
vn -0.188445 -0.415046 -0.89007 
vn -0.293523 -0.404003 -0.866387 
vn -0.395159 -0.388223 -0.832546 
vn -0.492162 -0.367891 -0.788944 
vn -0.583395 -0.343246 -0.736093 
vn -0.667788 -0.314577 -0.674612 
vn -0.744352 -0.282219 -0.605221 
vn -0.812189 -0.246553 -0.528735 
vn -0.870504 -0.207996 -0.44605 
vn -0.918613 -0.167001 -0.358135 
vn -0.955952 -0.124048 -0.266022 
vn -0.982084 -0.0796404 -0.170789 
vn -0.996701 -0.0342992 -0.0735548 
vn -0.999633 0.0114442 0.0245423 
vn -0.990846 0.0570535 0.122352 
vn -0.970441 0.101994 0.218726 
vn -0.938659 0.145738 0.312537 
vn -0.895872 0.187774 0.402683 
vn -0.842582 0.227609 0.488108 
vn -0.779413 0.264775 0.567811 
vn -0.707107 0.298836 0.640856 
vn 0.707107 -0.298836 -0.640856 
vn 0.779413 -0.264775 -0.567811 
vn 0.842582 -0.227609 -0.488108 
vn 0.895872 -0.187774 -0.402683 
vn 0.938659 -0.145738 -0.312537 
vn 0.970441 -0.101994 -0.218726 
vn 0.990846 -0.0570535 -0.122352 
vn 0.999633 -0.0114442 -0.0245423 
vn 0.996701 0.0342992 0.0735548 
vn 0.982084 0.0796404 0.170789 
vn 0.955952 0.124048 0.266022 
vn 0.918613 0.167001 0.358135 
vn 0.870504 0.207996 0.44605 
vn 0.812189 0.246553 0.528735 
vn 0.744352 0.282219 0.605221 
vn 0.667788 0.314577 0.674612 
vn 0.583395 0.343246 0.736093 
vn 0.492162 0.367891 0.788944 
vn 0.395159 0.388223 0.832546 
vn 0.293523 0.404003 0.866387 
vn 0.188445 0.415046 0.89007 
vn 0.0811587 0.421224 0.903318 
vn -0.0270794 0.422463 0.905975 
vn -0.135 0.418749 0.898011 
vn -0.241338 0.410126 0.879518 
vn -0.344846 0.396695 0.850714 
vn -0.444312 0.378612 0.811936 
vn -0.538568 0.356091 0.763639 
vn -0.62651 0.329394 0.706388 
vn -0.707107 0.298836 0.640856 
vn 0.707107 -0.298836 -0.640856 
vn 0.779413 -0.264775 -0.567811 
vn 0.842582 -0.227609 -0.488108 
vn 0.895872 -0.187774 -0.402683 
vn 0.938659 -0.145738 -0.312537 
vn 0.970441 -0.101994 -0.218726 
vn 0.990846 -0.0570535 -0.122352 
vn 0.999633 -0.0114442 -0.0245423 
vn 0.996701 0.0342992 0.0735548 
vn 0.982084 0.0796404 0.170789 
vn 0.955952 0.124048 0.266022 
vn 0.918613 0.167001 0.358135 
vn 0.870504 0.207996 0.44605 
vn 0.812189 0.246553 0.528735 
vn 0.744352 0.282219 0.605221 
vn 0.667788 0.314577 0.674612 
vn 0.583395 0.343246 0.736093 
vn 0.492162 0.367891 0.788944 
vn 0.395159 0.388223 0.832546 
vn 0.293523 0.404003 0.866387 
vn 0.188445 0.415046 0.89007 
vn 0.0811587 0.421224 0.903318 
vn -0.0270794 0.422463 0.905975 
vn -0.135 0.418749 0.898011 
vn -0.241338 0.410126 0.879518 
vn -0.344846 0.396695 0.850714 
vn -0.444312 0.378612 0.811936 
vn -0.538568 0.356091 0.763639 
vn -0.62651 0.329394 0.706388 
vn -0.707107 0.298836 0.640856 
vn 0.707107 -0.298836 -0.640856 
vn 0.779413 -0.264775 -0.567811 
vn 0.842582 -0.227609 -0.488108 
vn 0.895872 -0.187774 -0.402683 
vn 0.938659 -0.145738 -0.312537 
vn 0.970441 -0.101994 -0.218726 
vn 0.990846 -0.0570535 -0.122352 
vn 0.999633 -0.0114442 -0.0245423 
vn 0.996701 0.0342992 0.0735548 
vn 0.982084 0.0796404 0.170789 
vn 0.955952 0.124048 0.266022 
vn 0.918613 0.167001 0.358135 
vn 0.870504 0.207996 0.44605 
vn 0.812189 0.246553 0.528735 
vn 0.744352 0.282219 0.605221 
vn 0.667788 0.314577 0.674612 
vn 0.583395 0.343246 0.736093 
vn 0.492162 0.367891 0.788944 
vn 0.395159 0.388223 0.832546 
vn 0.293523 0.404003 0.866387 
vn 0.188445 0.415046 0.89007 
vn 0.0811587 0.421224 0.903318 
vn -0.0270794 0.422463 0.905975 
vn -0.135 0.418749 0.898011 
vn -0.241338 0.410126 0.879518 
vn -0.344846 0.396695 0.850714 
vn -0.444312 0.378612 0.811936 
vn -0.538568 0.356091 0.763639 
vn -0.62651 0.329394 0.706388 
vn -0.707107 0.298836 0.640856 
vn 0.707107 -0.298836 -0.640856 
vn 0.779413 -0.264775 -0.567811 
vn 0.842582 -0.227609 -0.488108 
vn 0.895872 -0.187774 -0.402683 
vn 0.938659 -0.145738 -0.312537 
vn 0.970441 -0.101994 -0.218726 
vn 0.990846 -0.0570535 -0.122352 
vn 0.999633 -0.0114442 -0.0245423 
vn 0.996701 0.0342992 0.0735548 
vn 0.982084 0.0796404 0.170789 
vn 0.955952 0.124048 0.266022 
vn 0.918613 0.167001 0.358135 
vn 0.870504 0.207996 0.44605 
vn 0.812189 0.246553 0.528735 
vn 0.744352 0.282219 0.605221 
vn 0.667788 0.314577 0.674612 
vn 0.583395 0.343246 0.736093 
vn 0.492162 0.367891 0.788944 
vn 0.395159 0.388223 0.832546 
vn 0.293523 0.404003 0.866387 
vn 0.188445 0.415046 0.89007 
vn 0.0811587 0.421224 0.903318 
vn -0.0270794 0.422463 0.905975 
vn -0.135 0.418749 0.898011 
vn -0.241338 0.410126 0.879518 
vn -0.344846 0.396695 0.850714 
vn -0.444312 0.378612 0.811936 
vn -0.538568 0.356091 0.763639 
vn -0.62651 0.329394 0.706388 
vn -0.707107 0.298836 0.640856 
vn 0.707107 -0.298836 -0.640856 
vn 0.779413 -0.264775 -0.567811 
vn 0.842582 -0.227609 -0.488108 
vn 0.895872 -0.187774 -0.402683 
vn 0.938659 -0.145738 -0.312537 
vn 0.970441 -0.101994 -0.218726 
vn 0.990846 -0.0570535 -0.122352 
vn 0.999633 -0.0114442 -0.0245423 
vn 0.996701 0.0342992 0.0735548 
vn 0.982084 0.0796404 0.170789 
vn 0.955952 0.124048 0.266022 
vn 0.918613 0.167001 0.358135 
vn 0.870504 0.207996 0.44605 
vn 0.812189 0.246553 0.528735 
vn 0.744352 0.282219 0.605221 
vn 0.667788 0.314577 0.674612 
vn 0.583395 0.343246 0.736093 
vn 0.492162 0.367891 0.788944 
vn 0.395159 0.388223 0.832546 
vn 0.293523 0.404003 0.866387 
vn 0.188445 0.415046 0.89007 
vn 0.0811587 0.421224 0.903318 
vn -0.0270794 0.422463 0.905975 
vn -0.135 0.418749 0.898011 
vn -0.241338 0.410126 0.879518 
vn -0.344846 0.396695 0.850714 
vn -0.444312 0.378612 0.811936 
vn -0.538568 0.356091 0.763639 
vn -0.62651 0.329394 0.706388 
vn -0.707107 0.298836 0.640856 
vn 4.01398e-17 0.906308 -0.422618 
vn 0.707107 -0.298836 -0.640856 
vn 0.779413 -0.264775 -0.567811 
vn 0.842582 -0.227609 -0.488108 
vn 0.895872 -0.187774 -0.402683 
vn 0.938659 -0.145738 -0.312537 
vn 0.970441 -0.101994 -0.218726 
vn 0.990846 -0.0570535 -0.122352 
vn 0.999633 -0.0114442 -0.0245423 
vn 0.996701 0.0342992 0.0735548 
vn 0.982084 0.0796404 0.170789 
vn 0.955952 0.124048 0.266022 
vn 0.918613 0.167001 0.358135 
vn 0.870504 0.207996 0.44605 
vn 0.812189 0.246553 0.528735 
vn 0.744352 0.282219 0.605221 
vn 0.667788 0.314577 0.674612 
vn 0.583395 0.343246 0.736093 
vn 0.492162 0.367891 0.788944 
vn 0.395159 0.388223 0.832546 
vn 0.293523 0.404003 0.866387 
vn 0.188445 0.415046 0.89007 
vn 0.0811587 0.421224 0.903318 
vn -0.0270794 0.422463 0.905975 
vn -0.135 0.418749 0.898011 
vn -0.241338 0.410126 0.879518 
vn -0.344846 0.396695 0.850714 
vn -0.444312 0.378612 0.811936 
vn -0.538568 0.356091 0.763639 
vn -0.62651 0.329394 0.706388 
vn -0.707107 0.298836 0.640856 
vn 4.01398e-17 0.906308 -0.422618 
vn 1 -5.03102e-17 2.346e-17 
vn 0.994138 0.0456931 0.0979891 
vn 0.976621 0.0908504 0.194829 
vn 0.947653 0.134943 0.289385 
vn 0.907575 0.177453 0.380549 
vn 0.856857 0.217882 0.46725 
vn 0.796093 0.255758 0.548474 
vn 0.725995 0.290634 0.623267 
vn 0.647386 0.322104 0.690753 
vn 0.561187 0.349796 0.750141 
vn 0.468408 0.373388 0.800734 
vn 0.370138 0.392603 0.841939 
vn 0.267528 0.407214 0.873273 
vn 0.161782 0.417051 0.894369 
vn 0.0541389 0.421998 0.904979 
vn -0.0541389 0.421998 0.904979 
vn -0.161782 0.417051 0.894369 
vn -0.267528 0.407214 0.873273 
vn -0.370138 0.392603 0.841939 
vn -0.468408 0.373388 0.800734 
vn -0.561187 0.349796 0.750141 
vn -0.647386 0.322104 0.690753 
vn -0.725995 0.290634 0.623267 
vn -0.796093 0.255758 0.548474 
vn -0.856857 0.217882 0.46725 
vn -0.907575 0.177453 0.380549 
vn -0.947653 0.134943 0.289385 
vn -0.976621 0.0908504 0.194829 
vn -0.994138 0.0456931 0.0979891 
vn -1 2.89746e-16 4.90012e-16 
vn -0.994138 -0.0456931 -0.0979891 
vn -0.976621 -0.0908504 -0.194829 
vn -0.947653 -0.134943 -0.289385 
vn -0.907575 -0.177453 -0.380549 
vn -0.856857 -0.217882 -0.46725 
vn -0.796093 -0.255758 -0.548474 
vn -0.725995 -0.290634 -0.623267 
vn -0.647386 -0.322104 -0.690753 
vn -0.561187 -0.349796 -0.750141 
vn -0.468408 -0.373388 -0.800734 
vn -0.370138 -0.392603 -0.841939 
vn -0.267528 -0.407214 -0.873273 
vn -0.161782 -0.417051 -0.894369 
vn -0.0541389 -0.421998 -0.904979 
vn 0.0541389 -0.421998 -0.904979 
vn 0.161782 -0.417051 -0.894369 
vn 0.267528 -0.407214 -0.873273 
vn 0.370138 -0.392603 -0.841939 
vn 0.468408 -0.373388 -0.800734 
vn 0.561187 -0.349796 -0.750141 
vn 0.647386 -0.322104 -0.690753 
vn 0.725995 -0.290634 -0.623267 
vn 0.796093 -0.255758 -0.548474 
vn 0.856857 -0.217882 -0.46725 
vn 0.907575 -0.177453 -0.380549 
vn 0.947653 -0.134943 -0.289385 
vn 0.976621 -0.0908504 -0.194829 
vn 0.994138 -0.0456931 -0.0979891 
vn 4.01398e-17 0.906308 -0.422618 
vn -0.994138 -0.0456931 -0.0979891 
vn -0.994139 -0.0456889 -0.0979801 
vn -0.996697 -0.0343201 -0.0735998 
vn -0.976621 -0.0908504 -0.194829 
vn -0.986811 -0.068411 -0.146708 
vn -0.947653 -0.134943 -0.289385 
vn -0.970108 -0.102558 -0.219936 
vn -0.907575 -0.177453 -0.380549 
vn -0.91595 -0.169594 -0.363695 
vn -0.907579 -0.177449 -0.380541 
vn -0.856857 -0.217882 -0.46725 
vn -0.883417 -0.198034 -0.424685 
vn -0.796093 -0.255758 -0.548474 
vn -0.831367 -0.234859 -0.503657 
vn -0.725995 -0.290634 -0.623267 
vn -0.647386 -0.322104 -0.690753 
vn -0.711108 -0.297136 -0.637209 
vn -0.561187 -0.349796 -0.750141 
vn -0.468408 -0.373388 -0.800734 
vn -0.538631 -0.356074 -0.763602 
vn -0.370138 -0.392603 -0.841939 
vn -0.420057 -0.383525 -0.822472 
vn -0.267528 -0.407214 -0.873273 
vn -0.319654 -0.400445 -0.858758 
vn -0.161782 -0.417051 -0.894369 
vn -0.238757 -0.410396 -0.880097 
vn -0.0541389 -0.421998 -0.904979 
vn -0.108327 -0.420131 -0.900974 
vn 0.725995 -0.290634 -0.623267 
vn 0.796093 -0.255758 -0.548474 
vn 0.856857 -0.217882 -0.46725 
vn 0.907575 -0.177453 -0.380549 
vn 0.947653 -0.134943 -0.289385 
vn 0.976621 -0.0908504 -0.194829 
vn 0.994138 -0.0456931 -0.0979891 
vn 1 -1.02066e-16 -8.75307e-17 
vn 0.994138 0.0456931 0.0979891 
vn 0.976621 0.0908504 0.194829 
vn 0.947653 0.134943 0.289385 
vn 0.907575 0.177453 0.380549 
vn 0.856857 0.217882 0.46725 
vn 0.796093 0.255758 0.548474 
vn 0.725995 0.290634 0.623267 
vn 0.647386 0.322104 0.690753 
vn 0.561187 0.349796 0.750141 
vn 0.468408 0.373388 0.800734 
vn 0.370138 0.392603 0.841939 
vn 0.267528 0.407214 0.873273 
vn 0.161782 0.417051 0.894369 
vn 0.0541389 0.421998 0.904979 
vn -0.994138 0.0456931 0.0979891 
vn -0.99852 0.0229865 0.0492947 
vn -0.996697 0.0343201 0.0735998 
vn -0.994138 0.0456931 0.0979891 
vn -0.986814 0.068403 0.146691 
vn -0.976621 0.0908504 0.194829 
vn -0.947653 0.134943 0.289385 
vn -0.970108 0.102558 0.219936 
vn -0.976618 0.0908545 0.194838 
vn -0.907575 0.177453 0.380549 
vn -0.947653 0.134943 0.289385 
vn -0.91595 0.169594 0.363695 
vn -0.907575 0.177453 0.380549 
vn -0.883462 0.197998 0.424609 
vn -0.856857 0.217882 0.46725 
vn -0.796093 0.255758 0.548474 
vn -0.856855 0.217884 0.467254 
vn -0.831712 0.234641 0.503189 
vn -0.725995 0.290634 0.623267 
vn -0.796093 0.255758 0.548474 
vn -0.647386 0.322104 0.690753 
vn -0.725995 0.290634 0.623267 
vn -0.711108 0.297136 0.637209 
vn -0.561187 0.349796 0.750141 
vn -0.647386 0.322104 0.690753 
vn -0.468408 0.373388 0.800734 
vn -0.561187 0.349796 0.750141 
vn -0.538631 0.356074 0.763602 
vn -0.370138 0.392603 0.841939 
vn -0.468408 0.373388 0.800734 
vn -0.42015 0.383507 0.822433 
vn -0.267528 0.407214 0.873273 
vn -0.370138 0.392603 0.841939 
vn -0.31959 0.400454 0.858777 
vn -0.161782 0.417051 0.894369 
vn -0.267519 0.407215 0.873275 
vn -0.238757 0.410396 0.880097 
vn -0.0541389 0.421998 0.904979 
vn -0.161782 0.417051 0.894369 
vn -0.108422 0.420127 0.900965 
vn 1.83697e-16 0.422618 0.906308 
vn -0.0541389 0.421998 0.904979 
vn -0.108327 0.420131 0.900974 
vn -0.161782 0.417051 0.894369 
vn -0.238757 0.410396 0.880097 
vn -0.267528 0.407214 0.873273 
vn -0.319654 0.400445 0.858758 
vn -0.370138 0.392603 0.841939 
vn -0.420057 0.383525 0.822472 
vn -0.468408 0.373388 0.800734 
vn -0.538631 0.356074 0.763602 
vn -0.561187 0.349796 0.750141 
vn -0.647386 0.322104 0.690753 
vn 0.725995 -0.290634 -0.623267 
vn 0.707107 -0.298836 -0.640856 
vn 0.647386 -0.322104 -0.690753 
vn 0.561187 -0.349796 -0.750141 
vn 0.468408 -0.373388 -0.800734 
vn 0.370138 -0.392603 -0.841939 
vn 0.267528 -0.407214 -0.873273 
vn 0.161782 -0.417051 -0.894369 
vn 0.0541389 -0.421998 -0.904979 
vn -7.27366e-16 -0.422618 -0.906308 
vn -0.0541389 -0.421998 -0.904979 
vn -0.161782 -0.417051 -0.894369 
vn -0.108438 -0.420126 -0.900963 
vn -0.267528 -0.407214 -0.873273 
vn -0.267519 -0.407215 -0.873275 
vn -0.238757 -0.410396 -0.880097 
vn -0.370138 -0.392603 -0.841939 
vn -0.319536 -0.400462 -0.858794 
vn -0.468408 -0.373388 -0.800734 
vn -0.420159 -0.383505 -0.822429 
vn -0.561187 -0.349796 -0.750141 
vn -0.538631 -0.356074 -0.763602 
vn -0.647386 -0.322104 -0.690753 
vn -0.725995 -0.290634 -0.623267 
vn -0.711108 -0.297136 -0.637209 
vn -0.796093 -0.255758 -0.548474 
vn -0.856857 -0.217882 -0.46725 
vn -0.856855 -0.217884 -0.467254 
vn -0.831712 -0.234641 -0.503189 
vn -0.907575 -0.177453 -0.380549 
vn -0.883462 -0.197998 -0.424608 
vn -0.947653 -0.134943 -0.289385 
vn -0.91595 -0.169594 -0.363695 
vn -0.976621 -0.0908504 -0.194829 
vn -0.976618 -0.0908545 -0.194838 
vn -0.970108 -0.102558 -0.219936 
vn -0.994138 -0.0456931 -0.0979891 
vn -0.98681 -0.0684133 -0.146713 
vn -1 1.53822e-16 1.98521e-16 
vn -0.996697 -0.0343201 -0.0735998 
vn -0.994138 0.0456931 0.0979891 
vn -0.994139 0.0456889 0.0979801 
vn -0.996697 0.0343201 0.0735998 
vn -0.976621 0.0908504 0.194829 
vn -0.986814 0.0684031 0.146691 
vn -0.947653 0.134943 0.289385 
vn -0.970108 0.102558 0.219936 
vn -0.907575 0.177453 0.380549 
vn -0.907579 0.177449 0.380541 
vn -0.91595 0.169594 0.363695 
vn -0.856857 0.217882 0.46725 
vn -0.883417 0.198034 0.424685 
vn -0.796093 0.255758 0.548474 
vn -0.831367 0.234859 0.503657 
vn -0.725995 0.290634 0.623267 
vn -0.647386 0.322104 0.690753 
vn -0.707107 0.298836 0.640856 
vn -0.711108 0.297136 0.637209 
vn -0.999178 -0.0171347 -0.0367454 
vn -4.33987e-18 0.322152 0.946688 
vn -5.91352e-32 0.422618 0.906308 
vn -8.62887e-18 0.217908 0.975969 
vn -4.33987e-18 0.322152 0.946688 
vn -1.28167e-17 0.11111 0.993808 
vn -8.62887e-18 0.217908 0.975969 
vn -1.68543e-17 0.00300918 0.999995 
vn -1.28167e-17 0.11111 0.993808 
vn -2.06942e-17 -0.105127 0.994459 
vn -1.68543e-17 0.00300918 0.999995 
vn -2.42916e-17 -0.212031 0.977263 
vn -2.06942e-17 -0.105127 0.994459 
vn -2.76041e-17 -0.316448 0.94861 
vn -2.42916e-17 -0.212031 0.977263 
vn -2.42916e-17 -0.884918 -0.465748 
vn -2.76041e-17 -0.930086 -0.367341 
vn -2.06942e-17 -0.829374 -0.558694 
vn -2.42916e-17 -0.884918 -0.465748 
vn -1.68543e-17 -0.764107 -0.64509 
vn -2.06942e-17 -0.829374 -0.558694 
vn -1.28167e-17 -0.689881 -0.723923 
vn -1.68543e-17 -0.764107 -0.64509 
vn -8.62887e-18 -0.607567 -0.794268 
vn -1.28167e-17 -0.689881 -0.723923 
vn -4.33987e-18 -0.51813 -0.855302 
vn -8.62887e-18 -0.607567 -0.794268 
vn 5.42195e-32 -0.422618 -0.906308 
vn -4.33987e-18 -0.51813 -0.855302 
vn 4.33987e-18 -0.322152 -0.946688 
vn 4.93038e-32 -0.422618 -0.906308 
vn 8.62887e-18 -0.217908 -0.975969 
vn 4.33987e-18 -0.322152 -0.946688 
vn 1.28167e-17 -0.11111 -0.993808 
vn 8.62887e-18 -0.217908 -0.975969 
vn 1.68543e-17 -0.00300918 -0.999995 
vn 1.28167e-17 -0.11111 -0.993808 
vn 2.06942e-17 0.105127 -0.994459 
vn 1.68543e-17 -0.00300918 -0.999995 
vn 2.42916e-17 0.212031 -0.977263 
vn 2.06942e-17 0.105127 -0.994459 
vn 2.76041e-17 0.316448 -0.94861 
vn 2.42916e-17 0.212031 -0.977263 
vn 2.42916e-17 0.884918 0.465748 
vn 2.76041e-17 0.930086 0.367341 
vn 2.06942e-17 0.829374 0.558694 
vn 2.42916e-17 0.884918 0.465748 
vn 1.68543e-17 0.764107 0.64509 
vn 2.06942e-17 0.829374 0.558694 
vn 1.28167e-17 0.689881 0.723923 
vn 1.68543e-17 0.764107 0.64509 
vn 8.62887e-18 0.607567 0.794268 
vn 1.28167e-17 0.689881 0.723923 
vn 4.33987e-18 0.51813 0.855302 
vn 8.62887e-18 0.607567 0.794268 
vn -3.0593e-17 -0.964351 -0.264628 
vn -3.023e-17 -0.960592 -0.277964 
vn -2.99535e-17 -0.957646 -0.287949 
vn -3.00588e-17 -0.958776 -0.284163 
vn -2.99184e-17 -0.957267 -0.289204 
vn -3.32233e-17 -0.987309 -0.158812 
vn -3.15154e-17 -0.973314 -0.229478 
vn -3.19613e-17 -0.977318 -0.211776 
vn -3.11163e-17 -0.969544 -0.244916 
vn -3.2438e-17 -0.981338 -0.192293 
vn -3.0593e-17 -0.964351 -0.264628 
vn -3.07794e-17 -0.966232 -0.257674 
vn -3.5464e-17 -0.998692 -0.0511339 
vn -3.34758e-17 -0.989041 -0.147638 
vn -3.45721e-17 -0.995333 -0.096504 
vn -3.32233e-17 -0.987309 -0.15881 
vn -3.72889e-17 -0.998366 0.0571434 
vn -3.56727e-17 -0.999203 -0.0399258 
vn -3.6728e-17 -0.999778 0.0210471 
vn -3.5464e-17 -0.998692 -0.0511302 
vn -3.86767e-17 -0.986335 0.164751 
vn -3.81317e-17 -0.992966 0.118403 
vn -3.85351e-17 -0.988377 0.152023 
vn -3.72889e-17 -0.998366 0.0571434 
vn -3.76984e-17 -0.996324 0.0856601 
vn -3.86767e-17 -0.986335 0.164751 
vn -3.92198e-17 -0.975498 0.220009 
vn -3.9611e-17 -0.962741 0.270427 
vn -4.00809e-17 -0.927859 0.372932 
vn -3.99053e-17 -0.946623 0.322341 
vn -4.00354e-17 -0.934412 0.356193 
vn -3.9611e-17 -0.962741 0.270427 
vn -3.97258e-17 -0.957503 0.288424 
vn -4.00809e-17 -0.927859 0.372932 
vn -4.01398e-17 -0.906308 0.422618 
vn -4.00809e-17 -0.882099 0.471065 
vn -3.9611e-17 -0.825997 0.563675 
vn -3.99054e-17 -0.855414 0.517945 
vn -3.97254e-17 -0.836385 0.548142 
vn -4.00809e-17 -0.882099 0.471065 
vn -4.00355e-17 -0.873506 0.486813 
vn -3.86767e-17 -0.760211 0.649677 
vn -3.9611e-17 -0.825997 0.563675 
vn -3.92198e-17 -0.795574 0.605856 
vn -3.72889e-17 -0.685512 0.728062 
vn -3.86767e-17 -0.760211 0.649677 
vn -3.85362e-17 -0.751842 0.659344 
vn -3.81309e-17 -0.728928 0.684591 
vn -3.76944e-17 -0.705839 0.708372 
vn -3.5464e-17 -0.602776 0.797911 
vn -3.72889e-17 -0.685513 0.72806 
vn -3.6728e-17 -0.658768 0.752346 
vn -3.56727e-17 -0.61169 0.791097 
vn -3.32233e-17 -0.512973 0.858405 
vn -3.5464e-17 -0.602779 0.797908 
vn -3.45721e-17 -0.565861 0.824501 
vn -3.34758e-17 -0.522646 0.85255 
vn -3.0593e-17 -0.417156 0.908835 
vn -3.11172e-17 -0.435626 0.900128 
vn -3.0763e-17 -0.423116 0.906075 
vn -3.2438e-17 -0.483486 0.875352 
vn -3.19604e-17 -0.465943 0.884815 
vn -3.15154e-17 -0.449844 0.893107 
vn -3.32233e-17 -0.512975 0.858404 
vn -3.023e-17 -0.404524 0.914528 
vn -3.00585e-17 -0.398598 0.917126 
vn -2.99535e-17 -0.394981 0.918689 
vn -2.76041e-17 -0.316448 0.94861 
vn -3.0593e-17 -0.417156 0.908835 
vn 3.0593e-17 0.964351 0.264628 
vn 3.023e-17 0.960592 0.277964 
vn 2.99535e-17 0.957646 0.287949 
vn 3.00588e-17 0.958776 0.284165 
vn 2.99184e-17 0.957267 0.289204 
vn 3.32233e-17 0.987309 0.158812 
vn 3.15154e-17 0.973314 0.229478 
vn 3.19612e-17 0.977317 0.21178 
vn 3.11167e-17 0.969548 0.2449 
vn 3.2438e-17 0.981338 0.192293 
vn 3.0593e-17 0.964351 0.264628 
vn 3.07794e-17 0.966232 0.257673 
vn 3.5464e-17 0.998692 0.0511339 
vn 3.34758e-17 0.989041 0.147638 
vn 3.45721e-17 0.995333 0.096504 
vn 3.32233e-17 0.987309 0.15881 
vn 3.72889e-17 0.998366 -0.0571434 
vn 3.56727e-17 0.999203 0.0399258 
vn 3.6728e-17 0.999778 -0.0210471 
vn 3.5464e-17 0.998692 0.0511302 
vn 3.86767e-17 0.986335 -0.164751 
vn 3.81317e-17 0.992966 -0.118403 
vn 3.85351e-17 0.988377 -0.152023 
vn 3.76984e-17 0.996324 -0.0856601 
vn 3.72889e-17 0.998366 -0.0571434 
vn 3.86767e-17 0.986335 -0.164751 
vn 3.92198e-17 0.975498 -0.220009 
vn 3.9611e-17 0.962741 -0.270427 
vn 4.00809e-17 0.927859 -0.372932 
vn 3.99054e-17 0.946618 -0.322357 
vn 4.00354e-17 0.934412 -0.356193 
vn 3.9611e-17 0.962741 -0.270427 
vn 3.97258e-17 0.957503 -0.288424 
vn 4.00809e-17 0.882099 -0.471065 
vn 4.01398e-17 0.90645 -0.422314 
vn 4.01251e-17 0.894554 -0.446961 
vn 4.00809e-17 0.927859 -0.372932 
vn 4.01134e-17 0.921027 -0.389499 
vn 3.9611e-17 0.825997 -0.563675 
vn 3.99054e-17 0.855408 -0.517955 
vn 3.97254e-17 0.836385 -0.548142 
vn 4.00809e-17 0.882099 -0.471065 
vn 4.00355e-17 0.873506 -0.486813 
vn 3.86767e-17 0.760211 -0.649677 
vn 3.9611e-17 0.825997 -0.563675 
vn 3.92198e-17 0.795574 -0.605856 
vn 3.72889e-17 0.685512 -0.728062 
vn 3.86767e-17 0.760211 -0.649677 
vn 3.85362e-17 0.751842 -0.659344 
vn 3.81309e-17 0.728928 -0.684591 
vn 3.76944e-17 0.705839 -0.708372 
vn 3.5464e-17 0.602776 -0.797911 
vn 3.72889e-17 0.685513 -0.72806 
vn 3.6728e-17 0.658768 -0.752346 
vn 3.56727e-17 0.61169 -0.791097 
vn 3.32233e-17 0.512973 -0.858405 
vn 3.5464e-17 0.602779 -0.797908 
vn 3.45721e-17 0.565861 -0.824501 
vn 3.34758e-17 0.522646 -0.85255 
vn 3.0593e-17 0.417156 -0.908835 
vn 3.11172e-17 0.435626 -0.900128 
vn 3.0763e-17 0.423116 -0.906075 
vn 3.2438e-17 0.483486 -0.875352 
vn 3.19604e-17 0.465943 -0.884815 
vn 3.15154e-17 0.449844 -0.893107 
vn 3.32233e-17 0.512975 -0.858404 
vn 3.023e-17 0.404524 -0.914528 
vn 3.00585e-17 0.398598 -0.917126 
vn 2.99535e-17 0.394981 -0.918689 
vn 2.76041e-17 0.316448 -0.94861 
vn 3.0593e-17 0.417156 -0.908835 
vn 2.99184e-17 0.393776 -0.919206 
vn -2.99184e-17 -0.393776 0.919206 
vn 1 -5.03102e-17 2.346e-17 
vn 4.01398e-17 0.906308 -0.422618 
vn 0.725995 0.290634 0.623267 
vn 0.796093 0.255758 0.548474 
vn 0.856857 0.217882 0.46725 
vn 0.907575 0.177453 0.380549 
vn 0.947653 0.134943 0.289385 
vn 0.976621 0.0908504 0.194829 
vn 0.994138 0.0456931 0.0979891 
vn 1 1.44562e-18 1.34451e-16 
vn 0.994138 -0.0456931 -0.0979891 
vn 0.976621 -0.0908504 -0.194829 
vn 0.947653 -0.134943 -0.289385 
vn 0.907575 -0.177453 -0.380549 
vn 0.856857 -0.217882 -0.46725 
vn 0.796093 -0.255758 -0.548474 
vn 0.725995 -0.290634 -0.623267 
vn 0.647386 -0.322104 -0.690753 
vn 0.561187 -0.349796 -0.750141 
vn 0.468408 -0.373388 -0.800734 
vn 0.370138 -0.392603 -0.841939 
vn 0.267528 -0.407214 -0.873273 
vn 0.161782 -0.417051 -0.894369 
vn 0.0541389 -0.421998 -0.904979 
vn -0.0541389 -0.421998 -0.904979 
vn -0.161782 -0.417051 -0.894369 
vn -0.267528 -0.407214 -0.873273 
vn -0.370138 -0.392603 -0.841939 
vn -0.468408 -0.373388 -0.800734 
vn -0.561187 -0.349796 -0.750141 
vn -0.647386 -0.322104 -0.690753 
vn -0.725995 -0.290634 -0.623267 
vn -0.796093 -0.255758 -0.548474 
vn -0.856857 -0.217882 -0.46725 
vn -0.907575 -0.177453 -0.380549 
vn -0.947653 -0.134943 -0.289385 
vn -0.976621 -0.0908504 -0.194829 
vn -0.994138 -0.0456931 -0.0979891 
vn -1 5.03102e-17 -2.346e-17 
vn -0.994138 0.0456931 0.0979891 
vn -0.976621 0.0908504 0.194829 
vn -0.947653 0.134943 0.289385 
vn -0.907575 0.177453 0.380549 
vn -0.856857 0.217882 0.46725 
vn -0.796093 0.255758 0.548474 
vn -0.725995 0.290634 0.623267 
vn -0.677086 0.311006 0.666955 
vn -0.647386 0.322104 0.690753 
vn -0.6875 0.306899 0.658147 
vn -0.659881 0.317543 0.680973 
vn -0.725995 0.290634 0.623267 
vn -0.561187 0.349796 0.750141 
vn -0.605263 0.336415 0.721444 
vn -0.647386 0.322104 0.690754 
vn -0.642034 0.324011 0.694844 
vn -0.623757 0.330326 0.708387 
vn -0.586769 0.342217 0.733887 
vn -0.568492 0.347683 0.745609 
vn -0.468408 0.373388 0.800734 
vn -0.501747 0.365571 0.78397 
vn -0.494539 0.367321 0.787722 
vn -0.48763 0.368967 0.791252 
vn -0.481108 0.370493 0.794525 
vn -0.474893 0.371922 0.79759 
vn -0.517076 0.361736 0.775744 
vn -0.550646 0.352776 0.75653 
vn -0.561187 0.349796 0.750141 
vn -0.53344 0.357467 0.766589 
vn -0.370138 0.392603 0.841939 
vn -0.4625 0.374701 0.80355 
vn -0.468408 0.373388 0.800734 
vn -0.463728 0.37443 0.802968 
vn -0.4625 0.374701 0.80355 
vn -0.370138 0.392603 0.841939 
vn -0.267528 0.407214 0.873273 
vn -0.161782 0.417051 0.894369 
vn -0.0541389 0.421998 0.904979 
vn 0.0541389 0.421998 0.904979 
vn 0.161782 0.417051 0.894369 
vn 0.267528 0.407214 0.873273 
vn 0.370138 0.392603 0.841939 
vn 0.468408 0.373388 0.800734 
vn 0.4625 0.374701 0.80355 
vn 0.463728 0.37443 0.802968 
vn 0.370138 0.392603 0.841939 
vn 0.53344 0.357467 0.766589 
vn 0.550646 0.352776 0.75653 
vn 0.561187 0.349796 0.750141 
vn 0.517076 0.361736 0.775744 
vn 0.48763 0.368967 0.791252 
vn 0.494554 0.367317 0.787715 
vn 0.481104 0.370494 0.794527 
vn 0.474893 0.371922 0.79759 
vn 0.501747 0.365571 0.78397 
vn 0.647386 0.322104 0.690753 
vn 0.623757 0.330326 0.708387 
vn 0.642034 0.324011 0.694844 
vn 0.605263 0.336415 0.721444 
vn 0.586769 0.342217 0.733887 
vn 0.568492 0.347683 0.745609 
vn 0.561187 0.349796 0.750141 
vn 0.6875 0.306899 0.658147 
vn 0.677086 0.311006 0.666955 
vn 0.659881 0.317543 0.680973 
vn 0.647386 0.322104 0.690754 
vn -0.556204 0.351215 0.753183 
vn -0.4625 0.374701 0.80355 
vn -0.643307 0.32356 0.693877 
vn -0.595868 0.339397 0.72784 
vn -0.621023 0.331245 0.710357 
vn -0.556256 0.3512 0.753152 
vn -0.722774 0.292065 0.626335 
vn -0.643245 0.323582 0.693924 
vn -0.793663 0.257103 0.55136 
vn -0.729713 0.288967 0.619691 
vn -0.768783 0.270269 0.579593 
vn -0.72281 0.292049 0.626301 
vn -0.855132 0.21909 0.46984 
vn -0.793666 0.257101 0.551355 
vn -0.848064 0.223943 0.480247 
vn -0.906451 0.178476 0.382744 
vn -0.855088 0.219121 0.469906 
vn -0.8813 0.199711 0.428282 
vn -0.947012 0.135744 0.291105 
vn -0.906484 0.178447 0.38268 
vn -0.937602 0.146949 0.315133 
vn -0.976333 0.0914014 0.196011 
vn -0.946969 0.135797 0.291218 
vn -0.957091 0.122469 0.262636 
vn -0.994066 0.0459735 0.0985906 
vn -0.976359 0.0913518 0.195905 
vn -0.988196 0.0647439 0.138844 
vn -1 5.03102e-17 -2.346e-17 
vn -0.99406 0.0459949 0.0986363 
vn -0.995226 0.0412444 0.0884489 
vn -0.999985 0.00233735 0.00501247 
vn -1 5.03102e-17 -2.346e-17 
vn 0.994066 0.0459735 0.0985906 
vn 0.999985 0.00233735 0.00501247 
vn 0.995226 0.0412444 0.0884489 
vn 1 -5.03102e-17 2.346e-17 
vn 0.988196 0.0647439 0.138844 
vn 0.976359 0.0913518 0.195905 
vn 0.99406 0.0459949 0.0986363 
vn 0.976333 0.0914014 0.196011 
vn 0.957091 0.122469 0.262636 
vn 0.946969 0.135797 0.291218 
vn 0.947012 0.135744 0.291105 
vn 0.937602 0.146949 0.315133 
vn 0.906484 0.178447 0.38268 
vn 0.906451 0.178476 0.382744 
vn 0.8813 0.199711 0.428282 
vn 0.855088 0.219121 0.469906 
vn 0.855132 0.21909 0.46984 
vn 0.848064 0.223943 0.480247 
vn 0.793666 0.257101 0.551355 
vn 0.793663 0.257103 0.55136 
vn 0.729713 0.288967 0.619691 
vn 0.72281 0.292049 0.626301 
vn 0.768783 0.270269 0.579593 
vn 0.722774 0.292065 0.626335 
vn 0.643245 0.323582 0.693924 
vn 0.643307 0.32356 0.693877 
vn 0.595868 0.339397 0.72784 
vn 0.556256 0.3512 0.753152 
vn 0.621023 0.331245 0.710357 
vn 0.556204 0.351215 0.753183 
vn 0.4625 0.374701 0.80355 
vn 0.994402 0.0446533 0.0957593 
vn 0.999985 0.00233735 0.00501247 
vn 0.995226 0.041246 0.0884523 
vn 1 -5.03102e-17 2.346e-17 
vn 0.986376 0.0695239 0.149095 
vn 0.977672 0.0888076 0.190448 
vn 0.994398 0.0446724 0.0958003 
vn 0.949997 0.131966 0.283002 
vn 0.976302 0.0914592 0.196135 
vn 0.957137 0.122406 0.2625 
vn 0.977673 0.0888066 0.190446 
vn 0.914676 0.170817 0.366318 
vn 0.911707 0.173629 0.372349 
vn 0.949997 0.131967 0.283003 
vn 0.911687 0.173648 0.372389 
vn 0.881375 0.199652 0.428156 
vn 0.863144 0.213404 0.457647 
vn 0.86317 0.213385 0.457607 
vn 0.817315 0.243509 0.522207 
vn 0.805041 0.250705 0.537639 
vn 0.80499 0.250734 0.537702 
vn 0.768862 0.270228 0.579507 
vn 0.737735 0.285306 0.61184 
vn 0.737798 0.285276 0.611777 
vn 0.683696 0.308413 0.661394 
vn 0.662408 0.316602 0.678954 
vn 0.701862 0.301036 0.645574 
vn 0.662347 0.316625 0.679004 
vn 0.620937 0.331274 0.710419 
vn 0.579412 0.344449 0.738672 
vn 0.57948 0.344428 0.738629 
vn 0.554192 0.351783 0.7544 
vn 0.490142 0.368372 0.789976 
vn 0.490126 0.368376 0.789985 
vn 0.41044 0.38538 0.826451 
vn 0.395326 0.388192 0.832481 
vn 0.439482 0.379617 0.814092 
vn 0.395285 0.3882 0.832497 
vn 0.295971 0.403684 0.865702 
vn 0.296018 0.403677 0.865689 
vn 0.22665 0.41162 0.882722 
vn 0.193448 0.414635 0.889188 
vn 0.251244 0.409062 0.877237 
vn 0.277023 0.406078 0.870838 
vn 0.193438 0.414636 0.88919 
vn 0.123015 0.419408 0.899424 
vn 0.0887344 0.420951 0.902733 
vn 0.0886924 0.420953 0.902736 
vn -0.0151465 0.42257 0.906204 
vn -0.0170253 0.422557 0.906176 
vn -0.00700218 0.422608 0.906286 
vn -0.0170463 0.422557 0.906176 
vn -0.121181 0.419504 0.899629 
vn -0.122592 0.419431 0.899472 
vn -0.122594 0.41943 0.899471 
vn -0.203965 0.413734 0.887256 
vn -0.226744 0.411611 0.882702 
vn -0.22677 0.411608 0.882697 
vn -0.308128 0.402056 0.862211 
vn -0.32838 0.399182 0.856049 
vn -0.283778 0.405244 0.869049 
vn -0.328406 0.399178 0.856041 
vn -0.409754 0.385511 0.826731 
vn -0.426366 0.38228 0.819801 
vn -0.426367 0.38228 0.819801 
vn -0.447398 0.377962 0.810543 
vn -0.519569 0.361097 0.774375 
vn -0.519554 0.361101 0.774384 
vn -0.575306 0.345676 0.741304 
vn -0.606933 0.335877 0.720291 
vn -0.531802 0.357902 0.767524 
vn -0.606924 0.33588 0.720297 
vn -0.611876 0.334272 0.716848 
vn -0.6875 0.306899 0.658147 
vn 0.606924 0.33588 0.720297 
vn 0.6875 0.306899 0.658147 
vn 0.611876 0.334272 0.716848 
vn 0.519554 0.361101 0.774384 
vn 0.606933 0.335877 0.720291 
vn 0.575306 0.345676 0.741304 
vn 0.531802 0.357902 0.767524 
vn 0.426367 0.38228 0.819801 
vn 0.519569 0.361097 0.774375 
vn 0.447398 0.377962 0.810543 
vn 0.328406 0.399178 0.856041 
vn 0.426366 0.38228 0.819801 
vn 0.409754 0.385511 0.826731 
vn 0.22677 0.411608 0.882697 
vn 0.308128 0.402056 0.862211 
vn 0.283778 0.405244 0.869049 
vn 0.32838 0.399182 0.856049 
vn 0.122594 0.41943 0.899471 
vn 0.226744 0.411611 0.882702 
vn 0.203965 0.413734 0.887256 
vn 0.0170463 0.422557 0.906176 
vn 0.122592 0.419431 0.899472 
vn 0.121181 0.419504 0.899629 
vn -0.0886924 0.420953 0.902736 
vn 0.0170253 0.422557 0.906176 
vn 0.0151465 0.42257 0.906204 
vn 0.00700218 0.422608 0.906286 
vn -0.193438 0.414636 0.88919 
vn -0.0887344 0.420951 0.902733 
vn -0.123015 0.419408 0.899424 
vn -0.296018 0.403677 0.865689 
vn -0.193448 0.414635 0.889188 
vn -0.22665 0.41162 0.882722 
vn -0.251244 0.409062 0.877237 
vn -0.277023 0.406078 0.870838 
vn -0.395285 0.3882 0.832497 
vn -0.295971 0.403684 0.865702 
vn -0.490126 0.368376 0.789985 
vn -0.41044 0.38538 0.826451 
vn -0.439482 0.379617 0.814092 
vn -0.395326 0.388192 0.832481 
vn -0.57948 0.344428 0.738629 
vn -0.490142 0.368372 0.789976 
vn -0.554192 0.351783 0.7544 
vn -0.662347 0.316625 0.679004 
vn -0.579412 0.344449 0.738672 
vn -0.620937 0.331274 0.710419 
vn -0.737798 0.285276 0.611777 
vn -0.662408 0.316602 0.678954 
vn -0.683696 0.308413 0.661394 
vn -0.701862 0.301036 0.645574 
vn -0.80499 0.250734 0.537702 
vn -0.737735 0.285306 0.61184 
vn -0.768862 0.270228 0.579507 
vn -0.86317 0.213385 0.457607 
vn -0.805041 0.250705 0.537639 
vn -0.817315 0.243509 0.522207 
vn -0.911687 0.173648 0.372389 
vn -0.863144 0.213404 0.457647 
vn -0.881375 0.199652 0.428156 
vn -0.949997 0.131966 0.283002 
vn -0.911707 0.173629 0.372349 
vn -0.914676 0.170817 0.366318 
vn -0.977673 0.0888066 0.190446 
vn -0.949997 0.131967 0.283003 
vn -0.957137 0.122406 0.2625 
vn -0.976302 0.0914592 0.196135 
vn -0.994402 0.0446533 0.0957593 
vn -0.977672 0.0888076 0.190448 
vn -0.986376 0.0695239 0.149095 
vn -1 5.03102e-17 -2.346e-17 
vn -0.994398 0.0446724 0.0958003 
vn -0.995226 0.041246 0.0884523 
vn -0.999985 0.00233735 0.00501247 
vn -1 5.03102e-17 -2.346e-17 
vn -0.994308 -0.0450282 -0.0965633 
vn -0.999985 -0.00233735 -0.00501247 
vn -0.995229 -0.0412316 -0.0884214 
vn -1 5.03102e-17 -2.346e-17 
vn -0.99431 -0.0450178 -0.0965409 
vn -0.977286 -0.0895635 -0.19207 
vn -0.949158 -0.13304 -0.285305 
vn -0.975983 -0.0920654 -0.197435 
vn -0.957138 -0.122403 -0.262495 
vn -0.977296 -0.0895438 -0.192027 
vn -0.912418 -0.17296 -0.370915 
vn -0.910228 -0.17501 -0.375309 
vn -0.949159 -0.133039 -0.285304 
vn -0.910215 -0.175022 -0.375335 
vn -0.881395 -0.199636 -0.428122 
vn -0.860878 -0.215033 -0.461139 
vn -0.860909 -0.215011 -0.461092 
vn -0.82166 -0.240883 -0.516576 
vn -0.801873 -0.252512 -0.541514 
vn -0.801803 -0.252552 -0.5416 
vn -0.768823 -0.270248 -0.579549 
vn -0.733488 -0.287255 -0.61602 
vn -0.733568 -0.287218 -0.615941 
vn -0.701233 -0.301298 -0.646136 
vn -0.657025 -0.318599 -0.683237 
vn -0.656982 -0.318615 -0.683271 
vn -0.620931 -0.331276 -0.710423 
vn -0.572917 -0.346384 -0.742822 
vn 1 -5.03102e-17 2.346e-17 
vn -0.288023 -0.404709 -0.867902 
vn -0.385417 -0.389968 -0.836289 
vn -0.290015 -0.404455 -0.867357 
vn -0.187547 -0.415119 -0.890226 
vn -0.288028 -0.404708 -0.8679 
vn -0.283398 -0.405292 -0.869151 
vn -0.0850634 -0.421086 -0.903023 
vn -0.187528 -0.415121 -0.890229 
vn -0.178964 -0.415795 -0.891676 
vn 0.0183303 -0.422547 -0.906156 
vn -0.0661354 -0.421693 -0.904324 
vn -0.01517 -0.42257 -0.906203 
vn -0.0850343 -0.421088 -0.903025 
vn 0.00338641 -0.422616 -0.906303 
vn 0.121528 -0.419486 -0.89959 
vn 0.0182995 -0.422547 -0.906156 
vn 0.223425 -0.411935 -0.883397 
vn 0.121538 -0.419485 -0.899589 
vn 0.125289 -0.419288 -0.899166 
vn 0.322931 -0.399975 -0.85775 
vn 0.223472 -0.41193 -0.883388 
vn 0.226474 -0.411637 -0.882759 
vn 0.262822 -0.407761 -0.874446 
vn 0.41898 -0.383735 -0.822923 
vn 0.322916 -0.399978 -0.857755 
vn 0.395728 -0.388119 -0.832324 
vn 0.417426 -0.384038 -0.823572 
vn 0.510546 -0.363388 -0.779289 
vn 0.418973 -0.383737 -0.822926 
vn 0.439608 -0.379591 -0.814036 
vn 0.596648 -0.339153 -0.727315 
vn 0.510595 -0.363376 -0.779263 
vn 0.551698 -0.352482 -0.755901 
vn 0.676364 -0.311287 -0.667557 
vn 0.596578 -0.339174 -0.727362 
vn 0.620864 -0.331298 -0.710471 
vn 0.748842 -0.28009 -0.600654 
vn 0.676422 -0.311264 -0.667509 
vn 0.689848 -0.305956 -0.656126 
vn 0.813305 -0.245895 -0.527324 
vn 0.748834 -0.280093 -0.600662 
vn 0.768914 -0.270202 -0.57945 
vn 0.807025 -0.249564 -0.535191 
vn 0.869064 -0.209069 -0.448349 
vn 0.813305 -0.245895 -0.527324 
vn 0.824084 -0.239399 -0.513394 
vn 0.915523 -0.170005 -0.364577 
vn 0.869032 -0.209093 -0.448401 
vn 0.881334 -0.199685 -0.428225 
vn 0.952183 -0.129122 -0.276902 
vn 0.915561 -0.169968 -0.364497 
vn 0.921734 -0.163901 -0.351486 
vn 0.978653 -0.0868566 -0.186265 
vn 0.952168 -0.129141 -0.276944 
vn 0.957114 -0.122438 -0.262568 
vn 0.994649 -0.043662 -0.0936334 
vn 0.978666 -0.0868295 -0.186206 
vn 0.980688 -0.0826542 -0.177252 
vn 1 -5.03102e-17 2.346e-17 
vn 0.994648 -0.0436653 -0.0936405 
vn 0.995227 -0.041242 -0.0884438 
vn 0.999985 -0.00233735 -0.00501247 
vn 1 -5.03102e-17 2.346e-17 
vn 0.986827 0.146624 -0.068372 
vn 0.998533 0.0490665 -0.0228801 
vn 0.96355 0.242463 -0.113062 
vn 0.986827 0.146624 -0.068372 
vn 0.928977 0.335459 -0.156427 
vn 0.96355 0.242463 -0.113062 
vn 0.883512 0.424522 -0.197958 
vn 0.928977 0.335459 -0.156427 
vn 0.827689 0.508608 -0.237168 
vn 0.883512 0.424522 -0.197958 
vn 0.762162 0.586731 -0.273597 
vn 0.827689 0.508608 -0.237168 
vn 0.687699 0.657975 -0.306819 
vn 0.762162 0.586731 -0.273597 
vn 0.605174 0.721505 -0.336443 
vn 0.687699 0.657975 -0.306819 
vn 0.515554 0.776576 -0.362123 
vn 0.605174 0.721505 -0.336443 
vn 0.419889 0.822543 -0.383558 
vn 0.515554 0.776576 -0.362123 
vn 0.319302 0.858865 -0.400496 
vn 0.419889 0.822543 -0.383558 
vn 0.21497 0.885119 -0.412738 
vn 0.319302 0.858865 -0.400496 
vn 0.108119 0.900995 -0.420141 
vn 0.21497 0.885119 -0.412738 
vn -8.23249e-17 0.906308 -0.422618 
vn 0.108119 0.900995 -0.420141 
vn -0.108119 0.900995 -0.420141 
vn -8.23249e-17 0.906308 -0.422618 
vn -0.21497 0.885119 -0.412738 
vn -0.108119 0.900995 -0.420141 
vn -0.319302 0.858865 -0.400496 
vn -0.21497 0.885119 -0.412738 
vn -0.419889 0.822543 -0.383558 
vn -0.319302 0.858865 -0.400496 
vn -0.515554 0.776576 -0.362123 
vn -0.419889 0.822543 -0.383558 
vn -0.605174 0.721505 -0.336443 
vn -0.515554 0.776576 -0.362123 
vn -0.687699 0.657975 -0.306819 
vn -0.605174 0.721505 -0.336443 
vn -0.762162 0.586731 -0.273597 
vn -0.687699 0.657975 -0.306819 
vn -0.827689 0.508608 -0.237168 
vn -0.762162 0.586731 -0.273597 
vn -0.883512 0.424522 -0.197958 
vn -0.827689 0.508608 -0.237168 
vn -0.928977 0.335459 -0.156427 
vn -0.883512 0.424522 -0.197958 
vn -0.96355 0.242463 -0.113062 
vn -0.928977 0.335459 -0.156427 
vn -0.986827 0.146624 -0.068372 
vn -0.96355 0.242463 -0.113062 
vn -0.998533 0.0490665 -0.0228801 
vn -0.986827 0.146624 -0.068372 
vn 0.419889 -0.822543 0.383558 
vn 0.515554 -0.776576 0.362123 
vn 0.319302 -0.858865 0.400496 
vn 0.419889 -0.822543 0.383558 
vn 0.400685 -0.830374 0.38721 
vn 0.21497 -0.885119 0.412738 
vn 0.319302 -0.858865 0.400496 
vn 0.108119 -0.900995 0.420141 
vn 0.21497 -0.885119 0.412738 
vn -4.01398e-17 -0.906308 0.422618 
vn 0.108119 -0.900995 0.420141 
vn -0.108119 -0.900995 0.420141 
vn -4.01398e-17 -0.906308 0.422618 
vn -0.21497 -0.885119 0.412738 
vn -0.108119 -0.900995 0.420141 
vn -0.319302 -0.858865 0.400496 
vn -0.21497 -0.885119 0.412738 
vn -0.318891 -0.858991 0.400554 
vn -0.419889 -0.822543 0.383558 
vn -0.3193 -0.858866 0.400496 
vn -0.515554 -0.776576 0.362123 
vn -0.419889 -0.822543 0.383558 
vn -0.605174 -0.721505 0.336443 
vn -0.515554 -0.776576 0.362123 
vn -0.687699 -0.657975 0.306819 
vn -0.605174 -0.721505 0.336443 
vn -0.762162 -0.586731 0.273597 
vn -0.687699 -0.657975 0.306819 
vn -0.827689 -0.508608 0.237168 
vn -0.762162 -0.586731 0.273597 
vn -0.883512 -0.424522 0.197958 
vn -0.827689 -0.508608 0.237168 
vn -0.86859 -0.449104 0.209421 
vn -0.928977 -0.335459 0.156427 
vn -0.908072 -0.379575 0.176999 
vn -0.918104 -0.359205 0.1675 
vn -0.883507 -0.42453 0.197962 
vn -0.894587 -0.405023 0.188865 
vn -0.96355 -0.242463 0.113062 
vn -0.945126 -0.296096 0.138072 
vn -0.957259 -0.262132 0.122234 
vn -0.928978 -0.335456 0.156426 
vn -0.939085 -0.311485 0.145248 
vn -0.986827 -0.146624 0.068372 
vn -0.973052 -0.208983 0.0974502 
vn -0.984384 -0.15954 0.0743947 
vn -0.963554 -0.242452 0.113057 
vn -0.972381 -0.211533 0.0986395 
vn -0.998533 -0.0490665 0.0228801 
vn -0.99261 -0.109977 0.0512831 
vn -0.993014 -0.106941 0.0498675 
vn -0.998252 -0.0535569 0.024974 
vn -0.98683 -0.146607 0.0683639 
vn -1 5.03102e-17 -2.346e-17 
vn -0.999995 -0.00278043 0.00129653 
vn -0.998533 -0.0490665 0.0228801 
vn -0.998533 0.0490665 -0.0228801 
vn -1 5.03102e-17 -2.346e-17 
vn -0.998534 -0.0490547 0.0228746 
vn -0.999995 -0.00278043 0.00129653 
vn -0.992708 -0.109247 0.0509426 
vn -0.986829 -0.146609 0.0683651 
vn -0.995808 -0.0828989 0.0386564 
vn -0.99313 -0.106051 0.0494522 
vn -0.998533 -0.049072 0.0228826 
vn -0.998279 -0.053154 0.0247861 
vn -0.986827 -0.146624 0.068372 
vn -0.972837 -0.209803 0.0978329 
vn -0.963554 -0.242449 0.113056 
vn -0.973747 -0.206307 0.0962026 
vn -0.984641 -0.158234 0.0737859 
vn -0.96355 -0.242463 0.113062 
vn -0.940041 -0.309107 0.144139 
vn -0.928979 -0.335455 0.156425 
vn -0.943789 -0.299578 0.139696 
vn -0.957966 -0.260004 0.121242 
vn -0.928977 -0.335459 0.156427 
vn -0.896192 -0.402099 0.187502 
vn -0.883512 -0.424522 0.197958 
vn -0.902676 -0.390004 0.181862 
vn -0.919407 -0.356457 0.166218 
vn -0.908265 -0.379194 0.176821 
vn -0.883512 -0.424522 0.197958 
vn -0.843316 -0.487066 0.227123 
vn -0.827682 -0.508618 0.237172 
vn -0.862828 -0.458136 0.213632 
vn -0.870697 -0.445741 0.207852 
vn -0.827689 -0.508608 0.237168 
vn -0.769614 -0.578686 0.269846 
vn -0.762165 -0.586728 0.273596 
vn -0.814015 -0.526424 0.245475 
vn -0.783484 -0.563191 0.26262 
vn -0.818597 -0.520554 0.242739 
vn -0.777545 -0.569911 0.265754 
vn -0.687699 -0.657975 0.306819 
vn -0.762162 -0.586731 0.273597 
vn -0.719792 -0.62915 0.293377 
vn -0.730159 -0.61926 0.288766 
vn -0.752036 -0.597367 0.278557 
vn -0.690153 -0.655862 0.305833 
vn -0.605174 -0.721505 0.336443 
vn -0.629549 -0.704165 0.328358 
vn -0.622696 -0.709153 0.330683 
vn -0.655021 -0.684816 0.319335 
vn -0.654595 -0.68515 0.319491 
vn -0.687701 -0.657974 0.306819 
vn -0.687134 -0.658461 0.307045 
vn -0.515554 -0.776576 0.362123 
vn -0.554647 -0.754126 0.351655 
vn -0.532567 -0.767088 0.357699 
vn -0.56623 -0.747022 0.348342 
vn -0.56116 -0.750158 0.349804 
vn -0.597499 -0.726741 0.338885 
vn -0.591431 -0.730806 0.340781 
vn -0.605173 -0.721506 0.336444 
vn -0.528676 -0.769295 0.358728 
vn -0.419889 -0.822543 0.383558 
vn -0.504038 -0.782761 0.365007 
vn -0.480769 -0.794693 0.370572 
vn -0.515554 -0.776576 0.362124 
vn -0.505625 -0.78192 0.364615 
vn -0.319302 -0.858865 0.400496 
vn -0.419889 -0.822543 0.383558 
vn -0.21497 -0.885119 0.412738 
vn -0.319302 -0.858865 0.400496 
vn -0.24634 -0.878378 0.409595 
vn -0.108119 -0.900995 0.420141 
vn -0.21497 -0.885119 0.412738 
vn -4.01398e-17 -0.906308 0.422618 
vn -0.108119 -0.900995 0.420141 
vn 0.108119 -0.900995 0.420141 
vn 1.02738e-15 -0.906308 0.422618 
vn 0.21497 -0.885119 0.412738 
vn 0.108119 -0.900995 0.420141 
vn 0.319302 -0.858865 0.400496 
vn 0.21497 -0.885119 0.412738 
vn 0.258226 -0.87557 0.408285 
vn 0.419889 -0.822543 0.383558 
vn 0.319302 -0.858865 0.400496 
vn 0.515554 -0.776576 0.362123 
vn 0.419889 -0.822543 0.383558 
vn 0.605174 -0.721505 0.336443 
vn 0.515554 -0.776576 0.362123 
vn 0.687699 -0.657975 0.306819 
vn 0.605174 -0.721505 0.336443 
vn 0.647222 -0.69088 0.322163 
vn 0.762162 -0.586731 0.273597 
vn 0.687699 -0.657975 0.306819 
vn 0.725852 -0.623405 0.290698 
vn 0.827689 -0.508608 0.237168 
vn 0.762162 -0.586731 0.273597 
vn 0.800074 -0.543696 0.253529 
vn 0.883512 -0.424522 0.197958 
vn 0.834615 -0.499224 0.232792 
vn 0.86359 -0.456955 0.213082 
vn 0.827692 -0.508604 0.237166 
vn 0.875652 -0.437695 0.204101 
vn 0.928977 -0.335459 0.156427 
vn 0.890382 -0.412563 0.192382 
vn 0.914732 -0.366204 0.170764 
vn 0.883503 -0.424537 0.197965 
vn 0.916835 -0.361859 0.168738 
vn 0.96355 -0.242463 0.113062 
vn 0.95325 -0.27387 0.127708 
vn 0.955438 -0.267535 0.124754 
vn 0.928969 -0.335477 0.156436 
vn 0.936619 -0.317524 0.148064 
vn 0.986827 -0.146624 0.068372 
vn 0.980801 -0.176742 0.0824162 
vn 0.983703 -0.162956 0.0759877 
vn 0.963544 -0.242484 0.113072 
vn 0.971271 -0.215679 0.100573 
vn 0.998533 -0.0490665 0.0228801 
vn 0.996368 -0.0771748 0.0359872 
vn 0.998175 -0.0547362 0.0255239 
vn 0.986822 -0.146648 0.068383 
vn 0.992733 -0.109062 0.0508564 
vn 1 -5.03102e-17 2.346e-17 
vn 0.999995 -0.00278043 0.00129653 
vn 0.998533 -0.0490665 0.0228801 
vn 1 -5.03102e-17 2.346e-17 
vn 0.998533 -0.0490731 0.0228832 
vn 0.999995 -0.00278043 0.00129653 
vn 0.994058 -0.0986533 0.0460028 
vn 0.993436 -0.103671 0.0483427 
vn 0.986827 -0.146624 0.068372 
vn 0.998534 -0.0490643 0.0228791 
vn 0.998356 -0.0519476 0.0242236 
vn 0.975918 -0.197699 0.0921885 
vn 0.974027 -0.205218 0.0956945 
vn 0.96355 -0.242463 0.113062 
vn 0.986827 -0.146622 0.0683708 
vn 0.98531 -0.154774 0.0721722 
vn 0.940623 -0.307649 0.143459 
vn 0.928982 -0.335448 0.156422 
vn 0.945872 -0.294133 0.137156 
vn 0.942557 -0.302747 0.141173 
vn 0.963552 -0.242458 0.11306 
vn 0.959779 -0.254453 0.118653 
vn 0.928977 -0.335459 0.156427 
vn 0.904569 -0.386385 0.180174 
vn 0.900482 -0.394146 0.183793 
vn 0.883512 -0.424522 0.197958 
vn 0.922829 -0.349119 0.162797 
vn 0.849551 -0.478083 0.222934 
vn 0.827683 -0.508616 0.237171 
vn 0.862061 -0.459321 0.214185 
vn 0.883511 -0.424523 0.197959 
vn 0.876033 -0.437068 0.203808 
vn 0.827689 -0.508608 0.237168 
vn 0.773176 -0.574773 0.268021 
vn 0.762166 -0.586727 0.273595 
vn 0.81407 -0.526353 0.245443 
vn 0.791866 -0.553478 0.258091 
vn 0.821232 -0.517134 0.241143 
vn 0.820746 -0.517767 0.241439 
vn 0.687699 -0.657975 0.306819 
vn 0.762162 -0.586731 0.273597 
vn 0.69335 -0.653087 0.304539 
vn 0.730858 -0.618582 0.288449 
vn 0.729727 -0.619678 0.28896 
vn 0.698041 -0.648969 0.302619 
vn 0.761252 -0.5877 0.274049 
vn 0.605174 -0.721505 0.336443 
vn 0.637242 -0.698459 0.325697 
vn 0.634676 -0.700375 0.32659 
vn 0.671958 -0.671202 0.312986 
vn 0.666265 -0.675848 0.315153 
vn 0.6877 -0.657975 0.306819 
vn 0.603072 -0.722949 0.337117 
vn 0.573718 -0.742314 0.346147 
vn 0.605173 -0.721506 0.336444 
vn 0.603704 -0.722516 0.336915 
vn -4.93038e-32 0.422618 0.906308 
vn 4.01398e-17 0.906308 -0.422618 
vn -0.994649 -0.043662 -0.0936334 
vn -0.999985 -0.00233735 -0.00501247 
vn -0.995227 -0.041242 -0.0884438 
vn -1 5.03102e-17 -2.346e-17 
vn -0.980688 -0.0826542 -0.177252 
vn -0.978666 -0.0868295 -0.186206 
vn -0.994648 -0.0436653 -0.0936405 
vn -0.978653 -0.0868566 -0.186265 
vn -0.957114 -0.122438 -0.262568 
vn -0.952168 -0.129141 -0.276944 
vn -0.952183 -0.129122 -0.276902 
vn -0.921734 -0.163901 -0.351486 
vn -0.915561 -0.169968 -0.364497 
vn -0.915523 -0.170005 -0.364577 
vn -0.881334 -0.199685 -0.428225 
vn -0.869032 -0.209093 -0.448401 
vn -0.869064 -0.209069 -0.448349 
vn -0.824084 -0.239399 -0.513394 
vn -0.813305 -0.245895 -0.527324 
vn -0.813305 -0.245895 -0.527324 
vn -0.768914 -0.270202 -0.57945 
vn -0.748834 -0.280093 -0.600662 
vn -0.807025 -0.249564 -0.535191 
vn -0.748842 -0.28009 -0.600654 
vn -0.689848 -0.305956 -0.656126 
vn -0.676422 -0.311264 -0.667509 
vn -0.676364 -0.311287 -0.667557 
vn -0.620864 -0.331298 -0.710471 
vn -0.596578 -0.339174 -0.727362 
vn -0.596648 -0.339153 -0.727315 
vn -0.551698 -0.352482 -0.755901 
vn -0.510595 -0.363376 -0.779263 
vn -0.510546 -0.363388 -0.779289 
vn -0.439608 -0.379591 -0.814036 
vn -0.418973 -0.383737 -0.822926 
vn -0.322931 -0.399975 -0.85775 
vn -0.417426 -0.384038 -0.823572 
vn -0.395728 -0.388119 -0.832324 
vn -0.41898 -0.383735 -0.822923 
vn -0.226474 -0.411637 -0.882759 
vn -0.223472 -0.41193 -0.883388 
vn -0.262822 -0.407761 -0.874446 
vn -0.322916 -0.399978 -0.857755 
vn -0.223425 -0.411935 -0.883397 
vn -0.125289 -0.419288 -0.899166 
vn -0.121538 -0.419485 -0.899589 
vn -0.121528 -0.419486 -0.89959 
vn -0.0182995 -0.422547 -0.906156 
vn -0.0183303 -0.422547 -0.906156 
vn 0.0661354 -0.421693 -0.904324 
vn 0.0850343 -0.421088 -0.903025 
vn -0.00338641 -0.422616 -0.906303 
vn 0.01517 -0.42257 -0.906203 
vn 0.0850634 -0.421086 -0.903023 
vn 0.178964 -0.415795 -0.891676 
vn 0.187528 -0.415121 -0.890229 
vn 0.187547 -0.415119 -0.890226 
vn 0.283398 -0.405292 -0.869151 
vn 0.288028 -0.404708 -0.8679 
vn 0.288023 -0.404709 -0.867902 
vn 0.290015 -0.404455 -0.867357 
vn 0.385417 -0.389968 -0.836289 
vn -1 5.03102e-17 -2.346e-17 
vn 1 -5.03102e-17 2.346e-17 
vn 0.656982 -0.318615 -0.683271 
vn 0.572917 -0.346384 -0.742822 
vn 0.620931 -0.331276 -0.710423 
vn 0.733568 -0.287218 -0.615941 
vn 0.657025 -0.318599 -0.683237 
vn 0.701233 -0.301298 -0.646136 
vn 0.801803 -0.252552 -0.5416 
vn 0.733488 -0.287255 -0.61602 
vn 0.768823 -0.270248 -0.579549 
vn 0.860909 -0.215011 -0.461092 
vn 0.801873 -0.252512 -0.541514 
vn 0.82166 -0.240883 -0.516576 
vn 0.910215 -0.175022 -0.375335 
vn 0.860878 -0.215033 -0.461139 
vn 0.881395 -0.199636 -0.428122 
vn 0.949158 -0.13304 -0.285305 
vn 0.910228 -0.17501 -0.375309 
vn 0.912418 -0.17296 -0.370915 
vn 0.977296 -0.0895438 -0.192027 
vn 0.949159 -0.133039 -0.285304 
vn 0.957138 -0.122403 -0.262495 
vn 0.975983 -0.0920654 -0.197435 
vn 0.994308 -0.0450282 -0.0965633 
vn 0.977286 -0.0895635 -0.19207 
vn 1 -5.03102e-17 2.346e-17 
vn 0.99431 -0.0450178 -0.0965409 
vn 0.995229 -0.0412316 -0.0884214 
vn 0.999985 -0.00233735 -0.00501247 
vn 1 -5.03102e-17 2.346e-17 
vn 0.986827 0.146624 -0.068372 
vn 0.998533 0.0490665 -0.0228801 
vn 0.96355 0.242463 -0.113062 
vn 0.986827 0.146624 -0.068372 
vn 0.928977 0.335459 -0.156427 
vn 0.96355 0.242463 -0.113062 
vn 0.883512 0.424522 -0.197958 
vn 0.928977 0.335459 -0.156427 
vn 0.827689 0.508608 -0.237168 
vn 0.883512 0.424522 -0.197958 
vn 0.762162 0.586731 -0.273597 
vn 0.827689 0.508608 -0.237168 
vn 0.687699 0.657975 -0.306819 
vn 0.762162 0.586731 -0.273597 
vn 0.605174 0.721505 -0.336443 
vn 0.687699 0.657975 -0.306819 
vn 0.515554 0.776576 -0.362123 
vn 0.605174 0.721505 -0.336443 
vn 0.419889 0.822543 -0.383558 
vn 0.515554 0.776576 -0.362123 
vn 0.319302 0.858865 -0.400496 
vn 0.419889 0.822543 -0.383558 
vn 0.21497 0.885119 -0.412738 
vn 0.319302 0.858865 -0.400496 
vn 0.108119 0.900995 -0.420141 
vn 0.21497 0.885119 -0.412738 
vn -8.23249e-17 0.906308 -0.422618 
vn 0.108119 0.900995 -0.420141 
vn -0.108119 0.900995 -0.420141 
vn -8.23249e-17 0.906308 -0.422618 
vn -0.21497 0.885119 -0.412738 
vn -0.108119 0.900995 -0.420141 
vn -0.319302 0.858865 -0.400496 
vn -0.21497 0.885119 -0.412738 
vn -0.419889 0.822543 -0.383558 
vn -0.319302 0.858865 -0.400496 
vn -0.515554 0.776576 -0.362123 
vn -0.419889 0.822543 -0.383558 
vn -0.605174 0.721505 -0.336443 
vn -0.515554 0.776576 -0.362123 
vn -0.687699 0.657975 -0.306819 
vn -0.605174 0.721505 -0.336443 
vn -0.762162 0.586731 -0.273597 
vn -0.687699 0.657975 -0.306819 
vn -0.827689 0.508608 -0.237168 
vn -0.762162 0.586731 -0.273597 
vn -0.883512 0.424522 -0.197958 
vn -0.827689 0.508608 -0.237168 
vn -0.928977 0.335459 -0.156427 
vn -0.883512 0.424522 -0.197958 
vn -0.96355 0.242463 -0.113062 
vn -0.928977 0.335459 -0.156427 
vn -0.986827 0.146624 -0.068372 
vn -0.96355 0.242463 -0.113062 
vn -0.998533 0.0490665 -0.0228801 
vn -0.986827 0.146624 -0.068372 
vn 0.827689 -0.508608 0.237168 
vn 0.762162 -0.586731 0.273597 
vn 0.687699 -0.657975 0.306819 
vn 0.605174 -0.721505 0.336443 
vn 0.515554 -0.776576 0.362123 
vn 0.419889 -0.822543 0.383558 
vn 0.319302 -0.858865 0.400496 
vn 0.318897 -0.858989 0.400553 
vn 0.21497 -0.885119 0.412738 
vn 0.108119 -0.900995 0.420141 
vn -5.73901e-16 -0.906308 0.422618 
vn -0.108119 -0.900995 0.420141 
vn -0.21497 -0.885119 0.412738 
vn -0.319302 -0.858865 0.400496 
vn -0.400685 -0.830374 0.38721 
vn -0.419889 -0.822543 0.383558 
vn -0.515554 -0.776576 0.362123 
vn -0.603072 -0.722949 0.337117 
vn -0.603704 -0.722516 0.336915 
vn -0.605174 -0.721505 0.336443 
vn -0.573718 -0.742314 0.346147 
vn -0.671958 -0.671202 0.312986 
vn -0.6877 -0.657975 0.306819 
vn -0.637242 -0.698459 0.325697 
vn -0.666265 -0.675848 0.315153 
vn -0.605173 -0.721506 0.336444 
vn -0.634676 -0.700375 0.32659 
vn -0.762162 -0.586731 0.273597 
vn -0.730858 -0.618582 0.288449 
vn -0.761252 -0.5877 0.274049 
vn -0.69335 -0.653087 0.304539 
vn -0.698041 -0.648969 0.302619 
vn -0.729727 -0.619678 0.28896 
vn -0.687699 -0.657975 0.306819 
vn -0.827689 -0.508608 0.237168 
vn -0.820746 -0.517767 0.241439 
vn -0.821232 -0.517134 0.241143 
vn -0.81407 -0.526353 0.245443 
vn -0.773176 -0.574773 0.268021 
vn -0.791866 -0.553478 0.258091 
vn -0.762166 -0.586727 0.273595 
vn -0.883512 -0.424522 0.197958 
vn -0.862061 -0.459321 0.214185 
vn -0.876033 -0.437068 0.203808 
vn -0.827683 -0.508616 0.237171 
vn -0.849551 -0.478083 0.222934 
vn -0.928977 -0.335459 0.156427 
vn -0.904569 -0.386385 0.180174 
vn -0.922829 -0.349119 0.162797 
vn -0.883511 -0.424523 0.197959 
vn -0.900482 -0.394146 0.183793 
vn -0.96355 -0.242463 0.113062 
vn -0.940623 -0.307649 0.143459 
vn -0.942557 -0.302747 0.141173 
vn -0.945872 -0.294133 0.137156 
vn -0.959779 -0.254453 0.118653 
vn -0.928982 -0.335448 0.156422 
vn -0.986827 -0.146624 0.068372 
vn -0.975918 -0.197699 0.0921885 
vn -0.98531 -0.154774 0.0721722 
vn -0.963552 -0.242458 0.11306 
vn -0.974027 -0.205218 0.0956945 
vn -0.998533 -0.0490665 0.0228801 
vn -0.994058 -0.0986533 0.0460028 
vn -0.998356 -0.0519476 0.0242236 
vn -0.986827 -0.146622 0.0683708 
vn -0.993436 -0.103671 0.0483427 
vn -1 5.03102e-17 -2.346e-17 
vn -0.999995 -0.00278043 0.00129653 
vn -0.998533 -0.0490665 0.0228801 
vn -0.998533 0.0490665 -0.0228801 
vn -1 5.03102e-17 -2.346e-17 
vn -0.998534 -0.0490643 0.0228791 
vn -0.999995 -0.00278043 0.00129653 
vn -0.992733 -0.109062 0.0508564 
vn -0.986822 -0.146648 0.068383 
vn -0.996368 -0.0771748 0.0359872 
vn -0.998533 -0.0490731 0.0228832 
vn -0.998175 -0.0547362 0.0255239 
vn -0.986827 -0.146624 0.068372 
vn -0.971271 -0.215679 0.100573 
vn -0.963544 -0.242484 0.113072 
vn -0.980801 -0.176742 0.0824162 
vn -0.983703 -0.162956 0.0759877 
vn -0.96355 -0.242463 0.113062 
vn -0.936619 -0.317524 0.148064 
vn -0.928969 -0.335477 0.156436 
vn -0.95325 -0.27387 0.127708 
vn -0.955438 -0.267535 0.124754 
vn -0.883512 -0.424522 0.197958 
vn -0.914732 -0.366204 0.170764 
vn -0.890382 -0.412563 0.192382 
vn -0.928977 -0.335459 0.156427 
vn -0.916835 -0.361859 0.168738 
vn -0.834615 -0.499224 0.232792 
vn -0.827692 -0.508604 0.237166 
vn -0.875652 -0.437695 0.204101 
vn -0.86359 -0.456955 0.213082 
vn -0.883503 -0.424537 0.197965 
vn -0.827689 -0.508608 0.237168 
vn -0.800074 -0.543696 0.253529 
vn -0.762162 -0.586731 0.273597 
vn -0.72583 -0.623425 0.290708 
vn -0.687699 -0.657975 0.306819 
vn -0.647309 -0.690813 0.322131 
vn -0.605174 -0.721505 0.336443 
vn -0.515554 -0.776576 0.362123 
vn -0.419889 -0.822543 0.383558 
vn -0.319302 -0.858865 0.400496 
vn -0.258226 -0.87557 0.408285 
vn -0.21497 -0.885119 0.412738 
vn -0.108119 -0.900995 0.420141 
vn -4.01398e-17 -0.906308 0.422618 
vn 0.108119 -0.900995 0.420141 
vn 0.21497 -0.885119 0.412738 
vn 0.24634 -0.878378 0.409595 
vn 0.319302 -0.858865 0.400496 
vn 0.419889 -0.822543 0.383558 
vn 0.504038 -0.782761 0.365007 
vn 0.505625 -0.78192 0.364615 
vn 0.515554 -0.776576 0.362123 
vn 0.480769 -0.794693 0.370572 
vn 0.597499 -0.726741 0.338885 
vn 0.605173 -0.721506 0.336444 
vn 0.56623 -0.747022 0.348342 
vn 0.591431 -0.730806 0.340781 
vn 0.554647 -0.754126 0.351655 
vn 0.56116 -0.750158 0.349804 
vn 0.528676 -0.769295 0.358728 
vn 0.532567 -0.767088 0.357699 
vn 0.515554 -0.776576 0.362124 
vn 0.687699 -0.657975 0.306819 
vn 0.605174 -0.721505 0.336443 
vn 0.655021 -0.684816 0.319335 
vn 0.687134 -0.658461 0.307045 
vn 0.629549 -0.704165 0.328358 
vn 0.654595 -0.68515 0.319491 
vn 0.622696 -0.709153 0.330683 
vn 0.762162 -0.586731 0.273597 
vn 0.730159 -0.61926 0.288766 
vn 0.752036 -0.597367 0.278557 
vn 0.690153 -0.655862 0.305833 
vn 0.719792 -0.62915 0.293377 
vn 0.687701 -0.657974 0.306819 
vn 0.827689 -0.508608 0.237168 
vn 0.777545 -0.569911 0.265754 
vn 0.783484 -0.563191 0.26262 
vn 0.814015 -0.526424 0.245475 
vn 0.769614 -0.578686 0.269846 
vn 0.762165 -0.586728 0.273596 
vn 0.818597 -0.520554 0.242739 
vn 0.883512 -0.424522 0.197958 
vn 0.862828 -0.458136 0.213632 
vn 0.870697 -0.445741 0.207852 
vn 0.827682 -0.508618 0.237172 
vn 0.843316 -0.487066 0.227123 
vn 0.928977 -0.335459 0.156427 
vn 0.908265 -0.379194 0.176821 
vn 0.919407 -0.356457 0.166218 
vn 0.902676 -0.390004 0.181862 
vn 0.883512 -0.424522 0.197958 
vn 0.896192 -0.402099 0.187502 
vn 0.96355 -0.242463 0.113062 
vn 0.943789 -0.299578 0.139696 
vn 0.957966 -0.260004 0.121242 
vn 0.928979 -0.335455 0.156425 
vn 0.940041 -0.309107 0.144139 
vn 0.986827 -0.146624 0.068372 
vn 0.973747 -0.206307 0.0962026 
vn 0.984641 -0.158234 0.0737859 
vn 0.963554 -0.242449 0.113056 
vn 0.972837 -0.209803 0.0978329 
vn 0.998533 -0.0490665 0.0228801 
vn 0.995808 -0.0828989 0.0386564 
vn 0.998279 -0.053154 0.0247861 
vn 0.992708 -0.109247 0.0509426 
vn 0.99313 -0.106051 0.0494522 
vn 0.986829 -0.146609 0.0683651 
vn 1 -5.03102e-17 2.346e-17 
vn 0.999995 -0.00278043 0.00129653 
vn 0.998533 -0.0490665 0.0228801 
vn 1 -5.03102e-17 2.346e-17 
vn 0.998533 -0.049072 0.0228826 
vn 0.999995 -0.00278043 0.00129653 
vn 0.99261 -0.109977 0.0512831 
vn 0.98683 -0.146607 0.0683639 
vn 0.998534 -0.0490547 0.0228746 
vn 0.998252 -0.0535569 0.024974 
vn 0.993014 -0.106941 0.0498675 
vn 0.986827 -0.146624 0.068372 
vn 0.973052 -0.208983 0.0974502 
vn 0.972381 -0.211533 0.0986395 
vn 0.96355 -0.242463 0.113062 
vn 0.984384 -0.15954 0.0743947 
vn 0.945126 -0.296096 0.138072 
vn 0.939085 -0.311485 0.145248 
vn 0.928977 -0.335459 0.156427 
vn 0.963554 -0.242452 0.113057 
vn 0.957259 -0.262132 0.122234 
vn 0.894587 -0.405023 0.188865 
vn 0.883507 -0.42453 0.197962 
vn 0.908072 -0.379575 0.176999 
vn 0.928978 -0.335456 0.156426 
vn 0.918104 -0.359205 0.1675 
vn 0.883512 -0.424522 0.197958 
vn 0.86859 -0.449104 0.209421 
vn -4.93038e-32 0.422618 0.906308 
vn -0.589417 -0.341403 -0.732142 
vn -0.670879 -0.3134 -0.672088 
vn -0.501456 -0.365642 -0.784122 
vn -0.514586 -0.362369 -0.777104 
vn -0.501508 -0.365629 -0.784095 
vn -0.527022 -0.359163 -0.770227 
vn -0.572917 -0.346384 -0.742822 
vn -0.538673 -0.356062 -0.763578 
vn -0.549401 -0.353122 -0.757274 
vn -0.559081 -0.350398 -0.751432 
vn -0.572917 -0.346384 -0.742822 
vn -0.5676 -0.347944 -0.746168 
vn -0.589417 -0.341403 -0.732142 
vn -0.407965 -0.385849 -0.827457 
vn -0.46 -0.375251 -0.804728 
vn -0.501456 -0.365642 -0.784122 
vn -0.487946 -0.368892 -0.791092 
vn -0.474055 -0.372113 -0.797999 
vn -0.445945 -0.378269 -0.8112 
vn -0.432054 -0.381137 -0.817352 
vn -0.418491 -0.383831 -0.823128 
vn -0.309977 -0.401802 -0.861667 
vn -0.385417 -0.389968 -0.836289 
vn -0.405414 -0.386329 -0.828486 
vn -0.392978 -0.388618 -0.833393 
vn -0.407965 -0.385849 -0.827457 
vn -0.385417 -0.389968 -0.836289 
vn -0.20857 -0.413324 -0.886376 
vn -0.309977 -0.401802 -0.861667 
vn -0.104863 -0.420288 -0.901311 
vn -0.20857 -0.413324 -0.886376 
vn 6.12323e-17 -0.422618 -0.906308 
vn -0.104863 -0.420288 -0.901311 
vn 0.104863 -0.420288 -0.901311 
vn 6.12323e-17 -0.422618 -0.906308 
vn 0.20857 -0.413324 -0.886376 
vn 0.104863 -0.420288 -0.901311 
vn 0.309977 -0.401802 -0.861667 
vn 0.20857 -0.413324 -0.886376 
vn 0.407965 -0.385849 -0.827457 
vn 0.385417 -0.389968 -0.836289 
vn 0.392978 -0.388618 -0.833393 
vn 0.405414 -0.386329 -0.828486 
vn 0.309977 -0.401802 -0.861667 
vn 0.501456 -0.365642 -0.784122 
vn 0.474055 -0.372113 -0.797999 
vn 0.487946 -0.368892 -0.791092 
vn 0.46 -0.375251 -0.804728 
vn 0.445945 -0.378269 -0.8112 
vn 0.432054 -0.381137 -0.817352 
vn 0.418491 -0.383831 -0.823128 
vn 0.407965 -0.385849 -0.827457 
vn 0.589417 -0.341403 -0.732142 
vn 0.572917 -0.346384 -0.742822 
vn 0.559081 -0.350398 -0.751432 
vn 0.5676 -0.347944 -0.746168 
vn 0.527022 -0.359163 -0.770227 
vn 0.501456 -0.365642 -0.784122 
vn 0.501509 -0.365629 -0.784094 
vn 0.514586 -0.362369 -0.777104 
vn 0.538673 -0.356062 -0.763578 
vn 0.549401 -0.353122 -0.757274 
vn 0.572917 -0.346384 -0.742822 
vn 0.670879 -0.3134 -0.672088 
vn 0.589417 -0.341403 -0.732142 
vn -0.994138 0.0456931 0.0979891 
vn -1 5.03102e-17 -2.346e-17 
vn -0.976621 0.0908504 0.194829 
vn -0.994138 0.0456931 0.0979891 
vn -0.947653 0.134943 0.289385 
vn -0.976621 0.0908504 0.194829 
vn -0.907575 0.177453 0.380549 
vn -0.947653 0.134943 0.289385 
vn -0.856857 0.217882 0.46725 
vn -0.907575 0.177453 0.380549 
vn -0.796093 0.255758 0.548474 
vn -0.856857 0.217882 0.46725 
vn -0.725995 0.290634 0.623267 
vn -0.796093 0.255758 0.548474 
vn 0.561187 -0.349796 -0.750141 
vn 0.647386 -0.322104 -0.690753 
vn 0.468408 -0.373388 -0.800734 
vn 0.561187 -0.349796 -0.750141 
vn 0.370138 -0.392603 -0.841939 
vn 0.468408 -0.373388 -0.800734 
vn 0.267528 -0.407214 -0.873273 
vn 0.370138 -0.392603 -0.841939 
vn 0.161782 -0.417051 -0.894369 
vn 0.267528 -0.407214 -0.873273 
vn 0.0541389 -0.421998 -0.904979 
vn 0.161782 -0.417051 -0.894369 
vn -0.0541389 -0.421998 -0.904979 
vn 0.0541389 -0.421998 -0.904979 
vn -0.161782 -0.417051 -0.894369 
vn -0.0541389 -0.421998 -0.904979 
vn -0.267528 -0.407214 -0.873273 
vn -0.161782 -0.417051 -0.894369 
vn -0.370138 -0.392603 -0.841939 
vn -0.267528 -0.407214 -0.873273 
vn -0.468408 -0.373388 -0.800734 
vn -0.370138 -0.392603 -0.841939 
vn -0.561187 -0.349796 -0.750141 
vn -0.468408 -0.373388 -0.800734 
vn -0.647386 -0.322104 -0.690753 
vn -0.561187 -0.349796 -0.750141 
vn -0.725995 -0.290634 -0.623267 
vn -0.647386 -0.322104 -0.690753 
vn -0.796093 -0.255758 -0.548474 
vn -0.725995 -0.290634 -0.623267 
vn -0.856857 -0.217882 -0.46725 
vn -0.796093 -0.255758 -0.548474 
vn -0.907575 -0.177453 -0.380549 
vn -0.856857 -0.217882 -0.46725 
vn -0.947653 -0.134943 -0.289385 
vn -0.907575 -0.177453 -0.380549 
vn -0.976621 -0.0908504 -0.194829 
vn -0.947653 -0.134943 -0.289385 
vn -0.994138 -0.0456931 -0.0979891 
vn -0.976621 -0.0908504 -0.194829 
vn -0.647386 0.322104 0.690753 
vn -0.689208 0.306214 0.656677 
vn -0.725995 0.290634 0.623267 
vn -0.561187 0.349796 0.750141 
vn -0.647386 0.322104 0.690753 
vn -0.468408 0.373388 0.800734 
vn -0.561187 0.349796 0.750141 
vn -0.370138 0.392603 0.841939 
vn -0.468408 0.373388 0.800734 
vn -0.267528 0.407214 0.873273 
vn -0.370138 0.392603 0.841939 
vn -0.161782 0.417051 0.894369 
vn -0.267528 0.407214 0.873273 
vn -0.0541389 0.421998 0.904979 
vn -0.161782 0.417051 0.894369 
vn 0.0541389 0.421998 0.904979 
vn -0.0541389 0.421998 0.904979 
vn 0.161782 0.417051 0.894369 
vn 0.0541389 0.421998 0.904979 
vn 0.267528 0.407214 0.873273 
vn 0.161782 0.417051 0.894369 
vn 0.370138 0.392603 0.841939 
vn 0.267528 0.407214 0.873273 
vn 0.468408 0.373388 0.800734 
vn 0.370138 0.392603 0.841939 
vn 0.561187 0.349796 0.750141 
vn 0.468408 0.373388 0.800734 
vn 0.647386 0.322104 0.690753 
vn 0.561187 0.349796 0.750141 
vn 0.725995 0.290634 0.623267 
vn 0.647386 0.322104 0.690753 
vn 0.796093 0.255758 0.548474 
vn 0.725995 0.290634 0.623267 
vn 0.856857 0.217882 0.46725 
vn 0.796093 0.255758 0.548474 
vn 0.907575 0.177453 0.380549 
vn 0.892217 0.190858 0.409295 
vn 0.947653 0.134943 0.289385 
vn 0.976621 0.0908504 0.194829 
vn 0.994138 0.0456931 0.0979891 
vn 1 -1.02066e-16 -8.75307e-17 
vn 0.994138 -0.0456931 -0.0979891 
vn 0.976621 -0.0908504 -0.194829 
vn 0.947653 -0.134943 -0.289385 
vn 0.907575 -0.177453 -0.380549 
vn 0.856857 -0.217882 -0.46725 
vn 0.892217 -0.190858 -0.409295 
vn 0.907575 -0.177453 -0.380549 
vn 0.796093 -0.255758 -0.548474 
vn 0.725995 -0.290634 -0.623267 
vn 0.724563 -0.291272 -0.624635 
vn 0.796093 0.255758 0.548474 
vn 0.725995 0.290634 0.623267 
vn 0.856857 0.217882 0.46725 
vn 0.796093 0.255758 0.548474 
vn 0.907575 0.177453 0.380549 
vn 0.856857 0.217882 0.46725 
vn 0.947653 0.134943 0.289385 
vn 0.907575 0.177453 0.380549 
vn 0.976621 0.0908504 0.194829 
vn 0.947653 0.134943 0.289385 
vn 0.994138 0.0456931 0.0979891 
vn 0.976621 0.0908504 0.194829 
vn 1 -1.02066e-16 -8.75307e-17 
vn 0.994138 0.0456931 0.0979891 
vn 0.994138 -0.0456931 -0.0979891 
vn 1 -1.02066e-16 -8.75307e-17 
vn 0.976621 -0.0908504 -0.194829 
vn 0.994138 -0.0456931 -0.0979891 
vn 0.947653 -0.134943 -0.289385 
vn 0.976621 -0.0908504 -0.194829 
vn 0.907575 -0.177453 -0.380549 
vn 0.947653 -0.134943 -0.289385 
vn 0.856857 -0.217882 -0.46725 
vn 0.907575 -0.177453 -0.380549 
vn 0.796093 -0.255758 -0.548474 
vn 0.856857 -0.217882 -0.46725 
vn 0.725995 -0.290634 -0.623267 
vn 0.796093 -0.255758 -0.548474 
vn 0.647386 -0.322104 -0.690753 
vn 0.725995 -0.290634 -0.623267 
vn 0.561187 -0.349796 -0.750141 
vn 0.647386 -0.322104 -0.690753 
vn 0.468408 -0.373388 -0.800734 
vn 0.561187 -0.349796 -0.750141 
vn 0.370138 -0.392603 -0.841939 
vn 0.468408 -0.373388 -0.800734 
vn 0.267528 -0.407214 -0.873273 
vn 0.370138 -0.392603 -0.841939 
vn 0.161782 -0.417051 -0.894369 
vn 0.267528 -0.407214 -0.873273 
vn 0.0541389 -0.421998 -0.904979 
vn 0.161782 -0.417051 -0.894369 
vn -0.0541389 -0.421998 -0.904979 
vn 0.0541389 -0.421998 -0.904979 
vn -0.161782 -0.417051 -0.894369 
vn -0.0541389 -0.421998 -0.904979 
vn -0.267528 -0.407214 -0.873273 
vn -0.161782 -0.417051 -0.894369 
vn -0.370138 -0.392603 -0.841939 
vn -0.267528 -0.407214 -0.873273 
vn -0.468408 -0.373388 -0.800734 
vn -0.370138 -0.392603 -0.841939 
vn -0.561187 -0.349796 -0.750141 
vn -0.468408 -0.373388 -0.800734 
vn -0.647386 -0.322104 -0.690753 
vn -0.561187 -0.349796 -0.750141 
vn -0.725995 -0.290634 -0.623267 
vn -0.724563 -0.291272 -0.624635 
vn -0.647386 -0.322104 -0.690753 
vn -0.796093 -0.255758 -0.548474 
vn -0.725995 -0.290634 -0.623267 
vn -0.856857 -0.217882 -0.46725 
vn -0.796093 -0.255758 -0.548474 
vn -0.907575 -0.177453 -0.380549 
vn -0.856857 -0.217882 -0.46725 
vn -0.947653 -0.134943 -0.289385 
vn -0.907575 -0.177453 -0.380549 
vn -0.976621 -0.0908504 -0.194829 
vn -0.947653 -0.134943 -0.289385 
vn -0.994138 -0.0456931 -0.0979891 
vn -0.976621 -0.0908504 -0.194829 
vn -1 5.03102e-17 -2.346e-17 
vn -0.994138 -0.0456931 -0.0979891 
vn -0.994138 0.0456931 0.0979891 
vn -1 5.03102e-17 -2.346e-17 
vn -0.976621 0.0908504 0.194829 
vn -0.994138 0.0456931 0.0979891 
vn -0.947653 0.134943 0.289385 
vn -0.976621 0.0908504 0.194829 
vn -0.907575 0.177453 0.380549 
vn -0.947653 0.134943 0.289385 
vn -0.856857 0.217882 0.46725 
vn -0.907575 0.177453 0.380549 
vn -0.796093 0.255758 0.548474 
vn -0.856857 0.217882 0.46725 
vn -0.725995 0.290634 0.623267 
vn -0.796093 0.255758 0.548474 
vn -0.647386 0.322104 0.690753 
vn -0.725995 0.290634 0.623267 
vn -0.561187 0.349796 0.750141 
vn -0.647386 0.322104 0.690753 
vn -0.468408 0.373388 0.800734 
vn -0.561187 0.349796 0.750141 
vn -0.370138 0.392603 0.841939 
vn -0.468408 0.373388 0.800734 
vn -0.267528 0.407214 0.873273 
vn -0.370138 0.392603 0.841939 
vn -0.161782 0.417051 0.894369 
vn -0.267528 0.407214 0.873273 
vn -0.0541389 0.421998 0.904979 
vn -0.161782 0.417051 0.894369 
vn 0.0541389 0.421998 0.904979 
vn -0.0541389 0.421998 0.904979 
vn 0.161782 0.417051 0.894369 
vn 0.0541389 0.421998 0.904979 
vn 0.267528 0.407214 0.873273 
vn 0.161782 0.417051 0.894369 
vn 0.370138 0.392603 0.841939 
vn 0.267528 0.407214 0.873273 
vn 0.468408 0.373388 0.800734 
vn 0.370138 0.392603 0.841939 
vn 0.561187 0.349796 0.750141 
vn 0.468408 0.373388 0.800734 
vn 0.647386 0.322104 0.690753 
vn 0.561187 0.349796 0.750141 
vn 0.689208 0.306214 0.656677 
vn 0.647386 0.322104 0.690753 
vn 0.807829 -0.249098 -0.534193 
vn 0.741567 -0.283526 -0.608023 
vn 0.865183 -0.211924 -0.454473 
vn 0.807829 -0.249098 -0.534193 
vn 0.912997 -0.172414 -0.369742 
vn 0.865183 -0.211924 -0.454473 
vn 0.950744 -0.131002 -0.280934 
vn 0.912997 -0.172414 -0.369742 
vn 0.978008 -0.0881454 -0.189028 
vn 0.950744 -0.131002 -0.280934 
vn 0.994487 -0.044317 -0.0950381 
vn 0.978008 -0.0881454 -0.189028 
vn 1 5.32014e-17 2.45441e-16 
vn 0.994487 -0.044317 -0.0950381 
vn 0.994487 0.044317 0.0950381 
vn 1 5.32014e-17 2.45441e-16 
vn 0.978008 0.0881454 0.189028 
vn 0.994487 0.044317 0.0950381 
vn 0.950744 0.131002 0.280934 
vn 0.978008 0.0881454 0.189028 
vn 0.912997 0.172414 0.369742 
vn 0.950744 0.131002 0.280934 
vn 0.865183 0.211924 0.454473 
vn 0.912997 0.172414 0.369742 
vn 0.807829 0.249098 0.534193 
vn 0.865183 0.211924 0.454473 
vn 0.741567 0.283526 0.608023 
vn 0.807829 0.249098 0.534193 
vn -0.561187 0.349796 0.750141 
vn -0.647386 0.322104 0.690753 
vn -0.468408 0.373388 0.800734 
vn -0.561187 0.349796 0.750141 
vn -0.370138 0.392603 0.841939 
vn -0.468408 0.373388 0.800734 
vn -0.267528 0.407214 0.873273 
vn -0.370138 0.392603 0.841939 
vn -0.161782 0.417051 0.894369 
vn -0.267528 0.407214 0.873273 
vn -0.0541389 0.421998 0.904979 
vn -0.161782 0.417051 0.894369 
vn 0.0541389 0.421998 0.904979 
vn -0.0541389 0.421998 0.904979 
vn 0.161782 0.417051 0.894369 
vn 0.0541389 0.421998 0.904979 
vn 0.267528 0.407214 0.873273 
vn 0.161782 0.417051 0.894369 
vn 0.370138 0.392603 0.841939 
vn 0.267528 0.407214 0.873273 
vn 0.468408 0.373388 0.800734 
vn 0.370138 0.392603 0.841939 
vn 0.561187 0.349796 0.750141 
vn 0.468408 0.373388 0.800734 
vn 0.647386 0.322104 0.690753 
vn 0.561187 0.349796 0.750141 
vn 0.725995 0.290634 0.623267 
vn 0.647386 0.322104 0.690753 
vn 0.796093 0.255758 0.548474 
vn 0.725995 0.290634 0.623267 
vn 0.856857 0.217882 0.46725 
vn 0.796093 0.255758 0.548474 
vn 0.907575 0.177453 0.380549 
vn 0.856857 0.217882 0.46725 
vn 0.947653 0.134943 0.289385 
vn 0.907575 0.177453 0.380549 
vn 0.976621 0.0908504 0.194829 
vn 0.947653 0.134943 0.289385 
vn 0.994138 0.0456931 0.0979891 
vn 0.976621 0.0908504 0.194829 
vn 1 -1.02066e-16 -8.75307e-17 
vn 0.994138 0.0456931 0.0979891 
vn 0.994138 -0.0456931 -0.0979891 
vn 1 -1.02066e-16 -8.75307e-17 
vn 0.976621 -0.0908504 -0.194829 
vn 0.994138 -0.0456931 -0.0979891 
vn 0.947653 -0.134943 -0.289385 
vn 0.976621 -0.0908504 -0.194829 
vn 0.907575 -0.177453 -0.380549 
vn 0.947653 -0.134943 -0.289385 
vn 0.856857 -0.217882 -0.46725 
vn 0.907575 -0.177453 -0.380549 
vn 0.796093 -0.255758 -0.548474 
vn 0.856857 -0.217882 -0.46725 
vn 0.725995 -0.290634 -0.623267 
vn 0.796093 -0.255758 -0.548474 
vn 0.647386 -0.322104 -0.690753 
vn 0.689208 -0.306214 -0.656677 
vn 0.725995 -0.290634 -0.623267 
vn 0.561187 -0.349796 -0.750141 
vn 0.647386 -0.322104 -0.690753 
vn 0.468408 -0.373388 -0.800734 
vn 0.561187 -0.349796 -0.750141 
vn 0.370138 -0.392603 -0.841939 
vn 0.468408 -0.373388 -0.800734 
vn 0.267528 -0.407214 -0.873273 
vn 0.370138 -0.392603 -0.841939 
vn 0.161782 -0.417051 -0.894369 
vn 0.267528 -0.407214 -0.873273 
vn 0.0541389 -0.421998 -0.904979 
vn 0.161782 -0.417051 -0.894369 
vn -0.0541389 -0.421998 -0.904979 
vn 0.0541389 -0.421998 -0.904979 
vn -0.161782 -0.417051 -0.894369 
vn -0.0541389 -0.421998 -0.904979 
vn -0.267528 -0.407214 -0.873273 
vn -0.161782 -0.417051 -0.894369 
vn -0.370138 -0.392603 -0.841939 
vn -0.267528 -0.407214 -0.873273 
vn -0.468408 -0.373388 -0.800734 
vn -0.370138 -0.392603 -0.841939 
vn -0.561187 -0.349796 -0.750141 
vn -0.468408 -0.373388 -0.800734 
vn -0.647386 -0.322104 -0.690753 
vn -0.561187 -0.349796 -0.750141 
vn -0.725995 -0.290634 -0.623267 
vn -0.647386 -0.322104 -0.690753 
vn -0.796093 -0.255758 -0.548474 
vn -0.725995 -0.290634 -0.623267 
vn -0.856857 -0.217882 -0.46725 
vn -0.796093 -0.255758 -0.548474 
vn -0.907575 -0.177453 -0.380549 
vn -0.856857 -0.217882 -0.46725 
vn -0.947653 -0.134943 -0.289385 
vn -0.907575 -0.177453 -0.380549 
vn -0.976621 -0.0908504 -0.194829 
vn -0.947653 -0.134943 -0.289385 
vn -0.994138 -0.0456931 -0.0979891 
vn -0.976621 -0.0908504 -0.194829 
vn -1 5.03102e-17 -2.346e-17 
vn -0.994138 -0.0456931 -0.0979891 
vn -0.994138 0.0456931 0.0979891 
vn -1 5.03102e-17 -2.346e-17 
vn -0.976621 0.0908504 0.194829 
vn -0.994138 0.0456931 0.0979891 
vn -0.947653 0.134943 0.289385 
vn -0.976621 0.0908504 0.194829 
vn -0.907575 0.177453 0.380549 
vn -0.947653 0.134943 0.289385 
vn -0.856857 0.217882 0.46725 
vn -0.907575 0.177453 0.380549 
vn -0.796093 0.255758 0.548474 
vn -0.856857 0.217882 0.46725 
vn -0.725995 0.290634 0.623267 
vn -0.796093 0.255758 0.548474 
vn -0.724563 0.291272 0.624635 
vn -0.725995 0.290634 0.623267 
vn 4.01398e-17 0.906308 -0.422618 
vn -0.994138 0.0456931 0.0979891 
vn -1 5.03102e-17 -2.346e-17 
vn -0.976621 0.0908504 0.194829 
vn -0.994138 0.0456931 0.0979891 
vn -0.947653 0.134943 0.289385 
vn -0.976621 0.0908504 0.194829 
vn -0.907575 0.177453 0.380549 
vn -0.947653 0.134943 0.289385 
vn -0.856857 0.217882 0.46725 
vn -0.907575 0.177453 0.380549 
vn -0.796093 0.255758 0.548474 
vn -0.856857 0.217882 0.46725 
vn -0.725995 0.290634 0.623267 
vn -0.796093 0.255758 0.548474 
vn -0.647386 0.322104 0.690753 
vn -0.725995 0.290634 0.623267 
vn -0.561187 0.349796 0.750141 
vn -0.647386 0.322104 0.690753 
vn -0.468408 0.373388 0.800734 
vn -0.561187 0.349796 0.750141 
vn -0.370138 0.392603 0.841939 
vn -0.468408 0.373388 0.800734 
vn -0.267528 0.407214 0.873273 
vn -0.370138 0.392603 0.841939 
vn -0.161782 0.417051 0.894369 
vn -0.267528 0.407214 0.873273 
vn -0.0541389 0.421998 0.904979 
vn -0.161782 0.417051 0.894369 
vn 0.0541389 0.421998 0.904979 
vn -0.0541389 0.421998 0.904979 
vn 0.161782 0.417051 0.894369 
vn 0.0541389 0.421998 0.904979 
vn 0.267528 0.407214 0.873273 
vn 0.161782 0.417051 0.894369 
vn 0.370138 0.392603 0.841939 
vn 0.267528 0.407214 0.873273 
vn 0.468408 0.373388 0.800734 
vn 0.370138 0.392603 0.841939 
vn 0.561187 0.349796 0.750141 
vn 0.468408 0.373388 0.800734 
vn 0.647386 0.322104 0.690753 
vn 0.561187 0.349796 0.750141 
vn -0.796093 -0.255758 -0.548474 
vn -0.725995 -0.290634 -0.623267 
vn -0.856857 -0.217882 -0.46725 
vn -0.796093 -0.255758 -0.548474 
vn -0.907575 -0.177453 -0.380549 
vn -0.856857 -0.217882 -0.46725 
vn -0.947653 -0.134943 -0.289385 
vn -0.907575 -0.177453 -0.380549 
vn -0.976621 -0.0908504 -0.194829 
vn -0.947653 -0.134943 -0.289385 
vn -0.994138 -0.0456931 -0.0979891 
vn -0.976621 -0.0908504 -0.194829 
vn 0.725995 0.290634 0.623267 
vn 0.724563 0.291272 0.624635 
vn 0.647386 0.322104 0.690753 
vn 0.796093 0.255758 0.548474 
vn 0.725995 0.290634 0.623267 
vn 0.856857 0.217882 0.46725 
vn 0.796093 0.255758 0.548474 
vn 0.907575 0.177453 0.380549 
vn 0.892217 0.190858 0.409295 
vn 0.947653 0.134943 0.289385 
vn 0.976621 0.0908504 0.194829 
vn 0.994138 0.0456931 0.0979891 
vn 1 -1.02066e-16 -8.75307e-17 
vn 0.994138 -0.0456931 -0.0979891 
vn 0.976621 -0.0908504 -0.194829 
vn 0.947653 -0.134943 -0.289385 
vn 0.907575 -0.177453 -0.380549 
vn 0.856857 -0.217882 -0.46725 
vn 0.892217 -0.190858 -0.409295 
vn 0.907575 -0.177453 -0.380549 
vn 0.796093 -0.255758 -0.548474 
vn 0.725995 -0.290634 -0.623267 
vn 0.647386 -0.322104 -0.690753 
vn 0.561187 -0.349796 -0.750141 
vn 0.468408 -0.373388 -0.800734 
vn 0.370138 -0.392603 -0.841939 
vn 0.267528 -0.407214 -0.873273 
vn 0.161782 -0.417051 -0.894369 
vn 0.0541389 -0.421998 -0.904979 
vn -0.0541389 -0.421998 -0.904979 
vn -0.161782 -0.417051 -0.894369 
vn -0.267528 -0.407214 -0.873273 
vn -0.370138 -0.392603 -0.841939 
vn -0.468408 -0.373388 -0.800734 
vn -0.561187 -0.349796 -0.750141 
vn -0.647386 -0.322104 -0.690753 
vn -0.689208 -0.306214 -0.656677 
vn 0.589417 0.341403 0.732142 
vn 0.670879 0.3134 0.672088 
vn 0.501456 0.365642 0.784122 
vn 0.589417 0.341403 0.732142 
vn 0.407965 0.385849 0.827457 
vn 0.501456 0.365642 0.784122 
vn 0.309977 0.401802 0.861667 
vn 0.407965 0.385849 0.827457 
vn 0.20857 0.413324 0.886376 
vn 0.309977 0.401802 0.861667 
vn 0.104863 0.420288 0.901311 
vn 0.20857 0.413324 0.886376 
vn -1.83697e-16 0.422618 0.906308 
vn 0.104863 0.420288 0.901311 
vn -0.104863 0.420288 0.901311 
vn -1.83697e-16 0.422618 0.906308 
vn -0.20857 0.413324 0.886376 
vn -0.104863 0.420288 0.901311 
vn -0.309977 0.401802 0.861667 
vn -0.20857 0.413324 0.886376 
vn -0.407965 0.385849 0.827457 
vn -0.309977 0.401802 0.861667 
vn -0.501456 0.365642 0.784122 
vn -0.407965 0.385849 0.827457 
vn -0.589417 0.341403 0.732142 
vn -0.501456 0.365642 0.784122 
vn -0.670879 0.3134 0.672088 
vn -0.589417 0.341403 0.732142 
vn -0.807829 0.249098 0.534193 
vn -0.741567 0.283526 0.608023 
vn -0.865183 0.211924 0.454473 
vn -0.807829 0.249098 0.534193 
vn -0.912997 0.172414 0.369742 
vn -0.865183 0.211924 0.454473 
vn -0.950744 0.131002 0.280934 
vn -0.912997 0.172414 0.369742 
vn -0.978008 0.0881454 0.189028 
vn -0.950744 0.131002 0.280934 
vn -0.994487 0.044317 0.0950381 
vn -0.978008 0.0881454 0.189028 
vn -1 -1.44562e-18 -1.34451e-16 
vn -0.994487 0.044317 0.0950381 
vn -0.994487 -0.044317 -0.0950381 
vn -1 -1.44562e-18 -1.34451e-16 
vn -0.978008 -0.0881454 -0.189028 
vn -0.994487 -0.044317 -0.0950381 
vn -0.950744 -0.131002 -0.280934 
vn -0.978008 -0.0881454 -0.189028 
vn -0.912997 -0.172414 -0.369742 
vn -0.950744 -0.131002 -0.280934 
vn -0.865183 -0.211924 -0.454473 
vn -0.912997 -0.172414 -0.369742 
vn -0.807829 -0.249098 -0.534193 
vn -0.865183 -0.211924 -0.454473 
vn -0.741567 -0.283526 -0.608023 
vn -0.807829 -0.249098 -0.534193 
vn 4.01398e-17 0.906308 -0.422618 
vn -4.01398e-17 -0.906308 0.422618 
vn -0.994138 0.0456931 0.0979891 
vn -1 5.03102e-17 -2.346e-17 
vn -0.976621 0.0908504 0.194829 
vn -0.994138 0.0456931 0.0979891 
vn -0.947653 0.134943 0.289385 
vn -0.976621 0.0908504 0.194829 
vn -0.907575 0.177453 0.380549 
vn -0.947653 0.134943 0.289385 
vn -0.856857 0.217882 0.46725 
vn -0.907575 0.177453 0.380549 
vn -0.796093 0.255758 0.548474 
vn -0.856857 0.217882 0.46725 
vn -0.725995 0.290634 0.623267 
vn -0.796093 0.255758 0.548474 
vn -0.647386 0.322104 0.690753 
vn -0.725995 0.290634 0.623267 
vn -0.561187 0.349796 0.750141 
vn -0.647386 0.322104 0.690753 
vn -0.468408 0.373388 0.800734 
vn -0.561187 0.349796 0.750141 
vn -0.370138 0.392603 0.841939 
vn -0.468408 0.373388 0.800734 
vn -0.267528 0.407214 0.873273 
vn -0.370138 0.392603 0.841939 
vn -0.161782 0.417051 0.894369 
vn -0.267528 0.407214 0.873273 
vn -0.0541389 0.421998 0.904979 
vn -0.161782 0.417051 0.894369 
vn 0.0541389 0.421998 0.904979 
vn -0.0541389 0.421998 0.904979 
vn 0.161782 0.417051 0.894369 
vn 0.0541389 0.421998 0.904979 
vn 0.267528 0.407214 0.873273 
vn 0.161782 0.417051 0.894369 
vn 0.370138 0.392603 0.841939 
vn 0.337955 0.397752 0.852983 
vn 0.468408 0.373388 0.800734 
vn 0.561187 0.349796 0.750141 
vn 0.647386 0.322104 0.690753 
vn 0.725995 0.290634 0.623267 
vn 0.796093 0.255758 0.548474 
vn 0.856857 0.217882 0.46725 
vn 0.907575 0.177453 0.380549 
vn 0.947653 0.134943 0.289385 
vn 0.976621 0.0908504 0.194829 
vn 0.994138 0.0456931 0.0979891 
vn 1 -1.02066e-16 -8.75307e-17 
vn 0.994138 -0.0456931 -0.0979891 
vn 0.976621 -0.0908504 -0.194829 
vn 0.947653 -0.134943 -0.289385 
vn 0.907575 -0.177453 -0.380549 
vn 0.856857 -0.217882 -0.46725 
vn 0.796093 -0.255758 -0.548474 
vn 0.725995 -0.290634 -0.623267 
vn 0.647386 -0.322104 -0.690753 
vn 0.561187 -0.349796 -0.750141 
vn 0.468408 -0.373388 -0.800734 
vn 0.370138 -0.392603 -0.841939 
vn 0.267528 -0.407214 -0.873273 
vn 0.337955 -0.397752 -0.852983 
vn 0.370138 -0.392603 -0.841939 
vn 0.161782 -0.417051 -0.894369 
vn 0.0541389 -0.421998 -0.904979 
vn -0.0541389 -0.421998 -0.904979 
vn -0.161782 -0.417051 -0.894369 
vn -0.267528 -0.407214 -0.873273 
vn -0.370138 -0.392603 -0.841939 
vn -0.468408 -0.373388 -0.800734 
vn -0.561187 -0.349796 -0.750141 
vn -0.647386 -0.322104 -0.690753 
vn -0.725995 -0.290634 -0.623267 
vn -0.796093 -0.255758 -0.548474 
vn -0.856857 -0.217882 -0.46725 
vn -0.907575 -0.177453 -0.380549 
vn -0.947653 -0.134943 -0.289385 
vn -0.976621 -0.0908504 -0.194829 
vn -0.994138 -0.0456931 -0.0979891 
vn -0.994138 0.0456931 0.0979891 
vn -1 5.03102e-17 -2.346e-17 
vn -0.976621 0.0908504 0.194829 
vn -0.994138 0.0456931 0.0979891 
vn -0.947653 0.134943 0.289385 
vn -0.976621 0.0908504 0.194829 
vn -0.907575 0.177453 0.380549 
vn -0.947653 0.134943 0.289385 
vn -0.856857 0.217882 0.46725 
vn -0.907575 0.177453 0.380549 
vn -0.796093 0.255758 0.548474 
vn -0.856857 0.217882 0.46725 
vn -0.725995 0.290634 0.623267 
vn -0.796093 0.255758 0.548474 
vn -0.647386 0.322104 0.690753 
vn -0.725995 0.290634 0.623267 
vn -0.561187 0.349796 0.750141 
vn -0.647386 0.322104 0.690753 
vn -0.468408 0.373388 0.800734 
vn -0.561187 0.349796 0.750141 
vn -0.370138 0.392603 0.841939 
vn -0.468408 0.373388 0.800734 
vn -0.267528 0.407214 0.873273 
vn -0.337955 0.397752 0.852983 
vn -0.370138 0.392603 0.841939 
vn -0.161782 0.417051 0.894369 
vn -0.0541389 0.421998 0.904979 
vn 0.0541389 0.421998 0.904979 
vn 0.161782 0.417051 0.894369 
vn 0.267528 0.407214 0.873273 
vn 0.370138 0.392603 0.841939 
vn 0.468408 0.373388 0.800734 
vn 0.561187 0.349796 0.750141 
vn 0.647386 0.322104 0.690753 
vn 0.725995 0.290634 0.623267 
vn 0.796093 0.255758 0.548474 
vn 0.856857 0.217882 0.46725 
vn 0.907575 0.177453 0.380549 
vn 0.947653 0.134943 0.289385 
vn 0.976621 0.0908504 0.194829 
vn 0.994138 0.0456931 0.0979891 
vn 1 -1.02066e-16 -8.75307e-17 
vn 0.994138 -0.0456931 -0.0979891 
vn 0.976621 -0.0908504 -0.194829 
vn 0.947653 -0.134943 -0.289385 
vn 0.907575 -0.177453 -0.380549 
vn 0.856857 -0.217882 -0.46725 
vn 0.796093 -0.255758 -0.548474 
vn 0.725995 -0.290634 -0.623267 
vn 0.647386 -0.322104 -0.690753 
vn 0.561187 -0.349796 -0.750141 
vn 0.468408 -0.373388 -0.800734 
vn 0.370138 -0.392603 -0.841939 
vn 0.267528 -0.407214 -0.873273 
vn 0.161782 -0.417051 -0.894369 
vn 0.0541389 -0.421998 -0.904979 
vn -0.0541389 -0.421998 -0.904979 
vn -0.161782 -0.417051 -0.894369 
vn -0.267528 -0.407214 -0.873273 
vn -0.370138 -0.392603 -0.841939 
vn -0.337955 -0.397752 -0.852983 
vn -0.468408 -0.373388 -0.800734 
vn -0.561187 -0.349796 -0.750141 
vn -0.647386 -0.322104 -0.690753 
vn -0.725995 -0.290634 -0.623267 
vn -0.796093 -0.255758 -0.548474 
vn -0.856857 -0.217882 -0.46725 
vn -0.907575 -0.177453 -0.380549 
vn -0.947653 -0.134943 -0.289385 
vn -0.976621 -0.0908504 -0.194829 
vn -0.994138 -0.0456931 -0.0979891 
vn -0.994138 0.0456931 0.0979891 
vn -1 5.03102e-17 -2.346e-17 
vn -0.976621 0.0908504 0.194829 
vn -0.994138 0.0456931 0.0979891 
vn -0.947653 0.134943 0.289385 
vn -0.976621 0.0908504 0.194829 
vn -0.907575 0.177453 0.380549 
vn -0.947653 0.134943 0.289385 
vn -0.856857 0.217882 0.46725 
vn -0.907575 0.177453 0.380549 
vn -0.796093 0.255758 0.548474 
vn -0.856857 0.217882 0.46725 
vn -0.725995 0.290634 0.623267 
vn -0.796093 0.255758 0.548474 
vn -0.647386 0.322104 0.690753 
vn -0.725995 0.290634 0.623267 
vn -0.561187 0.349796 0.750141 
vn -0.647386 0.322104 0.690753 
vn -0.468408 0.373388 0.800734 
vn -0.561187 0.349796 0.750141 
vn -0.370138 0.392603 0.841939 
vn -0.468408 0.373388 0.800734 
vn -0.267528 0.407214 0.873273 
vn -0.337955 0.397752 0.852983 
vn -0.370138 0.392603 0.841939 
vn -0.161782 0.417051 0.894369 
vn -0.0541389 0.421998 0.904979 
vn 0.0541389 0.421998 0.904979 
vn 0.161782 0.417051 0.894369 
vn 0.267528 0.407214 0.873273 
vn 0.370138 0.392603 0.841939 
vn 0.468408 0.373388 0.800734 
vn 0.561187 0.349796 0.750141 
vn 0.647386 0.322104 0.690753 
vn 0.725995 0.290634 0.623267 
vn 0.796093 0.255758 0.548474 
vn 0.856857 0.217882 0.46725 
vn 0.907575 0.177453 0.380549 
vn 0.947653 0.134943 0.289385 
vn 0.976621 0.0908504 0.194829 
vn 0.994138 0.0456931 0.0979891 
vn 1 -1.02066e-16 -8.75307e-17 
vn 0.994138 -0.0456931 -0.0979891 
vn 0.976621 -0.0908504 -0.194829 
vn 0.947653 -0.134943 -0.289385 
vn 0.907575 -0.177453 -0.380549 
vn 0.856857 -0.217882 -0.46725 
vn 0.796093 -0.255758 -0.548474 
vn 0.725995 -0.290634 -0.623267 
vn 0.647386 -0.322104 -0.690753 
vn 0.561187 -0.349796 -0.750141 
vn 0.468408 -0.373388 -0.800734 
vn 0.370138 -0.392603 -0.841939 
vn 0.267528 -0.407214 -0.873273 
vn 0.161782 -0.417051 -0.894369 
vn 0.0541389 -0.421998 -0.904979 
vn -0.0541389 -0.421998 -0.904979 
vn -0.161782 -0.417051 -0.894369 
vn -0.267528 -0.407214 -0.873273 
vn -0.370138 -0.392603 -0.841939 
vn -0.337955 -0.397752 -0.852983 
vn -0.468408 -0.373388 -0.800734 
vn -0.561187 -0.349796 -0.750141 
vn -0.647386 -0.322104 -0.690753 
vn -0.725995 -0.290634 -0.623267 
vn -0.796093 -0.255758 -0.548474 
vn -0.856857 -0.217882 -0.46725 
vn -0.907575 -0.177453 -0.380549 
vn -0.947653 -0.134943 -0.289385 
vn -0.976621 -0.0908504 -0.194829 
vn -0.994138 -0.0456931 -0.0979891 
vn -0.994138 0.0456931 0.0979891 
vn -1 5.03102e-17 -2.346e-17 
vn -0.976621 0.0908504 0.194829 
vn -0.994138 0.0456931 0.0979891 
vn -0.947653 0.134943 0.289385 
vn -0.976621 0.0908504 0.194829 
vn -0.907575 0.177453 0.380549 
vn -0.947653 0.134943 0.289385 
vn -0.856857 0.217882 0.46725 
vn -0.907575 0.177453 0.380549 
vn -0.796093 0.255758 0.548474 
vn -0.856857 0.217882 0.46725 
vn -0.725995 0.290634 0.623267 
vn -0.796093 0.255758 0.548474 
vn -0.647386 0.322104 0.690753 
vn -0.725995 0.290634 0.623267 
vn -0.561187 0.349796 0.750141 
vn -0.647386 0.322104 0.690753 
vn -0.468408 0.373388 0.800734 
vn -0.561187 0.349796 0.750141 
vn -0.370138 0.392603 0.841939 
vn -0.468408 0.373388 0.800734 
vn -0.267528 0.407214 0.873273 
vn -0.370138 0.392603 0.841939 
vn -0.161782 0.417051 0.894369 
vn -0.267528 0.407214 0.873273 
vn -0.0541389 0.421998 0.904979 
vn -0.161782 0.417051 0.894369 
vn 0.0541389 0.421998 0.904979 
vn -0.0541389 0.421998 0.904979 
vn 0.161782 0.417051 0.894369 
vn 0.0541389 0.421998 0.904979 
vn 0.267528 0.407214 0.873273 
vn 0.161782 0.417051 0.894369 
vn 0.370138 0.392603 0.841939 
vn 0.337955 0.397752 0.852983 
vn 0.468408 0.373388 0.800734 
vn 0.561187 0.349796 0.750141 
vn 0.647386 0.322104 0.690753 
vn 0.725995 0.290634 0.623267 
vn 0.796093 0.255758 0.548474 
vn 0.856857 0.217882 0.46725 
vn 0.907575 0.177453 0.380549 
vn 0.947653 0.134943 0.289385 
vn 0.976621 0.0908504 0.194829 
vn 0.994138 0.0456931 0.0979891 
vn 1 -1.02066e-16 -8.75307e-17 
vn 0.994138 -0.0456931 -0.0979891 
vn 0.976621 -0.0908504 -0.194829 
vn 0.947653 -0.134943 -0.289385 
vn 0.907575 -0.177453 -0.380549 
vn 0.856857 -0.217882 -0.46725 
vn 0.796093 -0.255758 -0.548474 
vn 0.725995 -0.290634 -0.623267 
vn 0.647386 -0.322104 -0.690753 
vn 0.561187 -0.349796 -0.750141 
vn 0.468408 -0.373388 -0.800734 
vn 0.370138 -0.392603 -0.841939 
vn 0.267528 -0.407214 -0.873273 
vn 0.337955 -0.397752 -0.852983 
vn 0.370138 -0.392603 -0.841939 
vn 0.161782 -0.417051 -0.894369 
vn 0.0541389 -0.421998 -0.904979 
vn -0.0541389 -0.421998 -0.904979 
vn -0.161782 -0.417051 -0.894369 
vn -0.267528 -0.407214 -0.873273 
vn -0.370138 -0.392603 -0.841939 
vn -0.468408 -0.373388 -0.800734 
vn -0.561187 -0.349796 -0.750141 
vn -0.647386 -0.322104 -0.690753 
vn -0.725995 -0.290634 -0.623267 
vn -0.796093 -0.255758 -0.548474 
vn -0.856857 -0.217882 -0.46725 
vn -0.907575 -0.177453 -0.380549 
vn -0.947653 -0.134943 -0.289385 
vn -0.976621 -0.0908504 -0.194829 
vn -0.994138 -0.0456931 -0.0979891 
usemtl 0.713725_0.760784_0.800000_0.000000_0.000000
o mesh0
f 59//1 1//1 2//1 
f 2//1 3//1 59//1 
f 3//1 4//1 59//1 
f 4//1 5//1 59//1 
f 5//1 6//1 59//1 
f 6//1 7//1 59//1 
f 7//1 8//1 59//1 
f 8//1 9//1 59//1 
f 9//1 10//1 59//1 
f 10//1 11//1 59//1 
f 11//1 12//1 59//1 
f 12//1 13//1 59//1 
f 13//1 14//1 59//1 
f 14//1 15//1 59//1 
f 15//1 16//1 59//1 
f 16//1 17//1 59//1 
f 17//1 18//1 59//1 
f 18//1 19//1 59//1 
f 19//1 20//1 59//1 
f 20//1 21//1 59//1 
f 21//1 22//1 59//1 
f 22//1 23//1 59//1 
f 23//1 24//1 59//1 
f 24//1 25//1 59//1 
f 25//1 26//1 59//1 
f 26//1 27//1 59//1 
f 27//1 28//1 59//1 
f 28//1 29//1 59//1 
f 29//1 30//1 59//1 
f 30//1 31//1 59//1 
f 31//1 32//1 59//1 
f 32//1 33//1 59//1 
f 33//1 34//1 59//1 
f 34//1 35//1 59//1 
f 35//1 36//1 59//1 
f 36//1 37//1 59//1 
f 37//1 38//1 59//1 
f 38//1 39//1 59//1 
f 39//1 40//1 59//1 
f 40//1 41//1 59//1 
f 41//1 42//1 59//1 
f 42//1 43//1 59//1 
f 43//1 44//1 59//1 
f 44//1 45//1 59//1 
f 45//1 46//1 59//1 
f 46//1 47//1 59//1 
f 47//1 48//1 59//1 
f 48//1 49//1 59//1 
f 49//1 50//1 59//1 
f 50//1 51//1 59//1 
f 51//1 52//1 59//1 
f 52//1 53//1 59//1 
f 53//1 54//1 59//1 
f 54//1 55//1 59//1 
f 55//1 56//1 59//1 
f 56//1 57//1 59//1 
f 57//1 58//1 59//1 
f 58//1 1//1 59//1 
o mesh1
f 1//2 58//3 60//3 
f 2//4 1//2 61//5 
f 3//6 2//4 62//7 
f 4//8 3//6 63//9 
f 5//10 4//8 64//11 
f 6//12 5//10 65//13 
f 7//14 6//12 66//15 
f 8//16 7//14 67//17 
f 9//18 8//16 68//19 
f 10//20 9//18 69//21 
f 11//22 10//20 70//23 
f 12//24 11//22 71//25 
f 13//26 12//24 72//27 
f 14//28 13//26 73//29 
f 15//30 14//28 74//31 
f 16//32 15//30 75//33 
f 17//34 16//32 76//35 
f 18//36 17//34 77//37 
f 19//38 18//36 78//39 
f 20//40 19//38 79//41 
f 21//42 20//40 80//43 
f 22//44 21//42 81//45 
f 23//46 22//44 82//47 
f 24//48 23//46 83//49 
f 25//50 24//48 84//51 
f 26//52 25//50 85//53 
f 27//54 26//52 86//55 
f 28//56 27//54 87//57 
f 29//58 28//56 88//59 
f 30//60 29//58 89//61 
f 31//62 30//60 90//63 
f 32//64 31//62 91//65 
f 33//66 32//64 92//67 
f 34//68 33//66 93//69 
f 35//70 34//68 94//71 
f 36//72 35//70 95//73 
f 37//74 36//72 96//75 
f 38//76 37//74 97//77 
f 39//78 38//76 98//79 
f 40//80 39//78 99//81 
f 41//82 40//80 100//83 
f 42//84 41//82 101//85 
f 43//86 42//84 102//87 
f 44//88 43//86 103//89 
f 45//90 44//88 104//91 
f 46//92 45//90 105//93 
f 47//94 46//92 106//95 
f 48//96 47//94 107//97 
f 49//98 48//96 108//99 
f 50//100 49//98 109//101 
f 51//102 50//100 110//103 
f 52//104 51//102 111//105 
f 53//106 52//104 112//107 
f 54//108 53//106 113//109 
f 55//110 54//108 114//111 
f 56//112 55//110 115//113 
f 57//114 56//112 116//115 
f 58//3 57//114 117//114 
f 117//114 60//3 58//3 
f 116//115 117//114 57//114 
f 115//113 116//115 56//112 
f 114//111 115//113 55//110 
f 113//109 114//111 54//108 
f 112//107 113//109 53//106 
f 111//105 112//107 52//104 
f 110//103 111//105 51//102 
f 109//101 110//103 50//100 
f 108//99 109//101 49//98 
f 107//97 108//99 48//96 
f 106//95 107//97 47//94 
f 105//93 106//95 46//92 
f 104//91 105//93 45//90 
f 103//89 104//91 44//88 
f 102//87 103//89 43//86 
f 101//85 102//87 42//84 
f 100//83 101//85 41//82 
f 99//81 100//83 40//80 
f 98//79 99//81 39//78 
f 97//77 98//79 38//76 
f 96//75 97//77 37//74 
f 95//73 96//75 36//72 
f 94//71 95//73 35//70 
f 93//69 94//71 34//68 
f 92//67 93//69 33//66 
f 91//65 92//67 32//64 
f 90//63 91//65 31//62 
f 89//61 90//63 30//60 
f 88//59 89//61 29//58 
f 87//57 88//59 28//56 
f 86//55 87//57 27//54 
f 85//53 86//55 26//52 
f 84//51 85//53 25//50 
f 83//49 84//51 24//48 
f 82//47 83//49 23//46 
f 81//45 82//47 22//44 
f 80//43 81//45 21//42 
f 79//41 80//43 20//40 
f 78//39 79//41 19//38 
f 77//37 78//39 18//36 
f 76//35 77//37 17//34 
f 75//33 76//35 16//32 
f 74//31 75//33 15//30 
f 73//29 74//31 14//28 
f 72//27 73//29 13//26 
f 71//25 72//27 12//24 
f 70//23 71//25 11//22 
f 69//21 70//23 10//20 
f 68//19 69//21 9//18 
f 67//17 68//19 8//16 
f 66//15 67//17 7//14 
f 65//13 66//15 6//12 
f 64//11 65//13 5//10 
f 63//9 64//11 4//8 
f 62//7 63//9 3//6 
f 61//5 62//7 2//4 
f 60//3 61//5 1//2 
o mesh2
f 102//116 118//116 119//116 
f 119//116 103//116 102//116 
f 120//116 121//116 104//116 
f 118//116 99//116 98//116 
f 102//116 101//116 118//116 
f 103//116 119//116 120//116 
f 107//116 122//116 123//116 
f 122//116 107//116 106//116 
f 124//116 109//116 108//116 
f 124//116 111//116 110//116 
f 118//116 100//116 99//116 
f 104//116 103//116 120//116 
f 121//116 106//116 105//116 
f 106//116 121//116 122//116 
f 110//116 109//116 124//116 
f 98//116 97//116 118//116 
f 105//116 104//116 121//116 
f 125//116 113//116 112//116 
f 125//116 116//116 115//116 
f 126//116 70//116 69//116 
f 118//116 94//116 93//116 
f 118//116 96//116 95//116 
f 108//116 107//116 124//116 
f 101//116 100//116 118//116 
f 112//116 124//116 125//116 
f 115//116 114//116 125//116 
f 125//116 126//116 66//116 
f 126//116 71//116 70//116 
f 126//116 73//116 72//116 
f 73//116 126//116 127//116 
f 95//116 94//116 118//116 
f 97//116 96//116 118//116 
f 114//116 113//116 125//116 
f 125//116 60//116 117//116 
f 125//116 62//116 61//116 
f 125//116 64//116 63//116 
f 126//116 67//116 66//116 
f 69//116 68//116 126//116 
f 127//116 74//116 73//116 
f 123//116 124//116 107//116 
f 117//116 116//116 125//116 
f 63//116 62//116 125//116 
f 66//116 65//116 125//116 
f 72//116 71//116 126//116 
f 127//116 76//116 75//116 
f 128//116 129//116 130//116 
f 112//116 111//116 124//116 
f 65//116 64//116 125//116 
f 75//116 74//116 127//116 
f 127//116 78//116 77//116 
f 131//116 118//116 92//116 
f 127//116 80//116 79//116 
f 127//116 86//116 85//116 
f 128//116 132//116 133//116 
f 130//116 134//116 128//116 
f 61//116 60//116 125//116 
f 77//116 76//116 127//116 
f 135//116 136//116 131//116 
f 127//116 81//116 80//116 
f 85//116 84//116 127//116 
f 135//116 137//116 138//116 
f 135//116 139//116 140//116 
f 141//116 142//116 143//116 
f 141//116 144//116 145//116 
f 133//116 146//116 128//116 
f 128//116 147//116 129//116 
f 125//116 148//116 149//116 
f 125//116 150//116 151//116 
f 125//116 152//116 153//116 
f 68//116 67//116 126//116 
f 135//116 154//116 136//116 
f 127//116 82//116 81//116 
f 84//116 83//116 127//116 
f 125//116 155//116 156//116 
f 125//116 157//116 158//116 
f 125//116 159//116 160//116 
f 135//116 161//116 137//116 
f 135//116 162//116 139//116 
f 125//116 163//116 164//116 
f 163//116 165//116 166//116 
f 163//116 167//116 168//116 
f 163//116 169//116 170//116 
f 163//116 141//116 171//116 
f 141//116 172//116 173//116 
f 141//116 174//116 142//116 
f 141//116 175//116 144//116 
f 135//116 176//116 177//116 
f 134//116 132//116 128//116 
f 178//116 147//116 128//116 
f 179//116 180//116 181//116 
f 149//116 179//116 125//116 
f 151//116 182//116 125//116 
f 153//116 183//116 125//116 
f 125//116 124//116 184//116 
f 92//116 135//116 131//116 
f 83//116 82//116 127//116 
f 158//116 155//116 125//116 
f 125//116 185//116 159//116 
f 140//116 161//116 135//116 
f 128//116 186//116 162//116 
f 125//116 187//116 188//116 
f 163//116 189//116 164//116 
f 166//116 190//116 163//116 
f 168//116 191//116 163//116 
f 163//116 192//116 193//116 
f 163//116 194//116 169//116 
f 173//116 171//116 141//116 
f 141//116 195//116 196//116 
f 145//116 174//116 141//116 
f 135//116 197//116 198//116 
f 177//116 199//116 135//116 
f 146//116 200//116 128//116 
f 201//116 202//116 178//116 
f 201//116 203//116 204//116 
f 201//116 179//116 205//116 
f 179//116 206//116 207//116 
f 179//116 208//116 180//116 
f 182//116 148//116 125//116 
f 125//116 209//116 152//116 
f 184//116 210//116 125//116 
f 79//116 78//116 127//116 
f 160//116 157//116 125//116 
f 135//116 211//116 212//116 
f 162//116 135//116 128//116 
f 125//116 213//116 187//116 
f 190//116 189//116 163//116 
f 163//116 214//116 167//116 
f 193//116 215//116 163//116 
f 171//116 194//116 163//116 
f 141//116 216//116 195//116 
f 141//116 217//116 218//116 
f 141//116 219//116 175//116 
f 198//116 220//116 135//116 
f 135//116 221//116 176//116 
f 128//116 201//116 178//116 
f 201//116 222//116 223//116 
f 205//116 203//116 201//116 
f 179//116 224//116 206//116 
f 179//116 225//116 226//116 
f 179//116 227//116 228//116 
f 179//116 229//116 230//116 
f 149//116 208//116 179//116 
f 210//116 209//116 125//116 
f 156//116 126//116 125//116 
f 138//116 211//116 135//116 
f 164//116 213//116 125//116 
f 215//116 214//116 163//116 
f 196//116 172//116 141//116 
f 143//116 217//116 141//116 
f 135//116 231//116 219//116 
f 199//116 197//116 135//116 
f 232//116 135//116 87//116 
f 233//116 87//116 86//116 
f 223//116 202//116 201//116 
f 207//116 205//116 179//116 
f 228//116 225//116 179//116 
f 179//116 234//116 229//116 
f 183//116 150//116 125//116 
f 212//116 154//116 135//116 
f 191//116 165//116 163//116 
f 218//116 216//116 141//116 
f 220//116 231//116 135//116 
f 135//116 235//116 236//116 
f 135//116 88//116 87//116 
f 86//116 237//116 238//116 
f 204//116 222//116 201//116 
f 230//116 227//116 179//116 
f 93//116 92//116 118//116 
f 170//116 192//116 163//116 
f 236//116 221//116 135//116 
f 87//116 233//116 232//116 
f 86//116 239//116 237//116 
f 86//116 127//116 240//116 
f 226//116 224//116 179//116 
f 188//116 185//116 125//116 
f 232//116 235//116 135//116 
f 240//116 239//116 86//116 
f 181//116 234//116 179//116 
f 86//116 238//116 233//116 
f 135//116 92//116 91//116 
f 219//116 141//116 135//116 
f 200//116 186//116 128//116 
f 91//116 90//116 135//116 
f 135//116 89//116 88//116 
f 90//116 89//116 135//116 
o mesh3
f 179//116 201//116 241//117 
f 242//117 241//117 243//118 
f 243//118 244//119 242//117 
f 244//119 245//119 246//120 
f 247//120 246//120 248//121 
f 249//121 248//121 250//122 
f 251//122 250//122 252//123 
f 253//123 252//123 254//124 
f 255//124 254//124 256//125 
f 257//125 256//125 258//126 
f 259//126 258//126 260//127 
f 261//127 260//127 262//128 
f 263//128 262//128 264//129 
f 265//129 264//129 266//130 
f 267//130 266//130 268//131 
f 269//131 268//131 270//132 
f 270//132 271//132 269//131 
f 268//131 269//131 267//130 
f 266//130 267//130 265//129 
f 264//129 265//129 263//128 
f 262//128 263//128 261//127 
f 260//127 261//127 259//126 
f 258//126 259//126 257//125 
f 256//125 257//125 255//124 
f 254//124 255//124 253//123 
f 252//123 253//123 251//122 
f 250//122 251//122 249//121 
f 248//121 249//121 247//120 
f 246//120 247//120 244//119 
f 243//118 245//119 244//119 
f 241//117 242//117 179//116 
o mesh4
f 141//133 163//133 272//134 
f 272//134 273//135 274//136 
f 273//135 275//135 274//136 
f 275//135 273//135 276//137 
f 277//137 276//137 278//138 
f 279//138 278//138 280//139 
f 281//139 280//139 282//140 
f 283//140 282//140 284//141 
f 285//141 284//141 286//142 
f 287//142 286//142 288//143 
f 289//143 288//143 290//144 
f 291//144 290//144 292//145 
f 293//145 292//145 294//146 
f 295//146 294//146 296//147 
f 297//147 296//147 298//148 
f 299//148 298//148 300//149 
f 300//149 301//149 299//148 
f 298//148 299//148 297//147 
f 296//147 297//147 295//146 
f 294//146 295//146 293//145 
f 292//145 293//145 291//144 
f 290//144 291//144 289//143 
f 288//143 289//143 287//142 
f 286//142 287//142 285//141 
f 284//141 285//141 283//140 
f 282//140 283//140 281//139 
f 280//139 281//139 279//138 
f 278//138 279//138 277//137 
f 276//137 277//137 275//135 
f 274//136 302//150 272//134 
f 272//134 302//150 141//133 
o mesh5
f 300//149 303//149 304//149 
f 304//149 305//149 300//149 
f 306//149 307//149 303//149 
f 303//149 307//149 304//149 
f 305//149 301//149 300//149 
f 303//149 308//149 306//149 
o mesh6
f 309//151 310//151 311//152 
f 312//152 311//152 313//153 
f 313//153 314//154 312//152 
f 314//154 315//154 316//155 
f 317//155 316//155 318//156 
f 319//156 318//156 320//157 
f 321//157 320//157 322//158 
f 323//158 322//158 324//159 
f 325//160 326//159 327//161 
f 326//159 324//159 327//161 
f 325//160 328//160 329//162 
f 330//162 329//162 331//163 
f 332//163 331//163 333//164 
f 334//164 333//164 335//165 
f 336//165 335//165 337//166 
f 338//166 337//166 339//167 
f 340//167 339//167 306//168 
f 306//168 308//168 340//167 
f 339//167 340//167 338//166 
f 337//166 338//166 336//165 
f 335//165 336//165 334//164 
f 333//164 334//164 332//163 
f 331//163 332//163 330//162 
f 329//162 330//162 325//160 
f 327//161 328//160 325//160 
f 324//159 326//159 323//158 
f 322//158 323//158 321//157 
f 320//157 321//157 319//156 
f 318//156 319//156 317//155 
f 316//155 317//155 314//154 
f 313//153 315//154 314//154 
f 311//152 312//152 309//151 
o mesh7
f 341//169 342//169 343//169 
f 342//169 344//169 343//169 
f 309//169 341//169 345//169 
f 345//169 310//169 309//169 
f 343//169 345//169 341//169 
o mesh8
f 344//169 342//169 346//170 
f 346//170 347//171 348//172 
f 347//171 349//171 348//172 
f 349//171 347//171 350//173 
f 351//173 350//173 352//174 
f 353//174 352//174 354//175 
f 355//175 354//175 356//176 
f 357//176 356//176 358//177 
f 359//178 360//178 361//179 
f 361//179 358//177 359//178 
f 360//178 359//178 362//180 
f 363//180 362//180 364//181 
f 365//181 364//181 366//182 
f 367//182 366//182 368//183 
f 369//183 368//183 370//184 
f 371//184 370//184 372//185 
f 373//185 372//185 374//186 
f 374//186 375//186 373//185 
f 372//185 373//185 371//184 
f 370//184 371//184 369//183 
f 368//183 369//183 367//182 
f 366//182 367//182 365//181 
f 364//181 365//181 363//180 
f 362//180 363//180 360//178 
f 361//179 376//187 358//177 
f 358//177 376//187 357//176 
f 356//176 357//176 355//175 
f 354//175 355//175 353//174 
f 352//174 353//174 351//173 
f 350//173 351//173 349//171 
f 348//172 377//188 346//170 
f 346//170 377//188 344//169 
o mesh9
f 378//189 379//189 380//189 
f 381//189 382//189 383//189 
f 384//189 385//189 386//189 
f 387//189 388//189 378//189 
f 383//189 389//189 381//189 
f 381//189 387//189 390//189 
f 391//189 392//189 393//189 
f 386//189 394//189 384//189 
f 384//189 391//189 395//189 
f 380//189 379//189 396//189 
f 387//189 381//189 388//189 
f 381//189 397//189 398//189 
f 390//189 382//189 381//189 
f 391//189 384//189 392//189 
f 384//189 399//189 400//189 
f 395//189 385//189 384//189 
f 380//189 387//189 378//189 
f 389//189 397//189 381//189 
f 393//189 401//189 391//189 
f 394//189 399//189 384//189 
f 402//189 380//189 403//189 
f 404//189 403//189 405//189 
f 391//189 406//189 407//189 
f 398//189 400//189 381//189 
f 400//189 398//189 384//189 
f 408//189 409//189 410//189 
f 380//189 411//189 412//189 
f 413//189 414//189 415//189 
f 413//189 416//189 417//189 
f 405//189 418//189 404//189 
f 380//189 419//189 420//189 
f 421//189 422//189 423//189 
f 421//189 424//189 425//189 
f 391//189 426//189 406//189 
f 401//189 426//189 391//189 
f 408//189 421//189 409//189 
f 427//189 428//189 429//189 
f 380//189 430//189 411//189 
f 271//189 431//189 432//189 
f 417//189 414//189 413//189 
f 413//189 433//189 434//189 
f 413//189 435//189 436//189 
f 403//189 404//189 402//189 
f 420//189 437//189 380//189 
f 380//189 438//189 439//189 
f 425//189 422//189 421//189 
f 421//189 408//189 440//189 
f 396//189 441//189 380//189 
f 410//189 442//189 408//189 
f 429//189 443//189 427//189 
f 380//189 444//189 445//189 
f 412//189 446//189 380//189 
f 447//189 374//189 448//189 
f 448//189 449//189 450//189 
f 271//189 451//189 452//189 
f 271//189 453//189 431//189 
f 454//189 270//189 413//189 
f 415//189 455//189 413//189 
f 436//189 433//189 413//189 
f 380//189 456//189 435//189 
f 380//189 457//189 458//189 
f 380//189 459//189 403//189 
f 439//189 419//189 380//189 
f 440//189 424//189 421//189 
f 442//189 391//189 408//189 
f 443//189 460//189 427//189 
f 271//189 461//189 428//189 
f 380//189 462//189 463//189 
f 446//189 444//189 380//189 
f 380//189 464//189 465//189 
f 464//189 466//189 467//189 
f 468//189 469//189 464//189 
f 375//189 374//189 470//189 
f 448//189 471//189 472//189 
f 448//189 473//189 474//189 
f 450//189 475//189 448//189 
f 432//189 451//189 271//189 
f 413//189 476//189 454//189 
f 413//189 477//189 416//189 
f 435//189 413//189 380//189 
f 380//189 478//189 479//189 
f 458//189 480//189 380//189 
f 437//189 459//189 380//189 
f 380//189 441//189 481//189 
f 407//189 408//189 391//189 
f 428//189 427//189 271//189 
f 445//189 462//189 380//189 
f 467//189 465//189 464//189 
f 464//189 482//189 483//189 
f 375//189 484//189 468//189 
f 374//189 485//189 470//189 
f 448//189 486//189 471//189 
f 474//189 487//189 448//189 
f 475//189 488//189 448//189 
f 448//189 271//189 427//189 
f 271//189 489//189 490//189 
f 271//189 491//189 453//189 
f 271//189 270//189 492//189 
f 413//189 493//189 476//189 
f 434//189 477//189 413//189 
f 479//189 494//189 380//189 
f 402//189 457//189 380//189 
f 481//189 495//189 380//189 
f 460//189 421//189 427//189 
f 380//189 496//189 430//189 
f 483//189 466//189 464//189 
f 464//189 497//189 498//189 
f 464//189 499//189 500//189 
f 464//189 375//189 468//189 
f 374//189 447//189 485//189 
f 487//189 486//189 448//189 
f 448//189 501//189 502//189 
f 427//189 449//189 448//189 
f 271//189 503//189 504//189 
f 490//189 505//189 271//189 
f 271//189 506//189 491//189 
f 271//189 507//189 508//189 
f 492//189 509//189 271//189 
f 455//189 493//189 413//189 
f 480//189 478//189 380//189 
f 423//189 427//189 421//189 
f 465//189 496//189 380//189 
f 498//189 510//189 464//189 
f 469//189 499//189 464//189 
f 448//189 472//189 447//189 
f 488//189 501//189 448//189 
f 271//189 511//189 512//189 
f 271//189 513//189 514//189 
f 271//189 515//189 516//189 
f 504//189 517//189 271//189 
f 490//189 518//189 505//189 
f 518//189 519//189 520//189 
f 518//189 521//189 522//189 
f 518//189 523//189 524//189 
f 518//189 525//189 526//189 
f 518//189 490//189 527//189 
f 520//189 405//189 528//189 
f 508//189 506//189 271//189 
f 509//189 529//189 271//189 
f 270//189 530//189 531//189 
f 270//189 532//189 533//189 
f 494//189 456//189 380//189 
f 463//189 387//189 380//189 
f 500//189 497//189 464//189 
f 502//189 473//189 448//189 
f 514//189 511//189 271//189 
f 517//189 515//189 271//189 
f 505//189 534//189 271//189 
f 518//189 535//189 519//189 
f 524//189 521//189 518//189 
f 527//189 525//189 518//189 
f 520//189 536//189 537//189 
f 520//189 538//189 539//189 
f 528//189 540//189 520//189 
f 271//189 541//189 542//189 
f 529//189 507//189 271//189 
f 270//189 543//189 530//189 
f 533//189 544//189 270//189 
f 495//189 438//189 380//189 
f 470//189 484//189 375//189 
f 405//189 545//189 546//189 
f 405//189 520//189 547//189 
f 516//189 513//189 271//189 
f 534//189 548//189 271//189 
f 520//189 549//189 550//189 
f 526//189 523//189 518//189 
f 520//189 551//189 536//189 
f 520//189 552//189 553//189 
f 520//189 554//189 555//189 
f 540//189 538//189 520//189 
f 452//189 541//189 271//189 
f 544//189 543//189 270//189 
f 510//189 482//189 464//189 
f 547//189 545//189 405//189 
f 548//189 503//189 271//189 
f 522//189 535//189 518//189 
f 553//189 551//189 520//189 
f 539//189 554//189 520//189 
f 531//189 492//189 270//189 
f 546//189 418//189 405//189 
f 520//189 550//189 518//189 
f 555//189 552//189 520//189 
f 454//189 532//189 270//189 
f 537//189 549//189 520//189 
f 512//189 461//189 271//189 
f 542//189 489//189 271//189 
o mesh10
f 556//190 557//191 418//191 
f 558//192 556//190 546//193 
f 559//194 558//192 545//195 
f 560//196 559//194 547//197 
f 561//198 560//196 520//199 
f 562//200 561//198 519//201 
f 563//202 562//200 535//203 
f 564//204 563//202 522//205 
f 565//206 564//204 521//207 
f 566//208 565//206 524//209 
f 567//210 566//208 523//211 
f 568//212 567//210 526//213 
f 569//214 568//212 525//215 
f 570//216 569//214 527//217 
f 571//218 570//216 490//219 
f 572//220 571//218 489//221 
f 573//222 572//220 542//223 
f 574//224 573//222 541//225 
f 575//226 574//224 452//227 
f 576//228 575//226 451//229 
f 577//230 576//228 432//231 
f 578//232 577//230 431//233 
f 579//234 578//232 453//235 
f 580//236 579//234 491//237 
f 581//238 580//236 506//239 
f 582//240 581//238 508//241 
f 583//242 582//240 507//243 
f 584//244 583//242 529//245 
f 585//246 584//244 509//247 
f 586//248 585//246 492//249 
f 587//250 586//248 531//251 
f 588//252 587//250 530//253 
f 589//254 588//252 543//255 
f 590//256 589//254 544//257 
f 591//258 590//256 533//259 
f 592//260 591//258 532//261 
f 593//262 592//260 454//263 
f 594//264 593//262 476//265 
f 595//266 594//264 493//267 
f 596//268 595//266 455//269 
f 597//270 596//268 415//271 
f 598//272 597//270 414//273 
f 599//274 598//272 417//275 
f 600//276 599//274 416//277 
f 601//278 600//276 477//279 
f 602//280 601//278 434//281 
f 603//282 602//280 433//283 
f 604//284 603//282 436//285 
f 605//286 604//284 435//287 
f 606//288 605//286 456//289 
f 607//290 606//288 494//291 
f 608//292 607//290 479//293 
f 609//294 608//292 478//295 
f 610//296 609//294 480//297 
f 611//298 610//296 458//299 
f 612//300 611//298 457//301 
f 613//302 612//300 402//303 
f 557//191 613//302 404//302 
f 404//302 418//191 557//191 
f 402//303 404//302 613//302 
f 457//301 402//303 612//300 
f 458//299 457//301 611//298 
f 480//297 458//299 610//296 
f 478//295 480//297 609//294 
f 479//293 478//295 608//292 
f 494//291 479//293 607//290 
f 456//289 494//291 606//288 
f 435//287 456//289 605//286 
f 436//285 435//287 604//284 
f 433//283 436//285 603//282 
f 434//281 433//283 602//280 
f 477//279 434//281 601//278 
f 416//277 477//279 600//276 
f 417//275 416//277 599//274 
f 414//273 417//275 598//272 
f 415//271 414//273 597//270 
f 455//269 415//271 596//268 
f 493//267 455//269 595//266 
f 476//265 493//267 594//264 
f 454//263 476//265 593//262 
f 532//261 454//263 592//260 
f 533//259 532//261 591//258 
f 544//257 533//259 590//256 
f 543//255 544//257 589//254 
f 530//253 543//255 588//252 
f 531//251 530//253 587//250 
f 492//249 531//251 586//248 
f 509//247 492//249 585//246 
f 529//245 509//247 584//244 
f 507//243 529//245 583//242 
f 508//241 507//243 582//240 
f 506//239 508//241 581//238 
f 491//237 506//239 580//236 
f 453//235 491//237 579//234 
f 431//233 453//235 578//232 
f 432//231 431//233 577//230 
f 451//229 432//231 576//228 
f 452//227 451//229 575//226 
f 541//225 452//227 574//224 
f 542//223 541//225 573//222 
f 489//221 542//223 572//220 
f 490//219 489//221 571//218 
f 527//217 490//219 570//216 
f 525//215 527//217 569//214 
f 526//213 525//215 568//212 
f 523//211 526//213 567//210 
f 524//209 523//211 566//208 
f 521//207 524//209 565//206 
f 522//205 521//207 564//204 
f 535//203 522//205 563//202 
f 519//201 535//203 562//200 
f 520//199 519//201 561//198 
f 547//197 520//199 560//196 
f 545//195 547//197 559//194 
f 546//193 545//195 558//192 
f 418//191 546//193 556//190 
o mesh11
f 614//304 556//304 558//304 
f 558//304 559//304 614//304 
f 559//304 560//304 614//304 
f 560//304 561//304 614//304 
f 561//304 562//304 614//304 
f 562//304 563//304 614//304 
f 563//304 564//304 614//304 
f 564//304 565//304 614//304 
f 565//304 566//304 614//304 
f 566//304 567//304 614//304 
f 567//304 568//304 614//304 
f 568//304 569//304 614//304 
f 569//304 570//304 614//304 
f 570//304 571//304 614//304 
f 571//304 572//304 614//304 
f 572//304 573//304 614//304 
f 573//304 574//304 614//304 
f 574//304 575//304 614//304 
f 575//304 576//304 614//304 
f 576//304 577//304 614//304 
f 577//304 578//304 614//304 
f 578//304 579//304 614//304 
f 579//304 580//304 614//304 
f 580//304 581//304 614//304 
f 581//304 582//304 614//304 
f 582//304 583//304 614//304 
f 583//304 584//304 614//304 
f 584//304 585//304 614//304 
f 585//304 586//304 614//304 
f 586//304 587//304 614//304 
f 587//304 588//304 614//304 
f 588//304 589//304 614//304 
f 589//304 590//304 614//304 
f 590//304 591//304 614//304 
f 591//304 592//304 614//304 
f 592//304 593//304 614//304 
f 593//304 594//304 614//304 
f 594//304 595//304 614//304 
f 595//304 596//304 614//304 
f 596//304 597//304 614//304 
f 597//304 598//304 614//304 
f 598//304 599//304 614//304 
f 599//304 600//304 614//304 
f 600//304 601//304 614//304 
f 601//304 602//304 614//304 
f 602//304 603//304 614//304 
f 603//304 604//304 614//304 
f 604//304 605//304 614//304 
f 605//304 606//304 614//304 
f 606//304 607//304 614//304 
f 607//304 608//304 614//304 
f 608//304 609//304 614//304 
f 609//304 610//304 614//304 
f 610//304 611//304 614//304 
f 611//304 612//304 614//304 
f 612//304 613//304 614//304 
f 613//304 557//304 614//304 
f 557//304 556//304 614//304 
o mesh12
f 615//305 616//306 400//306 
f 617//307 615//305 399//308 
f 618//309 617//307 394//310 
f 619//311 618//309 386//312 
f 620//313 619//311 385//314 
f 621//315 620//313 395//316 
f 622//317 621//315 391//318 
f 623//319 622//317 442//320 
f 624//321 623//319 410//322 
f 625//323 624//321 409//324 
f 626//325 625//323 421//326 
f 627//327 626//325 460//328 
f 628//329 627//327 443//330 
f 629//331 628//329 429//332 
f 630//333 629//331 428//334 
f 631//335 630//333 461//336 
f 632//337 631//335 512//338 
f 633//339 632//337 511//340 
f 634//341 633//339 514//342 
f 635//343 634//341 513//344 
f 636//345 635//343 516//346 
f 637//347 636//345 515//348 
f 638//349 637//347 517//350 
f 639//351 638//349 504//352 
f 640//353 639//351 503//354 
f 641//355 640//353 548//356 
f 642//357 641//355 534//358 
f 643//359 642//357 505//360 
f 644//361 643//359 518//362 
f 645//363 644//361 550//364 
f 646//365 645//363 549//366 
f 647//367 646//365 537//368 
f 648//369 647//367 536//370 
f 649//371 648//369 551//372 
f 650//373 649//371 553//374 
f 651//375 650//373 552//376 
f 652//377 651//375 555//378 
f 653//379 652//377 554//380 
f 654//381 653//379 539//382 
f 655//383 654//381 538//384 
f 656//385 655//383 540//386 
f 657//387 656//385 528//388 
f 658//389 657//387 405//390 
f 659//391 658//389 403//392 
f 660//393 659//391 459//394 
f 661//395 660//393 437//396 
f 662//397 661//395 420//398 
f 663//399 662//397 419//400 
f 664//401 663//399 439//402 
f 665//403 664//401 438//404 
f 666//405 665//403 495//406 
f 667//407 666//405 481//408 
f 668//409 667//407 441//410 
f 669//411 668//409 396//412 
f 670//413 669//411 379//414 
f 671//415 670//413 378//416 
f 672//417 671//415 388//418 
f 616//306 672//417 381//417 
f 381//417 400//306 616//306 
f 388//418 381//417 672//417 
f 378//416 388//418 671//415 
f 379//414 378//416 670//413 
f 396//412 379//414 669//411 
f 441//410 396//412 668//409 
f 481//408 441//410 667//407 
f 495//406 481//408 666//405 
f 438//404 495//406 665//403 
f 439//402 438//404 664//401 
f 419//400 439//402 663//399 
f 420//398 419//400 662//397 
f 437//396 420//398 661//395 
f 459//394 437//396 660//393 
f 403//392 459//394 659//391 
f 405//390 403//392 658//389 
f 528//388 405//390 657//387 
f 540//386 528//388 656//385 
f 538//384 540//386 655//383 
f 539//382 538//384 654//381 
f 554//380 539//382 653//379 
f 555//378 554//380 652//377 
f 552//376 555//378 651//375 
f 553//374 552//376 650//373 
f 551//372 553//374 649//371 
f 536//370 551//372 648//369 
f 537//368 536//370 647//367 
f 549//366 537//368 646//365 
f 550//364 549//366 645//363 
f 518//362 550//364 644//361 
f 505//360 518//362 643//359 
f 534//358 505//360 642//357 
f 548//356 534//358 641//355 
f 503//354 548//356 640//353 
f 504//352 503//354 639//351 
f 517//350 504//352 638//349 
f 515//348 517//350 637//347 
f 516//346 515//348 636//345 
f 513//344 516//346 635//343 
f 514//342 513//344 634//341 
f 511//340 514//342 633//339 
f 512//338 511//340 632//337 
f 461//336 512//338 631//335 
f 428//334 461//336 630//333 
f 429//332 428//334 629//331 
f 443//330 429//332 628//329 
f 460//328 443//330 627//327 
f 421//326 460//328 626//325 
f 409//324 421//326 625//323 
f 410//322 409//324 624//321 
f 442//320 410//322 623//319 
f 391//318 442//320 622//317 
f 395//316 391//318 621//315 
f 385//314 395//316 620//313 
f 386//312 385//314 619//311 
f 394//310 386//312 618//309 
f 399//308 394//310 617//307 
f 400//306 399//308 615//305 
o mesh13
f 652//419 673//419 674//419 
f 652//419 653//419 675//419 
f 665//419 676//419 677//419 
f 665//419 666//419 678//419 
f 648//419 679//419 680//419 
f 648//419 649//419 681//419 
f 675//419 673//419 652//419 
f 653//419 654//419 682//419 
f 664//419 677//419 683//419 
f 678//419 676//419 665//419 
f 669//419 684//419 685//419 
f 669//419 670//419 686//419 
f 623//419 687//419 688//419 
f 623//419 624//419 689//419 
f 681//419 679//419 648//419 
f 649//419 650//419 690//419 
f 651//419 674//419 690//419 
f 682//419 675//419 653//419 
f 677//419 664//419 665//419 
f 666//419 667//419 691//419 
f 668//419 685//419 691//419 
f 686//419 684//419 669//419 
f 689//419 687//419 623//419 
f 624//419 625//419 692//419 
f 642//419 693//419 694//419 
f 642//419 643//419 695//419 
f 646//419 696//419 697//419 
f 646//419 647//419 680//419 
f 690//419 681//419 649//419 
f 674//419 651//419 652//419 
f 657//419 698//419 699//419 
f 657//419 658//419 700//419 
f 660//419 701//419 702//419 
f 660//419 661//419 703//419 
f 691//419 678//419 666//419 
f 685//419 668//419 669//419 
f 671//419 704//419 686//419 
f 671//419 672//419 705//419 
f 616//419 706//419 705//419 
f 616//419 615//419 707//419 
f 692//419 689//419 624//419 
f 625//419 626//419 708//419 
f 627//419 709//419 708//419 
f 627//419 628//419 710//419 
f 636//419 711//419 712//419 
f 636//419 637//419 713//419 
f 640//419 714//419 715//419 
f 640//419 641//419 694//419 
f 695//419 693//419 642//419 
f 643//419 644//419 716//419 
f 645//419 697//419 716//419 
f 680//419 696//419 646//419 
f 690//419 650//419 651//419 
f 654//419 655//419 717//419 
f 656//419 699//419 717//419 
f 700//419 698//419 657//419 
f 703//419 701//419 660//419 
f 661//419 662//419 718//419 
f 663//419 683//419 718//419 
f 691//419 667//419 668//419 
f 705//419 704//419 671//419 
f 707//419 706//419 616//419 
f 617//419 719//419 707//419 
f 617//419 618//419 720//419 
f 619//419 721//419 720//419 
f 619//419 620//419 722//419 
f 708//419 692//419 625//419 
f 710//419 709//419 627//419 
f 713//419 711//419 636//419 
f 637//419 638//419 723//419 
f 639//419 715//419 723//419 
f 694//419 714//419 640//419 
f 716//419 695//419 643//419 
f 697//419 645//419 646//419 
f 717//419 682//419 654//419 
f 699//419 656//419 657//419 
f 718//419 703//419 661//419 
f 683//419 663//419 664//419 
f 705//419 672//419 616//419 
f 720//419 719//419 617//419 
f 722//419 721//419 619//419 
f 620//419 621//419 724//419 
f 622//419 688//419 724//419 
f 708//419 626//419 627//419 
f 723//419 713//419 637//419 
f 715//419 639//419 640//419 
f 716//419 644//419 645//419 
f 717//419 655//419 656//419 
f 718//419 662//419 663//419 
f 707//419 615//419 617//419 
f 724//419 722//419 620//419 
f 688//419 622//419 623//419 
f 632//419 725//419 726//419 
f 632//419 633//419 727//419 
f 634//419 728//419 727//419 
f 634//419 635//419 712//419 
f 723//419 638//419 639//419 
f 680//419 647//419 648//419 
f 686//419 670//419 671//419 
f 724//419 621//419 622//419 
f 629//419 729//419 710//419 
f 629//419 630//419 730//419 
f 727//419 725//419 632//419 
f 712//419 728//419 634//419 
f 694//419 641//419 642//419 
f 658//419 659//419 702//419 
f 720//419 618//419 619//419 
f 730//419 729//419 629//419 
f 630//419 631//419 726//419 
f 727//419 633//419 634//419 
f 702//419 700//419 658//419 
f 710//419 628//419 629//419 
f 726//419 631//419 632//419 
f 702//419 659//419 660//419 
f 712//419 635//419 636//419 
f 726//419 730//419 630//419 
o mesh14
f 731//420 732//421 470//421 
f 733//422 731//420 485//423 
f 734//424 733//422 447//425 
f 735//426 734//424 472//427 
f 736//428 735//426 471//429 
f 737//430 736//428 486//431 
f 738//432 737//430 487//433 
f 739//434 738//432 474//435 
f 740//436 739//434 473//437 
f 741//438 740//436 502//439 
f 742//440 741//438 501//441 
f 743//442 742//440 488//443 
f 744//444 743//442 475//445 
f 745//446 744//444 450//447 
f 746//448 745//446 449//449 
f 747//450 746//448 427//451 
f 748//452 747//450 423//453 
f 749//454 748//452 422//455 
f 750//456 749//454 425//457 
f 751//458 750//456 424//459 
f 752//460 751//458 440//461 
f 753//462 752//460 408//463 
f 754//464 753//462 407//465 
f 755//466 754//464 406//467 
f 756//468 755//466 426//469 
f 757//470 756//468 401//471 
f 758//472 757//470 393//473 
f 759//474 758//472 392//475 
f 760//476 759//474 384//477 
f 761//478 760//476 398//479 
f 762//480 761//478 397//481 
f 763//482 762//480 389//483 
f 764//484 763//482 383//485 
f 765//486 764//484 382//487 
f 766//488 765//486 390//489 
f 767//490 766//488 387//491 
f 768//492 767//490 463//493 
f 769//494 768//492 462//495 
f 770//496 769//494 445//497 
f 771//498 770//496 444//499 
f 772//500 771//498 446//501 
f 773//502 772//500 412//503 
f 774//504 773//502 411//505 
f 775//506 774//504 430//507 
f 776//508 775//506 496//509 
f 777//510 776//508 465//511 
f 778//512 777//510 467//513 
f 779//514 778//512 466//515 
f 780//516 779//514 483//517 
f 781//518 780//516 482//519 
f 782//520 781//518 510//521 
f 783//522 782//520 498//523 
f 784//524 783//522 497//525 
f 785//526 784//524 500//527 
f 786//528 785//526 499//529 
f 787//530 786//528 469//531 
f 788//532 787//530 468//533 
f 732//421 788//532 484//532 
f 484//532 470//421 732//421 
f 468//533 484//532 788//532 
f 469//531 468//533 787//530 
f 499//529 469//531 786//528 
f 500//527 499//529 785//526 
f 497//525 500//527 784//524 
f 498//523 497//525 783//522 
f 510//521 498//523 782//520 
f 482//519 510//521 781//518 
f 483//517 482//519 780//516 
f 466//515 483//517 779//514 
f 467//513 466//515 778//512 
f 465//511 467//513 777//510 
f 496//509 465//511 776//508 
f 430//507 496//509 775//506 
f 411//505 430//507 774//504 
f 412//503 411//505 773//502 
f 446//501 412//503 772//500 
f 444//499 446//501 771//498 
f 445//497 444//499 770//496 
f 462//495 445//497 769//494 
f 463//493 462//495 768//492 
f 387//491 463//493 767//490 
f 390//489 387//491 766//488 
f 382//487 390//489 765//486 
f 383//485 382//487 764//484 
f 389//483 383//485 763//482 
f 397//481 389//483 762//480 
f 398//479 397//481 761//478 
f 384//477 398//479 760//476 
f 392//475 384//477 759//474 
f 393//473 392//475 758//472 
f 401//471 393//473 757//470 
f 426//469 401//471 756//468 
f 406//467 426//469 755//466 
f 407//465 406//467 754//464 
f 408//463 407//465 753//462 
f 440//461 408//463 752//460 
f 424//459 440//461 751//458 
f 425//457 424//459 750//456 
f 422//455 425//457 749//454 
f 423//453 422//455 748//452 
f 427//451 423//453 747//450 
f 449//449 427//451 746//448 
f 450//447 449//449 745//446 
f 475//445 450//447 744//444 
f 488//443 475//445 743//442 
f 501//441 488//443 742//440 
f 502//439 501//441 741//438 
f 473//437 502//439 740//436 
f 474//435 473//437 739//434 
f 487//433 474//435 738//432 
f 486//431 487//433 737//430 
f 471//429 486//431 736//428 
f 472//427 471//429 735//426 
f 447//425 472//427 734//424 
f 485//423 447//425 733//422 
f 470//421 485//423 731//420 
o mesh15
f 757//534 758//534 789//534 
f 758//534 759//534 790//534 
f 759//534 760//534 791//534 
f 761//534 792//534 791//534 
f 762//534 793//534 792//534 
f 763//534 794//534 793//534 
f 753//534 754//534 795//534 
f 754//534 755//534 796//534 
f 755//534 756//534 797//534 
f 756//534 757//534 798//534 
f 790//534 789//534 758//534 
f 791//534 760//534 761//534 
f 793//534 762//534 763//534 
f 764//534 799//534 794//534 
f 780//534 800//534 801//534 
f 781//534 802//534 800//534 
f 788//534 803//534 804//534 
f 788//534 732//534 805//534 
f 731//534 806//534 805//534 
f 731//534 733//534 807//534 
f 739//534 740//534 808//534 
f 740//534 741//534 809//534 
f 796//534 795//534 754//534 
f 798//534 797//534 756//534 
f 791//534 790//534 759//534 
f 794//534 763//534 764//534 
f 769//534 810//534 811//534 
f 769//534 770//534 812//534 
f 800//534 780//534 781//534 
f 782//534 813//534 802//534 
f 787//534 804//534 814//534 
f 805//534 803//534 788//534 
f 807//534 806//534 731//534 
f 733//534 734//534 815//534 
f 738//534 739//534 816//534 
f 809//534 808//534 740//534 
f 797//534 796//534 755//534 
f 792//534 761//534 762//534 
f 765//534 817//534 799//534 
f 766//534 818//534 817//534 
f 768//534 811//534 819//534 
f 812//534 810//534 769//534 
f 802//534 781//534 782//534 
f 783//534 820//534 813//534 
f 786//534 814//534 821//534 
f 804//534 787//534 788//534 
f 815//534 807//534 733//534 
f 734//534 735//534 822//534 
f 737//534 738//534 823//534 
f 808//534 816//534 739//534 
f 789//534 798//534 757//534 
f 817//534 765//534 766//534 
f 767//534 819//534 818//534 
f 811//534 768//534 769//534 
f 773//534 824//534 825//534 
f 773//534 774//534 826//534 
f 813//534 782//534 783//534 
f 784//534 827//534 820//534 
f 785//534 821//534 827//534 
f 814//534 786//534 787//534 
f 822//534 815//534 734//534 
f 735//534 736//534 828//534 
f 736//534 737//534 829//534 
f 816//534 823//534 738//534 
f 752//534 830//534 831//534 
f 752//534 753//534 832//534 
f 799//534 764//534 765//534 
f 819//534 767//534 768//534 
f 772//534 825//534 833//534 
f 826//534 824//534 773//534 
f 776//534 834//534 835//534 
f 777//534 836//534 834//534 
f 820//534 783//534 784//534 
f 821//534 785//534 786//534 
f 828//534 822//534 735//534 
f 823//534 829//534 737//534 
f 742//534 743//534 837//534 
f 743//534 744//534 838//534 
f 832//534 830//534 752//534 
f 818//534 766//534 767//534 
f 771//534 833//534 812//534 
f 825//534 772//534 773//534 
f 834//534 776//534 777//534 
f 778//534 839//534 836//534 
f 827//534 784//534 785//534 
f 829//534 828//534 736//534 
f 741//534 742//534 840//534 
f 838//534 837//534 743//534 
f 795//534 832//534 753//534 
f 833//534 771//534 772//534 
f 836//534 777//534 778//534 
f 779//534 801//534 839//534 
f 805//534 732//534 731//534 
f 837//534 840//534 742//534 
f 747//534 748//534 841//534 
f 748//534 749//534 842//534 
f 749//534 750//534 843//534 
f 750//534 751//534 831//534 
f 812//534 770//534 771//534 
f 775//534 835//534 826//534 
f 839//534 778//534 779//534 
f 840//534 809//534 741//534 
f 842//534 841//534 748//534 
f 831//534 843//534 750//534 
f 826//534 774//534 775//534 
f 801//534 779//534 780//534 
f 744//534 745//534 844//534 
f 745//534 746//534 845//534 
f 746//534 747//534 846//534 
f 843//534 842//534 749//534 
f 835//534 775//534 776//534 
f 845//534 844//534 745//534 
f 841//534 846//534 747//534 
f 844//534 838//534 744//534 
f 831//534 751//534 752//534 
f 846//534 845//534 746//534 
o mesh16
f 847//535 848//536 706//536 
f 849//537 847//535 707//538 
f 850//539 849//537 719//540 
f 851//541 850//539 720//542 
f 852//543 851//541 721//544 
f 853//545 852//543 722//546 
f 854//547 853//545 724//548 
f 855//549 856//550 713//550 
f 857//551 855//549 723//552 
f 858//553 857//551 715//554 
f 859//555 858//553 714//556 
f 860//557 859//555 694//558 
f 861//559 860//557 693//560 
f 862//561 861//559 695//562 
f 863//563 862//561 716//564 
f 864//565 863//563 697//566 
f 865//567 864//565 696//568 
f 866//569 865//567 680//570 
f 867//571 866//569 679//572 
f 868//573 867//571 681//574 
f 869//575 868//573 690//576 
f 870//577 871//578 678//578 
f 872//579 870//577 691//580 
f 873//581 872//579 685//582 
f 874//583 873//581 684//584 
f 875//585 874//583 686//586 
f 876//587 875//585 704//588 
f 848//536 876//587 705//587 
f 713//550 856//550 877//589 
f 856//550 878//590 877//589 
f 856//550 879//591 880//592 
f 856//550 881//593 879//591 
f 880//592 878//590 856//550 
f 712//594 882//595 883//596 
f 712//594 884//597 882//595 
f 883//596 885//598 712//594 
f 711//599 877//589 886//600 
f 886//600 712//594 711//599 
f 886//600 884//597 712//594 
f 728//601 887//602 888//603 
f 712//594 889//604 887//602 
f 887//602 728//601 712//594 
f 727//605 890//606 891//607 
f 728//601 892//608 890//606 
f 890//606 727//605 728//601 
f 725//609 893//610 894//611 
f 727//605 895//612 896//613 
f 896//613 725//609 727//605 
f 896//613 893//610 725//609 
f 725//609 897//614 898//615 
f 898//615 726//616 725//609 
f 730//617 899//618 900//619 
f 726//616 901//620 902//621 
f 902//621 730//617 726//616 
f 902//621 899//618 730//617 
f 730//617 903//622 904//623 
f 904//623 729//624 730//617 
f 710//625 905//626 906//627 
f 710//625 729//624 907//628 
f 907//628 908//629 710//625 
f 908//629 905//626 710//625 
f 709//630 710//625 909//631 
f 909//631 910//632 709//630 
f 708//633 709//630 911//634 
f 911//634 912//635 708//633 
f 912//635 913//636 708//633 
f 913//636 914//637 708//633 
f 692//638 708//633 915//639 
f 915//639 916//640 692//638 
f 916//640 917//641 692//638 
f 689//642 692//638 918//643 
f 918//643 919//644 689//642 
f 919//644 920//645 689//642 
f 687//646 921//647 922//648 
f 687//646 923//649 924//650 
f 924//650 925//651 687//646 
f 925//651 921//647 687//646 
f 687//646 689//642 926//652 
f 926//652 923//649 687//646 
f 854//547 927//653 928//654 
f 928//654 929//655 854//547 
f 688//656 687//646 930//657 
f 930//657 854//547 688//656 
f 930//657 927//653 854//547 
f 678//578 871//578 931//658 
f 871//578 932//659 931//658 
f 871//578 933//660 934//661 
f 871//578 935//662 933//660 
f 934//661 932//659 871//578 
f 677//663 936//664 937//665 
f 677//663 938//666 936//664 
f 937//665 939//667 677//663 
f 676//668 931//658 940//669 
f 940//669 677//663 676//668 
f 940//669 938//666 677//663 
f 683//670 941//671 942//672 
f 677//663 943//673 941//671 
f 941//671 683//670 677//663 
f 718//674 944//675 945//676 
f 683//670 946//677 944//675 
f 944//675 718//674 683//670 
f 703//678 947//679 948//680 
f 718//674 949//681 947//679 
f 718//674 950//682 949//681 
f 947//679 703//678 718//674 
f 703//678 951//683 952//684 
f 952//684 701//685 703//678 
f 702//686 953//687 954//688 
f 701//685 955//689 956//690 
f 956//690 702//686 701//685 
f 956//690 953//687 702//686 
f 700//691 957//692 958//693 
f 702//686 959//694 960//695 
f 960//695 700//691 702//686 
f 960//695 957//692 700//691 
f 698//696 961//697 962//698 
f 698//696 700//691 963//699 
f 963//699 964//700 698//696 
f 964//700 961//697 698//696 
f 699//701 698//696 965//702 
f 965//702 966//703 699//701 
f 717//704 699//701 967//705 
f 967//705 968//706 717//704 
f 968//706 969//707 717//704 
f 969//707 970//708 717//704 
f 682//709 717//704 971//710 
f 971//710 972//711 682//709 
f 972//711 973//712 682//709 
f 675//713 682//709 974//714 
f 974//714 975//715 675//713 
f 975//715 976//716 675//713 
f 673//717 977//718 978//719 
f 673//717 979//720 980//721 
f 980//721 981//722 673//717 
f 981//722 977//718 673//717 
f 673//717 675//713 982//723 
f 982//723 979//720 673//717 
f 869//575 983//724 984//725 
f 984//725 985//726 869//575 
f 674//727 673//717 986//728 
f 986//728 869//575 674//727 
f 986//728 983//724 869//575 
f 985//726 987//729 869//575 
f 978//719 986//728 673//717 
f 976//716 982//723 675//713 
f 973//712 974//714 682//709 
f 970//708 971//710 717//704 
f 966//703 967//705 699//701 
f 962//698 965//702 698//696 
f 958//693 963//699 700//691 
f 954//688 959//694 702//686 
f 952//684 955//689 701//685 
f 948//680 951//683 703//678 
f 945//676 950//682 718//674 
f 942//672 946//677 683//670 
f 939//667 943//673 677//663 
f 931//658 676//668 678//578 
f 929//655 988//730 854//547 
f 922//648 930//657 687//646 
f 920//645 926//652 689//642 
f 917//641 918//643 692//638 
f 914//637 915//639 708//633 
f 910//632 911//634 709//630 
f 906//627 909//631 710//625 
f 904//623 907//628 729//624 
f 900//619 903//622 730//617 
f 898//615 901//620 726//616 
f 894//611 897//614 725//609 
f 891//607 895//612 727//605 
f 888//603 892//608 728//601 
f 885//598 889//604 712//594 
f 877//589 711//599 713//550 
f 705//587 706//536 848//536 
f 704//588 705//587 876//587 
f 686//586 704//588 875//585 
f 684//584 686//586 874//583 
f 685//582 684//584 873//581 
f 691//580 685//582 872//579 
f 678//578 691//580 870//577 
f 690//576 674//727 869//575 
f 681//574 690//576 868//573 
f 679//572 681//574 867//571 
f 680//570 679//572 866//569 
f 696//568 680//570 865//567 
f 697//566 696//568 864//565 
f 716//564 697//566 863//563 
f 695//562 716//564 862//561 
f 693//560 695//562 861//559 
f 694//558 693//560 860//557 
f 714//556 694//558 859//555 
f 715//554 714//556 858//553 
f 723//552 715//554 857//551 
f 713//550 723//552 855//549 
f 724//548 688//656 854//547 
f 722//546 724//548 853//545 
f 721//544 722//546 852//543 
f 720//542 721//544 851//541 
f 719//540 720//542 850//539 
f 707//538 719//540 849//537 
f 706//536 707//538 847//535 
o mesh17
f 852//731 847//731 849//731 
f 847//731 852//731 853//731 
f 849//731 850//731 852//731 
f 854//731 874//731 875//731 
f 854//731 872//731 873//731 
f 850//731 851//731 852//731 
f 854//731 876//731 848//731 
f 873//731 874//731 854//731 
f 854//731 871//731 870//731 
f 848//731 847//731 854//731 
f 870//731 872//731 854//731 
f 875//731 876//731 854//731 
f 853//731 854//731 847//731 
f 988//731 935//731 871//731 
f 854//731 988//731 871//731 
o mesh18
f 869//731 855//731 857//731 
f 857//731 858//731 869//731 
f 869//731 866//731 867//731 
f 869//731 864//731 865//731 
f 869//731 860//731 861//731 
f 858//731 859//731 869//731 
f 865//731 866//731 869//731 
f 869//731 862//731 863//731 
f 859//731 860//731 869//731 
f 863//731 864//731 869//731 
f 869//731 856//731 855//731 
f 861//731 862//731 869//731 
f 869//731 881//731 856//731 
f 867//731 868//731 869//731 
f 869//731 987//731 881//731 
o mesh19
f 989//732 990//732 991//732 
f 989//732 992//732 993//732 
f 989//732 994//732 995//732 
f 996//732 997//732 998//732 
f 996//732 999//732 1000//732 
f 1001//732 1002//732 1003//732 
f 1001//732 1004//732 1005//732 
f 1001//732 996//732 1006//732 
f 989//732 1007//732 990//732 
f 995//732 992//732 989//732 
f 996//732 1008//732 1009//732 
f 996//732 1010//732 1011//732 
f 996//732 1012//732 1013//732 
f 996//732 1014//732 997//732 
f 996//732 1015//732 1016//732 
f 996//732 1017//732 1018//732 
f 1000//732 1019//732 996//732 
f 996//732 1020//732 1021//732 
f 996//732 1022//732 1023//732 
f 996//732 1001//732 1024//732 
f 1005//732 1002//732 1001//732 
f 1006//732 1025//732 1001//732 
f 993//732 1007//732 989//732 
f 1011//732 1008//732 996//732 
f 996//732 1026//732 1012//732 
f 996//732 1027//732 1028//732 
f 996//732 1029//732 1030//732 
f 996//732 1031//732 1032//732 
f 1016//732 1014//732 996//732 
f 996//732 1033//732 1034//732 
f 996//732 1035//732 1036//732 
f 1019//732 1017//732 996//732 
f 996//732 1037//732 1038//732 
f 996//732 1039//732 1040//732 
f 996//732 1041//732 1042//732 
f 1021//732 1043//732 996//732 
f 1024//732 1022//732 996//732 
f 1025//732 1004//732 1001//732 
f 1009//732 989//732 996//732 
f 1028//732 1026//732 996//732 
f 1032//732 1029//732 996//732 
f 1034//732 1015//732 996//732 
f 1018//732 1035//732 996//732 
f 1040//732 1037//732 996//732 
f 1043//732 1041//732 996//732 
f 1003//732 1044//732 1001//732 
f 1013//732 1010//732 996//732 
f 998//732 1031//732 996//732 
f 1038//732 999//732 996//732 
f 1023//732 1020//732 996//732 
f 1030//732 1027//732 996//732 
f 1042//732 1039//732 996//732 
f 996//732 960//732 1033//732 
f 1036//732 1045//732 996//732 
f 996//732 957//732 960//732 
f 1045//732 958//732 996//732 
f 958//732 957//732 996//732 
f 991//732 996//732 989//732 
o mesh20
f 1045//733 964//734 963//735 
f 1045//733 1036//736 961//737 
f 1036//736 962//736 961//737 
f 1035//738 966//738 965//739 
f 965//739 1036//736 1035//738 
f 1018//740 967//741 966//738 
f 1018//740 968//742 967//741 
f 1018//740 1017//743 969//744 
f 1017//743 970//743 969//744 
f 1019//745 971//746 970//743 
f 1019//745 972//745 971//746 
f 1000//747 973//747 972//745 
f 999//748 974//749 973//747 
f 999//748 975//748 974//749 
f 1038//750 976//750 975//748 
f 1037//751 982//752 976//750 
f 1037//751 979//751 982//752 
f 1040//753 980//754 979//751 
f 1040//753 981//753 980//754 
f 1039//755 977//756 981//753 
f 1039//755 978//755 977//756 
f 1042//757 986//758 978//755 
f 1042//757 983//757 986//758 
f 1041//759 984//760 983//757 
f 1041//759 985//759 984//760 
f 1043//761 1021//762 1046//762 
f 1021//762 1020//763 1047//763 
f 1020//763 1023//764 1048//764 
f 1023//764 1022//765 1049//765 
f 1022//765 1024//766 1050//766 
f 1024//766 1001//767 1051//767 
f 1033//768 960//769 959//770 
f 1033//768 954//771 953//772 
f 953//772 1034//773 1033//768 
f 1015//774 1034//773 955//775 
f 1034//773 956//776 955//775 
f 1016//777 1015//774 952//778 
f 952//778 951//779 1016//777 
f 1016//777 948//780 947//781 
f 947//781 1014//782 1016//777 
f 997//783 1014//782 949//784 
f 949//784 950//785 997//783 
f 998//786 997//783 945//787 
f 1031//788 998//786 944//789 
f 944//789 946//790 1031//788 
f 1032//791 1031//788 942//792 
f 1029//793 1032//791 941//794 
f 941//794 943//795 1029//793 
f 1030//796 1029//793 939//797 
f 939//797 937//798 1030//796 
f 1027//799 1030//796 936//800 
f 936//800 938//801 1027//799 
f 1028//802 1027//799 940//803 
f 940//803 931//804 1028//802 
f 1026//805 1028//802 932//806 
f 932//806 934//807 1026//805 
f 1052//808 917//808 916//809 
f 1053//809 915//810 914//811 
f 1053//809 916//809 915//810 
f 1054//811 913//812 912//813 
f 1054//811 914//811 913//812 
f 1055//814 912//813 911//815 
f 911//815 1056//816 1055//814 
f 1056//816 909//817 906//818 
f 1056//816 910//819 909//817 
f 1057//818 905//820 908//821 
f 1057//818 906//818 905//820 
f 1058//822 908//821 907//823 
f 907//823 1059//824 1058//822 
f 1060//825 1059//824 904//824 
f 904//824 903//826 1060//825 
f 1061//827 1060//825 900//828 
f 900//828 899//829 1061//827 
f 1062//830 1061//827 902//831 
f 902//831 901//832 1062//830 
f 1063//833 1062//830 898//834 
f 898//834 897//835 1063//833 
f 1064//836 1063//833 894//837 
f 894//837 893//838 1064//836 
f 1065//839 1064//836 896//840 
f 896//840 895//841 1065//839 
f 1066//842 1065//839 891//843 
f 1067//844 1066//842 890//845 
f 890//845 892//846 1067//844 
f 1068//847 1067//844 888//848 
f 1069//849 1068//847 887//850 
f 887//850 889//851 1069//849 
f 1070//852 1069//849 885//853 
f 885//853 883//854 1070//852 
f 1071//855 1070//852 882//856 
f 882//856 884//857 1071//855 
f 1072//858 1071//855 886//859 
f 886//859 877//860 1072//858 
f 1073//861 1072//858 878//862 
f 878//862 880//863 1073//861 
f 1041//759 1043//761 987//864 
f 1043//761 1074//865 881//864 
f 1074//865 1073//861 879//866 
f 879//866 881//864 1074//865 
f 881//864 987//864 1043//761 
f 1075//867 920//867 919//868 
f 1076//869 926//870 920//867 
f 1076//869 923//869 926//870 
f 1077//871 924//872 923//869 
f 1077//871 925//871 924//872 
f 1078//873 921//874 925//871 
f 1078//873 922//873 921//874 
f 1079//875 930//876 922//873 
f 1079//875 927//875 930//876 
f 1080//877 928//878 927//875 
f 1080//877 929//877 928//878 
f 1081//879 988//880 929//877 
f 1012//879 935//880 988//880 
f 1026//805 933//881 935//880 
f 935//880 1012//879 1026//805 
f 988//880 1081//879 1012//879 
f 1013//882 1012//879 1081//879 
f 1010//883 1013//882 1082//882 
f 1011//884 1010//883 1083//883 
f 1008//885 1011//884 1084//884 
f 1009//886 1008//885 1085//885 
f 989//887 1009//886 1086//886 
f 994//888 989//887 1087//887 
f 995//889 994//888 1088//888 
f 992//890 995//889 1089//889 
f 993//891 992//890 1090//890 
f 1007//892 993//891 1091//891 
f 990//893 1007//892 1092//892 
f 991//894 990//893 1093//893 
f 996//895 991//894 1094//894 
f 1006//896 996//895 1095//895 
f 1025//897 1006//896 1096//896 
f 1004//898 1025//897 1097//897 
f 1005//899 1004//898 1098//898 
f 1002//900 1005//899 1099//899 
f 1003//901 1002//900 1100//900 
f 1044//902 1003//901 1101//901 
f 1051//767 1001//767 1102//903 
f 1044//902 1103//902 1102//903 
f 1102//903 1001//767 1044//902 
f 917//808 1052//808 1104//904 
f 1104//904 919//868 918//905 
f 1104//904 918//905 917//808 
f 1052//808 1105//904 1104//904 
f 1104//904 1106//906 919//868 
f 1102//903 1107//907 1051//767 
f 1101//901 1103//902 1044//902 
f 1100//900 1101//901 1003//901 
f 1099//899 1100//900 1002//900 
f 1098//898 1099//899 1005//899 
f 1097//897 1098//898 1004//898 
f 1096//896 1097//897 1025//897 
f 1095//895 1096//896 1006//896 
f 1094//894 1095//895 996//895 
f 1093//893 1094//894 991//894 
f 1092//892 1093//893 990//893 
f 1091//891 1092//892 1007//892 
f 1090//890 1091//891 993//891 
f 1089//889 1090//890 992//890 
f 1088//888 1089//889 995//889 
f 1087//887 1088//888 994//888 
f 1086//886 1087//887 989//887 
f 1085//885 1086//886 1009//886 
f 1084//884 1085//885 1008//885 
f 1083//883 1084//884 1011//884 
f 1082//882 1083//883 1010//883 
f 1081//879 1082//882 1013//882 
f 929//877 1080//877 1081//879 
f 927//875 1079//875 1080//877 
f 922//873 1078//873 1079//875 
f 925//871 1077//871 1078//873 
f 923//869 1076//869 1077//871 
f 920//867 1075//867 1076//869 
f 919//868 1106//906 1075//867 
f 987//864 985//759 1041//759 
f 880//863 879//866 1073//861 
f 877//860 878//862 1072//858 
f 884//857 886//859 1071//855 
f 883//854 882//856 1070//852 
f 889//851 885//853 1069//849 
f 888//848 887//850 1068//847 
f 892//846 888//848 1067//844 
f 891//843 890//845 1066//842 
f 895//841 891//843 1065//839 
f 893//838 896//840 1064//836 
f 897//835 894//837 1063//833 
f 901//832 898//834 1062//830 
f 899//829 902//831 1061//827 
f 903//826 900//828 1060//825 
f 907//823 904//824 1059//824 
f 908//821 1058//822 1057//818 
f 906//818 1057//818 1056//816 
f 911//815 910//819 1056//816 
f 912//813 1055//814 1054//811 
f 914//811 1054//811 1053//809 
f 916//809 1053//809 1052//808 
f 934//807 933//881 1026//805 
f 931//804 932//806 1028//802 
f 938//801 940//803 1027//799 
f 937//798 936//800 1030//796 
f 943//795 939//797 1029//793 
f 942//792 941//794 1032//791 
f 946//790 942//792 1031//788 
f 945//787 944//789 998//786 
f 950//785 945//787 997//783 
f 947//781 949//784 1014//782 
f 951//779 948//780 1016//777 
f 955//775 952//778 1015//774 
f 953//772 956//776 1034//773 
f 959//770 954//771 1033//768 
f 1051//767 1050//766 1024//766 
f 1050//766 1049//765 1022//765 
f 1049//765 1048//764 1023//764 
f 1048//764 1047//763 1020//763 
f 1047//763 1046//762 1021//762 
f 1046//762 1074//865 1043//761 
f 983//757 1042//757 1041//759 
f 978//755 1039//755 1042//757 
f 981//753 1040//753 1039//755 
f 979//751 1037//751 1040//753 
f 976//750 1038//750 1037//751 
f 975//748 999//748 1038//750 
f 973//747 1000//747 999//748 
f 972//745 1019//745 1000//747 
f 970//743 1017//743 1019//745 
f 969//744 968//742 1018//740 
f 966//738 1035//738 1018//740 
f 965//739 962//736 1036//736 
f 961//737 964//734 1045//733 
f 963//735 958//908 1045//733 
o mesh21
f 1108//909 1109//909 1104//909 
f 1104//909 1105//909 1108//909 
o mesh22
f 1110//910 1111//910 1112//911 
f 1113//911 1112//911 1114//912 
f 1115//912 1114//912 1116//913 
f 1117//913 1116//913 1118//914 
f 1119//914 1118//914 1120//915 
f 1121//915 1120//915 1122//916 
f 1123//916 1122//916 1124//917 
f 1125//917 1124//917 1126//918 
f 1127//918 1126//918 1128//919 
f 1129//919 1128//919 1130//920 
f 1131//920 1130//920 1132//921 
f 1133//921 1132//921 1134//922 
f 1135//922 1134//922 1136//923 
f 1137//923 1136//923 1138//924 
f 1139//924 1138//924 1140//925 
f 1141//925 1140//925 1142//926 
f 1143//926 1142//926 1144//927 
f 1145//927 1144//927 1146//928 
f 1147//928 1146//928 1148//929 
f 1149//929 1148//929 1150//930 
f 1151//930 1150//930 1152//931 
f 1153//931 1152//931 1154//932 
f 1155//932 1154//932 1156//933 
f 1157//933 1156//933 1158//934 
f 1159//934 1158//934 1160//935 
f 1161//935 1160//935 1162//936 
f 1163//936 1162//936 1164//937 
f 1165//937 1164//937 1166//938 
f 1167//938 1166//938 1109//939 
f 1109//939 1108//939 1167//938 
f 1166//938 1167//938 1165//937 
f 1164//937 1165//937 1163//936 
f 1162//936 1163//936 1161//935 
f 1160//935 1161//935 1159//934 
f 1158//934 1159//934 1157//933 
f 1156//933 1157//933 1155//932 
f 1154//932 1155//932 1153//931 
f 1152//931 1153//931 1151//930 
f 1150//930 1151//930 1149//929 
f 1148//929 1149//929 1147//928 
f 1146//928 1147//928 1145//927 
f 1144//927 1145//927 1143//926 
f 1142//926 1143//926 1141//925 
f 1140//925 1141//925 1139//924 
f 1138//924 1139//924 1137//923 
f 1136//923 1137//923 1135//922 
f 1134//922 1135//922 1133//921 
f 1132//921 1133//921 1131//920 
f 1130//920 1131//920 1129//919 
f 1128//919 1129//919 1127//918 
f 1126//918 1127//918 1125//917 
f 1124//917 1125//917 1123//916 
f 1122//916 1123//916 1121//915 
f 1120//915 1121//915 1119//914 
f 1118//914 1119//914 1117//913 
f 1116//913 1117//913 1115//912 
f 1114//912 1115//912 1113//911 
f 1112//911 1113//911 1110//910 
o mesh23
f 1168//940 1169//940 1111//940 
f 1111//940 1110//940 1168//940 
o mesh24
f 1170//941 1169//940 1168//940 
f 1171//942 1170//941 1172//941 
f 1173//943 1171//942 1174//942 
f 1175//944 1173//943 1176//943 
f 1177//945 1175//944 1178//944 
f 1179//946 1177//945 1180//945 
f 1181//947 1179//946 1182//946 
f 1183//948 1181//947 1184//947 
f 1185//949 1183//948 1186//948 
f 1187//950 1185//949 1188//949 
f 1189//951 1187//950 1190//950 
f 1191//952 1189//951 1192//951 
f 1193//953 1191//952 1194//952 
f 1195//954 1193//953 1196//953 
f 1197//955 1195//954 1198//954 
f 1199//956 1197//955 1200//955 
f 1201//957 1199//956 1202//956 
f 1203//958 1201//957 1204//957 
f 1205//959 1203//958 1206//958 
f 1207//960 1205//959 1208//959 
f 1209//961 1207//960 1210//960 
f 1211//962 1209//961 1212//961 
f 1213//963 1211//962 1214//962 
f 1215//964 1213//963 1216//963 
f 1217//965 1215//964 1218//964 
f 1219//966 1217//965 1220//965 
f 1221//967 1219//966 1222//966 
f 1223//968 1221//967 1224//967 
f 1225//969 1223//968 1226//968 
f 1226//968 1227//969 1225//969 
f 1224//967 1226//968 1223//968 
f 1222//966 1224//967 1221//967 
f 1220//965 1222//966 1219//966 
f 1218//964 1220//965 1217//965 
f 1216//963 1218//964 1215//964 
f 1214//962 1216//963 1213//963 
f 1212//961 1214//962 1211//962 
f 1210//960 1212//961 1209//961 
f 1208//959 1210//960 1207//960 
f 1206//958 1208//959 1205//959 
f 1204//957 1206//958 1203//958 
f 1202//956 1204//957 1201//957 
f 1200//955 1202//956 1199//956 
f 1198//954 1200//955 1197//955 
f 1196//953 1198//954 1195//954 
f 1194//952 1196//953 1193//953 
f 1192//951 1194//952 1191//952 
f 1190//950 1192//951 1189//951 
f 1188//949 1190//950 1187//950 
f 1186//948 1188//949 1185//949 
f 1184//947 1186//948 1183//948 
f 1182//946 1184//947 1181//947 
f 1180//945 1182//946 1179//946 
f 1178//944 1180//945 1177//945 
f 1176//943 1178//944 1175//944 
f 1174//942 1176//943 1173//943 
f 1172//941 1174//942 1171//942 
f 1168//940 1172//941 1170//941 
o mesh25
f 1225//969 1227//969 1228//969 
f 1228//969 1229//969 1225//969 
o mesh26
f 1230//970 1231//970 1232//971 
f 1233//971 1232//971 1234//972 
f 1235//972 1234//972 1236//973 
f 1237//973 1236//973 1238//974 
f 1239//974 1238//974 1240//975 
f 1241//975 1240//975 1242//976 
f 1243//976 1242//976 1244//977 
f 1245//977 1244//977 1246//978 
f 1247//978 1246//978 1248//979 
f 1249//979 1248//979 1250//980 
f 1251//980 1250//980 1252//981 
f 1253//981 1252//981 1254//982 
f 1255//982 1254//982 1256//983 
f 1257//983 1256//983 1258//984 
f 1259//984 1258//984 1260//985 
f 1261//985 1260//985 1262//986 
f 1263//986 1262//986 1264//987 
f 1265//987 1264//987 1266//988 
f 1267//988 1266//988 1268//989 
f 1269//989 1268//989 1270//990 
f 1271//990 1270//990 1272//991 
f 1273//991 1272//991 1274//992 
f 1275//992 1274//992 1276//993 
f 1277//993 1276//993 1278//994 
f 1279//994 1278//994 1280//995 
f 1281//995 1280//995 1282//996 
f 1283//996 1282//996 1284//997 
f 1285//997 1284//997 1286//998 
f 1287//998 1286//998 1229//999 
f 1229//999 1228//999 1287//998 
f 1286//998 1287//998 1285//997 
f 1284//997 1285//997 1283//996 
f 1282//996 1283//996 1281//995 
f 1280//995 1281//995 1279//994 
f 1278//994 1279//994 1277//993 
f 1276//993 1277//993 1275//992 
f 1274//992 1275//992 1273//991 
f 1272//991 1273//991 1271//990 
f 1270//990 1271//990 1269//989 
f 1268//989 1269//989 1267//988 
f 1266//988 1267//988 1265//987 
f 1264//987 1265//987 1263//986 
f 1262//986 1263//986 1261//985 
f 1260//985 1261//985 1259//984 
f 1258//984 1259//984 1257//983 
f 1256//983 1257//983 1255//982 
f 1254//982 1255//982 1253//981 
f 1252//981 1253//981 1251//980 
f 1250//980 1251//980 1249//979 
f 1248//979 1249//979 1247//978 
f 1246//978 1247//978 1245//977 
f 1244//977 1245//977 1243//976 
f 1242//976 1243//976 1241//975 
f 1240//975 1241//975 1239//974 
f 1238//974 1239//974 1237//973 
f 1236//973 1237//973 1235//972 
f 1234//972 1235//972 1233//971 
f 1232//971 1233//971 1230//970 
o mesh27
f 1231//1000 1230//1000 1288//1000 
f 1288//1000 1289//1000 1231//1000 
o mesh28
f 1290//1001 1289//1000 1288//1000 
f 1291//1002 1290//1001 1292//1001 
f 1293//1003 1291//1002 1294//1002 
f 1295//1004 1293//1003 1296//1003 
f 1297//1005 1295//1004 1298//1004 
f 1299//1006 1297//1005 1300//1005 
f 1301//1007 1299//1006 1302//1006 
f 1303//1008 1301//1007 1304//1007 
f 1305//1009 1303//1008 1306//1008 
f 1307//1010 1305//1009 1308//1009 
f 1309//1011 1307//1010 1310//1010 
f 1311//1012 1309//1011 1312//1011 
f 1313//1013 1311//1012 1314//1012 
f 1315//1014 1313//1013 1316//1013 
f 1317//1015 1315//1014 1318//1014 
f 1319//1016 1317//1015 1320//1015 
f 1321//1017 1319//1016 1322//1016 
f 1323//1018 1321//1017 1324//1017 
f 1325//1019 1323//1018 1326//1018 
f 1327//1020 1325//1019 1328//1019 
f 1329//1021 1327//1020 1330//1020 
f 1331//1022 1329//1021 1332//1021 
f 1333//1023 1331//1022 1334//1022 
f 1335//1024 1333//1023 1336//1023 
f 1337//1025 1335//1024 1338//1024 
f 1339//1026 1337//1025 1340//1025 
f 1341//1027 1339//1026 1342//1026 
f 1343//1028 1341//1027 1344//1027 
f 1345//1029 1343//1028 1346//1028 
f 1346//1028 1347//1029 1345//1029 
f 1344//1027 1346//1028 1343//1028 
f 1342//1026 1344//1027 1341//1027 
f 1340//1025 1342//1026 1339//1026 
f 1338//1024 1340//1025 1337//1025 
f 1336//1023 1338//1024 1335//1024 
f 1334//1022 1336//1023 1333//1023 
f 1332//1021 1334//1022 1331//1022 
f 1330//1020 1332//1021 1329//1021 
f 1328//1019 1330//1020 1327//1020 
f 1326//1018 1328//1019 1325//1019 
f 1324//1017 1326//1018 1323//1018 
f 1322//1016 1324//1017 1321//1017 
f 1320//1015 1322//1016 1319//1016 
f 1318//1014 1320//1015 1317//1015 
f 1316//1013 1318//1014 1315//1014 
f 1314//1012 1316//1013 1313//1013 
f 1312//1011 1314//1012 1311//1012 
f 1310//1010 1312//1011 1309//1011 
f 1308//1009 1310//1010 1307//1010 
f 1306//1008 1308//1009 1305//1009 
f 1304//1007 1306//1008 1303//1008 
f 1302//1006 1304//1007 1301//1007 
f 1300//1005 1302//1006 1299//1006 
f 1298//1004 1300//1005 1297//1005 
f 1296//1003 1298//1004 1295//1004 
f 1294//1002 1296//1003 1293//1003 
f 1292//1001 1294//1002 1291//1002 
f 1288//1000 1292//1001 1290//1001 
o mesh29
f 1345//1029 1347//1029 1348//1029 
f 1348//1029 1349//1029 1345//1029 
o mesh30
f 1350//1030 1351//1030 1352//1031 
f 1353//1031 1352//1031 1354//1032 
f 1355//1032 1354//1032 1356//1033 
f 1357//1033 1356//1033 1358//1034 
f 1359//1034 1358//1034 1360//1035 
f 1361//1035 1360//1035 1362//1036 
f 1363//1036 1362//1036 1364//1037 
f 1365//1037 1364//1037 1366//1038 
f 1367//1038 1366//1038 1368//1039 
f 1369//1039 1368//1039 1370//1040 
f 1371//1040 1370//1040 1372//1041 
f 1373//1041 1372//1041 1374//1042 
f 1375//1042 1374//1042 1376//1043 
f 1377//1043 1376//1043 1378//1044 
f 1379//1044 1378//1044 1380//1045 
f 1381//1045 1380//1045 1382//1046 
f 1383//1046 1382//1046 1384//1047 
f 1385//1047 1384//1047 1386//1048 
f 1387//1048 1386//1048 1388//1049 
f 1389//1049 1388//1049 1390//1050 
f 1391//1050 1390//1050 1392//1051 
f 1393//1051 1392//1051 1394//1052 
f 1395//1052 1394//1052 1396//1053 
f 1397//1053 1396//1053 1398//1054 
f 1399//1054 1398//1054 1400//1055 
f 1401//1055 1400//1055 1402//1056 
f 1403//1056 1402//1056 1404//1057 
f 1405//1057 1404//1057 1406//1058 
f 1407//1058 1406//1058 1349//1059 
f 1349//1059 1348//1059 1407//1058 
f 1406//1058 1407//1058 1405//1057 
f 1404//1057 1405//1057 1403//1056 
f 1402//1056 1403//1056 1401//1055 
f 1400//1055 1401//1055 1399//1054 
f 1398//1054 1399//1054 1397//1053 
f 1396//1053 1397//1053 1395//1052 
f 1394//1052 1395//1052 1393//1051 
f 1392//1051 1393//1051 1391//1050 
f 1390//1050 1391//1050 1389//1049 
f 1388//1049 1389//1049 1387//1048 
f 1386//1048 1387//1048 1385//1047 
f 1384//1047 1385//1047 1383//1046 
f 1382//1046 1383//1046 1381//1045 
f 1380//1045 1381//1045 1379//1044 
f 1378//1044 1379//1044 1377//1043 
f 1376//1043 1377//1043 1375//1042 
f 1374//1042 1375//1042 1373//1041 
f 1372//1041 1373//1041 1371//1040 
f 1370//1040 1371//1040 1369//1039 
f 1368//1039 1369//1039 1367//1038 
f 1366//1038 1367//1038 1365//1037 
f 1364//1037 1365//1037 1363//1036 
f 1362//1036 1363//1036 1361//1035 
f 1360//1035 1361//1035 1359//1034 
f 1358//1034 1359//1034 1357//1033 
f 1356//1033 1357//1033 1355//1032 
f 1354//1032 1355//1032 1353//1031 
f 1352//1031 1353//1031 1350//1030 
o mesh31
f 1351//1060 1350//1060 1408//1060 
f 1408//1060 1409//1060 1351//1060 
o mesh32
f 1410//1061 1409//1060 1408//1060 
f 1411//1062 1410//1061 1412//1061 
f 1413//1063 1411//1062 1414//1062 
f 1415//1064 1413//1063 1416//1063 
f 1417//1065 1415//1064 1418//1064 
f 1419//1066 1417//1065 1420//1065 
f 1421//1067 1419//1066 1422//1066 
f 1423//1068 1421//1067 1424//1067 
f 1425//1069 1423//1068 1426//1068 
f 1427//1070 1425//1069 1428//1069 
f 1429//1071 1427//1070 1430//1070 
f 1431//1072 1429//1071 1432//1071 
f 1433//1073 1431//1072 1434//1072 
f 1435//1074 1433//1073 1436//1073 
f 1437//1075 1435//1074 1438//1074 
f 1439//1076 1437//1075 1440//1075 
f 1441//1077 1439//1076 1442//1076 
f 1443//1078 1441//1077 1444//1077 
f 1445//1079 1443//1078 1446//1078 
f 1447//1080 1445//1079 1448//1079 
f 1449//1081 1447//1080 1450//1080 
f 1451//1082 1449//1081 1452//1081 
f 1453//1083 1451//1082 1454//1082 
f 1455//1084 1453//1083 1456//1083 
f 1457//1085 1455//1084 1458//1084 
f 1459//1086 1457//1085 1460//1085 
f 1461//1087 1459//1086 1462//1086 
f 1463//1088 1461//1087 1464//1087 
f 1465//1089 1463//1088 1466//1088 
f 1466//1088 1467//1089 1465//1089 
f 1464//1087 1466//1088 1463//1088 
f 1462//1086 1464//1087 1461//1087 
f 1460//1085 1462//1086 1459//1086 
f 1458//1084 1460//1085 1457//1085 
f 1456//1083 1458//1084 1455//1084 
f 1454//1082 1456//1083 1453//1083 
f 1452//1081 1454//1082 1451//1082 
f 1450//1080 1452//1081 1449//1081 
f 1448//1079 1450//1080 1447//1080 
f 1446//1078 1448//1079 1445//1079 
f 1444//1077 1446//1078 1443//1078 
f 1442//1076 1444//1077 1441//1077 
f 1440//1075 1442//1076 1439//1076 
f 1438//1074 1440//1075 1437//1075 
f 1436//1073 1438//1074 1435//1074 
f 1434//1072 1436//1073 1433//1073 
f 1432//1071 1434//1072 1431//1072 
f 1430//1070 1432//1071 1429//1071 
f 1428//1069 1430//1070 1427//1070 
f 1426//1068 1428//1069 1425//1069 
f 1424//1067 1426//1068 1423//1068 
f 1422//1066 1424//1067 1421//1067 
f 1420//1065 1422//1066 1419//1066 
f 1418//1064 1420//1065 1417//1065 
f 1416//1063 1418//1064 1415//1064 
f 1414//1062 1416//1063 1413//1063 
f 1412//1061 1414//1062 1411//1062 
f 1408//1060 1412//1061 1410//1061 
o mesh33
f 1467//1089 1468//1089 1469//1089 
f 1469//1089 1465//1089 1467//1089 
o mesh34
f 1107//1090 1102//1090 1470//1090 
f 1470//1090 1471//1090 1107//1090 
o mesh35
f 1472//1091 1471//1090 1470//1090 
f 1473//1092 1472//1091 1474//1091 
f 1475//1093 1473//1092 1476//1092 
f 1477//1094 1475//1093 1478//1093 
f 1479//1095 1477//1094 1480//1094 
f 1481//1096 1479//1095 1482//1095 
f 1483//1097 1481//1096 1484//1096 
f 1485//1098 1483//1097 1486//1097 
f 1487//1099 1485//1098 1488//1098 
f 1489//1100 1487//1099 1490//1099 
f 1491//1101 1489//1100 1492//1100 
f 1493//1102 1491//1101 1494//1101 
f 1495//1103 1493//1102 1496//1102 
f 1497//1104 1495//1103 1498//1103 
f 1499//1105 1497//1104 1500//1104 
f 1501//1106 1499//1105 1502//1105 
f 1503//1107 1501//1106 1504//1106 
f 1505//1108 1503//1107 1506//1107 
f 1507//1109 1505//1108 1508//1108 
f 1509//1110 1507//1109 1510//1109 
f 1511//1111 1509//1110 1512//1110 
f 1513//1112 1511//1111 1514//1111 
f 1515//1113 1513//1112 1516//1112 
f 1517//1114 1515//1113 1518//1113 
f 1519//1115 1517//1114 1520//1114 
f 1521//1116 1519//1115 1522//1115 
f 1523//1117 1521//1116 1524//1116 
f 1525//1118 1523//1117 1526//1117 
f 1527//1119 1525//1118 1528//1118 
f 1528//1118 1529//1119 1527//1119 
f 1526//1117 1528//1118 1525//1118 
f 1524//1116 1526//1117 1523//1117 
f 1522//1115 1524//1116 1521//1116 
f 1520//1114 1522//1115 1519//1115 
f 1518//1113 1520//1114 1517//1114 
f 1516//1112 1518//1113 1515//1113 
f 1514//1111 1516//1112 1513//1112 
f 1512//1110 1514//1111 1511//1111 
f 1510//1109 1512//1110 1509//1110 
f 1508//1108 1510//1109 1507//1109 
f 1506//1107 1508//1108 1505//1108 
f 1504//1106 1506//1107 1503//1107 
f 1502//1105 1504//1106 1501//1106 
f 1500//1104 1502//1105 1499//1105 
f 1498//1103 1500//1104 1497//1104 
f 1496//1102 1498//1103 1495//1103 
f 1494//1101 1496//1102 1493//1102 
f 1492//1100 1494//1101 1491//1101 
f 1490//1099 1492//1100 1489//1100 
f 1488//1098 1490//1099 1487//1099 
f 1486//1097 1488//1098 1485//1098 
f 1484//1096 1486//1097 1483//1097 
f 1482//1095 1484//1096 1481//1096 
f 1480//1094 1482//1095 1479//1095 
f 1478//1093 1480//1094 1477//1094 
f 1476//1092 1478//1093 1475//1093 
f 1474//1091 1476//1092 1473//1092 
f 1470//1090 1474//1091 1472//1091 
o mesh36
f 1530//1119 1531//1119 1527//1119 
f 1527//1119 1529//1119 1530//1119 
o mesh37
f 1532//1120 1533//1120 1534//1121 
f 1535//1121 1534//1121 1536//1122 
f 1537//1122 1536//1122 1538//1123 
f 1539//1123 1538//1123 1540//1124 
f 1541//1124 1540//1124 1542//1125 
f 1543//1125 1542//1125 1544//1126 
f 1545//1126 1544//1126 1546//1127 
f 1547//1127 1546//1127 1548//1128 
f 1549//1128 1548//1128 1550//1129 
f 1551//1129 1550//1129 1552//1130 
f 1553//1130 1552//1130 1554//1131 
f 1555//1131 1554//1131 1556//1132 
f 1557//1132 1556//1132 1558//1133 
f 1559//1133 1558//1133 1560//1134 
f 1561//1134 1560//1134 1562//1135 
f 1563//1135 1562//1135 1564//1136 
f 1565//1136 1564//1136 1566//1137 
f 1567//1137 1566//1137 1568//1138 
f 1569//1138 1568//1138 1570//1139 
f 1571//1139 1570//1139 1572//1140 
f 1573//1140 1572//1140 1574//1141 
f 1575//1141 1574//1141 1576//1142 
f 1577//1142 1576//1142 1578//1143 
f 1579//1143 1578//1143 1580//1144 
f 1581//1144 1580//1144 1582//1145 
f 1583//1145 1582//1145 1584//1146 
f 1585//1146 1584//1146 1586//1147 
f 1587//1147 1586//1147 1588//1148 
f 1589//1148 1588//1148 1531//1149 
f 1531//1149 1530//1149 1589//1148 
f 1588//1148 1589//1148 1587//1147 
f 1586//1147 1587//1147 1585//1146 
f 1584//1146 1585//1146 1583//1145 
f 1582//1145 1583//1145 1581//1144 
f 1580//1144 1581//1144 1579//1143 
f 1578//1143 1579//1143 1577//1142 
f 1576//1142 1577//1142 1575//1141 
f 1574//1141 1575//1141 1573//1140 
f 1572//1140 1573//1140 1571//1139 
f 1570//1139 1571//1139 1569//1138 
f 1568//1138 1569//1138 1567//1137 
f 1566//1137 1567//1137 1565//1136 
f 1564//1136 1565//1136 1563//1135 
f 1562//1135 1563//1135 1561//1134 
f 1560//1134 1561//1134 1559//1133 
f 1558//1133 1559//1133 1557//1132 
f 1556//1132 1557//1132 1555//1131 
f 1554//1131 1555//1131 1553//1130 
f 1552//1130 1553//1130 1551//1129 
f 1550//1129 1551//1129 1549//1128 
f 1548//1128 1549//1128 1547//1127 
f 1546//1127 1547//1127 1545//1126 
f 1544//1126 1545//1126 1543//1125 
f 1542//1125 1543//1125 1541//1124 
f 1540//1124 1541//1124 1539//1123 
f 1538//1123 1539//1123 1537//1122 
f 1536//1122 1537//1122 1535//1121 
f 1534//1121 1535//1121 1532//1120 
o mesh38
f 1533//1150 1532//1150 1590//1150 
f 1590//1150 1591//1150 1533//1150 
o mesh39
f 1592//1151 1591//1150 1590//1150 
f 1593//1152 1592//1151 1594//1151 
f 1595//1153 1593//1152 1596//1152 
f 1597//1154 1595//1153 1598//1153 
f 1599//1155 1597//1154 1600//1154 
f 1601//1156 1599//1155 1602//1155 
f 1603//1157 1601//1156 1604//1156 
f 1605//1158 1603//1157 1606//1157 
f 1607//1159 1605//1158 1608//1158 
f 1609//1160 1607//1159 1610//1159 
f 1611//1161 1609//1160 1612//1160 
f 1613//1162 1611//1161 1614//1161 
f 1615//1163 1613//1162 1616//1162 
f 1617//1164 1615//1163 1618//1163 
f 1619//1165 1617//1164 1620//1164 
f 1621//1166 1619//1165 1622//1165 
f 1623//1167 1621//1166 1624//1166 
f 1625//1168 1623//1167 1626//1167 
f 1627//1169 1625//1168 1628//1168 
f 1629//1170 1627//1169 1630//1169 
f 1631//1171 1629//1170 1632//1170 
f 1633//1172 1631//1171 1634//1171 
f 1635//1173 1633//1172 1636//1172 
f 1637//1174 1635//1173 1638//1173 
f 1639//1175 1637//1174 1640//1174 
f 1641//1176 1639//1175 1642//1175 
f 1643//1177 1641//1176 1644//1176 
f 1645//1178 1643//1177 1646//1177 
f 1647//1179 1645//1178 1648//1178 
f 1648//1178 1649//1179 1647//1179 
f 1646//1177 1648//1178 1645//1178 
f 1644//1176 1646//1177 1643//1177 
f 1642//1175 1644//1176 1641//1176 
f 1640//1174 1642//1175 1639//1175 
f 1638//1173 1640//1174 1637//1174 
f 1636//1172 1638//1173 1635//1173 
f 1634//1171 1636//1172 1633//1172 
f 1632//1170 1634//1171 1631//1171 
f 1630//1169 1632//1170 1629//1170 
f 1628//1168 1630//1169 1627//1169 
f 1626//1167 1628//1168 1625//1168 
f 1624//1166 1626//1167 1623//1167 
f 1622//1165 1624//1166 1621//1166 
f 1620//1164 1622//1165 1619//1165 
f 1618//1163 1620//1164 1617//1164 
f 1616//1162 1618//1163 1615//1163 
f 1614//1161 1616//1162 1613//1162 
f 1612//1160 1614//1161 1611//1161 
f 1610//1159 1612//1160 1609//1160 
f 1608//1158 1610//1159 1607//1159 
f 1606//1157 1608//1158 1605//1158 
f 1604//1156 1606//1157 1603//1157 
f 1602//1155 1604//1156 1601//1156 
f 1600//1154 1602//1155 1599//1155 
f 1598//1153 1600//1154 1597//1154 
f 1596//1152 1598//1153 1595//1153 
f 1594//1151 1596//1152 1593//1152 
f 1590//1150 1594//1151 1592//1151 
o mesh40
f 1649//1179 1650//1179 1651//1179 
f 1651//1179 1647//1179 1649//1179 
o mesh41
f 1652//1180 1653//1180 1654//1181 
f 1655//1181 1654//1181 1656//1182 
f 1657//1182 1656//1182 1658//1183 
f 1659//1183 1658//1183 1660//1184 
f 1661//1184 1660//1184 1662//1185 
f 1663//1185 1662//1185 1664//1186 
f 1665//1186 1664//1186 1666//1187 
f 1667//1187 1666//1187 1668//1188 
f 1669//1188 1668//1188 1670//1189 
f 1671//1189 1670//1189 1672//1190 
f 1673//1190 1672//1190 1674//1191 
f 1675//1191 1674//1191 1676//1192 
f 1677//1192 1676//1192 1678//1193 
f 1679//1193 1678//1193 1680//1194 
f 1681//1194 1680//1194 1682//1195 
f 1683//1195 1682//1195 1684//1196 
f 1685//1196 1684//1196 1686//1197 
f 1687//1197 1686//1197 1688//1198 
f 1689//1198 1688//1198 1690//1199 
f 1691//1199 1690//1199 1692//1200 
f 1693//1200 1692//1200 1694//1201 
f 1695//1201 1694//1201 1696//1202 
f 1697//1202 1696//1202 1698//1203 
f 1699//1203 1698//1203 1700//1204 
f 1701//1204 1700//1204 1702//1205 
f 1703//1205 1702//1205 1704//1206 
f 1705//1206 1704//1206 1706//1207 
f 1707//1207 1706//1207 1708//1208 
f 1709//1208 1708//1208 1651//1209 
f 1651//1209 1650//1209 1709//1208 
f 1708//1208 1709//1208 1707//1207 
f 1706//1207 1707//1207 1705//1206 
f 1704//1206 1705//1206 1703//1205 
f 1702//1205 1703//1205 1701//1204 
f 1700//1204 1701//1204 1699//1203 
f 1698//1203 1699//1203 1697//1202 
f 1696//1202 1697//1202 1695//1201 
f 1694//1201 1695//1201 1693//1200 
f 1692//1200 1693//1200 1691//1199 
f 1690//1199 1691//1199 1689//1198 
f 1688//1198 1689//1198 1687//1197 
f 1686//1197 1687//1197 1685//1196 
f 1684//1196 1685//1196 1683//1195 
f 1682//1195 1683//1195 1681//1194 
f 1680//1194 1681//1194 1679//1193 
f 1678//1193 1679//1193 1677//1192 
f 1676//1192 1677//1192 1675//1191 
f 1674//1191 1675//1191 1673//1190 
f 1672//1190 1673//1190 1671//1189 
f 1670//1189 1671//1189 1669//1188 
f 1668//1188 1669//1188 1667//1187 
f 1666//1187 1667//1187 1665//1186 
f 1664//1186 1665//1186 1663//1185 
f 1662//1185 1663//1185 1661//1184 
f 1660//1184 1661//1184 1659//1183 
f 1658//1183 1659//1183 1657//1182 
f 1656//1182 1657//1182 1655//1181 
f 1654//1181 1655//1181 1652//1180 
o mesh42
f 1653//1210 1652//1210 1710//1210 
f 1710//1210 1711//1210 1653//1210 
o mesh43
f 1712//1211 1711//1210 1710//1210 
f 1713//1212 1712//1211 1714//1211 
f 1715//1213 1713//1212 1716//1212 
f 1717//1214 1715//1213 1718//1213 
f 1719//1215 1717//1214 1720//1214 
f 1721//1216 1719//1215 1722//1215 
f 1723//1217 1721//1216 1724//1216 
f 1725//1218 1723//1217 1726//1217 
f 1727//1219 1725//1218 1728//1218 
f 1729//1220 1727//1219 1730//1219 
f 1731//1221 1729//1220 1732//1220 
f 1733//1222 1731//1221 1734//1221 
f 1735//1223 1733//1222 1736//1222 
f 1737//1224 1735//1223 1738//1223 
f 1739//1225 1737//1224 1740//1224 
f 1741//1226 1739//1225 1742//1225 
f 1743//1227 1741//1226 1744//1226 
f 1745//1228 1743//1227 1746//1227 
f 1747//1229 1745//1228 1748//1228 
f 1749//1230 1747//1229 1750//1229 
f 1751//1231 1749//1230 1752//1230 
f 1753//1232 1751//1231 1754//1231 
f 1755//1233 1753//1232 1756//1232 
f 1757//1234 1755//1233 1758//1233 
f 1759//1235 1757//1234 1760//1234 
f 1761//1236 1759//1235 1762//1235 
f 1763//1237 1761//1236 1764//1236 
f 1765//1238 1763//1237 1766//1237 
f 1767//1239 1765//1238 1768//1238 
f 1768//1238 1769//1239 1767//1239 
f 1766//1237 1768//1238 1765//1238 
f 1764//1236 1766//1237 1763//1237 
f 1762//1235 1764//1236 1761//1236 
f 1760//1234 1762//1235 1759//1235 
f 1758//1233 1760//1234 1757//1234 
f 1756//1232 1758//1233 1755//1233 
f 1754//1231 1756//1232 1753//1232 
f 1752//1230 1754//1231 1751//1231 
f 1750//1229 1752//1230 1749//1230 
f 1748//1228 1750//1229 1747//1229 
f 1746//1227 1748//1228 1745//1228 
f 1744//1226 1746//1227 1743//1227 
f 1742//1225 1744//1226 1741//1226 
f 1740//1224 1742//1225 1739//1225 
f 1738//1223 1740//1224 1737//1224 
f 1736//1222 1738//1223 1735//1223 
f 1734//1221 1736//1222 1733//1222 
f 1732//1220 1734//1221 1731//1221 
f 1730//1219 1732//1220 1729//1220 
f 1728//1218 1730//1219 1727//1219 
f 1726//1217 1728//1218 1725//1218 
f 1724//1216 1726//1217 1723//1217 
f 1722//1215 1724//1216 1721//1216 
f 1720//1214 1722//1215 1719//1215 
f 1718//1213 1720//1214 1717//1214 
f 1716//1212 1718//1213 1715//1213 
f 1714//1211 1716//1212 1713//1212 
f 1710//1210 1714//1211 1712//1211 
o mesh44
f 1767//1239 1769//1239 1770//1239 
f 1770//1239 1771//1239 1767//1239 
o mesh45
f 1504//1240 1136//1240 1134//1240 
f 1504//1240 1502//1240 1138//1240 
f 1512//1240 1128//1240 1126//1240 
f 1512//1240 1510//1240 1130//1240 
f 1506//1240 1134//1240 1132//1240 
f 1138//1240 1136//1240 1504//1240 
f 1530//1240 1529//1240 1111//1240 
f 1528//1240 1112//1240 1111//1240 
f 1518//1240 1516//1240 1124//1240 
f 1516//1240 1514//1240 1126//1240 
f 1130//1240 1128//1240 1512//1240 
f 1510//1240 1508//1240 1132//1240 
f 1134//1240 1506//1240 1504//1240 
f 1500//1240 1140//1240 1138//1240 
f 1478//1240 1162//1240 1160//1240 
f 1476//1240 1164//1240 1162//1240 
f 1590//1240 1229//1240 1286//1240 
f 1229//1240 1590//1240 1532//1240 
f 1736//1240 1734//1240 1386//1240 
f 1734//1240 1732//1240 1388//1240 
f 1600//1240 1280//1240 1278//1240 
f 1598//1240 1282//1240 1280//1240 
f 1111//1240 1529//1240 1528//1240 
f 1170//1240 1589//1240 1530//1240 
f 1520//1240 1518//1240 1122//1240 
f 1126//1240 1124//1240 1516//1240 
f 1132//1240 1130//1240 1510//1240 
f 1138//1240 1502//1240 1500//1240 
f 1488//1240 1152//1240 1150//1240 
f 1486//1240 1154//1240 1152//1240 
f 1480//1240 1160//1240 1158//1240 
f 1162//1240 1478//1240 1476//1240 
f 1223//1240 1225//1240 1532//1240 
f 1532//1240 1225//1240 1229//1240 
f 1351//1240 1409//1240 1770//1240 
f 1409//1240 1410//1240 1772//1240 
f 1738//1240 1382//1240 1380//1240 
f 1738//1240 1736//1240 1384//1240 
f 1388//1240 1386//1240 1734//1240 
f 1732//1240 1730//1240 1390//1240 
f 1602//1240 1278//1240 1276//1240 
f 1280//1240 1600//1240 1598//1240 
f 1596//1240 1284//1240 1282//1240 
f 1596//1240 1594//1240 1286//1240 
f 1530//1240 1169//1240 1170//1240 
f 1171//1240 1587//1240 1589//1240 
f 1522//1240 1118//1240 1116//1240 
f 1522//1240 1520//1240 1120//1240 
f 1124//1240 1122//1240 1518//1240 
f 1132//1240 1508//1240 1506//1240 
f 1498//1240 1142//1240 1140//1240 
f 1498//1240 1496//1240 1144//1240 
f 1152//1240 1488//1240 1486//1240 
f 1484//1240 1156//1240 1154//1240 
f 1482//1240 1158//1240 1156//1240 
f 1160//1240 1480//1240 1478//1240 
f 1203//1240 1205//1240 1553//1240 
f 1205//1240 1207//1240 1551//1240 
f 1209//1240 1211//1240 1547//1240 
f 1211//1240 1213//1240 1545//1240 
f 1221//1240 1223//1240 1535//1240 
f 1286//1240 1594//1240 1590//1240 
f 1772//1240 1770//1240 1409//1240 
f 1769//1240 1768//1240 1352//1240 
f 1764//1240 1356//1240 1354//1240 
f 1764//1240 1762//1240 1358//1240 
f 1384//1240 1382//1240 1738//1240 
f 1390//1240 1388//1240 1732//1240 
f 1730//1240 1728//1240 1392//1240 
f 1728//1240 1726//1240 1394//1240 
f 1429//1240 1431//1240 1773//1240 
f 1431//1240 1433//1240 1774//1240 
f 1620//1240 1260//1240 1258//1240 
f 1618//1240 1262//1240 1260//1240 
f 1616//1240 1264//1240 1262//1240 
f 1616//1240 1614//1240 1266//1240 
f 1610//1240 1270//1240 1268//1240 
f 1610//1240 1608//1240 1272//1240 
f 1606//1240 1274//1240 1272//1240 
f 1606//1240 1604//1240 1276//1240 
f 1278//1240 1602//1240 1600//1240 
f 1286//1240 1284//1240 1596//1240 
f 1589//1240 1170//1240 1171//1240 
f 1528//1240 1526//1240 1114//1240 
f 1120//1240 1118//1240 1522//1240 
f 1126//1240 1514//1240 1512//1240 
f 1144//1240 1142//1240 1498//1240 
f 1494//1240 1146//1240 1144//1240 
f 1492//1240 1148//1240 1146//1240 
f 1490//1240 1150//1240 1148//1240 
f 1154//1240 1486//1240 1484//1240 
f 1158//1240 1482//1240 1480//1240 
f 1199//1240 1201//1240 1557//1240 
f 1201//1240 1203//1240 1555//1240 
f 1551//1240 1553//1240 1205//1240 
f 1207//1240 1209//1240 1549//1240 
f 1545//1240 1547//1240 1211//1240 
f 1213//1240 1215//1240 1543//1240 
f 1215//1240 1217//1240 1541//1240 
f 1217//1240 1219//1240 1539//1240 
f 1219//1240 1221//1240 1537//1240 
f 1532//1240 1535//1240 1223//1240 
f 1309//1240 1689//1240 1691//1240 
f 1309//1240 1311//1240 1687//1240 
f 1313//1240 1685//1240 1687//1240 
f 1313//1240 1315//1240 1683//1240 
f 1329//1240 1669//1240 1671//1240 
f 1331//1240 1667//1240 1669//1240 
f 1333//1240 1665//1240 1667//1240 
f 1333//1240 1335//1240 1663//1240 
f 1339//1240 1659//1240 1661//1240 
f 1339//1240 1341//1240 1657//1240 
f 1352//1240 1351//1240 1769//1240 
f 1768//1240 1766//1240 1354//1240 
f 1358//1240 1356//1240 1764//1240 
f 1762//1240 1760//1240 1360//1240 
f 1386//1240 1384//1240 1736//1240 
f 1394//1240 1392//1240 1728//1240 
f 1724//1240 1396//1240 1394//1240 
f 1724//1240 1722//1240 1398//1240 
f 1720//1240 1718//1240 1402//1240 
f 1718//1240 1716//1240 1404//1240 
f 1429//1240 1775//1240 1776//1240 
f 1774//1240 1773//1240 1431//1240 
f 1642//1240 1238//1240 1236//1240 
f 1642//1240 1640//1240 1240//1240 
f 1624//1240 1256//1240 1254//1240 
f 1624//1240 1622//1240 1258//1240 
f 1260//1240 1620//1240 1618//1240 
f 1266//1240 1264//1240 1616//1240 
f 1612//1240 1268//1240 1266//1240 
f 1272//1240 1270//1240 1610//1240 
f 1276//1240 1274//1240 1606//1240 
f 1282//1240 1598//1240 1596//1240 
f 1114//1240 1112//1240 1528//1240 
f 1171//1240 1173//1240 1585//1240 
f 1122//1240 1120//1240 1520//1240 
f 1144//1240 1496//1240 1494//1240 
f 1148//1240 1492//1240 1490//1240 
f 1156//1240 1484//1240 1482//1240 
f 1189//1240 1569//1240 1571//1240 
f 1189//1240 1191//1240 1567//1240 
f 1195//1240 1563//1240 1565//1240 
f 1195//1240 1197//1240 1561//1240 
f 1199//1240 1559//1240 1561//1240 
f 1555//1240 1557//1240 1201//1240 
f 1549//1240 1551//1240 1207//1240 
f 1543//1240 1545//1240 1213//1240 
f 1539//1240 1541//1240 1217//1240 
f 1535//1240 1537//1240 1221//1240 
f 1305//1240 1693//1240 1695//1240 
f 1307//1240 1691//1240 1693//1240 
f 1687//1240 1689//1240 1309//1240 
f 1683//1240 1685//1240 1313//1240 
f 1317//1240 1681//1240 1683//1240 
f 1317//1240 1319//1240 1679//1240 
f 1321//1240 1677//1240 1679//1240 
f 1321//1240 1323//1240 1675//1240 
f 1669//1240 1329//1240 1331//1240 
f 1663//1240 1665//1240 1333//1240 
f 1337//1240 1661//1240 1663//1240 
f 1657//1240 1659//1240 1339//1240 
f 1354//1240 1352//1240 1768//1240 
f 1360//1240 1358//1240 1762//1240 
f 1758//1240 1362//1240 1360//1240 
f 1758//1240 1756//1240 1364//1240 
f 1410//1240 1411//1240 1777//1240 
f 1411//1240 1413//1240 1778//1240 
f 1748//1240 1372//1240 1370//1240 
f 1748//1240 1746//1240 1374//1240 
f 1392//1240 1390//1240 1730//1240 
f 1398//1240 1396//1240 1724//1240 
f 1720//1240 1400//1240 1398//1240 
f 1404//1240 1402//1240 1718//1240 
f 1427//1240 1776//1240 1779//1240 
f 1773//1240 1775//1240 1429//1240 
f 1437//1240 1780//1240 1781//1240 
f 1437//1240 1439//1240 1782//1240 
f 1441//1240 1783//1240 1782//1240 
f 1441//1240 1443//1240 1784//1240 
f 1449//1240 1785//1240 1786//1240 
f 1451//1240 1787//1240 1785//1240 
f 1463//1240 1788//1240 1789//1240 
f 1463//1240 1790//1240 1791//1240 
f 1463//1240 1792//1240 1793//1240 
f 1646//1240 1234//1240 1232//1240 
f 1646//1240 1644//1240 1236//1240 
f 1240//1240 1238//1240 1642//1240 
f 1640//1240 1638//1240 1242//1240 
f 1634//1240 1246//1240 1244//1240 
f 1634//1240 1632//1240 1248//1240 
f 1630//1240 1628//1240 1252//1240 
f 1628//1240 1626//1240 1254//1240 
f 1258//1240 1256//1240 1624//1240 
f 1262//1240 1618//1240 1616//1240 
f 1268//1240 1612//1240 1610//1240 
f 1276//1240 1604//1240 1602//1240 
f 1585//1240 1587//1240 1171//1240 
f 1526//1240 1524//1240 1116//1240 
f 1140//1240 1500//1240 1498//1240 
f 1150//1240 1490//1240 1488//1240 
f 1187//1240 1571//1240 1573//1240 
f 1567//1240 1569//1240 1189//1240 
f 1561//1240 1563//1240 1195//1240 
f 1557//1240 1559//1240 1199//1240 
f 1547//1240 1549//1240 1209//1240 
f 1537//1240 1539//1240 1219//1240 
f 1474//1240 1086//1240 1085//1240 
f 1474//1240 1088//1240 1087//1240 
f 1474//1240 1091//1240 1090//1240 
f 1474//1240 1093//1240 1092//1240 
f 1474//1240 1095//1240 1094//1240 
f 1693//1240 1305//1240 1307//1240 
f 1687//1240 1311//1240 1313//1240 
f 1679//1240 1681//1240 1317//1240 
f 1675//1240 1677//1240 1321//1240 
f 1325//1240 1673//1240 1675//1240 
f 1325//1240 1327//1240 1671//1240 
f 1667//1240 1331//1240 1333//1240 
f 1661//1240 1337//1240 1339//1240 
f 1354//1240 1766//1240 1764//1240 
f 1364//1240 1362//1240 1758//1240 
f 1778//1240 1777//1240 1411//1240 
f 1413//1240 1415//1240 1794//1240 
f 1374//1240 1372//1240 1748//1240 
f 1746//1240 1744//1240 1376//1240 
f 1742//1240 1378//1240 1376//1240 
f 1742//1240 1740//1240 1380//1240 
f 1394//1240 1726//1240 1724//1240 
f 1402//1240 1400//1240 1720//1240 
f 1776//1240 1427//1240 1429//1240 
f 1433//1240 1435//1240 1781//1240 
f 1782//1240 1780//1240 1437//1240 
f 1784//1240 1783//1240 1441//1240 
f 1785//1240 1449//1240 1451//1240 
f 1453//1240 1795//1240 1787//1240 
f 1463//1240 1796//1240 1788//1240 
f 1463//1240 1797//1240 1798//1240 
f 1793//1240 1790//1240 1463//1240 
f 1236//1240 1234//1240 1646//1240 
f 1242//1240 1240//1240 1640//1240 
f 1636//1240 1244//1240 1242//1240 
f 1248//1240 1246//1240 1634//1240 
f 1630//1240 1250//1240 1248//1240 
f 1254//1240 1252//1240 1628//1240 
f 1258//1240 1622//1240 1620//1240 
f 1272//1240 1608//1240 1606//1240 
f 1116//1240 1114//1240 1526//1240 
f 1173//1240 1175//1240 1583//1240 
f 1146//1240 1494//1240 1492//1240 
f 1474//1240 1166//1240 1164//1240 
f 1181//1240 1577//1240 1579//1240 
f 1181//1240 1183//1240 1575//1240 
f 1571//1240 1187//1240 1189//1240 
f 1191//1240 1193//1240 1565//1240 
f 1561//1240 1197//1240 1199//1240 
f 1541//1240 1543//1240 1215//1240 
f 1109//1240 1474//1240 1079//1240 
f 1087//1240 1086//1240 1474//1240 
f 1090//1240 1089//1240 1474//1240 
f 1094//1240 1093//1240 1474//1240 
f 1474//1240 1097//1240 1096//1240 
f 1691//1240 1307//1240 1309//1240 
f 1679//1240 1319//1240 1321//1240 
f 1671//1240 1673//1240 1325//1240 
f 1663//1240 1335//1240 1337//1240 
f 1360//1240 1760//1240 1758//1240 
f 1794//1240 1778//1240 1413//1240 
f 1417//1240 1799//1240 1794//1240 
f 1417//1240 1419//1240 1800//1240 
f 1421//1240 1801//1240 1800//1240 
f 1421//1240 1423//1240 1802//1240 
f 1754//1240 1366//1240 1364//1240 
f 1754//1240 1752//1240 1368//1240 
f 1376//1240 1374//1240 1746//1240 
f 1380//1240 1378//1240 1742//1240 
f 1398//1240 1722//1240 1720//1240 
f 1714//1240 1406//1240 1404//1240 
f 1781//1240 1774//1240 1433//1240 
f 1782//1240 1439//1240 1441//1240 
f 1445//1240 1803//1240 1784//1240 
f 1445//1240 1447//1240 1786//1240 
f 1787//1240 1451//1240 1453//1240 
f 1455//1240 1804//1240 1795//1240 
f 1457//1240 1805//1240 1804//1240 
f 1457//1240 1459//1240 1806//1240 
f 1807//1240 1808//1240 1809//1240 
f 1807//1240 1463//1240 1810//1240 
f 1463//1240 1811//1240 1812//1240 
f 1789//1240 1813//1240 1463//1240 
f 1791//1240 1797//1240 1463//1240 
f 1465//1240 1469//1240 1814//1240 
f 1289//1240 1650//1240 1649//1240 
f 1289//1240 1290//1240 1709//1240 
f 1236//1240 1644//1240 1642//1240 
f 1244//1240 1636//1240 1634//1240 
f 1252//1240 1250//1240 1630//1240 
f 1266//1240 1614//1240 1612//1240 
f 1583//1240 1585//1240 1173//1240 
f 1164//1240 1476//1240 1474//1240 
f 1177//1240 1581//1240 1583//1240 
f 1177//1240 1179//1240 1579//1240 
f 1575//1240 1577//1240 1181//1240 
f 1183//1240 1185//1240 1573//1240 
f 1565//1240 1567//1240 1191//1240 
f 1553//1240 1555//1240 1203//1240 
f 1109//1240 1075//1240 1106//1240 
f 1109//1240 1077//1240 1076//1240 
f 1079//1240 1078//1240 1109//1240 
f 1474//1240 1084//1240 1083//1240 
f 1089//1240 1088//1240 1474//1240 
f 1096//1240 1095//1240 1474//1240 
f 1474//1240 1099//1240 1098//1240 
f 1470//1240 1102//1240 1103//1240 
f 1301//1240 1697//1240 1699//1240 
f 1301//1240 1303//1240 1695//1240 
f 1683//1240 1315//1240 1317//1240 
f 1671//1240 1327//1240 1329//1240 
f 1777//1240 1772//1240 1410//1240 
f 1800//1240 1799//1240 1417//1240 
f 1802//1240 1801//1240 1421//1240 
f 1423//1240 1425//1240 1779//1240 
f 1368//1240 1366//1240 1754//1240 
f 1752//1240 1750//1240 1370//1240 
f 1376//1240 1744//1240 1742//1240 
f 1404//1240 1716//1240 1714//1240 
f 1781//1240 1435//1240 1437//1240 
f 1786//1240 1803//1240 1445//1240 
f 1795//1240 1453//1240 1455//1240 
f 1806//1240 1805//1240 1457//1240 
f 1807//1240 1815//1240 1808//1240 
f 1810//1240 1816//1240 1807//1240 
f 1463//1240 1817//1240 1811//1240 
f 1463//1240 1818//1240 1819//1240 
f 1798//1240 1796//1240 1463//1240 
f 1463//1240 1820//1240 1821//1240 
f 1814//1240 1463//1240 1465//1240 
f 1709//1240 1650//1240 1289//1240 
f 1649//1240 1648//1240 1232//1240 
f 1242//1240 1638//1240 1636//1240 
f 1254//1240 1626//1240 1624//1240 
f 1116//1240 1524//1240 1522//1240 
f 1579//1240 1581//1240 1177//1240 
f 1573//1240 1575//1240 1183//1240 
f 1565//1240 1193//1240 1195//1240 
f 1076//1240 1075//1240 1109//1240 
f 1109//1240 1166//1240 1474//1240 
f 1474//1240 1082//1240 1081//1240 
f 1085//1240 1084//1240 1474//1240 
f 1098//1240 1097//1240 1474//1240 
f 1474//1240 1101//1240 1100//1240 
f 1103//1240 1474//1240 1470//1240 
f 1293//1240 1705//1240 1707//1240 
f 1293//1240 1295//1240 1703//1240 
f 1297//1240 1701//1240 1703//1240 
f 1297//1240 1299//1240 1699//1240 
f 1695//1240 1697//1240 1301//1240 
f 1675//1240 1323//1240 1325//1240 
f 1710//1240 1349//1240 1406//1240 
f 1349//1240 1710//1240 1652//1240 
f 1794//1240 1415//1240 1417//1240 
f 1779//1240 1802//1240 1423//1240 
f 1370//1240 1368//1240 1752//1240 
f 1380//1240 1740//1240 1738//1240 
f 1784//1240 1443//1240 1445//1240 
f 1804//1240 1455//1240 1457//1240 
f 1461//1240 1822//1240 1806//1240 
f 1463//1240 1823//1240 1822//1240 
f 1807//1240 1824//1240 1815//1240 
f 1807//1240 1823//1240 1463//1240 
f 1463//1240 1825//1240 1826//1240 
f 1819//1240 1817//1240 1463//1240 
f 1821//1240 1792//1240 1463//1240 
f 1814//1240 1827//1240 1463//1240 
f 1232//1240 1231//1240 1649//1240 
f 1248//1240 1632//1240 1630//1240 
f 1583//1240 1175//1240 1177//1240 
f 1573//1240 1185//1240 1187//1240 
f 1078//1240 1077//1240 1109//1240 
f 1081//1240 1080//1240 1474//1240 
f 1092//1240 1091//1240 1474//1240 
f 1103//1240 1101//1240 1474//1240 
f 1291//1240 1707//1240 1709//1240 
f 1703//1240 1705//1240 1293//1240 
f 1699//1240 1701//1240 1297//1240 
f 1695//1240 1303//1240 1305//1240 
f 1343//1240 1345//1240 1652//1240 
f 1652//1240 1345//1240 1349//1240 
f 1800//1240 1419//1240 1421//1240 
f 1370//1240 1750//1240 1748//1240 
f 1786//1240 1447//1240 1449//1240 
f 1822//1240 1461//1240 1463//1240 
f 1816//1240 1824//1240 1807//1240 
f 1826//1240 1828//1240 1463//1240 
f 1813//1240 1818//1240 1463//1240 
f 1827//1240 1829//1240 1463//1240 
f 1232//1240 1648//1240 1646//1240 
f 1579//1240 1179//1240 1181//1240 
f 1080//1240 1079//1240 1474//1240 
f 1100//1240 1099//1240 1474//1240 
f 1707//1240 1291//1240 1293//1240 
f 1699//1240 1299//1240 1301//1240 
f 1343//1240 1655//1240 1657//1240 
f 1406//1240 1714//1240 1710//1240 
f 1364//1240 1756//1240 1754//1240 
f 1806//1240 1459//1240 1461//1240 
f 1828//1240 1810//1240 1463//1240 
f 1829//1240 1820//1240 1463//1240 
f 1111//1240 1169//1240 1530//1240 
f 1083//1240 1082//1240 1474//1240 
f 1703//1240 1295//1240 1297//1240 
f 1652//1240 1655//1240 1343//1240 
f 1779//1240 1425//1240 1427//1240 
f 1812//1240 1825//1240 1463//1240 
f 1106//1240 1104//1240 1109//1240 
f 1657//1240 1341//1240 1343//1240 
f 1809//1240 1830//1240 1807//1240 
f 1709//1240 1290//1240 1291//1240 
f 1649//1240 1231//1240 1289//1240 
f 1770//1240 1769//1240 1351//1240 
o mesh46
f 1831//1241 1807//1241 1830//1241 
f 1830//1241 1832//1241 1831//1241 
o mesh47
f 1807//1241 1831//1241 1833//1242 
f 1823//1242 1833//1242 1834//1243 
f 1822//1243 1834//1243 1835//1244 
f 1806//1244 1835//1244 1836//1245 
f 1805//1245 1836//1245 1837//1246 
f 1804//1246 1837//1246 1838//1247 
f 1795//1247 1838//1247 1839//1248 
f 1787//1248 1839//1248 1840//1249 
f 1785//1249 1840//1249 1841//1250 
f 1786//1250 1841//1250 1842//1251 
f 1803//1251 1842//1251 1843//1252 
f 1784//1252 1843//1252 1844//1253 
f 1783//1253 1844//1253 1845//1254 
f 1782//1254 1845//1254 1846//1255 
f 1780//1255 1846//1255 1847//1256 
f 1781//1256 1847//1256 1848//1257 
f 1774//1257 1848//1257 1849//1258 
f 1773//1258 1849//1258 1850//1259 
f 1775//1259 1850//1259 1851//1260 
f 1776//1260 1851//1260 1852//1261 
f 1779//1261 1852//1261 1853//1262 
f 1802//1262 1853//1262 1854//1263 
f 1801//1263 1854//1263 1855//1264 
f 1800//1264 1855//1264 1856//1265 
f 1799//1265 1856//1265 1857//1266 
f 1794//1266 1857//1266 1858//1267 
f 1778//1267 1858//1267 1859//1268 
f 1777//1268 1859//1268 1860//1269 
f 1772//1269 1860//1269 1771//1270 
f 1771//1270 1770//1270 1772//1269 
f 1860//1269 1772//1269 1777//1268 
f 1859//1268 1777//1268 1778//1267 
f 1858//1267 1778//1267 1794//1266 
f 1857//1266 1794//1266 1799//1265 
f 1856//1265 1799//1265 1800//1264 
f 1855//1264 1800//1264 1801//1263 
f 1854//1263 1801//1263 1802//1262 
f 1853//1262 1802//1262 1779//1261 
f 1852//1261 1779//1261 1776//1260 
f 1851//1260 1776//1260 1775//1259 
f 1850//1259 1775//1259 1773//1258 
f 1849//1258 1773//1258 1774//1257 
f 1848//1257 1774//1257 1781//1256 
f 1847//1256 1781//1256 1780//1255 
f 1846//1255 1780//1255 1782//1254 
f 1845//1254 1782//1254 1783//1253 
f 1844//1253 1783//1253 1784//1252 
f 1843//1252 1784//1252 1803//1251 
f 1842//1251 1803//1251 1786//1250 
f 1841//1250 1786//1250 1785//1249 
f 1840//1249 1785//1249 1787//1248 
f 1839//1248 1787//1248 1795//1247 
f 1838//1247 1795//1247 1804//1246 
f 1837//1246 1804//1246 1805//1245 
f 1836//1245 1805//1245 1806//1244 
f 1835//1244 1806//1244 1822//1243 
f 1834//1243 1822//1243 1823//1242 
f 1833//1242 1823//1242 1807//1241 
o mesh48
f 1113//1271 1157//1271 1159//1271 
f 1143//1271 1137//1271 1139//1271 
f 1113//1271 1155//1271 1157//1271 
f 1113//1271 1145//1271 1147//1271 
f 1143//1271 1135//1271 1137//1271 
f 1143//1271 1131//1271 1133//1271 
f 1143//1271 1127//1271 1129//1271 
f 1143//1271 1123//1271 1125//1271 
f 1113//1271 1153//1271 1155//1271 
f 1113//1271 1149//1271 1151//1271 
f 1113//1271 1143//1271 1145//1271 
f 1133//1271 1135//1271 1143//1271 
f 1125//1271 1127//1271 1143//1271 
f 1113//1271 1165//1271 1167//1271 
f 1159//1271 1161//1271 1113//1271 
f 1147//1271 1149//1271 1113//1271 
f 1129//1271 1131//1271 1143//1271 
f 1143//1271 1119//1271 1121//1271 
f 1143//1271 1115//1271 1117//1271 
f 1851//1271 1854//1271 1853//1271 
f 1113//1271 1163//1271 1165//1271 
f 1151//1271 1153//1271 1113//1271 
f 1121//1271 1123//1271 1143//1271 
f 1143//1271 1113//1271 1115//1271 
f 1854//1271 1850//1271 1849//1271 
f 1853//1271 1852//1271 1851//1271 
f 1161//1271 1163//1271 1113//1271 
f 1117//1271 1119//1271 1143//1271 
f 1851//1271 1850//1271 1854//1271 
f 1848//1271 1858//1271 1857//1271 
f 1139//1271 1141//1271 1143//1271 
f 1771//1271 1838//1271 1837//1271 
f 1848//1271 1855//1271 1854//1271 
f 1857//1271 1856//1271 1848//1271 
f 1848//1271 1771//1271 1860//1271 
f 1861//1271 1757//1271 1862//1271 
f 1757//1271 1863//1271 1864//1271 
f 1757//1271 1865//1271 1866//1271 
f 1546//1271 1552//1271 1550//1271 
f 1546//1271 1556//1271 1554//1271 
f 1107//1271 1471//1271 1867//1271 
f 1060//1271 1194//1271 1192//1271 
f 1108//1271 1105//1271 1168//1271 
f 1108//1271 1110//1271 1113//1271 
f 1771//1271 1839//1271 1838//1271 
f 1856//1271 1855//1271 1848//1271 
f 1860//1271 1859//1271 1848//1271 
f 1757//1271 1868//1271 1862//1271 
f 1866//1271 1863//1271 1757//1271 
f 1869//1271 1625//1271 1723//1271 
f 1717//1271 1627//1271 1629//1271 
f 1870//1271 1609//1271 1611//1271 
f 1554//1271 1552//1271 1546//1271 
f 1107//1271 1871//1271 1872//1271 
f 1471//1271 1873//1271 1867//1271 
f 1874//1271 1064//1271 1065//1271 
f 1874//1271 1194//1271 1061//1271 
f 1192//1271 1059//1271 1060//1271 
f 1192//1271 1057//1271 1058//1271 
f 1056//1271 1186//1271 1184//1271 
f 1167//1271 1108//1271 1113//1271 
f 1174//1271 1172//1271 1105//1271 
f 1467//1271 1875//1271 1876//1271 
f 1771//1271 1834//1271 1833//1271 
f 1771//1271 1836//1271 1835//1271 
f 1771//1271 1840//1271 1839//1271 
f 1771//1271 1842//1271 1841//1271 
f 1771//1271 1844//1271 1843//1271 
f 1771//1271 1846//1271 1845//1271 
f 1771//1271 1848//1271 1847//1271 
f 1859//1271 1858//1271 1848//1271 
f 1861//1271 1877//1271 1878//1271 
f 1861//1271 1879//1271 1880//1271 
f 1864//1271 1868//1271 1757//1271 
f 1757//1271 1881//1271 1882//1271 
f 1869//1271 1731//1271 1733//1271 
f 1869//1271 1727//1271 1729//1271 
f 1723//1271 1725//1271 1869//1271 
f 1627//1271 1717//1271 1719//1271 
f 1629//1271 1713//1271 1715//1271 
f 1869//1271 1883//1271 1621//1271 
f 1883//1271 1884//1271 1617//1271 
f 1885//1271 1613//1271 1615//1271 
f 1611//1271 1885//1271 1870//1271 
f 1562//1271 1546//1271 1544//1271 
f 1546//1271 1558//1271 1556//1271 
f 1546//1271 1562//1271 1560//1271 
f 1872//1271 1886//1271 1107//1271 
f 1471//1271 1887//1271 1873//1271 
f 1348//1271 1397//1271 1399//1271 
f 1874//1271 1063//1271 1064//1271 
f 1061//1271 1062//1271 1874//1271 
f 1058//1271 1059//1271 1192//1271 
f 1184//1271 1055//1271 1056//1271 
f 1105//1271 1172//1271 1168//1271 
f 1105//1271 1052//1271 1174//1271 
f 1302//1271 1214//1271 1212//1271 
f 1468//1271 1467//1271 1888//1271 
f 1876//1271 1889//1271 1467//1271 
f 1835//1271 1834//1271 1771//1271 
f 1841//1271 1840//1271 1771//1271 
f 1845//1271 1844//1271 1771//1271 
f 1849//1271 1848//1271 1854//1271 
f 1763//1271 1765//1271 1832//1271 
f 1880//1271 1877//1271 1861//1271 
f 1882//1271 1865//1271 1757//1271 
f 1761//1271 1763//1271 1890//1271 
f 1881//1271 1757//1271 1759//1271 
f 1891//1271 1741//1271 1743//1271 
f 1892//1271 1737//1271 1739//1271 
f 1729//1271 1731//1271 1869//1271 
f 1625//1271 1721//1271 1723//1271 
f 1629//1271 1715//1271 1717//1271 
f 1621//1271 1623//1271 1869//1271 
f 1617//1271 1619//1271 1883//1271 
f 1611//1271 1613//1271 1885//1271 
f 1562//1271 1540//1271 1538//1271 
f 1544//1271 1542//1271 1562//1271 
f 1560//1271 1558//1271 1546//1271 
f 1534//1271 1580//1271 1578//1271 
f 1704//1271 1696//1271 1694//1271 
f 1867//1271 1871//1271 1107//1271 
f 1471//1271 1893//1271 1894//1271 
f 1348//1271 1403//1271 1405//1271 
f 1399//1271 1401//1271 1348//1271 
f 1895//1271 1070//1271 1071//1271 
f 1065//1271 1066//1271 1874//1271 
f 1060//1271 1061//1271 1194//1271 
f 1057//1271 1188//1271 1186//1271 
f 1057//1271 1192//1271 1190//1271 
f 1052//1271 1053//1271 1174//1271 
f 1874//1271 1208//1271 1206//1271 
f 1302//1271 1210//1271 1208//1271 
f 1302//1271 1216//1271 1214//1271 
f 1222//1271 1298//1271 1296//1271 
f 1334//1271 1332//1271 1896//1271 
f 1336//1271 1897//1271 1434//1271 
f 1338//1271 1428//1271 1426//1271 
f 1898//1271 1899//1271 1458//1271 
f 1468//1271 1900//1271 1901//1271 
f 1888//1271 1902//1271 1468//1271 
f 1467//1271 1903//1271 1875//1271 
f 1837//1271 1836//1271 1771//1271 
f 1847//1271 1846//1271 1771//1271 
f 1861//1271 1904//1271 1905//1271 
f 1832//1271 1906//1271 1763//1271 
f 1862//1271 1879//1271 1861//1271 
f 1759//1271 1761//1271 1881//1271 
f 1743//1271 1907//1271 1891//1271 
f 1739//1271 1891//1271 1892//1271 
f 1725//1271 1727//1271 1869//1271 
f 1721//1271 1625//1271 1627//1271 
f 1619//1271 1621//1271 1883//1271 
f 1615//1271 1884//1271 1885//1271 
f 1538//1271 1536//1271 1562//1271 
f 1550//1271 1548//1271 1546//1271 
f 1534//1271 1568//1271 1566//1271 
f 1578//1271 1576//1271 1534//1271 
f 1704//1271 1688//1271 1686//1271 
f 1704//1271 1692//1271 1690//1271 
f 1704//1271 1698//1271 1696//1271 
f 1698//1271 1704//1271 1702//1271 
f 1894//1271 1887//1271 1471//1271 
f 1401//1271 1403//1271 1348//1271 
f 1071//1271 1908//1271 1895//1271 
f 1068//1271 1069//1271 1895//1271 
f 1062//1271 1063//1271 1874//1271 
f 1190//1271 1188//1271 1057//1271 
f 1168//1271 1110//1271 1108//1271 
f 1176//1271 1174//1271 1054//1271 
f 1055//1271 1180//1271 1178//1271 
f 1206//1271 1204//1271 1874//1271 
f 1212//1271 1210//1271 1302//1271 
f 1298//1271 1220//1271 1218//1271 
f 1296//1271 1224//1271 1222//1271 
f 1909//1271 1314//1271 1312//1271 
f 1909//1271 1910//1271 1316//1271 
f 1911//1271 1896//1271 1330//1271 
f 1896//1271 1897//1271 1334//1271 
f 1897//1271 1436//1271 1434//1271 
f 1340//1271 1418//1271 1416//1271 
f 1338//1271 1430//1271 1428//1271 
f 1338//1271 1434//1271 1432//1271 
f 1458//1271 1456//1271 1898//1271 
f 1902//1271 1900//1271 1468//1271 
f 1467//1271 1912//1271 1903//1271 
f 1831//1271 1832//1271 1767//1271 
f 1843//1271 1842//1271 1771//1271 
f 1861//1271 1913//1271 1904//1271 
f 1861//1271 1914//1271 1915//1271 
f 1906//1271 1916//1271 1763//1271 
f 1890//1271 1881//1271 1761//1271 
f 1917//1271 1918//1271 1749//1271 
f 1739//1271 1741//1271 1891//1271 
f 1735//1271 1737//1271 1892//1271 
f 1719//1271 1721//1271 1627//1271 
f 1615//1271 1617//1271 1884//1271 
f 1597//1271 1515//1271 1517//1271 
f 1597//1271 1511//1271 1513//1271 
f 1597//1271 1505//1271 1507//1271 
f 1542//1271 1540//1271 1562//1271 
f 1566//1271 1564//1271 1534//1271 
f 1534//1271 1574//1271 1572//1271 
f 1534//1271 1582//1271 1580//1271 
f 1534//1271 1586//1271 1584//1271 
f 1690//1271 1688//1271 1704//1271 
f 1702//1271 1700//1271 1698//1271 
f 1684//1271 1651//1271 1708//1271 
f 1395//1271 1412//1271 1408//1271 
f 1471//1271 1919//1271 1893//1271 
f 1412//1271 1395//1271 1348//1271 
f 1348//1271 1395//1271 1397//1271 
f 1895//1271 1069//1271 1070//1271 
f 1874//1271 1067//1271 1068//1271 
f 1056//1271 1057//1271 1186//1271 
f 1874//1271 1198//1271 1196//1271 
f 1054//1271 1055//1271 1176//1271 
f 1055//1271 1182//1271 1180//1271 
f 1874//1271 1202//1271 1200//1271 
f 1208//1271 1874//1271 1302//1271 
f 1222//1271 1220//1271 1298//1271 
f 1216//1271 1302//1271 1300//1271 
f 1226//1271 1294//1271 1292//1271 
f 1306//1271 1920//1271 1921//1271 
f 1316//1271 1314//1271 1909//1271 
f 1910//1271 1922//1271 1320//1271 
f 1923//1271 1324//1271 1322//1271 
f 1911//1271 1328//1271 1326//1271 
f 1332//1271 1330//1271 1896//1271 
f 1434//1271 1338//1271 1336//1271 
f 1897//1271 1444//1271 1442//1271 
f 1416//1271 1342//1271 1340//1271 
f 1338//1271 1422//1271 1420//1271 
f 1432//1271 1430//1271 1338//1271 
f 1899//1271 1460//1271 1458//1271 
f 1899//1271 1924//1271 1462//1271 
f 1889//1271 1888//1271 1467//1271 
f 1833//1271 1831//1271 1771//1271 
f 1915//1271 1913//1271 1861//1271 
f 1878//1271 1914//1271 1861//1271 
f 1749//1271 1751//1271 1917//1271 
f 1892//1271 1869//1271 1735//1271 
f 1623//1271 1625//1271 1869//1271 
f 1870//1271 1925//1271 1607//1271 
f 1601//1271 1925//1271 1503//1271 
f 1599//1271 1503//1271 1505//1271 
f 1925//1271 1497//1271 1499//1271 
f 1595//1271 1519//1271 1521//1271 
f 1513//1271 1515//1271 1597//1271 
f 1507//1271 1509//1271 1597//1271 
f 1564//1271 1562//1271 1534//1271 
f 1572//1271 1570//1271 1534//1271 
f 1584//1271 1582//1271 1534//1271 
f 1694//1271 1692//1271 1704//1271 
f 1708//1271 1706//1271 1684//1271 
f 1253//1271 1255//1271 1257//1271 
f 1408//1271 1387//1271 1389//1271 
f 1408//1271 1391//1271 1395//1271 
f 1926//1271 1051//1271 1107//1271 
f 1405//1271 1407//1271 1348//1271 
f 1895//1271 1874//1271 1068//1271 
f 1196//1271 1194//1271 1874//1271 
f 1178//1271 1176//1271 1055//1271 
f 1204//1271 1202//1271 1874//1271 
f 1300//1271 1298//1271 1216//1271 
f 1292//1271 1227//1271 1226//1271 
f 1302//1271 1874//1271 1920//1271 
f 1921//1271 1308//1271 1306//1271 
f 1308//1271 1921//1271 1927//1271 
f 1312//1271 1927//1271 1909//1271 
f 1922//1271 1322//1271 1320//1271 
f 1923//1271 1326//1271 1324//1271 
f 1330//1271 1328//1271 1911//1271 
f 1897//1271 1438//1271 1436//1271 
f 1442//1271 1440//1271 1897//1271 
f 1420//1271 1418//1271 1338//1271 
f 1426//1271 1424//1271 1338//1271 
f 1462//1271 1460//1271 1899//1271 
f 1928//1271 1929//1271 1468//1271 
f 1832//1271 1765//1271 1767//1271 
f 1916//1271 1890//1271 1763//1271 
f 1861//1271 1917//1271 1753//1271 
f 1918//1271 1747//1271 1749//1271 
f 1918//1271 1907//1271 1745//1271 
f 1733//1271 1735//1271 1869//1271 
f 1713//1271 1629//1271 1631//1271 
f 1925//1271 1605//1271 1607//1271 
f 1925//1271 1601//1271 1603//1271 
f 1505//1271 1597//1271 1599//1271 
f 1499//1271 1501//1271 1925//1271 
f 1521//1271 1593//1271 1595//1271 
f 1509//1271 1511//1271 1597//1271 
f 1570//1271 1568//1271 1534//1271 
f 1534//1271 1588//1271 1586//1271 
f 1651//1271 1658//1271 1656//1271 
f 1651//1271 1684//1271 1682//1271 
f 1706//1271 1704//1271 1684//1271 
f 1247//1271 1265//1271 1267//1271 
f 1253//1271 1261//1271 1263//1271 
f 1257//1271 1259//1271 1253//1271 
f 1265//1271 1247//1271 1249//1271 
f 1408//1271 1383//1271 1385//1271 
f 1391//1271 1393//1271 1395//1271 
f 1886//1271 1926//1271 1107//1271 
f 1348//1271 1347//1271 1412//1271 
f 1066//1271 1067//1271 1874//1271 
f 1055//1271 1184//1271 1182//1271 
f 1218//1271 1216//1271 1298//1271 
f 1224//1271 1296//1271 1294//1271 
f 1306//1271 1304//1271 1920//1271 
f 1312//1271 1310//1271 1927//1271 
f 1320//1271 1318//1271 1910//1271 
f 1326//1271 1923//1271 1911//1271 
f 1440//1271 1438//1271 1897//1271 
f 1424//1271 1422//1271 1338//1271 
f 1897//1271 1448//1271 1446//1271 
f 1930//1271 1450//1271 1448//1271 
f 1898//1271 1454//1271 1452//1271 
f 1924//1271 1464//1271 1462//1271 
f 1466//1271 1464//1271 1924//1271 
f 1901//1271 1928//1271 1468//1271 
f 1931//1271 1932//1271 1933//1271 
f 1905//1271 1934//1271 1861//1271 
f 1753//1271 1755//1271 1861//1271 
f 1745//1271 1747//1271 1918//1271 
f 1631//1271 1712//1271 1713//1271 
f 1603//1271 1605//1271 1925//1271 
f 1501//1271 1503//1271 1925//1271 
f 1517//1271 1519//1271 1597//1271 
f 1593//1271 1521//1271 1523//1271 
f 1925//1271 1935//1271 1493//1271 
f 1936//1271 1487//1271 1489//1271 
f 1576//1271 1574//1271 1534//1271 
f 1651//1271 1660//1271 1658//1271 
f 1651//1271 1664//1271 1662//1271 
f 1651//1271 1668//1271 1666//1271 
f 1651//1271 1672//1271 1670//1271 
f 1651//1271 1680//1271 1678//1271 
f 1686//1271 1684//1271 1704//1271 
f 1247//1271 1271//1271 1273//1271 
f 1267//1271 1269//1271 1247//1271 
f 1259//1271 1261//1271 1253//1271 
f 1249//1271 1251//1271 1265//1271 
f 1408//1271 1379//1271 1381//1271 
f 1389//1271 1391//1271 1408//1271 
f 1926//1271 1050//1271 1051//1271 
f 1050//1271 1926//1271 1937//1271 
f 1346//1271 1414//1271 1412//1271 
f 1053//1271 1054//1271 1174//1271 
f 1226//1271 1224//1271 1294//1271 
f 1927//1271 1310//1271 1308//1271 
f 1322//1271 1922//1271 1923//1271 
f 1340//1271 1338//1271 1418//1271 
f 1448//1271 1897//1271 1930//1271 
f 1452//1271 1930//1271 1898//1271 
f 1924//1271 1912//1271 1466//1271 
f 1928//1271 1938//1271 1929//1271 
f 1938//1271 1928//1271 1931//1271 
f 1932//1271 1939//1271 1933//1271 
f 1932//1271 1861//1271 1940//1271 
f 1755//1271 1757//1271 1861//1271 
f 1743//1271 1745//1271 1907//1271 
f 1503//1271 1599//1271 1601//1271 
f 1523//1271 1592//1271 1593//1271 
f 1493//1271 1495//1271 1925//1271 
f 1935//1271 1489//1271 1491//1271 
f 1936//1271 1485//1271 1487//1271 
f 1941//1271 1483//1271 1485//1271 
f 1534//1271 1531//1271 1588//1271 
f 1662//1271 1660//1271 1651//1271 
f 1670//1271 1668//1271 1651//1271 
f 1651//1271 1676//1271 1674//1271 
f 1682//1271 1680//1271 1651//1271 
f 1269//1271 1271//1271 1247//1271 
f 1251//1271 1253//1271 1265//1271 
f 1275//1271 1241//1271 1243//1271 
f 1275//1271 1230//1271 1233//1271 
f 1408//1271 1375//1271 1377//1271 
f 1385//1271 1387//1271 1408//1271 
f 1937//1271 1049//1271 1050//1271 
f 1937//1271 1942//1271 1047//1271 
f 1908//1271 1073//1271 1074//1271 
f 1347//1271 1346//1271 1412//1271 
f 1200//1271 1198//1271 1874//1271 
f 1318//1271 1316//1271 1910//1271 
f 1446//1271 1444//1271 1897//1271 
f 1456//1271 1454//1271 1898//1271 
f 1931//1271 1943//1271 1938//1271 
f 1933//1271 1944//1271 1931//1271 
f 1940//1271 1945//1271 1932//1271 
f 1751//1271 1753//1271 1917//1271 
f 1595//1271 1597//1271 1519//1271 
f 1491//1271 1493//1271 1935//1271 
f 1485//1271 1936//1271 1941//1271 
f 1536//1271 1534//1271 1562//1271 
f 1533//1271 1591//1271 1527//1271 
f 1666//1271 1664//1271 1651//1271 
f 1678//1271 1676//1271 1651//1271 
f 1230//1271 1275//1271 1277//1271 
f 1263//1271 1265//1271 1253//1271 
f 1243//1271 1245//1271 1275//1271 
f 1275//1271 1237//1271 1239//1271 
f 1233//1271 1235//1271 1275//1271 
f 1408//1271 1371//1271 1373//1271 
f 1381//1271 1383//1271 1408//1271 
f 1937//1271 1048//1271 1049//1271 
f 1942//1271 1046//1271 1047//1271 
f 1908//1271 1072//1271 1073//1271 
f 1344//1271 1416//1271 1414//1271 
f 1920//1271 1304//1271 1302//1271 
f 1452//1271 1450//1271 1930//1271 
f 1944//1271 1943//1271 1931//1271 
f 1861//1271 1934//1271 1940//1271 
f 1607//1271 1609//1271 1870//1271 
f 1489//1271 1935//1271 1936//1271 
f 1527//1271 1531//1271 1533//1271 
f 1592//1271 1525//1271 1527//1271 
f 1674//1271 1672//1271 1651//1271 
f 1230//1271 1281//1271 1283//1271 
f 1277//1271 1279//1271 1230//1271 
f 1245//1271 1247//1271 1275//1271 
f 1235//1271 1237//1271 1275//1271 
f 1941//1271 1946//1271 1479//1271 
f 1350//1271 1357//1271 1359//1271 
f 1357//1271 1350//1271 1353//1271 
f 1408//1271 1363//1271 1365//1271 
f 1408//1271 1367//1271 1369//1271 
f 1377//1271 1379//1271 1408//1271 
f 1047//1271 1048//1271 1937//1271 
f 1074//1271 1942//1271 1908//1271 
f 1346//1271 1344//1271 1414//1271 
f 1336//1271 1334//1271 1897//1271 
f 1945//1271 1939//1271 1932//1271 
f 1495//1271 1497//1271 1925//1271 
f 1527//1271 1591//1271 1592//1271 
f 1656//1271 1654//1271 1651//1271 
f 1651//1271 1653//1271 1711//1271 
f 1279//1271 1281//1271 1230//1271 
f 1239//1271 1241//1271 1275//1271 
f 1479//1271 1481//1271 1941//1271 
f 1946//1271 1947//1271 1475//1271 
f 1353//1271 1355//1271 1357//1271 
f 1408//1271 1361//1271 1363//1271 
f 1373//1271 1375//1271 1408//1271 
f 1074//1271 1046//1271 1942//1271 
f 1071//1271 1072//1271 1908//1271 
f 1767//1271 1771//1271 1831//1271 
f 1592//1271 1523//1271 1525//1271 
f 1711//1271 1647//1271 1651//1271 
f 1712//1271 1645//1271 1647//1271 
f 1230//1271 1285//1271 1287//1271 
f 1273//1271 1275//1271 1247//1271 
f 1946//1271 1477//1271 1479//1271 
f 1947//1271 1473//1271 1475//1271 
f 1361//1271 1408//1271 1350//1271 
f 1369//1271 1371//1271 1408//1271 
f 1344//1271 1342//1271 1416//1271 
f 1534//1271 1533//1271 1531//1271 
f 1647//1271 1711//1271 1712//1271 
f 1712//1271 1637//1271 1639//1271 
f 1228//1271 1227//1271 1288//1271 
f 1283//1271 1285//1271 1230//1271 
f 1475//1271 1477//1271 1946//1271 
f 1472//1271 1473//1271 1947//1271 
f 1365//1271 1367//1271 1408//1271 
f 1467//1271 1466//1271 1912//1271 
f 1712//1271 1643//1271 1645//1271 
f 1712//1271 1635//1271 1637//1271 
f 1287//1271 1228//1271 1230//1271 
f 1947//1271 1919//1271 1472//1271 
f 1471//1271 1472//1271 1919//1271 
f 1712//1271 1641//1271 1643//1271 
f 1712//1271 1633//1271 1635//1271 
f 1227//1271 1292//1271 1288//1271 
f 1359//1271 1361//1271 1350//1271 
f 1639//1271 1641//1271 1712//1271 
f 1481//1271 1483//1271 1941//1271 
f 1712//1271 1631//1271 1633//1271 
f 1654//1271 1653//1271 1651//1271 
f 1288//1271 1230//1271 1228//1271 
o mesh49
f 1948//1272 1898//1272 1930//1273 
f 1949//1273 1930//1273 1897//1274 
f 1950//1274 1897//1274 1896//1275 
f 1951//1275 1896//1275 1911//1276 
f 1952//1276 1911//1276 1923//1277 
f 1953//1277 1923//1277 1922//1278 
f 1954//1278 1922//1278 1910//1279 
f 1955//1279 1910//1279 1909//1280 
f 1956//1280 1909//1280 1927//1281 
f 1957//1281 1927//1281 1921//1282 
f 1958//1282 1921//1282 1920//1283 
f 1959//1283 1920//1283 1874//1284 
f 1960//1284 1874//1284 1895//1285 
f 1961//1285 1895//1285 1908//1286 
f 1962//1286 1908//1286 1942//1287 
f 1963//1287 1942//1287 1937//1288 
f 1964//1288 1937//1288 1926//1289 
f 1965//1289 1926//1289 1886//1290 
f 1966//1290 1886//1290 1872//1291 
f 1967//1291 1872//1291 1871//1292 
f 1968//1292 1871//1292 1867//1293 
f 1969//1293 1867//1293 1873//1294 
f 1970//1294 1873//1294 1887//1295 
f 1971//1295 1887//1295 1894//1296 
f 1972//1296 1894//1296 1893//1297 
f 1973//1297 1893//1297 1919//1298 
f 1974//1298 1919//1298 1947//1299 
f 1975//1299 1947//1299 1946//1300 
f 1976//1300 1946//1300 1941//1301 
f 1977//1301 1941//1301 1936//1302 
f 1978//1302 1936//1302 1935//1303 
f 1979//1303 1935//1303 1925//1304 
f 1980//1304 1925//1304 1870//1305 
f 1981//1305 1870//1305 1885//1306 
f 1982//1306 1885//1306 1884//1307 
f 1983//1307 1884//1307 1883//1308 
f 1984//1308 1883//1308 1869//1309 
f 1985//1309 1869//1309 1892//1310 
f 1986//1310 1892//1310 1891//1311 
f 1987//1311 1891//1311 1907//1312 
f 1988//1312 1907//1312 1918//1313 
f 1989//1313 1918//1313 1917//1314 
f 1990//1314 1917//1314 1861//1315 
f 1991//1315 1861//1315 1932//1316 
f 1992//1316 1932//1316 1931//1317 
f 1993//1317 1931//1317 1928//1318 
f 1994//1318 1928//1318 1901//1319 
f 1995//1319 1901//1319 1900//1320 
f 1996//1320 1900//1320 1902//1321 
f 1997//1321 1902//1321 1888//1322 
f 1998//1322 1888//1322 1889//1323 
f 1999//1323 1889//1323 1876//1324 
f 2000//1324 1876//1324 1875//1325 
f 2001//1325 1875//1325 1903//1326 
f 2002//1326 1903//1326 1912//1327 
f 2003//1327 1912//1327 1924//1328 
f 2004//1328 1924//1328 1899//1329 
f 2005//1329 1899//1329 1898//1272 
f 1898//1272 1948//1272 2005//1329 
f 1899//1329 2005//1329 2004//1328 
f 1924//1328 2004//1328 2003//1327 
f 1912//1327 2003//1327 2002//1326 
f 1903//1326 2002//1326 2001//1325 
f 1875//1325 2001//1325 2000//1324 
f 1876//1324 2000//1324 1999//1323 
f 1889//1323 1999//1323 1998//1322 
f 1888//1322 1998//1322 1997//1321 
f 1902//1321 1997//1321 1996//1320 
f 1900//1320 1996//1320 1995//1319 
f 1901//1319 1995//1319 1994//1318 
f 1928//1318 1994//1318 1993//1317 
f 1931//1317 1993//1317 1992//1316 
f 1932//1316 1992//1316 1991//1315 
f 1861//1315 1991//1315 1990//1314 
f 1917//1314 1990//1314 1989//1313 
f 1918//1313 1989//1313 1988//1312 
f 1907//1312 1988//1312 1987//1311 
f 1891//1311 1987//1311 1986//1310 
f 1892//1310 1986//1310 1985//1309 
f 1869//1309 1985//1309 1984//1308 
f 1883//1308 1984//1308 1983//1307 
f 1884//1307 1983//1307 1982//1306 
f 1885//1306 1982//1306 1981//1305 
f 1870//1305 1981//1305 1980//1304 
f 1925//1304 1980//1304 1979//1303 
f 1935//1303 1979//1303 1978//1302 
f 1936//1302 1978//1302 1977//1301 
f 1941//1301 1977//1301 1976//1300 
f 1946//1300 1976//1300 1975//1299 
f 1947//1299 1975//1299 1974//1298 
f 1919//1298 1974//1298 1973//1297 
f 1893//1297 1973//1297 1972//1296 
f 1894//1296 1972//1296 1971//1295 
f 1887//1295 1971//1295 1970//1294 
f 1873//1294 1970//1294 1969//1293 
f 1867//1293 1969//1293 1968//1292 
f 1871//1292 1968//1292 1967//1291 
f 1872//1291 1967//1291 1966//1290 
f 1886//1290 1966//1290 1965//1289 
f 1926//1289 1965//1289 1964//1288 
f 1937//1288 1964//1288 1963//1287 
f 1942//1287 1963//1287 1962//1286 
f 1908//1286 1962//1286 1961//1285 
f 1895//1285 1961//1285 1960//1284 
f 1874//1284 1960//1284 1959//1283 
f 1920//1283 1959//1283 1958//1282 
f 1921//1282 1958//1282 1957//1281 
f 1927//1281 1957//1281 1956//1280 
f 1909//1280 1956//1280 1955//1279 
f 1910//1279 1955//1279 1954//1278 
f 1922//1278 1954//1278 1953//1277 
f 1923//1277 1953//1277 1952//1276 
f 1911//1276 1952//1276 1951//1275 
f 1896//1275 1951//1275 1950//1274 
f 1897//1274 1950//1274 1949//1273 
f 1930//1273 1949//1273 1948//1272 
o mesh50
f 2006//1330 1991//1330 1992//1330 
f 2006//1330 2007//1330 1990//1330 
f 2007//1330 2008//1330 1989//1330 
f 2009//1330 1988//1330 1989//1330 
f 1990//1330 1991//1330 2006//1330 
f 1989//1330 2008//1330 2009//1330 
f 2010//1330 2011//1330 1994//1330 
f 2011//1330 2012//1330 1993//1330 
f 1989//1330 1990//1330 2007//1330 
f 2013//1330 1987//1330 1988//1330 
f 2014//1330 1971//1330 1972//1330 
f 2014//1330 2015//1330 1970//1330 
f 2016//1330 1996//1330 1997//1330 
f 2010//1330 1995//1330 1996//1330 
f 1993//1330 1994//1330 2011//1330 
f 2012//1330 2017//1330 1992//1330 
f 1988//1330 2009//1330 2013//1330 
f 2018//1330 1986//1330 1987//1330 
f 2019//1330 1985//1330 1986//1330 
f 2019//1330 2020//1330 1984//1330 
f 2021//1330 2022//1330 1976//1330 
f 2022//1330 2023//1330 1975//1330 
f 2024//1330 1973//1330 1974//1330 
f 2024//1330 2025//1330 1972//1330 
f 1970//1330 1971//1330 2014//1330 
f 2015//1330 2026//1330 1969//1330 
f 2027//1330 2028//1330 1965//1330 
f 2028//1330 2029//1330 1964//1330 
f 2030//1330 1955//1330 1956//1330 
f 2030//1330 2031//1330 1954//1330 
f 1996//1330 2016//1330 2010//1330 
f 1992//1330 1993//1330 2012//1330 
f 1987//1330 2013//1330 2018//1330 
f 1984//1330 1985//1330 2019//1330 
f 1975//1330 1976//1330 2022//1330 
f 2023//1330 2032//1330 1974//1330 
f 1972//1330 1973//1330 2024//1330 
f 1969//1330 1970//1330 2015//1330 
f 2033//1330 1968//1330 1969//1330 
f 2033//1330 2034//1330 1967//1330 
f 2027//1330 1966//1330 1967//1330 
f 1964//1330 1965//1330 2028//1330 
f 2029//1330 2035//1330 1963//1330 
f 2035//1330 2036//1330 1962//1330 
f 2037//1330 1959//1330 1960//1330 
f 2037//1330 2038//1330 1958//1330 
f 2039//1330 1957//1330 1958//1330 
f 2039//1330 2040//1330 1956//1330 
f 1954//1330 1955//1330 2030//1330 
f 2031//1330 2041//1330 1953//1330 
f 2041//1330 2042//1330 1952//1330 
f 2042//1330 2043//1330 1951//1330 
f 2044//1330 2045//1330 2002//1330 
f 2045//1330 2046//1330 2001//1330 
f 1994//1330 1995//1330 2010//1330 
f 1986//1330 2018//1330 2019//1330 
f 1974//1330 1975//1330 2023//1330 
f 1972//1330 2025//1330 2014//1330 
f 1967//1330 1968//1330 2033//1330 
f 1965//1330 1966//1330 2027//1330 
f 1962//1330 1963//1330 2035//1330 
f 2036//1330 2047//1330 1961//1330 
f 1958//1330 1959//1330 2037//1330 
f 1956//1330 1957//1330 2039//1330 
f 1953//1330 1954//1330 2031//1330 
f 1951//1330 1952//1330 2042//1330 
f 2048//1330 2004//1330 2005//1330 
f 2048//1330 2044//1330 2003//1330 
f 2001//1330 2002//1330 2045//1330 
f 2046//1330 2049//1330 2000//1330 
f 1992//1330 2017//1330 2006//1330 
f 2020//1330 2050//1330 1983//1330 
f 2051//1330 1982//1330 1983//1330 
f 2051//1330 2052//1330 1981//1330 
f 1974//1330 2032//1330 2024//1330 
f 1967//1330 2034//1330 2027//1330 
f 1961//1330 1962//1330 2036//1330 
f 2047//1330 2053//1330 1960//1330 
f 1958//1330 2038//1330 2039//1330 
f 1952//1330 1953//1330 2041//1330 
f 2054//1330 1950//1330 1951//1330 
f 2054//1330 2055//1330 1949//1330 
f 2056//1330 1948//1330 1949//1330 
f 2056//1330 2057//1330 2005//1330 
f 2003//1330 2004//1330 2048//1330 
f 2000//1330 2001//1330 2046//1330 
f 2058//1330 2059//1330 1998//1330 
f 2059//1330 2060//1330 1997//1330 
f 1983//1330 1984//1330 2020//1330 
f 1981//1330 1982//1330 2051//1330 
f 1969//1330 2026//1330 2033//1330 
f 1960//1330 1961//1330 2047//1330 
f 1956//1330 2040//1330 2030//1330 
f 1949//1330 1950//1330 2054//1330 
f 2005//1330 1948//1330 2056//1330 
f 2002//1330 2003//1330 2044//1330 
f 2049//1330 2058//1330 1999//1330 
f 1997//1330 1998//1330 2059//1330 
f 1983//1330 2050//1330 2051//1330 
f 2061//1330 1980//1330 1981//1330 
f 2062//1330 1979//1330 1980//1330 
f 2062//1330 2063//1330 1978//1330 
f 1963//1330 1964//1330 2029//1330 
f 1951//1330 2043//1330 2054//1330 
f 2005//1330 2057//1330 2048//1330 
f 1998//1330 1999//1330 2058//1330 
f 1981//1330 2052//1330 2061//1330 
f 1978//1330 1979//1330 2062//1330 
f 1960//1330 2053//1330 2037//1330 
f 1999//1330 2000//1330 2049//1330 
f 1980//1330 2061//1330 2062//1330 
f 2021//1330 1977//1330 1978//1330 
f 1949//1330 2055//1330 2056//1330 
f 1978//1330 2063//1330 2021//1330 
f 1997//1330 2060//1330 2016//1330 
f 1976//1330 1977//1330 2021//1330 
o mesh51
f 2064//1331 2065//1332 2066//1333 
f 2064//1331 2067//1334 2068//1335 
f 2067//1334 2069//1334 2068//1335 
f 2070//1336 2071//1336 2072//1337 
f 2072//1337 2067//1334 2070//1336 
f 2073//1338 2074//1339 2071//1336 
f 2073//1338 2075//1340 2074//1339 
f 2073//1338 2076//1341 2077//1342 
f 2076//1341 2078//1341 2077//1342 
f 2079//1343 2080//1344 2078//1341 
f 2079//1343 2081//1343 2080//1344 
f 2082//1345 2083//1345 2081//1343 
f 2084//1346 2085//1347 2083//1345 
f 2084//1346 2086//1346 2085//1347 
f 2087//1348 2088//1348 2086//1346 
f 2089//1349 2090//1350 2088//1348 
f 2089//1349 2091//1349 2090//1350 
f 2092//1351 2093//1352 2091//1349 
f 2092//1351 2094//1351 2093//1352 
f 2095//1353 2096//1354 2094//1351 
f 2095//1353 2097//1353 2096//1354 
f 2098//1355 2099//1356 2097//1353 
f 2098//1355 2100//1355 2099//1356 
f 2101//1357 2102//1358 2100//1355 
f 2101//1357 2103//1357 2102//1358 
f 2104//1359 2105//1360 1916//1360 
f 2105//1360 2106//1361 1890//1361 
f 2106//1361 2107//1362 1881//1362 
f 2107//1362 2108//1363 1882//1363 
f 2108//1363 2109//1364 1865//1364 
f 2109//1364 2110//1365 1866//1365 
f 2110//1365 2111//1366 1863//1366 
f 2111//1366 2112//1367 1864//1367 
f 2112//1367 2113//1368 1868//1368 
f 2113//1368 2114//1369 1862//1369 
f 2114//1369 2115//1370 1879//1370 
f 2115//1370 2116//1371 1880//1371 
f 2116//1371 2117//1372 1877//1372 
f 2117//1372 2118//1373 1878//1373 
f 2118//1373 2119//1374 1914//1374 
f 2119//1374 2120//1375 1915//1375 
f 2120//1375 2121//1376 1913//1376 
f 2121//1376 2122//1377 1904//1377 
f 2122//1377 2123//1378 1905//1378 
f 2123//1378 2124//1379 1934//1379 
f 2124//1379 2125//1380 1940//1380 
f 2126//1381 2127//1382 2128//1383 
f 2126//1381 2129//1384 2130//1385 
f 2130//1385 2131//1386 2126//1381 
f 2132//1387 2131//1386 2133//1388 
f 2131//1386 2134//1389 2133//1388 
f 2135//1390 2132//1387 2136//1391 
f 2136//1391 2137//1392 2135//1390 
f 2135//1390 2138//1393 2139//1394 
f 2139//1394 2140//1395 2135//1390 
f 2141//1396 2140//1395 2142//1397 
f 2142//1397 2143//1398 2141//1396 
f 2144//1399 2141//1396 2145//1400 
f 2146//1401 2144//1399 2147//1402 
f 2147//1402 2148//1403 2146//1401 
f 2149//1404 2146//1401 2150//1405 
f 2151//1406 2149//1404 2152//1407 
f 2152//1407 2153//1408 2151//1406 
f 2154//1409 2151//1406 2155//1410 
f 2155//1410 2156//1411 2154//1409 
f 2157//1412 2154//1409 2158//1413 
f 2158//1413 2159//1414 2157//1412 
f 2160//1415 2157//1412 2161//1416 
f 2161//1416 2162//1417 2160//1415 
f 2163//1418 2160//1415 2164//1419 
f 2164//1419 2165//1420 2163//1418 
f 1940//1380 2166//1421 2167//1422 
f 2125//1380 2168//1421 2166//1421 
f 2163//1418 2169//1422 2168//1421 
f 2168//1421 2125//1380 2163//1418 
f 2166//1421 1940//1380 2125//1380 
f 1945//1422 2170//1423 2171//1424 
f 1945//1422 2167//1422 2170//1423 
f 1939//1424 2172//1425 2173//1426 
f 1939//1424 2171//1424 2172//1425 
f 1933//1426 2174//1427 2175//1428 
f 1933//1426 2173//1426 2174//1427 
f 1944//1428 2176//1429 2177//1430 
f 1944//1428 2175//1428 2176//1429 
f 1943//1430 2178//1431 2179//1432 
f 1943//1430 2177//1430 2178//1431 
f 1938//1432 2179//1432 2180//1433 
f 2104//1359 1906//1434 1830//1435 
f 1830//1435 2181//1436 2104//1359 
f 1906//1434 1832//1435 1830//1435 
f 2182//1437 2181//1436 1809//1436 
f 2183//1438 2182//1437 1808//1437 
f 2184//1439 2183//1438 1815//1438 
f 2185//1440 2184//1439 1824//1439 
f 2186//1441 2185//1440 1816//1440 
f 2187//1442 2186//1441 1810//1441 
f 2101//1357 2187//1442 2188//1443 
f 2187//1442 1828//1442 2189//1443 
f 1828//1442 1826//1444 2190//1444 
f 2190//1444 2189//1443 1828//1442 
f 2189//1443 2188//1443 2187//1442 
f 1826//1444 1825//1445 2191//1445 
f 2191//1445 2192//1446 1826//1444 
f 1825//1445 1812//1447 2193//1448 
f 2193//1448 2194//1449 1825//1445 
f 1812//1447 1811//1450 2195//1450 
f 2195//1450 2196//1451 1812//1447 
f 1811//1450 1817//1452 2197//1452 
f 2197//1452 2198//1453 1811//1450 
f 1817//1452 1819//1454 2199//1454 
f 2199//1454 2200//1455 1817//1452 
f 1819//1454 1818//1456 2201//1456 
f 1818//1456 1813//1457 2202//1457 
f 2202//1457 2203//1458 1818//1456 
f 1813//1457 1789//1459 2204//1459 
f 1789//1459 1788//1460 2205//1461 
f 2205//1461 2206//1462 1789//1459 
f 1788//1460 1796//1463 2207//1463 
f 2207//1463 2208//1464 1788//1460 
f 1796//1463 1798//1465 2209//1465 
f 2209//1465 2210//1466 1796//1463 
f 1798//1465 1797//1467 2211//1468 
f 2211//1468 2212//1469 1798//1465 
f 1797//1467 1791//1470 2213//1470 
f 2213//1470 2214//1471 1797//1467 
f 1791//1470 1790//1472 2215//1472 
f 2215//1472 2216//1473 1791//1470 
f 1793//1474 2217//1475 2218//1476 
f 2218//1476 1790//1472 1793//1474 
f 1792//1477 2219//1478 2217//1475 
f 1792//1477 2220//1477 2219//1478 
f 1821//1479 2221//1480 2220//1477 
f 1821//1479 2222//1479 2221//1480 
f 1820//1481 2223//1482 2224//1483 
f 2224//1483 1821//1479 1820//1481 
f 1829//1484 2225//1485 2223//1482 
f 1829//1484 2226//1484 2225//1485 
f 1827//1486 2227//1487 2226//1484 
f 1827//1486 2228//1486 2227//1487 
f 1814//1488 2229//1488 2228//1486 
f 1929//1489 2180//1433 1469//1490 
f 1469//1490 2230//1491 2229//1488 
f 1469//1490 2180//1433 2230//1491 
f 2229//1488 1814//1488 1469//1490 
f 1469//1490 1468//1490 1929//1489 
f 2228//1486 1827//1486 1814//1488 
f 2226//1484 1829//1484 1827//1486 
f 2223//1482 1820//1481 1829//1484 
f 2224//1483 2222//1479 1821//1479 
f 2220//1477 1792//1477 1821//1479 
f 2217//1475 1793//1474 1792//1477 
f 2218//1476 2215//1472 1790//1472 
f 2216//1473 2213//1470 1791//1470 
f 2214//1471 2211//1468 1797//1467 
f 2212//1469 2209//1465 1798//1465 
f 2210//1466 2207//1463 1796//1463 
f 2208//1464 2205//1461 1788//1460 
f 2206//1462 2204//1459 1789//1459 
f 2204//1459 2202//1457 1813//1457 
f 2203//1458 2201//1456 1818//1456 
f 2201//1456 2199//1454 1819//1454 
f 2200//1455 2197//1452 1817//1452 
f 2198//1453 2195//1450 1811//1450 
f 2196//1451 2193//1448 1812//1447 
f 2194//1449 2191//1445 1825//1445 
f 2192//1446 2190//1444 1826//1444 
f 2188//1443 2103//1357 2101//1357 
f 1810//1441 1828//1442 2187//1442 
f 1816//1440 1810//1441 2186//1441 
f 1824//1439 1816//1440 2185//1440 
f 1815//1438 1824//1439 2184//1439 
f 1808//1437 1815//1438 2183//1438 
f 1809//1436 1808//1437 2182//1437 
f 1830//1435 1809//1436 2181//1436 
f 2180//1433 1929//1489 1938//1432 
f 2179//1432 1938//1432 1943//1430 
f 2177//1430 1943//1430 1944//1428 
f 2175//1428 1944//1428 1933//1426 
f 2173//1426 1933//1426 1939//1424 
f 2171//1424 1939//1424 1945//1422 
f 2167//1422 1945//1422 1940//1380 
f 2165//1420 2169//1422 2163//1418 
f 2162//1417 2164//1419 2160//1415 
f 2159//1414 2161//1416 2157//1412 
f 2156//1411 2158//1413 2154//1409 
f 2153//1408 2155//1410 2151//1406 
f 2150//1405 2152//1407 2149//1404 
f 2148//1403 2150//1405 2146//1401 
f 2145//1400 2147//1402 2144//1399 
f 2143//1398 2145//1400 2141//1396 
f 2139//1394 2142//1397 2140//1395 
f 2137//1392 2138//1393 2135//1390 
f 2133//1388 2136//1391 2132//1387 
f 2130//1385 2134//1389 2131//1386 
f 2128//1383 2129//1384 2126//1381 
f 1940//1380 1934//1379 2124//1379 
f 1934//1379 1905//1378 2123//1378 
f 1905//1378 1904//1377 2122//1377 
f 1904//1377 1913//1376 2121//1376 
f 1913//1376 1915//1375 2120//1375 
f 1915//1375 1914//1374 2119//1374 
f 1914//1374 1878//1373 2118//1373 
f 1878//1373 1877//1372 2117//1372 
f 1877//1372 1880//1371 2116//1371 
f 1880//1371 1879//1370 2115//1370 
f 1879//1370 1862//1369 2114//1369 
f 1862//1369 1868//1368 2113//1368 
f 1868//1368 1864//1367 2112//1367 
f 1864//1367 1863//1366 2111//1366 
f 1863//1366 1866//1365 2110//1365 
f 1866//1365 1865//1364 2109//1364 
f 1865//1364 1882//1363 2108//1363 
f 1882//1363 1881//1362 2107//1362 
f 1881//1362 1890//1361 2106//1361 
f 1890//1361 1916//1360 2105//1360 
f 1916//1360 1906//1434 2104//1359 
f 2100//1355 2098//1355 2101//1357 
f 2097//1353 2095//1353 2098//1355 
f 2094//1351 2092//1351 2095//1353 
f 2091//1349 2089//1349 2092//1351 
f 2088//1348 2087//1348 2089//1349 
f 2086//1346 2084//1346 2087//1348 
f 2083//1345 2082//1345 2084//1346 
f 2081//1343 2079//1343 2082//1345 
f 2078//1341 2076//1341 2079//1343 
f 2077//1342 2075//1340 2073//1338 
f 2071//1336 2070//1336 2073//1338 
f 2072//1337 2069//1334 2067//1334 
f 2068//1335 2065//1332 2064//1331 
f 2066//1333 2231//1492 2064//1331 
o mesh52
f 2232//1493 2233//1494 805//1494 
f 2234//1495 2232//1493 806//1496 
f 2235//1497 2234//1495 807//1498 
f 2236//1499 2235//1497 815//1500 
f 2237//1501 2236//1499 822//1502 
f 2238//1503 2237//1501 828//1504 
f 2239//1505 2238//1503 829//1506 
f 2240//1507 2241//1508 832//1508 
f 2242//1509 2240//1507 795//1510 
f 2243//1511 2242//1509 796//1512 
f 2244//1513 2243//1511 797//1514 
f 2245//1515 2244//1513 798//1516 
f 2246//1517 2245//1515 789//1518 
f 2247//1519 2246//1517 790//1520 
f 2248//1521 2247//1519 791//1522 
f 2249//1523 2248//1521 792//1524 
f 2250//1525 2249//1523 793//1526 
f 2251//1527 2250//1525 794//1528 
f 2252//1529 2251//1527 799//1530 
f 2253//1531 2252//1529 817//1532 
f 2254//1533 2253//1531 818//1534 
f 2255//1535 2256//1536 813//1536 
f 2257//1537 2255//1535 820//1538 
f 2258//1539 2257//1537 827//1540 
f 2259//1541 2258//1539 821//1542 
f 2260//1543 2259//1541 814//1544 
f 2261//1545 2260//1543 804//1546 
f 2233//1494 2261//1545 803//1545 
f 832//1508 2241//1508 2194//1547 
f 2241//1508 2191//1548 2194//1547 
f 2241//1508 2190//1549 2192//1550 
f 2241//1508 2189//1551 2190//1549 
f 2192//1550 2191//1548 2241//1508 
f 831//1552 2195//1553 2198//1554 
f 831//1552 2196//1555 2195//1553 
f 2198//1554 2197//1556 831//1552 
f 830//1557 2194//1547 2193//1558 
f 2193//1558 831//1552 830//1557 
f 2193//1558 2196//1555 831//1552 
f 843//1559 2199//1560 2201//1561 
f 831//1552 2200//1562 2199//1560 
f 2199//1560 843//1559 831//1552 
f 842//1563 2202//1564 2204//1565 
f 843//1559 2203//1566 2202//1564 
f 2202//1564 842//1563 843//1559 
f 841//1567 2208//1568 2207//1569 
f 842//1563 2206//1570 2205//1571 
f 2205//1571 841//1567 842//1563 
f 2205//1571 2208//1568 841//1567 
f 841//1567 2210//1572 2209//1573 
f 2209//1573 846//1574 841//1567 
f 845//1575 2214//1576 2213//1577 
f 846//1574 2212//1578 2211//1579 
f 2211//1579 845//1575 846//1574 
f 2211//1579 2214//1576 845//1575 
f 845//1575 2216//1580 2215//1581 
f 2215//1581 844//1582 845//1575 
f 838//1583 2219//1584 2220//1585 
f 838//1583 844//1582 2218//1586 
f 2218//1586 2217//1587 838//1583 
f 2217//1587 2219//1584 838//1583 
f 837//1588 838//1583 2221//1589 
f 2221//1589 2222//1590 837//1588 
f 840//1591 837//1588 2224//1592 
f 2224//1592 2223//1593 840//1591 
f 2223//1593 2225//1594 840//1591 
f 2225//1594 2226//1595 840//1591 
f 809//1596 840//1591 2227//1597 
f 2227//1597 2228//1598 809//1596 
f 2228//1598 2229//1599 809//1596 
f 808//1600 809//1596 2230//1601 
f 2230//1601 2180//1602 808//1600 
f 2180//1602 2179//1603 808//1600 
f 816//1604 2174//1605 2173//1606 
f 816//1604 2177//1607 2176//1608 
f 2176//1608 2175//1609 816//1604 
f 2175//1609 2174//1605 816//1604 
f 816//1604 808//1600 2178//1610 
f 2178//1610 2177//1607 816//1604 
f 2239//1505 2171//1611 2170//1612 
f 2170//1612 2167//1613 2239//1505 
f 823//1614 816//1604 2172//1615 
f 2172//1615 2239//1505 823//1614 
f 2172//1615 2171//1611 2239//1505 
f 813//1536 2256//1536 2162//1616 
f 2256//1536 2164//1617 2162//1616 
f 2256//1536 2169//1618 2165//1619 
f 2256//1536 2168//1620 2169//1618 
f 2165//1619 2164//1617 2256//1536 
f 800//1621 2158//1622 2156//1623 
f 800//1621 2159//1624 2158//1622 
f 2156//1623 2155//1625 800//1621 
f 802//1626 2162//1616 2161//1627 
f 2161//1627 800//1621 802//1626 
f 2161//1627 2159//1624 800//1621 
f 801//1628 2152//1629 2150//1630 
f 800//1621 2153//1631 2152//1629 
f 2152//1629 801//1628 800//1621 
f 839//1632 2147//1633 2145//1634 
f 801//1628 2148//1635 2147//1633 
f 2147//1633 839//1632 801//1628 
f 836//1636 2139//1637 2138//1638 
f 839//1632 2142//1639 2139//1637 
f 839//1632 2143//1640 2142//1639 
f 2139//1637 836//1636 839//1632 
f 836//1636 2137//1641 2136//1642 
f 2136//1642 834//1643 836//1636 
f 835//1644 2130//1645 2129//1646 
f 834//1643 2133//1647 2134//1648 
f 2134//1648 835//1644 834//1643 
f 2134//1648 2130//1645 835//1644 
f 826//1649 2262//1650 2231//1651 
f 835//1644 2128//1652 2127//1653 
f 2127//1653 826//1649 835//1644 
f 2127//1653 2262//1650 826//1649 
f 824//1654 2068//1655 2069//1656 
f 824//1654 826//1649 2066//1657 
f 2066//1657 2065//1658 824//1654 
f 2065//1658 2068//1655 824//1654 
f 825//1659 824//1654 2072//1660 
f 2072//1660 2071//1661 825//1659 
f 833//1662 825//1659 2074//1663 
f 2074//1663 2075//1664 833//1662 
f 2075//1664 2077//1665 833//1662 
f 2077//1665 2078//1666 833//1662 
f 812//1667 833//1662 2080//1668 
f 2080//1668 2081//1669 812//1667 
f 2081//1669 2083//1670 812//1667 
f 810//1671 812//1667 2085//1672 
f 2085//1672 2086//1673 810//1671 
f 2086//1673 2088//1674 810//1671 
f 811//1675 2096//1676 2097//1677 
f 811//1675 2091//1678 2093//1679 
f 2093//1679 2094//1680 811//1675 
f 2094//1680 2096//1676 811//1675 
f 811//1675 810//1671 2090//1681 
f 2090//1681 2091//1678 811//1675 
f 2254//1533 2100//1682 2102//1683 
f 2102//1683 2103//1684 2254//1533 
f 819//1685 811//1675 2099//1686 
f 2099//1686 2254//1533 819//1685 
f 2099//1686 2100//1682 2254//1533 
f 2103//1684 2188//1687 2254//1533 
f 2097//1677 2099//1686 811//1675 
f 2088//1674 2090//1681 810//1671 
f 2083//1670 2085//1672 812//1667 
f 2078//1666 2080//1668 833//1662 
f 2071//1661 2074//1663 825//1659 
f 2069//1656 2072//1660 824//1654 
f 2231//1651 2066//1657 826//1649 
f 2129//1646 2128//1652 835//1644 
f 2136//1642 2133//1647 834//1643 
f 2138//1638 2137//1641 836//1636 
f 2145//1634 2143//1640 839//1632 
f 2150//1630 2148//1635 801//1628 
f 2155//1625 2153//1631 800//1621 
f 2162//1616 802//1626 813//1536 
f 2167//1613 2166//1688 2239//1505 
f 2173//1606 2172//1615 816//1604 
f 2179//1603 2178//1610 808//1600 
f 2229//1599 2230//1601 809//1596 
f 2226//1595 2227//1597 840//1591 
f 2222//1590 2224//1592 837//1588 
f 2220//1585 2221//1589 838//1583 
f 2215//1581 2218//1586 844//1582 
f 2213//1577 2216//1580 845//1575 
f 2209//1573 2212//1578 846//1574 
f 2207//1569 2210//1572 841//1567 
f 2204//1565 2206//1570 842//1563 
f 2201//1561 2203//1566 843//1559 
f 2197//1556 2200//1562 831//1552 
f 2194//1547 830//1557 832//1508 
f 803//1545 805//1494 2233//1494 
f 804//1546 803//1545 2261//1545 
f 814//1544 804//1546 2260//1543 
f 821//1542 814//1544 2259//1541 
f 827//1540 821//1542 2258//1539 
f 820//1538 827//1540 2257//1537 
f 813//1536 820//1538 2255//1535 
f 818//1534 819//1685 2254//1533 
f 817//1532 818//1534 2253//1531 
f 799//1530 817//1532 2252//1529 
f 794//1528 799//1530 2251//1527 
f 793//1526 794//1528 2250//1525 
f 792//1524 793//1526 2249//1523 
f 791//1522 792//1524 2248//1521 
f 790//1520 791//1522 2247//1519 
f 789//1518 790//1520 2246//1517 
f 798//1516 789//1518 2245//1515 
f 797//1514 798//1516 2244//1513 
f 796//1512 797//1514 2243//1511 
f 795//1510 796//1512 2242//1509 
f 832//1508 795//1510 2240//1507 
f 829//1506 823//1614 2239//1505 
f 828//1504 829//1506 2238//1503 
f 822//1502 828//1504 2237//1501 
f 815//1500 822//1502 2236//1499 
f 807//1498 815//1500 2235//1497 
f 806//1496 807//1498 2234//1495 
f 805//1494 806//1496 2232//1493 
o mesh53
f 2236//1689 2237//1689 2238//1689 
f 2239//1689 2255//1689 2257//1689 
f 2239//1689 2235//1689 2236//1689 
f 2239//1689 2256//1689 2255//1689 
f 2239//1689 2234//1689 2235//1689 
f 2257//1689 2258//1689 2239//1689 
f 2239//1689 2232//1689 2234//1689 
f 2239//1689 2261//1689 2233//1689 
f 2258//1689 2259//1689 2239//1689 
f 2233//1689 2232//1689 2239//1689 
f 2259//1689 2260//1689 2239//1689 
f 2260//1689 2261//1689 2239//1689 
f 2238//1689 2239//1689 2236//1689 
f 2166//1689 2168//1689 2256//1689 
f 2239//1689 2166//1689 2256//1689 
o mesh54
f 2240//1689 2250//1689 2251//1689 
f 2243//1689 2245//1689 2246//1689 
f 2240//1689 2249//1689 2250//1689 
f 2240//1689 2247//1689 2248//1689 
f 2243//1689 2244//1689 2245//1689 
f 2247//1689 2240//1689 2242//1689 
f 2248//1689 2249//1689 2240//1689 
f 2242//1689 2243//1689 2247//1689 
f 2246//1689 2247//1689 2243//1689 
f 2241//1689 2252//1689 2253//1689 
f 2252//1689 2241//1689 2240//1689 
f 2251//1689 2252//1689 2240//1689 
f 2254//1689 2189//1689 2241//1689 
f 2253//1689 2254//1689 2241//1689 
f 2254//1689 2188//1689 2189//1689 
o mesh55
f 2118//1690 2113//1690 2112//1690 
f 2114//1690 2118//1690 2117//1690 
f 2118//1690 2114//1690 2113//1690 
f 2117//1690 2116//1690 2114//1690 
f 2111//1690 2149//1690 2151//1690 
f 2111//1690 2141//1690 2144//1690 
f 2111//1690 2076//1690 2073//1690 
f 2111//1690 2087//1690 2084//1690 
f 2105//1690 2183//1690 2184//1690 
f 2185//1690 2108//1690 2107//1690 
f 2185//1690 2111//1690 2110//1690 
f 2116//1690 2115//1690 2114//1690 
f 2111//1690 2120//1690 2119//1690 
f 2111//1690 2122//1690 2121//1690 
f 2151//1690 2154//1690 2111//1690 
f 2144//1690 2146//1690 2111//1690 
f 2111//1690 2132//1690 2135//1690 
f 2111//1690 2079//1690 2076//1690 
f 2084//1690 2082//1690 2111//1690 
f 2105//1690 2182//1690 2183//1690 
f 2182//1690 2105//1690 2104//1690 
f 2107//1690 2106//1690 2185//1690 
f 2110//1690 2109//1690 2185//1690 
f 2119//1690 2118//1690 2111//1690 
f 2111//1690 2123//1690 2122//1690 
f 2146//1690 2149//1690 2111//1690 
f 2135//1690 2140//1690 2111//1690 
f 2111//1690 2070//1690 2067//1690 
f 2082//1690 2079//1690 2111//1690 
f 2111//1690 2095//1690 2092//1690 
f 2104//1690 2181//1690 2182//1690 
f 2109//1690 2108//1690 2185//1690 
f 2121//1690 2120//1690 2111//1690 
f 2111//1690 2125//1690 2124//1690 
f 2140//1690 2141//1690 2111//1690 
f 2111//1690 2126//1690 2131//1690 
f 2073//1690 2070//1690 2111//1690 
f 2092//1690 2089//1690 2111//1690 
f 2111//1690 2185//1690 2186//1690 
f 2106//1690 2105//1690 2185//1690 
f 2124//1690 2123//1690 2111//1690 
f 2111//1690 2157//1690 2160//1690 
f 2131//1690 2132//1690 2111//1690 
f 2089//1690 2087//1690 2111//1690 
f 2111//1690 2101//1690 2098//1690 
f 2184//1690 2185//1690 2105//1690 
f 2111//1690 2163//1690 2125//1690 
f 2154//1690 2157//1690 2111//1690 
f 2098//1690 2095//1690 2111//1690 
f 2186//1690 2187//1690 2111//1690 
f 2160//1690 2163//1690 2111//1690 
f 2187//1690 2101//1690 2111//1690 
f 2111//1690 2127//1690 2126//1690 
f 2067//1690 2064//1690 2111//1690 
f 2111//1690 2262//1690 2127//1690 
f 2064//1690 2231//1690 2111//1690 
f 2231//1690 2262//1690 2111//1690 
f 2112//1690 2111//1690 2118//1690 
o mesh56
f 2030//1691 2263//1691 2264//1692 
f 2031//1692 2264//1692 2265//1693 
f 2041//1693 2265//1693 2266//1694 
f 2042//1694 2266//1694 2267//1695 
f 2043//1695 2267//1695 2268//1696 
f 2054//1696 2268//1696 2269//1697 
f 2055//1697 2269//1697 2270//1698 
f 2056//1698 2270//1698 2271//1699 
f 2057//1699 2271//1699 2272//1700 
f 2048//1700 2272//1700 2273//1701 
f 2044//1701 2273//1701 2274//1702 
f 2045//1702 2274//1702 2275//1703 
f 2046//1703 2275//1703 2276//1704 
f 2049//1704 2276//1704 2277//1705 
f 2058//1705 2277//1705 2278//1706 
f 2059//1706 2278//1706 2279//1707 
f 2060//1707 2279//1707 2280//1708 
f 2016//1708 2280//1708 2281//1709 
f 2010//1709 2281//1709 2282//1710 
f 2011//1710 2282//1710 2283//1711 
f 2012//1711 2283//1711 2284//1712 
f 2017//1712 2284//1712 2285//1713 
f 2006//1713 2285//1713 2286//1714 
f 2007//1714 2286//1714 2287//1715 
f 2008//1715 2287//1715 2288//1716 
f 2009//1716 2288//1716 2289//1717 
f 2013//1717 2289//1717 2290//1718 
f 2018//1718 2290//1718 2291//1719 
f 2019//1719 2291//1719 2292//1720 
f 2020//1720 2292//1720 2293//1721 
f 2050//1721 2293//1721 2294//1722 
f 2051//1722 2294//1722 2295//1723 
f 2052//1723 2295//1723 2296//1724 
f 2061//1724 2296//1724 2297//1725 
f 2062//1725 2297//1725 2298//1726 
f 2063//1726 2298//1726 2299//1727 
f 2021//1727 2299//1727 2300//1728 
f 2022//1728 2300//1728 2301//1729 
f 2023//1729 2301//1729 2302//1730 
f 2032//1730 2302//1730 2303//1731 
f 2024//1731 2303//1731 2304//1732 
f 2025//1732 2304//1732 2305//1733 
f 2014//1733 2305//1733 2306//1734 
f 2307//1735 2026//1736 2308//1737 
f 2308//1737 2309//1737 2307//1735 
f 2307//1735 2310//1738 2026//1736 
f 2015//1739 2306//1734 2308//1737 
f 2308//1737 2026//1736 2015//1739 
f 2033//1740 2026//1736 2311//1741 
f 2026//1736 2312//1742 2313//1743 
f 2313//1743 2314//1744 2026//1736 
f 2314//1744 2311//1741 2026//1736 
f 2311//1741 2315//1745 2033//1740 
f 2315//1745 2316//1746 2033//1740 
f 2034//1747 2317//1748 2318//1749 
f 2318//1749 2319//1750 2034//1747 
f 2319//1750 2320//1751 2034//1747 
f 2320//1751 2321//1752 2034//1747 
f 2034//1747 2322//1753 2317//1748 
f 2034//1747 2033//1740 2323//1754 
f 2033//1740 2324//1755 2323//1754 
f 2323//1754 2325//1756 2034//1747 
f 2325//1756 2322//1753 2034//1747 
f 2027//1757 2034//1747 2326//1758 
f 2327//1759 2328//1760 2326//1758 
f 2326//1758 2034//1747 2327//1759 
f 2328//1760 2329//1761 2326//1758 
f 2027//1757 2330//1762 2331//1763 
f 2028//1763 2331//1763 2332//1764 
f 2029//1764 2332//1764 2333//1765 
f 2035//1765 2333//1765 2334//1766 
f 2036//1766 2334//1766 2335//1767 
f 2047//1767 2335//1767 2336//1768 
f 2053//1768 2336//1768 2337//1769 
f 2338//1770 2038//1770 2339//1771 
f 2339//1771 2340//1771 2341//1772 
f 2037//1773 2337//1769 2339//1771 
f 2339//1771 2038//1770 2037//1773 
f 2038//1770 2342//1774 2343//1775 
f 2343//1775 2039//1776 2038//1770 
f 2038//1770 2344//1777 2342//1774 
f 2038//1770 2345//1778 2346//1779 
f 2038//1770 2347//1780 2345//1778 
f 2038//1770 2348//1781 2347//1780 
f 2038//1770 2338//1770 2348//1781 
f 2346//1779 2349//1782 2038//1770 
f 2349//1782 2344//1777 2038//1770 
f 2040//1783 2350//1784 2351//1785 
f 2040//1783 2352//1786 2350//1784 
f 2039//1776 2353//1787 2352//1786 
f 2352//1786 2040//1783 2039//1776 
f 2039//1776 2354//1788 2353//1787 
f 2039//1776 2355//1789 2354//1788 
f 2030//1691 2040//1783 2356//1790 
f 2357//1791 2358//1790 2356//1790 
f 2040//1783 2359//1792 2357//1791 
f 2040//1783 2360//1793 2359//1792 
f 2356//1790 2040//1783 2357//1791 
f 2356//1790 2263//1691 2030//1691 
f 2351//1785 2360//1793 2040//1783 
f 2343//1775 2355//1789 2039//1776 
f 2339//1771 2341//1772 2338//1770 
f 2337//1769 2037//1773 2053//1768 
f 2336//1768 2053//1768 2047//1767 
f 2335//1767 2047//1767 2036//1766 
f 2334//1766 2036//1766 2035//1765 
f 2333//1765 2035//1765 2029//1764 
f 2332//1764 2029//1764 2028//1763 
f 2331//1763 2028//1763 2027//1757 
f 2326//1758 2330//1762 2027//1757 
f 2321//1752 2327//1759 2034//1747 
f 2316//1746 2324//1755 2033//1740 
f 2310//1738 2312//1742 2026//1736 
f 2306//1734 2015//1739 2014//1733 
f 2305//1733 2014//1733 2025//1732 
f 2304//1732 2025//1732 2024//1731 
f 2303//1731 2024//1731 2032//1730 
f 2302//1730 2032//1730 2023//1729 
f 2301//1729 2023//1729 2022//1728 
f 2300//1728 2022//1728 2021//1727 
f 2299//1727 2021//1727 2063//1726 
f 2298//1726 2063//1726 2062//1725 
f 2297//1725 2062//1725 2061//1724 
f 2296//1724 2061//1724 2052//1723 
f 2295//1723 2052//1723 2051//1722 
f 2294//1722 2051//1722 2050//1721 
f 2293//1721 2050//1721 2020//1720 
f 2292//1720 2020//1720 2019//1719 
f 2291//1719 2019//1719 2018//1718 
f 2290//1718 2018//1718 2013//1717 
f 2289//1717 2013//1717 2009//1716 
f 2288//1716 2009//1716 2008//1715 
f 2287//1715 2008//1715 2007//1714 
f 2286//1714 2007//1714 2006//1713 
f 2285//1713 2006//1713 2017//1712 
f 2284//1712 2017//1712 2012//1711 
f 2283//1711 2012//1711 2011//1710 
f 2282//1710 2011//1710 2010//1709 
f 2281//1709 2010//1709 2016//1708 
f 2280//1708 2016//1708 2060//1707 
f 2279//1707 2060//1707 2059//1706 
f 2278//1706 2059//1706 2058//1705 
f 2277//1705 2058//1705 2049//1704 
f 2276//1704 2049//1704 2046//1703 
f 2275//1703 2046//1703 2045//1702 
f 2274//1702 2045//1702 2044//1701 
f 2273//1701 2044//1701 2048//1700 
f 2272//1700 2048//1700 2057//1699 
f 2271//1699 2057//1699 2056//1698 
f 2270//1698 2056//1698 2055//1697 
f 2269//1697 2055//1697 2054//1696 
f 2268//1696 2054//1696 2043//1695 
f 2267//1695 2043//1695 2042//1694 
f 2266//1694 2042//1694 2041//1693 
f 2265//1693 2041//1693 2031//1692 
f 2264//1692 2031//1692 2030//1691 
o mesh57
f 2361//1794 2326//1795 2329//1795 
f 2362//1796 2363//1797 2364//1798 
f 2362//1796 2361//1794 2365//1799 
f 2365//1799 2363//1797 2362//1796 
f 2366//1800 2362//1796 2367//1801 
f 2368//1802 2369//1803 2370//1804 
f 2368//1802 2366//1800 2371//1805 
f 2371//1805 2369//1803 2368//1802 
f 2372//1806 2368//1802 2373//1807 
f 2373//1807 2374//1808 2372//1806 
f 2375//1809 2372//1806 2376//1810 
f 2376//1810 2377//1811 2375//1809 
f 2378//1812 2375//1809 2379//1813 
f 2379//1813 2380//1814 2378//1812 
f 2381//1815 2378//1812 2382//1816 
f 2382//1816 2383//1817 2381//1815 
f 2384//1818 2381//1815 2385//1819 
f 2385//1819 2386//1820 2384//1818 
f 2387//1821 2384//1818 2388//1822 
f 2388//1822 2389//1823 2387//1821 
f 2389//1823 2390//1824 2387//1821 
f 2390//1824 2391//1825 2387//1821 
f 2386//1820 2388//1822 2384//1818 
f 2383//1817 2385//1819 2381//1815 
f 2380//1814 2382//1816 2378//1812 
f 2377//1811 2379//1813 2375//1809 
f 2374//1808 2376//1810 2372//1806 
f 2370//1804 2373//1807 2368//1802 
f 2367//1801 2371//1805 2366//1800 
f 2364//1798 2367//1801 2362//1796 
f 2329//1795 2365//1799 2361//1794 
o mesh58
f 2392//1826 2393//1827 2394//1828 
f 2395//1829 2396//1829 2393//1827 
f 2393//1827 2392//1826 2395//1829 
f 2392//1826 2397//1830 2398//1831 
f 2392//1826 2399//1832 2397//1830 
f 2400//1833 2401//1834 2402//1835 
f 2400//1833 2398//1831 2401//1834 
f 2403//1836 2404//1837 2405//1838 
f 2403//1836 2402//1835 2404//1837 
f 2406//1839 2407//1840 2408//1841 
f 2406//1839 2405//1838 2407//1840 
f 2409//1842 2410//1843 2411//1844 
f 2409//1842 2408//1841 2410//1843 
f 2412//1845 2413//1846 2414//1847 
f 2412//1845 2411//1844 2415//1848 
f 2415//1848 2413//1846 2412//1845 
f 2416//1849 2414//1847 2417//1850 
f 2418//1851 2419//1852 2420//1853 
f 2418//1851 2417//1850 2421//1854 
f 2421//1854 2419//1852 2418//1851 
f 2422//1855 2420//1853 2340//1856 
f 2340//1856 2339//1856 2422//1855 
f 2420//1853 2422//1855 2418//1851 
f 2417//1850 2418//1851 2416//1849 
f 2414//1847 2416//1849 2412//1845 
f 2411//1844 2412//1845 2409//1842 
f 2408//1841 2409//1842 2406//1839 
f 2405//1838 2406//1839 2403//1836 
f 2402//1835 2403//1836 2400//1833 
f 2398//1831 2400//1833 2392//1826 
f 2394//1828 2399//1832 2392//1826 
o mesh59
f 2423//1857 2424//1858 2425//1859 
f 2426//1860 2427//1860 2424//1858 
f 2424//1858 2423//1857 2426//1860 
f 2423//1857 2428//1861 2429//1862 
f 2423//1857 2430//1863 2428//1861 
f 2431//1864 2432//1865 2433//1866 
f 2434//1867 2429//1862 2432//1865 
f 2432//1865 2431//1864 2434//1867 
f 2431//1864 2435//1868 2436//1869 
f 2431//1864 2437//1870 2435//1868 
f 2438//1871 2439//1872 2440//1873 
f 2438//1871 2436//1869 2439//1872 
f 2441//1874 2442//1875 2443//1876 
f 2441//1874 2440//1873 2442//1875 
f 2444//1877 2445//1878 2446//1879 
f 2444//1877 2443//1876 2445//1878 
f 2447//1880 2448//1881 2449//1882 
f 2447//1880 2450//1883 2448//1881 
f 2447//1880 2446//1879 2450//1883 
f 2451//1884 2452//1885 2453//1886 
f 2451//1884 2449//1882 2452//1885 
f 2454//1887 2455//1888 2456//1889 
f 2454//1887 2453//1886 2455//1888 
f 2457//1890 2458//1891 2459//1892 
f 2457//1890 2456//1889 2460//1893 
f 2460//1893 2458//1891 2457//1890 
f 2461//1894 2459//1892 2462//1895 
f 2463//1896 2464//1897 2465//1898 
f 2463//1896 2466//1899 2464//1897 
f 2463//1896 2467//1900 2466//1899 
f 2463//1896 2462//1895 2467//1900 
f 2468//1901 2469//1902 2470//1903 
f 2468//1901 2465//1898 2469//1902 
f 2471//1904 2472//1905 2473//1906 
f 2471//1904 2474//1907 2472//1905 
f 2471//1904 2470//1903 2474//1907 
f 2475//1908 2476//1909 2477//1910 
f 2475//1908 2473//1906 2476//1909 
f 2478//1911 2479//1912 2480//1913 
f 2478//1911 2477//1910 2479//1912 
f 2481//1914 2482//1915 2483//1916 
f 2481//1914 2480//1913 2484//1917 
f 2484//1917 2482//1915 2481//1914 
f 2485//1918 2486//1919 2487//1920 
f 2485//1918 2483//1916 2486//1919 
f 2488//1921 2489//1922 2490//1923 
f 2488//1921 2487//1920 2489//1922 
f 2491//1924 2492//1925 2493//1926 
f 2491//1924 2494//1927 2492//1925 
f 2491//1924 2490//1923 2494//1927 
f 2495//1928 2496//1929 2309//1930 
f 2495//1928 2493//1926 2496//1929 
f 2309//1930 2308//1930 2495//1928 
f 2493//1926 2495//1928 2491//1924 
f 2490//1923 2491//1924 2488//1921 
f 2487//1920 2488//1921 2485//1918 
f 2483//1916 2485//1918 2481//1914 
f 2480//1913 2481//1914 2478//1911 
f 2477//1910 2478//1911 2475//1908 
f 2473//1906 2475//1908 2471//1904 
f 2470//1903 2471//1904 2468//1901 
f 2465//1898 2468//1901 2463//1896 
f 2462//1895 2463//1896 2461//1894 
f 2459//1892 2461//1894 2457//1890 
f 2456//1889 2457//1890 2454//1887 
f 2453//1886 2454//1887 2451//1884 
f 2449//1882 2451//1884 2447//1880 
f 2446//1879 2447//1880 2444//1877 
f 2443//1876 2444//1877 2441//1874 
f 2440//1873 2441//1874 2438//1871 
f 2436//1869 2438//1871 2431//1864 
f 2433//1866 2437//1870 2431//1864 
f 2429//1862 2434//1867 2423//1857 
f 2425//1859 2430//1863 2423//1857 
o mesh60
f 2497//1931 2356//1932 2358//1932 
f 2358//1932 2498//1933 2497//1931 
f 2499//1934 2497//1931 2500//1935 
f 2500//1935 2501//1936 2499//1934 
f 2501//1936 2502//1937 2499//1934 
f 2503//1938 2499//1934 2504//1939 
f 2504//1939 2505//1940 2503//1938 
f 2506//1941 2503//1938 2507//1942 
f 2507//1942 2508//1943 2506//1941 
f 2509//1944 2510//1945 2511//1946 
f 2509//1944 2506//1941 2512//1947 
f 2512//1947 2510//1945 2509//1944 
f 2513//1948 2509//1944 2514//1949 
f 2514//1949 2515//1950 2513//1948 
f 2516//1951 2513//1948 2517//1952 
f 2517//1952 2518//1953 2516//1951 
f 2519//1954 2516//1951 2520//1955 
f 2520//1955 2521//1956 2519//1954 
f 2521//1956 2522//1957 2519//1954 
f 2523//1958 2519//1954 2524//1959 
f 2524//1959 2525//1960 2523//1958 
f 2526//1961 2523//1958 2527//1962 
f 2527//1962 2528//1963 2526//1961 
f 2528//1963 2529//1964 2526//1961 
f 2529//1964 2530//1965 2526//1961 
f 2531//1966 2526//1961 2532//1967 
f 2533//1968 2534//1969 2535//1970 
f 2533//1968 2531//1966 2536//1971 
f 2536//1971 2534//1969 2533//1968 
f 2537//1972 2533//1968 2538//1973 
f 2538//1973 2539//1974 2537//1972 
f 2540//1975 2537//1972 2541//1976 
f 2541//1976 2542//1977 2540//1975 
f 2543//1978 2540//1975 2544//1979 
f 2544//1979 2545//1980 2543//1978 
f 2545//1980 2546//1981 2543//1978 
f 2547//1982 2543//1978 2548//1983 
f 2548//1983 2549//1984 2547//1982 
f 2550//1985 2547//1982 2551//1986 
f 2551//1986 2552//1987 2550//1985 
f 2553//1988 2550//1985 2554//1989 
f 2554//1989 2555//1990 2553//1988 
f 2556//1991 2553//1988 2557//1992 
f 2557//1992 2558//1993 2556//1991 
f 2559//1994 2556//1991 2560//1995 
f 2560//1995 2561//1996 2559//1994 
f 2561//1996 2562//1997 2559//1994 
f 2563//1998 2559//1994 2564//1999 
f 2564//1999 2565//2000 2563//1998 
f 2566//2001 2563//1998 2567//2002 
f 2567//2002 2568//2003 2566//2001 
f 2568//2003 2569//2004 2566//2001 
f 2569//2004 2570//2005 2566//2001 
f 2565//2000 2567//2002 2563//1998 
f 2562//1997 2564//1999 2559//1994 
f 2558//1993 2560//1995 2556//1991 
f 2555//1990 2557//1992 2553//1988 
f 2552//1987 2554//1989 2550//1985 
f 2549//1984 2551//1986 2547//1982 
f 2546//1981 2548//1983 2543//1978 
f 2542//1977 2544//1979 2540//1975 
f 2539//1974 2541//1976 2537//1972 
f 2535//1970 2538//1973 2533//1968 
f 2532//1967 2536//1971 2531//1966 
f 2530//1965 2532//1967 2526//1961 
f 2525//1960 2527//1962 2523//1958 
f 2522//1957 2524//1959 2519//1954 
f 2518//1953 2520//1955 2516//1951 
f 2515//1950 2517//1952 2513//1948 
f 2511//1946 2514//1949 2509//1944 
f 2508//1943 2512//1947 2506//1941 
f 2505//1940 2507//1942 2503//1938 
f 2502//1937 2504//1939 2499//1934 
f 2498//1933 2500//1935 2497//1931 
o mesh61
f 2566//2005 2570//2005 2571//2005 
f 2571//2005 2572//2005 2566//2005 
o mesh62
f 2573//2006 2574//2007 2575//2008 
f 2572//2009 2571//2009 2574//2007 
f 2574//2007 2573//2006 2572//2009 
f 2573//2006 2576//2010 2577//2011 
f 2578//2012 2579//2013 2580//2014 
f 2581//2015 2577//2011 2579//2013 
f 2579//2013 2578//2012 2581//2015 
f 2578//2012 2582//2016 2583//2017 
f 2578//2012 2584//2018 2582//2016 
f 2585//2019 2586//2020 2587//2021 
f 2585//2019 2583//2017 2586//2020 
f 2588//2022 2589//2023 2590//2024 
f 2588//2022 2587//2021 2589//2023 
f 2591//2025 2592//2026 2593//2027 
f 2591//2025 2590//2024 2592//2026 
f 2594//2028 2595//2029 2596//2030 
f 2594//2028 2593//2027 2595//2029 
f 2597//2031 2598//2032 2599//2033 
f 2597//2031 2596//2030 2598//2032 
f 2599//2033 2600//2033 2597//2031 
f 2596//2030 2597//2031 2594//2028 
f 2593//2027 2594//2028 2591//2025 
f 2590//2024 2591//2025 2588//2022 
f 2587//2021 2588//2022 2585//2019 
f 2583//2017 2585//2019 2578//2012 
f 2580//2014 2584//2018 2578//2012 
f 2577//2011 2581//2015 2573//2006 
f 2575//2008 2576//2010 2573//2006 
o mesh63
f 2396//2034 2395//2034 2601//2034 
f 2601//2034 2602//2034 2396//2034 
o mesh64
f 2603//2035 2604//2036 2605//2036 
f 2605//2036 2606//2037 2603//2035 
f 2607//2038 2603//2035 2608//2039 
f 2608//2039 2609//2040 2607//2038 
f 2610//2041 2607//2038 2611//2042 
f 2611//2042 2612//2043 2610//2041 
f 2613//2044 2614//2045 2615//2046 
f 2613//2044 2610//2041 2616//2047 
f 2616//2047 2614//2045 2613//2044 
f 2615//2046 2617//2048 2613//2044 
f 2618//2049 2613//2044 2619//2050 
f 2620//2051 2618//2049 2621//2052 
f 2621//2052 2622//2053 2620//2051 
f 2623//2054 2620//2051 2624//2055 
f 2624//2055 2625//2056 2623//2054 
f 2625//2056 2626//2057 2623//2054 
f 2627//2058 2623//2054 2628//2059 
f 2628//2059 2629//2060 2627//2058 
f 2629//2060 2630//2061 2627//2058 
f 2631//2062 2627//2058 2632//2063 
f 2632//2063 2633//2064 2631//2062 
f 2634//2065 2631//2062 2635//2066 
f 2635//2066 2636//2067 2634//2065 
f 2637//2068 2634//2065 2638//2069 
f 2638//2069 2639//2070 2637//2068 
f 2640//2071 2637//2068 2641//2072 
f 2641//2072 2642//2073 2640//2071 
f 2643//2074 2640//2071 2644//2075 
f 2644//2075 2645//2076 2643//2074 
f 2645//2076 2646//2077 2643//2074 
f 2647//2078 2643//2074 2648//2079 
f 2648//2079 2649//2080 2647//2078 
f 2650//2081 2647//2078 2651//2082 
f 2651//2082 2652//2083 2650//2081 
f 2653//2084 2650//2081 2654//2085 
f 2654//2085 2655//2086 2653//2084 
f 2656//2087 2653//2084 2657//2088 
f 2657//2088 2658//2089 2656//2087 
f 2659//2090 2656//2087 2660//2091 
f 2660//2091 2661//2092 2659//2090 
f 2601//2093 2659//2090 2662//2094 
f 2662//2094 2663//2095 2601//2093 
f 2663//2095 2664//2096 2601//2093 
f 2664//2096 2602//2097 2601//2093 
f 2661//2092 2662//2094 2659//2090 
f 2658//2089 2660//2091 2656//2087 
f 2655//2086 2657//2088 2653//2084 
f 2652//2083 2654//2085 2650//2081 
f 2649//2080 2651//2082 2647//2078 
f 2646//2077 2648//2079 2643//2074 
f 2642//2073 2644//2075 2640//2071 
f 2639//2070 2641//2072 2637//2068 
f 2636//2067 2638//2069 2634//2065 
f 2633//2064 2635//2066 2631//2062 
f 2630//2061 2632//2063 2627//2058 
f 2626//2057 2628//2059 2623//2054 
f 2622//2053 2624//2055 2620//2051 
f 2619//2050 2621//2052 2618//2049 
f 2617//2048 2619//2050 2613//2044 
f 2612//2043 2616//2047 2610//2041 
f 2609//2040 2611//2042 2607//2038 
f 2606//2037 2608//2039 2603//2035 
o mesh65
f 2665//2098 2666//2099 120//2099 
f 2667//2100 2665//2098 119//2101 
f 2668//2102 2667//2100 118//2103 
f 2669//2104 2668//2102 131//2105 
f 2670//2106 2669//2104 136//2107 
f 2671//2108 2670//2106 154//2109 
f 2672//2110 2671//2108 212//2111 
f 2673//2112 2672//2110 211//2113 
f 2674//2114 2673//2112 138//2115 
f 2675//2116 2674//2114 137//2117 
f 2676//2118 2675//2116 161//2119 
f 2677//2120 2676//2118 140//2121 
f 2678//2122 2677//2120 139//2123 
f 2679//2124 2678//2122 162//2125 
f 2680//2126 2679//2124 186//2127 
f 2681//2128 2680//2126 200//2129 
f 2682//2130 2681//2128 146//2131 
f 2683//2132 2682//2130 133//2133 
f 2684//2134 2683//2132 132//2135 
f 2685//2136 2684//2134 134//2137 
f 2686//2138 2685//2136 130//2139 
f 2687//2140 2686//2138 129//2141 
f 2688//2142 2687//2140 147//2143 
f 2689//2144 2688//2142 178//2145 
f 2690//2146 2689//2144 202//2147 
f 2691//2148 2690//2146 223//2149 
f 2692//2150 2691//2148 222//2151 
f 2693//2152 2692//2150 204//2153 
f 150//2154 183//2155 2694//2155 
f 151//2156 150//2154 2695//2157 
f 2695//2157 2696//2158 151//2156 
f 182//2159 151//2156 2697//2160 
f 148//2161 182//2159 2698//2162 
f 149//2163 148//2161 2699//2164 
f 208//2165 149//2163 2700//2166 
f 180//2167 208//2165 2701//2168 
f 181//2169 180//2167 2702//2170 
f 2702//2170 2703//2171 181//2169 
f 234//2172 181//2169 2704//2173 
f 229//2174 234//2172 2705//2175 
f 230//2176 229//2174 2706//2177 
f 227//2178 230//2176 2707//2179 
f 228//2180 227//2178 2708//2181 
f 225//2182 228//2180 2709//2183 
f 226//2184 225//2182 2710//2185 
f 2710//2185 2599//2186 226//2184 
f 224//2187 2595//2188 2593//2189 
f 224//2187 226//2184 2598//2190 
f 2598//2190 2596//2191 224//2187 
f 2596//2191 2595//2188 224//2187 
f 206//2192 2589//2193 2587//2194 
f 206//2192 224//2187 2592//2195 
f 2592//2195 2590//2196 206//2192 
f 2590//2196 2589//2193 206//2192 
f 207//2197 2582//2198 2584//2199 
f 207//2197 206//2192 2586//2200 
f 2586//2200 2583//2201 207//2197 
f 2583//2201 2582//2198 207//2197 
f 205//2202 2579//2203 2577//2204 
f 2577//2204 2576//2205 205//2202 
f 205//2202 207//2197 2580//2206 
f 2580//2206 2579//2203 205//2202 
f 2693//2152 2570//2207 2569//2208 
f 2569//2208 2711//2209 2693//2152 
f 2693//2152 203//2210 2571//2211 
f 2571//2211 2570//2207 2693//2152 
f 203//2210 205//2202 2575//2212 
f 2575//2212 2574//2213 203//2210 
f 2574//2213 2571//2211 203//2210 
f 2711//2209 2562//2214 2561//2215 
f 2711//2209 2565//2216 2564//2217 
f 2711//2209 2568//2218 2567//2219 
f 2567//2219 2565//2216 2711//2209 
f 2564//2217 2562//2214 2711//2209 
f 2712//2220 2557//2221 2555//2222 
f 2712//2220 2558//2223 2557//2221 
f 2712//2220 2561//2215 2560//2224 
f 2560//2224 2558//2223 2712//2220 
f 2713//2225 2551//2226 2549//2227 
f 2713//2225 2552//2228 2551//2226 
f 2713//2225 2555//2222 2554//2229 
f 2554//2229 2552//2228 2713//2225 
f 2714//2230 2544//2231 2542//2232 
f 2714//2230 2545//2233 2544//2231 
f 2714//2230 2549//2227 2548//2234 
f 2548//2234 2546//2235 2714//2230 
f 2546//2235 2545//2233 2714//2230 
f 2715//2236 2538//2237 2535//2238 
f 2715//2236 2539//2239 2538//2237 
f 2715//2236 2542//2232 2541//2240 
f 2541//2240 2539//2239 2715//2236 
f 2716//2241 2529//2242 2528//2243 
f 2716//2241 2536//2244 2532//2245 
f 2716//2241 2534//2246 2536//2244 
f 2532//2245 2530//2247 2716//2241 
f 2530//2247 2529//2242 2716//2241 
f 2716//2241 2535//2238 2534//2246 
f 2717//2248 2718//2249 2524//2250 
f 2718//2249 2525//2251 2524//2250 
f 2718//2249 2528//2243 2527//2252 
f 2527//2252 2525//2251 2718//2249 
f 2524//2250 2522//2253 2717//2248 
f 2719//2254 2515//2255 2514//2256 
f 2719//2254 2518//2257 2517//2258 
f 2717//2248 2521//2259 2520//2260 
f 2520//2260 2719//2254 2717//2248 
f 2520//2260 2518//2257 2719//2254 
f 2517//2258 2515//2255 2719//2254 
f 2720//2261 2505//2262 2504//2263 
f 2720//2261 2508//2264 2507//2265 
f 2507//2265 2505//2262 2720//2261 
f 2720//2261 2510//2266 2512//2267 
f 2512//2267 2508//2264 2720//2261 
f 2720//2261 2719//2254 2511//2268 
f 2511//2268 2510//2266 2720//2261 
f 2504//2263 2502//2269 2720//2261 
f 2721//2270 2498//2271 2358//2272 
f 2721//2270 2720//2261 2501//2273 
f 2501//2273 2500//2274 2721//2270 
f 2500//2274 2498//2271 2721//2270 
f 2722//2275 2721//2270 2357//2276 
f 2723//2277 2722//2275 2359//2278 
f 2359//2278 2360//2279 2723//2277 
f 2724//2280 2723//2277 2351//2281 
f 2725//2282 2724//2280 2350//2283 
f 2726//2284 2725//2282 2352//2285 
f 2727//2286 2726//2284 2353//2287 
f 2728//2288 2727//2286 2354//2289 
f 2354//2289 2355//2290 2728//2288 
f 2729//2291 2728//2288 2343//2292 
f 2730//2293 2729//2291 2342//2294 
f 2731//2295 2730//2293 2344//2296 
f 2732//2297 2731//2295 2349//2298 
f 2349//2298 2346//2299 2732//2297 
f 2733//2300 2732//2297 2345//2301 
f 2345//2301 2347//2302 2733//2300 
f 2734//2303 2733//2300 2348//2304 
f 2348//2304 2338//2305 2734//2303 
f 2735//2306 2340//2307 2420//2308 
f 2735//2306 2734//2303 2341//2309 
f 2341//2309 2340//2307 2735//2306 
f 2420//2308 2419//2310 2735//2306 
f 2736//2311 2417//2312 2414//2313 
f 2736//2311 2735//2306 2421//2314 
f 2421//2314 2417//2312 2736//2311 
f 2414//2313 2413//2315 2736//2311 
f 2737//2316 2410//2317 2408//2318 
f 2737//2316 2736//2311 2415//2319 
f 2415//2319 2411//2320 2737//2316 
f 2411//2320 2410//2317 2737//2316 
f 2738//2321 2404//2322 2402//2323 
f 2738//2321 2737//2316 2407//2324 
f 2407//2324 2405//2325 2738//2321 
f 2405//2325 2404//2322 2738//2321 
f 2739//2326 2397//2327 2399//2328 
f 2739//2326 2738//2321 2401//2329 
f 2401//2329 2398//2330 2739//2326 
f 2398//2330 2397//2327 2739//2326 
f 120//2099 2602//2331 2664//2332 
f 2664//2332 121//2333 120//2099 
f 2666//2099 2396//2334 2602//2331 
f 2602//2331 120//2099 2666//2099 
f 2666//2099 2739//2326 2394//2335 
f 2394//2335 2393//2336 2666//2099 
f 2393//2336 2396//2334 2666//2099 
f 121//2333 2661//2337 2660//2338 
f 2660//2338 122//2339 121//2333 
f 121//2333 2663//2340 2662//2341 
f 2662//2341 2661//2337 121//2333 
f 122//2339 2655//2342 2654//2343 
f 2654//2343 123//2344 122//2339 
f 122//2339 2658//2345 2657//2346 
f 2657//2346 2655//2342 122//2339 
f 123//2344 2646//2347 2645//2348 
f 123//2344 2649//2349 2648//2350 
f 123//2344 2652//2351 2651//2352 
f 2651//2352 2649//2349 123//2344 
f 2648//2350 2646//2347 123//2344 
f 124//2353 2642//2354 2641//2355 
f 2641//2355 184//2356 124//2353 
f 124//2353 2645//2348 2644//2357 
f 2644//2357 2642//2354 124//2353 
f 184//2356 2635//2358 2633//2359 
f 184//2356 2636//2360 2635//2358 
f 184//2356 2639//2361 2638//2362 
f 2638//2362 2636//2360 184//2356 
f 210//2363 2626//2364 2625//2365 
f 210//2363 2629//2366 2628//2367 
f 210//2363 2633//2359 2632//2368 
f 2632//2368 2630//2369 210//2363 
f 2630//2369 2629//2366 210//2363 
f 2628//2367 2626//2364 210//2363 
f 152//2370 209//2371 2617//2372 
f 209//2371 2622//2373 2621//2374 
f 2621//2374 2619//2375 209//2371 
f 2619//2375 2617//2372 209//2371 
f 209//2371 2625//2365 2624//2376 
f 2624//2376 2622//2373 209//2371 
f 153//2377 2612//2378 2611//2379 
f 153//2377 2614//2380 2616//2381 
f 153//2377 152//2370 2615//2382 
f 2615//2382 2614//2380 153//2377 
f 2616//2381 2612//2378 153//2377 
f 183//2155 2606//2383 2605//2384 
f 183//2155 153//2377 2609//2385 
f 2609//2385 2608//2386 183//2155 
f 2608//2386 2606//2383 183//2155 
f 2605//2384 2694//2155 183//2155 
f 2611//2379 2609//2385 153//2377 
f 2617//2372 2615//2382 152//2370 
f 2625//2365 209//2371 210//2363 
f 2633//2359 210//2363 184//2356 
f 2641//2355 2639//2361 184//2356 
f 2645//2348 124//2353 123//2344 
f 2654//2343 2652//2351 123//2344 
f 2660//2338 2658//2345 122//2339 
f 2664//2332 2663//2340 121//2333 
f 2399//2328 2394//2335 2739//2326 
f 2402//2323 2401//2329 2738//2321 
f 2408//2318 2407//2324 2737//2316 
f 2413//2315 2415//2319 2736//2311 
f 2419//2310 2421//2314 2735//2306 
f 2338//2305 2341//2309 2734//2303 
f 2347//2302 2348//2304 2733//2300 
f 2346//2299 2345//2301 2732//2297 
f 2344//2296 2349//2298 2731//2295 
f 2342//2294 2344//2296 2730//2293 
f 2343//2292 2342//2294 2729//2291 
f 2355//2290 2343//2292 2728//2288 
f 2353//2287 2354//2289 2727//2286 
f 2352//2285 2353//2287 2726//2284 
f 2350//2283 2352//2285 2725//2282 
f 2351//2281 2350//2283 2724//2280 
f 2360//2279 2351//2281 2723//2277 
f 2357//2276 2359//2278 2722//2275 
f 2358//2272 2357//2276 2721//2270 
f 2502//2269 2501//2273 2720//2261 
f 2514//2256 2511//2268 2719//2254 
f 2522//2253 2521//2259 2717//2248 
f 2528//2243 2718//2249 2716//2241 
f 2535//2238 2716//2241 2715//2236 
f 2542//2232 2715//2236 2714//2230 
f 2549//2227 2714//2230 2713//2225 
f 2555//2222 2713//2225 2712//2220 
f 2561//2215 2712//2220 2711//2209 
f 2569//2208 2568//2218 2711//2209 
f 2576//2205 2575//2212 205//2202 
f 2584//2199 2580//2206 207//2197 
f 2587//2194 2586//2200 206//2192 
f 2593//2189 2592//2195 224//2187 
f 2599//2186 2598//2190 226//2184 
f 2709//2183 2710//2185 225//2182 
f 2708//2181 2709//2183 228//2180 
f 2707//2179 2708//2181 227//2178 
f 2706//2177 2707//2179 230//2176 
f 2705//2175 2706//2177 229//2174 
f 2704//2173 2705//2175 234//2172 
f 2703//2171 2704//2173 181//2169 
f 2701//2168 2702//2170 180//2167 
f 2700//2166 2701//2168 208//2165 
f 2699//2164 2700//2166 149//2163 
f 2698//2162 2699//2164 148//2161 
f 2697//2160 2698//2162 182//2159 
f 2696//2158 2697//2160 151//2156 
f 2694//2155 2695//2157 150//2154 
f 204//2153 203//2210 2693//2152 
f 222//2151 204//2153 2692//2150 
f 223//2149 222//2151 2691//2148 
f 202//2147 223//2149 2690//2146 
f 178//2145 202//2147 2689//2144 
f 147//2143 178//2145 2688//2142 
f 129//2141 147//2143 2687//2140 
f 130//2139 129//2141 2686//2138 
f 134//2137 130//2139 2685//2136 
f 132//2135 134//2137 2684//2134 
f 133//2133 132//2135 2683//2132 
f 146//2131 133//2133 2682//2130 
f 200//2129 146//2131 2681//2128 
f 186//2127 200//2129 2680//2126 
f 162//2125 186//2127 2679//2124 
f 139//2123 162//2125 2678//2122 
f 140//2121 139//2123 2677//2120 
f 161//2119 140//2121 2676//2118 
f 137//2117 161//2119 2675//2116 
f 138//2115 137//2117 2674//2114 
f 211//2113 138//2115 2673//2112 
f 212//2111 211//2113 2672//2110 
f 154//2109 212//2111 2671//2108 
f 136//2107 154//2109 2670//2106 
f 131//2105 136//2107 2669//2104 
f 118//2103 131//2105 2668//2102 
f 119//2101 118//2103 2667//2100 
f 120//2099 119//2101 2665//2098 
o mesh66
f 2740//2387 2726//2387 2727//2387 
f 2727//2387 2728//2387 2740//2387 
f 2728//2387 2729//2387 2740//2387 
f 2729//2387 2730//2387 2740//2387 
f 2730//2387 2731//2387 2740//2387 
f 2731//2387 2732//2387 2740//2387 
f 2732//2387 2733//2387 2740//2387 
f 2733//2387 2734//2387 2740//2387 
f 2734//2387 2735//2387 2740//2387 
f 2735//2387 2736//2387 2740//2387 
f 2736//2387 2737//2387 2740//2387 
f 2737//2387 2738//2387 2740//2387 
f 2738//2387 2739//2387 2740//2387 
f 2739//2387 2666//2387 2740//2387 
f 2666//2387 2665//2387 2740//2387 
f 2665//2387 2667//2387 2740//2387 
f 2667//2387 2668//2387 2740//2387 
f 2668//2387 2669//2387 2740//2387 
f 2669//2387 2670//2387 2740//2387 
f 2670//2387 2671//2387 2740//2387 
f 2671//2387 2672//2387 2740//2387 
f 2672//2387 2673//2387 2740//2387 
f 2673//2387 2674//2387 2740//2387 
f 2674//2387 2675//2387 2740//2387 
f 2675//2387 2676//2387 2740//2387 
f 2676//2387 2677//2387 2740//2387 
f 2677//2387 2678//2387 2740//2387 
f 2678//2387 2679//2387 2740//2387 
f 2679//2387 2680//2387 2740//2387 
f 2680//2387 2681//2387 2740//2387 
f 2681//2387 2682//2387 2740//2387 
f 2682//2387 2683//2387 2740//2387 
f 2683//2387 2684//2387 2740//2387 
f 2684//2387 2685//2387 2740//2387 
f 2685//2387 2686//2387 2740//2387 
f 2686//2387 2687//2387 2740//2387 
f 2687//2387 2688//2387 2740//2387 
f 2688//2387 2689//2387 2740//2387 
f 2689//2387 2690//2387 2740//2387 
f 2690//2387 2691//2387 2740//2387 
f 2691//2387 2692//2387 2740//2387 
f 2692//2387 2693//2387 2740//2387 
f 2693//2387 2711//2387 2740//2387 
f 2711//2387 2712//2387 2740//2387 
f 2712//2387 2713//2387 2740//2387 
f 2713//2387 2714//2387 2740//2387 
f 2714//2387 2715//2387 2740//2387 
f 2715//2387 2716//2387 2740//2387 
f 2716//2387 2718//2387 2740//2387 
f 2718//2387 2717//2387 2740//2387 
f 2717//2387 2719//2387 2740//2387 
f 2719//2387 2720//2387 2740//2387 
f 2720//2387 2721//2387 2740//2387 
f 2721//2387 2722//2387 2740//2387 
f 2722//2387 2723//2387 2740//2387 
f 2723//2387 2724//2387 2740//2387 
f 2724//2387 2725//2387 2740//2387 
f 2725//2387 2726//2387 2740//2387 
o mesh67
f 2741//2388 2742//2388 2743//2388 
f 2744//2388 2745//2388 2746//2388 
f 2601//2388 2395//2388 2337//2388 
f 2747//2388 2643//2388 2647//2388 
f 2743//2388 2744//2388 2741//2388 
f 2744//2388 2748//2388 2745//2388 
f 2744//2388 2332//2388 2749//2388 
f 2749//2388 2332//2388 2331//2388 
f 2336//2388 2659//2388 2601//2388 
f 2647//2388 2650//2388 2747//2388 
f 2747//2388 2637//2388 2640//2388 
f 2743//2388 2750//2388 2751//2388 
f 2743//2388 2752//2388 2753//2388 
f 2746//2388 2741//2388 2744//2388 
f 2331//2388 2387//2388 2749//2388 
f 2337//2388 2336//2388 2601//2388 
f 2336//2388 2747//2388 2656//2388 
f 2640//2388 2643//2388 2747//2388 
f 2747//2388 2631//2388 2634//2388 
f 2747//2388 2623//2388 2627//2388 
f 2743//2388 2754//2388 2755//2388 
f 2743//2388 2756//2388 2757//2388 
f 2753//2388 2750//2388 2743//2388 
f 2744//2388 2758//2388 2748//2388 
f 2331//2388 2384//2388 2387//2388 
f 2656//2388 2659//2388 2336//2388 
f 2650//2388 2653//2388 2747//2388 
f 2627//2388 2631//2388 2747//2388 
f 2755//2388 2759//2388 2743//2388 
f 2757//2388 2760//2388 2743//2388 
f 2742//2388 2752//2388 2743//2388 
f 2749//2388 2761//2388 2744//2388 
f 2762//2388 2763//2388 2334//2388 
f 2653//2388 2656//2388 2747//2388 
f 2747//2388 2620//2388 2623//2388 
f 2747//2388 2613//2388 2618//2388 
f 2747//2388 2607//2388 2610//2388 
f 2760//2388 2754//2388 2743//2388 
f 2761//2388 2758//2388 2744//2388 
f 2764//2388 2333//2388 2332//2388 
f 2333//2388 2764//2388 2762//2388 
f 2634//2388 2637//2388 2747//2388 
f 2610//2388 2613//2388 2747//2388 
f 2751//2388 2756//2388 2743//2388 
f 2334//2388 2333//2388 2762//2388 
f 2763//2388 2765//2388 2335//2388 
f 2618//2388 2620//2388 2747//2388 
f 2747//2388 2604//2388 2603//2388 
f 2337//2388 2409//2388 2412//2388 
f 2337//2388 2403//2388 2406//2388 
f 2337//2388 2392//2388 2400//2388 
f 2759//2388 2766//2388 2743//2388 
f 2335//2388 2334//2388 2763//2388 
f 2765//2388 2747//2388 2336//2388 
f 2603//2388 2607//2388 2747//2388 
f 2412//2388 2416//2388 2337//2388 
f 2400//2388 2403//2388 2337//2388 
f 2332//2388 2744//2388 2764//2388 
f 2395//2388 2392//2388 2337//2388 
f 2406//2388 2409//2388 2337//2388 
f 2336//2388 2335//2388 2765//2388 
f 2384//2388 2331//2388 2330//2388 
f 2330//2388 2375//2388 2378//2388 
f 2330//2388 2368//2388 2372//2388 
f 2330//2388 2362//2388 2366//2388 
f 2337//2388 2418//2388 2422//2388 
f 2766//2388 2767//2388 2743//2388 
f 2378//2388 2381//2388 2330//2388 
f 2366//2388 2368//2388 2330//2388 
f 2416//2388 2418//2388 2337//2388 
f 2372//2388 2375//2388 2330//2388 
f 2330//2388 2381//2388 2384//2388 
f 2330//2388 2326//2388 2361//2388 
f 2361//2388 2362//2388 2330//2388 
f 2422//2388 2339//2388 2337//2388 
o mesh68
f 2761//2389 2768//2390 2769//2391 
f 2749//2392 2770//2392 2768//2390 
f 2768//2390 2761//2389 2749//2392 
f 2761//2389 2771//2393 2772//2394 
f 2761//2389 2773//2395 2771//2393 
f 2758//2396 2774//2397 2775//2398 
f 2758//2396 2772//2394 2774//2397 
f 2748//2399 2776//2400 2777//2401 
f 2748//2399 2775//2398 2776//2400 
f 2745//2402 2778//2403 2779//2404 
f 2745//2402 2777//2401 2778//2403 
f 2746//2405 2780//2406 2781//2407 
f 2746//2405 2779//2404 2780//2406 
f 2741//2408 2782//2409 2783//2410 
f 2741//2408 2784//2411 2782//2409 
f 2741//2408 2781//2407 2784//2411 
f 2742//2412 2785//2413 2786//2414 
f 2742//2412 2783//2410 2785//2413 
f 2752//2415 2787//2416 2788//2417 
f 2752//2415 2786//2414 2787//2416 
f 2753//2418 2789//2419 2790//2420 
f 2753//2418 2788//2417 2789//2419 
f 2750//2421 2791//2422 2792//2423 
f 2750//2421 2790//2420 2791//2422 
f 2756//2424 2793//2425 2794//2426 
f 2751//2427 2792//2423 2793//2425 
f 2793//2425 2756//2424 2751//2427 
f 2756//2424 2795//2428 2796//2429 
f 2756//2424 2797//2430 2795//2428 
f 2756//2424 2798//2431 2797//2430 
f 2757//2432 2799//2433 2800//2434 
f 2757//2432 2796//2429 2799//2433 
f 2760//2435 2800//2434 2801//2436 
f 2754//2437 2802//2438 2803//2439 
f 2754//2437 2804//2440 2805//2441 
f 2805//2441 2802//2438 2754//2437 
f 2754//2437 2801//2436 2804//2440 
f 2755//2442 2806//2443 2807//2444 
f 2755//2442 2803//2439 2806//2443 
f 2759//2445 2808//2446 2809//2447 
f 2759//2445 2807//2444 2808//2446 
f 2766//2448 2810//2449 2811//2450 
f 2766//2448 2809//2447 2810//2449 
f 2811//2450 2767//2450 2766//2448 
f 2809//2447 2766//2448 2759//2445 
f 2807//2444 2759//2445 2755//2442 
f 2803//2439 2755//2442 2754//2437 
f 2801//2436 2754//2437 2760//2435 
f 2800//2434 2760//2435 2757//2432 
f 2796//2429 2757//2432 2756//2424 
f 2794//2426 2798//2431 2756//2424 
f 2792//2423 2751//2427 2750//2421 
f 2790//2420 2750//2421 2753//2418 
f 2788//2417 2753//2418 2752//2415 
f 2786//2414 2752//2415 2742//2412 
f 2783//2410 2742//2412 2741//2408 
f 2781//2407 2741//2408 2746//2405 
f 2779//2404 2746//2405 2745//2402 
f 2777//2401 2745//2402 2748//2399 
f 2775//2398 2748//2399 2758//2396 
f 2772//2394 2758//2396 2761//2389 
f 2769//2391 2773//2395 2761//2389 
o mesh69
f 2387//2451 2391//2451 2770//2451 
f 2770//2451 2749//2451 2387//2451 
o mesh70
f 2812//2452 2813//2452 2427//2452 
f 2427//2452 2426//2452 2812//2452 
o mesh71
f 2814//2453 2815//2454 2816//2454 
f 2816//2454 2817//2455 2814//2453 
f 2818//2456 2814//2453 2819//2457 
f 2819//2457 2820//2458 2818//2456 
f 2821//2459 2818//2456 2822//2460 
f 2822//2460 2823//2461 2821//2459 
f 2824//2462 2821//2459 2825//2463 
f 2825//2463 2826//2464 2824//2462 
f 2827//2465 2824//2462 2828//2466 
f 2828//2466 2829//2467 2827//2465 
f 2830//2468 2827//2465 2831//2469 
f 2831//2469 2832//2470 2830//2468 
f 2833//2471 2830//2468 2834//2472 
f 2834//2472 2835//2473 2833//2471 
f 2835//2473 2836//2474 2833//2471 
f 2837//2475 2833//2471 2838//2476 
f 2812//2477 2837//2475 2839//2478 
f 2839//2478 2840//2479 2812//2477 
f 2840//2479 2841//2480 2812//2477 
f 2841//2480 2813//2481 2812//2477 
f 2838//2476 2839//2478 2837//2475 
f 2836//2474 2838//2476 2833//2471 
f 2832//2470 2834//2472 2830//2468 
f 2829//2467 2831//2469 2827//2465 
f 2826//2464 2828//2466 2824//2462 
f 2823//2461 2825//2463 2821//2459 
f 2820//2458 2822//2460 2818//2456 
f 2817//2455 2819//2457 2814//2453 
o mesh72
f 2842//2482 2843//2483 171//2483 
f 2844//2484 2842//2482 173//2485 
f 2845//2486 2844//2484 172//2487 
f 2846//2488 2845//2486 196//2489 
f 2847//2490 2846//2488 195//2491 
f 2848//2492 2847//2490 216//2493 
f 2849//2494 2848//2492 218//2495 
f 2850//2496 2849//2494 217//2497 
f 2851//2498 2850//2496 143//2499 
f 2852//2500 2851//2498 142//2501 
f 2853//2502 2852//2500 174//2503 
f 2854//2504 2853//2502 145//2505 
f 2855//2506 2854//2504 144//2507 
f 2856//2508 2855//2506 175//2509 
f 2857//2510 2856//2508 219//2511 
f 2858//2512 2857//2510 231//2513 
f 2859//2514 2858//2512 220//2515 
f 2860//2516 2859//2514 198//2517 
f 2861//2518 2860//2516 197//2519 
f 2862//2520 2861//2518 199//2521 
f 2863//2522 2862//2520 177//2523 
f 2864//2524 2863//2522 176//2525 
f 2865//2526 2864//2524 221//2527 
f 2866//2528 2865//2526 236//2529 
f 2867//2530 2866//2528 235//2531 
f 2868//2532 2867//2530 232//2533 
f 2869//2534 2868//2532 233//2535 
f 2870//2536 2869//2534 238//2537 
f 215//2538 2871//2538 2872//2539 
f 214//2539 2872//2539 2873//2540 
f 167//2540 2873//2540 2874//2541 
f 168//2541 2874//2541 2875//2542 
f 191//2542 2875//2542 2876//2543 
f 165//2543 2876//2543 2877//2544 
f 166//2544 2877//2544 2878//2545 
f 2878//2545 190//2546 166//2544 
f 190//2546 2879//2546 2880//2547 
f 189//2547 2880//2547 2881//2548 
f 164//2548 2881//2548 2882//2549 
f 213//2549 2882//2549 2883//2550 
f 187//2550 2883//2550 2884//2551 
f 188//2551 2885//2552 2886//2553 
f 188//2551 2884//2551 2885//2552 
f 185//2553 2886//2553 2887//2554 
f 159//2554 2810//2555 2809//2556 
f 2809//2556 160//2557 159//2554 
f 159//2554 2887//2554 2811//2558 
f 2811//2558 2810//2555 159//2554 
f 160//2557 2802//2559 2805//2560 
f 160//2557 2806//2561 2803//2562 
f 2803//2562 2802//2559 160//2557 
f 160//2557 2808//2563 2807//2564 
f 2807//2564 2806//2561 160//2557 
f 158//2565 2799//2566 2796//2567 
f 158//2565 2804//2568 2801//2569 
f 2801//2569 2800//2570 158//2565 
f 157//2571 2805//2560 2804//2568 
f 2804//2568 158//2565 157//2571 
f 2800//2570 2799//2566 158//2565 
f 155//2572 2793//2573 2792//2574 
f 155//2572 2794//2575 2793//2573 
f 155//2572 2797//2576 2798//2577 
f 2798//2577 2794//2575 155//2572 
f 155//2572 158//2565 2795//2578 
f 2795//2578 2797//2576 155//2572 
f 156//2579 2789//2580 2788//2581 
f 156//2579 155//2572 2791//2582 
f 2791//2582 2790//2583 156//2579 
f 2790//2583 2789//2580 156//2579 
f 126//2584 2785//2585 2783//2586 
f 126//2584 156//2579 2787//2587 
f 2787//2587 2786//2588 126//2584 
f 2786//2588 2785//2585 126//2584 
f 127//2589 2784//2590 2781//2591 
f 2781//2591 2780//2592 127//2589 
f 2780//2592 2779//2593 127//2589 
f 127//2589 126//2584 2782//2594 
f 2782//2594 2784//2590 127//2589 
f 240//2595 2776//2596 2775//2597 
f 240//2595 127//2589 2778//2598 
f 2778//2598 2777//2599 240//2595 
f 2777//2599 2776//2596 240//2595 
f 239//2600 2771//2601 2773//2602 
f 239//2600 240//2595 2774//2603 
f 2774//2603 2772//2604 239//2600 
f 2772//2604 2771//2601 239//2600 
f 2870//2536 2391//2605 2390//2606 
f 2390//2606 2888//2607 2870//2536 
f 2870//2536 237//2608 2770//2609 
f 237//2608 239//2600 2769//2610 
f 2769//2610 2768//2611 237//2608 
f 2768//2611 2770//2609 237//2608 
f 2770//2609 2391//2605 2870//2536 
f 2888//2607 2385//2612 2383//2613 
f 2888//2607 2386//2614 2385//2612 
f 2888//2607 2389//2615 2388//2616 
f 2388//2616 2386//2614 2888//2607 
f 2889//2617 2379//2618 2377//2619 
f 2889//2617 2380//2620 2379//2618 
f 2889//2617 2383//2613 2382//2621 
f 2382//2621 2380//2620 2889//2617 
f 2890//2622 2373//2623 2370//2624 
f 2890//2622 2374//2625 2373//2623 
f 2890//2622 2377//2619 2376//2626 
f 2376//2626 2374//2625 2890//2622 
f 2891//2627 2371//2628 2367//2629 
f 2892//2630 2369//2631 2371//2628 
f 2371//2628 2891//2627 2892//2630 
f 2892//2630 2370//2624 2369//2631 
f 2891//2627 2329//2632 2328//2633 
f 2891//2627 2363//2634 2365//2635 
f 2365//2635 2329//2632 2891//2627 
f 2891//2627 2364//2636 2363//2634 
f 2893//2637 2327//2638 2321//2639 
f 2893//2637 2328//2633 2327//2638 
f 2894//2639 2320//2640 2319//2641 
f 2894//2639 2321//2639 2320//2640 
f 2895//2641 2318//2642 2317//2643 
f 2895//2641 2319//2641 2318//2642 
f 2896//2643 2317//2643 2322//2644 
f 2897//2644 2322//2644 2325//2645 
f 2898//2645 2325//2645 2323//2646 
f 2899//2646 2324//2647 2316//2648 
f 2899//2646 2323//2646 2324//2647 
f 2900//2648 2316//2648 2315//2649 
f 2901//2649 2315//2649 2311//2650 
f 2902//2650 2311//2650 2314//2651 
f 2903//2651 2314//2651 2313//2652 
f 2904//2652 2312//2653 2310//2654 
f 2904//2652 2313//2652 2312//2653 
f 2905//2654 2310//2654 2307//2655 
f 2906//2655 2496//2656 2493//2657 
f 2493//2657 2907//2658 2906//2655 
f 2906//2655 2307//2655 2309//2659 
f 2309//2659 2496//2656 2906//2655 
f 2907//2658 2482//2660 2484//2661 
f 2907//2658 2486//2662 2483//2663 
f 2907//2658 2489//2664 2487//2665 
f 2907//2658 2494//2666 2490//2667 
f 2490//2667 2489//2664 2907//2658 
f 2487//2665 2486//2662 2907//2658 
f 2483//2663 2482//2660 2907//2658 
f 2907//2658 2492//2668 2494//2666 
f 2908//2669 2909//2670 2476//2671 
f 2476//2671 2473//2672 2908//2669 
f 2909//2670 2479//2673 2477//2674 
f 2477//2674 2476//2671 2909//2670 
f 2909//2670 2484//2661 2480//2675 
f 2480//2675 2479//2673 2909//2670 
f 2910//2676 2469//2677 2465//2678 
f 2908//2669 2474//2679 2470//2680 
f 2470//2680 2910//2676 2908//2669 
f 2470//2680 2469//2677 2910//2676 
f 2908//2669 2472//2681 2474//2679 
f 2911//2682 2467//2683 2462//2684 
f 2462//2684 2459//2685 2911//2682 
f 2911//2682 2466//2686 2467//2683 
f 2911//2682 2910//2676 2464//2687 
f 2464//2687 2466//2686 2911//2682 
f 2459//2685 2458//2688 2911//2682 
f 2912//2689 2455//2690 2453//2691 
f 2912//2689 2911//2682 2460//2692 
f 2460//2692 2456//2693 2912//2689 
f 2456//2693 2455//2690 2912//2689 
f 2913//2694 2450//2695 2446//2696 
f 2913//2694 2448//2697 2450//2695 
f 2913//2694 2912//2689 2452//2698 
f 2452//2698 2449//2699 2913//2694 
f 2449//2699 2448//2697 2913//2694 
f 2914//2700 2442//2701 2440//2702 
f 2914//2700 2913//2694 2445//2703 
f 2445//2703 2443//2704 2914//2700 
f 2443//2704 2442//2701 2914//2700 
f 2915//2705 2435//2706 2437//2707 
f 2915//2705 2914//2700 2439//2708 
f 2439//2708 2436//2709 2915//2705 
f 2436//2709 2435//2706 2915//2705 
f 2916//2710 2428//2711 2430//2712 
f 2916//2710 2432//2713 2429//2714 
f 2429//2714 2428//2711 2916//2710 
f 2916//2710 2915//2705 2433//2715 
f 2433//2715 2432//2713 2916//2710 
f 171//2483 2813//2716 2841//2717 
f 2841//2717 194//2718 171//2483 
f 2843//2483 2427//2719 2813//2716 
f 2843//2483 2916//2710 2425//2720 
f 2425//2720 2424//2721 2843//2483 
f 2424//2721 2427//2719 2843//2483 
f 2813//2716 171//2483 2843//2483 
f 194//2718 2836//2722 2835//2723 
f 194//2718 2840//2724 2839//2725 
f 2839//2725 2838//2726 194//2718 
f 2838//2726 2836//2722 194//2718 
f 169//2727 2832//2728 2831//2729 
f 2831//2729 170//2730 169//2727 
f 169//2727 2835//2723 2834//2731 
f 2834//2731 2832//2728 169//2727 
f 170//2730 2826//2732 2825//2733 
f 2825//2733 192//2734 170//2730 
f 170//2730 2829//2735 2828//2736 
f 2828//2736 2826//2732 170//2730 
f 192//2734 2819//2737 2817//2738 
f 192//2734 2820//2739 2819//2737 
f 192//2734 2823//2740 2822//2741 
f 2822//2741 2820//2739 192//2734 
f 193//2742 2816//2743 2871//2538 
f 193//2742 2817//2738 2816//2743 
f 2871//2538 215//2538 193//2742 
f 2817//2738 193//2742 192//2734 
f 2825//2733 2823//2740 192//2734 
f 2831//2729 2829//2735 170//2730 
f 2835//2723 169//2727 194//2718 
f 2841//2717 2840//2724 194//2718 
f 2430//2712 2425//2720 2916//2710 
f 2437//2707 2433//2715 2915//2705 
f 2440//2702 2439//2708 2914//2700 
f 2446//2696 2445//2703 2913//2694 
f 2453//2691 2452//2698 2912//2689 
f 2458//2688 2460//2692 2911//2682 
f 2465//2678 2464//2687 2910//2676 
f 2473//2672 2472//2681 2908//2669 
f 2484//2661 2909//2670 2907//2658 
f 2493//2657 2492//2668 2907//2658 
f 2307//2655 2906//2655 2905//2654 
f 2310//2654 2905//2654 2904//2652 
f 2313//2652 2904//2652 2903//2651 
f 2314//2651 2903//2651 2902//2650 
f 2311//2650 2902//2650 2901//2649 
f 2315//2649 2901//2649 2900//2648 
f 2316//2648 2900//2648 2899//2646 
f 2323//2646 2899//2646 2898//2645 
f 2325//2645 2898//2645 2897//2644 
f 2322//2644 2897//2644 2896//2643 
f 2317//2643 2896//2643 2895//2641 
f 2319//2641 2895//2641 2894//2639 
f 2321//2639 2894//2639 2893//2637 
f 2328//2633 2893//2637 2891//2627 
f 2367//2629 2364//2636 2891//2627 
f 2370//2624 2892//2630 2890//2622 
f 2377//2619 2890//2622 2889//2617 
f 2383//2613 2889//2617 2888//2607 
f 2390//2606 2389//2615 2888//2607 
f 2773//2602 2769//2610 239//2600 
f 2775//2597 2774//2603 240//2595 
f 2779//2593 2778//2598 127//2589 
f 2783//2586 2782//2594 126//2584 
f 2788//2581 2787//2587 156//2579 
f 2792//2574 2791//2582 155//2572 
f 2796//2567 2795//2578 158//2565 
f 2805//2560 157//2571 160//2557 
f 2809//2556 2808//2563 160//2557 
f 2887//2554 159//2554 185//2553 
f 2886//2553 185//2553 188//2551 
f 2884//2551 188//2551 187//2550 
f 2883//2550 187//2550 213//2549 
f 2882//2549 213//2549 164//2548 
f 2881//2548 164//2548 189//2547 
f 2880//2547 189//2547 190//2546 
f 2878//2545 2879//2546 190//2546 
f 2877//2544 166//2544 165//2543 
f 2876//2543 165//2543 191//2542 
f 2875//2542 191//2542 168//2541 
f 2874//2541 168//2541 167//2540 
f 2873//2540 167//2540 214//2539 
f 2872//2539 214//2539 215//2538 
f 238//2537 237//2608 2870//2536 
f 233//2535 238//2537 2869//2534 
f 232//2533 233//2535 2868//2532 
f 235//2531 232//2533 2867//2530 
f 236//2529 235//2531 2866//2528 
f 221//2527 236//2529 2865//2526 
f 176//2525 221//2527 2864//2524 
f 177//2523 176//2525 2863//2522 
f 199//2521 177//2523 2862//2520 
f 197//2519 199//2521 2861//2518 
f 198//2517 197//2519 2860//2516 
f 220//2515 198//2517 2859//2514 
f 231//2513 220//2515 2858//2512 
f 219//2511 231//2513 2857//2510 
f 175//2509 219//2511 2856//2508 
f 144//2507 175//2509 2855//2506 
f 145//2505 144//2507 2854//2504 
f 174//2503 145//2505 2853//2502 
f 142//2501 174//2503 2852//2500 
f 143//2499 142//2501 2851//2498 
f 217//2497 143//2499 2850//2496 
f 218//2495 217//2497 2849//2494 
f 216//2493 218//2495 2848//2492 
f 195//2491 216//2493 2847//2490 
f 196//2489 195//2491 2846//2488 
f 172//2487 196//2489 2845//2486 
f 173//2485 172//2487 2844//2484 
f 171//2483 173//2485 2842//2482 
o mesh73
f 2917//2744 2903//2744 2904//2744 
f 2904//2744 2905//2744 2917//2744 
f 2905//2744 2906//2744 2917//2744 
f 2906//2744 2907//2744 2917//2744 
f 2907//2744 2909//2744 2917//2744 
f 2909//2744 2908//2744 2917//2744 
f 2908//2744 2910//2744 2917//2744 
f 2910//2744 2911//2744 2917//2744 
f 2911//2744 2912//2744 2917//2744 
f 2912//2744 2913//2744 2917//2744 
f 2913//2744 2914//2744 2917//2744 
f 2914//2744 2915//2744 2917//2744 
f 2915//2744 2916//2744 2917//2744 
f 2916//2744 2843//2744 2917//2744 
f 2843//2744 2842//2744 2917//2744 
f 2842//2744 2844//2744 2917//2744 
f 2844//2744 2845//2744 2917//2744 
f 2845//2744 2846//2744 2917//2744 
f 2846//2744 2847//2744 2917//2744 
f 2847//2744 2848//2744 2917//2744 
f 2848//2744 2849//2744 2917//2744 
f 2849//2744 2850//2744 2917//2744 
f 2850//2744 2851//2744 2917//2744 
f 2851//2744 2852//2744 2917//2744 
f 2852//2744 2853//2744 2917//2744 
f 2853//2744 2854//2744 2917//2744 
f 2854//2744 2855//2744 2917//2744 
f 2855//2744 2856//2744 2917//2744 
f 2856//2744 2857//2744 2917//2744 
f 2857//2744 2858//2744 2917//2744 
f 2858//2744 2859//2744 2917//2744 
f 2859//2744 2860//2744 2917//2744 
f 2860//2744 2861//2744 2917//2744 
f 2861//2744 2862//2744 2917//2744 
f 2862//2744 2863//2744 2917//2744 
f 2863//2744 2864//2744 2917//2744 
f 2864//2744 2865//2744 2917//2744 
f 2865//2744 2866//2744 2917//2744 
f 2866//2744 2867//2744 2917//2744 
f 2867//2744 2868//2744 2917//2744 
f 2868//2744 2869//2744 2917//2744 
f 2869//2744 2870//2744 2917//2744 
f 2870//2744 2888//2744 2917//2744 
f 2888//2744 2889//2744 2917//2744 
f 2889//2744 2890//2744 2917//2744 
f 2890//2744 2892//2744 2917//2744 
f 2892//2744 2891//2744 2917//2744 
f 2891//2744 2893//2744 2917//2744 
f 2893//2744 2894//2744 2917//2744 
f 2894//2744 2895//2744 2917//2744 
f 2895//2744 2896//2744 2917//2744 
f 2896//2744 2897//2744 2917//2744 
f 2897//2744 2898//2744 2917//2744 
f 2898//2744 2899//2744 2917//2744 
f 2899//2744 2900//2744 2917//2744 
f 2900//2744 2901//2744 2917//2744 
f 2901//2744 2902//2744 2917//2744 
f 2902//2744 2903//2744 2917//2744 
o mesh74
f 2918//2745 2919//2746 2920//2746 
f 2921//2747 2705//2748 2704//2749 
f 2921//2747 2706//2750 2705//2748 
f 2600//2751 2707//2752 2706//2750 
f 2706//2750 2921//2747 2600//2751 
f 2600//2751 2708//2753 2707//2752 
f 2600//2751 2709//2754 2708//2753 
f 2600//2751 2599//2755 2710//2756 
f 2710//2756 2709//2754 2600//2751 
f 2918//2745 2922//2757 2600//2751 
f 2600//2751 2921//2747 2918//2745 
f 2923//2758 2921//2747 2700//2759 
f 2921//2747 2703//2760 2702//2761 
f 2702//2761 2701//2762 2921//2747 
f 2701//2762 2700//2759 2921//2747 
f 2700//2759 2699//2763 2923//2758 
f 2699//2763 2698//2764 2923//2758 
f 2698//2764 2697//2765 2923//2758 
f 2924//2766 2923//2758 2604//2767 
f 2923//2758 2695//2768 2694//2769 
f 2694//2769 2604//2767 2923//2758 
f 2923//2758 2696//2770 2695//2768 
f 2694//2769 2605//2771 2604//2767 
f 2925//2772 2924//2766 2747//2773 
f 2926//2774 2925//2772 2765//2775 
f 2927//2776 2926//2774 2763//2777 
f 2928//2778 2927//2776 2762//2779 
f 2929//2780 2928//2778 2764//2781 
f 2930//2782 2929//2780 2744//2783 
f 2931//2784 2767//2785 2887//2786 
f 2767//2785 2811//2785 2887//2786 
f 2887//2786 2886//2787 2931//2784 
f 2930//2782 2743//2788 2767//2785 
f 2767//2785 2931//2784 2930//2782 
f 2932//2789 2880//2790 2879//2791 
f 2932//2789 2881//2792 2880//2790 
f 2931//2784 2882//2793 2881//2792 
f 2881//2792 2932//2789 2931//2784 
f 2931//2784 2883//2794 2882//2793 
f 2931//2784 2884//2795 2883//2794 
f 2931//2784 2885//2796 2884//2795 
f 2933//2797 2932//2789 2815//2798 
f 2815//2798 2872//2799 2871//2800 
f 2815//2798 2932//2789 2875//2801 
f 2932//2789 2878//2802 2877//2803 
f 2877//2803 2876//2804 2932//2789 
f 2876//2804 2875//2801 2932//2789 
f 2875//2801 2874//2805 2815//2798 
f 2874//2805 2873//2806 2815//2798 
f 2873//2806 2872//2799 2815//2798 
f 2871//2800 2816//2807 2815//2798 
f 2934//2808 2933//2797 2935//2809 
f 2935//2809 2936//2808 2934//2808 
f 2815//2798 2935//2809 2933//2797 
f 2879//2791 2878//2802 2932//2789 
f 2886//2787 2885//2796 2931//2784 
f 2744//2783 2743//2788 2930//2782 
f 2764//2781 2744//2783 2929//2780 
f 2762//2779 2764//2781 2928//2778 
f 2763//2777 2762//2779 2927//2776 
f 2765//2775 2763//2777 2926//2774 
f 2747//2773 2765//2775 2925//2772 
f 2604//2767 2747//2773 2924//2766 
f 2697//2765 2696//2770 2923//2758 
f 2704//2749 2703//2760 2921//2747 
f 2920//2746 2922//2757 2918//2745 
o mesh75
f 2937//2810 2938//2811 2939//2811 
f 2940//2812 2937//2810 2941//2813 
f 2942//2814 2940//2812 2943//2815 
f 2944//2816 2942//2814 2945//2817 
f 2946//2818 2944//2816 2947//2819 
f 2948//2820 2946//2818 2949//2821 
f 2950//2822 2948//2820 2951//2823 
f 2952//2824 2953//2825 2954//2825 
f 2955//2826 2952//2824 2956//2827 
f 2957//2828 2955//2826 2958//2829 
f 2959//2830 2957//2828 2960//2831 
f 2961//2832 2959//2830 2962//2833 
f 2963//2834 2961//2832 2964//2835 
f 2965//2836 2963//2834 2966//2837 
f 2967//2838 2965//2836 2968//2839 
f 2969//2840 2967//2838 2970//2841 
f 2971//2842 2969//2840 2972//2843 
f 2973//2844 2971//2842 2974//2845 
f 2975//2846 2973//2844 2976//2847 
f 2977//2848 2975//2846 2978//2849 
f 2979//2850 2977//2848 2980//2851 
f 2981//2852 2979//2850 2982//2853 
f 2983//2854 2981//2852 2984//2855 
f 2985//2856 2983//2854 2986//2857 
f 2987//2858 2985//2856 2988//2859 
f 2989//2860 2987//2858 2990//2861 
f 2991//2862 2989//2860 2992//2863 
f 2938//2811 2991//2862 2993//2862 
f 2994//2864 2950//2822 2995//2865 
f 2996//2866 2997//2865 2995//2865 
f 2995//2865 2950//2822 2996//2866 
f 2998//2867 2994//2864 2999//2868 
f 3000//2869 2998//2867 3001//2870 
f 3002//2871 3000//2869 3003//2872 
f 3004//2873 3002//2871 3005//2874 
f 3006//2875 3004//2873 3007//2876 
f 3008//2877 3006//2875 3009//2878 
f 3010//2879 3008//2877 3011//2880 
f 3012//2881 3010//2879 3013//2882 
f 3014//2883 3012//2881 3015//2884 
f 3016//2885 3014//2883 3017//2886 
f 3018//2887 3016//2885 3019//2888 
f 3020//2889 3018//2887 3021//2890 
f 3022//2891 3020//2889 3023//2892 
f 3024//2893 3022//2891 3025//2894 
f 3026//2895 3024//2893 3027//2896 
f 3028//2897 3026//2895 3029//2898 
f 3030//2897 3031//2899 3032//2900 
f 3031//2899 3033//2899 3032//2900 
f 3034//2901 3033//2899 3031//2899 
f 3035//2902 3034//2901 3036//2901 
f 3037//2903 3035//2902 3038//2902 
f 3039//2904 3037//2903 3040//2903 
f 3041//2905 3039//2904 3042//2904 
f 3043//2906 3041//2905 3044//2905 
f 3045//2907 3043//2906 3046//2906 
f 3047//2908 3045//2907 3048//2907 
f 3049//2909 3050//2909 3051//2910 
f 3051//2910 3052//2911 3049//2909 
f 3053//2912 3050//2909 3049//2909 
f 3054//2913 3053//2912 3055//2912 
f 2954//2825 2953//2825 2920//2914 
f 3054//2913 3056//2913 2920//2914 
f 2920//2914 2953//2825 3054//2913 
f 2920//2914 2919//2914 2954//2825 
f 3055//2912 3056//2913 3054//2913 
f 3049//2909 3055//2912 3053//2912 
f 3051//2910 3047//2908 3052//2911 
f 3048//2907 3052//2911 3047//2908 
f 3046//2906 3048//2907 3045//2907 
f 3044//2905 3046//2906 3043//2906 
f 3042//2904 3044//2905 3041//2905 
f 3040//2903 3042//2904 3039//2904 
f 3038//2902 3040//2903 3037//2903 
f 3036//2901 3038//2902 3035//2902 
f 3031//2899 3036//2901 3034//2901 
f 3032//2900 3028//2897 3030//2897 
f 3029//2898 3030//2897 3028//2897 
f 3027//2896 3029//2898 3026//2895 
f 3025//2894 3027//2896 3024//2893 
f 3023//2892 3025//2894 3022//2891 
f 3021//2890 3023//2892 3020//2889 
f 3019//2888 3021//2890 3018//2887 
f 3017//2886 3019//2888 3016//2885 
f 3015//2884 3017//2886 3014//2883 
f 3013//2882 3015//2884 3012//2881 
f 3011//2880 3013//2882 3010//2879 
f 3009//2878 3011//2880 3008//2877 
f 3007//2876 3009//2878 3006//2875 
f 3005//2874 3007//2876 3004//2873 
f 3003//2872 3005//2874 3002//2871 
f 3001//2870 3003//2872 3000//2869 
f 2999//2868 3001//2870 2998//2867 
f 2995//2865 2999//2868 2994//2864 
f 2993//2862 2939//2811 2938//2811 
f 2992//2863 2993//2862 2991//2862 
f 2990//2861 2992//2863 2989//2860 
f 2988//2859 2990//2861 2987//2858 
f 2986//2857 2988//2859 2985//2856 
f 2984//2855 2986//2857 2983//2854 
f 2982//2853 2984//2855 2981//2852 
f 2980//2851 2982//2853 2979//2850 
f 2978//2849 2980//2851 2977//2848 
f 2976//2847 2978//2849 2975//2846 
f 2974//2845 2976//2847 2973//2844 
f 2972//2843 2974//2845 2971//2842 
f 2970//2841 2972//2843 2969//2840 
f 2968//2839 2970//2841 2967//2838 
f 2966//2837 2968//2839 2965//2836 
f 2964//2835 2966//2837 2963//2834 
f 2962//2833 2964//2835 2961//2832 
f 2960//2831 2962//2833 2959//2830 
f 2958//2829 2960//2831 2957//2828 
f 2956//2827 2958//2829 2955//2826 
f 2954//2825 2956//2827 2952//2824 
f 2951//2823 2996//2866 2950//2822 
f 2949//2821 2951//2823 2948//2820 
f 2947//2819 2949//2821 2946//2818 
f 2945//2817 2947//2819 2944//2816 
f 2943//2815 2945//2817 2942//2814 
f 2941//2813 2943//2815 2940//2812 
f 2939//2811 2941//2813 2937//2810 
o mesh76
f 3057//2915 3058//2916 3059//2916 
f 3060//2917 3057//2915 3061//2918 
f 3062//2919 3060//2917 3063//2920 
f 3064//2921 3062//2919 3065//2922 
f 3066//2923 3064//2921 3067//2924 
f 3068//2925 3066//2923 3069//2926 
f 3070//2927 3068//2925 3071//2928 
f 3072//2929 3070//2927 3073//2930 
f 3074//2931 3072//2929 3075//2932 
f 3076//2933 3074//2931 3077//2934 
f 3078//2935 3076//2933 3079//2936 
f 3080//2937 3078//2935 3081//2938 
f 3082//2939 3080//2937 3083//2940 
f 3084//2941 3082//2939 3085//2942 
f 3086//2943 3084//2941 3087//2944 
f 3088//2945 3086//2943 3089//2946 
f 3090//2947 3088//2945 3091//2948 
f 3092//2949 3090//2947 3093//2950 
f 3094//2951 3092//2949 3095//2952 
f 3096//2953 3094//2951 3097//2954 
f 3098//2955 3096//2953 3099//2956 
f 3100//2957 3098//2955 3101//2958 
f 3102//2959 3100//2957 3103//2960 
f 3104//2961 3102//2959 3105//2962 
f 3106//2963 3104//2961 3107//2964 
f 3108//2965 3106//2963 3109//2966 
f 3110//2967 3108//2965 3111//2968 
f 3112//2969 3110//2967 3113//2970 
f 3114//2971 3112//2969 2936//2972 
f 3115//2973 2934//2972 2936//2972 
f 2936//2972 3112//2969 3115//2973 
f 3116//2974 3114//2971 3117//2975 
f 3118//2976 3116//2974 3119//2977 
f 3120//2978 3118//2976 3121//2979 
f 3122//2980 3120//2978 3123//2981 
f 3124//2982 3122//2980 3125//2983 
f 3126//2984 3124//2982 3127//2985 
f 3128//2986 3126//2984 3129//2987 
f 3130//2988 3128//2986 3131//2989 
f 3132//2990 3130//2988 3133//2991 
f 3134//2992 3132//2990 3135//2993 
f 3136//2994 3134//2992 3137//2995 
f 3138//2996 3136//2994 3139//2997 
f 3140//2998 3138//2996 3141//2999 
f 3142//3000 3140//2998 3143//3001 
f 3144//3002 3142//3000 3145//3003 
f 3146//3004 3144//3002 3147//3005 
f 3148//3006 3146//3004 3149//3007 
f 3150//3008 3148//3006 3151//3009 
f 3152//3010 3150//3008 3153//3011 
f 3154//3012 3152//3010 3155//3013 
f 3156//3014 3154//3012 3157//3015 
f 3158//3016 3156//3014 3159//3017 
f 3160//3018 3158//3016 3161//3019 
f 3162//3020 3160//3018 3163//3021 
f 3164//3022 3162//3020 3165//3023 
f 3166//3024 3164//3022 3167//3025 
f 3168//3026 3166//3024 3169//3027 
f 3170//3028 3168//3026 3171//3029 
f 3059//2916 3058//2916 3172//3030 
f 3170//3028 3173//3031 3172//3030 
f 3172//3030 3058//2916 3170//3028 
f 3172//3030 3174//3030 3059//2916 
f 3171//3029 3173//3031 3170//3028 
f 3169//3027 3171//3029 3168//3026 
f 3167//3025 3169//3027 3166//3024 
f 3165//3023 3167//3025 3164//3022 
f 3163//3021 3165//3023 3162//3020 
f 3161//3019 3163//3021 3160//3018 
f 3159//3017 3161//3019 3158//3016 
f 3157//3015 3159//3017 3156//3014 
f 3155//3013 3157//3015 3154//3012 
f 3153//3011 3155//3013 3152//3010 
f 3151//3009 3153//3011 3150//3008 
f 3149//3007 3151//3009 3148//3006 
f 3147//3005 3149//3007 3146//3004 
f 3145//3003 3147//3005 3144//3002 
f 3143//3001 3145//3003 3142//3000 
f 3141//2999 3143//3001 3140//2998 
f 3139//2997 3141//2999 3138//2996 
f 3137//2995 3139//2997 3136//2994 
f 3135//2993 3137//2995 3134//2992 
f 3133//2991 3135//2993 3132//2990 
f 3131//2989 3133//2991 3130//2988 
f 3129//2987 3131//2989 3128//2986 
f 3127//2985 3129//2987 3126//2984 
f 3125//2983 3127//2985 3124//2982 
f 3123//2981 3125//2983 3122//2980 
f 3121//2979 3123//2981 3120//2978 
f 3119//2977 3121//2979 3118//2976 
f 3117//2975 3119//2977 3116//2974 
f 2936//2972 3117//2975 3114//2971 
f 3113//2970 3115//2973 3112//2969 
f 3111//2968 3113//2970 3110//2967 
f 3109//2966 3111//2968 3108//2965 
f 3107//2964 3109//2966 3106//2963 
f 3105//2962 3107//2964 3104//2961 
f 3103//2960 3105//2962 3102//2959 
f 3101//2958 3103//2960 3100//2957 
f 3099//2956 3101//2958 3098//2955 
f 3097//2954 3099//2956 3096//2953 
f 3095//2952 3097//2954 3094//2951 
f 3093//2950 3095//2952 3092//2949 
f 3091//2948 3093//2950 3090//2947 
f 3089//2946 3091//2948 3088//2945 
f 3087//2944 3089//2946 3086//2943 
f 3085//2942 3087//2944 3084//2941 
f 3083//2940 3085//2942 3082//2939 
f 3081//2938 3083//2940 3080//2937 
f 3079//2936 3081//2938 3078//2935 
f 3077//2934 3079//2936 3076//2933 
f 3075//2932 3077//2934 3074//2931 
f 3073//2930 3075//2932 3072//2929 
f 3071//2928 3073//2930 3070//2927 
f 3069//2926 3071//2928 3068//2925 
f 3067//2924 3069//2926 3066//2923 
f 3065//2922 3067//2924 3064//2921 
f 3063//2920 3065//2922 3062//2919 
f 3061//2918 3063//2920 3060//2917 
f 3059//2916 3061//2918 3057//2915 
o mesh77
f 3175//3032 3174//3033 3172//3033 
f 3176//3034 3175//3032 3177//3035 
f 3178//3036 3176//3034 3179//3037 
f 3180//3038 3178//3036 3181//3039 
f 3182//3040 3180//3038 3183//3041 
f 3184//3042 3182//3040 3185//3043 
f 3186//3044 3184//3042 3187//3045 
f 3188//3046 3186//3044 3189//3047 
f 3190//3048 3188//3046 3191//3049 
f 3192//3050 3190//3048 3193//3051 
f 3194//3052 3192//3050 3195//3053 
f 3196//3054 3194//3052 3197//3055 
f 3198//3056 3196//3054 3199//3057 
f 3200//3058 3198//3056 3201//3059 
f 3201//3059 3202//3058 3200//3058 
f 3199//3057 3201//3059 3198//3056 
f 3197//3055 3199//3057 3196//3054 
f 3195//3053 3197//3055 3194//3052 
f 3193//3051 3195//3053 3192//3050 
f 3191//3049 3193//3051 3190//3048 
f 3189//3047 3191//3049 3188//3046 
f 3187//3045 3189//3047 3186//3044 
f 3185//3043 3187//3045 3184//3042 
f 3183//3041 3185//3043 3182//3040 
f 3181//3039 3183//3041 3180//3038 
f 3179//3037 3181//3039 3178//3036 
f 3177//3035 3179//3037 3176//3034 
f 3172//3033 3177//3035 3175//3032 
o mesh78
f 3203//3060 3204//3061 3205//3061 
f 3206//3062 3203//3060 3207//3063 
f 3208//3064 3206//3062 3209//3065 
f 3210//3066 3208//3064 3211//3067 
f 3212//3068 3210//3066 3213//3069 
f 3214//3070 3212//3068 3215//3071 
f 3216//3072 3214//3070 3217//3073 
f 3218//3074 3216//3072 3219//3075 
f 3220//3076 3218//3074 3221//3077 
f 3222//3078 3220//3076 3223//3079 
f 3224//3080 3222//3078 3225//3081 
f 3226//3082 3224//3080 3227//3083 
f 3228//3084 3226//3082 3229//3085 
f 3230//3086 3228//3084 3231//3087 
f 3232//3088 3230//3086 3233//3089 
f 3234//3090 3232//3088 3235//3091 
f 3236//3092 3234//3090 3237//3093 
f 3238//3094 3236//3092 3239//3095 
f 3240//3096 3238//3094 3241//3097 
f 3242//3098 3240//3096 3243//3099 
f 3244//3100 3242//3098 3245//3101 
f 3246//3102 3244//3100 3247//3103 
f 3248//3104 3246//3102 3249//3105 
f 3250//3106 3248//3104 3251//3107 
f 3252//3108 3250//3106 3253//3109 
f 3254//3110 3252//3108 3255//3111 
f 3256//3112 3254//3110 3257//3113 
f 3258//3114 3256//3112 3259//3115 
f 3260//3116 3258//3114 3202//3117 
f 3261//3118 3200//3117 3202//3117 
f 3202//3117 3258//3114 3261//3118 
f 3262//3119 3260//3116 3263//3120 
f 3264//3121 3262//3119 3265//3122 
f 3266//3123 3264//3121 3267//3124 
f 3268//3125 3266//3123 3269//3126 
f 3270//3127 3268//3125 3271//3128 
f 3272//3129 3270//3127 3273//3130 
f 3274//3131 3272//3129 3275//3132 
f 3276//3133 3274//3131 3277//3134 
f 3278//3135 3276//3133 3279//3136 
f 3280//3137 3278//3135 3281//3138 
f 3282//3139 3280//3137 3283//3140 
f 3284//3141 3282//3139 3285//3142 
f 3286//3143 3284//3141 3287//3144 
f 3288//3145 3286//3143 3289//3146 
f 3290//3147 3288//3145 3291//3148 
f 3292//3149 3290//3147 3293//3150 
f 3294//3151 3292//3149 3295//3152 
f 3296//3153 3294//3151 3297//3154 
f 3298//3155 3296//3153 3299//3156 
f 3300//3157 3298//3155 3301//3158 
f 3302//3159 3300//3157 3303//3160 
f 3304//3161 3302//3159 3305//3162 
f 3306//3163 3304//3161 3307//3164 
f 3308//3165 3306//3163 3309//3166 
f 3310//3167 3308//3165 3311//3168 
f 3312//3169 3310//3167 3313//3170 
f 3314//3171 3312//3169 3315//3172 
f 3316//3173 3314//3171 3317//3174 
f 3205//3061 3204//3061 3318//3175 
f 3316//3173 3319//3176 3318//3175 
f 3318//3175 3204//3061 3316//3173 
f 3318//3175 3320//3175 3205//3061 
f 3317//3174 3319//3176 3316//3173 
f 3315//3172 3317//3174 3314//3171 
f 3313//3170 3315//3172 3312//3169 
f 3311//3168 3313//3170 3310//3167 
f 3309//3166 3311//3168 3308//3165 
f 3307//3164 3309//3166 3306//3163 
f 3305//3162 3307//3164 3304//3161 
f 3303//3160 3305//3162 3302//3159 
f 3301//3158 3303//3160 3300//3157 
f 3299//3156 3301//3158 3298//3155 
f 3297//3154 3299//3156 3296//3153 
f 3295//3152 3297//3154 3294//3151 
f 3293//3150 3295//3152 3292//3149 
f 3291//3148 3293//3150 3290//3147 
f 3289//3146 3291//3148 3288//3145 
f 3287//3144 3289//3146 3286//3143 
f 3285//3142 3287//3144 3284//3141 
f 3283//3140 3285//3142 3282//3139 
f 3281//3138 3283//3140 3280//3137 
f 3279//3136 3281//3138 3278//3135 
f 3277//3134 3279//3136 3276//3133 
f 3275//3132 3277//3134 3274//3131 
f 3273//3130 3275//3132 3272//3129 
f 3271//3128 3273//3130 3270//3127 
f 3269//3126 3271//3128 3268//3125 
f 3267//3124 3269//3126 3266//3123 
f 3265//3122 3267//3124 3264//3121 
f 3263//3120 3265//3122 3262//3119 
f 3202//3117 3263//3120 3260//3116 
f 3259//3115 3261//3118 3258//3114 
f 3257//3113 3259//3115 3256//3112 
f 3255//3111 3257//3113 3254//3110 
f 3253//3109 3255//3111 3252//3108 
f 3251//3107 3253//3109 3250//3106 
f 3249//3105 3251//3107 3248//3104 
f 3247//3103 3249//3105 3246//3102 
f 3245//3101 3247//3103 3244//3100 
f 3243//3099 3245//3101 3242//3098 
f 3241//3097 3243//3099 3240//3096 
f 3239//3095 3241//3097 3238//3094 
f 3237//3093 3239//3095 3236//3092 
f 3235//3091 3237//3093 3234//3090 
f 3233//3089 3235//3091 3232//3088 
f 3231//3087 3233//3089 3230//3086 
f 3229//3085 3231//3087 3228//3084 
f 3227//3083 3229//3085 3226//3082 
f 3225//3081 3227//3083 3224//3080 
f 3223//3079 3225//3081 3222//3078 
f 3221//3077 3223//3079 3220//3076 
f 3219//3075 3221//3077 3218//3074 
f 3217//3073 3219//3075 3216//3072 
f 3215//3071 3217//3073 3214//3070 
f 3213//3069 3215//3071 3212//3068 
f 3211//3067 3213//3069 3210//3066 
f 3209//3065 3211//3067 3208//3064 
f 3207//3063 3209//3065 3206//3062 
f 3205//3061 3207//3063 3203//3060 
o mesh79
f 3271//3177 3185//3177 2298//3177 
f 3185//3177 3167//3177 3165//3177 
f 3163//3177 3161//3177 2302//3177 
f 3185//3177 2299//3177 2298//3177 
f 3165//3177 2300//3177 3185//3177 
f 3269//3177 3267//3177 3193//3177 
f 3271//3177 3269//3177 3189//3177 
f 2302//3177 2301//3177 3163//3177 
f 2298//3177 3275//3177 3273//3177 
f 3185//3177 3169//3177 3167//3177 
f 2306//3177 2475//3177 2478//3177 
f 3155//3177 3153//3177 2305//3177 
f 3159//3177 3157//3177 2304//3177 
f 3193//3177 3191//3177 3269//3177 
f 3189//3177 3187//3177 3271//3177 
f 2300//3177 3165//3177 3163//3177 
f 2300//3177 2299//3177 3185//3177 
f 3277//3177 2295//3177 2294//3177 
f 2306//3177 2491//3177 2495//3177 
f 2306//3177 2485//3177 2488//3177 
f 2478//3177 2481//3177 2306//3177 
f 2306//3177 2454//3177 2457//3177 
f 3149//3177 2441//3177 2444//3177 
f 3149//3177 3147//3177 2438//3177 
f 2305//3177 2304//3177 3155//3177 
f 2304//3177 2303//3177 3159//3177 
f 3187//3177 3185//3177 3271//3177 
f 2298//3177 3273//3177 3271//3177 
f 2294//3177 3281//3177 3279//3177 
f 3321//3177 2269//3177 3007//3177 
f 2488//3177 2491//3177 2306//3177 
f 2306//3177 2471//3177 2475//3177 
f 2306//3177 2451//3177 2454//3177 
f 2306//3177 3149//3177 2447//3177 
f 2438//3177 2441//3177 3149//3177 
f 2305//3177 3151//3177 3149//3177 
f 3157//3177 3155//3177 2304//3177 
f 3161//3177 3159//3177 2303//3177 
f 2301//3177 2300//3177 3163//3177 
f 3277//3177 2296//3177 2295//3177 
f 3277//3177 2298//3177 2297//3177 
f 3281//3177 2294//3177 2293//3177 
f 3321//3177 2270//3177 2269//3177 
f 3322//3177 3323//3177 2273//3177 
f 3324//3177 3322//3177 2272//3177 
f 2481//3177 2485//3177 2306//3177 
f 2306//3177 2463//3177 2468//3177 
f 2457//3177 2461//3177 2306//3177 
f 2444//3177 2447//3177 3149//3177 
f 3153//3177 3151//3177 2305//3177 
f 3191//3177 3189//3177 3269//3177 
f 2297//3177 2296//3177 3277//3177 
f 2293//3177 3285//3177 3283//3177 
f 3007//3177 3005//3177 3321//3177 
f 2272//3177 3321//3177 3324//3177 
f 3147//3177 3145//3177 2431//3177 
f 2468//3177 2471//3177 2306//3177 
f 2447//3177 2451//3177 2306//3177 
f 2303//3177 2302//3177 3161//3177 
f 2293//3177 3283//3177 3281//3177 
f 2293//3177 2292//3177 3287//3177 
f 3321//3177 2271//3177 2270//3177 
f 2273//3177 2272//3177 3322//3177 
f 3324//3177 3325//3177 3326//3177 
f 3327//3177 3328//3177 3329//3177 
f 2431//3177 2438//3177 3147//3177 
f 2461//3177 2463//3177 2306//3177 
f 2298//3177 3277//3177 3275//3177 
f 3287//3177 3285//3177 2293//3177 
f 3303//3177 3301//3177 2290//3177 
f 3330//3177 2284//3177 3331//3177 
f 2272//3177 2271//3177 3321//3177 
f 2269//3177 3011//3177 3009//3177 
f 3324//3177 3321//3177 3325//3177 
f 3327//3177 3326//3177 3328//3177 
f 2495//3177 2308//3177 2306//3177 
f 2294//3177 3279//3177 3277//3177 
f 3305//3177 2288//3177 2287//3177 
f 2289//3177 3305//3177 3303//3177 
f 3330//3177 2285//3177 2284//3177 
f 3309//3177 3307//3177 2285//3177 
f 3009//3177 3007//3177 2269//3177 
f 3329//3177 3332//3177 3327//3177 
f 3332//3177 3333//3177 3334//3177 
f 3011//3177 2267//3177 2266//3177 
f 3013//3177 2266//3177 2265//3177 
f 3017//3177 2265//3177 2264//3177 
f 3023//3177 2543//3177 2547//3177 
f 2263//3177 2519//3177 2523//3177 
f 2263//3177 2356//3177 2497//3177 
f 3149//3177 2306//3177 2305//3177 
f 2292//3177 3291//3177 3289//3177 
f 2292//3177 2291//3177 3293//3177 
f 2291//3177 3297//3177 3295//3177 
f 3299//3177 3297//3177 2291//3177 
f 2287//3177 2286//3177 3305//3177 
f 2290//3177 2289//3177 3303//3177 
f 3171//3177 3179//3177 3177//3177 
f 2285//3177 3330//3177 3309//3177 
f 3335//3177 3336//3177 2276//3177 
f 3337//3177 3338//3177 2275//3177 
f 3003//3177 3001//3177 3339//3177 
f 3326//3177 3327//3177 3324//3177 
f 3332//3177 3329//3177 3333//3177 
f 3011//3177 2268//3177 2267//3177 
f 2265//3177 3017//3177 3015//3177 
f 2264//3177 3021//3177 3019//3177 
f 3023//3177 2263//3177 2543//3177 
f 2263//3177 2533//3177 2537//3177 
f 2263//3177 2526//3177 2531//3177 
f 2263//3177 2516//3177 2519//3177 
f 2263//3177 2509//3177 2513//3177 
f 2263//3177 2503//3177 2506//3177 
f 2497//3177 2499//3177 2263//3177 
f 2935//3177 2827//3177 2830//3177 
f 2935//3177 2821//3177 2824//3177 
f 3265//3177 3263//3177 3201//3177 
f 3289//3177 3287//3177 2292//3177 
f 3295//3177 3293//3177 2291//3177 
f 2290//3177 3301//3177 3299//3177 
f 2289//3177 2288//3177 3305//3177 
f 3169//3177 3183//3177 3181//3177 
f 3171//3177 3181//3177 3179//3177 
f 3340//3177 3341//3177 3342//3177 
f 3343//3177 3340//3177 3344//3177 
f 3331//3177 3345//3177 3330//3177 
f 3311//3177 3346//3177 3347//3177 
f 2276//3177 2275//3177 3335//3177 
f 2275//3177 2274//3177 3337//3177 
f 3339//3177 3348//3177 3003//3177 
f 3334//3177 3349//3177 3332//3177 
f 3011//3177 2269//3177 2268//3177 
f 2264//3177 3019//3177 3017//3177 
f 2263//3177 2540//3177 2543//3177 
f 2531//3177 2533//3177 2263//3177 
f 2513//3177 2516//3177 2263//3177 
f 2499//3177 2503//3177 2263//3177 
f 3117//3177 2830//3177 2833//3177 
f 2824//3177 2827//3177 2935//3177 
f 2935//3177 2814//3177 2818//3177 
f 3201//3177 3199//3177 3265//3177 
f 3267//3177 3265//3177 3197//3177 
f 3293//3177 3291//3177 2292//3177 
f 2286//3177 2285//3177 3305//3177 
f 3169//3177 3185//3177 3183//3177 
f 3177//3177 3172//3177 3173//3177 
f 3341//3177 3350//3177 3351//3177 
f 3342//3177 3352//3177 3340//3177 
f 3344//3177 3353//3177 3343//3177 
f 3307//3177 3305//3177 2285//3177 
f 2284//3177 3354//3177 3355//3177 
f 3311//3177 3330//3177 3346//3177 
f 3338//3177 3335//3177 2275//3177 
f 3323//3177 3337//3177 2274//3177 
f 3005//3177 3003//3177 3321//3177 
f 2265//3177 3015//3177 3013//3177 
f 3349//3177 3356//3177 3357//3177 
f 2537//3177 2540//3177 2263//3177 
f 2506//3177 2509//3177 2263//3177 
f 2833//3177 3119//3177 3117//3177 
f 2818//3177 2821//3177 2935//3177 
f 3119//3177 2837//3177 2812//3177 
f 3199//3177 3197//3177 3265//3177 
f 3197//3177 3195//3177 3267//3177 
f 2291//3177 2290//3177 3299//3177 
f 3177//3177 3173//3177 3171//3177 
f 3351//3177 3342//3177 3341//3177 
f 3353//3177 3330//3177 3343//3177 
f 3355//3177 3331//3177 2284//3177 
f 3347//3177 3313//3177 3311//3177 
f 3001//3177 2999//3177 3358//3177 
f 2274//3177 2273//3177 3323//3177 
f 2266//3177 3013//3177 3011//3177 
f 3349//3177 3334//3177 3356//3177 
f 2264//3177 2263//3177 3023//3177 
f 2523//3177 2526//3177 2263//3177 
f 2830//3177 2936//3177 2935//3177 
f 3119//3177 2833//3177 2837//3177 
f 3195//3177 3193//3177 3267//3177 
f 3181//3177 3171//3177 3169//3177 
f 3352//3177 3344//3177 3340//3177 
f 3311//3177 3309//3177 3330//3177 
f 3354//3177 2284//3177 2283//3177 
f 2277//3177 3359//3177 3360//3177 
f 2276//3177 3361//3177 3362//3177 
f 3358//3177 3363//3177 3001//3177 
f 3348//3177 3321//3177 3003//3177 
f 3357//3177 3364//3177 3365//3177 
f 2547//3177 3025//3177 3023//3177 
f 3027//3177 2547//3177 2550//3177 
f 2550//3177 3031//3177 3030//3177 
f 3031//3177 2550//3177 2553//3177 
f 2572//3177 3044//3177 3042//3177 
f 3042//3177 2553//3177 2556//3177 
f 2935//3177 2815//3177 2814//3177 
f 2812//3177 3123//3177 3121//3177 
f 2812//3177 3127//3177 3125//3177 
f 2812//3177 3131//3177 3129//3177 
f 2812//3177 2426//3177 3133//3177 
f 3139//3177 3137//3177 2426//3177 
f 3143//3177 3141//3177 2423//3177 
f 3145//3177 3143//3177 2431//3177 
f 3345//3177 3343//3177 3330//3177 
f 2283//3177 3366//3177 3367//3177 
f 2283//3177 3368//3177 3369//3177 
f 2277//3177 3370//3177 3359//3177 
f 3362//3177 2277//3177 2276//3177 
f 3363//3177 3339//3177 3001//3177 
f 3357//3177 3365//3177 3349//3177 
f 2547//3177 3027//3177 3025//3177 
f 3030//3177 3029//3177 2550//3177 
f 2553//3177 3038//3177 3036//3177 
f 2553//3177 3042//3177 3040//3177 
f 3042//3177 2563//3177 2566//3177 
f 2556//3177 2559//3177 3042//3177 
f 2922//3177 2920//3177 2578//3177 
f 2812//3177 3121//3177 3119//3177 
f 3129//3177 3127//3177 2812//3177 
f 2426//3177 3135//3177 3133//3177 
f 2426//3177 2423//3177 3139//3177 
f 2423//3177 2434//3177 3143//3177 
f 3350//3177 3371//3177 3351//3177 
f 3369//3177 3366//3177 2283//3177 
f 3313//3177 3372//3177 3373//3177 
f 3315//3177 3374//3177 3375//3177 
f 3368//3177 2279//3177 2278//3177 
f 3362//3177 3370//3177 2277//3177 
f 3336//3177 3361//3177 2276//3177 
f 2550//3177 3029//3177 3027//3177 
f 3040//3177 3038//3177 2553//3177 
f 2559//3177 2563//3177 3042//3177 
f 2922//3177 2588//3177 2591//3177 
f 2578//3177 2585//3177 2922//3177 
f 2920//3177 3056//3177 2581//3177 
f 3125//3177 3123//3177 2812//3177 
f 3137//3177 3135//3177 2426//3177 
f 2434//3177 2431//3177 3143//3177 
f 2283//3177 3367//3177 3354//3177 
f 3313//3177 3347//3177 3372//3177 
f 3315//3177 3373//3177 3374//3177 
f 3319//3177 3375//3177 3376//3177 
f 2278//3177 3360//3177 3377//3177 
f 3368//3177 2281//3177 2280//3177 
f 2999//3177 2995//3177 3358//3177 
f 2553//3177 3036//3177 3031//3177 
f 2572//3177 3046//3177 3044//3177 
f 2572//3177 3052//3177 3048//3177 
f 2585//3177 2588//3177 2922//3177 
f 2581//3177 2578//3177 2920//3177 
f 3133//3177 3131//3177 2812//3177 
f 3263//3177 3202//3177 3201//3177 
f 3375//3177 3317//3177 3315//3177 
f 3376//3177 3318//3177 3319//3177 
f 2280//3177 2279//3177 3368//3177 
f 3368//3177 2283//3177 2282//3177 
f 3023//3177 3021//3177 2264//3177 
f 3048//3177 3046//3177 2572//3177 
f 3055//3177 3049//3177 2572//3177 
f 3056//3177 3055//3177 2581//3177 
f 3141//3177 3139//3177 2423//3177 
f 3319//3177 3317//3177 3375//3177 
f 2282//3177 2281//3177 3368//3177 
f 3042//3177 2566//3177 2572//3177 
f 2572//3177 2573//3177 3055//3177 
f 2591//3177 2594//3177 2922//3177 
f 3373//3177 3315//3177 3313//3177 
f 3360//3177 2278//3177 2277//3177 
f 2573//3177 2581//3177 3055//3177 
f 2594//3177 2597//3177 2922//3177 
f 2278//3177 3377//3177 3368//3177 
f 2597//3177 2600//3177 2922//3177 
f 3049//3177 3052//3177 2572//3177 
f 3117//3177 2936//3177 2830//3177 
o mesh80
f 3378//3178 3379//3179 3380//3179 
f 3381//3180 3378//3178 3382//3181 
f 3383//3182 3381//3180 3384//3183 
f 3385//3184 3383//3182 3386//3185 
f 3387//3186 3385//3184 3388//3187 
f 3389//3188 3387//3186 3390//3189 
f 3391//3190 3389//3188 3392//3191 
f 3393//3192 3391//3190 3394//3193 
f 3395//3194 3393//3192 3396//3195 
f 3397//3196 3395//3194 3398//3197 
f 3399//3198 3397//3196 3400//3199 
f 3401//3200 3399//3198 3402//3201 
f 3403//3202 3401//3200 3404//3203 
f 3405//3204 3403//3202 3406//3205 
f 3407//3206 3405//3204 3408//3207 
f 3409//3208 3407//3206 3410//3209 
f 3411//3210 3409//3208 3412//3211 
f 3413//3212 3411//3210 3414//3213 
f 3415//3214 3413//3212 3416//3215 
f 3417//3216 3415//3214 3418//3217 
f 3419//3218 3417//3216 3420//3219 
f 3421//3220 3422//3221 3423//3221 
f 3424//3222 3421//3220 3425//3223 
f 3426//3224 3424//3222 3427//3225 
f 3428//3226 3426//3224 3429//3227 
f 3430//3228 3428//3226 3431//3229 
f 3432//3230 3430//3228 3433//3231 
f 3379//3179 3432//3230 3434//3230 
f 3435//3232 3419//3218 3371//3233 
f 3436//3234 3437//3233 3371//3233 
f 3371//3233 3419//3218 3436//3234 
f 3438//3235 3435//3232 3350//3236 
f 3439//3237 3438//3235 3341//3238 
f 3340//3237 3343//3239 3440//3240 
f 3343//3239 3441//3239 3440//3240 
f 3442//3241 3441//3239 3343//3239 
f 3443//3242 3442//3241 3345//3241 
f 3444//3243 3443//3242 3331//3242 
f 3445//3244 3444//3243 3355//3243 
f 3446//3245 3445//3244 3354//3244 
f 3447//3246 3446//3245 3367//3245 
f 3448//3247 3447//3246 3366//3246 
f 3449//3248 3448//3247 3369//3247 
f 3377//3249 3450//3249 3451//3250 
f 3451//3250 3368//3251 3377//3249 
f 3452//3252 3450//3249 3377//3249 
f 3453//3253 3452//3252 3360//3252 
f 3454//3254 3453//3253 3359//3253 
f 3455//3255 3454//3254 3370//3254 
f 3456//3256 3455//3255 3362//3255 
f 3457//3257 3456//3256 3361//3256 
f 3458//3258 3457//3257 3336//3257 
f 3459//3259 3458//3258 3335//3258 
f 3460//3260 3459//3259 3338//3259 
f 3461//3261 3460//3260 3337//3260 
f 3462//3262 3461//3261 3323//3261 
f 3463//3263 3462//3262 3322//3262 
f 3464//3264 3463//3263 3324//3263 
f 3465//3265 3464//3264 3327//3264 
f 3466//3266 3465//3265 3332//3265 
f 3467//3267 3466//3266 3349//3266 
f 3423//3221 3422//3221 3364//3268 
f 3467//3267 3365//3267 3364//3268 
f 3364//3268 3422//3221 3467//3267 
f 3364//3268 3468//3268 3423//3221 
f 3349//3266 3365//3267 3467//3267 
f 3332//3265 3349//3266 3466//3266 
f 3327//3264 3332//3265 3465//3265 
f 3324//3263 3327//3264 3464//3264 
f 3322//3262 3324//3263 3463//3263 
f 3323//3261 3322//3262 3462//3262 
f 3337//3260 3323//3261 3461//3261 
f 3338//3259 3337//3260 3460//3260 
f 3335//3258 3338//3259 3459//3259 
f 3336//3257 3335//3258 3458//3258 
f 3361//3256 3336//3257 3457//3257 
f 3362//3255 3361//3256 3456//3256 
f 3370//3254 3362//3255 3455//3255 
f 3359//3253 3370//3254 3454//3254 
f 3360//3252 3359//3253 3453//3253 
f 3377//3249 3360//3252 3452//3252 
f 3451//3250 3449//3248 3368//3251 
f 3369//3247 3368//3251 3449//3248 
f 3366//3246 3369//3247 3448//3247 
f 3367//3245 3366//3246 3447//3246 
f 3354//3244 3367//3245 3446//3245 
f 3355//3243 3354//3244 3445//3244 
f 3331//3242 3355//3243 3444//3243 
f 3345//3241 3331//3242 3443//3242 
f 3343//3239 3345//3241 3442//3241 
f 3440//3240 3439//3237 3340//3237 
f 3341//3238 3340//3237 3439//3237 
f 3350//3236 3341//3238 3438//3235 
f 3371//3233 3350//3236 3435//3232 
f 3434//3230 3380//3179 3379//3179 
f 3433//3231 3434//3230 3432//3230 
f 3431//3229 3433//3231 3430//3228 
f 3429//3227 3431//3229 3428//3226 
f 3427//3225 3429//3227 3426//3224 
f 3425//3223 3427//3225 3424//3222 
f 3423//3221 3425//3223 3421//3220 
f 3420//3219 3436//3234 3419//3218 
f 3418//3217 3420//3219 3417//3216 
f 3416//3215 3418//3217 3415//3214 
f 3414//3213 3416//3215 3413//3212 
f 3412//3211 3414//3213 3411//3210 
f 3410//3209 3412//3211 3409//3208 
f 3408//3207 3410//3209 3407//3206 
f 3406//3205 3408//3207 3405//3204 
f 3404//3203 3406//3205 3403//3202 
f 3402//3201 3404//3203 3401//3200 
f 3400//3199 3402//3201 3399//3198 
f 3398//3197 3400//3199 3397//3196 
f 3396//3195 3398//3197 3395//3194 
f 3394//3193 3396//3195 3393//3192 
f 3392//3191 3394//3193 3391//3190 
f 3390//3189 3392//3191 3389//3188 
f 3388//3187 3390//3189 3387//3186 
f 3386//3185 3388//3187 3385//3184 
f 3384//3183 3386//3185 3383//3182 
f 3382//3181 3384//3183 3381//3180 
f 3380//3179 3382//3181 3378//3178 
o mesh81
f 3469//3269 3320//3270 3318//3270 
f 3470//3271 3469//3269 3376//3272 
f 3471//3273 3470//3271 3375//3274 
f 3472//3275 3471//3273 3374//3276 
f 3473//3277 3472//3275 3373//3278 
f 3474//3279 3473//3277 3372//3280 
f 3475//3281 3474//3279 3347//3282 
f 3476//3283 3475//3281 3346//3284 
f 3477//3285 3476//3283 3330//3286 
f 3478//3287 3477//3285 3353//3288 
f 3479//3289 3478//3287 3344//3290 
f 3480//3291 3479//3289 3352//3292 
f 3481//3293 3480//3291 3342//3294 
f 3437//3295 3481//3293 3351//3296 
f 3351//3296 3371//3295 3437//3295 
f 3342//3294 3351//3296 3481//3293 
f 3352//3292 3342//3294 3480//3291 
f 3344//3290 3352//3292 3479//3289 
f 3353//3288 3344//3290 3478//3287 
f 3330//3286 3353//3288 3477//3285 
f 3346//3284 3330//3286 3476//3283 
f 3347//3282 3346//3284 3475//3281 
f 3372//3280 3347//3282 3474//3279 
f 3373//3278 3372//3280 3473//3277 
f 3374//3276 3373//3278 3472//3275 
f 3375//3274 3374//3276 3471//3273 
f 3376//3272 3375//3274 3470//3271 
f 3318//3270 3376//3272 3469//3269 
o mesh82
f 3482//3297 3468//3298 3364//3298 
f 3483//3299 3482//3297 3357//3300 
f 3484//3301 3483//3299 3356//3302 
f 3485//3303 3484//3301 3334//3304 
f 3486//3305 3485//3303 3333//3306 
f 3487//3307 3486//3305 3329//3308 
f 3488//3309 3487//3307 3328//3310 
f 3489//3311 3488//3309 3326//3312 
f 3490//3313 3489//3311 3325//3314 
f 3491//3315 3490//3313 3321//3316 
f 3492//3317 3491//3315 3348//3318 
f 3493//3319 3492//3317 3339//3320 
f 3494//3321 3493//3319 3363//3322 
f 2997//3323 3494//3321 3358//3324 
f 3358//3324 2995//3323 2997//3323 
f 3363//3322 3358//3324 3494//3321 
f 3339//3320 3363//3322 3493//3319 
f 3348//3318 3339//3320 3492//3317 
f 3321//3316 3348//3318 3491//3315 
f 3325//3314 3321//3316 3490//3313 
f 3326//3312 3325//3314 3489//3311 
f 3328//3310 3326//3312 3488//3309 
f 3329//3308 3328//3310 3487//3307 
f 3333//3306 3329//3308 3486//3305 
f 3334//3304 3333//3306 3485//3303 
f 3356//3302 3334//3304 3484//3301 
f 3357//3300 3356//3302 3483//3299 
f 3364//3298 3357//3300 3482//3297 
o mesh83
f 3495//3325 2972//3325 2970//3325 
f 2970//3325 3496//3325 3495//3325 
f 263//3325 265//3325 3497//3325 
f 265//3325 3498//3325 3499//3325 
f 265//3325 2978//3325 3500//3325 
f 2978//3325 3501//3325 3502//3325 
f 2978//3325 3503//3325 3504//3325 
f 2970//3325 2968//3325 3496//3325 
f 244//3325 3505//3325 3506//3325 
f 247//3325 3507//3325 3505//3325 
f 261//3325 263//3325 3508//3325 
f 265//3325 3509//3325 3497//3325 
f 3499//3325 3510//3325 265//3325 
f 265//3325 3511//3325 3512//3325 
f 3502//3325 3500//3325 2978//3325 
f 3504//3325 3513//3325 2978//3325 
f 2968//3325 3514//3325 3496//3325 
f 2968//3325 3515//3325 3516//3325 
f 2927//3325 125//3325 3517//3325 
f 125//3325 3518//3325 3519//3325 
f 3505//3325 244//3325 247//3325 
f 247//3325 249//3325 3520//3325 
f 249//3325 251//3325 3521//3325 
f 251//3325 253//3325 3522//3325 
f 3497//3325 3508//3325 263//3325 
f 265//3325 3523//3325 3498//3325 
f 265//3325 3524//3325 3511//3325 
f 3513//3325 3501//3325 2978//3325 
f 2978//3325 3525//3325 3526//3325 
f 3516//3325 3514//3325 2968//3325 
f 3527//3325 2976//3325 2974//3325 
f 271//3325 3489//3325 3490//3325 
f 271//3325 448//3325 3488//3325 
f 125//3325 3528//3325 3517//3325 
f 125//3325 3529//3325 3518//3325 
f 179//3325 3530//3325 3531//3325 
f 179//3325 3532//3325 3533//3325 
f 3520//3325 3507//3325 247//3325 
f 3522//3325 3521//3325 251//3325 
f 257//3325 259//3325 3534//3325 
f 259//3325 261//3325 3535//3325 
f 3510//3325 3509//3325 265//3325 
f 3500//3325 3524//3325 265//3325 
f 3515//3325 2962//3325 2960//3325 
f 3515//3325 2966//3325 2964//3325 
f 2978//3325 3536//3325 3525//3325 
f 2974//3325 2972//3325 3527//3325 
f 3488//3325 3489//3325 271//3325 
f 448//3325 3485//3325 3486//3325 
f 3519//3325 3528//3325 125//3325 
f 125//3325 3537//3325 3538//3325 
f 179//3325 3539//3325 3530//3325 
f 3533//3325 3540//3325 179//3325 
f 242//3325 3506//3325 3532//3325 
f 3521//3325 3520//3325 249//3325 
f 253//3325 255//3325 3541//3325 
f 255//3325 257//3325 3542//3325 
f 3535//3325 3534//3325 259//3325 
f 3512//3325 3523//3325 265//3325 
f 2964//3325 2962//3325 3515//3325 
f 2978//3325 3527//3325 3536//3325 
f 3527//3325 2978//3325 2976//3325 
f 271//3325 3493//3325 2941//3325 
f 448//3325 3487//3325 3488//3325 
f 448//3325 3484//3325 3485//3325 
f 3483//3325 448//3325 3434//3325 
f 3538//3325 3529//3325 125//3325 
f 125//3325 3531//3325 3543//3325 
f 3540//3325 3539//3325 179//3325 
f 3506//3325 242//3325 244//3325 
f 3542//3325 3541//3325 255//3325 
f 3508//3325 3535//3325 261//3325 
f 3515//3325 2968//3325 2966//3325 
f 3495//3325 3527//3325 2972//3325 
f 2978//3325 269//3325 271//3325 
f 2958//3325 3544//3325 3545//3325 
f 271//3325 3492//3325 3493//3325 
f 3486//3325 3487//3325 448//3325 
f 3434//3325 3433//3325 3483//3325 
f 3480//3325 3412//3325 3410//3325 
f 3543//3325 3537//3325 125//3325 
f 3532//3325 179//3325 242//3325 
f 3534//3325 3542//3325 257//3325 
f 3526//3325 3503//3325 2978//3325 
f 2978//3325 267//3325 269//3325 
f 2958//3325 3546//3325 3547//3325 
f 3545//3325 3548//3325 2958//3325 
f 271//3325 3491//3325 3492//3325 
f 3483//3325 3484//3325 448//3325 
f 448//3325 3479//3325 3480//3325 
f 448//3325 3477//3325 3478//3325 
f 448//3325 3727//3325 3476//3325 
f 3531//3325 125//3325 179//3325 
f 2960//3325 2958//3325 3515//3325 
f 2978//3325 265//3325 267//3325 
f 2958//3325 3549//3325 3550//3325 
f 3548//3325 3546//3325 2958//3325 
f 3490//3325 3491//3325 271//3325 
f 3478//3325 3479//3325 448//3325 
f 3727//3325 3475//3325 3476//3325 
f 3544//3325 2924//3325 2925//3325 
f 2918//3325 3544//3325 2958//3325 
f 3541//3325 3522//3325 253//3325 
f 271//3325 2982//3325 2980//3325 
f 2958//3325 3551//3325 3552//3325 
f 3547//3325 3549//3325 2958//3325 
f 448//3325 3380//3325 3434//3325 
f 3476//3325 3477//3325 448//3325 
f 3544//3325 2923//3325 2924//3325 
f 2958//3325 2956//3325 2918//3325 
f 271//3325 2980//3325 2978//3325 
f 3550//3325 3551//3325 2958//3325 
f 271//3325 2988//3325 2986//3325 
f 3427//3325 3425//3325 3482//3325 
f 3483//3325 3433//3325 3431//3325 
f 3493//3325 2943//3325 2941//3325 
f 448//3325 3404//3325 3402//3325 
f 448//3325 3408//3325 3406//3325 
f 3480//3325 3414//3325 3412//3325 
f 3480//3325 3418//3325 3416//3325 
f 2925//3325 2926//3325 3544//3325 
f 2918//3325 2921//3325 3544//3325 
f 3552//3325 3515//3325 2958//3325 
f 2986//3325 2984//3325 271//3325 
f 271//3325 2992//3325 2990//3325 
f 271//3325 2939//3325 2993//3325 
f 3482//3325 3425//3325 3423//3325 
f 3483//3325 3429//3325 3427//3325 
f 2941//3325 2939//3325 271//3325 
f 3493//3325 2947//3325 2945//3325 
f 3406//3325 3404//3325 448//3325 
f 3416//3325 3414//3325 3480//3325 
f 2918//3325 2956//3325 2954//3325 
f 2921//3325 2923//3325 3544//3325 
f 2984//3325 2982//3325 271//3325 
f 2993//3325 2992//3325 271//3325 
f 3482//3325 3483//3325 3427//3325 
f 2945//3325 2943//3325 3493//3325 
f 448//3325 3384//3325 3382//3325 
f 448//3325 3388//3325 3386//3325 
f 448//3325 3396//3325 3394//3325 
f 3402//3325 3400//3325 448//3325 
f 3410//3325 448//3325 3480//3325 
f 2926//3325 2927//3325 3544//3325 
f 2990//3325 2988//3325 271//3325 
f 3431//3325 3429//3325 3483//3325 
f 3386//3325 3384//3325 448//3325 
f 2949//3325 3493//3325 3494//3325 
f 448//3325 3398//3325 3396//3325 
f 3410//3325 3408//3325 448//3325 
f 3418//3325 3480//3325 3481//3325 
f 3481//3325 3437//3325 3436//3325 
f 3517//3325 3544//3325 2927//3325 
f 3382//3325 3380//3325 448//3325 
f 3494//3325 2951//3325 2949//3325 
f 3494//3325 2997//3325 2996//3325 
f 3400//3325 3398//3325 448//3325 
f 3436//3325 3420//3325 3481//3325 
f 3423//3325 3468//3325 3482//3325 
f 2996//3325 2951//3325 3494//3325 
f 448//3325 3392//3325 3390//3325 
f 3481//3325 3420//3325 3418//3325 
f 2949//3325 2947//3325 3493//3325 
f 3394//3325 3392//3325 448//3325 
f 3390//3325 3388//3325 448//3325 
f 374//3325 372//3325 3553//3325 
f 372//3325 370//3325 3554//3325 
f 354//3325 3555//3325 3556//3325 
f 352//3325 3557//3325 3555//3325 
f 374//3325 3558//3325 3559//3325 
f 3554//3325 3553//3325 372//3325 
f 3555//3325 354//3325 352//3325 
f 350//3325 3560//3325 3557//3325 
f 350//3325 347//3325 3561//3325 
f 347//3325 346//3325 3562//3325 
f 342//3325 341//3325 3563//3325 
f 3559//3325 448//3325 374//3325 
f 3553//3325 3564//3325 374//3325 
f 370//3325 368//3325 3565//3325 
f 366//3325 3566//3325 3567//3325 
f 3557//3325 352//3325 350//3325 
f 3562//3325 3561//3325 347//3325 
f 342//3325 3568//3325 3569//3325 
f 341//3325 3570//3325 3563//3325 
f 3727//3325 3571//3325 3572//3325 
f 3727//3325 3573//3325 3574//3325 
f 448//3325 3575//3325 3576//3325 
f 448//3325 3577//3325 3578//3325 
f 448//3325 3579//3325 3580//3325 
f 3559//3325 3581//3325 448//3325 
f 3565//3325 3554//3325 370//3325 
f 3567//3325 368//3325 366//3325 
f 364//3325 3582//3325 3566//3325 
f 362//3325 3583//3325 3582//3325 
f 359//3325 3584//3325 3583//3325 
f 358//3325 3585//3325 3584//3325 
f 356//3325 3556//3325 3585//3325 
f 3561//3325 3560//3325 350//3325 
f 346//3325 342//3325 3586//3325 
f 342//3325 3587//3325 3568//3325 
f 3563//3325 3588//3325 342//3325 
f 3727//3325 3589//3325 3590//3325 
f 3727//3325 3591//3325 3571//3325 
f 3727//3325 3592//3325 3593//3325 
f 3574//3325 3594//3325 3727//3325 
f 3727//3325 3595//3325 3596//3325 
f 3727//3325 3597//3325 3598//3325 
f 448//3325 3599//3325 3597//3325 
f 3578//3325 3575//3325 448//3325 
f 448//3325 3600//3325 3579//3325 
f 448//3325 3601//3325 3602//3325 
f 3564//3325 3558//3325 374//3325 
f 3566//3325 366//3325 364//3325 
f 3583//3325 362//3325 359//3325 
f 3585//3325 358//3325 356//3325 
f 3586//3325 3562//3325 346//3325 
f 3588//3325 3587//3325 342//3325 
f 3572//3325 3589//3325 3727//3325 
f 3594//3325 3592//3325 3727//3325 
f 3598//3325 3595//3325 3727//3325 
f 3576//3325 3599//3325 448//3325 
f 3602//3325 3600//3325 448//3325 
f 3567//3325 3565//3325 368//3325 
f 3584//3325 359//3325 358//3325 
f 3569//3325 3586//3325 342//3325 
f 341//3325 3603//3325 3604//3325 
f 3727//3325 3605//3325 3606//3325 
f 3593//3325 3591//3325 3727//3325 
f 3597//3325 3727//3325 448//3325 
f 3581//3325 3601//3325 448//3325 
f 3556//3325 356//3325 354//3325 
f 341//3325 3607//3325 3608//3325 
f 3604//3325 3609//3325 341//3325 
f 3606//3325 341//3325 3727//3325 
f 3596//3325 3573//3325 3727//3325 
f 3582//3325 364//3325 362//3325 
f 3608//3325 3610//3325 341//3325 
f 3606//3325 3603//3325 341//3325 
f 3580//3325 3577//3325 448//3325 
f 3609//3325 3607//3325 341//3325 
f 3610//3325 3570//3325 341//3325 
f 3727//3325 341//3325 3611//3325 
f 309//3325 3612//3325 3613//3325 
f 3611//3325 3614//3325 3727//3325 
f 309//3325 3615//3325 3612//3325 
f 314//3325 3616//3325 3617//3325 
f 317//3325 3618//3325 3616//3325 
f 321//3325 323//3325 3619//3325 
f 323//3325 326//3325 3620//3325 
f 308//3325 303//3325 3621//3325 
f 3727//3325 3622//3325 3623//3325 
f 3614//3325 3624//3325 3727//3325 
f 309//3325 3625//3325 3615//3325 
f 309//3325 3626//3325 3627//3325 
f 3616//3325 314//3325 317//3325 
f 317//3325 319//3325 3628//3325 
f 319//3325 321//3325 3629//3325 
f 3620//3325 3619//3325 323//3325 
f 308//3325 3630//3325 3631//3325 
f 303//3325 3632//3325 3621//3325 
f 303//3325 3633//3325 3634//3325 
f 3727//3325 3635//3325 3636//3325 
f 3727//3325 3637//3325 3638//3325 
f 3727//3325 3639//3325 3640//3325 
f 3623//3325 3641//3325 3727//3325 
f 341//3325 3642//3325 3611//3325 
f 341//3325 3643//3325 3644//3325 
f 3627//3325 3625//3325 309//3325 
f 312//3325 3617//3325 3626//3325 
f 3628//3325 3618//3325 317//3325 
f 3619//3325 3629//3325 321//3325 
f 308//3325 3645//3325 3630//3325 
f 303//3325 3646//3325 3632//3325 
f 303//3325 3647//3325 3648//3325 
f 3634//3325 3649//3325 303//3325 
f 303//3325 3650//3325 3651//3325 
f 303//3325 3652//3325 3653//3325 
f 303//3325 3727//3325 3654//3325 
f 3638//3325 3635//3325 3727//3325 
f 3727//3325 3655//3325 3639//3325 
f 3727//3325 3656//3325 3657//3325 
f 3624//3325 3622//3325 3727//3325 
f 341//3325 3658//3325 3643//3325 
f 341//3325 3659//3325 3660//3325 
f 341//3325 3613//3325 3661//3325 
f 3626//3325 309//3325 312//3325 
f 3629//3325 3628//3325 319//3325 
f 334//3325 336//3325 3662//3325 
f 3621//3325 3645//3325 308//3325 
f 3649//3325 3647//3325 303//3325 
f 3653//3325 3650//3325 303//3325 
f 3636//3325 3654//3325 3727//3325 
f 3657//3325 3655//3325 3727//3325 
f 3644//3325 3642//3325 341//3325 
f 3661//3325 3659//3325 341//3325 
f 3617//3325 312//3325 314//3325 
f 325//3325 330//3325 3663//3325 
f 330//3325 332//3325 3664//3325 
f 332//3325 334//3325 3665//3325 
f 336//3325 3666//3325 3662//3325 
f 338//3325 3667//3325 3666//3325 
f 340//3325 3631//3325 3667//3325 
f 3648//3325 3646//3325 303//3325 
f 3654//3325 3652//3325 303//3325 
f 3641//3325 3656//3325 3727//3325 
f 3613//3325 341//3325 309//3325 
f 326//3325 325//3325 3668//3325 
f 3664//3325 3663//3325 330//3325 
f 3662//3325 3665//3325 334//3325 
f 3667//3325 338//3325 340//3325 
f 3651//3325 3633//3325 303//3325 
f 3660//3325 3658//3325 341//3325 
f 3663//3325 3668//3325 325//3325 
f 3666//3325 336//3325 338//3325 
f 3640//3325 3637//3325 3727//3325 
f 3665//3325 3664//3325 332//3325 
f 3668//3325 3620//3325 326//3325 
f 3196//3325 3251//3325 3249//3325 
f 303//3325 3194//3325 3196//3325 
f 3669//3325 3670//3325 3099//3325 
f 3101//3325 3099//3325 3670//3325 
f 303//3325 3473//3325 3474//3325 
f 303//3325 3192//3325 3194//3325 
f 125//3325 3671//3325 3672//3325 
f 3113//3325 3673//3325 3674//3325 
f 3113//3325 3675//3325 3676//3325 
f 3670//3325 3675//3325 3101//3325 
f 303//3325 3472//3325 3473//3325 
f 3470//3325 303//3325 3217//3325 
f 303//3325 3190//3325 3192//3325 
f 303//3325 3186//3325 3188//3325 
f 300//3325 3180//3325 3182//3325 
f 300//3325 3073//3325 3071//3325 
f 292//3325 3677//3325 3678//3325 
f 125//3325 3679//3325 3680//3325 
f 3672//3325 3681//3325 125//3325 
f 125//3325 3682//3325 3683//3325 
f 125//3325 3113//3325 3684//3325 
f 3674//3325 3685//3325 3113//3325 
f 3676//3325 3686//3325 3113//3325 
f 3687//3325 3097//3325 3095//3325 
f 3097//3325 3687//3325 3669//3325 
f 3093//3325 3688//3325 3689//3325 
f 303//3325 3471//3325 3472//3325 
f 3217//3325 3215//3325 3470//3325 
f 3188//3325 3190//3325 303//3325 
f 300//3325 3184//3325 3186//3325 
f 300//3325 3178//3325 3180//3325 
f 3071//3325 3176//3325 300//3325 
f 298//3325 296//3325 3690//3325 
f 296//3325 294//3325 3691//3325 
f 3678//3325 294//3325 292//3325 
f 290//3325 3692//3325 3677//3325 
f 276//3325 273//3325 3693//3325 
f 273//3325 272//3325 3694//3325 
f 163//3325 3695//3325 3696//3325 
f 163//3325 125//3325 3697//3325 
f 3680//3325 3698//3325 125//3325 
f 125//3325 3699//3325 3671//3325 
f 3684//3325 3682//3325 125//3325 
f 3686//3325 3673//3325 3113//3325 
f 3099//3325 3097//3325 3669//3325 
f 3093//3325 3700//3325 3688//3325 
f 3093//3325 3701//3325 3702//3325 
f 3470//3325 3471//3325 303//3325 
f 3186//3325 303//3325 300//3325 
f 3176//3325 3178//3325 300//3325 
f 3691//3325 3690//3325 296//3325 
f 3677//3325 292//3325 290//3325 
f 288//3325 3703//3325 3692//3325 
f 286//3325 3704//3325 3703//3325 
f 280//3325 3705//3325 3706//3325 
f 278//3325 3707//3325 3705//3325 
f 276//3325 3708//3325 3707//3325 
f 3694//3325 3693//3325 273//3325 
f 163//3325 3709//3325 3695//3325 
f 3697//3325 3710//3325 163//3325 
f 3681//3325 3679//3325 125//3325 
f 3685//3325 3684//3325 3113//3325 
f 3093//3325 3711//3325 3687//3325 
f 3702//3325 3700//3325 3093//3325 
f 3675//3325 3107//3325 3105//3325 
f 3675//3325 3111//3325 3109//3325 
f 125//3325 2931//3325 2932//3325 
f 3474//3325 3727//3325 303//3325 
f 3182//3325 3184//3325 300//3325 
f 3678//3325 3691//3325 294//3325 
f 3703//3325 288//3325 286//3325 
f 284//3325 3712//3325 3704//3325 
f 282//3325 3706//3325 3712//3325 
f 3705//3325 280//3325 278//3325 
f 3693//3325 3708//3325 276//3325 
f 272//3325 163//3325 3713//3325 
f 3710//3325 3709//3325 163//3325 
f 125//3325 3714//3325 3715//3325 
f 3683//3325 3699//3325 125//3325 
f 3689//3325 3711//3325 3093//3325 
f 3109//3325 3107//3325 3675//3325 
f 125//3325 2930//3325 2931//3325 
f 125//3325 2928//3325 2929//3325 
f 3470//3325 3213//3325 3211//3325 
f 3474//3325 3475//3325 3727//3325 
f 303//3325 3223//3325 3221//3325 
f 303//3325 3227//3325 3225//3325 
f 3249//3325 303//3325 3196//3325 
f 3091//3325 300//3325 3716//3325 
f 3692//3325 290//3325 288//3325 
f 3712//3325 284//3325 282//3325 
f 3707//3325 278//3325 276//3325 
f 3696//3325 3713//3325 163//3325 
f 125//3325 3717//3325 3718//3325 
f 3698//3325 3714//3325 125//3325 
f 3675//3325 3103//3325 3101//3325 
f 3675//3325 3113//3325 3111//3325 
f 2929//3325 2930//3325 125//3325 
f 3209//3325 3207//3325 3469//3325 
f 3215//3325 3213//3325 3470//3325 
f 3225//3325 3223//3325 303//3325 
f 303//3325 3231//3325 3229//3325 
f 303//3325 3239//3325 3237//3325 
f 3063//3325 3061//3325 3175//3325 
f 3176//3325 3069//3325 3067//3325 
f 3071//3325 3069//3325 3176//3325 
f 300//3325 3719//3325 3716//3325 
f 3704//3325 286//3325 284//3325 
f 3713//3325 3694//3325 272//3325 
f 3715//3325 3717//3325 125//3325 
f 3105//3325 3103//3325 3675//3325 
f 3115//3325 125//3325 2933//3325 
f 125//3325 2927//3325 2928//3325 
f 3211//3325 3209//3325 3470//3325 
f 3221//3325 3219//3325 303//3325 
f 303//3325 3233//3325 3231//3325 
f 3237//3325 3235//3325 303//3325 
f 303//3325 3243//3325 3241//3325 
f 303//3325 3247//3325 3245//3325 
f 3175//3325 3061//3325 3059//3325 
f 3176//3325 3065//3325 3063//3325 
f 3249//3325 3247//3325 303//3325 
f 3196//3325 3255//3325 3253//3325 
f 3716//3325 3093//3325 3091//3325 
f 300//3325 298//3325 3720//3325 
f 3706//3325 282//3325 280//3325 
f 3095//3325 3093//3325 3687//3325 
f 2932//3325 2933//3325 125//3325 
f 3093//3325 3716//3325 3721//3325 
f 3469//3325 3207//3325 3205//3325 
f 3219//3325 3217//3325 303//3325 
f 3235//3325 3233//3325 303//3325 
f 3245//3325 3243//3325 303//3325 
f 3175//3325 3176//3325 3063//3325 
f 3253//3325 3251//3325 3196//3325 
f 300//3325 3077//3325 3075//3325 
f 300//3325 3081//3325 3079//3325 
f 300//3325 3722//3325 3719//3325 
f 3720//3325 3723//3325 300//3325 
f 3718//3325 3697//3325 125//3325 
f 2933//3325 2934//3325 3115//3325 
f 3093//3325 3724//3325 3725//3325 
f 3721//3325 3726//3325 3093//3325 
f 3469//3325 3470//3325 3209//3325 
f 3241//3325 3239//3325 303//3325 
f 3067//3325 3065//3325 3176//3325 
f 3079//3325 3077//3325 300//3325 
f 3257//3325 3196//3325 3198//3325 
f 300//3325 3089//3325 3087//3325 
f 3723//3325 3722//3325 300//3325 
f 3115//3325 3113//3325 125//3325 
f 3726//3325 3724//3325 3093//3325 
f 3229//3325 3227//3325 303//3325 
f 3075//3325 3073//3325 300//3325 
f 3198//3325 3259//3325 3257//3325 
f 3198//3325 3200//3325 3261//3325 
f 3091//3325 3089//3325 300//3325 
f 3725//3325 3701//3325 3093//3325 
f 3059//3325 3174//3325 3175//3325 
f 3261//3325 3259//3325 3198//3325 
f 300//3325 3085//3325 3083//3325 
f 3690//3325 3720//3325 298//3325 
f 3257//3325 3255//3325 3196//3325 
f 3087//3325 3085//3325 300//3325 
f 3083//3325 3081//3325 300//3325 
f 3205//3325 3320//3325 3469//3325 
f 3631//3325 340//3325 308//3325 
f 3590//3325 3605//3325 3727//3325 
f 2954//3325 2919//3325 2918//3325 
o mesh84
f 3968//3326 345//3326 343//3326 
f 3969//3326 3968//3326 3970//3326 
f 304//3326 307//3326 3971//3326 
f 3972//3326 3973//3326 3278//3326 
f 3278//3326 3280//3326 3972//3326 
f 3973//3326 3274//3326 3276//3326 
f 3276//3326 3278//3326 3973//3326 
f 3969//3326 3206//3326 3208//3326 
f 3280//3326 3282//3326 3972//3326 
f 3973//3326 3268//3326 3270//3326 
f 3973//3326 3264//3326 3266//3326 
f 3971//3326 3220//3326 3222//3326 
f 3971//3326 3216//3326 3218//3326 
f 3971//3326 3210//3326 3212//3326 
f 3208//3326 3971//3326 3969//3326 
f 3973//3326 3272//3326 3274//3326 
f 3266//3326 3268//3326 3973//3326 
f 3971//3326 3232//3326 3234//3326 
f 3971//3326 3224//3326 3226//3326 
f 3218//3326 3220//3326 3971//3326 
f 3208//3326 3210//3326 3971//3326 
f 3972//3326 3296//3326 3298//3326 
f 3972//3326 3290//3326 3292//3326 
f 3972//3326 3284//3326 3286//3326 
f 3270//3326 3272//3326 3973//3326 
f 3971//3326 3240//3326 3242//3326 
f 3971//3326 3236//3326 3238//3326 
f 3971//3326 3230//3326 3232//3326 
f 3226//3326 3228//3326 3971//3326 
f 3971//3326 3214//3326 3216//3326 
f 3969//3326 3203//3326 3206//3326 
f 3969//3326 3314//3326 3316//3326 
f 3969//3326 3298//3326 3300//3326 
f 3972//3326 3294//3326 3296//3326 
f 3972//3326 3288//3326 3290//3326 
f 3282//3326 3284//3326 3972//3326 
f 3973//3326 3971//3326 3246//3326 
f 3238//3326 3240//3326 3971//3326 
f 3228//3326 3230//3326 3971//3326 
f 3212//3326 3214//3326 3971//3326 
f 3316//3326 3204//3326 3969//3326 
f 3298//3326 3969//3326 3972//3326 
f 3286//3326 3288//3326 3972//3326 
f 3973//3326 3260//3326 3262//3326 
f 3973//3326 3256//3326 3258//3326 
f 3973//3326 3248//3326 3250//3326 
f 3971//3326 3244//3326 3246//3326 
f 3234//3326 3236//3326 3971//3326 
f 3204//3326 3203//3326 3969//3326 
f 3292//3326 3294//3326 3972//3326 
f 3258//3326 3260//3326 3973//3326 
f 3246//3326 3248//3326 3973//3326 
f 3222//3326 3224//3326 3971//3326 
f 3262//3326 3264//3326 3973//3326 
f 3973//3326 3252//3326 3254//3326 
f 3242//3326 3244//3326 3971//3326 
f 3969//3326 3310//3326 3312//3326 
f 3254//3326 3256//3326 3973//3326 
f 3312//3326 3314//3326 3969//3326 
f 3969//3326 3306//3326 3308//3326 
f 3969//3326 3302//3326 3304//3326 
f 3250//3326 3252//3326 3973//3326 
f 3304//3326 3306//3326 3969//3326 
f 3308//3326 3310//3326 3969//3326 
f 3974//3326 3975//3326 464//3326 
f 305//3326 304//3326 3973//3326 
f 3976//3326 3977//3326 3104//3326 
f 3104//3326 3106//3326 3976//3326 
f 3977//3326 3100//3326 3102//3326 
f 3102//3326 3104//3326 3977//3326 
f 3972//3326 3150//3326 3152//3326 
f 3106//3326 3108//3326 3976//3326 
f 3977//3326 3094//3326 3096//3326 
f 3977//3326 3090//3326 3092//3326 
f 3973//3326 3162//3326 3164//3326 
f 3973//3326 3158//3326 3160//3326 
f 3973//3326 3152//3326 3154//3326 
f 3972//3326 3148//3326 3150//3326 
f 3977//3326 3098//3326 3100//3326 
f 3092//3326 3094//3326 3977//3326 
f 3973//3326 3066//3326 3068//3326 
f 3973//3326 3057//3326 3060//3326 
f 3973//3326 3166//3326 3168//3326 
f 3160//3326 3162//3326 3973//3326 
f 3152//3326 3973//3326 3972//3326 
f 3976//3326 3116//3326 3118//3326 
f 3976//3326 3110//3326 3112//3326 
f 3096//3326 3098//3326 3977//3326 
f 3068//3326 3977//3326 3973//3326 
f 3973//3326 3062//3326 3064//3326 
f 3973//3326 3058//3326 3057//3326 
f 3168//3326 3170//3326 3973//3326 
f 3973//3326 3156//3326 3158//3326 
f 3972//3326 3146//3326 3148//3326 
f 3972//3326 3140//3326 3142//3326 
f 3976//3326 3124//3326 3126//3326 
f 3976//3326 3120//3326 3122//3326 
f 3976//3326 3114//3326 3116//3326 
f 3108//3326 3110//3326 3976//3326 
f 3064//3326 3066//3326 3973//3326 
f 3170//3326 3058//3326 3973//3326 
f 3154//3326 3156//3326 3973//3326 
f 3142//3326 3144//3326 3972//3326 
f 3122//3326 3124//3326 3976//3326 
f 3112//3326 3114//3326 3976//3326 
f 3977//3326 3086//3326 3088//3326 
f 3977//3326 3082//3326 3084//3326 
f 3977//3326 3074//3326 3076//3326 
f 3977//3326 3070//3326 3072//3326 
f 3060//3326 3062//3326 3973//3326 
f 3144//3326 3146//3326 3972//3326 
f 3118//3326 3120//3326 3976//3326 
f 3084//3326 3086//3326 3977//3326 
f 3072//3326 3074//3326 3977//3326 
f 3164//3326 3166//3326 3973//3326 
f 3088//3326 3090//3326 3977//3326 
f 3977//3326 3078//3326 3080//3326 
f 3068//3326 3070//3326 3977//3326 
f 3972//3326 3136//3326 3138//3326 
f 3972//3326 3976//3326 3132//3326 
f 3080//3326 3082//3326 3977//3326 
f 3138//3326 3140//3326 3972//3326 
f 3132//3326 3134//3326 3972//3326 
f 3976//3326 3128//3326 3130//3326 
f 3076//3326 3078//3326 3977//3326 
f 3130//3326 3132//3326 3976//3326 
f 3134//3326 3136//3326 3972//3326 
f 3978//3326 3974//3326 380//3326 
f 135//3326 3976//3326 3979//3326 
f 3980//3326 3970//3326 3728//3326 
f 3970//3326 3729//3326 3728//3326 
f 3980//3326 3730//3326 3731//3326 
f 3728//3326 3732//3326 3980//3326 
f 3980//3326 3733//3326 3734//3326 
f 3731//3326 3735//3326 3980//3326 
f 3970//3326 3736//3326 3729//3326 
f 3970//3326 3737//3326 3738//3326 
f 3975//3326 3739//3326 3740//3326 
f 3975//3326 3980//3326 3741//3326 
f 3980//3326 3742//3326 3733//3326 
f 3980//3326 3743//3326 3744//3326 
f 3732//3326 3730//3326 3980//3326 
f 3970//3326 3745//3326 3737//3326 
f 3970//3326 3746//3326 3747//3326 
f 3970//3326 3748//3326 3749//3326 
f 3981//3326 3750//3326 3748//3326 
f 3975//3326 3751//3326 3739//3326 
f 3980//3326 3752//3326 3741//3326 
f 3980//3326 3753//3326 3754//3326 
f 3744//3326 3742//3326 3980//3326 
f 3738//3326 3736//3326 3970//3326 
f 3970//3326 3755//3326 3756//3326 
f 3970//3326 3757//3326 3746//3326 
f 3748//3326 3970//3326 3981//3326 
f 3975//3326 3758//3326 3751//3326 
f 3754//3326 3752//3326 3980//3326 
f 3735//3326 3743//3326 3980//3326 
f 3970//3326 3759//3326 3755//3326 
f 3749//3326 3757//3326 3970//3326 
f 3981//3326 3760//3326 3761//3326 
f 3741//3326 3758//3326 3975//3326 
f 3756//3326 3745//3326 3970//3326 
f 3981//3326 3762//3326 3750//3326 
f 3981//3326 3763//3326 3760//3326 
f 3734//3326 3753//3326 3980//3326 
f 3761//3326 3762//3326 3981//3326 
f 3747//3326 3759//3326 3970//3326 
f 3969//3326 3764//3326 3765//3326 
f 3982//3326 3766//3326 3767//3326 
f 3982//3326 3968//3326 3768//3326 
f 3968//3326 3769//3326 3770//3326 
f 3765//3326 3968//3326 3969//3326 
f 3982//3326 3771//3326 3766//3326 
f 3982//3326 3772//3326 3773//3326 
f 3770//3326 3768//3326 3968//3326 
f 3968//3326 3774//3326 3775//3326 
f 3765//3326 3776//3326 3968//3326 
f 3969//3326 3971//3326 3777//3326 
f 3982//3326 3778//3326 3771//3326 
f 3768//3326 3772//3326 3982//3326 
f 3968//3326 3779//3326 3780//3326 
f 3968//3326 3781//3326 3782//3326 
f 3775//3326 3783//3326 3968//3326 
f 3969//3326 3784//3326 3764//3326 
f 3969//3326 3785//3326 3786//3326 
f 3971//3326 3787//3326 3777//3326 
f 3773//3326 3778//3326 3982//3326 
f 3782//3326 3779//3326 3968//3326 
f 3776//3326 3774//3326 3968//3326 
f 3969//3326 3788//3326 3785//3326 
f 3969//3326 3789//3326 3790//3326 
f 3971//3326 3791//3326 3787//3326 
f 3780//3326 3769//3326 3968//3326 
f 3786//3326 3784//3326 3969//3326 
f 3969//3326 3792//3326 3793//3326 
f 3790//3326 3794//3326 3969//3326 
f 3971//3326 3795//3326 3791//3326 
f 3971//3326 3796//3326 3797//3326 
f 3783//3326 3781//3326 3968//3326 
f 3794//3326 3792//3326 3969//3326 
f 3971//3326 3798//3326 3795//3326 
f 3797//3326 3799//3326 3971//3326 
f 3793//3326 3788//3326 3969//3326 
f 3799//3326 3798//3326 3971//3326 
f 3777//3326 3789//3326 3969//3326 
f 3972//3326 3034//3326 3035//3326 
f 3976//3326 3035//3326 3037//3326 
f 3972//3326 3033//3326 3034//3326 
f 3976//3326 3043//3326 3045//3326 
f 3976//3326 3039//3326 3041//3326 
f 3035//3326 3976//3326 3972//3326 
f 3972//3326 3983//3326 3032//3326 
f 3041//3326 3043//3326 3976//3326 
f 3032//3326 3033//3326 3972//3326 
f 3976//3326 3047//3326 3051//3326 
f 3037//3326 3039//3326 3976//3326 
f 3045//3326 3047//3326 3976//3326 
f 3978//3326 3979//3326 2967//3326 
f 3978//3326 2969//3326 2971//3326 
f 3979//3326 2965//3326 2967//3326 
f 2967//3326 2969//3326 3978//3326 
f 2971//3326 2973//3326 3978//3326 
f 3979//3326 2959//3326 2961//3326 
f 3979//3326 2955//3326 2957//3326 
f 3974//3326 3006//3326 3008//3326 
f 3979//3326 2963//3326 2965//3326 
f 2957//3326 2959//3326 3979//3326 
f 3983//3326 3014//3326 3016//3326 
f 3983//3326 3010//3326 3012//3326 
f 3974//3326 3004//3326 3006//3326 
f 3974//3326 3000//3326 3002//3326 
f 3978//3326 2981//3326 2983//3326 
f 3978//3326 2975//3326 2977//3326 
f 2961//3326 2963//3326 3979//3326 
f 3012//3326 3014//3326 3983//3326 
f 3002//3326 3004//3326 3974//3326 
f 3978//3326 2989//3326 2991//3326 
f 3978//3326 2985//3326 2987//3326 
f 3978//3326 2979//3326 2981//3326 
f 2973//3326 2975//3326 3978//3326 
f 3983//3326 3026//3326 3028//3326 
f 3983//3326 3018//3326 3020//3326 
f 3983//3326 3008//3326 3010//3326 
f 3974//3326 2998//3326 3000//3326 
f 3974//3326 2948//3326 2950//3326 
f 3974//3326 3978//3326 2937//3326 
f 2987//3326 2989//3326 3978//3326 
f 2977//3326 2979//3326 3978//3326 
f 3979//3326 2953//3326 2952//3326 
f 3979//3326 3053//3326 3054//3326 
f 3983//3326 3024//3326 3026//3326 
f 3020//3326 3022//3326 3983//3326 
f 3008//3326 3983//3326 3974//3326 
f 2950//3326 2994//3326 3974//3326 
f 3974//3326 2940//3326 2942//3326 
f 3978//3326 2938//3326 2937//3326 
f 2983//3326 2985//3326 3978//3326 
f 3054//3326 2953//3326 3979//3326 
f 3022//3326 3024//3326 3983//3326 
f 2994//3326 2998//3326 3974//3326 
f 2937//3326 2940//3326 3974//3326 
f 2952//3326 2955//3326 3979//3326 
f 3016//3326 3018//3326 3983//3326 
f 3974//3326 2944//3326 2946//3326 
f 2991//3326 2938//3326 3978//3326 
f 3979//3326 3051//3326 3050//3326 
f 2946//3326 2948//3326 3974//3326 
f 3050//3326 3053//3326 3979//3326 
f 2942//3326 2944//3326 3974//3326 
f 3972//3326 3969//3326 3447//3326 
f 3969//3326 3443//3326 3444//3326 
f 3969//3326 3441//3326 3442//3326 
f 3447//3326 3448//3326 3972//3326 
f 3969//3326 3445//3326 3446//3326 
f 3442//3326 3443//3326 3969//3326 
f 3969//3326 3980//3326 3440//3326 
f 3446//3326 3447//3326 3969//3326 
f 3440//3326 3441//3326 3969//3326 
f 3972//3326 3449//3326 3451//3326 
f 3444//3326 3445//3326 3969//3326 
f 3448//3326 3449//3326 3972//3326 
f 3974//3326 3983//3326 3461//3326 
f 3974//3326 3463//3326 3464//3326 
f 3461//3326 3462//3326 3974//3326 
f 3462//3326 3463//3326 3974//3326 
f 3464//3326 3465//3326 3974//3326 
f 3983//3326 3458//3326 3459//3326 
f 3983//3326 3456//3326 3457//3326 
f 3975//3326 3401//3326 3403//3326 
f 3983//3326 3460//3326 3461//3326 
f 3457//3326 3458//3326 3983//3326 
f 3980//3326 3411//3326 3413//3326 
f 3980//3326 3407//3326 3409//3326 
f 3403//3326 3980//3326 3975//3326 
f 3975//3326 3397//3326 3399//3326 
f 3974//3326 3430//3326 3432//3326 
f 3974//3326 3421//3326 3424//3326 
f 3974//3326 3466//3326 3467//3326 
f 3459//3326 3460//3326 3983//3326 
f 3409//3326 3411//3326 3980//3326 
f 3399//3326 3401//3326 3975//3326 
f 3432//3326 3975//3326 3974//3326 
f 3974//3326 3426//3326 3428//3326 
f 3974//3326 3422//3326 3421//3326 
f 3465//3326 3466//3326 3974//3326 
f 3980//3326 3438//3326 3439//3326 
f 3980//3326 3415//3326 3417//3326 
f 3980//3326 3405//3326 3407//3326 
f 3975//3326 3395//3326 3397//3326 
f 3975//3326 3389//3326 3391//3326 
f 3428//3326 3430//3326 3974//3326 
f 3467//3326 3422//3326 3974//3326 
f 3983//3326 3454//3326 3455//3326 
f 3983//3326 3452//3326 3453//3326 
f 3980//3326 3435//3326 3438//3326 
f 3417//3326 3419//3326 3980//3326 
f 3403//3326 3405//3326 3980//3326 
f 3391//3326 3393//3326 3975//3326 
f 3975//3326 3381//3326 3383//3326 
f 3975//3326 3379//3326 3378//3326 
f 3424//3326 3426//3326 3974//3326 
f 3453//3326 3454//3326 3983//3326 
f 3419//3326 3435//3326 3980//3326 
f 3393//3326 3395//3326 3975//3326 
f 3378//3326 3381//3326 3975//3326 
f 3455//3326 3456//3326 3983//3326 
f 3413//3326 3415//3326 3980//3326 
f 3975//3326 3385//3326 3387//3326 
f 3432//3326 3379//3326 3975//3326 
f 3983//3326 3451//3326 3450//3326 
f 3387//3326 3389//3326 3975//3326 
f 3450//3326 3452//3326 3983//3326 
f 3383//3326 3385//3326 3975//3326 
f 3978//3326 413//3326 3800//3326 
f 413//3326 3801//3326 3800//3326 
f 413//3326 3802//3326 3803//3326 
f 270//3326 3804//3326 3805//3326 
f 270//3326 268//3326 3806//3326 
f 268//3326 266//3326 3807//3326 
f 413//3326 3808//3326 3801//3326 
f 413//3326 3809//3326 3802//3326 
f 270//3326 3810//3326 3804//3326 
f 3807//3326 3806//3326 268//3326 
f 3803//3326 3808//3326 413//3326 
f 3805//3326 413//3326 270//3326 
f 3806//3326 3811//3326 270//3326 
f 266//3326 264//3326 3812//3326 
f 262//3326 3813//3326 3814//3326 
f 3805//3326 3809//3326 413//3326 
f 3812//3326 3807//3326 266//3326 
f 3814//3326 264//3326 262//3326 
f 260//3326 3815//3326 3813//3326 
f 248//3326 246//3326 3816//3326 
f 3811//3326 3810//3326 270//3326 
f 3813//3326 262//3326 260//3326 
f 258//3326 3817//3326 3815//3326 
f 256//3326 3818//3326 3817//3326 
f 3816//3326 3819//3326 248//3326 
f 3814//3326 3812//3326 264//3326 
f 3817//3326 258//3326 256//3326 
f 254//3326 3820//3326 3818//3326 
f 252//3326 3821//3326 3820//3326 
f 248//3326 3819//3326 3822//3326 
f 246//3326 245//3326 3816//3326 
f 3815//3326 260//3326 258//3326 
f 3820//3326 254//3326 252//3326 
f 250//3326 3822//3326 3821//3326 
f 245//3326 243//3326 3816//3326 
f 3818//3326 256//3326 254//3326 
f 3822//3326 250//3326 248//3326 
f 3821//3326 252//3326 250//3326 
f 3800//3326 3823//3326 3978//3326 
f 3979//3326 3824//3326 3825//3326 
f 3825//3326 128//3326 3979//3326 
f 128//3326 3826//3326 3827//3326 
f 3825//3326 3828//3326 128//3326 
f 3827//3326 3829//3326 128//3326 
f 3979//3326 3830//3326 3824//3326 
f 3979//3326 3831//3326 3832//3326 
f 3828//3326 3826//3326 128//3326 
f 3979//3326 3833//3326 3831//3326 
f 201//3326 128//3326 3834//3326 
f 128//3326 3835//3326 3836//3326 
f 3832//3326 3830//3326 3979//3326 
f 243//3326 3837//3326 3838//3326 
f 243//3326 241//3326 3839//3326 
f 3834//3326 3840//3326 201//3326 
f 3829//3326 3835//3326 128//3326 
f 3979//3326 3841//3326 3842//3326 
f 3979//3326 3843//3326 3844//3326 
f 3978//3326 3845//3326 3843//3326 
f 3839//3326 3837//3326 243//3326 
f 241//3326 201//3326 3846//3326 
f 128//3326 3847//3326 3834//3326 
f 128//3326 3848//3326 3849//3326 
f 3842//3326 3833//3326 3979//3326 
f 3979//3326 3850//3326 3851//3326 
f 3979//3326 3852//3326 3853//3326 
f 3843//3326 3979//3326 3978//3326 
f 3846//3326 3839//3326 241//3326 
f 3849//3326 3847//3326 128//3326 
f 128//3326 3854//3326 3855//3326 
f 3851//3326 3841//3326 3979//3326 
f 3844//3326 3852//3326 3979//3326 
f 3978//3326 3856//3326 3857//3326 
f 3840//3326 3846//3326 201//3326 
f 3836//3326 3854//3326 128//3326 
f 3978//3326 3858//3326 3845//3326 
f 3978//3326 3859//3326 3856//3326 
f 3855//3326 3848//3326 128//3326 
f 3857//3326 3858//3326 3978//3326 
f 3853//3326 3850//3326 3979//3326 
f 3976//3326 3860//3326 3861//3326 
f 3976//3326 3862//3326 3860//3326 
f 3976//3326 3863//3326 3864//3326 
f 135//3326 3865//3326 3866//3326 
f 3976//3326 3867//3326 3862//3326 
f 3976//3326 3868//3326 3863//3326 
f 3976//3326 3869//3326 3870//3326 
f 3866//3326 3976//3326 135//3326 
f 3864//3326 3867//3326 3976//3326 
f 3870//3326 3871//3326 3976//3326 
f 3866//3326 3872//3326 3976//3326 
f 3871//3326 3868//3326 3976//3326 
f 135//3326 3873//3326 3865//3326 
f 135//3326 3874//3326 3875//3326 
f 3977//3326 3876//3326 3877//3326 
f 3872//3326 3869//3326 3976//3326 
f 135//3326 3878//3326 3874//3326 
f 141//3326 3879//3326 3880//3326 
f 141//3326 3881//3326 3882//3326 
f 3977//3326 3883//3326 3876//3326 
f 3977//3326 3861//3326 3884//3326 
f 3875//3326 3873//3326 135//3326 
f 135//3326 3885//3326 3886//3326 
f 141//3326 3887//3326 3879//3326 
f 141//3326 3888//3326 3881//3326 
f 3977//3326 3889//3326 3883//3326 
f 3884//3326 3890//3326 3977//3326 
f 3886//3326 3878//3326 135//3326 
f 135//3326 3880//3326 3891//3326 
f 3882//3326 3887//3326 141//3326 
f 302//3326 3892//3326 3888//3326 
f 274//3326 3893//3326 3892//3326 
f 274//3326 3894//3326 3895//3326 
f 3890//3326 3889//3326 3977//3326 
f 3891//3326 3885//3326 135//3326 
f 3888//3326 141//3326 302//3326 
f 3895//3326 3893//3326 274//3326 
f 3861//3326 3977//3326 3976//3326 
f 3892//3326 302//3326 274//3326 
f 3880//3326 135//3326 141//3326 
f 299//3326 3896//3326 3897//3326 
f 301//3326 3898//3326 3896//3326 
f 293//3326 295//3326 3899//3326 
f 297//3326 3897//3326 3900//3326 
f 3896//3326 299//3326 301//3326 
f 291//3326 293//3326 3901//3326 
f 295//3326 3900//3326 3899//3326 
f 3897//3326 297//3326 299//3326 
f 301//3326 305//3326 3902//3326 
f 3899//3326 3901//3326 293//3326 
f 301//3326 3903//3326 3898//3326 
f 3902//3326 3904//3326 301//3326 
f 287//3326 289//3326 3905//3326 
f 289//3326 291//3326 3906//3326 
f 3900//3326 295//3326 297//3326 
f 305//3326 3907//3326 3902//3326 
f 279//3326 3908//3326 3894//3326 
f 3906//3326 3905//3326 289//3326 
f 3904//3326 3903//3326 301//3326 
f 3894//3326 275//3326 277//3326 
f 3901//3326 3906//3326 291//3326 
f 305//3326 3909//3326 3910//3326 
f 3894//3326 274//3326 275//3326 
f 279//3326 281//3326 3911//3326 
f 283//3326 285//3326 3912//3326 
f 285//3326 287//3326 3913//3326 
f 3910//3326 3907//3326 305//3326 
f 305//3326 3914//3326 3915//3326 
f 3911//3326 3908//3326 279//3326 
f 281//3326 283//3326 3916//3326 
f 3913//3326 3912//3326 285//3326 
f 3915//3326 3909//3326 305//3326 
f 3977//3326 3917//3326 3918//3326 
f 3916//3326 3911//3326 281//3326 
f 3905//3326 3913//3326 287//3326 
f 3918//3326 305//3326 3977//3326 
f 3912//3326 3916//3326 283//3326 
f 3977//3326 3919//3326 3917//3326 
f 3918//3326 3914//3326 305//3326 
f 306//3326 339//3326 3920//3326 
f 339//3326 337//3326 3921//3326 
f 306//3326 3922//3326 3923//3326 
f 3921//3326 3920//3326 339//3326 
f 306//3326 3924//3326 3922//3326 
f 3920//3326 3925//3326 306//3326 
f 337//3326 335//3326 3926//3326 
f 333//3326 3927//3326 3928//3326 
f 307//3326 3929//3326 3930//3326 
f 3923//3326 307//3326 306//3326 
f 3926//3326 3921//3326 337//3326 
f 3928//3326 335//3326 333//3326 
f 331//3326 3931//3326 3927//3326 
f 307//3326 3932//3326 3929//3326 
f 307//3326 3933//3326 3934//3326 
f 3925//3326 3924//3326 306//3326 
f 3927//3326 333//3326 331//3326 
f 329//3326 3935//3326 3931//3326 
f 328//3326 3936//3326 3935//3326 
f 3934//3326 3932//3326 307//3326 
f 3928//3326 3926//3326 335//3326 
f 3935//3326 329//3326 328//3326 
f 327//3326 3937//3326 3936//3326 
f 3971//3326 307//3326 3938//3326 
f 3923//3326 3933//3326 307//3326 
f 3936//3326 328//3326 327//3326 
f 3982//3326 3939//3326 3940//3326 
f 3938//3326 3941//3326 3971//3326 
f 3931//3326 331//3326 329//3326 
f 327//3326 3940//3326 3942//3326 
f 3982//3326 3943//3326 3939//3326 
f 3930//3326 3938//3326 307//3326 
f 3940//3326 327//3326 3982//3326 
f 3942//3326 3937//3326 327//3326 
f 3982//3326 322//3326 320//3326 
f 3982//3326 316//3326 315//3326 
f 3982//3326 324//3326 322//3326 
f 3982//3326 318//3326 316//3326 
f 3982//3326 327//3326 324//3326 
f 320//3326 318//3326 3982//3326 
f 3968//3326 3982//3326 310//3326 
f 3982//3326 313//3326 311//3326 
f 311//3326 310//3326 3982//3326 
f 3981//3326 344//3326 377//3326 
f 3970//3326 343//3326 344//3326 
f 344//3326 3981//3326 3970//3326 
f 3981//3326 353//3326 355//3326 
f 355//3326 357//3326 3981//3326 
f 3981//3326 348//3326 349//3326 
f 357//3326 376//3326 3981//3326 
f 349//3326 351//3326 3981//3326 
f 351//3326 353//3326 3981//3326 
f 373//3326 3944//3326 3945//3326 
f 375//3326 3946//3326 3944//3326 
f 367//3326 369//3326 3947//3326 
f 371//3326 3945//3326 3948//3326 
f 3944//3326 373//3326 375//3326 
f 3981//3326 361//3326 3949//3326 
f 361//3326 360//3326 3950//3326 
f 360//3326 363//3326 3951//3326 
f 363//3326 365//3326 3952//3326 
f 365//3326 367//3326 3953//3326 
f 369//3326 3948//3326 3947//3326 
f 3945//3326 371//3326 373//3326 
f 375//3326 464//3326 3954//3326 
f 3949//3326 3955//3326 3981//3326 
f 3950//3326 3956//3326 361//3326 
f 3952//3326 3951//3326 363//3326 
f 3947//3326 3953//3326 367//3326 
f 375//3326 3957//3326 3946//3326 
f 3954//3326 3958//3326 375//3326 
f 361//3326 3959//3326 3949//3326 
f 3951//3326 3950//3326 360//3326 
f 3948//3326 369//3326 371//3326 
f 464//3326 3960//3326 3954//3326 
f 464//3326 3961//3326 3962//3326 
f 3956//3326 3959//3326 361//3326 
f 3958//3326 3957//3326 375//3326 
f 464//3326 3963//3326 3964//3326 
f 3962//3326 3965//3326 464//3326 
f 3953//3326 3952//3326 365//3326 
f 3965//3326 3963//3326 464//3326 
f 3975//3326 3966//3326 3961//3326 
f 3964//3326 3960//3326 464//3326 
f 3975//3326 3967//3326 3966//3326 
f 3961//3326 464//3326 3975//3326 
f 3955//3326 3763//3326 3981//3326 
f 376//3326 361//3326 3981//3326 
f 377//3326 348//3326 3981//3326 
f 310//3326 345//3326 3968//3326 
f 315//3326 313//3326 3982//3326 
f 3941//3326 3796//3326 3971//3326 
f 3894//3326 277//3326 279//3326 
f 3877//3326 3919//3326 3977//3326 
f 3838//3326 3816//3326 243//3326 
f 3823//3326 3859//3326 3978//3326 
f 3439//3326 3440//3326 3980//3326 
f 3451//3326 3983//3326 3972//3326 
f 3028//3326 3032//3326 3983//3326 
f 3051//3326 3979//3326 3976//3326 
f 3767//3326 3943//3326 3982//3326 
f 3740//3326 3967//3326 3975//3326 
f 3979//3326 128//3326 135//3326 
f 380//3326 413//3326 3978//3326 
f 3126//3326 3128//3326 3976//3326 
f 3973//3326 3977//3326 305//3326 
f 464//3326 380//3326 3974//3326 
f 3300//3326 3302//3326 3969//3326 
f 3971//3326 3973//3326 304//3326 
f 3970//3326 3980//3326 3969//3326 
f 343//3326 3970//3326 3968//3326 
o mesh85
f 3872//3327 3866//3328 3672//3328 
f 3869//3329 3872//3327 3671//3330 
f 3870//3331 3869//3329 3699//3332 
f 3871//3333 3870//3331 3683//3334 
f 3868//3335 3871//3333 3682//3336 
f 3863//3337 3868//3335 3684//3338 
f 3864//3339 3863//3337 3685//3340 
f 3867//3341 3864//3339 3674//3342 
f 3862//3343 3867//3341 3673//3344 
f 3860//3345 3862//3343 3686//3346 
f 3861//3347 3860//3345 3676//3348 
f 3884//3349 3861//3347 3675//3350 
f 3890//3351 3884//3349 3670//3352 
f 3889//3353 3890//3351 3669//3354 
f 3883//3355 3889//3353 3687//3356 
f 3876//3357 3883//3355 3711//3358 
f 3877//3359 3876//3357 3689//3360 
f 3688//3359 3700//3361 3919//3362 
f 3700//3361 3917//3361 3919//3362 
f 3918//3363 3917//3361 3700//3361 
f 3914//3364 3918//3363 3702//3363 
f 3915//3365 3914//3364 3701//3364 
f 3909//3366 3915//3365 3725//3365 
f 3910//3367 3909//3366 3724//3366 
f 3907//3368 3910//3367 3726//3367 
f 3902//3369 3907//3368 3721//3368 
f 3904//3370 3902//3369 3716//3369 
f 3903//3371 3904//3370 3719//3370 
f 3898//3372 3903//3371 3722//3371 
f 3896//3373 3898//3372 3723//3372 
f 3897//3374 3896//3373 3720//3373 
f 3900//3375 3897//3374 3690//3374 
f 3899//3376 3900//3375 3691//3375 
f 3901//3377 3899//3376 3678//3376 
f 3906//3378 3901//3377 3677//3377 
f 3905//3379 3906//3378 3692//3378 
f 3913//3380 3905//3379 3703//3379 
f 3912//3381 3913//3380 3704//3380 
f 3916//3382 3912//3381 3712//3381 
f 3911//3383 3916//3382 3706//3382 
f 3908//3384 3911//3383 3705//3383 
f 3708//3385 3895//3385 3894//3386 
f 3894//3386 3707//3387 3708//3385 
f 3893//3388 3895//3385 3708//3385 
f 3892//3389 3893//3388 3693//3388 
f 3888//3390 3892//3389 3694//3389 
f 3881//3391 3888//3390 3713//3390 
f 3882//3392 3881//3391 3696//3391 
f 3887//3393 3882//3392 3695//3392 
f 3879//3394 3887//3393 3709//3393 
f 3880//3395 3879//3394 3710//3394 
f 3891//3396 3880//3395 3697//3395 
f 3885//3397 3891//3396 3718//3396 
f 3886//3398 3885//3397 3717//3397 
f 3878//3399 3886//3398 3715//3398 
f 3874//3400 3878//3399 3714//3399 
f 3875//3401 3874//3400 3698//3400 
f 3873//3402 3875//3401 3680//3401 
f 3865//3403 3873//3402 3679//3402 
f 3866//3328 3865//3403 3681//3403 
f 3681//3403 3672//3328 3866//3328 
f 3679//3402 3681//3403 3865//3403 
f 3680//3401 3679//3402 3873//3402 
f 3698//3400 3680//3401 3875//3401 
f 3714//3399 3698//3400 3874//3400 
f 3715//3398 3714//3399 3878//3399 
f 3717//3397 3715//3398 3886//3398 
f 3718//3396 3717//3397 3885//3397 
f 3697//3395 3718//3396 3891//3396 
f 3710//3394 3697//3395 3880//3395 
f 3709//3393 3710//3394 3879//3394 
f 3695//3392 3709//3393 3887//3393 
f 3696//3391 3695//3392 3882//3392 
f 3713//3390 3696//3391 3881//3391 
f 3694//3389 3713//3390 3888//3390 
f 3693//3388 3694//3389 3892//3389 
f 3708//3385 3693//3388 3893//3388 
f 3894//3386 3908//3384 3707//3387 
f 3705//3383 3707//3387 3908//3384 
f 3706//3382 3705//3383 3911//3383 
f 3712//3381 3706//3382 3916//3382 
f 3704//3380 3712//3381 3912//3381 
f 3703//3379 3704//3380 3913//3380 
f 3692//3378 3703//3379 3905//3379 
f 3677//3377 3692//3378 3906//3378 
f 3678//3376 3677//3377 3901//3377 
f 3691//3375 3678//3376 3899//3376 
f 3690//3374 3691//3375 3900//3375 
f 3720//3373 3690//3374 3897//3374 
f 3723//3372 3720//3373 3896//3373 
f 3722//3371 3723//3372 3898//3372 
f 3719//3370 3722//3371 3903//3371 
f 3716//3369 3719//3370 3904//3370 
f 3721//3368 3716//3369 3902//3369 
f 3726//3367 3721//3368 3907//3368 
f 3724//3366 3726//3367 3910//3367 
f 3725//3365 3724//3366 3909//3366 
f 3701//3364 3725//3365 3915//3365 
f 3702//3363 3701//3364 3914//3364 
f 3700//3361 3702//3363 3918//3363 
f 3919//3362 3877//3359 3688//3359 
f 3689//3360 3688//3359 3877//3359 
f 3711//3358 3689//3360 3876//3357 
f 3687//3356 3711//3358 3883//3355 
f 3669//3354 3687//3356 3889//3353 
f 3670//3352 3669//3354 3890//3351 
f 3675//3350 3670//3352 3884//3349 
f 3676//3348 3675//3350 3861//3347 
f 3686//3346 3676//3348 3860//3345 
f 3673//3344 3686//3346 3862//3343 
f 3674//3342 3673//3344 3867//3341 
f 3685//3340 3674//3342 3864//3339 
f 3684//3338 3685//3340 3863//3337 
f 3682//3336 3684//3338 3868//3335 
f 3683//3334 3682//3336 3871//3333 
f 3699//3332 3683//3334 3870//3331 
f 3671//3330 3699//3332 3869//3329 
f 3672//3328 3671//3330 3872//3327 
o mesh86
f 3811//3404 3806//3405 3499//3405 
f 3810//3406 3811//3404 3498//3407 
f 3804//3408 3810//3406 3523//3409 
f 3805//3410 3804//3408 3512//3411 
f 3809//3412 3805//3410 3511//3413 
f 3802//3414 3809//3412 3524//3415 
f 3803//3416 3802//3414 3500//3417 
f 3808//3418 3803//3416 3502//3419 
f 3801//3420 3808//3418 3501//3421 
f 3800//3422 3801//3420 3513//3423 
f 3823//3424 3800//3422 3504//3425 
f 3526//3426 3856//3426 3859//3427 
f 3859//3427 3503//3428 3526//3426 
f 3857//3429 3856//3426 3526//3426 
f 3858//3430 3857//3429 3525//3429 
f 3845//3431 3858//3430 3536//3430 
f 3843//3432 3845//3431 3527//3431 
f 3844//3433 3843//3432 3495//3432 
f 3852//3434 3844//3433 3496//3433 
f 3853//3435 3852//3434 3514//3434 
f 3850//3436 3853//3435 3516//3435 
f 3851//3437 3850//3436 3515//3436 
f 3841//3438 3851//3437 3552//3437 
f 3842//3439 3841//3438 3551//3438 
f 3833//3440 3842//3439 3550//3439 
f 3831//3441 3833//3440 3549//3440 
f 3832//3442 3831//3441 3547//3441 
f 3830//3443 3832//3442 3546//3442 
f 3824//3444 3830//3443 3548//3443 
f 3825//3445 3824//3444 3545//3444 
f 3828//3446 3825//3445 3544//3445 
f 3826//3447 3828//3446 3517//3446 
f 3827//3448 3826//3447 3528//3447 
f 3829//3449 3827//3448 3519//3448 
f 3835//3450 3829//3449 3518//3449 
f 3836//3451 3835//3450 3529//3450 
f 3854//3452 3836//3451 3538//3451 
f 3855//3453 3854//3452 3537//3452 
f 3848//3454 3855//3453 3543//3453 
f 3849//3455 3848//3454 3531//3454 
f 3847//3456 3849//3455 3530//3455 
f 3834//3457 3847//3456 3539//3456 
f 3840//3458 3834//3457 3540//3457 
f 3846//3459 3840//3458 3533//3458 
f 3839//3460 3846//3459 3532//3459 
f 3837//3461 3839//3460 3506//3460 
f 3838//3462 3837//3461 3505//3461 
f 3507//3462 3520//3463 3816//3464 
f 3520//3463 3819//3463 3816//3464 
f 3822//3465 3819//3463 3520//3463 
f 3821//3466 3822//3465 3521//3465 
f 3820//3467 3821//3466 3522//3466 
f 3818//3468 3820//3467 3541//3467 
f 3817//3469 3818//3468 3542//3468 
f 3815//3470 3817//3469 3534//3469 
f 3813//3471 3815//3470 3535//3470 
f 3814//3472 3813//3471 3508//3471 
f 3812//3473 3814//3472 3497//3472 
f 3807//3474 3812//3473 3509//3473 
f 3806//3405 3807//3474 3510//3474 
f 3510//3474 3499//3405 3806//3405 
f 3509//3473 3510//3474 3807//3474 
f 3497//3472 3509//3473 3812//3473 
f 3508//3471 3497//3472 3814//3472 
f 3535//3470 3508//3471 3813//3471 
f 3534//3469 3535//3470 3815//3470 
f 3542//3468 3534//3469 3817//3469 
f 3541//3467 3542//3468 3818//3468 
f 3522//3466 3541//3467 3820//3467 
f 3521//3465 3522//3466 3821//3466 
f 3520//3463 3521//3465 3822//3465 
f 3816//3464 3838//3462 3507//3462 
f 3505//3461 3507//3462 3838//3462 
f 3506//3460 3505//3461 3837//3461 
f 3532//3459 3506//3460 3839//3460 
f 3533//3458 3532//3459 3846//3459 
f 3540//3457 3533//3458 3840//3458 
f 3539//3456 3540//3457 3834//3457 
f 3530//3455 3539//3456 3847//3456 
f 3531//3454 3530//3455 3849//3455 
f 3543//3453 3531//3454 3848//3454 
f 3537//3452 3543//3453 3855//3453 
f 3538//3451 3537//3452 3854//3452 
f 3529//3450 3538//3451 3836//3451 
f 3518//3449 3529//3450 3835//3450 
f 3519//3448 3518//3449 3829//3449 
f 3528//3447 3519//3448 3827//3448 
f 3517//3446 3528//3447 3826//3447 
f 3544//3445 3517//3446 3828//3446 
f 3545//3444 3544//3445 3825//3445 
f 3548//3443 3545//3444 3824//3444 
f 3546//3442 3548//3443 3830//3443 
f 3547//3441 3546//3442 3832//3442 
f 3549//3440 3547//3441 3831//3441 
f 3550//3439 3549//3440 3833//3440 
f 3551//3438 3550//3439 3842//3439 
f 3552//3437 3551//3438 3841//3438 
f 3515//3436 3552//3437 3851//3437 
f 3516//3435 3515//3436 3850//3436 
f 3514//3434 3516//3435 3853//3435 
f 3496//3433 3514//3434 3852//3434 
f 3495//3432 3496//3433 3844//3433 
f 3527//3431 3495//3432 3843//3432 
f 3536//3430 3527//3431 3845//3431 
f 3525//3429 3536//3430 3858//3430 
f 3526//3426 3525//3429 3857//3429 
f 3859//3427 3823//3424 3503//3428 
f 3504//3425 3503//3428 3823//3424 
f 3513//3423 3504//3425 3800//3422 
f 3501//3421 3513//3423 3801//3420 
f 3502//3419 3501//3421 3808//3418 
f 3500//3417 3502//3419 3803//3416 
f 3524//3415 3500//3417 3802//3414 
f 3511//3413 3524//3415 3809//3412 
f 3512//3411 3511//3413 3805//3410 
f 3523//3409 3512//3411 3804//3408 
f 3498//3407 3523//3409 3810//3406 
f 3499//3405 3498//3407 3811//3404 
o mesh87
f 3945//3475 3944//3476 3553//3476 
f 3948//3477 3945//3475 3554//3478 
f 3947//3479 3948//3477 3565//3480 
f 3953//3481 3947//3479 3567//3482 
f 3952//3483 3953//3481 3566//3484 
f 3951//3485 3952//3483 3582//3486 
f 3950//3487 3951//3485 3583//3488 
f 3956//3489 3950//3487 3584//3490 
f 3959//3491 3956//3489 3585//3492 
f 3949//3493 3959//3491 3556//3494 
f 3955//3495 3949//3493 3555//3496 
f 3560//3497 3760//3497 3763//3498 
f 3763//3498 3557//3499 3560//3497 
f 3761//3500 3760//3497 3560//3497 
f 3762//3501 3761//3500 3561//3500 
f 3750//3502 3762//3501 3562//3501 
f 3748//3503 3750//3502 3586//3502 
f 3749//3504 3748//3503 3569//3503 
f 3757//3505 3749//3504 3568//3504 
f 3746//3506 3757//3505 3587//3505 
f 3747//3507 3746//3506 3588//3506 
f 3759//3508 3747//3507 3563//3507 
f 3755//3509 3759//3508 3570//3508 
f 3756//3510 3755//3509 3610//3509 
f 3745//3511 3756//3510 3608//3510 
f 3737//3512 3745//3511 3607//3511 
f 3738//3513 3737//3512 3609//3512 
f 3736//3514 3738//3513 3604//3513 
f 3729//3515 3736//3514 3603//3514 
f 3728//3516 3729//3515 3606//3515 
f 3732//3517 3728//3516 3605//3516 
f 3730//3518 3732//3517 3590//3517 
f 3731//3519 3730//3518 3589//3518 
f 3735//3520 3731//3519 3572//3519 
f 3743//3521 3735//3520 3571//3520 
f 3744//3522 3743//3521 3591//3521 
f 3742//3523 3744//3522 3593//3522 
f 3733//3524 3742//3523 3592//3523 
f 3734//3525 3733//3524 3594//3524 
f 3753//3526 3734//3525 3574//3525 
f 3754//3527 3753//3526 3573//3526 
f 3752//3528 3754//3527 3596//3527 
f 3741//3529 3752//3528 3595//3528 
f 3758//3530 3741//3529 3598//3529 
f 3751//3531 3758//3530 3597//3530 
f 3739//3532 3751//3531 3599//3531 
f 3740//3533 3739//3532 3576//3532 
f 3575//3533 3578//3534 3967//3535 
f 3578//3534 3966//3534 3967//3535 
f 3961//3536 3966//3534 3578//3534 
f 3962//3537 3961//3536 3577//3536 
f 3965//3538 3962//3537 3580//3537 
f 3963//3539 3965//3538 3579//3538 
f 3964//3540 3963//3539 3600//3539 
f 3960//3541 3964//3540 3602//3540 
f 3954//3542 3960//3541 3601//3541 
f 3958//3543 3954//3542 3581//3542 
f 3957//3544 3958//3543 3559//3543 
f 3946//3545 3957//3544 3558//3544 
f 3944//3476 3946//3545 3564//3545 
f 3564//3545 3553//3476 3944//3476 
f 3558//3544 3564//3545 3946//3545 
f 3559//3543 3558//3544 3957//3544 
f 3581//3542 3559//3543 3958//3543 
f 3601//3541 3581//3542 3954//3542 
f 3602//3540 3601//3541 3960//3541 
f 3600//3539 3602//3540 3964//3540 
f 3579//3538 3600//3539 3963//3539 
f 3580//3537 3579//3538 3965//3538 
f 3577//3536 3580//3537 3962//3537 
f 3578//3534 3577//3536 3961//3536 
f 3967//3535 3740//3533 3575//3533 
f 3576//3532 3575//3533 3740//3533 
f 3599//3531 3576//3532 3739//3532 
f 3597//3530 3599//3531 3751//3531 
f 3598//3529 3597//3530 3758//3530 
f 3595//3528 3598//3529 3741//3529 
f 3596//3527 3595//3528 3752//3528 
f 3573//3526 3596//3527 3754//3527 
f 3574//3525 3573//3526 3753//3526 
f 3594//3524 3574//3525 3734//3525 
f 3592//3523 3594//3524 3733//3524 
f 3593//3522 3592//3523 3742//3523 
f 3591//3521 3593//3522 3744//3522 
f 3571//3520 3591//3521 3743//3521 
f 3572//3519 3571//3520 3735//3520 
f 3589//3518 3572//3519 3731//3519 
f 3590//3517 3589//3518 3730//3518 
f 3605//3516 3590//3517 3732//3517 
f 3606//3515 3605//3516 3728//3516 
f 3603//3514 3606//3515 3729//3515 
f 3604//3513 3603//3514 3736//3514 
f 3609//3512 3604//3513 3738//3513 
f 3607//3511 3609//3512 3737//3512 
f 3608//3510 3607//3511 3745//3511 
f 3610//3509 3608//3510 3756//3510 
f 3570//3508 3610//3509 3755//3509 
f 3563//3507 3570//3508 3759//3508 
f 3588//3506 3563//3507 3747//3507 
f 3587//3505 3588//3506 3746//3506 
f 3568//3504 3587//3505 3757//3505 
f 3569//3503 3568//3504 3749//3504 
f 3586//3502 3569//3503 3748//3503 
f 3562//3501 3586//3502 3750//3502 
f 3561//3500 3562//3501 3762//3501 
f 3560//3497 3561//3500 3761//3500 
f 3763//3498 3955//3495 3557//3499 
f 3555//3496 3557//3499 3955//3495 
f 3556//3494 3555//3496 3949//3493 
f 3585//3492 3556//3494 3959//3491 
f 3584//3490 3585//3492 3956//3489 
f 3583//3488 3584//3490 3950//3487 
f 3582//3486 3583//3488 3951//3485 
f 3566//3484 3582//3486 3952//3483 
f 3567//3482 3566//3484 3953//3481 
f 3565//3480 3567//3482 3947//3479 
f 3554//3478 3565//3480 3948//3477 
f 3553//3476 3554//3478 3945//3475 
o mesh88
f 3776//3546 3765//3547 3614//3547 
f 3774//3548 3776//3546 3611//3549 
f 3775//3550 3774//3548 3642//3551 
f 3783//3552 3775//3550 3644//3553 
f 3781//3554 3783//3552 3643//3555 
f 3782//3556 3781//3554 3658//3557 
f 3779//3558 3782//3556 3660//3559 
f 3780//3560 3779//3558 3659//3561 
f 3769//3562 3780//3560 3661//3563 
f 3770//3564 3769//3562 3613//3565 
f 3768//3566 3770//3564 3612//3567 
f 3772//3568 3768//3566 3615//3569 
f 3773//3570 3772//3568 3625//3571 
f 3778//3572 3773//3570 3627//3573 
f 3771//3574 3778//3572 3626//3575 
f 3766//3576 3771//3574 3617//3577 
f 3767//3578 3766//3576 3616//3579 
f 3618//3578 3628//3580 3943//3581 
f 3628//3580 3939//3580 3943//3581 
f 3940//3582 3939//3580 3628//3580 
f 3942//3583 3940//3582 3629//3582 
f 3937//3584 3942//3583 3619//3583 
f 3936//3585 3937//3584 3620//3584 
f 3935//3586 3936//3585 3668//3585 
f 3931//3587 3935//3586 3663//3586 
f 3927//3588 3931//3587 3664//3587 
f 3928//3589 3927//3588 3665//3588 
f 3926//3590 3928//3589 3662//3589 
f 3921//3591 3926//3590 3666//3590 
f 3920//3592 3921//3591 3667//3591 
f 3925//3593 3920//3592 3631//3592 
f 3924//3594 3925//3593 3630//3593 
f 3922//3595 3924//3594 3645//3594 
f 3923//3596 3922//3595 3621//3595 
f 3933//3597 3923//3596 3632//3596 
f 3934//3598 3933//3597 3646//3597 
f 3932//3599 3934//3598 3648//3598 
f 3929//3600 3932//3599 3647//3599 
f 3930//3601 3929//3600 3649//3600 
f 3938//3602 3930//3601 3634//3601 
f 3941//3603 3938//3602 3633//3602 
f 3650//3604 3797//3604 3796//3605 
f 3796//3605 3651//3606 3650//3604 
f 3799//3607 3797//3604 3650//3604 
f 3798//3608 3799//3607 3653//3607 
f 3795//3609 3798//3608 3652//3608 
f 3791//3610 3795//3609 3654//3609 
f 3787//3611 3791//3610 3636//3610 
f 3777//3612 3787//3611 3635//3611 
f 3789//3613 3777//3612 3638//3612 
f 3790//3614 3789//3613 3637//3613 
f 3794//3615 3790//3614 3640//3614 
f 3792//3616 3794//3615 3639//3615 
f 3793//3617 3792//3616 3655//3616 
f 3788//3618 3793//3617 3657//3617 
f 3785//3619 3788//3618 3656//3618 
f 3786//3620 3785//3619 3641//3619 
f 3784//3621 3786//3620 3623//3620 
f 3764//3622 3784//3621 3622//3621 
f 3765//3547 3764//3622 3624//3622 
f 3624//3622 3614//3547 3765//3547 
f 3622//3621 3624//3622 3764//3622 
f 3623//3620 3622//3621 3784//3621 
f 3641//3619 3623//3620 3786//3620 
f 3656//3618 3641//3619 3785//3619 
f 3657//3617 3656//3618 3788//3618 
f 3655//3616 3657//3617 3793//3617 
f 3639//3615 3655//3616 3792//3616 
f 3640//3614 3639//3615 3794//3615 
f 3637//3613 3640//3614 3790//3614 
f 3638//3612 3637//3613 3789//3613 
f 3635//3611 3638//3612 3777//3612 
f 3636//3610 3635//3611 3787//3611 
f 3654//3609 3636//3610 3791//3610 
f 3652//3608 3654//3609 3795//3609 
f 3653//3607 3652//3608 3798//3608 
f 3650//3604 3653//3607 3799//3607 
f 3796//3605 3941//3603 3651//3606 
f 3633//3602 3651//3606 3941//3603 
f 3634//3601 3633//3602 3938//3602 
f 3649//3600 3634//3601 3930//3601 
f 3647//3599 3649//3600 3929//3600 
f 3648//3598 3647//3599 3932//3599 
f 3646//3597 3648//3598 3934//3598 
f 3632//3596 3646//3597 3933//3597 
f 3621//3595 3632//3596 3923//3596 
f 3645//3594 3621//3595 3922//3595 
f 3630//3593 3645//3594 3924//3594 
f 3631//3592 3630//3593 3925//3593 
f 3667//3591 3631//3592 3920//3592 
f 3666//3590 3667//3591 3921//3591 
f 3662//3589 3666//3590 3926//3590 
f 3665//3588 3662//3589 3928//3589 
f 3664//3587 3665//3588 3927//3588 
f 3663//3586 3664//3587 3931//3587 
f 3668//3585 3663//3586 3935//3586 
f 3620//3584 3668//3585 3936//3585 
f 3619//3583 3620//3584 3937//3584 
f 3629//3582 3619//3583 3942//3583 
f 3628//3580 3629//3582 3940//3582 
f 3943//3581 3767//3578 3618//3578 
f 3616//3579 3618//3578 3767//3578 
f 3617//3577 3616//3579 3766//3576 
f 3626//3575 3617//3577 3771//3574 
f 3627//3573 3626//3575 3778//3572 
f 3625//3571 3627//3573 3773//3570 
f 3615//3569 3625//3571 3772//3568 
f 3612//3567 3615//3569 3768//3566 
f 3613//3565 3612//3567 3770//3564 
f 3661//3563 3613//3565 3769//3562 
f 3659//3561 3661//3563 3780//3560 
f 3660//3559 3659//3561 3779//3558 
f 3658//3557 3660//3559 3782//3556 
f 3643//3555 3658//3557 3781//3554 
f 3644//3553 3643//3555 3783//3552 
f 3642//3551 3644//3553 3775//3550 
f 3611//3549 3642//3551 3774//3548 
f 3614//3547 3611//3549 3776//3546 
g Assembly - TRAY v1
v 0.0313828 0.0225424 0.0852408 
v 0.030768 0.0209576 0.0818422 
v 0.0329041 0.0207589 0.081416 
v 0.0287993 0.0226612 0.0854954 
v 0.0285936 0.0210576 0.0820565 
v 0.0339207 0.0223063 0.0847345 
v 0.0349768 0.0204638 0.0807831 
v 0.0236172 0.0225424 0.0852408 
v 0.024232 0.0209576 0.0818422 
v 0.0264064 0.0210576 0.0820565 
v 0.0210793 0.0223063 0.0847345 
v 0.0220959 0.0207589 0.081416 
v 0.0262007 0.0226612 0.0854954 
v 0.0186167 0.0219557 0.0839825 
v 0.0200232 0.0204638 0.0807831 
v 0.0409685 0.0209283 0.0817793 
v 0.038836 0.0195991 0.0789288 
v 0.0405772 0.0190397 0.0777291 
v 0.0387418 0.0214945 0.0829935 
v 0.0369619 0.0200757 0.0799507 
v 0.00475632 0.0157718 0.0707212 
v 0.00835741 0.0152591 0.0696215 
v 0.00916698 0.0161178 0.071463 
v 0.00406111 0.0147136 0.0684518 
v 0.00777226 0.0143684 0.0677115 
v 0.00364069 0.0136298 0.0661277 
v 0.00741841 0.0134562 0.0657553 
v 0.0035 0.0125332 0.0637759 
v 0.0073 0.0125332 0.0637759 
v 0.00571819 0.00827434 0.0546427 
v 0.00916698 0.00894866 0.0560888 
v 0.00835741 0.00980737 0.0579303 
v 0.00693543 0.00730403 0.0525619 
v 0.0101915 0.00813198 0.0543375 
v 0.0162582 0.00357189 0.0445583 
v 0.0180381 0.00499076 0.0476011 
v 0.016164 0.00546732 0.0486231 
v 0.0186167 0.00311075 0.0435694 
v 0.0200232 0.00460264 0.0467688 
v 0.0515 0.0125332 0.0637759 
v 0.0513593 0.0136298 0.0661277 
v 0.0475816 0.0134562 0.0657553 
v 0.0509389 0.0147136 0.0684518 
v 0.0472277 0.0143684 0.0677115 
v 0.0502437 0.0157718 0.0707212 
v 0.0466426 0.0152591 0.0696215 
v 0.0492818 0.0167921 0.0729091 
v 0.045833 0.0161178 0.071463 
v 0.0480646 0.0177624 0.0749899 
v 0.0448085 0.0169344 0.0732144 
v 0.0466062 0.0186714 0.0769393 
v 0.0435811 0.0176995 0.0748551 
v 0.0449239 0.0195084 0.0787343 
v 0.0421651 0.018404 0.0763659 
v 0.0430373 0.0202637 0.080354 
v 0.0363833 0.0219557 0.0839825 
v 0.0162582 0.0214945 0.0829935 
v 0.0180381 0.0200757 0.0799507 
v 0.0100761 0.0195084 0.0787343 
v 0.0128349 0.018404 0.0763659 
v 0.0144228 0.0190397 0.0777291 
v 0.00839377 0.0186714 0.0769393 
v 0.0114189 0.0176995 0.0748551 
v 0.00693543 0.0177624 0.0749899 
v 0.0101915 0.0169344 0.0732144 
v 0.00571819 0.0167921 0.0729091 
v 0.00364069 0.0114366 0.0614242 
v 0.00741841 0.0116102 0.0617965 
v 0.00406111 0.0103528 0.0591 
v 0.00777226 0.010698 0.0598404 
v 0.00839377 0.00639502 0.0506125 
v 0.0114189 0.0073669 0.0526967 
v 0.0100761 0.00555798 0.0488175 
v 0.0119627 0.00480272 0.0471978 
v 0.0144228 0.00602672 0.0498227 
v 0.0140315 0.00413809 0.0457725 
v 0.0210793 0.00276008 0.0428174 
v 0.0220959 0.00430749 0.0461358 
v 0.0140315 0.0209283 0.0817793 
v 0.016164 0.0195991 0.0789288 
v 0.0119627 0.0202637 0.080354 
v 0.00475632 0.00929459 0.0568307 
v 0.0128349 0.0066624 0.0511859 
v 0.0236172 0.00252399 0.0423111 
v 0.024232 0.00410878 0.0457097 
v 0.0262007 0.00240525 0.0420564 
v 0.0264064 0.00400884 0.0454954 
v 0.0339207 0.00276008 0.0428174 
v 0.0329041 0.00430749 0.0461358 
v 0.030768 0.00410878 0.0457097 
v 0.0363833 0.00311075 0.0435694 
v 0.0349768 0.00460264 0.0467688 
v 0.0387418 0.00357189 0.0445583 
v 0.0369619 0.00499076 0.0476011 
v 0.0409685 0.00413809 0.0457725 
v 0.038836 0.00546732 0.0486231 
v 0.0430373 0.00480272 0.0471978 
v 0.0405772 0.00602672 0.0498227 
v 0.0449239 0.00555798 0.0488175 
v 0.0421651 0.0066624 0.0511859 
v 0.0509389 0.0103528 0.0591 
v 0.0472277 0.010698 0.0598404 
v 0.0466426 0.00980737 0.0579303 
v 0.0513593 0.0114366 0.0614242 
v 0.0475816 0.0116102 0.0617965 
v 0.0287993 0.00240525 0.0420564 
v 0.0285936 0.00400884 0.0454954 
v 0.0313828 0.00252399 0.0423111 
v 0.0466062 0.00639502 0.0506125 
v 0.0435811 0.0073669 0.0526967 
v 0.0480646 0.00730403 0.0525619 
v 0.0448085 0.00813198 0.0543375 
v 0.0492818 0.00827434 0.0546427 
v 0.045833 0.00894866 0.0560888 
v 0.0502437 0.00929459 0.0568307 
v 0.0477 0.0125332 0.0637759 
v 0.0035 0.0141646 0.0630152 
v 0.00406111 0.016345 0.0676911 
v 0.00385 0.0158008 0.0665241 
v 0.00475632 0.0174032 0.0699605 
v 0.00571819 0.0184234 0.0721484 
v 0.00693543 0.0193937 0.0742292 
v 0.00839377 0.0203027 0.0761786 
v 0.0100761 0.0211398 0.0779736 
v 0.01365 0.0224371 0.0807557 
v 0.0140315 0.0225597 0.0810186 
v 0.0162582 0.0231259 0.0822328 
v 0.0186167 0.023587 0.0832217 
v 0.0210793 0.0239377 0.0839738 
v 0.0236172 0.0241738 0.0844801 
v 0.0262007 0.0242925 0.0847347 
v 0.0287993 0.0242925 0.0847347 
v 0.0313828 0.0241738 0.0844801 
v 0.0339207 0.0239377 0.0839738 
v 0.0363833 0.023587 0.0832217 
v 0.0387418 0.0231259 0.0822328 
v 0.0430373 0.021895 0.0795933 
v 0.04135 0.0224371 0.0807557 
v 0.0449239 0.0211398 0.0779736 
v 0.0466062 0.0203027 0.0761786 
v 0.0480646 0.0193937 0.0742292 
v 0.0492818 0.0184234 0.0721484 
v 0.0502437 0.0174032 0.0699605 
v 0.05115 0.0158008 0.0665241 
v 0.0513593 0.0152612 0.0653669 
v 0.0515 0.0141646 0.0630152 
v 0.0509389 0.0119842 0.0583393 
v 0.05115 0.0125284 0.0595063 
v 0.0502437 0.0109259 0.05607 
v 0.0492818 0.0099057 0.053882 
v 0.0480646 0.00893538 0.0518012 
v 0.0466062 0.00802638 0.0498518 
v 0.0449239 0.00718934 0.0480568 
v 0.04135 0.00589201 0.0452747 
v 0.0409685 0.00576945 0.0450118 
v 0.0387418 0.00520324 0.0437976 
v 0.0363833 0.0047421 0.0428087 
v 0.0339207 0.00439143 0.0420567 
v 0.0313828 0.00415534 0.0415504 
v 0.0287993 0.0040366 0.0412957 
v 0.0262007 0.0040366 0.0412957 
v 0.0236172 0.00415534 0.0415504 
v 0.0210793 0.00439143 0.0420567 
v 0.0186167 0.0047421 0.0428087 
v 0.0162582 0.00520324 0.0437976 
v 0.0119627 0.00643408 0.0464371 
v 0.01365 0.00589201 0.0452747 
v 0.0100761 0.00718934 0.0480568 
v 0.00839377 0.00802638 0.0498518 
v 0.00693543 0.00893538 0.0518012 
v 0.00571819 0.0099057 0.053882 
v 0.00475632 0.0109259 0.05607 
v 0.00385 0.0125284 0.0595063 
v 0.00364069 0.0130679 0.0606635 
v 0.00406111 0.0119842 0.0583393 
v 0.0140315 0.00576945 0.0450118 
v 0.0430373 0.00643408 0.0464371 
v 0.0513593 0.0130679 0.0606635 
v 0.0509389 0.016345 0.0676911 
v 0.0409685 0.0225597 0.0810186 
v 0.0119627 0.021895 0.0795933 
v 0.00364069 0.0152612 0.0653669 
v 0.00741841 0.0132416 0.0610358 
v 0.0073 0.0141646 0.0630152 
v 0.00777226 0.0123294 0.0590797 
v 0.00835741 0.0114387 0.0571696 
v 0.00916698 0.01058 0.0553281 
v 0.0101915 0.00976334 0.0535767 
v 0.0114189 0.00899826 0.051936 
v 0.0128349 0.00829375 0.0504252 
v 0.0144228 0.00765807 0.049062 
v 0.016164 0.00709867 0.0478624 
v 0.0180381 0.00662212 0.0468404 
v 0.0200232 0.00623399 0.046008 
v 0.0220959 0.00593884 0.0453751 
v 0.024232 0.00574013 0.044949 
v 0.0264064 0.00564019 0.0447346 
v 0.0285936 0.00564019 0.0447346 
v 0.030768 0.00574013 0.044949 
v 0.0329041 0.00593884 0.0453751 
v 0.0349768 0.00623399 0.046008 
v 0.0369619 0.00662212 0.0468404 
v 0.038836 0.00709867 0.0478624 
v 0.0405772 0.00765807 0.049062 
v 0.0421651 0.00829375 0.0504252 
v 0.0435811 0.00899826 0.051936 
v 0.0448085 0.00976334 0.0535767 
v 0.045833 0.01058 0.0553281 
v 0.0466426 0.0114387 0.0571696 
v 0.0472277 0.0123294 0.0590797 
v 0.0475816 0.0132416 0.0610358 
v 0.0477 0.0141646 0.0630152 
v 0.0475816 0.0150876 0.0649946 
v 0.0472277 0.0159997 0.0669508 
v 0.0466426 0.0168904 0.0688608 
v 0.045833 0.0177491 0.0707023 
v 0.0448085 0.0185658 0.0724537 
v 0.0435811 0.0193309 0.0740944 
v 0.0421651 0.0200354 0.0756052 
v 0.0405772 0.0206711 0.0769684 
v 0.038836 0.0212305 0.0781681 
v 0.0369619 0.021707 0.07919 
v 0.0349768 0.0220951 0.0800224 
v 0.0329041 0.0223903 0.0806553 
v 0.030768 0.022589 0.0810815 
v 0.0285936 0.0226889 0.0812958 
v 0.0264064 0.0226889 0.0812958 
v 0.024232 0.022589 0.0810815 
v 0.0220959 0.0223903 0.0806553 
v 0.0200232 0.0220951 0.0800224 
v 0.0180381 0.021707 0.07919 
v 0.016164 0.0212305 0.0781681 
v 0.0144228 0.0206711 0.0769684 
v 0.0128349 0.0200354 0.0756052 
v 0.0114189 0.0193309 0.0740944 
v 0.0101915 0.0185658 0.0724537 
v 0.00916698 0.0177491 0.0707023 
v 0.00835741 0.0168904 0.0688608 
v 0.00777226 0.0159997 0.0669508 
v 0.00741841 0.0150876 0.0649946 
v 0.0394103 0.0171931 0.06951 
v 0.0385657 0.0177196 0.070639 
v 0.0406724 0.0160403 0.0670377 
v 0.041075 0.0154274 0.0657233 
v 0.0401153 0.0166312 0.0683048 
v 0.0375913 0.0182044 0.0716786 
v 0.0223551 0.00870739 0.0513123 
v 0.0209891 0.00897447 0.051885 
v 0.0237814 0.00850429 0.0508767 
v 0.0297488 0.00836756 0.0505835 
v 0.0312186 0.00850429 0.0508767 
v 0.0155897 0.011136 0.0565204 
v 0.0148847 0.011698 0.0577256 
v 0.0164343 0.0106095 0.0553914 
v 0.0196995 0.00930239 0.0525882 
v 0.0252512 0.00836756 0.0505835 
v 0.0267475 0.00829878 0.050436 
v 0.0282525 0.00829878 0.050436 
v 0.0364987 0.0186418 0.0726167 
v 0.0353005 0.0190267 0.0734422 
v 0.0340109 0.0193547 0.0741454 
v 0.0143276 0.0122889 0.0589927 
v 0.0326449 0.00870739 0.0513123 
v 0.0413185 0.0147997 0.0643773 
v 0.0312186 0.0198248 0.0751537 
v 0.0326449 0.0196217 0.0747182 
v 0.0297488 0.0199616 0.0754469 
v 0.0136815 0.0135294 0.0616532 
v 0.0136 0.0141646 0.0630152 
v 0.013925 0.0129017 0.0603071 
v 0.0174087 0.0101247 0.0543518 
v 0.0185013 0.00968732 0.0534137 
v 0.0340109 0.00897447 0.051885 
v 0.0353005 0.00930239 0.0525882 
v 0.0282525 0.0200303 0.0755944 
v 0.0267475 0.0200303 0.0755944 
v 0.0252512 0.0199616 0.0754469 
v 0.0237814 0.0198248 0.0751537 
v 0.0223551 0.0196217 0.0747182 
v 0.0209891 0.0193547 0.0741454 
v 0.0364987 0.00968732 0.0534137 
v 0.0375913 0.0101247 0.0543518 
v 0.0385657 0.0106095 0.0553914 
v 0.0394103 0.011136 0.0565204 
v 0.0401153 0.011698 0.0577256 
v 0.0406724 0.0122889 0.0589927 
v 0.0196995 0.0190267 0.0734422 
v 0.0148847 0.0166312 0.0683048 
v 0.0155897 0.0171931 0.06951 
v 0.0143276 0.0160403 0.0670377 
v 0.0136815 0.0147997 0.0643773 
v 0.013925 0.0154274 0.0657233 
v 0.041075 0.0129017 0.0603071 
v 0.0413185 0.0135294 0.0616532 
v 0.0185013 0.0186418 0.0726167 
v 0.0174087 0.0182044 0.0716786 
v 0.0164343 0.0177196 0.070639 
v 0.0414 0.0141646 0.0630152 
v 0.0136815 0.0149342 0.0609981 
v 0.0136 0.0155693 0.0623601 
v 0.013925 0.0143065 0.059652 
v 0.0143276 0.0136936 0.0583377 
v 0.0148847 0.0131027 0.0570705 
v 0.0155897 0.0125408 0.0558654 
v 0.0164343 0.0120143 0.0547364 
v 0.0174087 0.0115295 0.0536967 
v 0.0185013 0.0110921 0.0527587 
v 0.0196995 0.0107072 0.0519332 
v 0.0209891 0.0103792 0.0512299 
v 0.0223551 0.0101122 0.0506572 
v 0.0237814 0.00990907 0.0502217 
v 0.0252512 0.00977233 0.0499284 
v 0.0267475 0.00970356 0.0497809 
v 0.0282525 0.00970356 0.0497809 
v 0.0297488 0.00977233 0.0499284 
v 0.0312186 0.00990907 0.0502217 
v 0.0326449 0.0101122 0.0506572 
v 0.0340109 0.0103792 0.0512299 
v 0.0353005 0.0107072 0.0519332 
v 0.0364987 0.0110921 0.0527587 
v 0.0375913 0.0115295 0.0536967 
v 0.0385657 0.0120143 0.0547364 
v 0.0394103 0.0125408 0.0558654 
v 0.0401153 0.0131027 0.0570705 
v 0.0406724 0.0136936 0.0583377 
v 0.041075 0.0143065 0.059652 
v 0.0413185 0.0149342 0.0609981 
v 0.0414 0.0155693 0.0623601 
v 0.0413185 0.0162045 0.0637222 
v 0.041075 0.0168322 0.0650683 
v 0.0406724 0.017445 0.0663826 
v 0.0401153 0.0180359 0.0676498 
v 0.0394103 0.0185979 0.0688549 
v 0.0385657 0.0191244 0.0699839 
v 0.0375913 0.0196092 0.0710236 
v 0.0364987 0.0200466 0.0719616 
v 0.0353005 0.0204315 0.0727871 
v 0.0340109 0.0207594 0.0734903 
v 0.0326449 0.0210265 0.0740631 
v 0.0312186 0.0212296 0.0744986 
v 0.0297488 0.0213663 0.0747919 
v 0.0282525 0.0214351 0.0749394 
v 0.0267475 0.0214351 0.0749394 
v 0.0252512 0.0213663 0.0747919 
v 0.0237814 0.0212296 0.0744986 
v 0.0223551 0.0210265 0.0740631 
v 0.0209891 0.0207594 0.0734903 
v 0.0196995 0.0204315 0.0727871 
v 0.0185013 0.0200466 0.0719616 
v 0.0174087 0.0196092 0.0710236 
v 0.0164343 0.0191244 0.0699839 
v 0.0155897 0.0185979 0.0688549 
v 0.0148847 0.0180359 0.0676498 
v 0.0143276 0.017445 0.0663826 
v 0.013925 0.0168322 0.0650683 
v 0.0136815 0.0162045 0.0637222 
v 0.0122 -0.000278845 0.0283736 
v 0.008 -0.000278845 0.0283736 
v 0.00838284 0.00154699 0.0322891 
v 0.00767866 0.0014982 0.0321845 
v 0.00803388 0.00151452 0.0322195 
v 0.00552786 -0.000113369 0.0287285 
v 0.00474611 1.34535e-05 0.0290004 
v 0.00627854 0.0015952 0.0323925 
v 0.004 0.000174116 0.029345 
v 0.00595425 0.00165861 0.0325285 
v 0.00716377 -0.000260323 0.0284133 
v 0.00732134 0.0014982 0.0321845 
v 0.00633671 -0.000204963 0.028532 
v 0.00696612 0.00151452 0.0322195 
v 0.00661716 0.00154699 0.0322891 
v 0.00329772 0.000366859 0.0297583 
v 0.00564808 0.00173646 0.0326954 
v 0.00264696 0.000589569 0.0302359 
v 0.00536363 0.00182785 0.0328914 
v 0.00205484 0.000839807 0.0307726 
v 0.00510421 0.0019317 0.0331141 
v 0.0107807 0.00304158 0.0354943 
v 0.0107228 0.0031906 0.0358139 
v 0.0106273 0.00244548 0.0342159 
v 0.0107228 0.00259099 0.034528 
v -0.0025 0.00699019 0.0439621 
v 0.00661716 0.0042346 0.0380527 
v 0.00627854 0.00418638 0.0379493 
v 0.00838284 0.0042346 0.0380527 
v 0.00803388 0.00426706 0.0381223 
v 0.0101271 0.00373479 0.0369809 
v 0.00989579 0.00384989 0.0372277 
v 0.0106273 0.0033361 0.0361259 
v 0.010495 0.0023052 0.0339151 
v 0.00963637 0.00182785 0.0328914 
v 0.00989579 0.0019317 0.0331141 
v 0.00872146 0.0015952 0.0323925 
v 0.00904575 0.00165861 0.0325285 
v 0.00696612 0.00426706 0.0381223 
v 0.00732134 0.00428339 0.0381573 
v 0.00872146 0.00418638 0.0379493 
v 0.0103276 0.0036098 0.0367128 
v 0.010495 0.00347639 0.0364267 
v 0.0108 0.00289079 0.0351709 
v 0.0103276 0.00217178 0.033629 
v 0.0101271 0.00204679 0.033361 
v 0.00935192 0.00173646 0.0326954 
v 0.000691636 0.00172695 0.032675 
v 0.000391548 0.00205733 0.0333836 
v 0.00437274 0.00244548 0.0342159 
v 0.00904575 0.00412297 0.0378133 
v 0.00963637 0.00395373 0.0374504 
v 0.00935192 0.00404512 0.0376464 
v 0.0107807 0.00274001 0.0348476 
v 0.00152786 0.00111483 0.0313624 
v 0.00487289 0.00204679 0.033361 
v 0.0010718 0.00141163 0.0319988 
v 0.00467237 0.00217178 0.033629 
v 0.004505 0.0023052 0.0339151 
v 0.00427715 0.00259099 0.034528 
v 0.00564808 0.00404512 0.0376464 
v 0.00536363 0.00395373 0.0374504 
v 0.00767866 0.00428339 0.0381573 
v 0.004505 0.00347639 0.0364267 
v 0.00437274 0.0033361 0.0361259 
v 0.00595425 0.00412297 0.0378133 
v 4.38248e-05 0.0027487 0.0348662 
v 0.0042 0.00289079 0.0351709 
v 0.00421934 0.00274001 0.0348476 
v 0.00467237 0.0036098 0.0367128 
v 0.00510421 0.00384989 0.0372277 
v 0.00487289 0.00373479 0.0369809 
v 0.000174819 0.00239916 0.0341166 
v 0.00427715 0.0031906 0.0358139 
v 0.00421934 0.00304158 0.0354943 
v -1.04083e-17 0.0031021 0.0356241 
v 0.00474611 0.0311252 0.0957199 
v 0.00627854 0.0295435 0.0923278 
v 0.00595425 0.0294801 0.0921918 
v 0.00552786 0.031252 0.0959918 
v 0.00661716 0.0295917 0.0924312 
v 0.004 0.0309646 0.0953753 
v 0.00564808 0.0294022 0.0920248 
v 0.00633671 0.0313436 0.0961883 
v 0.00696612 0.0296242 0.0925008 
v 0.00716377 0.031399 0.096307 
v 0.00732134 0.0296405 0.0925358 
v 0.0122 0.0314175 0.0963467 
v 0.00935192 0.0294022 0.0920248 
v 0.00904575 0.0294801 0.0921918 
v 0.0101271 0.0290919 0.0913593 
v 0.00989579 0.029207 0.0916062 
v 0.0107807 0.0283987 0.0898727 
v 0.0107228 0.0285477 0.0901923 
v 0.008 0.0314175 0.0963467 
v 0.00767866 0.0296405 0.0925358 
v 0.00838284 0.0295917 0.0924312 
v 0.00803388 0.0296242 0.0925008 
v 0.00872146 0.0295435 0.0923278 
v 0.00963637 0.0293108 0.0918289 
v 0.0103276 0.0289669 0.0910913 
v 0.0106273 0.0286932 0.0905044 
v 0.00767866 0.0268553 0.086563 
v 0.00803388 0.0268716 0.086598 
v 0.00661716 0.0269041 0.0866676 
v 0.00696612 0.0268716 0.086598 
v 0.00595425 0.0270157 0.086907 
v 0.00627854 0.0269523 0.086771 
v 0.00510421 0.0272888 0.0874926 
v 0.00536363 0.0271849 0.0872699 
v 0.010495 0.0288335 0.0908052 
v 0.00935192 0.0270936 0.0870739 
v 0.00963637 0.0271849 0.0872699 
v 0.00838284 0.0269041 0.0866676 
v 0.00732134 0.0268553 0.086563 
v 0.00564808 0.0270936 0.0870739 
v 0.0107807 0.0280971 0.089226 
v 0.0106273 0.0278026 0.0885944 
v 0.0107228 0.0279481 0.0889064 
v 0.0103276 0.0275289 0.0880075 
v 0.010495 0.0276623 0.0882936 
v 0.00989579 0.0272888 0.0874926 
v 1.04083e-17 0.0280366 0.0890962 
v 0.00467237 0.0275289 0.0880075 
v 0.00427715 0.0279481 0.0889064 
v 0.00437274 0.0278026 0.0885944 
v 0.000691636 0.0294117 0.0920453 
v 0.004505 0.0288335 0.0908052 
v 0.00437274 0.0286932 0.0905044 
v 0.0108 0.0282479 0.0895494 
v 0.0101271 0.0274039 0.0877394 
v 0.00872146 0.0269523 0.086771 
v 0.00904575 0.0270157 0.086907 
v 0.00487289 0.0274039 0.0877394 
v 0.004505 0.0276623 0.0882936 
v 4.38248e-05 0.02839 0.0898541 
v 0.000174819 0.0287395 0.0906037 
v 0.00421934 0.0283987 0.0898727 
v 0.000391548 0.0290813 0.0913367 
v 0.0010718 0.0297271 0.0927215 
v 0.00467237 0.0289669 0.0910913 
v 0.00152786 0.0300238 0.0933579 
v 0.00487289 0.0290919 0.0913593 
v 0.00205484 0.0302989 0.0939477 
v 0.00510421 0.029207 0.0916062 
v 0.00264696 0.0305491 0.0944844 
v 0.00536363 0.0293108 0.0918289 
v 0.00329772 0.0307718 0.094962 
v 0.0042 0.0282479 0.0895494 
v 0.00427715 0.0285477 0.0901923 
v 0.00421934 0.0280971 0.089226 
v -0.0025 0.0280366 0.0890962 
v 0.055 0.00699019 0.0439621 
v 0.0456481 0.0270936 0.0870739 
v 0.0549562 0.02839 0.0898541 
v 0.0508 0.0282479 0.0895494 
v 0.0507807 0.0283987 0.0898727 
v 0.055 0.0280366 0.0890962 
v 0.0507807 0.0280971 0.089226 
v 0.0543084 0.0294117 0.0920453 
v 0.0546085 0.0290813 0.0913367 
v 0.0506273 0.0286932 0.0905044 
v 0.0548252 0.0287395 0.0906037 
v 0.0507228 0.0285477 0.0901923 
v 0.0476787 0.0268553 0.086563 
v 0.0451042 0.0272888 0.0874926 
v 0.0453636 0.0271849 0.0872699 
v 0.0539282 0.0297271 0.0927215 
v 0.050495 0.0288335 0.0908052 
v 0.0462785 0.0269523 0.086771 
v 0.0448729 0.0274039 0.0877394 
v 0.0507228 0.0279481 0.0889064 
v 0.050495 0.0276623 0.0882936 
v 0.0506273 0.0278026 0.0885944 
v 0.0459543 0.0270157 0.086907 
v 0.0446724 0.0275289 0.0880075 
v 0.0442193 0.0280971 0.089226 
v 0.0442772 0.0279481 0.0889064 
v 0.044505 0.0288335 0.0908052 
v 0.0443727 0.0286932 0.0905044 
v 0.047 0.0314175 0.0963467 
v 0.0459543 0.0294801 0.0921918 
v 0.0456481 0.0294022 0.0920248 
v 0.0469661 0.0296242 0.0925008 
v 0.0466172 0.0295917 0.0924312 
v 0.0486633 0.0313436 0.0961883 
v 0.0480339 0.0296242 0.0925008 
v 0.0476787 0.0296405 0.0925358 
v 0.0494721 0.031252 0.0959918 
v 0.0483828 0.0295917 0.0924312 
v 0.0529452 0.0302989 0.0939477 
v 0.0534721 0.0300238 0.0933579 
v 0.0501271 0.0290919 0.0913593 
v 0.0503276 0.0289669 0.0910913 
v 0.0503276 0.0275289 0.0880075 
v 0.0442772 0.0285477 0.0901923 
v 0.0442193 0.0283987 0.0898727 
v 0.0446724 0.0289669 0.0910913 
v 0.0462785 0.0295435 0.0923278 
v 0.0473213 0.0296405 0.0925358 
v 0.0502539 0.0311252 0.0957199 
v 0.0487215 0.0295435 0.0923278 
v 0.051 0.0309646 0.0953753 
v 0.0490457 0.0294801 0.0921918 
v 0.0517023 0.0307718 0.094962 
v 0.0493519 0.0294022 0.0920248 
v 0.0501271 0.0274039 0.0877394 
v 0.0480339 0.0268716 0.086598 
v 0.0483828 0.0269041 0.0866676 
v 0.0451042 0.029207 0.0916062 
v 0.0448729 0.0290919 0.0913593 
v 0.0478362 0.031399 0.096307 
v 0.0498958 0.0272888 0.0874926 
v 0.0487215 0.0269523 0.086771 
v 0.0490457 0.0270157 0.086907 
v 0.0443727 0.0278026 0.0885944 
v 0.0453636 0.0293108 0.0918289 
v 0.052353 0.0305491 0.0944844 
v 0.0496364 0.0293108 0.0918289 
v 0.0498958 0.029207 0.0916062 
v 0.0493519 0.0270936 0.0870739 
v 0.0496364 0.0271849 0.0872699 
v 0.0466172 0.0269041 0.0866676 
v 0.044505 0.0276623 0.0882936 
v 0.0442 0.0282479 0.0895494 
v 0.0473213 0.0268553 0.086563 
v 0.0469661 0.0268716 0.086598 
v 0.0413541 -0.00768595 0.012489 
v 0.0425 -0.0061955 0.0156853 
v 0.0424671 -0.00646055 0.0151169 
v 0.0409589 -0.00789222 0.0120467 
v 0.0422063 -0.00697908 0.0140049 
v 0.0419813 -0.00722687 0.0134735 
v 0.0416962 -0.00746336 0.0129664 
v 0.0423689 -0.0067227 0.0145547 
v 0.055 0.0031021 0.0356241 
v 0.0549562 0.0027487 0.0348662 
v 0.0508 0.00289079 0.0351709 
v 0.0548252 0.00239916 0.0341166 
v 0.0507807 0.00274001 0.0348476 
v 0.0149733 -0.00824693 0.011286 
v 0.0133038 -0.00746336 0.0129664 
v 0.0130187 -0.00722687 0.0134735 
v 0.0400267 -0.00824693 0.011286 
v 0.0395 -0.00839149 0.010976 
v 0.0405148 -0.0080799 0.0116442 
v 0.0517023 0.000366859 0.0297583 
v 0.0493519 0.00173646 0.0326954 
v 0.0496364 0.00182785 0.0328914 
v 0.051 0.000174116 0.029345 
v 0.0490457 0.00165861 0.0325285 
v 0.0494721 -0.000113369 0.0287285 
v 0.0483828 0.00154699 0.0322891 
v 0.0487215 0.0015952 0.0323925 
v 0.0486633 -0.000204963 0.028532 
v 0.0480339 0.00151452 0.0322195 
v 0.0126311 -0.0067227 0.0145547 
v 0.0125329 -0.00646055 0.0151169 
v 0.0136459 -0.00768595 0.012489 
v 0.0144852 -0.0080799 0.0116442 
v 0.0125 -0.0061955 0.0156853 
v 0.0160596 -0.00851199 0.0107176 
v 0.0155 -0.00839149 0.010976 
v 0.0389404 -0.00851199 0.0107176 
v 0.0466172 0.0042346 0.0380527 
v 0.0462785 0.00418638 0.0379493 
v 0.0469661 0.00426706 0.0381223 
v 0.050495 0.00347639 0.0364267 
v 0.0507228 0.0031906 0.0358139 
v 0.0506273 0.0033361 0.0361259 
v 0.0507807 0.00304158 0.0354943 
v 0.0546085 0.00205733 0.0333836 
v 0.0507228 0.00259099 0.034528 
v 0.0543084 0.00172695 0.032675 
v 0.050495 0.0023052 0.0339151 
v 0.0506273 0.00244548 0.0342159 
v 0.0502539 1.34535e-05 0.0290004 
v 0.0478362 -0.000260323 0.0284133 
v 0.0476787 0.0014982 0.0321845 
v 0.0127937 -0.00697908 0.0140049 
v 0.0140411 -0.00789222 0.0120467 
v 0.0166459 -0.0086071 0.0105136 
v 0.0178728 -0.00871732 0.0102772 
v 0.0172525 -0.0086758 0.0103663 
v 0.0383541 -0.0086071 0.0105136 
v 0.0377475 -0.0086758 0.0103663 
v 0.0442193 0.00304158 0.0354943 
v 0.0442 0.00289079 0.0351709 
v 0.044505 0.00347639 0.0364267 
v 0.0443727 0.0033361 0.0361259 
v 0.0459543 0.00412297 0.0378133 
v 0.0456481 0.00404512 0.0376464 
v 0.0496364 0.00395373 0.0374504 
v 0.0493519 0.00404512 0.0376464 
v 0.0539282 0.00141163 0.0319988 
v 0.0503276 0.00217178 0.033629 
v 0.0425 -0.000278845 0.0283736 
v 0.0462785 0.0015952 0.0323925 
v 0.0466172 0.00154699 0.0322891 
v 0.0456481 0.00173646 0.0326954 
v 0.0459543 0.00165861 0.0325285 
v 0.0442772 0.0031906 0.0358139 
v 0.0446724 0.0036098 0.0367128 
v 0.0451042 0.00384989 0.0372277 
v 0.0448729 0.00373479 0.0369809 
v 0.0453636 0.00395373 0.0374504 
v 0.0473213 0.00428339 0.0381573 
v 0.0483828 0.0042346 0.0380527 
v 0.0480339 0.00426706 0.0381223 
v 0.0490457 0.00412297 0.0378133 
v 0.0487215 0.00418638 0.0379493 
v 0.0498958 0.00384989 0.0372277 
v 0.0503276 0.0036098 0.0367128 
v 0.0501271 0.00373479 0.0369809 
v 0.0534721 0.00111483 0.0313624 
v 0.0501271 0.00204679 0.033361 
v 0.0529452 0.000839807 0.0307726 
v 0.0498958 0.0019317 0.0331141 
v 0.047 -0.000278845 0.0283736 
v 0.0473213 0.0014982 0.0321845 
v 0.0469661 0.00151452 0.0322195 
v 0.0365 -0.00873121 0.0102475 
v 0.0371272 -0.00871732 0.0102772 
v 0.0476787 0.00428339 0.0381573 
v 0.052353 0.000589569 0.0302359 
v 0.0451042 0.0019317 0.0331141 
v 0.0453636 0.00182785 0.0328914 
v 0.0446724 0.00217178 0.033629 
v 0.0448729 0.00204679 0.033361 
v 0.0442772 0.00259099 0.034528 
v 0.0443727 0.00244548 0.0342159 
v 0.0185 -0.00873121 0.0102475 
v 0.044505 0.0023052 0.0339151 
v 0.0442193 0.00274001 0.0348476 
v 0.0125 -0.000278845 0.0283736 
v -0.0025 0.0031021 0.0356241 
v 0.0122 0.00699019 0.0439621 
v 0.0365 -0.010136 0.0109025 
v 0.0371272 -0.0101221 0.0109323 
v 0.0377475 -0.0100806 0.0110213 
v 0.0383541 -0.0100119 0.0111687 
v 0.0389404 -0.00991676 0.0113726 
v 0.039802 -0.00971337 0.0118088 
v 0.0400267 -0.00965171 0.011941 
v 0.0405148 -0.00948468 0.0122992 
v 0.0413541 -0.00909073 0.0131441 
v 0.04135 -0.00909287 0.0131395 
v 0.0416962 -0.00886813 0.0136214 
v 0.0419813 -0.00863164 0.0141286 
v 0.0422063 -0.00838385 0.01466 
v 0.0423689 -0.00812748 0.0152098 
v 0.0424671 -0.00786533 0.0157719 
v 0.0425 -0.00760028 0.0163404 
v 0.0409589 -0.009297 0.0127017 
v 0.0395 -0.00979627 0.011631 
v 0.0185 -0.010136 0.0109025 
v 0.0178728 -0.0101221 0.0109323 
v 0.0172525 -0.0100806 0.0110213 
v 0.0166459 -0.0100119 0.0111687 
v 0.0160596 -0.00991676 0.0113726 
v 0.0155 -0.00979627 0.011631 
v 0.015198 -0.00971337 0.0118088 
v 0.0149733 -0.00965171 0.011941 
v 0.0144852 -0.00948468 0.0122992 
v 0.0140411 -0.009297 0.0127017 
v 0.01365 -0.00909287 0.0131395 
v 0.0136459 -0.00909073 0.0131441 
v 0.0133038 -0.00886813 0.0136214 
v 0.0130187 -0.00863164 0.0141286 
v 0.0127937 -0.00838385 0.01466 
v 0.0126311 -0.00812748 0.0152098 
v 0.0125329 -0.00786533 0.0157719 
v 0.0125 -0.00760028 0.0163404 
v 1.04083e-17 0.0266318 0.0897513 
v 4.38248e-05 0.0269852 0.0905092 
v 0.000174819 0.0273347 0.0912587 
v 0.000391548 0.0276766 0.0919918 
v 0.000691636 0.028007 0.0927003 
v 0.0010718 0.0283223 0.0933765 
v 0.00152786 0.0286191 0.094013 
v 0.00205484 0.0288941 0.0946028 
v 0.00264696 0.0291443 0.0951394 
v 0.00329772 0.029367 0.095617 
v 0.00385 0.0295186 0.0959421 
v 0.004 0.0295598 0.0960304 
v 0.00474611 0.0297204 0.0963749 
v 0.00552786 0.0298473 0.0966469 
v 0.00633671 0.0299389 0.0968433 
v 0.00716377 0.0299942 0.096962 
v 0.008 0.0300127 0.0970017 
v 0.01365 0.0300127 0.0970017 
v 0.04135 0.0300127 0.0970017 
v 0.047 0.0300127 0.0970017 
v 0.0478362 0.0299942 0.096962 
v 0.0486633 0.0299389 0.0968433 
v 0.0494721 0.0298473 0.0966469 
v 0.0502539 0.0297204 0.0963749 
v 0.051 0.0295598 0.0960304 
v 0.05115 0.0295186 0.0959421 
v 0.0517023 0.029367 0.095617 
v 0.052353 0.0291443 0.0951394 
v 0.0529452 0.0288941 0.0946028 
v 0.0534721 0.0286191 0.094013 
v 0.0539282 0.0283223 0.0933765 
v 0.0543084 0.028007 0.0927003 
v 0.0546085 0.0276766 0.0919918 
v 0.0548252 0.0273347 0.0912587 
v 0.0549562 0.0269852 0.0905092 
v 0.055 0.0266318 0.0897513 
v 0.055 0.0248779 0.0859901 
v 0.055 0.00345119 0.0400403 
v 0.055 0.00169732 0.0362791 
v 0.0549562 0.00134392 0.0355212 
v 0.0548252 0.000994386 0.0347717 
v 0.0546085 0.000652555 0.0340386 
v 0.0543084 0.00032217 0.0333301 
v 0.0539282 6.85138e-06 0.0326539 
v 0.0534721 -0.000289946 0.0320174 
v 0.0529452 -0.00056497 0.0314276 
v 0.052353 -0.000815208 0.030891 
v 0.0517914 -0.00100743 0.0304788 
v 0.0517023 -0.00103792 0.0304134 
v 0.05115 -0.00118949 0.0300883 
v 0.051 -0.00123066 0.03 
v 0.0502539 -0.00139132 0.0296555 
v 0.0494721 -0.00151815 0.0293835 
v 0.0486633 -0.00160974 0.0291871 
v 0.0478362 -0.0016651 0.0290684 
v 0.047 -0.00168362 0.0290287 
v 0.0425 -0.00168362 0.0290287 
v 0.0125 -0.00168362 0.0290287 
v 0.008 -0.00168362 0.0290287 
v 0.00716377 -0.0016651 0.0290684 
v 0.00633671 -0.00160974 0.0291871 
v 0.00552786 -0.00151815 0.0293835 
v 0.00474611 -0.00139132 0.0296555 
v 0.004 -0.00123066 0.03 
v 0.00385 -0.00118949 0.0300883 
v 0.00320864 -0.00100743 0.0304788 
v 0.00329772 -0.00103792 0.0304134 
v 0.00264696 -0.000815208 0.030891 
v 0.00205484 -0.00056497 0.0314276 
v 0.00152786 -0.000289946 0.0320174 
v 0.0010718 6.85138e-06 0.0326539 
v 0.000691636 0.00032217 0.0333301 
v 0.000391548 0.000652555 0.0340386 
v 0.000174819 0.000994386 0.0347717 
v 4.38248e-05 0.00134392 0.0355212 
v -1.04083e-17 0.00169732 0.0362791 
v 0.0042 0.00148602 0.035826 
v 0.00421934 0.00133523 0.0355026 
v 0.00427715 0.00118621 0.035183 
v 0.00437274 0.0010407 0.034871 
v 0.004505 0.000900421 0.0345702 
v 0.00467237 0.000767003 0.034284 
v 0.00487289 0.000642015 0.034016 
v 0.00510421 0.000526922 0.0337692 
v 0.00536363 0.000423073 0.0335465 
v 0.00564808 0.000331687 0.0333505 
v 0.00595425 0.000253834 0.0331836 
v 0.00627854 0.000190427 0.0330476 
v 0.00661716 0.00014221 0.0329442 
v 0.00696612 0.000109747 0.0328746 
v 0.00732134 9.34204e-05 0.0328395 
v 0.00767866 9.34204e-05 0.0328395 
v 0.00803388 0.000109747 0.0328746 
v 0.00838284 0.00014221 0.0329442 
v 0.00872146 0.000190427 0.0330476 
v 0.00904575 0.000253834 0.0331836 
v 0.00935192 0.000331687 0.0333505 
v 0.00963637 0.000423073 0.0335465 
v 0.00989579 0.000526922 0.0337692 
v 0.0101271 0.000642015 0.034016 
v 0.0103276 0.000767003 0.034284 
v 0.010495 0.000900421 0.0345702 
v 0.0106273 0.0010407 0.034871 
v 0.0107228 0.00118621 0.035183 
v 0.0107807 0.00133523 0.0355026 
v 0.0108 0.00148602 0.035826 
v 0.0107807 0.0016368 0.0361493 
v 0.0107228 0.00178582 0.0364689 
v 0.0106273 0.00193133 0.0367809 
v 0.010495 0.00207161 0.0370818 
v 0.0103276 0.00220503 0.0373679 
v 0.0101271 0.00233002 0.0376359 
v 0.00989579 0.00244511 0.0378828 
v 0.00963637 0.00254896 0.0381055 
v 0.00935192 0.00264034 0.0383014 
v 0.00904575 0.0027182 0.0384684 
v 0.00872146 0.0027816 0.0386044 
v 0.00838284 0.00282982 0.0387078 
v 0.00803388 0.00286228 0.0387774 
v 0.00767866 0.00287861 0.0388124 
v 0.00732134 0.00287861 0.0388124 
v 0.00696612 0.00286228 0.0387774 
v 0.00661716 0.00282982 0.0387078 
v 0.00627854 0.0027816 0.0386044 
v 0.00595425 0.0027182 0.0384684 
v 0.00564808 0.00264034 0.0383014 
v 0.00536363 0.00254896 0.0381055 
v 0.00510421 0.00244511 0.0378828 
v 0.00487289 0.00233002 0.0376359 
v 0.00467237 0.00220503 0.0373679 
v 0.004505 0.00207161 0.0370818 
v 0.00437274 0.00193133 0.0367809 
v 0.00427715 0.00178582 0.0364689 
v 0.00421934 0.0016368 0.0361493 
v 0.0442 0.00148602 0.035826 
v 0.0442193 0.00133523 0.0355026 
v 0.0442772 0.00118621 0.035183 
v 0.0443727 0.0010407 0.034871 
v 0.044505 0.000900421 0.0345702 
v 0.0446724 0.000767003 0.034284 
v 0.0448729 0.000642015 0.034016 
v 0.0451042 0.000526922 0.0337692 
v 0.0453636 0.000423073 0.0335465 
v 0.0456481 0.000331687 0.0333505 
v 0.0459543 0.000253834 0.0331836 
v 0.0462785 0.000190427 0.0330476 
v 0.0466172 0.00014221 0.0329442 
v 0.0469661 0.000109747 0.0328746 
v 0.0473213 9.34204e-05 0.0328395 
v 0.0476787 9.34204e-05 0.0328395 
v 0.0480339 0.000109747 0.0328746 
v 0.0483828 0.00014221 0.0329442 
v 0.0487215 0.000190427 0.0330476 
v 0.0490457 0.000253834 0.0331836 
v 0.0493519 0.000331687 0.0333505 
v 0.0496364 0.000423073 0.0335465 
v 0.0498958 0.000526922 0.0337692 
v 0.0501271 0.000642015 0.034016 
v 0.0503276 0.000767003 0.034284 
v 0.050495 0.000900421 0.0345702 
v 0.0506273 0.0010407 0.034871 
v 0.0507228 0.00118621 0.035183 
v 0.0507807 0.00133523 0.0355026 
v 0.0508 0.00148602 0.035826 
v 0.0507807 0.0016368 0.0361493 
v 0.0507228 0.00178582 0.0364689 
v 0.0506273 0.00193133 0.0367809 
v 0.050495 0.00207161 0.0370818 
v 0.0503276 0.00220503 0.0373679 
v 0.0501271 0.00233002 0.0376359 
v 0.0498958 0.00244511 0.0378828 
v 0.0496364 0.00254896 0.0381055 
v 0.0493519 0.00264034 0.0383014 
v 0.0490457 0.0027182 0.0384684 
v 0.0487215 0.0027816 0.0386044 
v 0.0483828 0.00282982 0.0387078 
v 0.0480339 0.00286228 0.0387774 
v 0.0476787 0.00287861 0.0388124 
v 0.0473213 0.00287861 0.0388124 
v 0.0469661 0.00286228 0.0387774 
v 0.0466172 0.00282982 0.0387078 
v 0.0462785 0.0027816 0.0386044 
v 0.0459543 0.0027182 0.0384684 
v 0.0456481 0.00264034 0.0383014 
v 0.0453636 0.00254896 0.0381055 
v 0.0451042 0.00244511 0.0378828 
v 0.0448729 0.00233002 0.0376359 
v 0.0446724 0.00220503 0.0373679 
v 0.044505 0.00207161 0.0370818 
v 0.0443727 0.00193133 0.0367809 
v 0.0442772 0.00178582 0.0364689 
v 0.0442193 0.0016368 0.0361493 
v 0.0042 0.0268431 0.0902044 
v 0.00421934 0.0266923 0.0898811 
v 0.00427715 0.0265433 0.0895615 
v 0.00437274 0.0263978 0.0892495 
v 0.004505 0.0262575 0.0889486 
v 0.00467237 0.0261241 0.0886625 
v 0.00487289 0.0259991 0.0883945 
v 0.00510421 0.025884 0.0881477 
v 0.00536363 0.0257802 0.087925 
v 0.00564808 0.0256888 0.087729 
v 0.00595425 0.0256109 0.087562 
v 0.00627854 0.0255475 0.087426 
v 0.00661716 0.0254993 0.0873226 
v 0.00696612 0.0254668 0.087253 
v 0.00732134 0.0254505 0.087218 
v 0.00767866 0.0254505 0.087218 
v 0.00803388 0.0254668 0.087253 
v 0.00838284 0.0254993 0.0873226 
v 0.00872146 0.0255475 0.087426 
v 0.00904575 0.0256109 0.087562 
v 0.00935192 0.0256888 0.087729 
v 0.00963637 0.0257802 0.087925 
v 0.00989579 0.025884 0.0881477 
v 0.0101271 0.0259991 0.0883945 
v 0.0103276 0.0261241 0.0886625 
v 0.010495 0.0262575 0.0889486 
v 0.0106273 0.0263978 0.0892495 
v 0.0107228 0.0265433 0.0895615 
v 0.0107807 0.0266923 0.0898811 
v 0.0108 0.0268431 0.0902044 
v 0.0107807 0.0269939 0.0905278 
v 0.0107228 0.0271429 0.0908474 
v 0.0106273 0.0272884 0.0911594 
v 0.010495 0.0274287 0.0914603 
v 0.0103276 0.0275621 0.0917464 
v 0.0101271 0.0276871 0.0920144 
v 0.00989579 0.0278022 0.0922612 
v 0.00963637 0.0279061 0.0924839 
v 0.00935192 0.0279974 0.0926799 
v 0.00904575 0.0280753 0.0928469 
v 0.00872146 0.0281387 0.0929828 
v 0.00838284 0.0281869 0.0930862 
v 0.00803388 0.0282194 0.0931559 
v 0.00767866 0.0282357 0.0931909 
v 0.00732134 0.0282357 0.0931909 
v 0.00696612 0.0282194 0.0931559 
v 0.00661716 0.0281869 0.0930862 
v 0.00627854 0.0281387 0.0929828 
v 0.00595425 0.0280753 0.0928469 
v 0.00564808 0.0279974 0.0926799 
v 0.00536363 0.0279061 0.0924839 
v 0.00510421 0.0278022 0.0922612 
v 0.00487289 0.0276871 0.0920144 
v 0.00467237 0.0275621 0.0917464 
v 0.004505 0.0274287 0.0914603 
v 0.00437274 0.0272884 0.0911594 
v 0.00427715 0.0271429 0.0908474 
v 0.00421934 0.0269939 0.0905278 
v 0.0442 0.0268431 0.0902044 
v 0.0442193 0.0266923 0.0898811 
v 0.0442772 0.0265433 0.0895615 
v 0.0443727 0.0263978 0.0892495 
v 0.044505 0.0262575 0.0889486 
v 0.0446724 0.0261241 0.0886625 
v 0.0448729 0.0259991 0.0883945 
v 0.0451042 0.025884 0.0881477 
v 0.0453636 0.0257802 0.087925 
v 0.0456481 0.0256888 0.087729 
v 0.0459543 0.0256109 0.087562 
v 0.0462785 0.0255475 0.087426 
v 0.0466172 0.0254993 0.0873226 
v 0.0469661 0.0254668 0.087253 
v 0.0473213 0.0254505 0.087218 
v 0.0476787 0.0254505 0.087218 
v 0.0480339 0.0254668 0.087253 
v 0.0483828 0.0254993 0.0873226 
v 0.0487215 0.0255475 0.087426 
v 0.0490457 0.0256109 0.087562 
v 0.0493519 0.0256888 0.087729 
v 0.0496364 0.0257802 0.087925 
v 0.0498958 0.025884 0.0881477 
v 0.0501271 0.0259991 0.0883945 
v 0.0503276 0.0261241 0.0886625 
v 0.050495 0.0262575 0.0889486 
v 0.0506273 0.0263978 0.0892495 
v 0.0507228 0.0265433 0.0895615 
v 0.0507807 0.0266923 0.0898811 
v 0.0508 0.0268431 0.0902044 
v 0.0507807 0.0269939 0.0905278 
v 0.0507228 0.0271429 0.0908474 
v 0.0506273 0.0272884 0.0911594 
v 0.050495 0.0274287 0.0914603 
v 0.0503276 0.0275621 0.0917464 
v 0.0501271 0.0276871 0.0920144 
v 0.0498958 0.0278022 0.0922612 
v 0.0496364 0.0279061 0.0924839 
v 0.0493519 0.0279974 0.0926799 
v 0.0490457 0.0280753 0.0928469 
v 0.0487215 0.0281387 0.0929828 
v 0.0483828 0.0281869 0.0930862 
v 0.0480339 0.0282194 0.0931559 
v 0.0476787 0.0282357 0.0931909 
v 0.0473213 0.0282357 0.0931909 
v 0.0469661 0.0282194 0.0931559 
v 0.0466172 0.0281869 0.0930862 
v 0.0462785 0.0281387 0.0929828 
v 0.0459543 0.0280753 0.0928469 
v 0.0456481 0.0279974 0.0926799 
v 0.0453636 0.0279061 0.0924839 
v 0.0451042 0.0278022 0.0922612 
v 0.0448729 0.0276871 0.0920144 
v 0.0446724 0.0275621 0.0917464 
v 0.044505 0.0274287 0.0914603 
v 0.0443727 0.0272884 0.0911594 
v 0.0442772 0.0271429 0.0908474 
v 0.0442193 0.0269939 0.0905278 
v -0.0005 0.0266318 0.0897513 
v -0.0025 0.0248192 0.0905965 
v -0.0005 0.0248192 0.0905965 
v -0.0025 -0.000115291 0.0371244 
v -0.0005 0.00169732 0.0362791 
v -0.0005 -0.000115291 0.0371244 
v -0.0005 0.0248779 0.0859901 
v -0.0005 0.0225112 0.0901479 
v -0.0005 0.0223767 0.0899875 
v -0.0005 0.0231925 0.0906249 
v -0.0005 0.0230043 0.0905331 
v -0.0005 0.0226618 0.0902933 
v -0.0005 0.0228268 0.0904222 
v -0.0005 0.0237996 0.0907763 
v -0.0005 0.0235923 0.0907472 
v -0.0005 0.00345119 0.0400403 
v -0.0005 -0.000634051 0.0374743 
v -0.0005 -0.000473685 0.0373397 
v -0.0005 0.0222596 0.089814 
v -0.0005 0.0240089 0.0907836 
v -0.0005 -0.000300131 0.0372226 
v -0.0005 -0.00126244 0.0387627 
v -0.0005 -0.00123331 0.0385554 
v -0.0005 -0.00121879 0.0393869 
v -0.0005 -0.00125515 0.0391807 
v -0.0005 0.0233892 0.0906965 
v -0.0005 0.0242177 0.090769 
v -0.0005 0.0246251 0.0906749 
v -0.0005 0.0244239 0.0907326 
v -0.0005 -0.000779474 0.0376249 
v -0.0005 -0.00101929 0.0379674 
v -0.0005 -0.000908359 0.0377898 
v -0.0005 -0.00126975 0.0389719 
v -0.0005 -0.00116109 0.0395881 
v -0.0005 -0.00118266 0.0383522 
v -0.0005 -0.00111106 0.0381555 
v -0.0005 -0.00108267 0.0397822 
v -0.0005 0.0221613 0.0896291 
v -0.0025 0.0222596 0.089814 
v -0.0025 0.0228268 0.0904222 
v -0.0025 0.0230043 0.0905331 
v -0.0025 0.0226618 0.0902933 
v -0.0025 0.0223767 0.0899875 
v -0.0025 -0.00125515 0.0391807 
v -0.0025 -0.00121879 0.0393869 
v -0.0025 -0.00118266 0.0383522 
v -0.0025 -0.00123331 0.0385554 
v -0.0025 0.0221613 0.0896291 
v -0.0025 0.0233892 0.0906965 
v -0.0025 0.0235923 0.0907472 
v -0.0025 0.0225112 0.0901479 
v -0.0025 -0.00126975 0.0389719 
v -0.0025 -0.00126244 0.0387627 
v -0.0025 -0.000300131 0.0372226 
v -0.0025 -0.000473685 0.0373397 
v -0.0025 0.0237996 0.0907763 
v -0.0025 0.0231925 0.0906249 
v -0.0025 0.0242177 0.090769 
v -0.0025 0.0244239 0.0907326 
v -0.0025 0.0240089 0.0907836 
v -0.0025 -0.00116109 0.0395881 
v -0.0025 -0.00101929 0.0379674 
v -0.0025 -0.00111106 0.0381555 
v -0.0025 -0.000779474 0.0376249 
v -0.0025 -0.000908359 0.0377898 
v -0.0025 -0.000634051 0.0374743 
v -0.0025 0.0246251 0.0906749 
v -0.0025 -0.00108267 0.0397822 
v 0.0378108 -0.00854895 0.0143059 
v 0.0375486 -0.00869467 0.0139934 
v 0.0372508 -0.00882755 0.0137085 
v 0.038034 -0.00839211 0.0146423 
v 0.0382159 -0.00822599 0.0149985 
v 0.0383542 -0.00714803 0.0173102 
v 0.0384473 -0.00732679 0.0169269 
v 0.0165059 -0.0076918 0.0161441 
v 0.0165059 -0.00750876 0.0165366 
v 0.0345 -0.00929075 0.0127151 
v 0.0383542 -0.00805253 0.0153705 
v 0.0382159 -0.00697457 0.0176822 
v 0.0165527 -0.00732679 0.0169269 
v 0.0165527 -0.00787377 0.0157539 
v 0.016966 -0.00839211 0.0146423 
v 0.0167841 -0.00822599 0.0149985 
v 0.0171892 -0.00854895 0.0143059 
v 0.0174514 -0.00869467 0.0139934 
v 0.0205 -0.00929075 0.0127151 
v 0.0361796 -0.00913451 0.0130502 
v 0.0357772 -0.00920226 0.0129049 
v 0.0369207 -0.00894605 0.0134543 
v 0.0365622 -0.00904877 0.0132341 
v 0.038034 -0.00680845 0.0180384 
v 0.0372508 -0.006373 0.0189723 
v 0.0375486 -0.00650589 0.0186873 
v 0.0365622 -0.00615178 0.0194467 
v 0.0369207 -0.0062545 0.0192264 
v 0.0180793 -0.00894605 0.0134543 
v 0.0177492 -0.00882755 0.0137085 
v 0.0192228 -0.00920226 0.0129049 
v 0.0188204 -0.00913451 0.0130502 
v 0.0200675 -0.00928084 0.0127364 
v 0.0196401 -0.00925123 0.0127999 
v 0.0349325 -0.00928084 0.0127364 
v 0.0353599 -0.00925123 0.0127999 
v 0.0384941 -0.0076918 0.0161441 
v 0.0384473 -0.00787377 0.0157539 
v 0.0378108 -0.00665161 0.0183748 
v 0.0353599 -0.00594933 0.0198808 
v 0.0357772 -0.0059983 0.0197758 
v 0.0192228 -0.0059983 0.0197758 
v 0.0196401 -0.00594933 0.0198808 
v 0.0166458 -0.00714803 0.0173102 
v 0.0167841 -0.00697457 0.0176822 
v 0.0166458 -0.00805253 0.0153705 
v 0.0184378 -0.00904877 0.0132341 
v 0.0349325 -0.00591971 0.0199443 
v 0.0188204 -0.00606605 0.0196305 
v 0.0180793 -0.0062545 0.0192264 
v 0.0184378 -0.00615178 0.0194467 
v 0.0174514 -0.00650589 0.0186873 
v 0.0177492 -0.006373 0.0189723 
v 0.016966 -0.00680845 0.0180384 
v 0.0171892 -0.00665161 0.0183748 
v 0.0384941 -0.00750876 0.0165366 
v 0.0361796 -0.00606605 0.0196305 
v 0.0285 -0.00210624 0.0281224 
v 0.0285 -0.0059098 0.0199656 
v 0.0345 -0.0059098 0.0199656 
v 0.0265 -0.00210624 0.0281224 
v 0.0205 -0.0059098 0.0199656 
v 0.0200675 -0.00591971 0.0199443 
v 0.0265 -0.0059098 0.0199656 
v 0.00385 -0.00100743 0.0304788 
v 0.01365 -0.00100743 0.0304788 
v 0.01365 0.00345119 0.0400403 
v 0.00385 0.00345119 0.0400403 
v 0.04135 -0.00100743 0.0304788 
v 0.04135 0.00345119 0.0400403 
v 0.05115 -0.00100743 0.0304788 
v 0.05115 0.00345119 0.0400403 
v 0.01365 0.0248779 0.0859901 
v 0.04135 0.0248779 0.0859901 
v 0.00385 0.0248779 0.0859901 
v 0.05115 0.0248779 0.0859901 
v 0.0265 -0.00482516 0.0293902 
v 0.0285 -0.00482516 0.0293902 
v 0.0265 -0.00511631 0.0295078 
v 0.0285 -0.00511631 0.0295078 
v 0.0265 -0.00541816 0.0295944 
v 0.0285 -0.00541816 0.0295944 
v 0.0265 -0.00572741 0.0296489 
v 0.0285 -0.00572741 0.0296489 
v 0.0265 -0.00604066 0.0296708 
v 0.0285 -0.00604066 0.0296708 
v 0.0265 -0.00635449 0.0296599 
v 0.0285 -0.00635449 0.0296599 
v 0.0265 -0.00666545 0.0296162 
v 0.0285 -0.00666545 0.0296162 
v 0.0265 -0.00697013 0.0295402 
v 0.0285 -0.00697013 0.0295402 
v 0.0265 -0.00726521 0.0294328 
v 0.0285 -0.00726521 0.0294328 
v 0.0265 -0.00754745 0.0292951 
v 0.0285 -0.00754745 0.0292951 
v 0.0265 -0.00781375 0.0291287 
v 0.0285 -0.00781375 0.0291287 
v 0.0265 -0.0080612 0.0289354 
v 0.0285 -0.0080612 0.0289354 
v 0.0265 -0.00828708 0.0287173 
v 0.0285 -0.00828708 0.0287173 
v 0.0265 -0.00848892 0.0284767 
v 0.0285 -0.00848892 0.0284767 
v 0.0265 -0.00866452 0.0282164 
v 0.0285 -0.00866452 0.0282164 
v 0.0265 -0.00881194 0.0279391 
v 0.0285 -0.00881194 0.0279391 
v 0.0285 -0.0116265 0.0237266 
v 0.0285 -0.0119216 0.0236192 
v 0.0285 -0.011078 0.0240306 
v 0.0285 -0.0113443 0.0238642 
v 0.0285 -0.0106047 0.0244421 
v 0.0285 -0.0108305 0.0242239 
v 0.0285 -0.0102272 0.024943 
v 0.0285 -0.0104028 0.0246826 
v 0.0285 -0.0100798 0.0252202 
v 0.0285 -0.0134736 0.023565 
v 0.0285 -0.0137754 0.0236515 
v 0.0285 -0.0128511 0.0234885 
v 0.0285 -0.0131643 0.0235104 
v 0.0285 -0.0122263 0.0235432 
v 0.0285 -0.0125373 0.0234995 
v 0.0285 -0.0140666 0.0237692 
v 0.0265 -0.0100798 0.0252202 
v 0.0265 -0.0116265 0.0237266 
v 0.0265 -0.0113443 0.0238642 
v 0.0265 -0.0122263 0.0235432 
v 0.0265 -0.0119216 0.0236192 
v 0.0265 -0.0102272 0.024943 
v 0.0265 -0.0106047 0.0244421 
v 0.0265 -0.0104028 0.0246826 
v 0.0265 -0.011078 0.0240306 
v 0.0265 -0.0108305 0.0242239 
v 0.0265 -0.0128511 0.0234885 
v 0.0265 -0.0125373 0.0234995 
v 0.0265 -0.0134736 0.023565 
v 0.0265 -0.0131643 0.0235104 
v 0.0265 -0.0140666 0.0237692 
v 0.0265 -0.0137754 0.0236515 
v 0.0205 -0.0285448 0.0305205 
v 0.0345 -0.0285448 0.0305205 
v 0.0384941 -0.0337558 0.0282979 
v 0.0384473 -0.0335475 0.0277257 
v 0.0383542 -0.0333429 0.0271636 
v 0.0382159 -0.0331444 0.0266182 
v 0.038034 -0.0329543 0.0260958 
v 0.0378108 -0.0327748 0.0256026 
v 0.0375486 -0.032608 0.0251444 
v 0.0372508 -0.0324559 0.0247265 
v 0.0369207 -0.0323203 0.0243539 
v 0.0367447 -0.0322592 0.024186 
v 0.0365622 -0.0322027 0.0240309 
v 0.0363736 -0.0321512 0.0238892 
v 0.0361796 -0.0321046 0.0237613 
v 0.0359806 -0.0320632 0.0236476 
v 0.0357772 -0.0320271 0.0235483 
v 0.0355701 -0.0319963 0.0234638 
v 0.0353599 -0.031971 0.0233943 
v 0.0351471 -0.0319513 0.02334 
v 0.0349325 -0.0319371 0.0233012 
v 0.0347166 -0.0319286 0.0232778 
v 0.0345 -0.0319258 0.02327 
v 0.0347166 -0.0285526 0.0305176 
v 0.0349325 -0.028576 0.0305091 
v 0.0351471 -0.0286149 0.030495 
v 0.0353599 -0.0286691 0.0304752 
v 0.0355701 -0.0287386 0.03045 
v 0.0357772 -0.0288231 0.0304192 
v 0.0359806 -0.0289224 0.0303831 
v 0.0361796 -0.0290361 0.0303417 
v 0.0363736 -0.0291641 0.0302951 
v 0.0365622 -0.0293057 0.0302435 
v 0.0367447 -0.0294608 0.0301871 
v 0.0369207 -0.0296288 0.030126 
v 0.0372508 -0.0300014 0.0299903 
v 0.0375486 -0.0304192 0.0298383 
v 0.0378108 -0.0308774 0.0296715 
v 0.038034 -0.0313706 0.029492 
v 0.0382159 -0.031893 0.0293018 
v 0.0383542 -0.0324384 0.0291033 
v 0.0384473 -0.0330006 0.0288987 
v 0.0384941 -0.0335728 0.0286905 
v 0.0385 -0.0338605 0.0285857 
v 0.0205 -0.0319258 0.02327 
v 0.0202834 -0.0319286 0.0232778 
v 0.0200675 -0.0319371 0.0233012 
v 0.0198529 -0.0319513 0.02334 
v 0.0196401 -0.031971 0.0233943 
v 0.0194299 -0.0319963 0.0234638 
v 0.0192228 -0.0320271 0.0235483 
v 0.0190194 -0.0320632 0.0236476 
v 0.0188204 -0.0321046 0.0237613 
v 0.0186264 -0.0321512 0.0238892 
v 0.0184378 -0.0322027 0.0240309 
v 0.0182553 -0.0322592 0.024186 
v 0.0180793 -0.0323203 0.0243539 
v 0.0177492 -0.0324559 0.0247265 
v 0.0174514 -0.032608 0.0251444 
v 0.0171892 -0.0327748 0.0256026 
v 0.016966 -0.0329543 0.0260958 
v 0.0167841 -0.0331444 0.0266182 
v 0.0166458 -0.0333429 0.0271636 
v 0.0165527 -0.0335475 0.0277257 
v 0.0165059 -0.0337558 0.0282979 
v 0.0165059 -0.0335728 0.0286905 
v 0.0165 -0.0338605 0.0285857 
v 0.0165527 -0.0330006 0.0288987 
v 0.0166458 -0.0324384 0.0291033 
v 0.0167841 -0.031893 0.0293018 
v 0.016966 -0.0313706 0.029492 
v 0.0171892 -0.0308774 0.0296715 
v 0.0174514 -0.0304192 0.0298383 
v 0.0177492 -0.0300014 0.0299903 
v 0.0180793 -0.0296288 0.030126 
v 0.0182553 -0.0294608 0.0301871 
v 0.0184378 -0.0293057 0.0302435 
v 0.0186264 -0.0291641 0.0302951 
v 0.0188204 -0.0290361 0.0303417 
v 0.0190194 -0.0289224 0.0303831 
v 0.0192228 -0.0288231 0.0304192 
v 0.0194299 -0.0287386 0.03045 
v 0.0196401 -0.0286691 0.0304752 
v 0.0198529 -0.0286149 0.030495 
v 0.0200675 -0.028576 0.0305091 
v 0.0202834 -0.0285526 0.0305176 
v 0.0205 -0.0260091 0.0359583 
v 0.0345 -0.0260091 0.0359583 
v 0.0345 -0.0344615 0.0178322 
v 0.0205 -0.0344615 0.0178322 
v 0.0165059 -0.0298306 0.0377403 
v 0.0165059 -0.038283 0.0196142 
v 0.0165527 -0.0386732 0.0197961 
v 0.0165527 -0.0302209 0.0379223 
v 0.0166458 -0.0390566 0.0199749 
v 0.0166458 -0.0306042 0.038101 
v 0.0167841 -0.0394286 0.0201484 
v 0.0167841 -0.0309762 0.0382745 
v 0.016966 -0.0397848 0.0203145 
v 0.016966 -0.0313325 0.0384406 
v 0.0171892 -0.0401212 0.0204713 
v 0.0171892 -0.0316688 0.0385975 
v 0.0174514 -0.0404337 0.020617 
v 0.0174514 -0.0319813 0.0387432 
v 0.0177492 -0.0407186 0.0207499 
v 0.0177492 -0.0322663 0.0388761 
v 0.0180793 -0.0409727 0.0208684 
v 0.0180793 -0.0325204 0.0389946 
v 0.0184378 -0.041193 0.0209711 
v 0.0184378 -0.0327407 0.0390973 
v 0.0188204 -0.0413769 0.0210569 
v 0.0188204 -0.0329245 0.039183 
v 0.0192228 -0.0415222 0.0211246 
v 0.0192228 -0.0330698 0.0392508 
v 0.0196401 -0.0416272 0.0211736 
v 0.0196401 -0.0331748 0.0392997 
v 0.0200675 -0.0416907 0.0212032 
v 0.0200675 -0.0332383 0.0393294 
v 0.0205 -0.041712 0.0212131 
v 0.0200675 -0.0260304 0.0359682 
v 0.0196401 -0.0260939 0.0359978 
v 0.0192228 -0.0261989 0.0360468 
v 0.0188204 -0.0263442 0.0361146 
v 0.0184378 -0.0265281 0.0362003 
v 0.0180793 -0.0267483 0.036303 
v 0.0177492 -0.0270025 0.0364215 
v 0.0174514 -0.0272874 0.0365544 
v 0.0171892 -0.0275999 0.0367001 
v 0.016966 -0.0279363 0.036857 
v 0.0167841 -0.0282925 0.0370231 
v 0.0166458 -0.0286645 0.0371965 
v 0.0165527 -0.0290479 0.0373753 
v 0.0165059 -0.0294381 0.0375573 
v 0.0165059 -0.0378905 0.0194311 
v 0.0165527 -0.0375002 0.0192492 
v 0.0166458 -0.0371169 0.0190704 
v 0.0167841 -0.0367449 0.0188969 
v 0.016966 -0.0363886 0.0187308 
v 0.0171892 -0.0360523 0.018574 
v 0.0174514 -0.0357398 0.0184283 
v 0.0177492 -0.0354548 0.0182954 
v 0.0180793 -0.0352007 0.0181769 
v 0.0184378 -0.0349804 0.0180741 
v 0.0188204 -0.0347966 0.0179884 
v 0.0192228 -0.0346513 0.0179207 
v 0.0196401 -0.0345463 0.0178717 
v 0.0200675 -0.0344827 0.0178421 
v 0.0205 -0.0332596 0.0393393 
v 0.0345 -0.0332596 0.0393393 
v 0.0345 -0.041712 0.0212131 
v 0.0349325 -0.0416907 0.0212032 
v 0.0349325 -0.0332383 0.0393294 
v 0.0353599 -0.0416272 0.0211736 
v 0.0353599 -0.0331748 0.0392997 
v 0.0357772 -0.0415222 0.0211246 
v 0.0357772 -0.0330698 0.0392508 
v 0.0361796 -0.0413769 0.0210569 
v 0.0361796 -0.0329245 0.039183 
v 0.0365622 -0.041193 0.0209711 
v 0.0365622 -0.0327407 0.0390973 
v 0.0369207 -0.0409727 0.0208684 
v 0.0369207 -0.0325204 0.0389946 
v 0.0372508 -0.0407186 0.0207499 
v 0.0372508 -0.0322663 0.0388761 
v 0.0375486 -0.0404337 0.020617 
v 0.0375486 -0.0319813 0.0387432 
v 0.0378108 -0.0401212 0.0204713 
v 0.0378108 -0.0316688 0.0385975 
v 0.038034 -0.0397848 0.0203145 
v 0.038034 -0.0313325 0.0384406 
v 0.0382159 -0.0394286 0.0201484 
v 0.0382159 -0.0309762 0.0382745 
v 0.0383542 -0.0390566 0.0199749 
v 0.0383542 -0.0306042 0.038101 
v 0.0384473 -0.0386732 0.0197961 
v 0.0384473 -0.0302209 0.0379223 
v 0.0384941 -0.038283 0.0196142 
v 0.0349325 -0.0344827 0.0178421 
v 0.0353599 -0.0345463 0.0178717 
v 0.0357772 -0.0346513 0.0179207 
v 0.0361796 -0.0347966 0.0179884 
v 0.0365622 -0.0349804 0.0180741 
v 0.0369207 -0.0352007 0.0181769 
v 0.0372508 -0.0354548 0.0182954 
v 0.0375486 -0.0357398 0.0184283 
v 0.0378108 -0.0360523 0.018574 
v 0.038034 -0.0363886 0.0187308 
v 0.0382159 -0.0367449 0.0188969 
v 0.0383542 -0.0371169 0.0190704 
v 0.0384473 -0.0375002 0.0192492 
v 0.0384941 -0.0378905 0.0194311 
v 0.0384941 -0.0298306 0.0377403 
v 0.0384941 -0.0294381 0.0375573 
v 0.0384473 -0.0290479 0.0373753 
v 0.0383542 -0.0286645 0.0371965 
v 0.0382159 -0.0282925 0.0370231 
v 0.038034 -0.0279363 0.036857 
v 0.0378108 -0.0275999 0.0367001 
v 0.0375486 -0.0272874 0.0365544 
v 0.0372508 -0.0270025 0.0364215 
v 0.0369207 -0.0267483 0.036303 
v 0.0365622 -0.0265281 0.0362003 
v 0.0361796 -0.0263442 0.0361146 
v 0.0357772 -0.0261989 0.0360468 
v 0.0353599 -0.0260939 0.0359978 
v 0.0349325 -0.0260304 0.0359682 
v 0.0205 -0.0269765 0.0386162 
v 0.0345 -0.0269765 0.0386162 
v 0.0205 -0.0306017 0.0403067 
v 0.0202838 -0.0305911 0.0403017 
v 0.0200701 -0.0305594 0.0402869 
v 0.0198614 -0.0305069 0.0402624 
v 0.0196602 -0.0304342 0.0402285 
v 0.0194689 -0.0303423 0.0401857 
v 0.0192897 -0.0302321 0.0401343 
v 0.0191246 -0.0301051 0.0400751 
v 0.0189757 -0.0299626 0.0400086 
v 0.0188446 -0.0298063 0.0399357 
v 0.018733 -0.0296382 0.0398573 
v 0.018642 -0.02946 0.0397743 
v 0.0185729 -0.0292741 0.0396875 
v 0.0185263 -0.0290824 0.0395982 
v 0.0185029 -0.0288873 0.0395072 
v 0.0185029 -0.028691 0.0394157 
v 0.0185263 -0.0284959 0.0393247 
v 0.0185729 -0.0283042 0.0392353 
v 0.018642 -0.0281182 0.0391486 
v 0.018733 -0.0279401 0.0390655 
v 0.0188446 -0.0277719 0.0389871 
v 0.0189757 -0.0276157 0.0389142 
v 0.0191246 -0.0274732 0.0388478 
v 0.0192897 -0.0273461 0.0387885 
v 0.0194689 -0.027236 0.0387372 
v 0.0196602 -0.027144 0.0386943 
v 0.0198614 -0.0270714 0.0386604 
v 0.0200701 -0.0270189 0.0386359 
v 0.0202838 -0.0269871 0.0386211 
v 0.0347162 -0.0269871 0.0386211 
v 0.0349299 -0.0270189 0.0386359 
v 0.0351386 -0.0270714 0.0386604 
v 0.0353398 -0.027144 0.0386943 
v 0.0355311 -0.027236 0.0387372 
v 0.0357103 -0.0273461 0.0387885 
v 0.0358754 -0.0274732 0.0388478 
v 0.0360243 -0.0276157 0.0389142 
v 0.0361554 -0.0277719 0.0389871 
v 0.036267 -0.0279401 0.0390655 
v 0.036358 -0.0281182 0.0391486 
v 0.0364271 -0.0283042 0.0392353 
v 0.0364737 -0.0284959 0.0393247 
v 0.0364971 -0.028691 0.0394157 
v 0.0364971 -0.0288873 0.0395072 
v 0.0364737 -0.0290824 0.0395982 
v 0.0364271 -0.0292741 0.0396875 
v 0.036358 -0.02946 0.0397743 
v 0.036267 -0.0296382 0.0398573 
v 0.0361554 -0.0298063 0.0399357 
v 0.0360243 -0.0299626 0.0400086 
v 0.0358754 -0.0301051 0.0400751 
v 0.0357103 -0.0302321 0.0401343 
v 0.0355311 -0.0303423 0.0401857 
v 0.0353398 -0.0304342 0.0402285 
v 0.0351386 -0.0305069 0.0402624 
v 0.0349299 -0.0305594 0.0402869 
v 0.0347162 -0.0305911 0.0403017 
v 0.0345 -0.0306017 0.0403067 
v 0.0345 -0.0371193 0.0168648 
v 0.0205 -0.0371193 0.0168648 
v 0.0345 -0.0407446 0.0185553 
v 0.0347162 -0.040734 0.0185503 
v 0.0349299 -0.0407022 0.0185355 
v 0.0351386 -0.0406497 0.018511 
v 0.0353398 -0.040577 0.0184771 
v 0.0355311 -0.0404851 0.0184343 
v 0.0357103 -0.040375 0.0183829 
v 0.0358754 -0.0402479 0.0183237 
v 0.0360243 -0.0401054 0.0182572 
v 0.0361554 -0.0399492 0.0181844 
v 0.036267 -0.039781 0.0181059 
v 0.036358 -0.0396029 0.0180229 
v 0.0364271 -0.0394169 0.0179362 
v 0.0364737 -0.0392252 0.0178468 
v 0.0364971 -0.0390301 0.0177558 
v 0.0364971 -0.0388338 0.0176643 
v 0.0364737 -0.0386387 0.0175733 
v 0.0364271 -0.038447 0.0174839 
v 0.036358 -0.038261 0.0173972 
v 0.036267 -0.0380829 0.0173141 
v 0.0361554 -0.0379147 0.0172357 
v 0.0360243 -0.0377585 0.0171628 
v 0.0358754 -0.037616 0.0170964 
v 0.0357103 -0.037489 0.0170371 
v 0.0355311 -0.0373788 0.0169858 
v 0.0353398 -0.0372869 0.0169429 
v 0.0351386 -0.0372142 0.016909 
v 0.0349299 -0.0371617 0.0168846 
v 0.0347162 -0.03713 0.0168697 
v 0.0202838 -0.03713 0.0168697 
v 0.0200701 -0.0371617 0.0168846 
v 0.0198614 -0.0372142 0.016909 
v 0.0196602 -0.0372869 0.0169429 
v 0.0194689 -0.0373788 0.0169858 
v 0.0192897 -0.037489 0.0170371 
v 0.0191246 -0.037616 0.0170964 
v 0.0189757 -0.0377585 0.0171628 
v 0.0188446 -0.0379147 0.0172357 
v 0.018733 -0.0380829 0.0173141 
v 0.018642 -0.038261 0.0173972 
v 0.0185729 -0.038447 0.0174839 
v 0.0185263 -0.0386387 0.0175733 
v 0.0185029 -0.0388338 0.0176643 
v 0.0185029 -0.0390301 0.0177558 
v 0.0185263 -0.0392252 0.0178468 
v 0.0185729 -0.0394169 0.0179362 
v 0.018642 -0.0396029 0.0180229 
v 0.018733 -0.039781 0.0181059 
v 0.0188446 -0.0399492 0.0181844 
v 0.0189757 -0.0401054 0.0182572 
v 0.0191246 -0.0402479 0.0183237 
v 0.0192897 -0.040375 0.0183829 
v 0.0194689 -0.0404851 0.0184343 
v 0.0196602 -0.040577 0.0184771 
v 0.0198614 -0.0406497 0.018511 
v 0.0200701 -0.0407022 0.0185355 
v 0.0202838 -0.040734 0.0185503 
v 0.0205 -0.0407446 0.0185553 
vn 1.32896e-17 -0.906308 0.422618 
vn -1 8.84677e-17 3.01016e-16 
vn -0.994138 0.0456931 0.0979891 
vn -0.976621 0.0908504 0.194829 
vn -0.986864 0.0682754 0.146417 
vn -0.947653 0.134943 0.289385 
vn -0.907575 0.177453 0.380549 
vn -0.856857 0.217882 0.46725 
vn -0.796093 0.255758 0.548474 
vn -0.725995 0.290634 0.623267 
vn -0.647386 0.322104 0.690753 
vn -0.561187 0.349796 0.750141 
vn -0.577593 0.344994 0.739842 
vn -0.468408 0.373388 0.800734 
vn -0.370138 0.392603 0.841939 
vn -0.267528 0.407214 0.873273 
vn -0.161782 0.417051 0.894369 
vn -0.0541389 0.421998 0.904979 
vn 0.0541389 0.421998 0.904979 
vn 0.161782 0.417051 0.894369 
vn 0.267528 0.407214 0.873273 
vn 0.370138 0.392603 0.841939 
vn 0.468408 0.373388 0.800734 
vn 0.561187 0.349796 0.750141 
vn 0.647386 0.322104 0.690753 
vn 0.577593 0.344994 0.739842 
vn 0.725995 0.290634 0.623267 
vn 0.796093 0.255758 0.548474 
vn 0.856857 0.217882 0.46725 
vn 0.907575 0.177453 0.380549 
vn 0.947653 0.134943 0.289385 
vn 0.976621 0.0908504 0.194829 
vn 0.994138 0.0456931 0.0979891 
vn 0.986864 0.0682754 0.146417 
vn 1 1.50968e-16 2.12456e-16 
vn 0.994138 -0.0456931 -0.0979891 
vn 0.976621 -0.0908504 -0.194829 
vn 0.986864 -0.0682754 -0.146417 
vn 0.947653 -0.134943 -0.289385 
vn 0.907575 -0.177453 -0.380549 
vn 0.856857 -0.217882 -0.46725 
vn 0.796093 -0.255758 -0.548474 
vn 0.725995 -0.290634 -0.623267 
vn 0.647386 -0.322104 -0.690753 
vn 0.561187 -0.349796 -0.750141 
vn 0.577593 -0.344994 -0.739842 
vn 0.468408 -0.373388 -0.800734 
vn 0.370138 -0.392603 -0.841939 
vn 0.267528 -0.407214 -0.873273 
vn 0.161782 -0.417051 -0.894369 
vn 0.0541389 -0.421998 -0.904979 
vn -0.0541389 -0.421998 -0.904979 
vn -0.161782 -0.417051 -0.894369 
vn -0.267528 -0.407214 -0.873273 
vn -0.370138 -0.392603 -0.841939 
vn -0.468408 -0.373388 -0.800734 
vn -0.561187 -0.349796 -0.750141 
vn -0.647386 -0.322104 -0.690753 
vn -0.577593 -0.344994 -0.739842 
vn -0.725995 -0.290634 -0.623267 
vn -0.796093 -0.255758 -0.548474 
vn -0.856857 -0.217882 -0.46725 
vn -0.907575 -0.177453 -0.380549 
vn -0.947653 -0.134943 -0.289385 
vn -0.976621 -0.0908504 -0.194829 
vn -0.994138 -0.0456931 -0.0979891 
vn -0.986864 -0.0682754 -0.146417 
vn -0.976621 -0.0908504 -0.194829 
vn -0.561187 -0.349796 -0.750141 
vn 0.647386 -0.322104 -0.690753 
vn 0.994138 -0.0456931 -0.0979891 
vn 0.976621 0.0908504 0.194829 
vn 0.561187 0.349796 0.750141 
vn -0.647386 0.322104 0.690753 
vn -0.994138 0.0456931 0.0979891 
vn 0.994138 0.0456931 0.0979891 
vn 1 1.50439e-17 -7.90344e-17 
vn 0.976621 0.0908504 0.194829 
vn 0.994138 0.0456931 0.0979891 
vn 0.947653 0.134943 0.289385 
vn 0.976621 0.0908504 0.194829 
vn 0.907575 0.177453 0.380549 
vn 0.947653 0.134943 0.289385 
vn 0.856857 0.217882 0.46725 
vn 0.907575 0.177453 0.380549 
vn 0.796093 0.255758 0.548474 
vn 0.856857 0.217882 0.46725 
vn 0.725995 0.290634 0.623267 
vn 0.796093 0.255758 0.548474 
vn 0.647386 0.322104 0.690753 
vn 0.725995 0.290634 0.623267 
vn 0.561187 0.349796 0.750141 
vn 0.647386 0.322104 0.690753 
vn 0.468408 0.373388 0.800734 
vn 0.561187 0.349796 0.750141 
vn 0.370138 0.392603 0.841939 
vn 0.468408 0.373388 0.800734 
vn 0.267528 0.407214 0.873273 
vn 0.370138 0.392603 0.841939 
vn 0.161782 0.417051 0.894369 
vn 0.267528 0.407214 0.873273 
vn 0.0541389 0.421998 0.904979 
vn 0.161782 0.417051 0.894369 
vn -0.0541389 0.421998 0.904979 
vn 0.0541389 0.421998 0.904979 
vn -0.161782 0.417051 0.894369 
vn -0.0541389 0.421998 0.904979 
vn -0.267528 0.407214 0.873273 
vn -0.161782 0.417051 0.894369 
vn -0.370138 0.392603 0.841939 
vn -0.267528 0.407214 0.873273 
vn -0.468408 0.373388 0.800734 
vn -0.370138 0.392603 0.841939 
vn -0.561187 0.349796 0.750141 
vn -0.468408 0.373388 0.800734 
vn -0.647386 0.322104 0.690753 
vn -0.561187 0.349796 0.750141 
vn -0.725995 0.290634 0.623267 
vn -0.647386 0.322104 0.690753 
vn -0.796093 0.255758 0.548474 
vn -0.725995 0.290634 0.623267 
vn -0.856857 0.217882 0.46725 
vn -0.796093 0.255758 0.548474 
vn -0.907575 0.177453 0.380549 
vn -0.856857 0.217882 0.46725 
vn -0.947653 0.134943 0.289385 
vn -0.907575 0.177453 0.380549 
vn -0.976621 0.0908504 0.194829 
vn -0.947653 0.134943 0.289385 
vn -0.994138 0.0456931 0.0979891 
vn -0.976621 0.0908504 0.194829 
vn -1 -1.50968e-16 -2.12456e-16 
vn -0.994138 0.0456931 0.0979891 
vn -0.994138 -0.0456931 -0.0979891 
vn -1 3.67119e-17 1.90025e-16 
vn -0.976621 -0.0908504 -0.194829 
vn -0.994138 -0.0456931 -0.0979891 
vn -0.947653 -0.134943 -0.289385 
vn -0.976621 -0.0908504 -0.194829 
vn -0.907575 -0.177453 -0.380549 
vn -0.947653 -0.134943 -0.289385 
vn -0.856857 -0.217882 -0.46725 
vn -0.907575 -0.177453 -0.380549 
vn -0.796093 -0.255758 -0.548474 
vn -0.856857 -0.217882 -0.46725 
vn -0.725995 -0.290634 -0.623267 
vn -0.796093 -0.255758 -0.548474 
vn -0.647386 -0.322104 -0.690753 
vn -0.725995 -0.290634 -0.623267 
vn -0.561187 -0.349796 -0.750141 
vn -0.647386 -0.322104 -0.690753 
vn -0.468408 -0.373388 -0.800734 
vn -0.561187 -0.349796 -0.750141 
vn -0.370138 -0.392603 -0.841939 
vn -0.468408 -0.373388 -0.800734 
vn -0.267528 -0.407214 -0.873273 
vn -0.370138 -0.392603 -0.841939 
vn -0.161782 -0.417051 -0.894369 
vn -0.267528 -0.407214 -0.873273 
vn -0.0541389 -0.421998 -0.904979 
vn -0.161782 -0.417051 -0.894369 
vn 0.0541389 -0.421998 -0.904979 
vn -0.0541389 -0.421998 -0.904979 
vn 0.161782 -0.417051 -0.894369 
vn 0.0541389 -0.421998 -0.904979 
vn 0.267528 -0.407214 -0.873273 
vn 0.161782 -0.417051 -0.894369 
vn 0.370138 -0.392603 -0.841939 
vn 0.267528 -0.407214 -0.873273 
vn 0.468408 -0.373388 -0.800734 
vn 0.370138 -0.392603 -0.841939 
vn 0.561187 -0.349796 -0.750141 
vn 0.468408 -0.373388 -0.800734 
vn 0.647386 -0.322104 -0.690753 
vn 0.561187 -0.349796 -0.750141 
vn 0.725995 -0.290634 -0.623267 
vn 0.647386 -0.322104 -0.690753 
vn 0.796093 -0.255758 -0.548474 
vn 0.725995 -0.290634 -0.623267 
vn 0.856857 -0.217882 -0.46725 
vn 0.796093 -0.255758 -0.548474 
vn 0.907575 -0.177453 -0.380549 
vn 0.856857 -0.217882 -0.46725 
vn 0.947653 -0.134943 -0.289385 
vn 0.907575 -0.177453 -0.380549 
vn 0.976621 -0.0908504 -0.194829 
vn 0.947653 -0.134943 -0.289385 
vn 0.994138 -0.0456931 -0.0979891 
vn 0.976621 -0.0908504 -0.194829 
vn 1.32896e-17 -0.906308 0.422618 
vn 0.994138 0.0456931 0.0979891 
vn 1 1.50439e-17 -7.90344e-17 
vn 0.976621 0.0908504 0.194829 
vn 0.994138 0.0456931 0.0979891 
vn 0.947653 0.134943 0.289385 
vn 0.976621 0.0908504 0.194829 
vn 0.907575 0.177453 0.380549 
vn 0.947653 0.134943 0.289385 
vn 0.856857 0.217882 0.46725 
vn 0.907575 0.177453 0.380549 
vn 0.796093 0.255758 0.548474 
vn 0.856857 0.217882 0.46725 
vn 0.725995 0.290634 0.623267 
vn 0.796093 0.255758 0.548474 
vn 0.647386 0.322104 0.690753 
vn 0.725995 0.290634 0.623267 
vn 0.561187 0.349796 0.750141 
vn 0.647386 0.322104 0.690753 
vn 0.468408 0.373388 0.800734 
vn 0.561187 0.349796 0.750141 
vn 0.370138 0.392603 0.841939 
vn 0.468408 0.373388 0.800734 
vn 0.267528 0.407214 0.873273 
vn 0.370138 0.392603 0.841939 
vn 0.161782 0.417051 0.894369 
vn 0.267528 0.407214 0.873273 
vn 0.0541389 0.421998 0.904979 
vn 0.161782 0.417051 0.894369 
vn -0.0541389 0.421998 0.904979 
vn 0.0541389 0.421998 0.904979 
vn -0.161782 0.417051 0.894369 
vn -0.0541389 0.421998 0.904979 
vn -0.267528 0.407214 0.873273 
vn -0.161782 0.417051 0.894369 
vn -0.370138 0.392603 0.841939 
vn -0.267528 0.407214 0.873273 
vn -0.468408 0.373388 0.800734 
vn -0.370138 0.392603 0.841939 
vn -0.561187 0.349796 0.750141 
vn -0.468408 0.373388 0.800734 
vn -0.647386 0.322104 0.690753 
vn -0.561187 0.349796 0.750141 
vn -0.725995 0.290634 0.623267 
vn -0.647386 0.322104 0.690753 
vn -0.796093 0.255758 0.548474 
vn -0.725995 0.290634 0.623267 
vn -0.856857 0.217882 0.46725 
vn -0.796093 0.255758 0.548474 
vn -0.907575 0.177453 0.380549 
vn -0.856857 0.217882 0.46725 
vn -0.947653 0.134943 0.289385 
vn -0.907575 0.177453 0.380549 
vn -0.976621 0.0908504 0.194829 
vn -0.947653 0.134943 0.289385 
vn -0.994138 0.0456931 0.0979891 
vn -0.976621 0.0908504 0.194829 
vn -1 -1.50968e-16 -2.12456e-16 
vn -0.994138 0.0456931 0.0979891 
vn -0.994138 -0.0456931 -0.0979891 
vn -1 3.67119e-17 1.90025e-16 
vn -0.976621 -0.0908504 -0.194829 
vn -0.994138 -0.0456931 -0.0979891 
vn -0.947653 -0.134943 -0.289385 
vn -0.976621 -0.0908504 -0.194829 
vn -0.907575 -0.177453 -0.380549 
vn -0.947653 -0.134943 -0.289385 
vn -0.856857 -0.217882 -0.46725 
vn -0.907575 -0.177453 -0.380549 
vn -0.796093 -0.255758 -0.548474 
vn -0.856857 -0.217882 -0.46725 
vn -0.725995 -0.290634 -0.623267 
vn -0.796093 -0.255758 -0.548474 
vn -0.647386 -0.322104 -0.690753 
vn -0.725995 -0.290634 -0.623267 
vn -0.561187 -0.349796 -0.750141 
vn -0.647386 -0.322104 -0.690753 
vn -0.468408 -0.373388 -0.800734 
vn -0.561187 -0.349796 -0.750141 
vn -0.370138 -0.392603 -0.841939 
vn -0.468408 -0.373388 -0.800734 
vn -0.267528 -0.407214 -0.873273 
vn -0.370138 -0.392603 -0.841939 
vn -0.161782 -0.417051 -0.894369 
vn -0.267528 -0.407214 -0.873273 
vn -0.0541389 -0.421998 -0.904979 
vn -0.161782 -0.417051 -0.894369 
vn 0.0541389 -0.421998 -0.904979 
vn -0.0541389 -0.421998 -0.904979 
vn 0.161782 -0.417051 -0.894369 
vn 0.0541389 -0.421998 -0.904979 
vn 0.267528 -0.407214 -0.873273 
vn 0.161782 -0.417051 -0.894369 
vn 0.370138 -0.392603 -0.841939 
vn 0.267528 -0.407214 -0.873273 
vn 0.468408 -0.373388 -0.800734 
vn 0.370138 -0.392603 -0.841939 
vn 0.561187 -0.349796 -0.750141 
vn 0.468408 -0.373388 -0.800734 
vn 0.647386 -0.322104 -0.690753 
vn 0.561187 -0.349796 -0.750141 
vn 0.725995 -0.290634 -0.623267 
vn 0.647386 -0.322104 -0.690753 
vn 0.796093 -0.255758 -0.548474 
vn 0.725995 -0.290634 -0.623267 
vn 0.856857 -0.217882 -0.46725 
vn 0.796093 -0.255758 -0.548474 
vn 0.907575 -0.177453 -0.380549 
vn 0.856857 -0.217882 -0.46725 
vn 0.947653 -0.134943 -0.289385 
vn 0.907575 -0.177453 -0.380549 
vn 0.976621 -0.0908504 -0.194829 
vn 0.947653 -0.134943 -0.289385 
vn 0.994138 -0.0456931 -0.0979891 
vn 0.976621 -0.0908504 -0.194829 
vn -1.32896e-17 0.906308 -0.422618 
vn -5.99322e-16 -0.422618 -0.906308 
vn 0.104528 -0.420303 -0.901343 
vn 0.207912 -0.413383 -0.886503 
vn 0.309017 -0.401934 -0.86195 
vn 0.406737 -0.386081 -0.827953 
vn 0.5 -0.365998 -0.784886 
vn 0.587785 -0.341905 -0.733218 
vn 0.55108 -0.352655 -0.756271 
vn 0.669131 -0.314067 -0.673518 
vn 0.743145 -0.282787 -0.606438 
vn 0.809017 -0.248409 -0.532714 
vn 0.808379 -0.24878 -0.53351 
vn 0.866025 -0.211309 -0.453154 
vn 0.913545 -0.171894 -0.368629 
vn 0.951057 -0.130596 -0.280065 
vn 0.978148 -0.0878673 -0.188432 
vn 0.994522 -0.0441756 -0.094735 
vn 1 -8.84677e-17 -3.01016e-16 
vn 0.743145 -0.282787 -0.606438 
vn 0.5 -0.365998 -0.784886 
vn -2.10804e-17 -0.422618 -0.906308 
vn -0.104528 -0.420303 -0.901343 
vn -0.207912 -0.413383 -0.886503 
vn -0.309017 -0.401934 -0.86195 
vn -0.406737 -0.386081 -0.827953 
vn -0.5 -0.365998 -0.784886 
vn -0.55108 -0.352655 -0.756271 
vn -0.587785 -0.341905 -0.733218 
vn -0.669131 -0.314067 -0.673518 
vn -0.743145 -0.282787 -0.606438 
vn -0.808379 -0.24878 -0.53351 
vn -0.809017 -0.248409 -0.532714 
vn -0.866025 -0.211309 -0.453154 
vn -0.913545 -0.171894 -0.368629 
vn -0.951057 -0.130596 -0.280065 
vn -0.978148 -0.0878673 -0.188432 
vn -0.994522 -0.0441756 -0.094735 
vn -1 8.84677e-17 3.01016e-16 
vn -0.994522 0.0441756 0.094735 
vn -0.978148 0.0878673 0.188432 
vn -0.951057 0.130596 0.280065 
vn -0.913545 0.171894 0.368629 
vn -0.866025 0.211309 0.453154 
vn -0.809017 0.248409 0.532714 
vn -0.743145 0.282787 0.606438 
vn -0.669131 0.314067 0.673518 
vn -0.587785 0.341905 0.733218 
vn -0.519228 0.361185 0.774563 
vn -0.5 0.365998 0.784886 
vn -0.406737 0.386081 0.827953 
vn -0.309017 0.401934 0.86195 
vn -0.207912 0.413383 0.886503 
vn -0.104528 0.420303 0.901343 
vn 3.10201e-16 0.422618 0.906308 
vn 0.104528 0.420303 0.901343 
vn 0.207912 0.413383 0.886503 
vn 0.309017 0.401934 0.86195 
vn 0.406737 0.386081 0.827953 
vn 0.5 0.365998 0.784886 
vn 0.587785 0.341905 0.733218 
vn 0.519228 0.361185 0.774563 
vn 0.669131 0.314067 0.673518 
vn 0.743145 0.282787 0.606438 
vn 0.809017 0.248409 0.532714 
vn 0.866025 0.211309 0.453154 
vn 0.913545 0.171894 0.368629 
vn 0.951057 0.130596 0.280065 
vn 0.978148 0.0878673 0.188432 
vn 0.994522 0.0441756 0.094735 
vn 1 -8.84677e-17 -3.01016e-16 
vn 0.994522 -0.0441756 -0.094735 
vn 0.978148 -0.0878673 -0.188432 
vn 0.951057 -0.130596 -0.280065 
vn 0.913545 -0.171894 -0.368629 
vn 0.866025 -0.211309 -0.453154 
vn 0.809017 -0.248409 -0.532714 
vn 0.743145 -0.282787 -0.606438 
vn 0.669131 -0.314067 -0.673518 
vn 0.599308 -0.338314 -0.725516 
vn 0.587785 -0.341905 -0.733218 
vn 0.519228 -0.361185 -0.774563 
vn 0.5 -0.365998 -0.784886 
vn 0.406737 -0.386081 -0.827953 
vn 0.309017 -0.401934 -0.86195 
vn 0.207912 -0.413383 -0.886503 
vn 0.104528 -0.420303 -0.901343 
vn -3.10201e-16 -0.422618 -0.906308 
vn 1 -8.84677e-17 -3.01016e-16 
vn -1 8.84677e-17 3.01016e-16 
vn -3.10201e-16 -0.422618 -0.906308 
vn -0.104528 -0.420303 -0.901343 
vn -0.207912 -0.413383 -0.886503 
vn -0.309017 -0.401934 -0.86195 
vn -0.406737 -0.386081 -0.827953 
vn -0.5 -0.365998 -0.784886 
vn -0.587785 -0.341905 -0.733218 
vn -0.519228 -0.361185 -0.774563 
vn -0.669131 -0.314067 -0.673518 
vn -0.599308 -0.338314 -0.725516 
vn -0.587785 -0.341905 -0.733218 
vn -0.669131 -0.314067 -0.673518 
vn -0.743145 -0.282787 -0.606438 
vn -0.809017 -0.248409 -0.532714 
vn -0.866025 -0.211309 -0.453154 
vn -0.913545 -0.171894 -0.368629 
vn -0.951057 -0.130596 -0.280065 
vn -0.978148 -0.0878673 -0.188432 
vn -0.994522 -0.0441756 -0.094735 
vn -1 8.84677e-17 3.01016e-16 
vn 0.994138 0.0456931 0.0979891 
vn 1 1.50439e-17 -7.90344e-17 
vn 0.976621 0.0908504 0.194829 
vn 0.994138 0.0456931 0.0979891 
vn 0.947653 0.134943 0.289385 
vn 0.976621 0.0908504 0.194829 
vn 0.907575 0.177453 0.380549 
vn 0.947653 0.134943 0.289385 
vn 0.856857 0.217882 0.46725 
vn 0.907575 0.177453 0.380549 
vn 0.796093 0.255758 0.548474 
vn 0.856857 0.217882 0.46725 
vn 0.725995 0.290634 0.623267 
vn 0.796093 0.255758 0.548474 
vn 0.647386 0.322104 0.690753 
vn 0.725995 0.290634 0.623267 
vn 0.561187 0.349796 0.750141 
vn 0.647386 0.322104 0.690753 
vn 0.468408 0.373388 0.800734 
vn 0.561187 0.349796 0.750141 
vn 0.370138 0.392603 0.841939 
vn 0.468408 0.373388 0.800734 
vn 0.267528 0.407214 0.873273 
vn 0.370138 0.392603 0.841939 
vn 0.161782 0.417051 0.894369 
vn 0.267528 0.407214 0.873273 
vn 0.0541389 0.421998 0.904979 
vn 0.161782 0.417051 0.894369 
vn -0.0541389 0.421998 0.904979 
vn 0.0541389 0.421998 0.904979 
vn -0.161782 0.417051 0.894369 
vn -0.0541389 0.421998 0.904979 
vn -0.267528 0.407214 0.873273 
vn -0.161782 0.417051 0.894369 
vn -0.370138 0.392603 0.841939 
vn -0.267528 0.407214 0.873273 
vn -0.468408 0.373388 0.800734 
vn -0.370138 0.392603 0.841939 
vn -0.561187 0.349796 0.750141 
vn -0.468408 0.373388 0.800734 
vn -0.647386 0.322104 0.690753 
vn -0.561187 0.349796 0.750141 
vn -0.725995 0.290634 0.623267 
vn -0.647386 0.322104 0.690753 
vn -0.796093 0.255758 0.548474 
vn -0.725995 0.290634 0.623267 
vn -0.856857 0.217882 0.46725 
vn -0.796093 0.255758 0.548474 
vn -0.907575 0.177453 0.380549 
vn -0.856857 0.217882 0.46725 
vn -0.947653 0.134943 0.289385 
vn -0.907575 0.177453 0.380549 
vn -0.976621 0.0908504 0.194829 
vn -0.947653 0.134943 0.289385 
vn -0.994138 0.0456931 0.0979891 
vn -0.976621 0.0908504 0.194829 
vn -1 8.84677e-17 3.01016e-16 
vn -0.994138 0.0456931 0.0979891 
vn -0.994138 -0.0456931 -0.0979891 
vn -1 8.84677e-17 3.01016e-16 
vn -0.976621 -0.0908504 -0.194829 
vn -0.994138 -0.0456931 -0.0979891 
vn -0.947653 -0.134943 -0.289385 
vn -0.976621 -0.0908504 -0.194829 
vn -0.907575 -0.177453 -0.380549 
vn -0.947653 -0.134943 -0.289385 
vn -0.856857 -0.217882 -0.46725 
vn -0.907575 -0.177453 -0.380549 
vn -0.796093 -0.255758 -0.548474 
vn -0.856857 -0.217882 -0.46725 
vn -0.725995 -0.290634 -0.623267 
vn -0.796093 -0.255758 -0.548474 
vn -0.647386 -0.322104 -0.690753 
vn -0.725995 -0.290634 -0.623267 
vn -0.561187 -0.349796 -0.750141 
vn -0.647386 -0.322104 -0.690753 
vn -0.468408 -0.373388 -0.800734 
vn -0.561187 -0.349796 -0.750141 
vn -0.370138 -0.392603 -0.841939 
vn -0.468408 -0.373388 -0.800734 
vn -0.267528 -0.407214 -0.873273 
vn -0.370138 -0.392603 -0.841939 
vn -0.161782 -0.417051 -0.894369 
vn -0.267528 -0.407214 -0.873273 
vn -0.0541389 -0.421998 -0.904979 
vn -0.161782 -0.417051 -0.894369 
vn 0.0541389 -0.421998 -0.904979 
vn -0.0541389 -0.421998 -0.904979 
vn 0.161782 -0.417051 -0.894369 
vn 0.0541389 -0.421998 -0.904979 
vn 0.267528 -0.407214 -0.873273 
vn 0.161782 -0.417051 -0.894369 
vn 0.370138 -0.392603 -0.841939 
vn 0.267528 -0.407214 -0.873273 
vn 0.468408 -0.373388 -0.800734 
vn 0.370138 -0.392603 -0.841939 
vn 0.561187 -0.349796 -0.750141 
vn 0.468408 -0.373388 -0.800734 
vn 0.647386 -0.322104 -0.690753 
vn 0.561187 -0.349796 -0.750141 
vn 0.725995 -0.290634 -0.623267 
vn 0.647386 -0.322104 -0.690753 
vn 0.796093 -0.255758 -0.548474 
vn 0.725995 -0.290634 -0.623267 
vn 0.856857 -0.217882 -0.46725 
vn 0.796093 -0.255758 -0.548474 
vn 0.907575 -0.177453 -0.380549 
vn 0.856857 -0.217882 -0.46725 
vn 0.947653 -0.134943 -0.289385 
vn 0.907575 -0.177453 -0.380549 
vn 0.976621 -0.0908504 -0.194829 
vn 0.947653 -0.134943 -0.289385 
vn 0.994138 -0.0456931 -0.0979891 
vn 0.976621 -0.0908504 -0.194829 
vn 0.994138 0.0456931 0.0979891 
vn 1 1.50439e-17 -7.90344e-17 
vn 0.976621 0.0908504 0.194829 
vn 0.994138 0.0456931 0.0979891 
vn 0.947653 0.134943 0.289385 
vn 0.976621 0.0908504 0.194829 
vn 0.907575 0.177453 0.380549 
vn 0.947653 0.134943 0.289385 
vn 0.856857 0.217882 0.46725 
vn 0.907575 0.177453 0.380549 
vn 0.796093 0.255758 0.548474 
vn 0.856857 0.217882 0.46725 
vn 0.725995 0.290634 0.623267 
vn 0.796093 0.255758 0.548474 
vn 0.647386 0.322104 0.690753 
vn 0.725995 0.290634 0.623267 
vn 0.561187 0.349796 0.750141 
vn 0.647386 0.322104 0.690753 
vn 0.468408 0.373388 0.800734 
vn 0.561187 0.349796 0.750141 
vn 0.370138 0.392603 0.841939 
vn 0.468408 0.373388 0.800734 
vn 0.267528 0.407214 0.873273 
vn 0.370138 0.392603 0.841939 
vn 0.161782 0.417051 0.894369 
vn 0.267528 0.407214 0.873273 
vn 0.0541389 0.421998 0.904979 
vn 0.161782 0.417051 0.894369 
vn -0.0541389 0.421998 0.904979 
vn 0.0541389 0.421998 0.904979 
vn -0.161782 0.417051 0.894369 
vn -0.0541389 0.421998 0.904979 
vn -0.267528 0.407214 0.873273 
vn -0.161782 0.417051 0.894369 
vn -0.370138 0.392603 0.841939 
vn -0.267528 0.407214 0.873273 
vn -0.468408 0.373388 0.800734 
vn -0.370138 0.392603 0.841939 
vn -0.561187 0.349796 0.750141 
vn -0.468408 0.373388 0.800734 
vn -0.647386 0.322104 0.690753 
vn -0.561187 0.349796 0.750141 
vn -0.725995 0.290634 0.623267 
vn -0.647386 0.322104 0.690753 
vn -0.796093 0.255758 0.548474 
vn -0.725995 0.290634 0.623267 
vn -0.856857 0.217882 0.46725 
vn -0.796093 0.255758 0.548474 
vn -0.907575 0.177453 0.380549 
vn -0.856857 0.217882 0.46725 
vn -0.947653 0.134943 0.289385 
vn -0.907575 0.177453 0.380549 
vn -0.976621 0.0908504 0.194829 
vn -0.947653 0.134943 0.289385 
vn -0.994138 0.0456931 0.0979891 
vn -0.976621 0.0908504 0.194829 
vn -1 8.84677e-17 3.01016e-16 
vn -0.994138 0.0456931 0.0979891 
vn -0.994138 -0.0456931 -0.0979891 
vn -1 8.84677e-17 3.01016e-16 
vn -0.976621 -0.0908504 -0.194829 
vn -0.994138 -0.0456931 -0.0979891 
vn -0.947653 -0.134943 -0.289385 
vn -0.976621 -0.0908504 -0.194829 
vn -0.907575 -0.177453 -0.380549 
vn -0.947653 -0.134943 -0.289385 
vn -0.856857 -0.217882 -0.46725 
vn -0.907575 -0.177453 -0.380549 
vn -0.796093 -0.255758 -0.548474 
vn -0.856857 -0.217882 -0.46725 
vn -0.725995 -0.290634 -0.623267 
vn -0.796093 -0.255758 -0.548474 
vn -0.647386 -0.322104 -0.690753 
vn -0.725995 -0.290634 -0.623267 
vn -0.561187 -0.349796 -0.750141 
vn -0.647386 -0.322104 -0.690753 
vn -0.468408 -0.373388 -0.800734 
vn -0.561187 -0.349796 -0.750141 
vn -0.370138 -0.392603 -0.841939 
vn -0.468408 -0.373388 -0.800734 
vn -0.267528 -0.407214 -0.873273 
vn -0.370138 -0.392603 -0.841939 
vn -0.161782 -0.417051 -0.894369 
vn -0.267528 -0.407214 -0.873273 
vn -0.0541389 -0.421998 -0.904979 
vn -0.161782 -0.417051 -0.894369 
vn 0.0541389 -0.421998 -0.904979 
vn -0.0541389 -0.421998 -0.904979 
vn 0.161782 -0.417051 -0.894369 
vn 0.0541389 -0.421998 -0.904979 
vn 0.267528 -0.407214 -0.873273 
vn 0.161782 -0.417051 -0.894369 
vn 0.370138 -0.392603 -0.841939 
vn 0.267528 -0.407214 -0.873273 
vn 0.468408 -0.373388 -0.800734 
vn 0.370138 -0.392603 -0.841939 
vn 0.561187 -0.349796 -0.750141 
vn 0.468408 -0.373388 -0.800734 
vn 0.647386 -0.322104 -0.690753 
vn 0.561187 -0.349796 -0.750141 
vn 0.725995 -0.290634 -0.623267 
vn 0.647386 -0.322104 -0.690753 
vn 0.796093 -0.255758 -0.548474 
vn 0.725995 -0.290634 -0.623267 
vn 0.856857 -0.217882 -0.46725 
vn 0.796093 -0.255758 -0.548474 
vn 0.907575 -0.177453 -0.380549 
vn 0.856857 -0.217882 -0.46725 
vn 0.947653 -0.134943 -0.289385 
vn 0.907575 -0.177453 -0.380549 
vn 0.976621 -0.0908504 -0.194829 
vn 0.947653 -0.134943 -0.289385 
vn 0.994138 -0.0456931 -0.0979891 
vn 0.976621 -0.0908504 -0.194829 
vn 0.994138 0.0456931 0.0979891 
vn 1 1.50439e-17 -7.90344e-17 
vn 0.976621 0.0908504 0.194829 
vn 0.994138 0.0456931 0.0979891 
vn 0.947653 0.134943 0.289385 
vn 0.976621 0.0908504 0.194829 
vn 0.907575 0.177453 0.380549 
vn 0.947653 0.134943 0.289385 
vn 0.856857 0.217882 0.46725 
vn 0.907575 0.177453 0.380549 
vn 0.796093 0.255758 0.548474 
vn 0.856857 0.217882 0.46725 
vn 0.725995 0.290634 0.623267 
vn 0.796093 0.255758 0.548474 
vn 0.647386 0.322104 0.690753 
vn 0.725995 0.290634 0.623267 
vn 0.561187 0.349796 0.750141 
vn 0.647386 0.322104 0.690753 
vn 0.468408 0.373388 0.800734 
vn 0.561187 0.349796 0.750141 
vn 0.370138 0.392603 0.841939 
vn 0.468408 0.373388 0.800734 
vn 0.267528 0.407214 0.873273 
vn 0.370138 0.392603 0.841939 
vn 0.161782 0.417051 0.894369 
vn 0.267528 0.407214 0.873273 
vn 0.0541389 0.421998 0.904979 
vn 0.161782 0.417051 0.894369 
vn -0.0541389 0.421998 0.904979 
vn 0.0541389 0.421998 0.904979 
vn -0.161782 0.417051 0.894369 
vn -0.0541389 0.421998 0.904979 
vn -0.267528 0.407214 0.873273 
vn -0.161782 0.417051 0.894369 
vn -0.370138 0.392603 0.841939 
vn -0.267528 0.407214 0.873273 
vn -0.468408 0.373388 0.800734 
vn -0.370138 0.392603 0.841939 
vn -0.561187 0.349796 0.750141 
vn -0.468408 0.373388 0.800734 
vn -0.647386 0.322104 0.690753 
vn -0.561187 0.349796 0.750141 
vn -0.725995 0.290634 0.623267 
vn -0.647386 0.322104 0.690753 
vn -0.796093 0.255758 0.548474 
vn -0.725995 0.290634 0.623267 
vn -0.856857 0.217882 0.46725 
vn -0.796093 0.255758 0.548474 
vn -0.907575 0.177453 0.380549 
vn -0.856857 0.217882 0.46725 
vn -0.947653 0.134943 0.289385 
vn -0.907575 0.177453 0.380549 
vn -0.976621 0.0908504 0.194829 
vn -0.947653 0.134943 0.289385 
vn -0.994138 0.0456931 0.0979891 
vn -0.976621 0.0908504 0.194829 
vn -1 8.84677e-17 3.01016e-16 
vn -0.994138 0.0456931 0.0979891 
vn -0.994138 -0.0456931 -0.0979891 
vn -1 8.84677e-17 3.01016e-16 
vn -0.976621 -0.0908504 -0.194829 
vn -0.994138 -0.0456931 -0.0979891 
vn -0.947653 -0.134943 -0.289385 
vn -0.976621 -0.0908504 -0.194829 
vn -0.907575 -0.177453 -0.380549 
vn -0.947653 -0.134943 -0.289385 
vn -0.856857 -0.217882 -0.46725 
vn -0.907575 -0.177453 -0.380549 
vn -0.796093 -0.255758 -0.548474 
vn -0.856857 -0.217882 -0.46725 
vn -0.725995 -0.290634 -0.623267 
vn -0.796093 -0.255758 -0.548474 
vn -0.647386 -0.322104 -0.690753 
vn -0.725995 -0.290634 -0.623267 
vn -0.561187 -0.349796 -0.750141 
vn -0.647386 -0.322104 -0.690753 
vn -0.468408 -0.373388 -0.800734 
vn -0.561187 -0.349796 -0.750141 
vn -0.370138 -0.392603 -0.841939 
vn -0.468408 -0.373388 -0.800734 
vn -0.267528 -0.407214 -0.873273 
vn -0.370138 -0.392603 -0.841939 
vn -0.161782 -0.417051 -0.894369 
vn -0.267528 -0.407214 -0.873273 
vn -0.0541389 -0.421998 -0.904979 
vn -0.161782 -0.417051 -0.894369 
vn 0.0541389 -0.421998 -0.904979 
vn -0.0541389 -0.421998 -0.904979 
vn 0.161782 -0.417051 -0.894369 
vn 0.0541389 -0.421998 -0.904979 
vn 0.267528 -0.407214 -0.873273 
vn 0.161782 -0.417051 -0.894369 
vn 0.370138 -0.392603 -0.841939 
vn 0.267528 -0.407214 -0.873273 
vn 0.468408 -0.373388 -0.800734 
vn 0.370138 -0.392603 -0.841939 
vn 0.561187 -0.349796 -0.750141 
vn 0.468408 -0.373388 -0.800734 
vn 0.647386 -0.322104 -0.690753 
vn 0.561187 -0.349796 -0.750141 
vn 0.725995 -0.290634 -0.623267 
vn 0.647386 -0.322104 -0.690753 
vn 0.796093 -0.255758 -0.548474 
vn 0.725995 -0.290634 -0.623267 
vn 0.856857 -0.217882 -0.46725 
vn 0.796093 -0.255758 -0.548474 
vn 0.907575 -0.177453 -0.380549 
vn 0.856857 -0.217882 -0.46725 
vn 0.947653 -0.134943 -0.289385 
vn 0.907575 -0.177453 -0.380549 
vn 0.976621 -0.0908504 -0.194829 
vn 0.947653 -0.134943 -0.289385 
vn 0.994138 -0.0456931 -0.0979891 
vn 0.976621 -0.0908504 -0.194829 
vn 0.994138 0.0456931 0.0979891 
vn 1 1.50439e-17 -7.90344e-17 
vn 0.976621 0.0908504 0.194829 
vn 0.994138 0.0456931 0.0979891 
vn 0.947653 0.134943 0.289385 
vn 0.976621 0.0908504 0.194829 
vn 0.907575 0.177453 0.380549 
vn 0.947653 0.134943 0.289385 
vn 0.856857 0.217882 0.46725 
vn 0.907575 0.177453 0.380549 
vn 0.796093 0.255758 0.548474 
vn 0.856857 0.217882 0.46725 
vn 0.725995 0.290634 0.623267 
vn 0.796093 0.255758 0.548474 
vn 0.647386 0.322104 0.690753 
vn 0.725995 0.290634 0.623267 
vn 0.561187 0.349796 0.750141 
vn 0.647386 0.322104 0.690753 
vn 0.468408 0.373388 0.800734 
vn 0.561187 0.349796 0.750141 
vn 0.370138 0.392603 0.841939 
vn 0.468408 0.373388 0.800734 
vn 0.267528 0.407214 0.873273 
vn 0.370138 0.392603 0.841939 
vn 0.161782 0.417051 0.894369 
vn 0.267528 0.407214 0.873273 
vn 0.0541389 0.421998 0.904979 
vn 0.161782 0.417051 0.894369 
vn -0.0541389 0.421998 0.904979 
vn 0.0541389 0.421998 0.904979 
vn -0.161782 0.417051 0.894369 
vn -0.0541389 0.421998 0.904979 
vn -0.267528 0.407214 0.873273 
vn -0.161782 0.417051 0.894369 
vn -0.370138 0.392603 0.841939 
vn -0.267528 0.407214 0.873273 
vn -0.468408 0.373388 0.800734 
vn -0.370138 0.392603 0.841939 
vn -0.561187 0.349796 0.750141 
vn -0.468408 0.373388 0.800734 
vn -0.647386 0.322104 0.690753 
vn -0.561187 0.349796 0.750141 
vn -0.725995 0.290634 0.623267 
vn -0.647386 0.322104 0.690753 
vn -0.796093 0.255758 0.548474 
vn -0.725995 0.290634 0.623267 
vn -0.856857 0.217882 0.46725 
vn -0.796093 0.255758 0.548474 
vn -0.907575 0.177453 0.380549 
vn -0.856857 0.217882 0.46725 
vn -0.947653 0.134943 0.289385 
vn -0.907575 0.177453 0.380549 
vn -0.976621 0.0908504 0.194829 
vn -0.947653 0.134943 0.289385 
vn -0.994138 0.0456931 0.0979891 
vn -0.976621 0.0908504 0.194829 
vn -1 8.84677e-17 3.01016e-16 
vn -0.994138 0.0456931 0.0979891 
vn -0.994138 -0.0456931 -0.0979891 
vn -1 8.84677e-17 3.01016e-16 
vn -0.976621 -0.0908504 -0.194829 
vn -0.994138 -0.0456931 -0.0979891 
vn -0.947653 -0.134943 -0.289385 
vn -0.976621 -0.0908504 -0.194829 
vn -0.907575 -0.177453 -0.380549 
vn -0.947653 -0.134943 -0.289385 
vn -0.856857 -0.217882 -0.46725 
vn -0.907575 -0.177453 -0.380549 
vn -0.796093 -0.255758 -0.548474 
vn -0.856857 -0.217882 -0.46725 
vn -0.725995 -0.290634 -0.623267 
vn -0.796093 -0.255758 -0.548474 
vn -0.647386 -0.322104 -0.690753 
vn -0.725995 -0.290634 -0.623267 
vn -0.561187 -0.349796 -0.750141 
vn -0.647386 -0.322104 -0.690753 
vn -0.468408 -0.373388 -0.800734 
vn -0.561187 -0.349796 -0.750141 
vn -0.370138 -0.392603 -0.841939 
vn -0.468408 -0.373388 -0.800734 
vn -0.267528 -0.407214 -0.873273 
vn -0.370138 -0.392603 -0.841939 
vn -0.161782 -0.417051 -0.894369 
vn -0.267528 -0.407214 -0.873273 
vn -0.0541389 -0.421998 -0.904979 
vn -0.161782 -0.417051 -0.894369 
vn 0.0541389 -0.421998 -0.904979 
vn -0.0541389 -0.421998 -0.904979 
vn 0.161782 -0.417051 -0.894369 
vn 0.0541389 -0.421998 -0.904979 
vn 0.267528 -0.407214 -0.873273 
vn 0.161782 -0.417051 -0.894369 
vn 0.370138 -0.392603 -0.841939 
vn 0.267528 -0.407214 -0.873273 
vn 0.468408 -0.373388 -0.800734 
vn 0.370138 -0.392603 -0.841939 
vn 0.561187 -0.349796 -0.750141 
vn 0.468408 -0.373388 -0.800734 
vn 0.647386 -0.322104 -0.690753 
vn 0.561187 -0.349796 -0.750141 
vn 0.725995 -0.290634 -0.623267 
vn 0.647386 -0.322104 -0.690753 
vn 0.796093 -0.255758 -0.548474 
vn 0.725995 -0.290634 -0.623267 
vn 0.856857 -0.217882 -0.46725 
vn 0.796093 -0.255758 -0.548474 
vn 0.907575 -0.177453 -0.380549 
vn 0.856857 -0.217882 -0.46725 
vn 0.947653 -0.134943 -0.289385 
vn 0.907575 -0.177453 -0.380549 
vn 0.976621 -0.0908504 -0.194829 
vn 0.947653 -0.134943 -0.289385 
vn 0.994138 -0.0456931 -0.0979891 
vn 0.976621 -0.0908504 -0.194829 
vn 3.10201e-16 0.422618 0.906308 
vn -3.10201e-16 -0.422618 -0.906308 
vn 1 -8.84677e-17 -3.01016e-16 
vn -1 8.84677e-17 3.01016e-16 
vn -3.10201e-16 -0.422618 -0.906308 
vn -3.07113e-16 -0.515038 -0.857167 
vn -3.00659e-16 -0.601815 -0.798636 
vn -2.90912e-16 -0.681998 -0.731354 
vn -2.77977e-16 -0.75471 -0.656059 
vn -2.61997e-16 -0.819152 -0.573576 
vn -2.43146e-16 -0.87462 -0.48481 
vn -2.21632e-16 -0.920505 -0.390731 
vn -1.97689e-16 -0.956305 -0.292372 
vn -1.7158e-16 -0.981627 -0.190809 
vn -1.43591e-16 -0.996195 -0.0871557 
vn -1.14029e-16 -0.999848 0.0174524 
vn -8.32182e-17 -0.992546 0.121869 
vn -5.14952e-17 -0.97437 0.224951 
vn -1.9208e-17 -0.945519 0.325568 
vn 1.32896e-17 -0.906308 0.422618 
vn 3.10201e-16 0.422618 0.906308 
vn 3.09891e-16 0.325568 0.945519 
vn 3.06185e-16 0.224951 0.97437 
vn 2.99125e-16 0.121869 0.992546 
vn 2.88788e-16 0.0174524 0.999848 
vn 2.75287e-16 -0.0871557 0.996195 
vn 2.58769e-16 -0.190809 0.981627 
vn 2.39417e-16 -0.292372 0.956305 
vn 2.17441e-16 -0.390731 0.920505 
vn 1.93083e-16 -0.48481 0.87462 
vn 1.6661e-16 -0.573576 0.819152 
vn 1.38311e-16 -0.656059 0.75471 
vn 1.08497e-16 -0.731354 0.681998 
vn 7.74936e-17 -0.798636 0.601815 
vn 4.56417e-17 -0.857167 0.515038 
vn 1.32896e-17 -0.906308 0.422618 
vn 3.10201e-16 0.422618 0.906308 
vn 3.09891e-16 0.325568 0.945519 
vn 3.06185e-16 0.224951 0.97437 
vn 2.99125e-16 0.121869 0.992546 
vn 2.88788e-16 0.0174524 0.999848 
vn 2.75287e-16 -0.0871557 0.996195 
vn 2.58769e-16 -0.190809 0.981627 
vn 2.39417e-16 -0.292372 0.956305 
vn 2.17441e-16 -0.390731 0.920505 
vn 1.93083e-16 -0.48481 0.87462 
vn 1.6661e-16 -0.573576 0.819152 
vn 1.38311e-16 -0.656059 0.75471 
vn 1.08497e-16 -0.731354 0.681998 
vn 7.74936e-17 -0.798636 0.601815 
vn 4.56417e-17 -0.857167 0.515038 
vn 1.32896e-17 -0.906308 0.422618 
vn 1 -1.08832e-16 -3.44688e-16 
vn -1 1.08832e-16 3.44688e-16 
vn 4.56417e-17 -0.857167 0.515038 
vn 1.32896e-17 -0.906308 0.422618 
vn 7.74936e-17 -0.798636 0.601815 
vn 4.56417e-17 -0.857167 0.515038 
vn 1.08497e-16 -0.731354 0.681998 
vn 7.74936e-17 -0.798636 0.601815 
vn 1.38311e-16 -0.656059 0.75471 
vn 1.08497e-16 -0.731354 0.681998 
vn 1.6661e-16 -0.573576 0.819152 
vn 1.38311e-16 -0.656059 0.75471 
vn 1.93083e-16 -0.48481 0.87462 
vn 1.6661e-16 -0.573576 0.819152 
vn 2.17441e-16 -0.390731 0.920505 
vn 1.93083e-16 -0.48481 0.87462 
vn 2.39417e-16 -0.292372 0.956305 
vn 2.17441e-16 -0.390731 0.920505 
vn 2.58769e-16 -0.190809 0.981627 
vn 2.39417e-16 -0.292372 0.956305 
vn 2.75287e-16 -0.0871557 0.996195 
vn 2.58769e-16 -0.190809 0.981627 
vn 2.88788e-16 0.0174524 0.999848 
vn 2.75287e-16 -0.0871557 0.996195 
vn 2.99125e-16 0.121869 0.992546 
vn 2.88788e-16 0.0174524 0.999848 
vn 3.06185e-16 0.224951 0.97437 
vn 2.99125e-16 0.121869 0.992546 
vn 3.09891e-16 0.325568 0.945519 
vn 3.06185e-16 0.224951 0.97437 
vn 3.10201e-16 0.422618 0.906308 
vn 3.09891e-16 0.325568 0.945519 
vn 1.32896e-17 -0.906308 0.422618 
vn 3.10201e-16 0.422618 0.906308 
vn 0.998533 -0.0228801 -0.0490665 
vn 0.986827 -0.068372 -0.146624 
vn 0.96355 -0.113062 -0.242463 
vn 0.928977 -0.156427 -0.335459 
vn 0.883512 -0.197958 -0.424522 
vn 0.827689 -0.237168 -0.508608 
vn 0.762162 -0.273597 -0.586731 
vn 0.687699 -0.306819 -0.657975 
vn 0.605174 -0.336443 -0.721505 
vn 0.561187 -0.349796 -0.750141 
vn 0.515554 -0.362123 -0.776576 
vn 0.468408 -0.373388 -0.800734 
vn 0.419889 -0.383558 -0.822543 
vn 0.370138 -0.392603 -0.841939 
vn 0.319302 -0.400496 -0.858865 
vn 0.267528 -0.407214 -0.873273 
vn 0.21497 -0.412738 -0.885119 
vn 0.161782 -0.417051 -0.894369 
vn 0.108119 -0.420141 -0.900995 
vn 0.0541389 -0.421998 -0.904979 
vn -3.10201e-16 -0.422618 -0.906308 
vn 0.108119 0.420141 0.900995 
vn 3.10201e-16 0.422618 0.906308 
vn 0.0541389 0.421998 0.904979 
vn 0.21497 0.412738 0.885119 
vn 0.108119 0.420141 0.900995 
vn 0.161782 0.417051 0.894369 
vn 0.319302 0.400496 0.858865 
vn 0.21497 0.412738 0.885119 
vn 0.267528 0.407214 0.873273 
vn 0.419889 0.383558 0.822543 
vn 0.319302 0.400496 0.858865 
vn 0.370138 0.392603 0.841939 
vn 0.515554 0.362123 0.776576 
vn 0.419889 0.383558 0.822543 
vn 0.468408 0.373388 0.800734 
vn 0.605174 0.336443 0.721505 
vn 0.515554 0.362123 0.776576 
vn 0.561187 0.349796 0.750141 
vn 0.687699 0.306819 0.657975 
vn 0.605174 0.336443 0.721505 
vn 0.762162 0.273597 0.586731 
vn 0.687699 0.306819 0.657975 
vn 0.827689 0.237168 0.508608 
vn 0.762162 0.273597 0.586731 
vn 0.883512 0.197958 0.424522 
vn 0.827689 0.237168 0.508608 
vn 0.928977 0.156427 0.335459 
vn 0.883512 0.197958 0.424522 
vn 0.96355 0.113062 0.242463 
vn 0.928977 0.156427 0.335459 
vn 0.986827 0.068372 0.146624 
vn 0.96355 0.113062 0.242463 
vn 0.998533 0.0228801 0.0490665 
vn 0.986827 0.068372 0.146624 
vn 1 -8.84677e-17 -3.01016e-16 
vn -3.10201e-16 -0.422618 -0.906308 
vn -0.108119 -0.420141 -0.900995 
vn -0.0541389 -0.421998 -0.904979 
vn -0.21497 -0.412738 -0.885119 
vn -0.108119 -0.420141 -0.900995 
vn -0.161782 -0.417051 -0.894369 
vn -0.319302 -0.400496 -0.858865 
vn -0.21497 -0.412738 -0.885119 
vn -0.267528 -0.407214 -0.873273 
vn -0.419889 -0.383558 -0.822543 
vn -0.319302 -0.400496 -0.858865 
vn -0.370138 -0.392603 -0.841939 
vn -0.515554 -0.362123 -0.776576 
vn -0.419889 -0.383558 -0.822543 
vn -0.468408 -0.373388 -0.800734 
vn -0.605174 -0.336443 -0.721505 
vn -0.515554 -0.362123 -0.776576 
vn -0.561187 -0.349796 -0.750141 
vn -0.687699 -0.306819 -0.657975 
vn -0.605174 -0.336443 -0.721505 
vn -0.762162 -0.273597 -0.586731 
vn -0.687699 -0.306819 -0.657975 
vn -0.827689 -0.237168 -0.508608 
vn -0.762162 -0.273597 -0.586731 
vn -0.883512 -0.197958 -0.424522 
vn -0.827689 -0.237168 -0.508608 
vn -0.928977 -0.156427 -0.335459 
vn -0.883512 -0.197958 -0.424522 
vn -0.96355 -0.113062 -0.242463 
vn -0.928977 -0.156427 -0.335459 
vn -0.986827 -0.068372 -0.146624 
vn -0.96355 -0.113062 -0.242463 
vn -0.998533 -0.0228801 -0.0490665 
vn -0.986827 -0.068372 -0.146624 
vn -0.998533 0.0228801 0.0490665 
vn -1 8.84677e-17 3.01016e-16 
vn -0.986827 0.068372 0.146624 
vn -0.96355 0.113062 0.242463 
vn -0.928977 0.156427 0.335459 
vn -0.883512 0.197958 0.424522 
vn -0.827689 0.237168 0.508608 
vn -0.762162 0.273597 0.586731 
vn -0.687699 0.306819 0.657975 
vn -0.605174 0.336443 0.721505 
vn -0.561187 0.349796 0.750141 
vn -0.515554 0.362123 0.776576 
vn -0.468408 0.373388 0.800734 
vn -0.419889 0.383558 0.822543 
vn -0.370138 0.392603 0.841939 
vn -0.319302 0.400496 0.858865 
vn -0.267528 0.407214 0.873273 
vn -0.21497 0.412738 0.885119 
vn -0.161782 0.417051 0.894369 
vn -0.108119 0.420141 0.900995 
vn -0.0541389 0.421998 0.904979 
vn 3.10201e-16 0.422618 0.906308 
vn -1.32896e-17 0.906308 -0.422618 
vn -3.10201e-16 -0.422618 -0.906308 
vn -0.998533 -0.0490665 0.0228801 
vn -0.986827 -0.146624 0.068372 
vn -0.96355 -0.242463 0.113062 
vn -0.928977 -0.335459 0.156427 
vn -0.883512 -0.424522 0.197958 
vn -0.827689 -0.508608 0.237168 
vn -0.762162 -0.586731 0.273597 
vn -0.687699 -0.657975 0.306819 
vn -0.605174 -0.721505 0.336443 
vn -0.515554 -0.776576 0.362123 
vn -0.419889 -0.822543 0.383558 
vn -0.319302 -0.858865 0.400496 
vn -0.21497 -0.885119 0.412738 
vn -0.108119 -0.900995 0.420141 
vn 1.32896e-17 -0.906308 0.422618 
vn -0.108119 0.900995 -0.420141 
vn 2.03551e-16 0.906308 -0.422618 
vn -0.0541389 0.904979 -0.421998 
vn -0.21497 0.885119 -0.412738 
vn -0.108119 0.900995 -0.420141 
vn -0.161782 0.894369 -0.417051 
vn -0.319302 0.858865 -0.400496 
vn -0.21497 0.885119 -0.412738 
vn -0.267528 0.873273 -0.407214 
vn -0.419889 0.822543 -0.383558 
vn -0.319302 0.858865 -0.400496 
vn -0.370138 0.841939 -0.392603 
vn -0.515554 0.776576 -0.362123 
vn -0.419889 0.822543 -0.383558 
vn -0.468408 0.800734 -0.373388 
vn -0.605174 0.721505 -0.336443 
vn -0.515554 0.776576 -0.362123 
vn -0.561187 0.750141 -0.349796 
vn -0.687699 0.657975 -0.306819 
vn -0.605174 0.721505 -0.336443 
vn -0.762162 0.586731 -0.273597 
vn -0.687699 0.657975 -0.306819 
vn -0.827689 0.508608 -0.237168 
vn -0.762162 0.586731 -0.273597 
vn -0.883512 0.424522 -0.197958 
vn -0.827689 0.508608 -0.237168 
vn -0.928977 0.335459 -0.156427 
vn -0.883512 0.424522 -0.197958 
vn -0.96355 0.242463 -0.113062 
vn -0.928977 0.335459 -0.156427 
vn -0.986827 0.146624 -0.068372 
vn -0.96355 0.242463 -0.113062 
vn -0.998533 0.0490665 -0.0228801 
vn -0.986827 0.146624 -0.068372 
vn -1 8.84677e-17 3.01016e-16 
vn -0.998533 0.0490665 -0.0228801 
vn -0.986827 0.146624 -0.068372 
vn -0.96355 0.242463 -0.113062 
vn -0.928977 0.335459 -0.156427 
vn -0.883512 0.424522 -0.197958 
vn -0.827689 0.508608 -0.237168 
vn -0.762162 0.586731 -0.273597 
vn -0.687699 0.657975 -0.306819 
vn -0.605174 0.721505 -0.336443 
vn -0.561187 0.750141 -0.349796 
vn -0.515554 0.776576 -0.362123 
vn -0.468408 0.800734 -0.373388 
vn -0.419889 0.822543 -0.383558 
vn -0.370138 0.841939 -0.392603 
vn -0.319302 0.858865 -0.400496 
vn -0.267528 0.873273 -0.407214 
vn -0.21497 0.885119 -0.412738 
vn -0.161782 0.894369 -0.417051 
vn -0.108119 0.900995 -0.420141 
vn -0.0541389 0.904979 -0.421998 
vn 2.03551e-16 0.906308 -0.422618 
vn 1.32896e-17 -0.906308 0.422618 
vn 0.108119 -0.900995 0.420141 
vn 0.21497 -0.885119 0.412738 
vn 0.319302 -0.858865 0.400496 
vn 0.419889 -0.822543 0.383558 
vn 0.515554 -0.776576 0.362123 
vn 0.605174 -0.721505 0.336443 
vn 0.687699 -0.657975 0.306819 
vn 0.762162 -0.586731 0.273597 
vn 0.827689 -0.508608 0.237168 
vn 0.883512 -0.424522 0.197958 
vn 0.928977 -0.335459 0.156427 
vn 0.96355 -0.242463 0.113062 
vn 0.986827 -0.146624 0.068372 
vn 0.998533 -0.0490665 0.0228801 
vn 0.108119 0.900995 -0.420141 
vn 2.03551e-16 0.906308 -0.422618 
vn 0.0541389 0.904979 -0.421998 
vn 0.21497 0.885119 -0.412738 
vn 0.108119 0.900995 -0.420141 
vn 0.161782 0.894369 -0.417051 
vn 0.319302 0.858865 -0.400496 
vn 0.21497 0.885119 -0.412738 
vn 0.267528 0.873273 -0.407214 
vn 0.419889 0.822543 -0.383558 
vn 0.319302 0.858865 -0.400496 
vn 0.370138 0.841939 -0.392603 
vn 0.515554 0.776576 -0.362123 
vn 0.419889 0.822543 -0.383558 
vn 0.468408 0.800734 -0.373388 
vn 0.605174 0.721505 -0.336443 
vn 0.515554 0.776576 -0.362123 
vn 0.561187 0.750141 -0.349796 
vn 0.687699 0.657975 -0.306819 
vn 0.605174 0.721505 -0.336443 
vn 0.762162 0.586731 -0.273597 
vn 0.687699 0.657975 -0.306819 
vn 0.827689 0.508608 -0.237168 
vn 0.762162 0.586731 -0.273597 
vn 0.883512 0.424522 -0.197958 
vn 0.827689 0.508608 -0.237168 
vn 0.928977 0.335459 -0.156427 
vn 0.883512 0.424522 -0.197958 
vn 0.96355 0.242463 -0.113062 
vn 0.928977 0.335459 -0.156427 
vn 0.986827 0.146624 -0.068372 
vn 0.96355 0.242463 -0.113062 
vn 0.998533 0.0490665 -0.0228801 
vn 0.986827 0.146624 -0.068372 
vn 0.998533 -0.0490665 0.0228801 
vn 1 -8.84677e-17 -3.01016e-16 
vn 0.998533 0.0490665 -0.0228801 
vn 0.986827 0.146624 -0.068372 
vn 0.96355 0.242463 -0.113062 
vn 0.928977 0.335459 -0.156427 
vn 0.883512 0.424522 -0.197958 
vn 0.827689 0.508608 -0.237168 
vn 0.762162 0.586731 -0.273597 
vn 0.687699 0.657975 -0.306819 
vn 0.605174 0.721505 -0.336443 
vn 0.561187 0.750141 -0.349796 
vn 0.515554 0.776576 -0.362123 
vn 0.468408 0.800734 -0.373388 
vn 0.419889 0.822543 -0.383558 
vn 0.370138 0.841939 -0.392603 
vn 0.319302 0.858865 -0.400496 
vn 0.267528 0.873273 -0.407214 
vn 0.21497 0.885119 -0.412738 
vn 0.161782 0.894369 -0.417051 
vn 0.108119 0.900995 -0.420141 
vn 0.0541389 0.904979 -0.421998 
vn 2.03551e-16 0.906308 -0.422618 
vn 2.09948e-16 0.939693 0.34202 
vn 3.82072e-16 -0.34202 0.939693 
vn -0.0764517 -0.338263 0.937941 
vn -0.152007 -0.327037 0.932706 
vn -0.22578 -0.308473 0.924049 
vn -0.296906 -0.282789 0.912073 
vn -0.364552 -0.250286 0.896916 
vn -0.427923 -0.211345 0.878758 
vn -0.486277 -0.166423 0.85781 
vn -0.53893 -0.116045 0.834319 
vn -0.585265 -0.0608041 0.808559 
vn -0.624737 -0.0013463 0.780834 
vn -0.656886 0.0616308 0.751467 
vn -0.681333 0.127389 0.720804 
vn -0.697792 0.195157 0.689203 
vn -0.70607 0.264141 0.657035 
vn -0.70607 0.333532 0.624678 
vn -0.697792 0.402515 0.59251 
vn -0.681333 0.470283 0.560909 
vn -0.656886 0.536042 0.530246 
vn -0.624737 0.599019 0.500879 
vn -0.585265 0.658477 0.473153 
vn -0.53893 0.713718 0.447394 
vn -0.486277 0.764095 0.423903 
vn -0.427923 0.809018 0.402955 
vn -0.364552 0.847959 0.384796 
vn -0.296906 0.880462 0.36964 
vn -0.22578 0.906146 0.357663 
vn -0.152007 0.92471 0.349007 
vn -0.0764517 0.935936 0.343772 
vn 2.09948e-16 0.939693 0.34202 
vn 0.0764517 0.935936 0.343772 
vn 0.152007 0.92471 0.349007 
vn 0.22578 0.906146 0.357663 
vn 0.296906 0.880462 0.36964 
vn 0.364552 0.847959 0.384796 
vn 0.427923 0.809018 0.402955 
vn 0.486277 0.764095 0.423903 
vn 0.53893 0.713718 0.447394 
vn 0.585265 0.658477 0.473153 
vn 0.624737 0.599019 0.500879 
vn 0.656886 0.536042 0.530246 
vn 0.681333 0.470283 0.560909 
vn 0.697792 0.402515 0.59251 
vn 0.70607 0.333532 0.624678 
vn 0.70607 0.264141 0.657035 
vn 0.697792 0.195157 0.689203 
vn 0.681333 0.127389 0.720804 
vn 0.656886 0.0616308 0.751467 
vn 0.624737 -0.0013463 0.780834 
vn 0.585265 -0.0608041 0.808559 
vn 0.53893 -0.116045 0.834319 
vn 0.486277 -0.166423 0.85781 
vn 0.427923 -0.211345 0.878758 
vn 0.364552 -0.250286 0.896916 
vn 0.296906 -0.282789 0.912073 
vn 0.22578 -0.308473 0.924049 
vn 0.152007 -0.327037 0.932706 
vn 0.0764517 -0.338263 0.937941 
vn 2.28742e-16 -0.34202 0.939693 
vn 3.10201e-16 0.422618 0.906308 
vn -2.28742e-16 0.34202 -0.939693 
vn -2.09948e-16 -0.939693 -0.34202 
vn 0.0764517 -0.935936 -0.343772 
vn 0.152007 -0.92471 -0.349007 
vn 0.22578 -0.906146 -0.357663 
vn 0.296906 -0.880462 -0.36964 
vn 0.364552 -0.847959 -0.384796 
vn 0.427923 -0.809018 -0.402955 
vn 0.486277 -0.764095 -0.423903 
vn 0.53893 -0.713718 -0.447394 
vn 0.585265 -0.658477 -0.473153 
vn 0.624737 -0.599019 -0.500879 
vn 0.656886 -0.536042 -0.530246 
vn 0.681333 -0.470283 -0.560909 
vn 0.697792 -0.402515 -0.59251 
vn 0.70607 -0.333532 -0.624678 
vn 0.70607 -0.264141 -0.657035 
vn 0.697792 -0.195157 -0.689203 
vn 0.681333 -0.127389 -0.720804 
vn 0.656886 -0.0616308 -0.751467 
vn 0.624737 0.0013463 -0.780834 
vn 0.585265 0.0608041 -0.808559 
vn 0.53893 0.116045 -0.834319 
vn 0.486277 0.166423 -0.85781 
vn 0.427923 0.211345 -0.878758 
vn 0.364552 0.250286 -0.896916 
vn 0.296906 0.282789 -0.912073 
vn 0.22578 0.308473 -0.924049 
vn 0.152007 0.327037 -0.932706 
vn 0.0764517 0.338263 -0.937941 
vn -2.28742e-16 0.34202 -0.939693 
vn -0.0764517 0.338263 -0.937941 
vn -0.152007 0.327037 -0.932706 
vn -0.22578 0.308473 -0.924049 
vn -0.296906 0.282789 -0.912073 
vn -0.364552 0.250286 -0.896916 
vn -0.427923 0.211345 -0.878758 
vn -0.486277 0.166423 -0.85781 
vn -0.53893 0.116045 -0.834319 
vn -0.585265 0.0608041 -0.808559 
vn -0.624737 0.0013463 -0.780834 
vn -0.656886 -0.0616308 -0.751467 
vn -0.681333 -0.127389 -0.720804 
vn -0.697792 -0.195157 -0.689203 
vn -0.70607 -0.264141 -0.657035 
vn -0.70607 -0.333532 -0.624678 
vn -0.697792 -0.402515 -0.59251 
vn -0.681333 -0.470283 -0.560909 
vn -0.656886 -0.536042 -0.530246 
vn -0.624737 -0.599019 -0.500879 
vn -0.585265 -0.658477 -0.473153 
vn -0.53893 -0.713718 -0.447394 
vn -0.486277 -0.764095 -0.423903 
vn -0.427923 -0.809018 -0.402955 
vn -0.364552 -0.847959 -0.384796 
vn -0.296906 -0.880462 -0.36964 
vn -0.22578 -0.906146 -0.357663 
vn -0.152007 -0.92471 -0.349007 
vn -0.0764517 -0.935936 -0.343772 
vn -2.09948e-16 -0.939693 -0.34202 
vn 1.32896e-17 -0.906308 0.422618 
vn -3.10201e-16 -0.422618 -0.906308 
usemtl 0.917647_0.917647_0.917647_0.000000_0.000000
o mesh89
f 3984//3623 3985//3623 3986//3623 
f 3984//3623 3987//3623 3988//3623 
f 3989//3623 3986//3623 3990//3623 
f 3988//3623 3985//3623 3984//3623 
f 3991//3623 3992//3623 3993//3623 
f 3991//3623 3994//3623 3995//3623 
f 3986//3623 3989//3623 3984//3623 
f 3987//3623 3996//3623 3993//3623 
f 3995//3623 3992//3623 3991//3623 
f 3994//3623 3997//3623 3998//3623 
f 3999//3623 4000//3623 4001//3623 
f 3999//3623 4002//3623 4003//3623 
f 3993//3623 3988//3623 3987//3623 
f 3998//3623 3995//3623 3994//3623 
f 4004//3623 4005//3623 4006//3623 
f 4007//3623 4008//3623 4005//3623 
f 4009//3623 4010//3623 4008//3623 
f 4009//3623 4011//3623 4012//3623 
f 4013//3623 4014//3623 4015//3623 
f 4013//3623 4016//3623 4017//3623 
f 4018//3623 4019//3623 4020//3623 
f 4018//3623 4021//3623 4022//3623 
f 4023//3623 4024//3623 4025//3623 
f 4024//3623 4026//3623 4027//3623 
f 4026//3623 4028//3623 4029//3623 
f 4028//3623 4030//3623 4031//3623 
f 4032//3623 4033//3623 4031//3623 
f 4032//3623 4034//3623 4035//3623 
f 4034//3623 4036//3623 4037//3623 
f 4036//3623 4038//3623 4001//3623 
f 4003//3623 4000//3623 3999//3623 
f 4002//3623 4039//3623 3990//3623 
f 3993//3623 3996//3623 3991//3623 
f 3997//3623 4040//3623 4041//3623 
f 4042//3623 4043//3623 4044//3623 
f 4042//3623 4045//3623 4046//3623 
f 4047//3623 4048//3623 4046//3623 
f 4047//3623 4049//3623 4006//3623 
f 4005//3623 4004//3623 4007//3623 
f 4012//3623 4010//3623 4009//3623 
f 4050//3623 4051//3623 4012//3623 
f 4050//3623 4052//3623 4053//3623 
f 4017//3623 4014//3623 4013//3623 
f 4016//3623 4054//3623 4055//3623 
f 4056//3623 4057//3623 4058//3623 
f 4057//3623 4059//3623 4020//3623 
f 4022//3623 4019//3623 4018//3623 
f 4021//3623 4060//3623 4061//3623 
f 4027//3623 4025//3623 4024//3623 
f 4031//3623 4029//3623 4028//3623 
f 4035//3623 4033//3623 4032//3623 
f 4001//3623 4037//3623 4036//3623 
f 3990//3623 4003//3623 4002//3623 
f 4041//3623 3998//3623 3997//3623 
f 4062//3623 4063//3623 4041//3623 
f 4062//3623 4064//3623 4044//3623 
f 4046//3623 4043//3623 4042//3623 
f 4006//3623 4048//3623 4047//3623 
f 4008//3623 4007//3623 4009//3623 
f 4053//3623 4051//3623 4050//3623 
f 4065//3623 4015//3623 4053//3623 
f 4055//3623 4017//3623 4016//3623 
f 4054//3623 4056//3623 4066//3623 
f 4020//3623 4058//3623 4057//3623 
f 4061//3623 4022//3623 4021//3623 
f 4060//3623 4067//3623 4068//3623 
f 4029//3623 4027//3623 4026//3623 
f 4037//3623 4035//3623 4034//3623 
f 3990//3623 4039//3623 3989//3623 
f 4044//3623 4063//3623 4062//3623 
f 4046//3623 4045//3623 4047//3623 
f 4012//3623 4011//3623 4050//3623 
f 4015//3623 4065//3623 4013//3623 
f 4058//3623 4066//3623 4056//3623 
f 4068//3623 4061//3623 4060//3623 
f 4069//3623 4070//3623 4068//3623 
f 4071//3623 4072//3623 4073//3623 
f 4071//3623 4074//3623 4075//3623 
f 4076//3623 4077//3623 4075//3623 
f 4078//3623 4079//3623 4077//3623 
f 4080//3623 4081//3623 4079//3623 
f 4080//3623 4082//3623 4083//3623 
f 4084//3623 4085//3623 4086//3623 
f 4084//3623 4087//3623 4088//3623 
f 4031//3623 4030//3623 4032//3623 
f 4041//3623 4040//3623 4062//3623 
f 4006//3623 4049//3623 4004//3623 
f 4066//3623 4055//3623 4054//3623 
f 4068//3623 4067//3623 4069//3623 
f 4069//3623 4089//3623 4090//3623 
f 4091//3623 4073//3623 4090//3623 
f 4075//3623 4072//3623 4071//3623 
f 4077//3623 4076//3623 4078//3623 
f 4083//3623 4081//3623 4080//3623 
f 4082//3623 4092//3623 4093//3623 
f 4092//3623 4094//3623 4095//3623 
f 4096//3623 4097//3623 4095//3623 
f 4096//3623 4098//3623 4086//3623 
f 4088//3623 4085//3623 4084//3623 
f 4087//3623 4023//3623 4099//3623 
f 4001//3623 4038//3623 3999//3623 
f 4053//3623 4052//3623 4065//3623 
f 4090//3623 4070//3623 4069//3623 
f 4073//3623 4091//3623 4071//3623 
f 4079//3623 4078//3623 4080//3623 
f 4095//3623 4093//3623 4092//3623 
f 4086//3623 4097//3623 4096//3623 
f 4099//3623 4088//3623 4087//3623 
f 4044//3623 4064//3623 4042//3623 
f 4090//3623 4089//3623 4091//3623 
f 4093//3623 4083//3623 4082//3623 
f 4086//3623 4098//3623 4084//3623 
f 4020//3623 4059//3623 4018//3623 
f 4095//3623 4094//3623 4096//3623 
f 4075//3623 4074//3623 4076//3623 
f 4025//3623 4099//3623 4023//3623 
o mesh90
f 4100//3624 4011//3624 4009//3625 
f 4007//3626 4101//3626 4102//3627 
f 4102//3627 4009//3625 4007//3626 
f 4101//3626 4007//3626 4004//3628 
f 4103//3628 4004//3628 4049//3629 
f 4104//3629 4049//3629 4047//3630 
f 4105//3630 4047//3630 4045//3631 
f 4106//3631 4045//3631 4042//3632 
f 4107//3632 4042//3632 4064//3633 
f 4064//3633 4062//3634 4108//3635 
f 4062//3634 4109//3634 4108//3635 
f 4109//3634 4062//3634 4040//3636 
f 4110//3636 4040//3636 3997//3637 
f 4111//3637 3997//3637 3994//3638 
f 4112//3638 3994//3638 3991//3639 
f 4113//3639 3991//3639 3996//3640 
f 4114//3640 3996//3640 3987//3641 
f 4115//3641 3987//3641 3984//3642 
f 4116//3642 3984//3642 3989//3643 
f 4117//3643 3989//3643 4039//3644 
f 4118//3644 4039//3644 4002//3645 
f 4119//3645 4002//3645 3999//3646 
f 4038//3647 4120//3647 4121//3648 
f 4121//3648 3999//3646 4038//3647 
f 4120//3647 4038//3647 4036//3649 
f 4122//3649 4036//3649 4034//3650 
f 4123//3650 4034//3650 4032//3651 
f 4124//3651 4032//3651 4030//3652 
f 4125//3652 4030//3652 4028//3653 
f 4126//3653 4028//3653 4026//3654 
f 4026//3654 4024//3655 4127//3656 
f 4024//3655 4128//3655 4127//3656 
f 4128//3655 4024//3655 4023//3657 
f 4129//3657 4023//3657 4087//3658 
f 4084//3659 4130//3659 4131//3660 
f 4131//3660 4087//3658 4084//3659 
f 4130//3659 4084//3659 4098//3661 
f 4132//3661 4098//3661 4096//3662 
f 4133//3662 4096//3662 4094//3663 
f 4134//3663 4094//3663 4092//3664 
f 4135//3664 4092//3664 4082//3665 
f 4136//3665 4082//3665 4080//3666 
f 4080//3666 4078//3667 4137//3668 
f 4078//3667 4138//3667 4137//3668 
f 4138//3667 4078//3667 4076//3669 
f 4139//3669 4076//3669 4074//3670 
f 4140//3670 4074//3670 4071//3671 
f 4141//3671 4071//3671 4091//3672 
f 4142//3672 4091//3672 4089//3673 
f 4143//3673 4089//3673 4069//3674 
f 4144//3674 4069//3674 4067//3675 
f 4145//3675 4067//3675 4060//3676 
f 4146//3676 4060//3676 4021//3677 
f 4147//3677 4021//3677 4018//3678 
f 4148//3678 4018//3678 4059//3679 
f 4057//3680 4149//3680 4150//3681 
f 4150//3681 4059//3679 4057//3680 
f 4149//3680 4057//3680 4056//3682 
f 4151//3682 4056//3682 4054//3683 
f 4152//3683 4054//3683 4016//3684 
f 4153//3684 4016//3684 4013//3685 
f 4154//3685 4013//3685 4065//3686 
f 4155//3686 4065//3686 4052//3687 
f 4052//3687 4050//3688 4156//3689 
f 4050//3688 4157//3688 4156//3689 
f 4157//3688 4050//3688 4011//3624 
f 4011//3624 4100//3624 4157//3688 
f 4156//3689 4158//3690 4052//3687 
f 4052//3687 4158//3690 4155//3686 
f 4065//3686 4155//3686 4154//3685 
f 4013//3685 4154//3685 4153//3684 
f 4016//3684 4153//3684 4152//3683 
f 4054//3683 4152//3683 4151//3682 
f 4056//3682 4151//3682 4149//3680 
f 4150//3681 4159//3691 4059//3679 
f 4059//3679 4159//3691 4148//3678 
f 4018//3678 4148//3678 4147//3677 
f 4021//3677 4147//3677 4146//3676 
f 4060//3676 4146//3676 4145//3675 
f 4067//3675 4145//3675 4144//3674 
f 4069//3674 4144//3674 4143//3673 
f 4089//3673 4143//3673 4142//3672 
f 4091//3672 4142//3672 4141//3671 
f 4071//3671 4141//3671 4140//3670 
f 4074//3670 4140//3670 4139//3669 
f 4076//3669 4139//3669 4138//3667 
f 4137//3668 4160//3692 4080//3666 
f 4080//3666 4160//3692 4136//3665 
f 4082//3665 4136//3665 4135//3664 
f 4092//3664 4135//3664 4134//3663 
f 4094//3663 4134//3663 4133//3662 
f 4096//3662 4133//3662 4132//3661 
f 4098//3661 4132//3661 4130//3659 
f 4131//3660 4161//3693 4087//3658 
f 4087//3658 4161//3693 4129//3657 
f 4023//3657 4129//3657 4128//3655 
f 4127//3656 4162//3694 4026//3654 
f 4026//3654 4162//3694 4126//3653 
f 4028//3653 4126//3653 4125//3652 
f 4030//3652 4125//3652 4124//3651 
f 4032//3651 4124//3651 4123//3650 
f 4034//3650 4123//3650 4122//3649 
f 4036//3649 4122//3649 4120//3647 
f 4121//3648 4163//3695 3999//3646 
f 3999//3646 4163//3695 4119//3645 
f 4002//3645 4119//3645 4118//3644 
f 4039//3644 4118//3644 4117//3643 
f 3989//3643 4117//3643 4116//3642 
f 3984//3642 4116//3642 4115//3641 
f 3987//3641 4115//3641 4114//3640 
f 3996//3640 4114//3640 4113//3639 
f 3991//3639 4113//3639 4112//3638 
f 3994//3638 4112//3638 4111//3637 
f 3997//3637 4111//3637 4110//3636 
f 4040//3636 4110//3636 4109//3634 
f 4108//3635 4164//3696 4064//3633 
f 4064//3633 4164//3696 4107//3632 
f 4042//3632 4107//3632 4106//3631 
f 4045//3631 4106//3631 4105//3630 
f 4047//3630 4105//3630 4104//3629 
f 4049//3629 4104//3629 4103//3628 
f 4004//3628 4103//3628 4101//3626 
f 4102//3627 4165//3697 4009//3625 
f 4009//3625 4165//3697 4100//3624 
o mesh91
f 4166//3698 4167//3699 4012//3699 
f 4168//3700 4166//3698 4051//3701 
f 4169//3702 4168//3700 4053//3703 
f 4170//3704 4169//3702 4015//3705 
f 4171//3706 4170//3704 4014//3707 
f 4172//3708 4171//3706 4017//3709 
f 4173//3710 4172//3708 4055//3711 
f 4174//3712 4173//3710 4066//3713 
f 4175//3714 4174//3712 4058//3715 
f 4176//3716 4175//3714 4020//3717 
f 4177//3718 4176//3716 4019//3719 
f 4178//3720 4177//3718 4022//3721 
f 4179//3722 4178//3720 4061//3723 
f 4180//3724 4179//3722 4068//3725 
f 4181//3726 4180//3724 4070//3727 
f 4182//3728 4181//3726 4090//3729 
f 4183//3730 4182//3728 4073//3731 
f 4184//3732 4183//3730 4072//3733 
f 4185//3734 4184//3732 4075//3735 
f 4186//3736 4185//3734 4077//3737 
f 4187//3738 4186//3736 4079//3739 
f 4188//3740 4187//3738 4081//3741 
f 4189//3742 4188//3740 4083//3743 
f 4190//3744 4189//3742 4093//3745 
f 4191//3746 4190//3744 4095//3747 
f 4192//3748 4191//3746 4097//3749 
f 4193//3750 4192//3748 4086//3751 
f 4194//3752 4193//3750 4085//3753 
f 4195//3754 4194//3752 4088//3755 
f 4196//3756 4195//3754 4099//3757 
f 4197//3758 4196//3756 4025//3759 
f 4198//3760 4197//3758 4027//3761 
f 4199//3762 4198//3760 4029//3763 
f 4200//3764 4199//3762 4031//3765 
f 4201//3766 4200//3764 4033//3767 
f 4202//3768 4201//3766 4035//3769 
f 4203//3770 4202//3768 4037//3771 
f 4204//3772 4203//3770 4001//3773 
f 4205//3774 4204//3772 4000//3775 
f 4206//3776 4205//3774 4003//3777 
f 4207//3778 4206//3776 3990//3779 
f 4208//3780 4207//3778 3986//3781 
f 4209//3782 4208//3780 3985//3783 
f 4210//3784 4209//3782 3988//3785 
f 4211//3786 4210//3784 3993//3787 
f 4212//3788 4211//3786 3992//3789 
f 4213//3790 4212//3788 3995//3791 
f 4214//3792 4213//3790 3998//3793 
f 4215//3794 4214//3792 4041//3795 
f 4216//3796 4215//3794 4063//3797 
f 4217//3798 4216//3796 4044//3799 
f 4218//3800 4217//3798 4043//3801 
f 4219//3802 4218//3800 4046//3803 
f 4220//3804 4219//3802 4048//3805 
f 4221//3806 4220//3804 4006//3807 
f 4222//3808 4221//3806 4005//3809 
f 4223//3810 4222//3808 4008//3811 
f 4167//3699 4223//3810 4010//3810 
f 4010//3810 4012//3699 4167//3699 
f 4008//3811 4010//3810 4223//3810 
f 4005//3809 4008//3811 4222//3808 
f 4006//3807 4005//3809 4221//3806 
f 4048//3805 4006//3807 4220//3804 
f 4046//3803 4048//3805 4219//3802 
f 4043//3801 4046//3803 4218//3800 
f 4044//3799 4043//3801 4217//3798 
f 4063//3797 4044//3799 4216//3796 
f 4041//3795 4063//3797 4215//3794 
f 3998//3793 4041//3795 4214//3792 
f 3995//3791 3998//3793 4213//3790 
f 3992//3789 3995//3791 4212//3788 
f 3993//3787 3992//3789 4211//3786 
f 3988//3785 3993//3787 4210//3784 
f 3985//3783 3988//3785 4209//3782 
f 3986//3781 3985//3783 4208//3780 
f 3990//3779 3986//3781 4207//3778 
f 4003//3777 3990//3779 4206//3776 
f 4000//3775 4003//3777 4205//3774 
f 4001//3773 4000//3775 4204//3772 
f 4037//3771 4001//3773 4203//3770 
f 4035//3769 4037//3771 4202//3768 
f 4033//3767 4035//3769 4201//3766 
f 4031//3765 4033//3767 4200//3764 
f 4029//3763 4031//3765 4199//3762 
f 4027//3761 4029//3763 4198//3760 
f 4025//3759 4027//3761 4197//3758 
f 4099//3757 4025//3759 4196//3756 
f 4088//3755 4099//3757 4195//3754 
f 4085//3753 4088//3755 4194//3752 
f 4086//3751 4085//3753 4193//3750 
f 4097//3749 4086//3751 4192//3748 
f 4095//3747 4097//3749 4191//3746 
f 4093//3745 4095//3747 4190//3744 
f 4083//3743 4093//3745 4189//3742 
f 4081//3741 4083//3743 4188//3740 
f 4079//3739 4081//3741 4187//3738 
f 4077//3737 4079//3739 4186//3736 
f 4075//3735 4077//3737 4185//3734 
f 4072//3733 4075//3735 4184//3732 
f 4073//3731 4072//3733 4183//3730 
f 4090//3729 4073//3731 4182//3728 
f 4070//3727 4090//3729 4181//3726 
f 4068//3725 4070//3727 4180//3724 
f 4061//3723 4068//3725 4179//3722 
f 4022//3721 4061//3723 4178//3720 
f 4019//3719 4022//3721 4177//3718 
f 4020//3717 4019//3719 4176//3716 
f 4058//3715 4020//3717 4175//3714 
f 4066//3713 4058//3715 4174//3712 
f 4055//3711 4066//3713 4173//3710 
f 4017//3709 4055//3711 4172//3708 
f 4014//3707 4017//3709 4171//3706 
f 4015//3705 4014//3707 4170//3704 
f 4053//3703 4015//3705 4169//3702 
f 4051//3701 4053//3703 4168//3700 
f 4012//3699 4051//3701 4166//3698 
o mesh92
f 4199//3812 4200//3812 4224//3812 
f 4200//3812 4201//3812 4225//3812 
f 4198//3812 4226//3812 4227//3812 
f 4198//3812 4199//3812 4228//3812 
f 4225//3812 4224//3812 4200//3812 
f 4201//3812 4202//3812 4229//3812 
f 4177//3812 4230//3812 4231//3812 
f 4177//3812 4178//3812 4232//3812 
f 4181//3812 4182//3812 4233//3812 
f 4183//3812 4234//3812 4233//3812 
f 4228//3812 4226//3812 4198//3812 
f 4229//3812 4225//3812 4201//3812 
f 4171//3812 4235//3812 4236//3812 
f 4172//3812 4237//3812 4235//3812 
f 4176//3812 4231//3812 4238//3812 
f 4232//3812 4230//3812 4177//3812 
f 4179//3812 4239//3812 4232//3812 
f 4179//3812 4180//3812 4240//3812 
f 4180//3812 4181//3812 4241//3812 
f 4233//3812 4182//3812 4183//3812 
f 4224//3812 4228//3812 4199//3812 
f 4202//3812 4203//3812 4242//3812 
f 4204//3812 4243//3812 4242//3812 
f 4204//3812 4205//3812 4244//3812 
f 4170//3812 4236//3812 4245//3812 
f 4235//3812 4171//3812 4172//3812 
f 4231//3812 4176//3812 4177//3812 
f 4240//3812 4239//3812 4179//3812 
f 4233//3812 4241//3812 4181//3812 
f 4184//3812 4246//3812 4234//3812 
f 4195//3812 4196//3812 4247//3812 
f 4196//3812 4197//3812 4227//3812 
f 4242//3812 4229//3812 4202//3812 
f 4244//3812 4243//3812 4204//3812 
f 4207//3812 4248//3812 4249//3812 
f 4207//3812 4208//3812 4250//3812 
f 4166//3812 4251//3812 4252//3812 
f 4166//3812 4168//3812 4253//3812 
f 4236//3812 4170//3812 4171//3812 
f 4173//3812 4254//3812 4237//3812 
f 4174//3812 4255//3812 4254//3812 
f 4174//3812 4175//3812 4238//3812 
f 4232//3812 4178//3812 4179//3812 
f 4234//3812 4183//3812 4184//3812 
f 4185//3812 4256//3812 4246//3812 
f 4185//3812 4186//3812 4257//3812 
f 4227//3812 4247//3812 4196//3812 
f 4242//3812 4203//3812 4204//3812 
f 4206//3812 4249//3812 4244//3812 
f 4250//3812 4248//3812 4207//3812 
f 4209//3812 4258//3812 4250//3812 
f 4210//3812 4259//3812 4258//3812 
f 4211//3812 4260//3812 4259//3812 
f 4211//3812 4212//3812 4261//3812 
f 4213//3812 4262//3812 4261//3812 
f 4213//3812 4214//3812 4263//3812 
f 4253//3812 4251//3812 4166//3812 
f 4168//3812 4169//3812 4245//3812 
f 4237//3812 4172//3812 4173//3812 
f 4238//3812 4255//3812 4174//3812 
f 4241//3812 4240//3812 4180//3812 
f 4257//3812 4256//3812 4185//3812 
f 4187//3812 4264//3812 4257//3812 
f 4187//3812 4188//3812 4265//3812 
f 4189//3812 4266//3812 4265//3812 
f 4189//3812 4190//3812 4267//3812 
f 4190//3812 4191//3812 4268//3812 
f 4191//3812 4192//3812 4269//3812 
f 4227//3812 4197//3812 4198//3812 
f 4249//3812 4206//3812 4207//3812 
f 4258//3812 4209//3812 4210//3812 
f 4261//3812 4260//3812 4211//3812 
f 4263//3812 4262//3812 4213//3812 
f 4214//3812 4215//3812 4270//3812 
f 4220//3812 4271//3812 4272//3812 
f 4220//3812 4221//3812 4273//3812 
f 4223//3812 4274//3812 4275//3812 
f 4223//3812 4167//3812 4252//3812 
f 4245//3812 4253//3812 4168//3812 
f 4254//3812 4173//3812 4174//3812 
f 4246//3812 4184//3812 4185//3812 
f 4265//3812 4264//3812 4187//3812 
f 4267//3812 4266//3812 4189//3812 
f 4269//3812 4268//3812 4191//3812 
f 4193//3812 4276//3812 4269//3812 
f 4193//3812 4194//3812 4277//3812 
f 4244//3812 4205//3812 4206//3812 
f 4259//3812 4210//3812 4211//3812 
f 4270//3812 4263//3812 4214//3812 
f 4215//3812 4216//3812 4278//3812 
f 4217//3812 4279//3812 4278//3812 
f 4217//3812 4218//3812 4280//3812 
f 4219//3812 4272//3812 4280//3812 
f 4273//3812 4271//3812 4220//3812 
f 4222//3812 4275//3812 4273//3812 
f 4252//3812 4274//3812 4223//3812 
f 4245//3812 4169//3812 4170//3812 
f 4257//3812 4186//3812 4187//3812 
f 4268//3812 4267//3812 4190//3812 
f 4277//3812 4276//3812 4193//3812 
f 4250//3812 4208//3812 4209//3812 
f 4278//3812 4270//3812 4215//3812 
f 4280//3812 4279//3812 4217//3812 
f 4272//3812 4219//3812 4220//3812 
f 4275//3812 4222//3812 4223//3812 
f 4238//3812 4175//3812 4176//3812 
f 4269//3812 4192//3812 4193//3812 
f 4194//3812 4195//3812 4281//3812 
f 4261//3812 4212//3812 4213//3812 
f 4280//3812 4218//3812 4219//3812 
f 4252//3812 4167//3812 4166//3812 
f 4281//3812 4277//3812 4194//3812 
f 4278//3812 4216//3812 4217//3812 
f 4265//3812 4188//3812 4189//3812 
f 4273//3812 4221//3812 4222//3812 
f 4247//3812 4281//3812 4195//3812 
o mesh93
f 4282//3813 4283//3814 4252//3814 
f 4284//3815 4282//3813 4251//3816 
f 4285//3817 4284//3815 4253//3818 
f 4286//3819 4285//3817 4245//3820 
f 4287//3821 4286//3819 4236//3822 
f 4288//3823 4287//3821 4235//3824 
f 4289//3825 4288//3823 4237//3826 
f 4290//3827 4289//3825 4254//3828 
f 4291//3829 4290//3827 4255//3830 
f 4292//3831 4291//3829 4238//3832 
f 4293//3833 4292//3831 4231//3834 
f 4294//3835 4293//3833 4230//3836 
f 4295//3837 4294//3835 4232//3838 
f 4296//3839 4295//3837 4239//3840 
f 4297//3841 4296//3839 4240//3842 
f 4298//3843 4297//3841 4241//3844 
f 4299//3845 4298//3843 4233//3846 
f 4300//3847 4299//3845 4234//3848 
f 4301//3849 4300//3847 4246//3850 
f 4302//3851 4301//3849 4256//3852 
f 4303//3853 4302//3851 4257//3854 
f 4304//3855 4303//3853 4264//3856 
f 4305//3857 4304//3855 4265//3858 
f 4306//3859 4305//3857 4266//3860 
f 4307//3861 4306//3859 4267//3862 
f 4308//3863 4307//3861 4268//3864 
f 4309//3865 4308//3863 4269//3866 
f 4310//3867 4309//3865 4276//3868 
f 4311//3869 4310//3867 4277//3870 
f 4312//3871 4311//3869 4281//3872 
f 4313//3873 4312//3871 4247//3874 
f 4314//3875 4313//3873 4227//3876 
f 4315//3877 4314//3875 4226//3878 
f 4316//3879 4315//3877 4228//3880 
f 4317//3881 4316//3879 4224//3882 
f 4318//3883 4317//3881 4225//3884 
f 4319//3885 4318//3883 4229//3886 
f 4320//3887 4319//3885 4242//3888 
f 4321//3889 4320//3887 4243//3890 
f 4322//3891 4321//3889 4244//3892 
f 4323//3893 4322//3891 4249//3894 
f 4324//3895 4323//3893 4248//3896 
f 4325//3897 4324//3895 4250//3898 
f 4326//3899 4325//3897 4258//3900 
f 4327//3901 4326//3899 4259//3902 
f 4328//3903 4327//3901 4260//3904 
f 4329//3905 4328//3903 4261//3906 
f 4330//3907 4329//3905 4262//3908 
f 4331//3909 4330//3907 4263//3910 
f 4332//3911 4331//3909 4270//3912 
f 4333//3913 4332//3911 4278//3914 
f 4334//3915 4333//3913 4279//3916 
f 4335//3917 4334//3915 4280//3918 
f 4336//3919 4335//3917 4272//3920 
f 4337//3921 4336//3919 4271//3922 
f 4338//3923 4337//3921 4273//3924 
f 4339//3925 4338//3923 4275//3926 
f 4283//3814 4339//3925 4274//3925 
f 4274//3925 4252//3814 4283//3814 
f 4275//3926 4274//3925 4339//3925 
f 4273//3924 4275//3926 4338//3923 
f 4271//3922 4273//3924 4337//3921 
f 4272//3920 4271//3922 4336//3919 
f 4280//3918 4272//3920 4335//3917 
f 4279//3916 4280//3918 4334//3915 
f 4278//3914 4279//3916 4333//3913 
f 4270//3912 4278//3914 4332//3911 
f 4263//3910 4270//3912 4331//3909 
f 4262//3908 4263//3910 4330//3907 
f 4261//3906 4262//3908 4329//3905 
f 4260//3904 4261//3906 4328//3903 
f 4259//3902 4260//3904 4327//3901 
f 4258//3900 4259//3902 4326//3899 
f 4250//3898 4258//3900 4325//3897 
f 4248//3896 4250//3898 4324//3895 
f 4249//3894 4248//3896 4323//3893 
f 4244//3892 4249//3894 4322//3891 
f 4243//3890 4244//3892 4321//3889 
f 4242//3888 4243//3890 4320//3887 
f 4229//3886 4242//3888 4319//3885 
f 4225//3884 4229//3886 4318//3883 
f 4224//3882 4225//3884 4317//3881 
f 4228//3880 4224//3882 4316//3879 
f 4226//3878 4228//3880 4315//3877 
f 4227//3876 4226//3878 4314//3875 
f 4247//3874 4227//3876 4313//3873 
f 4281//3872 4247//3874 4312//3871 
f 4277//3870 4281//3872 4311//3869 
f 4276//3868 4277//3870 4310//3867 
f 4269//3866 4276//3868 4309//3865 
f 4268//3864 4269//3866 4308//3863 
f 4267//3862 4268//3864 4307//3861 
f 4266//3860 4267//3862 4306//3859 
f 4265//3858 4266//3860 4305//3857 
f 4264//3856 4265//3858 4304//3855 
f 4257//3854 4264//3856 4303//3853 
f 4256//3852 4257//3854 4302//3851 
f 4246//3850 4256//3852 4301//3849 
f 4234//3848 4246//3850 4300//3847 
f 4233//3846 4234//3848 4299//3845 
f 4241//3844 4233//3846 4298//3843 
f 4240//3842 4241//3844 4297//3841 
f 4239//3840 4240//3842 4296//3839 
f 4232//3838 4239//3840 4295//3837 
f 4230//3836 4232//3838 4294//3835 
f 4231//3834 4230//3836 4293//3833 
f 4238//3832 4231//3834 4292//3831 
f 4255//3830 4238//3832 4291//3829 
f 4254//3828 4255//3830 4290//3827 
f 4237//3826 4254//3828 4289//3825 
f 4235//3824 4237//3826 4288//3823 
f 4236//3822 4235//3824 4287//3821 
f 4245//3820 4236//3822 4286//3819 
f 4253//3818 4245//3820 4285//3817 
f 4251//3816 4253//3818 4284//3815 
f 4252//3814 4251//3816 4282//3813 
o mesh94
f 4340//3927 4341//3927 4342//3927 
f 4341//3927 4343//3927 4344//3927 
f 4345//3927 4346//3927 4347//3927 
f 4346//3927 4348//3927 4349//3927 
f 4344//3927 4342//3927 4341//3927 
f 4350//3927 4351//3927 4343//3927 
f 4352//3927 4353//3927 4351//3927 
f 4345//3927 4354//3927 4353//3927 
f 4349//3927 4347//3927 4346//3927 
f 4348//3927 4355//3927 4356//3927 
f 4355//3927 4357//3927 4358//3927 
f 4357//3927 4359//3927 4360//3927 
f 4676//3927 4361//3927 4362//3927 
f 4340//3927 4363//3927 4364//3927 
f 4343//3927 4341//3927 4350//3927 
f 4353//3927 4352//3927 4345//3927 
f 4356//3927 4349//3927 4348//3927 
f 4360//3927 4358//3927 4357//3927 
f 4365//3927 4366//3927 4367//3927 
f 4676//3927 4368//3927 4369//3927 
f 4676//3927 4370//3927 4371//3927 
f 4362//3927 4372//3927 4676//3927 
f 4340//3927 4373//3927 4363//3927 
f 4340//3927 4374//3927 4375//3927 
f 4340//3927 4376//3927 4377//3927 
f 4351//3927 4350//3927 4352//3927 
f 4358//3927 4356//3927 4355//3927 
f 4365//3927 4378//3927 4366//3927 
f 4676//3927 4379//3927 4378//3927 
f 4676//3927 4380//3927 4368//3927 
f 4676//3927 4381//3927 4370//3927 
f 4372//3927 4382//3927 4676//3927 
f 4676//3927 4340//3927 4383//3927 
f 4340//3927 4384//3927 4373//3927 
f 4375//3927 4385//3927 4340//3927 
f 4377//3927 4386//3927 4340//3927 
f 4347//3927 4354//3927 4345//3927 
f 4387//3927 4388//3927 4389//3927 
f 4378//3927 4365//3927 4676//3927 
f 4676//3927 4390//3927 4380//3927 
f 4676//3927 4391//3927 4392//3927 
f 4382//3927 4381//3927 4676//3927 
f 4340//3927 4393//3927 4383//3927 
f 4385//3927 4384//3927 4340//3927 
f 4342//3927 4376//3927 4340//3927 
f 4359//3927 4394//3927 4395//3927 
f 4394//3927 4396//3927 4397//3927 
f 4396//3927 4387//3927 4398//3927 
f 4388//3927 4399//3927 4389//3927 
f 4365//3927 4400//3927 4401//3927 
f 4676//3927 4402//3927 4379//3927 
f 4392//3927 4390//3927 4676//3927 
f 4383//3927 4361//3927 4676//3927 
f 4386//3927 4374//3927 4340//3927 
f 4397//3927 4395//3927 4394//3927 
f 4389//3927 4398//3927 4387//3927 
f 4365//3927 4403//3927 4404//3927 
f 4365//3927 4405//3927 4400//3927 
f 4369//3927 4402//3927 4676//3927 
f 4364//3927 4393//3927 4340//3927 
f 4398//3927 4397//3927 4396//3927 
f 4406//3927 4407//3927 4408//3927 
f 4365//3927 4409//3927 4403//3927 
f 4365//3927 4410//3927 4411//3927 
f 4367//3927 4405//3927 4365//3927 
f 4395//3927 4360//3927 4359//3927 
f 4412//3927 4408//3927 4399//3927 
f 4408//3927 4412//3927 4406//3927 
f 4365//3927 4413//3927 4414//3927 
f 4411//3927 4409//3927 4365//3927 
f 4371//3927 4391//3927 4676//3927 
f 4406//3927 4415//3927 4407//3927 
f 4404//3927 4413//3927 4365//3927 
f 4399//3927 4388//3927 4412//3927 
f 4365//3927 4407//3927 4415//3927 
f 4401//3927 4410//3927 4365//3927 
f 4414//3927 4407//3927 4365//3927 
f 4416//3927 4417//3927 4418//3927 
f 4419//3927 4420//3927 4417//3927 
f 4421//3927 4418//3927 4422//3927 
f 4417//3927 4416//3927 4419//3927 
f 4418//3927 4421//3927 4416//3927 
f 4419//3927 4423//3927 4424//3927 
f 4424//3927 4420//3927 4419//3927 
f 4423//3927 4425//3927 4426//3927 
f 4427//3927 4428//3927 4429//3927 
f 4427//3927 4430//3927 4431//3927 
f 4427//3927 4432//3927 4433//3927 
f 4426//3927 4424//3927 4423//3927 
f 4425//3927 4434//3927 4435//3927 
f 4434//3927 4436//3927 4437//3927 
f 4427//3927 4438//3927 4436//3927 
f 4427//3927 4439//3927 4428//3927 
f 4427//3927 4440//3927 4430//3927 
f 4433//3927 4441//3927 4427//3927 
f 4676//3927 4442//3927 4443//3927 
f 4365//3927 4444//3927 4445//3927 
f 4365//3927 4446//3927 4447//3927 
f 4365//3927 4448//3927 4449//3927 
f 4435//3927 4426//3927 4425//3927 
f 4436//3927 4434//3927 4427//3927 
f 4431//3927 4439//3927 4427//3927 
f 4441//3927 4450//3927 4427//3927 
f 4676//3927 4451//3927 4452//3927 
f 4443//3927 4453//3927 4676//3927 
f 4676//3927 4365//3927 4454//3927 
f 4447//3927 4444//3927 4365//3927 
f 4449//3927 4455//3927 4365//3927 
f 4437//3927 4435//3927 4434//3927 
f 4450//3927 4440//3927 4427//3927 
f 4427//3927 4676//3927 4456//3927 
f 4676//3927 4457//3927 4458//3927 
f 4676//3927 4459//3927 4460//3927 
f 4452//3927 4461//3927 4676//3927 
f 4454//3927 4442//3927 4676//3927 
f 4455//3927 4446//3927 4365//3927 
f 4365//3927 4462//3927 4463//3927 
f 4462//3927 4464//3927 4465//3927 
f 4466//3927 4467//3927 4468//3927 
f 4429//3927 4438//3927 4427//3927 
f 4456//3927 4469//3927 4427//3927 
f 4460//3927 4457//3927 4676//3927 
f 4461//3927 4470//3927 4676//3927 
f 4676//3927 4471//3927 4472//3927 
f 4445//3927 4454//3927 4365//3927 
f 4463//3927 4473//3927 4365//3927 
f 4465//3927 4474//3927 4462//3927 
f 4475//3927 4476//3927 4477//3927 
f 4468//3927 4478//3927 4466//3927 
f 4479//3927 4480//3927 4467//3927 
f 4481//3927 4482//3927 4480//3927 
f 4483//3927 4484//3927 4482//3927 
f 4485//3927 4486//3927 4484//3927 
f 4487//3927 4422//3927 4486//3927 
f 4469//3927 4432//3927 4427//3927 
f 4470//3927 4459//3927 4676//3927 
f 4453//3927 4471//3927 4676//3927 
f 4474//3927 4463//3927 4462//3927 
f 4488//3927 4462//3927 4475//3927 
f 4476//3927 4478//3927 4489//3927 
f 4467//3927 4466//3927 4479//3927 
f 4482//3927 4481//3927 4483//3927 
f 4486//3927 4485//3927 4487//3927 
f 4458//3927 4456//3927 4676//3927 
f 4473//3927 4448//3927 4365//3927 
f 4462//3927 4488//3927 4490//3927 
f 4489//3927 4477//3927 4476//3927 
f 4480//3927 4479//3927 4481//3927 
f 4422//3927 4487//3927 4421//3927 
f 4490//3927 4464//3927 4462//3927 
f 4468//3927 4489//3927 4478//3927 
f 4472//3927 4451//3927 4676//3927 
f 4484//3927 4483//3927 4485//3927 
f 4365//3927 4491//3927 4462//3927 
f 4492//3927 4302//3927 4303//3927 
f 4492//3927 4300//3927 4301//3927 
f 4301//3927 4302//3927 4492//3927 
f 4492//3927 4676//3927 4297//3927 
f 4493//3927 4316//3927 4317//3927 
f 4494//3927 4495//3927 4496//3927 
f 4497//3927 4498//3927 4495//3927 
f 4492//3927 4299//3927 4300//3927 
f 4297//3927 4298//3927 4492//3927 
f 4676//3927 4294//3927 4295//3927 
f 4676//3927 4292//3927 4293//3927 
f 4493//3927 4315//3927 4316//3927 
f 4493//3927 4313//3927 4314//3927 
f 4499//3927 4500//3927 4501//3927 
f 4502//3927 4496//3927 4503//3927 
f 4495//3927 4494//3927 4497//3927 
f 4504//3927 4492//3927 4309//3927 
f 4492//3927 4306//3927 4307//3927 
f 4492//3927 4304//3927 4305//3927 
f 4298//3927 4299//3927 4492//3927 
f 4293//3927 4294//3927 4676//3927 
f 4676//3927 4290//3927 4291//3927 
f 4493//3927 4318//3927 4319//3927 
f 4314//3927 4315//3927 4493//3927 
f 4493//3927 4310//3927 4311//3927 
f 4505//3927 4506//3927 4322//3927 
f 4507//3927 4499//3927 4508//3927 
f 4500//3927 4503//3927 4501//3927 
f 4496//3927 4502//3927 4494//3927 
f 4492//3927 4308//3927 4309//3927 
f 4305//3927 4306//3927 4492//3927 
f 4676//3927 4296//3927 4297//3927 
f 4291//3927 4292//3927 4676//3927 
f 4317//3927 4318//3927 4493//3927 
f 4311//3927 4312//3927 4493//3927 
f 4509//3927 4309//3927 4310//3927 
f 4323//3927 4510//3927 4505//3927 
f 4501//3927 4508//3927 4499//3927 
f 4497//3927 4511//3927 4498//3927 
f 4497//3927 4512//3927 4513//3927 
f 4307//3927 4308//3927 4492//3927 
f 4295//3927 4296//3927 4676//3927 
f 4676//3927 4288//3927 4289//3927 
f 4676//3927 4286//3927 4287//3927 
f 4312//3927 4313//3927 4493//3927 
f 4310//3927 4493//3927 4514//3927 
f 4321//3927 4506//3927 4493//3927 
f 4510//3927 4324//3927 4325//3927 
f 4322//3927 4323//3927 4505//3927 
f 4515//3927 4510//3927 4326//3927 
f 4427//3927 4516//3927 4517//3927 
f 4427//3927 4518//3927 4519//3927 
f 4520//3927 4521//3927 4522//3927 
f 4520//3927 4523//3927 4524//3927 
f 4525//3927 4526//3927 4527//3927 
f 4528//3927 4529//3927 4526//3927 
f 4530//3927 4531//3927 4532//3927 
f 4531//3927 4507//3927 4533//3927 
f 4503//3927 4500//3927 4502//3927 
f 4497//3927 4534//3927 4512//3927 
f 4303//3927 4304//3927 4492//3927 
f 4287//3927 4288//3927 4676//3927 
f 4676//3927 4284//3927 4285//3927 
f 4310//3927 4514//3927 4509//3927 
f 4493//3927 4320//3927 4321//3927 
f 4323//3927 4324//3927 4510//3927 
f 4326//3927 4327//3927 4515//3927 
f 4427//3927 4332//3927 4333//3927 
f 4517//3927 4331//3927 4427//3927 
f 4427//3927 4535//3927 4536//3927 
f 4427//3927 4537//3927 4518//3927 
f 4520//3927 4538//3927 4521//3927 
f 4520//3927 4539//3927 4523//3927 
f 4526//3927 4525//3927 4528//3927 
f 4528//3927 4540//3927 4541//3927 
f 4540//3927 4542//3927 4543//3927 
f 4542//3927 4544//3927 4545//3927 
f 4533//3927 4532//3927 4531//3927 
f 4513//3927 4511//3927 4497//3927 
f 4497//3927 4492//3927 4546//3927 
f 4492//3927 4547//3927 4548//3927 
f 4289//3927 4290//3927 4676//3927 
f 4676//3927 4282//3927 4284//3927 
f 4515//3927 4328//3927 4329//3927 
f 4321//3927 4322//3927 4506//3927 
f 4327//3927 4328//3927 4515//3927 
f 4427//3927 4336//3927 4337//3927 
f 4427//3927 4334//3927 4335//3927 
f 4331//3927 4332//3927 4427//3927 
f 4519//3927 4535//3927 4427//3927 
f 4427//3927 4549//3927 4550//3927 
f 4524//3927 4538//3927 4520//3927 
f 4551//3927 4527//3927 4539//3927 
f 4541//3927 4529//3927 4528//3927 
f 4545//3927 4543//3927 4542//3927 
f 4508//3927 4533//3927 4507//3927 
f 4492//3927 4552//3927 4546//3927 
f 4492//3927 4553//3927 4554//3927 
f 4492//3927 4504//3927 4547//3927 
f 4285//3927 4286//3927 4676//3927 
f 4329//3927 4330//3927 4515//3927 
f 4325//3927 4326//3927 4510//3927 
f 4331//3927 4517//3927 4555//3927 
f 4427//3927 4339//3927 4283//3927 
f 4337//3927 4338//3927 4427//3927 
f 4333//3927 4334//3927 4427//3927 
f 4550//3927 4537//3927 4427//3927 
f 4427//3927 4522//3927 4556//3927 
f 4539//3927 4520//3927 4551//3927 
f 4543//3927 4541//3927 4540//3927 
f 4544//3927 4557//3927 4558//3927 
f 4557//3927 4530//3927 4559//3927 
f 4546//3927 4534//3927 4497//3927 
f 4492//3927 4560//3927 4561//3927 
f 4548//3927 4553//3927 4492//3927 
f 4676//3927 4283//3927 4282//3927 
f 4309//3927 4509//3927 4562//3927 
f 4319//3927 4320//3927 4493//3927 
f 4555//3927 4563//3927 4331//3927 
f 4338//3927 4339//3927 4427//3927 
f 4427//3927 4564//3927 4516//3927 
f 4556//3927 4549//3927 4427//3927 
f 4527//3927 4551//3927 4525//3927 
f 4559//3927 4558//3927 4557//3927 
f 4561//3927 4552//3927 4492//3927 
f 4309//3927 4565//3927 4504//3927 
f 4562//3927 4566//3927 4309//3927 
f 4563//3927 4515//3927 4331//3927 
f 4335//3927 4336//3927 4427//3927 
f 4522//3927 4427//3927 4520//3927 
f 4532//3927 4559//3927 4530//3927 
f 4566//3927 4565//3927 4309//3927 
f 4283//3927 4676//3927 4427//3927 
f 4558//3927 4545//3927 4544//3927 
f 4330//3927 4331//3927 4515//3927 
f 4554//3927 4560//3927 4492//3927 
f 4567//3927 4568//3927 4569//3927 
f 4568//3927 4567//3927 4570//3927 
f 4571//3927 4572//3927 4573//3927 
f 4569//3927 4574//3927 4567//3927 
f 4575//3927 4576//3927 4577//3927 
f 4576//3927 4578//3927 4579//3927 
f 4580//3927 4581//3927 4582//3927 
f 4568//3927 4583//3927 4584//3927 
f 4570//3927 4585//3927 4568//3927 
f 4574//3927 4571//3927 4567//3927 
f 4579//3927 4577//3927 4576//3927 
f 4586//3927 4587//3927 4588//3927 
f 4589//3927 4590//3927 4587//3927 
f 4591//3927 4592//3927 4593//3927 
f 4591//3927 4594//3927 4595//3927 
f 4580//3927 4596//3927 4597//3927 
f 4580//3927 4598//3927 4581//3927 
f 4598//3927 4580//3927 4599//3927 
f 4600//3927 4601//3927 4602//3927 
f 4584//3927 4603//3927 4568//3927 
f 4573//3927 4567//3927 4571//3927 
f 4676//3927 4604//3927 4605//3927 
f 4492//3927 4606//3927 4604//3927 
f 4492//3927 4575//3927 4607//3927 
f 4575//3927 4608//3927 4609//3927 
f 4577//3927 4610//3927 4575//3927 
f 4578//3927 4611//3927 4612//3927 
f 4613//3927 4614//3927 4615//3927 
f 4587//3927 4586//3927 4589//3927 
f 4616//3927 4593//3927 4590//3927 
f 4595//3927 4592//3927 4591//3927 
f 4594//3927 4617//3927 4618//3927 
f 4580//3927 4619//3927 4596//3927 
f 4599//3927 4620//3927 4598//3927 
f 4600//3927 4621//3927 4601//3927 
f 4600//3927 4622//3927 4623//3927 
f 4568//3927 4624//3927 4625//3927 
f 4585//3927 4583//3927 4568//3927 
f 4676//3927 4626//3927 4627//3927 
f 4676//3927 4628//3927 4629//3927 
f 4676//3927 4630//3927 4631//3927 
f 4604//3927 4676//3927 4492//3927 
f 4492//3927 4632//3927 4633//3927 
f 4609//3927 4607//3927 4575//3927 
f 4612//3927 4579//3927 4578//3927 
f 4615//3927 4611//3927 4613//3927 
f 4634//3927 4635//3927 4614//3927 
f 4590//3927 4589//3927 4616//3927 
f 4618//3927 4595//3927 4594//3927 
f 4636//3927 4637//3927 4638//3927 
f 4636//3927 4639//3927 4640//3927 
f 4582//3927 4619//3927 4580//3927 
f 4623//3927 4621//3927 4600//3927 
f 4603//3927 4624//3927 4568//3927 
f 4676//3927 4641//3927 4626//3927 
f 4676//3927 4642//3927 4628//3927 
f 4676//3927 4643//3927 4644//3927 
f 4631//3927 4645//3927 4676//3927 
f 4492//3927 4646//3927 4606//3927 
f 4492//3927 4647//3927 4648//3927 
f 4492//3927 4649//3927 4650//3927 
f 4492//3927 4651//3927 4632//3927 
f 4492//3927 4652//3927 4653//3927 
f 4610//3927 4608//3927 4575//3927 
f 4614//3927 4613//3927 4634//3927 
f 4654//3927 4655//3927 4635//3927 
f 4656//3927 4657//3927 4655//3927 
f 4593//3927 4616//3927 4591//3927 
f 4617//3927 4658//3927 4659//3927 
f 4658//3927 4638//3927 4660//3927 
f 4640//3927 4637//3927 4636//3927 
f 4602//3927 4580//3927 4600//3927 
f 4600//3927 4568//3927 4661//3927 
f 4625//3927 4662//3927 4568//3927 
f 4629//3927 4641//3927 4676//3927 
f 4645//3927 4643//3927 4676//3927 
f 4492//3927 4663//3927 4646//3927 
f 4650//3927 4647//3927 4492//3927 
f 4653//3927 4651//3927 4492//3927 
f 4615//3927 4612//3927 4611//3927 
f 4655//3927 4654//3927 4656//3927 
f 4664//3927 4588//3927 4657//3927 
f 4659//3927 4618//3927 4617//3927 
f 4638//3927 4658//3927 4636//3927 
f 4636//3927 4665//3927 4666//3927 
f 4636//3927 4667//3927 4668//3927 
f 4636//3927 4669//3927 4670//3927 
f 4600//3927 4671//3927 4622//3927 
f 4662//3927 4661//3927 4568//3927 
f 4644//3927 4642//3927 4676//3927 
f 4648//3927 4663//3927 4492//3927 
f 4607//3927 4652//3927 4492//3927 
f 4657//3927 4656//3927 4664//3927 
f 4660//3927 4659//3927 4658//3927 
f 4668//3927 4665//3927 4636//3927 
f 4670//3927 4672//3927 4636//3927 
f 4636//3927 4627//3927 4673//3927 
f 4661//3927 4671//3927 4600//3927 
f 4636//3927 4568//3927 4600//3927 
f 4605//3927 4630//3927 4676//3927 
f 4635//3927 4634//3927 4654//3927 
f 4666//3927 4639//3927 4636//3927 
f 4673//3927 4669//3927 4636//3927 
f 4600//3927 4674//3927 4636//3927 
f 4633//3927 4649//3927 4492//3927 
f 4672//3927 4667//3927 4636//3927 
f 4674//3927 4627//3927 4636//3927 
f 4588//3927 4664//3927 4586//3927 
f 4627//3927 4340//3927 4676//3927 
f 4597//3927 4600//3927 4580//3927 
f 4674//3927 4340//3927 4627//3927 
f 4536//3927 4564//3927 4427//3927 
f 4477//3927 4488//3927 4475//3927 
f 4415//3927 4675//3927 4365//3927 
o mesh95
f 4677//3928 4661//3928 4662//3929 
f 4678//3929 4662//3929 4625//3930 
f 4679//3930 4625//3930 4624//3931 
f 4680//3931 4624//3931 4603//3932 
f 4681//3932 4603//3932 4584//3933 
f 4584//3933 4583//3934 4682//3935 
f 4583//3934 4683//3934 4682//3935 
f 4683//3934 4583//3934 4585//3936 
f 4684//3936 4585//3936 4570//3937 
f 4567//3938 4685//3938 4686//3939 
f 4686//3939 4570//3937 4567//3938 
f 4685//3938 4567//3938 4573//3940 
f 4687//3940 4573//3940 4572//3941 
f 4688//3941 4572//3941 4571//3942 
f 4689//3942 4571//3942 4574//3943 
f 4690//3943 4574//3943 4569//3944 
f 4691//3944 4569//3944 4568//3945 
f 4568//3945 4692//3945 4691//3944 
f 4569//3944 4691//3944 4690//3943 
f 4574//3943 4690//3943 4689//3942 
f 4571//3942 4689//3942 4688//3941 
f 4572//3941 4688//3941 4687//3940 
f 4573//3940 4687//3940 4685//3938 
f 4686//3939 4693//3946 4570//3937 
f 4570//3937 4693//3946 4684//3936 
f 4585//3936 4684//3936 4683//3934 
f 4682//3935 4694//3947 4584//3933 
f 4584//3933 4694//3947 4681//3932 
f 4603//3932 4681//3932 4680//3931 
f 4624//3931 4680//3931 4679//3930 
f 4625//3930 4679//3930 4678//3929 
f 4662//3929 4678//3929 4677//3928 
o mesh96
f 4671//3948 4695//3948 4696//3949 
f 4622//3949 4696//3949 4697//3950 
f 4623//3950 4697//3950 4698//3951 
f 4621//3951 4698//3951 4699//3952 
f 4601//3952 4699//3952 4700//3953 
f 4602//3953 4700//3953 4701//3954 
f 4701//3954 4580//3955 4602//3953 
f 4580//3955 4702//3955 4703//3956 
f 4599//3956 4703//3956 4704//3957 
f 4620//3957 4704//3957 4705//3958 
f 4705//3958 4598//3959 4620//3957 
f 4598//3959 4706//3959 4707//3960 
f 4581//3960 4707//3960 4708//3961 
f 4582//3961 4708//3961 4709//3962 
f 4619//3962 4709//3962 4710//3963 
f 4596//3963 4710//3963 4711//3964 
f 4597//3964 4711//3964 4712//3965 
f 4712//3965 4600//3965 4597//3964 
f 4711//3964 4597//3964 4596//3963 
f 4710//3963 4596//3963 4619//3962 
f 4709//3962 4619//3962 4582//3961 
f 4708//3961 4582//3961 4581//3960 
f 4707//3960 4581//3960 4598//3959 
f 4705//3958 4706//3959 4598//3959 
f 4704//3957 4620//3957 4599//3956 
f 4703//3956 4599//3956 4580//3955 
f 4701//3954 4702//3955 4580//3955 
f 4700//3953 4602//3953 4601//3952 
f 4699//3952 4601//3952 4621//3951 
f 4698//3951 4621//3951 4623//3950 
f 4697//3950 4623//3950 4622//3949 
f 4696//3949 4622//3949 4671//3948 
o mesh97
f 4462//3965 4713//3965 4714//3966 
f 4475//3966 4714//3966 4715//3967 
f 4476//3967 4715//3967 4716//3968 
f 4478//3968 4716//3968 4717//3969 
f 4466//3969 4717//3969 4718//3970 
f 4479//3970 4718//3970 4719//3971 
f 4481//3971 4719//3971 4720//3972 
f 4483//3972 4720//3972 4721//3973 
f 4485//3973 4721//3973 4722//3974 
f 4487//3974 4722//3974 4723//3975 
f 4723//3975 4421//3976 4487//3974 
f 4421//3976 4724//3976 4725//3977 
f 4416//3977 4725//3977 4726//3978 
f 4419//3978 4726//3978 4727//3979 
f 4423//3979 4727//3979 4728//3980 
f 4425//3980 4728//3980 4729//3981 
f 4729//3981 4434//3981 4425//3980 
f 4728//3980 4425//3980 4423//3979 
f 4727//3979 4423//3979 4419//3978 
f 4726//3978 4419//3978 4416//3977 
f 4725//3977 4416//3977 4421//3976 
f 4723//3975 4724//3976 4421//3976 
f 4722//3974 4487//3974 4485//3973 
f 4721//3973 4485//3973 4483//3972 
f 4720//3972 4483//3972 4481//3971 
f 4719//3971 4481//3971 4479//3970 
f 4718//3970 4479//3970 4466//3969 
f 4717//3969 4466//3969 4478//3968 
f 4716//3968 4478//3968 4476//3967 
f 4715//3967 4476//3967 4475//3966 
f 4714//3966 4475//3966 4462//3965 
o mesh98
f 4427//3981 4730//3981 4731//3981 
f 4731//3981 4520//3981 4427//3981 
f 4729//3981 4730//3981 4427//3981 
f 4427//3981 4434//3981 4729//3981 
f 4731//3981 4732//3981 4520//3981 
o mesh99
f 4520//3981 4732//3981 4733//3982 
f 4551//3982 4733//3982 4734//3983 
f 4525//3983 4734//3983 4735//3984 
f 4528//3984 4735//3984 4736//3985 
f 4540//3985 4736//3985 4737//3986 
f 4544//3987 4542//3986 4738//3988 
f 4542//3986 4737//3986 4738//3988 
f 4544//3987 4739//3987 4740//3989 
f 4557//3989 4740//3989 4741//3990 
f 4530//3990 4741//3990 4742//3991 
f 4531//3991 4742//3991 4743//3992 
f 4507//3992 4743//3992 4744//3993 
f 4499//3993 4744//3993 4745//3994 
f 4500//3994 4745//3994 4746//3995 
f 4502//3995 4746//3995 4747//3996 
f 4494//3996 4747//3996 4748//3997 
f 4748//3997 4497//3997 4494//3996 
f 4747//3996 4494//3996 4502//3995 
f 4746//3995 4502//3995 4500//3994 
f 4745//3994 4500//3994 4499//3993 
f 4744//3993 4499//3993 4507//3992 
f 4743//3992 4507//3992 4531//3991 
f 4742//3991 4531//3991 4530//3990 
f 4741//3990 4530//3990 4557//3989 
f 4740//3989 4557//3989 4544//3987 
f 4738//3988 4739//3987 4544//3987 
f 4737//3986 4542//3986 4540//3985 
f 4736//3985 4540//3985 4528//3984 
f 4735//3984 4528//3984 4525//3983 
f 4734//3983 4525//3983 4551//3982 
f 4733//3982 4551//3982 4520//3981 
o mesh100
f 4749//3997 4750//3997 4492//3997 
f 4750//3997 4575//3997 4492//3997 
f 4492//3997 4497//3997 4749//3997 
f 4497//3997 4748//3997 4749//3997 
f 4750//3997 4751//3997 4575//3997 
o mesh101
f 4575//3997 4751//3997 4752//3998 
f 4576//3998 4752//3998 4753//3999 
f 4578//3999 4753//3999 4754//4000 
f 4611//4000 4754//4000 4755//4001 
f 4613//4001 4755//4001 4756//4002 
f 4634//4002 4756//4002 4757//4003 
f 4654//4003 4757//4003 4758//4004 
f 4656//4004 4758//4004 4759//4005 
f 4664//4005 4759//4005 4760//4006 
f 4760//4006 4586//4007 4664//4005 
f 4586//4007 4761//4007 4762//4008 
f 4762//4008 4589//4009 4586//4007 
f 4589//4009 4763//4009 4764//4010 
f 4616//4010 4764//4010 4765//4011 
f 4591//4011 4765//4011 4766//4012 
f 4594//4012 4766//4012 4767//4013 
f 4617//4013 4767//4013 4768//4014 
f 4768//4014 4658//4014 4617//4013 
f 4767//4013 4617//4013 4594//4012 
f 4766//4012 4594//4012 4591//4011 
f 4765//4011 4591//4011 4616//4010 
f 4764//4010 4616//4010 4589//4009 
f 4762//4008 4763//4009 4589//4009 
f 4760//4006 4761//4007 4586//4007 
f 4759//4005 4664//4005 4656//4004 
f 4758//4004 4656//4004 4654//4003 
f 4757//4003 4654//4003 4634//4002 
f 4756//4002 4634//4002 4613//4001 
f 4755//4001 4613//4001 4611//4000 
f 4754//4000 4611//4000 4578//3999 
f 4753//3999 4578//3999 4576//3998 
f 4752//3998 4576//3998 4575//3997 
o mesh102
f 4658//4014 4768//4014 4769//4014 
f 4769//4014 4636//4014 4658//4014 
o mesh103
f 4636//4015 4769//4015 4692//4015 
f 4692//4015 4568//4015 4636//4015 
o mesh104
f 4661//4014 4677//4014 4695//4014 
f 4695//4014 4671//4014 4661//4014 
o mesh105
f 4770//4016 4674//4016 4600//4016 
f 4600//4016 4712//4016 4770//4016 
o mesh106
f 4771//4017 4341//4017 4340//4017 
f 4340//4017 4770//4017 4771//4017 
f 4340//4017 4674//4017 4770//4017 
o mesh107
f 4341//4017 4771//4017 4772//4018 
f 4350//4018 4772//4018 4773//4019 
f 4352//4019 4773//4019 4774//4020 
f 4345//4020 4774//4020 4775//4021 
f 4346//4021 4775//4021 4776//4022 
f 4355//4023 4348//4022 4777//4024 
f 4348//4022 4776//4022 4777//4024 
f 4357//4025 4355//4023 4778//4026 
f 4355//4023 4779//4027 4778//4026 
f 4357//4025 4780//4028 4781//4029 
f 4359//4029 4781//4029 4782//4030 
f 4394//4030 4782//4030 4783//4031 
f 4396//4031 4783//4031 4784//4032 
f 4387//4032 4784//4032 4785//4033 
f 4388//4033 4785//4033 4786//4034 
f 4412//4034 4786//4034 4787//4035 
f 4406//4035 4787//4035 4788//4036 
f 4788//4036 4415//4036 4406//4035 
f 4787//4035 4406//4035 4412//4034 
f 4786//4034 4412//4034 4388//4033 
f 4785//4033 4388//4033 4387//4032 
f 4784//4032 4387//4032 4396//4031 
f 4783//4031 4396//4031 4394//4030 
f 4782//4030 4394//4030 4359//4029 
f 4781//4029 4359//4029 4357//4025 
f 4778//4026 4780//4028 4357//4025 
f 4777//4024 4779//4027 4355//4023 
f 4776//4022 4348//4022 4346//4021 
f 4775//4021 4346//4021 4345//4020 
f 4774//4020 4345//4020 4352//4019 
f 4773//4019 4352//4019 4350//4018 
f 4772//4018 4350//4018 4341//4017 
o mesh108
f 4408//4037 4407//4038 4789//4038 
f 4399//4039 4408//4037 4790//4040 
f 4389//4041 4399//4039 4791//4042 
f 4398//4043 4389//4041 4792//4044 
f 4397//4045 4398//4043 4793//4046 
f 4395//4047 4397//4045 4794//4048 
f 4360//4049 4395//4047 4795//4050 
f 4358//4051 4360//4049 4796//4052 
f 4356//4053 4358//4051 4797//4054 
f 4349//4055 4356//4053 4798//4056 
f 4347//4057 4349//4055 4799//4058 
f 4354//4059 4347//4057 4800//4060 
f 4353//4061 4354//4059 4801//4062 
f 4351//4063 4353//4061 4802//4064 
f 4343//4065 4351//4063 4803//4066 
f 4344//4067 4343//4065 4804//4068 
f 4342//4069 4344//4067 4805//4070 
f 4376//4071 4342//4069 4806//4072 
f 4377//4073 4376//4071 4807//4074 
f 4386//4075 4377//4073 4808//4076 
f 4374//4077 4386//4075 4809//4078 
f 4375//4079 4374//4077 4810//4080 
f 4385//4081 4375//4079 4811//4082 
f 4384//4083 4385//4081 4812//4084 
f 4373//4085 4384//4083 4813//4086 
f 4363//4087 4373//4085 4814//4088 
f 4364//4089 4363//4087 4815//4090 
f 4393//4091 4364//4089 4816//4092 
f 4383//4093 4393//4091 4817//4094 
f 4361//4095 4383//4093 4818//4096 
f 4362//4097 4361//4095 4819//4098 
f 4372//4099 4362//4097 4820//4100 
f 4382//4101 4372//4099 4821//4102 
f 4381//4103 4382//4101 4822//4104 
f 4370//4105 4381//4103 4823//4106 
f 4371//4107 4370//4105 4824//4108 
f 4391//4109 4371//4107 4825//4110 
f 4392//4111 4391//4109 4826//4112 
f 4390//4113 4392//4111 4827//4114 
f 4380//4115 4390//4113 4828//4116 
f 4368//4117 4380//4115 4829//4118 
f 4369//4119 4368//4117 4830//4120 
f 4402//4121 4369//4119 4831//4122 
f 4379//4123 4402//4121 4832//4124 
f 4378//4125 4379//4123 4833//4126 
f 4366//4127 4378//4125 4834//4128 
f 4367//4129 4366//4127 4835//4130 
f 4405//4131 4367//4129 4836//4132 
f 4400//4133 4405//4131 4837//4134 
f 4401//4135 4400//4133 4838//4136 
f 4410//4137 4401//4135 4839//4138 
f 4411//4139 4410//4137 4840//4140 
f 4409//4141 4411//4139 4841//4142 
f 4403//4143 4409//4141 4842//4144 
f 4404//4145 4403//4143 4843//4146 
f 4413//4147 4404//4145 4844//4148 
f 4414//4149 4413//4147 4845//4150 
f 4407//4038 4414//4149 4846//4149 
f 4846//4149 4789//4038 4407//4038 
f 4845//4150 4846//4149 4414//4149 
f 4844//4148 4845//4150 4413//4147 
f 4843//4146 4844//4148 4404//4145 
f 4842//4144 4843//4146 4403//4143 
f 4841//4142 4842//4144 4409//4141 
f 4840//4140 4841//4142 4411//4139 
f 4839//4138 4840//4140 4410//4137 
f 4838//4136 4839//4138 4401//4135 
f 4837//4134 4838//4136 4400//4133 
f 4836//4132 4837//4134 4405//4131 
f 4835//4130 4836//4132 4367//4129 
f 4834//4128 4835//4130 4366//4127 
f 4833//4126 4834//4128 4378//4125 
f 4832//4124 4833//4126 4379//4123 
f 4831//4122 4832//4124 4402//4121 
f 4830//4120 4831//4122 4369//4119 
f 4829//4118 4830//4120 4368//4117 
f 4828//4116 4829//4118 4380//4115 
f 4827//4114 4828//4116 4390//4113 
f 4826//4112 4827//4114 4392//4111 
f 4825//4110 4826//4112 4391//4109 
f 4824//4108 4825//4110 4371//4107 
f 4823//4106 4824//4108 4370//4105 
f 4822//4104 4823//4106 4381//4103 
f 4821//4102 4822//4104 4382//4101 
f 4820//4100 4821//4102 4372//4099 
f 4819//4098 4820//4100 4362//4097 
f 4818//4096 4819//4098 4361//4095 
f 4817//4094 4818//4096 4383//4093 
f 4816//4092 4817//4094 4393//4091 
f 4815//4090 4816//4092 4364//4089 
f 4814//4088 4815//4090 4363//4087 
f 4813//4086 4814//4088 4373//4085 
f 4812//4084 4813//4086 4384//4083 
f 4811//4082 4812//4084 4385//4081 
f 4810//4080 4811//4082 4375//4079 
f 4809//4078 4810//4080 4374//4077 
f 4808//4076 4809//4078 4386//4075 
f 4807//4074 4808//4076 4377//4073 
f 4806//4072 4807//4074 4376//4071 
f 4805//4070 4806//4072 4342//4069 
f 4804//4068 4805//4070 4344//4067 
f 4803//4066 4804//4068 4343//4065 
f 4802//4064 4803//4066 4351//4063 
f 4801//4062 4802//4064 4353//4061 
f 4800//4060 4801//4062 4354//4059 
f 4799//4058 4800//4060 4347//4057 
f 4798//4056 4799//4058 4349//4055 
f 4797//4054 4798//4056 4356//4053 
f 4796//4052 4797//4054 4358//4051 
f 4795//4050 4796//4052 4360//4049 
f 4794//4048 4795//4050 4395//4047 
f 4793//4046 4794//4048 4397//4045 
f 4792//4044 4793//4046 4398//4043 
f 4791//4042 4792//4044 4389//4041 
f 4790//4040 4791//4042 4399//4039 
f 4789//4038 4790//4040 4408//4037 
o mesh109
f 4673//4151 4627//4152 4847//4152 
f 4669//4153 4673//4151 4848//4154 
f 4670//4155 4669//4153 4849//4156 
f 4672//4157 4670//4155 4850//4158 
f 4667//4159 4672//4157 4851//4160 
f 4668//4161 4667//4159 4852//4162 
f 4665//4163 4668//4161 4853//4164 
f 4666//4165 4665//4163 4854//4166 
f 4639//4167 4666//4165 4855//4168 
f 4640//4169 4639//4167 4856//4170 
f 4637//4171 4640//4169 4857//4172 
f 4638//4173 4637//4171 4858//4174 
f 4660//4175 4638//4173 4859//4176 
f 4659//4177 4660//4175 4860//4178 
f 4618//4179 4659//4177 4861//4180 
f 4595//4181 4618//4179 4862//4182 
f 4592//4183 4595//4181 4863//4184 
f 4593//4185 4592//4183 4864//4186 
f 4590//4187 4593//4185 4865//4188 
f 4587//4189 4590//4187 4866//4190 
f 4588//4191 4587//4189 4867//4192 
f 4657//4193 4588//4191 4868//4194 
f 4655//4195 4657//4193 4869//4196 
f 4635//4197 4655//4195 4870//4198 
f 4614//4199 4635//4197 4871//4200 
f 4615//4201 4614//4199 4872//4202 
f 4612//4203 4615//4201 4873//4204 
f 4579//4205 4612//4203 4874//4206 
f 4577//4207 4579//4205 4875//4208 
f 4610//4209 4577//4207 4876//4210 
f 4608//4211 4610//4209 4877//4212 
f 4609//4213 4608//4211 4878//4214 
f 4607//4215 4609//4213 4879//4216 
f 4652//4217 4607//4215 4880//4218 
f 4653//4219 4652//4217 4881//4220 
f 4651//4221 4653//4219 4882//4222 
f 4632//4223 4651//4221 4883//4224 
f 4633//4225 4632//4223 4884//4226 
f 4649//4227 4633//4225 4885//4228 
f 4650//4229 4649//4227 4886//4230 
f 4647//4231 4650//4229 4887//4232 
f 4648//4233 4647//4231 4888//4234 
f 4663//4235 4648//4233 4889//4236 
f 4646//4237 4663//4235 4890//4238 
f 4606//4239 4646//4237 4891//4240 
f 4604//4241 4606//4239 4892//4242 
f 4605//4243 4604//4241 4893//4244 
f 4630//4245 4605//4243 4894//4246 
f 4631//4247 4630//4245 4895//4248 
f 4645//4249 4631//4247 4896//4250 
f 4643//4251 4645//4249 4897//4252 
f 4644//4253 4643//4251 4898//4254 
f 4642//4255 4644//4253 4899//4256 
f 4628//4257 4642//4255 4900//4258 
f 4629//4259 4628//4257 4901//4260 
f 4641//4261 4629//4259 4902//4262 
f 4626//4263 4641//4261 4903//4264 
f 4627//4152 4626//4263 4904//4263 
f 4904//4263 4847//4152 4627//4152 
f 4903//4264 4904//4263 4626//4263 
f 4902//4262 4903//4264 4641//4261 
f 4901//4260 4902//4262 4629//4259 
f 4900//4258 4901//4260 4628//4257 
f 4899//4256 4900//4258 4642//4255 
f 4898//4254 4899//4256 4644//4253 
f 4897//4252 4898//4254 4643//4251 
f 4896//4250 4897//4252 4645//4249 
f 4895//4248 4896//4250 4631//4247 
f 4894//4246 4895//4248 4630//4245 
f 4893//4244 4894//4246 4605//4243 
f 4892//4242 4893//4244 4604//4241 
f 4891//4240 4892//4242 4606//4239 
f 4890//4238 4891//4240 4646//4237 
f 4889//4236 4890//4238 4663//4235 
f 4888//4234 4889//4236 4648//4233 
f 4887//4232 4888//4234 4647//4231 
f 4886//4230 4887//4232 4650//4229 
f 4885//4228 4886//4230 4649//4227 
f 4884//4226 4885//4228 4633//4225 
f 4883//4224 4884//4226 4632//4223 
f 4882//4222 4883//4224 4651//4221 
f 4881//4220 4882//4222 4653//4219 
f 4880//4218 4881//4220 4652//4217 
f 4879//4216 4880//4218 4607//4215 
f 4878//4214 4879//4216 4609//4213 
f 4877//4212 4878//4214 4608//4211 
f 4876//4210 4877//4212 4610//4209 
f 4875//4208 4876//4210 4577//4207 
f 4874//4206 4875//4208 4579//4205 
f 4873//4204 4874//4206 4612//4203 
f 4872//4202 4873//4204 4615//4201 
f 4871//4200 4872//4202 4614//4199 
f 4870//4198 4871//4200 4635//4197 
f 4869//4196 4870//4198 4655//4195 
f 4868//4194 4869//4196 4657//4193 
f 4867//4192 4868//4194 4588//4191 
f 4866//4190 4867//4192 4587//4189 
f 4865//4188 4866//4190 4590//4187 
f 4864//4186 4865//4188 4593//4185 
f 4863//4184 4864//4186 4592//4183 
f 4862//4182 4863//4184 4595//4181 
f 4861//4180 4862//4182 4618//4179 
f 4860//4178 4861//4180 4659//4177 
f 4859//4176 4860//4178 4660//4175 
f 4858//4174 4859//4176 4638//4173 
f 4857//4172 4858//4174 4637//4171 
f 4856//4170 4857//4172 4640//4169 
f 4855//4168 4856//4170 4639//4167 
f 4854//4166 4855//4168 4666//4165 
f 4853//4164 4854//4166 4665//4163 
f 4852//4162 4853//4164 4668//4161 
f 4851//4160 4852//4162 4667//4159 
f 4850//4158 4851//4160 4672//4157 
f 4849//4156 4850//4158 4670//4155 
f 4848//4154 4849//4156 4669//4153 
f 4847//4152 4848//4154 4673//4151 
o mesh110
f 4490//4265 4488//4266 4905//4266 
f 4464//4267 4490//4265 4906//4268 
f 4465//4269 4464//4267 4907//4270 
f 4474//4271 4465//4269 4908//4272 
f 4463//4273 4474//4271 4909//4274 
f 4473//4275 4463//4273 4910//4276 
f 4448//4277 4473//4275 4911//4278 
f 4449//4279 4448//4277 4912//4280 
f 4455//4281 4449//4279 4913//4282 
f 4446//4283 4455//4281 4914//4284 
f 4447//4285 4446//4283 4915//4286 
f 4444//4287 4447//4285 4916//4288 
f 4445//4289 4444//4287 4917//4290 
f 4454//4291 4445//4289 4918//4292 
f 4442//4293 4454//4291 4919//4294 
f 4443//4295 4442//4293 4920//4296 
f 4453//4297 4443//4295 4921//4298 
f 4471//4299 4453//4297 4922//4300 
f 4472//4301 4471//4299 4923//4302 
f 4451//4303 4472//4301 4924//4304 
f 4452//4305 4451//4303 4925//4306 
f 4461//4307 4452//4305 4926//4308 
f 4470//4309 4461//4307 4927//4310 
f 4459//4311 4470//4309 4928//4312 
f 4460//4313 4459//4311 4929//4314 
f 4457//4315 4460//4313 4930//4316 
f 4458//4317 4457//4315 4931//4318 
f 4456//4319 4458//4317 4932//4320 
f 4469//4321 4456//4319 4933//4322 
f 4432//4323 4469//4321 4934//4324 
f 4433//4325 4432//4323 4935//4326 
f 4441//4327 4433//4325 4936//4328 
f 4450//4329 4441//4327 4937//4330 
f 4440//4331 4450//4329 4938//4332 
f 4430//4333 4440//4331 4939//4334 
f 4431//4335 4430//4333 4940//4336 
f 4439//4337 4431//4335 4941//4338 
f 4428//4339 4439//4337 4942//4340 
f 4429//4341 4428//4339 4943//4342 
f 4438//4343 4429//4341 4944//4344 
f 4436//4345 4438//4343 4945//4346 
f 4437//4347 4436//4345 4946//4348 
f 4435//4349 4437//4347 4947//4350 
f 4426//4351 4435//4349 4948//4352 
f 4424//4353 4426//4351 4949//4354 
f 4420//4355 4424//4353 4950//4356 
f 4417//4357 4420//4355 4951//4358 
f 4418//4359 4417//4357 4952//4360 
f 4422//4361 4418//4359 4953//4362 
f 4486//4363 4422//4361 4954//4364 
f 4484//4365 4486//4363 4955//4366 
f 4482//4367 4484//4365 4956//4368 
f 4480//4369 4482//4367 4957//4370 
f 4467//4371 4480//4369 4958//4372 
f 4468//4373 4467//4371 4959//4374 
f 4489//4375 4468//4373 4960//4376 
f 4477//4377 4489//4375 4961//4378 
f 4488//4266 4477//4377 4962//4377 
f 4962//4377 4905//4266 4488//4266 
f 4961//4378 4962//4377 4477//4377 
f 4960//4376 4961//4378 4489//4375 
f 4959//4374 4960//4376 4468//4373 
f 4958//4372 4959//4374 4467//4371 
f 4957//4370 4958//4372 4480//4369 
f 4956//4368 4957//4370 4482//4367 
f 4955//4366 4956//4368 4484//4365 
f 4954//4364 4955//4366 4486//4363 
f 4953//4362 4954//4364 4422//4361 
f 4952//4360 4953//4362 4418//4359 
f 4951//4358 4952//4360 4417//4357 
f 4950//4356 4951//4358 4420//4355 
f 4949//4354 4950//4356 4424//4353 
f 4948//4352 4949//4354 4426//4351 
f 4947//4350 4948//4352 4435//4349 
f 4946//4348 4947//4350 4437//4347 
f 4945//4346 4946//4348 4436//4345 
f 4944//4344 4945//4346 4438//4343 
f 4943//4342 4944//4344 4429//4341 
f 4942//4340 4943//4342 4428//4339 
f 4941//4338 4942//4340 4439//4337 
f 4940//4336 4941//4338 4431//4335 
f 4939//4334 4940//4336 4430//4333 
f 4938//4332 4939//4334 4440//4331 
f 4937//4330 4938//4332 4450//4329 
f 4936//4328 4937//4330 4441//4327 
f 4935//4326 4936//4328 4433//4325 
f 4934//4324 4935//4326 4432//4323 
f 4933//4322 4934//4324 4469//4321 
f 4932//4320 4933//4322 4456//4319 
f 4931//4318 4932//4320 4458//4317 
f 4930//4316 4931//4318 4457//4315 
f 4929//4314 4930//4316 4460//4313 
f 4928//4312 4929//4314 4459//4311 
f 4927//4310 4928//4312 4470//4309 
f 4926//4308 4927//4310 4461//4307 
f 4925//4306 4926//4308 4452//4305 
f 4924//4304 4925//4306 4451//4303 
f 4923//4302 4924//4304 4472//4301 
f 4922//4300 4923//4302 4471//4299 
f 4921//4298 4922//4300 4453//4297 
f 4920//4296 4921//4298 4443//4295 
f 4919//4294 4920//4296 4442//4293 
f 4918//4292 4919//4294 4454//4291 
f 4917//4290 4918//4292 4445//4289 
f 4916//4288 4917//4290 4444//4287 
f 4915//4286 4916//4288 4447//4285 
f 4914//4284 4915//4286 4446//4283 
f 4913//4282 4914//4284 4455//4281 
f 4912//4280 4913//4282 4449//4279 
f 4911//4278 4912//4280 4448//4277 
f 4910//4276 4911//4278 4473//4275 
f 4909//4274 4910//4276 4463//4273 
f 4908//4272 4909//4274 4474//4271 
f 4907//4270 4908//4272 4465//4269 
f 4906//4268 4907//4270 4464//4267 
f 4905//4266 4906//4268 4490//4265 
o mesh111
f 4516//4379 4564//4380 4963//4380 
f 4517//4381 4516//4379 4964//4382 
f 4555//4383 4517//4381 4965//4384 
f 4563//4385 4555//4383 4966//4386 
f 4515//4387 4563//4385 4967//4388 
f 4510//4389 4515//4387 4968//4390 
f 4505//4391 4510//4389 4969//4392 
f 4506//4393 4505//4391 4970//4394 
f 4493//4395 4506//4393 4971//4396 
f 4514//4397 4493//4395 4972//4398 
f 4509//4399 4514//4397 4973//4400 
f 4562//4401 4509//4399 4974//4402 
f 4566//4403 4562//4401 4975//4404 
f 4565//4405 4566//4403 4976//4406 
f 4504//4407 4565//4405 4977//4408 
f 4547//4409 4504//4407 4978//4410 
f 4548//4411 4547//4409 4979//4412 
f 4553//4413 4548//4411 4980//4414 
f 4554//4415 4553//4413 4981//4416 
f 4560//4417 4554//4415 4982//4418 
f 4561//4419 4560//4417 4983//4420 
f 4552//4421 4561//4419 4984//4422 
f 4546//4423 4552//4421 4985//4424 
f 4534//4425 4546//4423 4986//4426 
f 4512//4427 4534//4425 4987//4428 
f 4513//4429 4512//4427 4988//4430 
f 4511//4431 4513//4429 4989//4432 
f 4498//4433 4511//4431 4990//4434 
f 4495//4435 4498//4433 4991//4436 
f 4496//4437 4495//4435 4992//4438 
f 4503//4439 4496//4437 4993//4440 
f 4501//4441 4503//4439 4994//4442 
f 4508//4443 4501//4441 4995//4444 
f 4533//4445 4508//4443 4996//4446 
f 4532//4447 4533//4445 4997//4448 
f 4559//4449 4532//4447 4998//4450 
f 4558//4451 4559//4449 4999//4452 
f 4545//4453 4558//4451 5000//4454 
f 4543//4455 4545//4453 5001//4456 
f 4541//4457 4543//4455 5002//4458 
f 4529//4459 4541//4457 5003//4460 
f 4526//4461 4529//4459 5004//4462 
f 4527//4463 4526//4461 5005//4464 
f 4539//4465 4527//4463 5006//4466 
f 4523//4467 4539//4465 5007//4468 
f 4524//4469 4523//4467 5008//4470 
f 4538//4471 4524//4469 5009//4472 
f 4521//4473 4538//4471 5010//4474 
f 4522//4475 4521//4473 5011//4476 
f 4556//4477 4522//4475 5012//4478 
f 4549//4479 4556//4477 5013//4480 
f 4550//4481 4549//4479 5014//4482 
f 4537//4483 4550//4481 5015//4484 
f 4518//4485 4537//4483 5016//4486 
f 4519//4487 4518//4485 5017//4488 
f 4535//4489 4519//4487 5018//4490 
f 4536//4491 4535//4489 5019//4492 
f 4564//4380 4536//4491 5020//4491 
f 5020//4491 4963//4380 4564//4380 
f 5019//4492 5020//4491 4536//4491 
f 5018//4490 5019//4492 4535//4489 
f 5017//4488 5018//4490 4519//4487 
f 5016//4486 5017//4488 4518//4485 
f 5015//4484 5016//4486 4537//4483 
f 5014//4482 5015//4484 4550//4481 
f 5013//4480 5014//4482 4549//4479 
f 5012//4478 5013//4480 4556//4477 
f 5011//4476 5012//4478 4522//4475 
f 5010//4474 5011//4476 4521//4473 
f 5009//4472 5010//4474 4538//4471 
f 5008//4470 5009//4472 4524//4469 
f 5007//4468 5008//4470 4523//4467 
f 5006//4466 5007//4468 4539//4465 
f 5005//4464 5006//4466 4527//4463 
f 5004//4462 5005//4464 4526//4461 
f 5003//4460 5004//4462 4529//4459 
f 5002//4458 5003//4460 4541//4457 
f 5001//4456 5002//4458 4543//4455 
f 5000//4454 5001//4456 4545//4453 
f 4999//4452 5000//4454 4558//4451 
f 4998//4450 4999//4452 4559//4449 
f 4997//4448 4998//4450 4532//4447 
f 4996//4446 4997//4448 4533//4445 
f 4995//4444 4996//4446 4508//4443 
f 4994//4442 4995//4444 4501//4441 
f 4993//4440 4994//4442 4503//4439 
f 4992//4438 4993//4440 4496//4437 
f 4991//4436 4992//4438 4495//4435 
f 4990//4434 4991//4436 4498//4433 
f 4989//4432 4990//4434 4511//4431 
f 4988//4430 4989//4432 4513//4429 
f 4987//4428 4988//4430 4512//4427 
f 4986//4426 4987//4428 4534//4425 
f 4985//4424 4986//4426 4546//4423 
f 4984//4422 4985//4424 4552//4421 
f 4983//4420 4984//4422 4561//4419 
f 4982//4418 4983//4420 4560//4417 
f 4981//4416 4982//4418 4554//4415 
f 4980//4414 4981//4416 4553//4413 
f 4979//4412 4980//4414 4548//4411 
f 4978//4410 4979//4412 4547//4409 
f 4977//4408 4978//4410 4504//4407 
f 4976//4406 4977//4408 4565//4405 
f 4975//4404 4976//4406 4566//4403 
f 4974//4402 4975//4404 4562//4401 
f 4973//4400 4974//4402 4509//4399 
f 4972//4398 4973//4400 4514//4397 
f 4971//4396 4972//4398 4493//4395 
f 4970//4394 4971//4396 4506//4393 
f 4969//4392 4970//4394 4505//4391 
f 4968//4390 4969//4392 4510//4389 
f 4967//4388 4968//4390 4515//4387 
f 4966//4386 4967//4388 4563//4385 
f 4965//4384 4966//4386 4555//4383 
f 4964//4382 4965//4384 4517//4381 
f 4963//4380 4964//4382 4516//4379 
o mesh112
f 4462//4493 4491//4493 5021//4493 
f 5022//4493 5023//4493 5021//4493 
f 5021//4493 4491//4493 5022//4493 
f 5021//4493 4713//4493 4462//4493 
o mesh113
f 5024//4494 4675//4494 5025//4494 
f 4415//4494 4788//4494 5025//4494 
f 5025//4494 4675//4494 4415//4494 
f 5025//4494 5026//4494 5024//4494 
o mesh114
f 5027//4495 5028//4495 5029//4495 
f 5027//4495 5030//4495 5031//4495 
f 5027//4495 5032//4495 5028//4495 
f 5031//4495 5033//4495 5027//4495 
f 5033//4495 5032//4495 5027//4495 
f 5027//4495 5034//4495 5035//4495 
f 5036//4495 5037//4495 5038//4495 
f 5029//4495 5039//4495 5027//4495 
f 5027//4495 5040//4495 5034//4495 
f 5038//4495 5041//4495 5036//4495 
f 5036//4495 5042//4495 5043//4495 
f 5036//4495 5044//4495 5045//4495 
f 5027//4495 5046//4495 5030//4495 
f 5027//4495 5047//4495 5040//4495 
f 5027//4495 5048//4495 5049//4495 
f 5036//4495 5050//4495 5037//4495 
f 5036//4495 5051//4495 5052//4495 
f 5036//4495 5053//4495 5042//4495 
f 5036//4495 5054//4495 5044//4495 
f 5035//4495 5046//4495 5027//4495 
f 5027//4495 5023//4495 5048//4495 
f 5052//4495 5050//4495 5036//4495 
f 5036//4495 5055//4495 5056//4495 
f 5045//4495 5053//4495 5036//4495 
f 5049//4495 5047//4495 5027//4495 
f 5056//4495 5051//4495 5036//4495 
f 5036//4495 5057//4495 5054//4495 
f 5027//4495 5021//4495 5023//4495 
f 5058//4495 5057//4495 5036//4495 
f 5043//4495 5055//4495 5036//4495 
f 5036//4495 5027//4495 5058//4495 
f 5041//4495 5026//4495 5036//4495 
f 5026//4495 5025//4495 5036//4495 
f 5039//4495 5058//4495 5027//4495 
o mesh115
f 5059//4496 5060//4496 5061//4496 
f 5059//4496 5062//4496 5060//4496 
f 5062//4496 5059//4496 5063//4496 
f 4365//4496 5064//4496 5065//4496 
f 4365//4496 5066//4496 5067//4496 
f 5068//4496 5069//4496 5070//4496 
f 5063//4496 5071//4496 5062//4496 
f 4365//4496 5072//4496 5064//4496 
f 5067//4496 5073//4496 4365//4496 
f 4365//4496 5074//4496 5075//4496 
f 5070//4496 5076//4496 5068//4496 
f 5077//4496 5068//4496 5059//4496 
f 5073//4496 5072//4496 4365//4496 
f 4365//4496 5024//4496 5074//4496 
f 5068//4496 5078//4496 5079//4496 
f 5076//4496 5080//4496 5068//4496 
f 5061//4496 5077//4496 5059//4496 
f 5065//4496 5081//4496 4365//4496 
f 4365//4496 5082//4496 5083//4496 
f 4365//4496 5084//4496 5085//4496 
f 5075//4496 5086//4496 4365//4496 
f 5079//4496 5087//4496 5068//4496 
f 5077//4496 5069//4496 5068//4496 
f 5083//4496 5066//4496 4365//4496 
f 5086//4496 5084//4496 4365//4496 
f 5080//4496 5078//4496 5068//4496 
f 5085//4496 5082//4496 4365//4496 
f 5087//4496 5022//4496 5068//4496 
f 5068//4496 4491//4496 4365//4496 
f 4365//4496 4675//4496 5024//4496 
f 4365//4496 5088//4496 5068//4496 
f 5022//4496 4491//4496 5068//4496 
f 5081//4496 5088//4496 4365//4496 
o mesh116
f 5024//4497 5026//4497 5041//4498 
f 5074//4498 5041//4498 5038//4499 
f 5075//4499 5038//4499 5037//4500 
f 5086//4500 5037//4500 5050//4501 
f 5084//4501 5050//4501 5052//4502 
f 5085//4502 5052//4502 5051//4503 
f 5082//4503 5051//4503 5056//4504 
f 5083//4504 5056//4504 5055//4505 
f 5066//4505 5055//4505 5043//4506 
f 5067//4506 5043//4506 5042//4507 
f 5073//4507 5042//4507 5053//4508 
f 5072//4508 5053//4508 5045//4509 
f 5064//4509 5045//4509 5044//4510 
f 5065//4510 5044//4510 5054//4511 
f 5081//4511 5054//4511 5057//4512 
f 5057//4512 5088//4512 5081//4511 
f 5054//4511 5081//4511 5065//4510 
f 5044//4510 5065//4510 5064//4509 
f 5045//4509 5064//4509 5072//4508 
f 5053//4508 5072//4508 5073//4507 
f 5042//4507 5073//4507 5067//4506 
f 5043//4506 5067//4506 5066//4505 
f 5055//4505 5066//4505 5083//4504 
f 5056//4504 5083//4504 5082//4503 
f 5051//4503 5082//4503 5085//4502 
f 5052//4502 5085//4502 5084//4501 
f 5050//4501 5084//4501 5086//4500 
f 5037//4500 5086//4500 5075//4499 
f 5038//4499 5075//4499 5074//4498 
f 5041//4498 5074//4498 5024//4497 
o mesh117
f 5023//4513 5022//4513 5087//4514 
f 5048//4514 5087//4514 5079//4515 
f 5049//4515 5079//4515 5078//4516 
f 5047//4516 5078//4516 5080//4517 
f 5040//4517 5080//4517 5076//4518 
f 5034//4518 5076//4518 5070//4519 
f 5035//4519 5070//4519 5069//4520 
f 5046//4520 5069//4520 5077//4521 
f 5030//4521 5077//4521 5061//4522 
f 5031//4522 5061//4522 5060//4523 
f 5033//4523 5060//4523 5062//4524 
f 5032//4524 5062//4524 5071//4525 
f 5028//4525 5071//4525 5063//4526 
f 5029//4526 5063//4526 5059//4527 
f 5039//4527 5059//4527 5068//4528 
f 5068//4528 5058//4528 5039//4527 
f 5059//4527 5039//4527 5029//4526 
f 5063//4526 5029//4526 5028//4525 
f 5071//4525 5028//4525 5032//4524 
f 5062//4524 5032//4524 5033//4523 
f 5060//4523 5033//4523 5031//4522 
f 5061//4522 5031//4522 5030//4521 
f 5077//4521 5030//4521 5046//4520 
f 5069//4520 5046//4520 5035//4519 
f 5070//4519 5035//4519 5034//4518 
f 5076//4518 5034//4518 5040//4517 
f 5080//4517 5040//4517 5047//4516 
f 5078//4516 5047//4516 5049//4515 
f 5079//4515 5049//4515 5048//4514 
f 5087//4514 5048//4514 5023//4513 
o mesh118
f 5088//4528 5057//4528 5058//4528 
f 5058//4528 5068//4528 5088//4528 
o mesh119
f 5153//4528 4801//4528 4800//4528 
f 5153//4528 4802//4528 4801//4528 
f 5154//4528 4805//4528 4804//4528 
f 5154//4528 4807//4528 4806//4528 
f 5153//4528 4798//4528 4797//4528 
f 5153//4528 4803//4528 4802//4528 
f 4806//4528 4805//4528 5154//4528 
f 5153//4528 4796//4528 4795//4528 
f 5153//4528 4799//4528 4798//4528 
f 5153//4528 4804//4528 4803//4528 
f 5154//4528 4808//4528 4807//4528 
f 5155//4528 4826//4528 4825//4528 
f 4797//4528 4796//4528 5153//4528 
f 4804//4528 5153//4528 5154//4528 
f 4825//4528 4824//4528 5155//4528 
f 5156//4528 4836//4528 4835//4528 
f 5156//4528 4841//4528 4840//4528 
f 4800//4528 4799//4528 5153//4528 
f 5154//4528 4810//4528 4809//4528 
f 5154//4528 4812//4528 4811//4528 
f 4824//4528 4823//4528 5155//4528 
f 5155//4528 4828//4528 4827//4528 
f 5155//4528 4830//4528 4829//4528 
f 5156//4528 4837//4528 4836//4528 
f 5156//4528 4839//4528 4838//4528 
f 5156//4528 4842//4528 4841//4528 
f 4809//4528 4808//4528 5154//4528 
f 5154//4528 4813//4528 4812//4528 
f 5155//4528 4822//4528 4821//4528 
f 4827//4528 4826//4528 5155//4528 
f 5155//4528 4831//4528 4830//4528 
f 5155//4528 5156//4528 4832//4528 
f 4835//4528 4834//4528 5156//4528 
f 4840//4528 4839//4528 5156//4528 
f 5153//4528 4793//4528 4792//4528 
f 4795//4528 4794//4528 5153//4528 
f 5154//4528 4814//4528 4813//4528 
f 5154//4528 4816//4528 4815//4528 
f 5155//4528 4820//4528 4819//4528 
f 4823//4528 4822//4528 5155//4528 
f 4832//4528 4831//4528 5155//4528 
f 4834//4528 4833//4528 5156//4528 
f 5156//4528 4843//4528 4842//4528 
f 5156//4528 4845//4528 4844//4528 
f 5153//4528 4790//4528 4789//4528 
f 4794//4528 4793//4528 5153//4528 
f 4815//4528 4814//4528 5154//4528 
f 4821//4528 4820//4528 5155//4528 
f 4833//4528 4832//4528 5156//4528 
f 4844//4528 4843//4528 5156//4528 
f 5156//4528 4789//4528 4846//4528 
f 5153//4528 4791//4528 4790//4528 
f 4811//4528 4810//4528 5154//4528 
f 5154//4528 5155//4528 4818//4528 
f 4829//4528 4828//4528 5155//4528 
f 4846//4528 4845//4528 5156//4528 
f 4792//4528 4791//4528 5153//4528 
f 4818//4528 4817//4528 5154//4528 
f 4838//4528 4837//4528 5156//4528 
f 4817//4528 4816//4528 5154//4528 
f 4789//4528 5156//4528 5153//4528 
f 5155//4528 5154//4528 5157//4528 
f 5157//4528 4848//4528 4847//4528 
f 4847//4528 5158//4528 5157//4528 
f 5157//4528 4858//4528 4857//4528 
f 5157//4528 5159//4528 4861//4528 
f 5158//4528 4892//4528 4891//4528 
f 5158//4528 4903//4528 4902//4528 
f 4847//4528 4904//4528 5158//4528 
f 5157//4528 4859//4528 4858//4528 
f 4861//4528 4860//4528 5157//4528 
f 5159//4528 4864//4528 4863//4528 
f 5159//4528 4868//4528 4867//4528 
f 5160//4528 4880//4528 4879//4528 
f 5160//4528 4886//4528 4885//4528 
f 5158//4528 4893//4528 4892//4528 
f 5158//4528 4895//4528 4894//4528 
f 5158//4528 4897//4528 4896//4528 
f 4902//4528 4901//4528 5158//4528 
f 5157//4528 4849//4528 4848//4528 
f 5157//4528 4851//4528 4850//4528 
f 4860//4528 4859//4528 5157//4528 
f 5159//4528 4865//4528 4864//4528 
f 4867//4528 4866//4528 5159//4528 
f 5160//4528 4878//4528 4877//4528 
f 5160//4528 4881//4528 4880//4528 
f 5160//4528 4883//4528 4882//4528 
f 4885//4528 4884//4528 5160//4528 
f 5160//4528 4888//4528 4887//4528 
f 5160//4528 4890//4528 4889//4528 
f 4894//4528 4893//4528 5158//4528 
f 5158//4528 4898//4528 4897//4528 
f 5158//4528 4900//4528 4899//4528 
f 4904//4528 4903//4528 5158//4528 
f 5157//4528 4852//4528 4851//4528 
f 5157//4528 4854//4528 4853//4528 
f 5157//4528 4856//4528 4855//4528 
f 5159//4528 4862//4528 4861//4528 
f 4866//4528 4865//4528 5159//4528 
f 4879//4528 4878//4528 5160//4528 
f 4884//4528 4883//4528 5160//4528 
f 4889//4528 4888//4528 5160//4528 
f 4891//4528 5160//4528 5158//4528 
f 4899//4528 4898//4528 5158//4528 
f 4850//4528 4849//4528 5157//4528 
f 4855//4528 4854//4528 5157//4528 
f 4863//4528 4862//4528 5159//4528 
f 5159//4528 4874//4528 4873//4528 
f 5159//4528 5160//4528 4876//4528 
f 4882//4528 4881//4528 5160//4528 
f 4891//4528 4890//4528 5160//4528 
f 4901//4528 4900//4528 5158//4528 
f 4857//4528 4856//4528 5157//4528 
f 5159//4528 4871//4528 4870//4528 
f 4873//4528 4872//4528 5159//4528 
f 4876//4528 4875//4528 5159//4528 
f 4887//4528 4886//4528 5160//4528 
f 4853//4528 4852//4528 5157//4528 
f 4870//4528 4869//4528 5159//4528 
f 4875//4528 4874//4528 5159//4528 
f 4896//4528 4895//4528 5158//4528 
f 4872//4528 4871//4528 5159//4528 
f 4869//4528 4868//4528 5159//4528 
f 4730//4528 5161//4528 5162//4528 
f 5160//4528 4134//4528 4135//4528 
f 5160//4528 4133//4528 4134//4528 
f 5160//4528 4160//4528 4137//4528 
f 5160//4528 4132//4528 4133//4528 
f 5160//4528 4131//4528 4130//4528 
f 5160//4528 4136//4528 4160//4528 
f 4130//4528 4132//4528 5160//4528 
f 4135//4528 4136//4528 5160//4528 
f 5155//4528 4145//4528 4146//4528 
f 5155//4528 5158//4528 4143//4528 
f 5155//4528 4147//4528 4148//4528 
f 5155//4528 4144//4528 4145//4528 
f 5158//4528 4142//4528 4143//4528 
f 5158//4528 4140//4528 4141//4528 
f 4146//4528 4147//4528 5155//4528 
f 4141//4528 4142//4528 5158//4528 
f 5158//4528 4138//4528 4139//4528 
f 4143//4528 4144//4528 5155//4528 
f 5158//4528 4137//4528 4138//4528 
f 4139//4528 4140//4528 5158//4528 
f 4148//4528 4159//4528 5155//4528 
f 5156//4528 4154//4528 4155//4528 
f 5156//4528 4153//4528 4154//4528 
f 5156//4528 4151//4528 4152//4528 
f 4152//4528 4153//4528 5156//4528 
f 5156//4528 5155//4528 4150//4528 
f 4155//4528 4158//4528 5156//4528 
f 4150//4528 4149//4528 5156//4528 
f 4149//4528 4151//4528 5156//4528 
f 5027//4528 5036//4528 4100//4528 
f 5036//4528 4157//4528 4100//4528 
f 5036//4528 5156//4528 4156//4528 
f 5027//4528 4165//4528 4102//4528 
f 4156//4528 4157//4528 5036//4528 
f 4100//4528 4165//4528 5027//4528 
f 5163//4528 4105//4528 4106//4528 
f 5163//4528 4101//4528 4103//4528 
f 5163//4528 4164//4528 4108//4528 
f 5163//4528 4104//4528 4105//4528 
f 5163//4528 4102//4528 4101//4528 
f 5163//4528 4107//4528 4164//4528 
f 4103//4528 4104//4528 5163//4528 
f 4106//4528 4107//4528 5163//4528 
f 5162//4528 5161//4528 4114//4528 
f 5162//4528 4118//4528 4119//4528 
f 4114//4528 4115//4528 5162//4528 
f 4119//4528 4163//4528 5162//4528 
f 5162//4528 4116//4528 4117//4528 
f 5161//4528 4113//4528 4114//4528 
f 4117//4528 4118//4528 5162//4528 
f 5161//4528 4112//4528 4113//4528 
f 5161//4528 4110//4528 4111//4528 
f 4115//4528 4116//4528 5162//4528 
f 5161//4528 4109//4528 4110//4528 
f 4111//4528 4112//4528 5161//4528 
f 5161//4528 4108//4528 4109//4528 
f 5164//4528 5162//4528 4121//4528 
f 4121//4528 4120//4528 5164//4528 
f 5164//4528 4123//4528 4124//4528 
f 4120//4528 4122//4528 5164//4528 
f 5164//4528 4125//4528 4126//4528 
f 4122//4528 4123//4528 5164//4528 
f 4124//4528 4125//4528 5164//4528 
f 4126//4528 4162//4528 5164//4528 
f 4749//4528 5164//4528 4127//4528 
f 4750//4528 4749//4528 4129//4528 
f 4127//4528 4128//4528 4749//4528 
f 4750//4528 4161//4528 4131//4528 
f 4128//4528 4129//4528 4749//4528 
f 4129//4528 4161//4528 4750//4528 
f 5156//4528 4780//4528 4778//4528 
f 5156//4528 4784//4528 4783//4528 
f 5156//4528 4786//4528 4785//4528 
f 5156//4528 4781//4528 4780//4528 
f 4783//4528 4782//4528 5156//4528 
f 5156//4528 4787//4528 4786//4528 
f 4782//4528 4781//4528 5156//4528 
f 5156//4528 4788//4528 4787//4528 
f 4785//4528 4784//4528 5156//4528 
f 5036//4528 5025//4528 4788//4528 
f 4788//4528 5156//4528 5036//4528 
f 5153//4528 4778//4528 4779//4528 
f 4709//4528 4707//4528 4706//4528 
f 5153//4528 4774//4528 4773//4528 
f 4709//4528 4708//4528 4707//4528 
f 4705//4528 4711//4528 4710//4528 
f 5153//4528 4775//4528 4774//4528 
f 4710//4528 4709//4528 4705//4528 
f 4773//4528 4772//4528 5153//4528 
f 5153//4528 4777//4528 4776//4528 
f 4705//4528 4712//4528 4711//4528 
f 5154//4528 4770//4528 4712//4528 
f 5154//4528 5153//4528 4771//4528 
f 4776//4528 4775//4528 5153//4528 
f 4712//4528 4705//4528 5154//4528 
f 4772//4528 4771//4528 5153//4528 
f 4771//4528 4770//4528 5154//4528 
f 4682//4528 4680//4528 4681//4528 
f 4682//4528 4678//4528 4679//4528 
f 4679//4528 4680//4528 4682//4528 
f 4701//4528 4698//4528 4697//4528 
f 4698//4528 4701//4528 4700//4528 
f 4682//4528 4677//4528 4678//4528 
f 4701//4528 4695//4528 4677//4528 
f 4700//4528 4699//4528 4698//4528 
f 4677//4528 4682//4528 4701//4528 
f 4697//4528 4696//4528 4701//4528 
f 4696//4528 4695//4528 4701//4528 
f 5089//4528 5090//4528 4683//4528 
f 5090//4528 5091//4528 4682//4528 
f 4683//4528 4684//4528 5089//4528 
f 5092//4528 5089//4528 4693//4528 
f 4684//4528 4693//4528 5089//4528 
f 4686//4528 5093//4528 5092//4528 
f 5157//4528 5094//4528 5095//4528 
f 4705//4528 5096//4528 5097//4528 
f 4701//4528 4682//4528 5098//4528 
f 4682//4528 4683//4528 5090//4528 
f 4686//4528 5099//4528 5093//4528 
f 5157//4528 5100//4528 5094//4528 
f 5154//4528 4705//4528 5101//4528 
f 4705//4528 5102//4528 5096//4528 
f 4705//4528 5103//4528 5104//4528 
f 5103//4528 4705//4528 4704//4528 
f 5105//4528 4703//4528 4702//4528 
f 5106//4528 4702//4528 4701//4528 
f 5098//4528 5107//4528 4701//4528 
f 4682//4528 5108//4528 5109//4528 
f 4682//4528 5110//4528 5111//4528 
f 4693//4528 4686//4528 5092//4528 
f 5157//4528 5112//4528 5100//4528 
f 5157//4528 5113//4528 5114//4528 
f 5157//4528 5115//4528 5116//4528 
f 5097//4528 5101//4528 4705//4528 
f 4704//4528 5105//4528 5103//4528 
f 5105//4528 4704//4528 4703//4528 
f 4701//4528 5117//4528 5118//4528 
f 4701//4528 5119//4528 5120//4528 
f 4701//4528 5121//4528 5122//4528 
f 4682//4528 5123//4528 5098//4528 
f 5109//4528 5124//4528 4682//4528 
f 5091//4528 5110//4528 4682//4528 
f 4686//4528 5125//4528 5126//4528 
f 5157//4528 5127//4528 5112//4528 
f 5116//4528 5113//4528 5157//4528 
f 5157//4528 5128//4528 5129//4528 
f 5154//4528 5130//4528 5131//4528 
f 5154//4528 5132//4528 5133//4528 
f 4705//4528 5134//4528 5102//4528 
f 4702//4528 5106//4528 5105//4528 
f 4701//4528 5135//4528 5117//4528 
f 5122//4528 5119//4528 4701//4528 
f 5124//4528 5123//4528 4682//4528 
f 5126//4528 5099//4528 4686//4528 
f 5114//4528 5127//4528 5157//4528 
f 5157//4528 5136//4528 5128//4528 
f 5154//4528 5137//4528 5130//4528 
f 5154//4528 5138//4528 5139//4528 
f 5154//4528 5140//4528 5141//4528 
f 5154//4528 5142//4528 5143//4528 
f 5101//4528 5132//4528 5154//4528 
f 4701//4528 5118//4528 5106//4528 
f 5107//4528 5121//4528 4701//4528 
f 4686//4528 5144//4528 5125//4528 
f 5095//4528 4686//4528 5157//4528 
f 5129//4528 5145//4528 5157//4528 
f 5146//4528 5147//4528 5148//4528 
f 5139//4528 5137//4528 5154//4528 
f 5143//4528 5140//4528 5154//4528 
f 5104//4528 5134//4528 4705//4528 
f 5111//4528 5108//4528 4682//4528 
f 5145//4528 5115//4528 5157//4528 
f 5148//4528 5157//4528 5146//4528 
f 5149//4528 5154//4528 5150//4528 
f 5141//4528 5138//4528 5154//4528 
f 5120//4528 5135//4528 4701//4528 
f 5148//4528 5136//4528 5157//4528 
f 5157//4528 5154//4528 5149//4528 
f 5154//4528 5151//4528 5150//4528 
f 5133//4528 5142//4528 5154//4528 
f 5149//4528 5146//4528 5157//4528 
f 5131//4528 5151//4528 5154//4528 
f 5150//4528 5152//4528 5149//4528 
f 5159//4528 4764//4528 4763//4528 
f 5159//4528 4766//4528 4765//4528 
f 4686//4528 4690//4528 4691//4528 
f 4689//4528 4686//4528 4685//4528 
f 4765//4528 4764//4528 5159//4528 
f 5159//4528 4768//4528 4767//4528 
f 4686//4528 4689//4528 4690//4528 
f 4685//4528 4687//4528 4689//4528 
f 4767//4528 4766//4528 5159//4528 
f 5157//4528 4769//4528 4768//4528 
f 5157//4528 4686//4528 4692//4528 
f 4687//4528 4688//4528 4689//4528 
f 4768//4528 5159//4528 5157//4528 
f 4691//4528 4692//4528 4686//4528 
f 4692//4528 4769//4528 5157//4528 
f 5159//4528 4762//4528 4761//4528 
f 5160//4528 4755//4528 4754//4528 
f 5160//4528 4756//4528 4755//4528 
f 5160//4528 4758//4528 4757//4528 
f 5160//4528 4753//4528 4752//4528 
f 4757//4528 4756//4528 5160//4528 
f 5160//4528 5159//4528 4760//4528 
f 4754//4528 4753//4528 5160//4528 
f 4760//4528 4759//4528 5160//4528 
f 4759//4528 4758//4528 5160//4528 
f 4752//4528 4751//4528 5160//4528 
f 5164//4528 4740//4528 4739//4528 
f 5164//4528 4742//4528 4741//4528 
f 5164//4528 4745//4528 4744//4528 
f 4741//4528 4740//4528 5164//4528 
f 4744//4528 4743//4528 5164//4528 
f 5164//4528 4748//4528 4747//4528 
f 4743//4528 4742//4528 5164//4528 
f 4747//4528 4746//4528 5164//4528 
f 4746//4528 4745//4528 5164//4528 
f 5164//4528 4749//4528 4748//4528 
f 5162//4528 4963//4528 5020//4528 
f 5162//4528 4964//4528 4963//4528 
f 5162//4528 4971//4528 4970//4528 
f 5162//4528 4974//4528 4973//4528 
f 4731//4528 5019//4528 5018//4528 
f 5020//4528 4731//4528 5162//4528 
f 5162//4528 4967//4528 4966//4528 
f 4970//4528 4969//4528 5162//4528 
f 4973//4528 4972//4528 5162//4528 
f 4738//4528 4993//4528 4992//4528 
f 4738//4528 4996//4528 4995//4528 
f 4735//4528 4734//4528 5005//4528 
f 4734//4528 4733//4528 5006//4528 
f 4732//4528 5009//4528 5008//4528 
f 4732//4528 4731//4528 5010//4528 
f 5018//4528 5017//4528 4731//4528 
f 5162//4528 4965//4528 4964//4528 
f 5162//4528 4968//4528 4967//4528 
f 4972//4528 4971//4528 5162//4528 
f 4738//4528 4994//4528 4993//4528 
f 4738//4528 4997//4528 4996//4528 
f 5002//4528 5001//4528 4738//4528 
f 4736//4528 5003//4528 5002//4528 
f 4735//4528 5004//4528 5003//4528 
f 5006//4528 5005//4528 4734//4528 
f 5010//4528 5009//4528 4732//4528 
f 4731//4528 5012//4528 5011//4528 
f 5020//4528 5019//4528 4731//4528 
f 4969//4528 4968//4528 5162//4528 
f 5162//4528 4976//4528 4975//4528 
f 5162//4528 5164//4528 4977//4528 
f 5164//4528 4980//4528 4979//4528 
f 4995//4528 4994//4528 4738//4528 
f 4738//4528 4999//4528 4998//4528 
f 5002//4528 4737//4528 4736//4528 
f 5005//4528 5004//4528 4735//4528 
f 4733//4528 4732//4528 5007//4528 
f 5011//4528 5010//4528 4731//4528 
f 4731//4528 5016//4528 5015//4528 
f 4966//4528 4965//4528 5162//4528 
f 4977//4528 4976//4528 5162//4528 
f 5164//4528 4981//4528 4980//4528 
f 5164//4528 4983//4528 4982//4528 
f 5164//4528 4990//4528 4989//4528 
f 4998//4528 4997//4528 4738//4528 
f 4738//4528 5001//4528 5000//4528 
f 5003//4528 4736//4528 4735//4528 
f 5008//4528 5007//4528 4732//4528 
f 4731//4528 5014//4528 5013//4528 
f 5017//4528 5016//4528 4731//4528 
f 5164//4528 4978//4528 4977//4528 
f 4982//4528 4981//4528 5164//4528 
f 4989//4528 4988//4528 5164//4528 
f 5164//4528 4992//4528 4991//4528 
f 5000//4528 4999//4528 4738//4528 
f 5007//4528 5006//4528 4733//4528 
f 5015//4528 5014//4528 4731//4528 
f 4979//4528 4978//4528 5164//4528 
f 5164//4528 4987//4528 4986//4528 
f 4991//4528 4990//4528 5164//4528 
f 4738//4528 4737//4528 5002//4528 
f 4975//4528 4974//4528 5162//4528 
f 5164//4528 4985//4528 4984//4528 
f 4988//4528 4987//4528 5164//4528 
f 5013//4528 5012//4528 4731//4528 
f 4986//4528 4985//4528 5164//4528 
f 4984//4528 4983//4528 5164//4528 
f 4726//4528 4951//4528 4950//4528 
f 4726//4528 4725//4528 4952//4528 
f 4729//4528 4946//4528 4945//4528 
f 4727//4528 4950//4528 4949//4528 
f 4952//4528 4951//4528 4726//4528 
f 4729//4528 4947//4528 4946//4528 
f 4950//4528 4727//4528 4726//4528 
f 4725//4528 4724//4528 4953//4528 
f 4730//4528 4943//4528 4942//4528 
f 4729//4528 4948//4528 4947//4528 
f 4728//4528 4949//4528 4948//4528 
f 4953//4528 4952//4528 4725//4528 
f 5163//4528 4918//4528 4917//4528 
f 5161//4528 4921//4528 4920//4528 
f 5161//4528 4923//4528 4922//4528 
f 4730//4528 4941//4528 4940//4528 
f 4730//4528 4944//4528 4943//4528 
f 4945//4528 4730//4528 4729//4528 
f 4949//4528 4728//4528 4727//4528 
f 4953//4528 4724//4528 4723//4528 
f 4723//4528 4956//4528 4955//4528 
f 5163//4528 4919//4528 4918//4528 
f 4922//4528 4921//4528 5161//4528 
f 5161//4528 4925//4528 4924//4528 
f 5161//4528 4928//4528 4927//4528 
f 4942//4528 4941//4528 4730//4528 
f 4948//4528 4729//4528 4728//4528 
f 4955//4528 4954//4528 4723//4528 
f 4723//4528 4958//4528 4957//4528 
f 5163//4528 4920//4528 4919//4528 
f 4924//4528 4923//4528 5161//4528 
f 5161//4528 4929//4528 4928//4528 
f 4945//4528 4944//4528 4730//4528 
f 4957//4528 4956//4528 4723//4528 
f 5163//4528 4911//4528 4910//4528 
f 5163//4528 4913//4528 4912//4528 
f 5163//4528 4915//4528 4914//4528 
f 4920//4528 5163//4528 5161//4528 
f 4927//4528 4926//4528 5161//4528 
f 4723//4528 4954//4528 4953//4528 
f 4912//4528 4911//4528 5163//4528 
f 5163//4528 4916//4528 4915//4528 
f 4926//4528 4925//4528 5161//4528 
f 4940//4528 4939//4528 4730//4528 
f 4914//4528 4913//4528 5163//4528 
f 5161//4528 4930//4528 4929//4528 
f 4730//4528 4938//4528 4937//4528 
f 4723//4528 4959//4528 4958//4528 
f 5163//4528 4909//4528 4908//4528 
f 4917//4528 4916//4528 5163//4528 
f 5161//4528 4730//4528 4935//4528 
f 4939//4528 4938//4528 4730//4528 
f 4723//4528 4961//4528 4960//4528 
f 4910//4528 4909//4528 5163//4528 
f 5161//4528 4932//4528 4931//4528 
f 4730//4528 4936//4528 4935//4528 
f 4960//4528 4959//4528 4723//4528 
f 4723//4528 5163//4528 4905//4528 
f 5163//4528 4907//4528 4906//4528 
f 4931//4528 4930//4528 5161//4528 
f 4937//4528 4936//4528 4730//4528 
f 4905//4528 4962//4528 4723//4528 
f 4908//4528 4907//4528 5163//4528 
f 5161//4528 4934//4528 4933//4528 
f 4962//4528 4961//4528 4723//4528 
f 4933//4528 4932//4528 5161//4528 
f 4906//4528 4905//4528 5163//4528 
f 5163//4528 4716//4528 4715//4528 
f 5163//4528 4718//4528 4717//4528 
f 4717//4528 4716//4528 5163//4528 
f 5163//4528 4721//4528 4720//4528 
f 4715//4528 4714//4528 5163//4528 
f 5163//4528 4722//4528 4721//4528 
f 5163//4528 4719//4528 4718//4528 
f 5163//4528 4723//4528 4722//4528 
f 5027//4528 5163//4528 4713//4528 
f 4720//4528 4719//4528 5163//4528 
f 4714//4528 4713//4528 5163//4528 
f 4713//4528 5021//4528 5027//4528 
f 4935//4528 4934//4528 5161//4528 
f 4992//4528 5164//4528 4738//4528 
f 4739//4528 4738//4528 5164//4528 
f 4751//4528 4750//4528 5160//4528 
f 4761//4528 4760//4528 5159//4528 
f 4763//4528 4762//4528 5159//4528 
f 5095//4528 5144//4528 4686//4528 
f 4681//4528 4694//4528 4682//4528 
f 4706//4528 4705//4528 4709//4528 
f 4779//4528 4777//4528 5153//4528 
f 4778//4528 5153//4528 5156//4528 
f 4131//4528 5160//4528 4750//4528 
f 4162//4528 4127//4528 5164//4528 
f 4163//4528 4121//4528 5162//4528 
f 4108//4528 5161//4528 5163//4528 
f 4102//4528 5163//4528 5027//4528 
f 4158//4528 4156//4528 5156//4528 
f 4159//4528 4150//4528 5155//4528 
f 4137//4528 5158//4528 5160//4528 
f 5162//4528 4731//4528 4730//4528 
f 4877//4528 4876//4528 5160//4528 
f 5157//4528 5158//4528 5155//4528 
f 4819//4528 4818//4528 5155//4528 
o mesh120
f 5146//4529 5149//4529 5165//4529 
f 5165//4529 5166//4529 5146//4529 
o mesh121
f 5166//4529 5165//4529 5167//4530 
f 5168//4530 5167//4530 5169//4531 
f 5170//4531 5169//4531 5171//4532 
f 5172//4532 5171//4532 5173//4533 
f 5174//4533 5173//4533 5175//4534 
f 5176//4534 5175//4534 5177//4535 
f 5178//4535 5177//4535 5179//4536 
f 5180//4536 5179//4536 5181//4537 
f 5182//4537 5181//4537 5183//4538 
f 5184//4538 5183//4538 5185//4539 
f 5186//4539 5185//4539 5187//4540 
f 5188//4540 5187//4540 5189//4541 
f 5190//4541 5189//4541 5191//4542 
f 5192//4542 5191//4542 5193//4543 
f 5194//4543 5193//4543 5195//4544 
f 5195//4544 5196//4544 5194//4543 
f 5193//4543 5194//4543 5192//4542 
f 5191//4542 5192//4542 5190//4541 
f 5189//4541 5190//4541 5188//4540 
f 5187//4540 5188//4540 5186//4539 
f 5185//4539 5186//4539 5184//4538 
f 5183//4538 5184//4538 5182//4537 
f 5181//4537 5182//4537 5180//4536 
f 5179//4536 5180//4536 5178//4535 
f 5177//4535 5178//4535 5176//4534 
f 5175//4534 5176//4534 5174//4533 
f 5173//4533 5174//4533 5172//4532 
f 5171//4532 5172//4532 5170//4531 
f 5169//4531 5170//4531 5168//4530 
f 5167//4530 5168//4530 5166//4529 
o mesh122
f 5186//4545 5192//4545 5194//4545 
f 5192//4545 5186//4545 5188//4545 
f 5188//4545 5190//4545 5192//4545 
f 5196//4545 5182//4545 5184//4545 
f 5184//4545 5186//4545 5196//4545 
f 5196//4545 5180//4545 5182//4545 
f 5196//4545 5176//4545 5178//4545 
f 5196//4545 5172//4545 5174//4545 
f 5196//4545 5168//4545 5170//4545 
f 5178//4545 5180//4545 5196//4545 
f 5170//4545 5172//4545 5196//4545 
f 5174//4545 5176//4545 5196//4545 
f 5196//4545 5166//4545 5168//4545 
f 5147//4545 5146//4545 5196//4545 
f 5196//4545 5146//4545 5166//4545 
f 5147//4545 5197//4545 5198//4545 
f 5147//4545 5199//4545 5200//4545 
f 5194//4545 5196//4545 5186//4545 
f 5200//4545 5197//4545 5147//4545 
f 5147//4545 5201//4545 5202//4545 
f 5147//4545 5203//4545 5204//4545 
f 5196//4545 5205//4545 5147//4545 
f 5202//4545 5199//4545 5147//4545 
f 5205//4545 5203//4545 5147//4545 
f 5147//4545 5206//4545 5207//4545 
f 5147//4545 5208//4545 5209//4545 
f 5147//4545 5210//4545 5211//4545 
f 5204//4545 5201//4545 5147//4545 
f 5209//4545 5206//4545 5147//4545 
f 5198//4545 5210//4545 5147//4545 
f 5211//4545 5208//4545 5147//4545 
f 5207//4545 5212//4545 5147//4545 
o mesh123
f 5191//4546 5189//4546 5187//4546 
f 5185//4546 5195//4546 5193//4546 
f 5195//4546 5185//4546 5183//4546 
f 5193//4546 5191//4546 5185//4546 
f 5187//4546 5185//4546 5191//4546 
f 5195//4546 5171//4546 5169//4546 
f 5195//4546 5175//4546 5173//4546 
f 5195//4546 5179//4546 5177//4546 
f 5183//4546 5181//4546 5195//4546 
f 5173//4546 5171//4546 5195//4546 
f 5181//4546 5179//4546 5195//4546 
f 5177//4546 5175//4546 5195//4546 
f 5169//4546 5167//4546 5195//4546 
f 5167//4546 5165//4546 5195//4546 
f 5149//4546 5152//4546 5213//4546 
f 5213//4546 5195//4546 5149//4546 
f 5152//4546 5214//4546 5215//4546 
f 5152//4546 5216//4546 5217//4546 
f 5152//4546 5218//4546 5213//4546 
f 5152//4546 5219//4546 5220//4546 
f 5152//4546 5221//4546 5222//4546 
f 5217//4546 5214//4546 5152//4546 
f 5220//4546 5218//4546 5152//4546 
f 5215//4546 5221//4546 5152//4546 
f 5222//4546 5219//4546 5152//4546 
f 5152//4546 5223//4546 5224//4546 
f 5152//4546 5225//4546 5226//4546 
f 5152//4546 5227//4546 5228//4546 
f 5224//4546 5216//4546 5152//4546 
f 5228//4546 5225//4546 5152//4546 
f 5226//4546 5223//4546 5152//4546 
f 5165//4546 5149//4546 5195//4546 
o mesh124
f 5203//4547 5205//4548 5213//4548 
f 5204//4549 5203//4547 5218//4550 
f 5201//4551 5204//4549 5220//4552 
f 5202//4553 5201//4551 5219//4554 
f 5199//4555 5202//4553 5222//4556 
f 5200//4557 5199//4555 5221//4558 
f 5197//4559 5200//4557 5215//4560 
f 5198//4561 5197//4559 5214//4562 
f 5210//4563 5198//4561 5217//4564 
f 5211//4565 5210//4563 5216//4566 
f 5208//4567 5211//4565 5224//4568 
f 5209//4569 5208//4567 5223//4570 
f 5206//4571 5209//4569 5226//4572 
f 5207//4573 5206//4571 5225//4574 
f 5212//4575 5207//4573 5228//4576 
f 5228//4576 5227//4575 5212//4575 
f 5225//4574 5228//4576 5207//4573 
f 5226//4572 5225//4574 5206//4571 
f 5223//4570 5226//4572 5209//4569 
f 5224//4568 5223//4570 5208//4567 
f 5216//4566 5224//4568 5211//4565 
f 5217//4564 5216//4566 5210//4563 
f 5214//4562 5217//4564 5198//4561 
f 5215//4560 5214//4562 5197//4559 
f 5221//4558 5215//4560 5200//4557 
f 5222//4556 5221//4558 5199//4555 
f 5219//4554 5222//4556 5202//4553 
f 5220//4552 5219//4554 5201//4551 
f 5218//4550 5220//4552 5204//4549 
f 5213//4548 5218//4550 5203//4547 
o mesh125
f 5196//4577 5195//4577 5213//4577 
f 5213//4577 5205//4577 5196//4577 
o mesh126
f 5229//4578 5230//4578 5212//4578 
f 5148//4578 5147//4578 5212//4578 
f 5150//4578 5229//4578 5227//4578 
f 5212//4578 5230//4578 5148//4578 
f 5212//4578 5227//4578 5229//4578 
f 5227//4578 5152//4578 5150//4578 
o mesh127
f 5125//4579 5231//4579 5232//4580 
f 5126//4580 5232//4580 5233//4581 
f 5099//4581 5233//4581 5234//4582 
f 5093//4582 5234//4582 5235//4583 
f 5092//4583 5235//4583 5236//4584 
f 5089//4584 5236//4584 5237//4585 
f 5090//4585 5237//4585 5238//4586 
f 5091//4586 5238//4586 5239//4587 
f 5110//4587 5240//4588 5241//4589 
f 5110//4587 5239//4587 5240//4588 
f 5111//4589 5242//4590 5243//4591 
f 5111//4589 5241//4589 5242//4590 
f 5108//4591 5244//4592 5245//4593 
f 5108//4591 5243//4591 5244//4592 
f 5109//4593 5246//4594 5247//4595 
f 5109//4593 5245//4593 5246//4594 
f 5124//4595 5248//4596 5249//4597 
f 5124//4595 5247//4595 5248//4596 
f 5123//4597 5250//4598 5251//4599 
f 5123//4597 5249//4597 5250//4598 
f 5136//4600 5148//4601 5230//4601 
f 5230//4601 5252//4602 5136//4600 
f 5128//4603 5136//4600 5253//4604 
f 5253//4604 5254//4605 5128//4603 
f 5129//4606 5128//4603 5255//4607 
f 5255//4607 5256//4608 5129//4606 
f 5145//4609 5129//4606 5257//4610 
f 5257//4610 5258//4611 5145//4609 
f 5115//4612 5145//4609 5259//4613 
f 5259//4613 5260//4614 5115//4612 
f 5116//4615 5115//4612 5261//4616 
f 5261//4616 5262//4617 5116//4615 
f 5113//4618 5116//4615 5263//4619 
f 5114//4620 5113//4618 5264//4621 
f 5127//4622 5114//4620 5265//4623 
f 5112//4624 5127//4622 5266//4625 
f 5100//4626 5112//4624 5267//4627 
f 5094//4628 5100//4626 5268//4629 
f 5095//4630 5094//4628 5269//4631 
f 5144//4632 5095//4630 5270//4633 
f 5144//4632 5271//4632 5231//4579 
f 5271//4632 5272//4634 5231//4579 
f 5231//4579 5125//4579 5144//4632 
f 5270//4633 5271//4632 5144//4632 
f 5269//4631 5270//4633 5095//4630 
f 5268//4629 5269//4631 5094//4628 
f 5267//4627 5268//4629 5100//4626 
f 5266//4625 5267//4627 5112//4624 
f 5265//4623 5266//4625 5127//4622 
f 5264//4621 5265//4623 5114//4620 
f 5263//4619 5264//4621 5113//4618 
f 5262//4617 5263//4619 5116//4615 
f 5260//4614 5261//4616 5115//4612 
f 5258//4611 5259//4613 5145//4609 
f 5256//4608 5257//4610 5129//4606 
f 5254//4605 5255//4607 5128//4603 
f 5252//4602 5253//4604 5136//4600 
f 5251//4599 5098//4635 5123//4597 
f 5249//4597 5123//4597 5124//4595 
f 5247//4595 5124//4595 5109//4593 
f 5245//4593 5109//4593 5108//4591 
f 5243//4591 5108//4591 5111//4589 
f 5241//4589 5111//4589 5110//4587 
f 5239//4587 5110//4587 5091//4586 
f 5238//4586 5091//4586 5090//4585 
f 5237//4585 5090//4585 5089//4584 
f 5236//4584 5089//4584 5092//4583 
f 5235//4583 5092//4583 5093//4582 
f 5234//4582 5093//4582 5099//4581 
f 5233//4581 5099//4581 5126//4580 
f 5232//4580 5126//4580 5125//4579 
o mesh128
f 5121//4636 5107//4635 5273//4635 
f 5273//4635 5274//4637 5121//4636 
f 5122//4638 5121//4636 5275//4639 
f 5275//4639 5276//4640 5122//4638 
f 5119//4641 5122//4638 5277//4642 
f 5277//4642 5278//4643 5119//4641 
f 5120//4644 5119//4641 5279//4645 
f 5279//4645 5280//4646 5120//4644 
f 5135//4647 5120//4644 5281//4648 
f 5281//4648 5282//4649 5135//4647 
f 5117//4650 5135//4647 5283//4651 
f 5283//4651 5284//4652 5117//4650 
f 5118//4653 5117//4650 5285//4654 
f 5106//4655 5118//4653 5286//4656 
f 5105//4657 5106//4655 5287//4658 
f 5103//4659 5105//4657 5288//4660 
f 5104//4661 5103//4659 5289//4662 
f 5134//4663 5104//4661 5290//4664 
f 5102//4665 5134//4663 5291//4666 
f 5096//4667 5102//4665 5292//4668 
f 5096//4667 5293//4667 5294//4669 
f 5293//4667 5295//4670 5294//4669 
f 5097//4669 5294//4669 5296//4671 
f 5101//4671 5296//4671 5297//4672 
f 5132//4672 5297//4672 5298//4673 
f 5133//4673 5298//4673 5299//4674 
f 5142//4674 5299//4674 5300//4675 
f 5143//4675 5300//4675 5301//4676 
f 5140//4676 5301//4676 5302//4677 
f 5141//4677 5302//4677 5303//4678 
f 5138//4678 5304//4679 5305//4680 
f 5138//4678 5303//4678 5304//4679 
f 5139//4680 5306//4681 5307//4682 
f 5139//4680 5305//4680 5306//4681 
f 5137//4682 5308//4683 5309//4684 
f 5137//4682 5307//4682 5308//4683 
f 5130//4684 5310//4685 5311//4686 
f 5130//4684 5309//4684 5310//4685 
f 5131//4686 5312//4687 5313//4688 
f 5131//4686 5311//4686 5312//4687 
f 5151//4688 5314//4689 5229//4690 
f 5151//4688 5313//4688 5314//4689 
f 5229//4690 5150//4690 5151//4688 
f 5313//4688 5151//4688 5131//4686 
f 5311//4686 5131//4686 5130//4684 
f 5309//4684 5130//4684 5137//4682 
f 5307//4682 5137//4682 5139//4680 
f 5305//4680 5139//4680 5138//4678 
f 5303//4678 5138//4678 5141//4677 
f 5302//4677 5141//4677 5140//4676 
f 5301//4676 5140//4676 5143//4675 
f 5300//4675 5143//4675 5142//4674 
f 5299//4674 5142//4674 5133//4673 
f 5298//4673 5133//4673 5132//4672 
f 5297//4672 5132//4672 5101//4671 
f 5296//4671 5101//4671 5097//4669 
f 5294//4669 5097//4669 5096//4667 
f 5292//4668 5293//4667 5096//4667 
f 5291//4666 5292//4668 5102//4665 
f 5290//4664 5291//4666 5134//4663 
f 5289//4662 5290//4664 5104//4661 
f 5288//4660 5289//4662 5103//4659 
f 5287//4658 5288//4660 5105//4657 
f 5286//4656 5287//4658 5106//4655 
f 5285//4654 5286//4656 5118//4653 
f 5284//4652 5285//4654 5117//4650 
f 5282//4649 5283//4651 5135//4647 
f 5280//4646 5281//4648 5120//4644 
f 5278//4643 5279//4645 5119//4641 
f 5276//4640 5277//4642 5122//4638 
f 5274//4637 5275//4639 5121//4636 
o mesh129
f 5230//4691 5229//4691 5315//4691 
f 5315//4691 5316//4691 5230//4691 
o mesh130
f 5098//4692 5251//4692 5273//4692 
f 5273//4692 5107//4692 5098//4692 
o mesh131
f 5273//4691 5251//4691 5317//4691 
f 5317//4691 5318//4691 5273//4691 
o mesh132
f 5319//4693 5320//4693 5321//4694 
f 5322//4694 5321//4694 5323//4695 
f 5324//4695 5323//4695 5325//4696 
f 5326//4696 5325//4696 5327//4697 
f 5328//4697 5327//4697 5329//4698 
f 5330//4698 5329//4698 5331//4699 
f 5332//4699 5331//4699 5333//4700 
f 5334//4700 5333//4700 5335//4701 
f 5336//4701 5335//4701 5337//4702 
f 5338//4702 5337//4702 5339//4703 
f 5340//4703 5339//4703 5341//4704 
f 5342//4704 5341//4704 5343//4705 
f 5344//4705 5343//4705 5345//4706 
f 5346//4706 5345//4706 5347//4707 
f 5348//4708 5315//4709 5229//4709 
f 5229//4709 5314//4710 5348//4708 
f 5349//4711 5348//4708 5313//4712 
f 5313//4712 5312//4713 5349//4711 
f 5350//4714 5349//4711 5311//4715 
f 5311//4715 5310//4716 5350//4714 
f 5351//4717 5350//4714 5309//4718 
f 5309//4718 5308//4719 5351//4717 
f 5352//4720 5351//4717 5307//4721 
f 5307//4721 5306//4722 5352//4720 
f 5353//4723 5352//4720 5305//4724 
f 5305//4724 5304//4725 5353//4723 
f 5354//4726 5353//4723 5303//4727 
f 5355//4728 5354//4726 5302//4729 
f 5356//4730 5355//4728 5301//4731 
f 5357//4732 5356//4730 5300//4733 
f 5358//4734 5357//4732 5299//4735 
f 5359//4736 5358//4734 5298//4737 
f 5360//4738 5359//4736 5297//4739 
f 5361//4740 5360//4738 5296//4741 
f 5320//4693 5295//4742 5293//4743 
f 5320//4693 5319//4693 5295//4742 
f 5319//4693 5361//4740 5294//4743 
f 5294//4743 5295//4742 5319//4693 
f 5362//4743 5293//4743 5292//4744 
f 5363//4744 5292//4744 5291//4745 
f 5364//4745 5291//4745 5290//4746 
f 5365//4746 5290//4746 5289//4747 
f 5366//4747 5289//4747 5288//4748 
f 5367//4748 5288//4748 5287//4749 
f 5368//4749 5287//4749 5286//4750 
f 5369//4750 5286//4750 5285//4751 
f 5370//4751 5284//4752 5283//4753 
f 5370//4751 5285//4751 5284//4752 
f 5371//4753 5282//4754 5281//4755 
f 5371//4753 5283//4753 5282//4754 
f 5372//4755 5280//4756 5279//4757 
f 5372//4755 5281//4755 5280//4756 
f 5373//4757 5278//4758 5277//4759 
f 5373//4757 5279//4757 5278//4758 
f 5374//4759 5276//4760 5275//4761 
f 5374//4759 5277//4759 5276//4760 
f 5375//4761 5274//4762 5273//4763 
f 5375//4761 5275//4761 5274//4762 
f 5273//4763 5318//4763 5375//4761 
f 5275//4761 5375//4761 5374//4759 
f 5277//4759 5374//4759 5373//4757 
f 5279//4757 5373//4757 5372//4755 
f 5281//4755 5372//4755 5371//4753 
f 5283//4753 5371//4753 5370//4751 
f 5285//4751 5370//4751 5369//4750 
f 5286//4750 5369//4750 5368//4749 
f 5287//4749 5368//4749 5367//4748 
f 5288//4748 5367//4748 5366//4747 
f 5289//4747 5366//4747 5365//4746 
f 5290//4746 5365//4746 5364//4745 
f 5291//4745 5364//4745 5363//4744 
f 5292//4744 5363//4744 5362//4743 
f 5293//4743 5362//4743 5320//4693 
f 5296//4741 5294//4743 5361//4740 
f 5297//4739 5296//4741 5360//4738 
f 5298//4737 5297//4739 5359//4736 
f 5299//4735 5298//4737 5358//4734 
f 5300//4733 5299//4735 5357//4732 
f 5301//4731 5300//4733 5356//4730 
f 5302//4729 5301//4731 5355//4728 
f 5303//4727 5302//4729 5354//4726 
f 5304//4725 5303//4727 5353//4723 
f 5306//4722 5305//4724 5352//4720 
f 5308//4719 5307//4721 5351//4717 
f 5310//4716 5309//4718 5350//4714 
f 5312//4713 5311//4715 5349//4711 
f 5314//4710 5313//4712 5348//4708 
f 5347//4707 5376//4764 5346//4706 
f 5345//4706 5346//4706 5344//4705 
f 5343//4705 5344//4705 5342//4704 
f 5341//4704 5342//4704 5340//4703 
f 5339//4703 5340//4703 5338//4702 
f 5337//4702 5338//4702 5336//4701 
f 5335//4701 5336//4701 5334//4700 
f 5333//4700 5334//4700 5332//4699 
f 5331//4699 5332//4699 5330//4698 
f 5329//4698 5330//4698 5328//4697 
f 5327//4697 5328//4697 5326//4696 
f 5325//4696 5326//4696 5324//4695 
f 5323//4695 5324//4695 5322//4694 
f 5321//4694 5322//4694 5319//4693 
o mesh133
f 5377//4764 5378//4764 5379//4765 
f 5380//4765 5379//4765 5381//4766 
f 5382//4766 5381//4766 5383//4767 
f 5384//4767 5383//4767 5385//4768 
f 5386//4768 5385//4768 5387//4769 
f 5388//4769 5387//4769 5389//4770 
f 5390//4770 5389//4770 5391//4771 
f 5392//4771 5391//4771 5393//4772 
f 5394//4772 5393//4772 5395//4773 
f 5396//4773 5395//4773 5397//4774 
f 5398//4774 5397//4774 5399//4775 
f 5400//4775 5399//4775 5401//4776 
f 5402//4776 5401//4776 5403//4777 
f 5404//4777 5403//4777 5405//4778 
f 5406//4779 5317//4780 5251//4780 
f 5251//4780 5250//4781 5406//4779 
f 5407//4782 5406//4779 5249//4783 
f 5249//4783 5248//4784 5407//4782 
f 5408//4785 5407//4782 5247//4786 
f 5247//4786 5246//4787 5408//4785 
f 5409//4788 5408//4785 5245//4789 
f 5245//4789 5244//4790 5409//4788 
f 5410//4791 5409//4788 5243//4792 
f 5243//4792 5242//4793 5410//4791 
f 5411//4794 5410//4791 5241//4795 
f 5241//4795 5240//4796 5411//4794 
f 5412//4797 5411//4794 5239//4798 
f 5413//4799 5412//4797 5238//4800 
f 5414//4801 5413//4799 5237//4802 
f 5415//4803 5414//4801 5236//4804 
f 5416//4805 5415//4803 5235//4806 
f 5417//4807 5416//4805 5234//4808 
f 5418//4809 5417//4807 5233//4810 
f 5419//4811 5418//4809 5232//4812 
f 5420//4813 5272//4814 5271//4815 
f 5405//4778 5419//4811 5231//4815 
f 5231//4815 5272//4814 5405//4778 
f 5272//4814 5420//4813 5405//4778 
f 5421//4815 5271//4815 5270//4816 
f 5422//4816 5270//4816 5269//4817 
f 5423//4817 5269//4817 5268//4818 
f 5424//4818 5268//4818 5267//4819 
f 5425//4819 5267//4819 5266//4820 
f 5426//4820 5266//4820 5265//4821 
f 5427//4821 5265//4821 5264//4822 
f 5428//4822 5264//4822 5263//4823 
f 5429//4823 5262//4824 5261//4825 
f 5429//4823 5263//4823 5262//4824 
f 5430//4825 5260//4826 5259//4827 
f 5430//4825 5261//4825 5260//4826 
f 5431//4827 5258//4828 5257//4829 
f 5431//4827 5259//4827 5258//4828 
f 5432//4829 5256//4830 5255//4831 
f 5432//4829 5257//4829 5256//4830 
f 5433//4831 5254//4832 5253//4833 
f 5433//4831 5255//4831 5254//4832 
f 5434//4833 5252//4834 5230//4835 
f 5434//4833 5253//4833 5252//4834 
f 5230//4835 5316//4835 5434//4833 
f 5253//4833 5434//4833 5433//4831 
f 5255//4831 5433//4831 5432//4829 
f 5257//4829 5432//4829 5431//4827 
f 5259//4827 5431//4827 5430//4825 
f 5261//4825 5430//4825 5429//4823 
f 5263//4823 5429//4823 5428//4822 
f 5264//4822 5428//4822 5427//4821 
f 5265//4821 5427//4821 5426//4820 
f 5266//4820 5426//4820 5425//4819 
f 5267//4819 5425//4819 5424//4818 
f 5268//4818 5424//4818 5423//4817 
f 5269//4817 5423//4817 5422//4816 
f 5270//4816 5422//4816 5421//4815 
f 5271//4815 5421//4815 5420//4813 
f 5232//4812 5231//4815 5419//4811 
f 5233//4810 5232//4812 5418//4809 
f 5234//4808 5233//4810 5417//4807 
f 5235//4806 5234//4808 5416//4805 
f 5236//4804 5235//4806 5415//4803 
f 5237//4802 5236//4804 5414//4801 
f 5238//4800 5237//4802 5413//4799 
f 5239//4798 5238//4800 5412//4797 
f 5240//4796 5239//4798 5411//4794 
f 5242//4793 5241//4795 5410//4791 
f 5244//4790 5243//4792 5409//4788 
f 5246//4787 5245//4789 5408//4785 
f 5248//4784 5247//4786 5407//4782 
f 5250//4781 5249//4783 5406//4779 
f 5405//4778 5420//4813 5404//4777 
f 5403//4777 5404//4777 5402//4776 
f 5401//4776 5402//4776 5400//4775 
f 5399//4775 5400//4775 5398//4774 
f 5397//4774 5398//4774 5396//4773 
f 5395//4773 5396//4773 5394//4772 
f 5393//4772 5394//4772 5392//4771 
f 5391//4771 5392//4771 5390//4770 
f 5389//4770 5390//4770 5388//4769 
f 5387//4769 5388//4769 5386//4768 
f 5385//4768 5386//4768 5384//4767 
f 5383//4767 5384//4767 5382//4766 
f 5381//4766 5382//4766 5380//4765 
f 5379//4765 5380//4765 5377//4764 
o mesh134
f 5435//4836 5436//4836 5316//4836 
f 5316//4836 5315//4836 5435//4836 
o mesh135
f 5376//4837 5437//4837 5438//4838 
f 5346//4838 5438//4838 5439//4839 
f 5344//4839 5439//4839 5440//4840 
f 5342//4840 5440//4840 5441//4841 
f 5340//4841 5441//4841 5442//4842 
f 5338//4842 5442//4842 5443//4843 
f 5336//4843 5443//4843 5444//4844 
f 5334//4844 5444//4844 5445//4845 
f 5332//4845 5445//4845 5446//4846 
f 5330//4846 5446//4846 5447//4847 
f 5328//4847 5447//4847 5448//4848 
f 5326//4848 5448//4848 5449//4849 
f 5324//4849 5449//4849 5450//4850 
f 5322//4850 5450//4850 5451//4851 
f 5319//4851 5451//4851 5452//4852 
f 5361//4852 5452//4852 5453//4853 
f 5360//4853 5453//4853 5454//4854 
f 5359//4854 5454//4854 5455//4855 
f 5358//4855 5455//4855 5456//4856 
f 5357//4856 5456//4856 5457//4857 
f 5356//4857 5457//4857 5458//4858 
f 5355//4858 5458//4858 5459//4859 
f 5354//4859 5459//4859 5460//4860 
f 5353//4860 5460//4860 5461//4861 
f 5352//4861 5461//4861 5462//4862 
f 5351//4862 5462//4862 5463//4863 
f 5350//4863 5463//4863 5464//4864 
f 5349//4864 5464//4864 5465//4865 
f 5348//4865 5465//4865 5435//4866 
f 5435//4866 5315//4866 5348//4865 
f 5465//4865 5348//4865 5349//4864 
f 5464//4864 5349//4864 5350//4863 
f 5463//4863 5350//4863 5351//4862 
f 5462//4862 5351//4862 5352//4861 
f 5461//4861 5352//4861 5353//4860 
f 5460//4860 5353//4860 5354//4859 
f 5459//4859 5354//4859 5355//4858 
f 5458//4858 5355//4858 5356//4857 
f 5457//4857 5356//4857 5357//4856 
f 5456//4856 5357//4856 5358//4855 
f 5455//4855 5358//4855 5359//4854 
f 5454//4854 5359//4854 5360//4853 
f 5453//4853 5360//4853 5361//4852 
f 5452//4852 5361//4852 5319//4851 
f 5451//4851 5319//4851 5322//4850 
f 5450//4850 5322//4850 5324//4849 
f 5449//4849 5324//4849 5326//4848 
f 5448//4848 5326//4848 5328//4847 
f 5447//4847 5328//4847 5330//4846 
f 5446//4846 5330//4846 5332//4845 
f 5445//4845 5332//4845 5334//4844 
f 5444//4844 5334//4844 5336//4843 
f 5443//4843 5336//4843 5338//4842 
f 5442//4842 5338//4842 5340//4841 
f 5441//4841 5340//4841 5342//4840 
f 5440//4840 5342//4840 5344//4839 
f 5439//4839 5344//4839 5346//4838 
f 5438//4838 5346//4838 5376//4837 
o mesh136
f 5316//4866 5436//4866 5466//4867 
f 5434//4867 5466//4867 5467//4868 
f 5433//4868 5467//4868 5468//4869 
f 5432//4869 5468//4869 5469//4870 
f 5431//4870 5469//4870 5470//4871 
f 5430//4871 5470//4871 5471//4872 
f 5429//4872 5471//4872 5472//4873 
f 5428//4873 5472//4873 5473//4874 
f 5427//4874 5473//4874 5474//4875 
f 5426//4875 5474//4875 5475//4876 
f 5425//4876 5475//4876 5476//4877 
f 5424//4877 5476//4877 5477//4878 
f 5423//4878 5477//4878 5478//4879 
f 5422//4879 5478//4879 5479//4880 
f 5421//4880 5479//4880 5480//4881 
f 5420//4881 5480//4881 5481//4882 
f 5404//4882 5481//4882 5482//4883 
f 5402//4883 5482//4883 5483//4884 
f 5400//4884 5483//4884 5484//4885 
f 5398//4885 5484//4885 5485//4886 
f 5396//4886 5485//4886 5486//4887 
f 5394//4887 5486//4887 5487//4888 
f 5392//4888 5487//4888 5488//4889 
f 5390//4889 5488//4889 5489//4890 
f 5388//4890 5489//4890 5490//4891 
f 5386//4891 5490//4891 5491//4892 
f 5384//4892 5491//4892 5492//4893 
f 5382//4893 5492//4893 5493//4894 
f 5380//4894 5493//4894 5494//4895 
f 5494//4895 5377//4895 5380//4894 
f 5493//4894 5380//4894 5382//4893 
f 5492//4893 5382//4893 5384//4892 
f 5491//4892 5384//4892 5386//4891 
f 5490//4891 5386//4891 5388//4890 
f 5489//4890 5388//4890 5390//4889 
f 5488//4889 5390//4889 5392//4888 
f 5487//4888 5392//4888 5394//4887 
f 5486//4887 5394//4887 5396//4886 
f 5485//4886 5396//4886 5398//4885 
f 5484//4885 5398//4885 5400//4884 
f 5483//4884 5400//4884 5402//4883 
f 5482//4883 5402//4883 5404//4882 
f 5481//4882 5404//4882 5420//4881 
f 5480//4881 5420//4881 5421//4880 
f 5479//4880 5421//4880 5422//4879 
f 5478//4879 5422//4879 5423//4878 
f 5477//4878 5423//4878 5424//4877 
f 5476//4877 5424//4877 5425//4876 
f 5475//4876 5425//4876 5426//4875 
f 5474//4875 5426//4875 5427//4874 
f 5473//4874 5427//4874 5428//4873 
f 5472//4873 5428//4873 5429//4872 
f 5471//4872 5429//4872 5430//4871 
f 5470//4871 5430//4871 5431//4870 
f 5469//4870 5431//4870 5432//4869 
f 5468//4869 5432//4869 5433//4868 
f 5467//4868 5433//4868 5434//4867 
f 5466//4867 5434//4867 5316//4866 
o mesh137
f 5494//4895 5437//4895 5376//4895 
f 5376//4895 5377//4895 5494//4895 
o mesh138
f 5477//4896 5480//4896 5479//4896 
f 5477//4896 5482//4896 5481//4896 
f 5482//4896 5477//4896 5476//4896 
f 5481//4896 5480//4896 5477//4896 
f 5451//4896 5450//4896 5449//4896 
f 5479//4896 5478//4896 5477//4896 
f 5475//4896 5484//4896 5483//4896 
f 5448//4896 5452//4896 5451//4896 
f 5448//4896 5455//4896 5454//4896 
f 5484//4896 5475//4896 5474//4896 
f 5483//4896 5482//4896 5475//4896 
f 5448//4896 5453//4896 5452//4896 
f 5448//4896 5456//4896 5455//4896 
f 5486//4896 5472//4896 5471//4896 
f 5476//4896 5475//4896 5482//4896 
f 5473//4896 5486//4896 5485//4896 
f 5458//4896 5448//4896 5447//4896 
f 5454//4896 5453//4896 5448//4896 
f 5448//4896 5458//4896 5457//4896 
f 5486//4896 5473//4896 5472//4896 
f 5485//4896 5484//4896 5473//4896 
f 5470//4896 5489//4896 5488//4896 
f 5470//4896 5494//4896 5493//4896 
f 5447//4896 5446//4896 5458//4896 
f 5457//4896 5456//4896 5448//4896 
f 5445//4896 5461//4896 5460//4896 
f 5494//4896 5467//4896 5466//4896 
f 5474//4896 5473//4896 5484//4896 
f 5488//4896 5487//4896 5470//4896 
f 5470//4896 5491//4896 5490//4896 
f 5493//4896 5492//4896 5470//4896 
f 5461//4896 5444//4896 5443//4896 
f 5449//4896 5448//4896 5451//4896 
f 5460//4896 5459//4896 5445//4896 
f 5442//4896 5435//4896 5465//4896 
f 5494//4896 5468//4896 5467//4896 
f 5494//4896 5470//4896 5469//4896 
f 5487//4896 5486//4896 5470//4896 
f 5492//4896 5491//4896 5470//4896 
f 5435//4896 5439//4896 5438//4896 
f 5461//4896 5445//4896 5444//4896 
f 5459//4896 5458//4896 5445//4896 
f 5442//4896 5463//4896 5462//4896 
f 5465//4896 5464//4896 5442//4896 
f 5469//4896 5468//4896 5494//4896 
f 5490//4896 5489//4896 5470//4896 
f 5435//4896 5440//4896 5439//4896 
f 5435//4896 5442//4896 5441//4896 
f 5446//4896 5445//4896 5458//4896 
f 5464//4896 5463//4896 5442//4896 
f 5471//4896 5470//4896 5486//4896 
f 5437//4896 5494//4896 5436//4896 
f 5441//4896 5440//4896 5435//4896 
f 5462//4896 5461//4896 5442//4896 
f 5436//4896 5435//4896 5437//4896 
f 5443//4896 5442//4896 5461//4896 
f 5438//4896 5437//4896 5435//4896 
f 5466//4896 5436//4896 5494//4896 
o mesh139
f 5495//4897 5496//4897 5318//4897 
f 5318//4897 5317//4897 5495//4897 
o mesh140
f 5378//4898 5497//4898 5498//4899 
f 5379//4899 5498//4899 5499//4900 
f 5381//4900 5499//4900 5500//4901 
f 5383//4901 5500//4901 5501//4902 
f 5385//4902 5501//4902 5502//4903 
f 5387//4903 5502//4903 5503//4904 
f 5389//4904 5503//4904 5504//4905 
f 5391//4905 5504//4905 5505//4906 
f 5393//4906 5505//4906 5506//4907 
f 5395//4907 5506//4907 5507//4908 
f 5397//4908 5507//4908 5508//4909 
f 5399//4909 5508//4909 5509//4910 
f 5401//4910 5509//4910 5510//4911 
f 5403//4911 5510//4911 5511//4912 
f 5405//4912 5511//4912 5512//4913 
f 5419//4913 5512//4913 5513//4914 
f 5418//4914 5513//4914 5514//4915 
f 5417//4915 5514//4915 5515//4916 
f 5416//4916 5515//4916 5516//4917 
f 5415//4917 5516//4917 5517//4918 
f 5414//4918 5517//4918 5518//4919 
f 5413//4919 5518//4919 5519//4920 
f 5412//4920 5519//4920 5520//4921 
f 5411//4921 5520//4921 5521//4922 
f 5410//4922 5521//4922 5522//4923 
f 5409//4923 5522//4923 5523//4924 
f 5408//4924 5523//4924 5524//4925 
f 5407//4925 5524//4925 5525//4926 
f 5406//4926 5525//4926 5495//4927 
f 5495//4927 5317//4927 5406//4926 
f 5525//4926 5406//4926 5407//4925 
f 5524//4925 5407//4925 5408//4924 
f 5523//4924 5408//4924 5409//4923 
f 5522//4923 5409//4923 5410//4922 
f 5521//4922 5410//4922 5411//4921 
f 5520//4921 5411//4921 5412//4920 
f 5519//4920 5412//4920 5413//4919 
f 5518//4919 5413//4919 5414//4918 
f 5517//4918 5414//4918 5415//4917 
f 5516//4917 5415//4917 5416//4916 
f 5515//4916 5416//4916 5417//4915 
f 5514//4915 5417//4915 5418//4914 
f 5513//4914 5418//4914 5419//4913 
f 5512//4913 5419//4913 5405//4912 
f 5511//4912 5405//4912 5403//4911 
f 5510//4911 5403//4911 5401//4910 
f 5509//4910 5401//4910 5399//4909 
f 5508//4909 5399//4909 5397//4908 
f 5507//4908 5397//4908 5395//4907 
f 5506//4907 5395//4907 5393//4906 
f 5505//4906 5393//4906 5391//4905 
f 5504//4905 5391//4905 5389//4904 
f 5503//4904 5389//4904 5387//4903 
f 5502//4903 5387//4903 5385//4902 
f 5501//4902 5385//4902 5383//4901 
f 5500//4901 5383//4901 5381//4900 
f 5499//4900 5381//4900 5379//4899 
f 5498//4899 5379//4899 5378//4898 
o mesh141
f 5318//4927 5496//4927 5526//4928 
f 5375//4928 5526//4928 5527//4929 
f 5374//4929 5527//4929 5528//4930 
f 5373//4930 5528//4930 5529//4931 
f 5372//4931 5529//4931 5530//4932 
f 5371//4932 5530//4932 5531//4933 
f 5370//4933 5531//4933 5532//4934 
f 5369//4934 5532//4934 5533//4935 
f 5368//4935 5533//4935 5534//4936 
f 5367//4936 5534//4936 5535//4937 
f 5366//4937 5535//4937 5536//4938 
f 5365//4938 5536//4938 5537//4939 
f 5364//4939 5537//4939 5538//4940 
f 5363//4940 5538//4940 5539//4941 
f 5362//4941 5539//4941 5540//4942 
f 5320//4942 5540//4942 5541//4943 
f 5321//4943 5541//4943 5542//4944 
f 5323//4944 5542//4944 5543//4945 
f 5325//4945 5543//4945 5544//4946 
f 5327//4946 5544//4946 5545//4947 
f 5329//4947 5545//4947 5546//4948 
f 5331//4948 5546//4948 5547//4949 
f 5333//4949 5547//4949 5548//4950 
f 5335//4950 5548//4950 5549//4951 
f 5337//4951 5549//4951 5550//4952 
f 5339//4952 5550//4952 5551//4953 
f 5341//4953 5551//4953 5552//4954 
f 5343//4954 5552//4954 5553//4955 
f 5345//4955 5553//4955 5554//4956 
f 5554//4956 5347//4956 5345//4955 
f 5553//4955 5345//4955 5343//4954 
f 5552//4954 5343//4954 5341//4953 
f 5551//4953 5341//4953 5339//4952 
f 5550//4952 5339//4952 5337//4951 
f 5549//4951 5337//4951 5335//4950 
f 5548//4950 5335//4950 5333//4949 
f 5547//4949 5333//4949 5331//4948 
f 5546//4948 5331//4948 5329//4947 
f 5545//4947 5329//4947 5327//4946 
f 5544//4946 5327//4946 5325//4945 
f 5543//4945 5325//4945 5323//4944 
f 5542//4944 5323//4944 5321//4943 
f 5541//4943 5321//4943 5320//4942 
f 5540//4942 5320//4942 5362//4941 
f 5539//4941 5362//4941 5363//4940 
f 5538//4940 5363//4940 5364//4939 
f 5537//4939 5364//4939 5365//4938 
f 5536//4938 5365//4938 5366//4937 
f 5535//4937 5366//4937 5367//4936 
f 5534//4936 5367//4936 5368//4935 
f 5533//4935 5368//4935 5369//4934 
f 5532//4934 5369//4934 5370//4933 
f 5531//4933 5370//4933 5371//4932 
f 5530//4932 5371//4932 5372//4931 
f 5529//4931 5372//4931 5373//4930 
f 5528//4930 5373//4930 5374//4929 
f 5527//4929 5374//4929 5375//4928 
f 5526//4928 5375//4928 5318//4927 
o mesh142
f 5554//4956 5497//4956 5378//4956 
f 5378//4956 5347//4956 5554//4956 
o mesh143
f 5377//4957 5376//4957 5347//4957 
f 5347//4957 5378//4957 5377//4957 
o mesh144
f 5540//4958 5535//4958 5534//4958 
f 5537//4958 5540//4958 5539//4958 
f 5505//4958 5524//4958 5523//4958 
f 5540//4958 5536//4958 5535//4958 
f 5539//4958 5538//4958 5537//4958 
f 5533//4958 5543//4958 5542//4958 
f 5533//4958 5551//4958 5550//4958 
f 5505//4958 5508//4958 5507//4958 
f 5505//4958 5510//4958 5509//4958 
f 5505//4958 5512//4958 5511//4958 
f 5523//4958 5522//4958 5505//4958 
f 5554//4958 5529//4958 5528//4958 
f 5537//4958 5536//4958 5540//4958 
f 5542//4958 5541//4958 5533//4958 
f 5533//4958 5546//4958 5545//4958 
f 5533//4958 5548//4958 5547//4958 
f 5550//4958 5549//4958 5533//4958 
f 5533//4958 5553//4958 5552//4958 
f 5524//4958 5501//4958 5500//4958 
f 5509//4958 5508//4958 5505//4958 
f 5505//4958 5513//4958 5512//4958 
f 5505//4958 5515//4958 5514//4958 
f 5505//4958 5519//4958 5518//4958 
f 5522//4958 5521//4958 5505//4958 
f 5554//4958 5530//4958 5529//4958 
f 5541//4958 5540//4958 5533//4958 
f 5545//4958 5544//4958 5533//4958 
f 5549//4958 5548//4958 5533//4958 
f 5533//4958 5554//4958 5553//4958 
f 5524//4958 5502//4958 5501//4958 
f 5511//4958 5510//4958 5505//4958 
f 5505//4958 5516//4958 5515//4958 
f 5518//4958 5517//4958 5505//4958 
f 5521//4958 5520//4958 5505//4958 
f 5554//4958 5531//4958 5530//4958 
f 5554//4958 5533//4958 5532//4958 
f 5544//4958 5543//4958 5533//4958 
f 5552//4958 5551//4958 5533//4958 
f 5524//4958 5503//4958 5502//4958 
f 5524//4958 5505//4958 5504//4958 
f 5514//4958 5513//4958 5505//4958 
f 5520//4958 5519//4958 5505//4958 
f 5532//4958 5531//4958 5554//4958 
f 5547//4958 5546//4958 5533//4958 
f 5504//4958 5503//4958 5524//4958 
f 5517//4958 5516//4958 5505//4958 
f 5554//4958 5527//4958 5526//4958 
f 5534//4958 5533//4958 5540//4958 
f 5524//4958 5499//4958 5498//4958 
f 5507//4958 5506//4958 5505//4958 
f 5528//4958 5527//4958 5554//4958 
f 5497//4958 5554//4958 5496//4958 
f 5500//4958 5499//4958 5524//4958 
f 5497//4958 5495//4958 5525//4958 
f 5496//4958 5495//4958 5497//4958 
f 5525//4958 5524//4958 5497//4958 
f 5498//4958 5497//4958 5524//4958 
f 5526//4958 5496//4958 5554//4958 
