ISO-10303-21;
HEADER;
/* Generated by software containing ST-Developer
 * from STEP Tools, Inc. (www.steptools.com) 
 */
/* OPTION: using custom renumber hook */

FILE_DESCRIPTION(
/* description */ ('STEP AP242 Edition 2',
'CAx-IF Rec.Pracs.---Representation and Presentation of Product Manufa
cturing Information (PMI)---4.0---2014-10-13',
'CAx-IF Rec.Pracs.---3D Tessellated Geometry---0.4---2014-09-14','2;1',
'CAx-IF Rec.Pracs.---User Defined Attributes---1.5---2016-08-15'),
/* implementation_level */ '2;1');

FILE_NAME(
/* name */ '6a0ad7d74b25ef3a46d9e523',
/* time_stamp */ '2026-05-18T09:12:06Z',
/* author */ (''),
/* organization */ (''),
/* preprocessor_version */ 'ST-DEVELOPER v20',
/* originating_system */ 'ONSHAPE BY PTC INC, 1.215',
/* authorisation */ '  ');

FILE_SCHEMA (('AP242_MANAGED_MODEL_BASED_3D_ENGINEERING_MIM_LF { 1 0 10303 442 3 1 4 }'));
ENDSEC;

DATA;
#10=CONICAL_SURFACE('',#2207,0.004,0.785398163397449);
#11=CONICAL_SURFACE('',#2210,0.004,0.785398163397449);
#12=CONTEXT_DEPENDENT_SHAPE_REPRESENTATION(#18,#3505);
#13=CONTEXT_DEPENDENT_SHAPE_REPRESENTATION(#19,#3506);
#14=CONTEXT_DEPENDENT_SHAPE_REPRESENTATION(#20,#3508);
#15=NEXT_ASSEMBLY_USAGE_OCCURRENCE('NAUO1',
'Assembly - CATHODE_PLATE_TI v1','Assembly - CATHODE_PLATE_TI v1',#3510,
#3511,'');
#16=NEXT_ASSEMBLY_USAGE_OCCURRENCE('NAUO2','ti_block v4 <1>',
'ti_block v4 <1>',#3509,#3510,'');
#17=NEXT_ASSEMBLY_USAGE_OCCURRENCE('NAUO3','Assembly - CATHODE GRIP v1',
'Assembly - CATHODE GRIP v1',#3509,#3512,'');
#18=(
REPRESENTATION_RELATIONSHIP(' ',' ',#2013,#2012)
REPRESENTATION_RELATIONSHIP_WITH_TRANSFORMATION(#21)
SHAPE_REPRESENTATION_RELATIONSHIP()
);
#19=(
REPRESENTATION_RELATIONSHIP(' ',' ',#2012,#2011)
REPRESENTATION_RELATIONSHIP_WITH_TRANSFORMATION(#22)
SHAPE_REPRESENTATION_RELATIONSHIP()
);
#20=(
REPRESENTATION_RELATIONSHIP(' ',' ',#2014,#2011)
REPRESENTATION_RELATIONSHIP_WITH_TRANSFORMATION(#23)
SHAPE_REPRESENTATION_RELATIONSHIP()
);
#21=ITEM_DEFINED_TRANSFORMATION(' ',' ',#2015,#2204);
#22=ITEM_DEFINED_TRANSFORMATION(' ',' ',#2015,#2205);
#23=ITEM_DEFINED_TRANSFORMATION(' ',' ',#2015,#2242);
#24=SHAPE_REPRESENTATION_RELATIONSHIP('','',#2013,#26);
#25=SHAPE_REPRESENTATION_RELATIONSHIP('','',#2014,#27);
#26=ADVANCED_BREP_SHAPE_REPRESENTATION('',(#2005),#3493);
#27=ADVANCED_BREP_SHAPE_REPRESENTATION('',(#2006),#3494);
#28=PLANE('',#2032);
#29=PLANE('',#2033);
#30=PLANE('',#2034);
#31=PLANE('',#2035);
#32=PLANE('',#2039);
#33=PLANE('',#2040);
#34=PLANE('',#2042);
#35=PLANE('',#2047);
#36=PLANE('',#2052);
#37=PLANE('',#2053);
#38=PLANE('',#2058);
#39=PLANE('',#2059);
#40=PLANE('',#2060);
#41=PLANE('',#2062);
#42=PLANE('',#2067);
#43=PLANE('',#2071);
#44=PLANE('',#2072);
#45=PLANE('',#2073);
#46=PLANE('',#2074);
#47=PLANE('',#2093);
#48=PLANE('',#2094);
#49=PLANE('',#2099);
#50=PLANE('',#2100);
#51=PLANE('',#2105);
#52=PLANE('',#2106);
#53=PLANE('',#2111);
#54=PLANE('',#2112);
#55=PLANE('',#2117);
#56=PLANE('',#2118);
#57=PLANE('',#2123);
#58=PLANE('',#2124);
#59=PLANE('',#2125);
#60=PLANE('',#2154);
#61=PLANE('',#2163);
#62=PLANE('',#2167);
#63=PLANE('',#2169);
#64=PLANE('',#2171);
#65=PLANE('',#2183);
#66=PLANE('',#2189);
#67=PLANE('',#2202);
#68=PLANE('',#2203);
#69=PLANE('',#2206);
#70=PLANE('',#2213);
#71=PLANE('',#2214);
#72=PLANE('',#2215);
#73=PLANE('',#2222);
#74=PLANE('',#2223);
#75=PLANE('',#2224);
#76=PLANE('',#2231);
#77=PLANE('',#2236);
#78=PLANE('',#2239);
#79=PLANE('',#2240);
#80=PLANE('',#2241);
#81=CIRCLE('',#2017,0.001);
#82=CIRCLE('',#2019,0.001);
#83=CIRCLE('',#2021,0.001);
#84=CIRCLE('',#2023,0.001);
#85=CIRCLE('',#2025,0.001);
#86=CIRCLE('',#2027,0.001);
#87=CIRCLE('',#2029,0.001);
#88=CIRCLE('',#2031,0.001);
#89=CIRCLE('',#2037,0.00225);
#90=CIRCLE('',#2038,0.00225);
#91=CIRCLE('',#2041,0.00325);
#92=CIRCLE('',#2043,0.00325);
#93=CIRCLE('',#2045,0.00125);
#94=CIRCLE('',#2046,0.00125);
#95=CIRCLE('',#2049,0.00075);
#96=CIRCLE('',#2050,0.00075);
#97=CIRCLE('',#2051,0.00075);
#98=CIRCLE('',#2055,0.00075);
#99=CIRCLE('',#2056,0.00075);
#100=CIRCLE('',#2057,0.00075);
#101=CIRCLE('',#2061,0.0005);
#102=CIRCLE('',#2063,0.0005);
#103=CIRCLE('',#2065,0.00125);
#104=CIRCLE('',#2066,0.00125);
#105=CIRCLE('',#2069,0.00125);
#106=CIRCLE('',#2070,0.00125);
#107=CIRCLE('',#2075,0.0005);
#108=CIRCLE('',#2076,0.000333333333333331);
#109=CIRCLE('',#2077,0.00133333333333332);
#110=CIRCLE('',#2078,0.00033333333333333);
#111=CIRCLE('',#2079,0.00133333333333334);
#112=CIRCLE('',#2080,0.000333333333333328);
#113=CIRCLE('',#2081,0.00133333333333334);
#114=CIRCLE('',#2082,0.0005);
#115=CIRCLE('',#2083,0.000333333333333339);
#116=CIRCLE('',#2084,0.00133333333333333);
#117=CIRCLE('',#2085,0.000333333333333342);
#118=CIRCLE('',#2086,0.00133333333333333);
#119=CIRCLE('',#2087,0.000333333333333321);
#120=CIRCLE('',#2088,0.00133333333333333);
#121=CIRCLE('',#2090,0.00133333333333334);
#122=CIRCLE('',#2092,0.000333333333333339);
#123=CIRCLE('',#2096,0.000333333333333328);
#124=CIRCLE('',#2098,0.00133333333333333);
#125=CIRCLE('',#2102,0.00133333333333334);
#126=CIRCLE('',#2104,0.000333333333333342);
#127=CIRCLE('',#2108,0.00033333333333333);
#128=CIRCLE('',#2110,0.00133333333333333);
#129=CIRCLE('',#2114,0.00133333333333332);
#130=CIRCLE('',#2116,0.000333333333333321);
#131=CIRCLE('',#2120,0.000333333333333331);
#132=CIRCLE('',#2122,0.00133333333333333);
#133=CIRCLE('',#2126,0.00125);
#134=CIRCLE('',#2127,0.025);
#135=CIRCLE('',#2128,0.00125);
#136=CIRCLE('',#2129,0.025);
#137=CIRCLE('',#2130,0.00125);
#138=CIRCLE('',#2131,0.025);
#139=CIRCLE('',#2132,0.00125);
#140=CIRCLE('',#2133,0.025);
#141=CIRCLE('',#2134,0.0033);
#142=CIRCLE('',#2135,0.0033);
#143=CIRCLE('',#2136,0.0033);
#144=CIRCLE('',#2137,0.0033);
#145=CIRCLE('',#2138,0.008);
#146=CIRCLE('',#2139,0.008);
#147=CIRCLE('',#2140,0.008);
#148=CIRCLE('',#2141,0.008);
#149=CIRCLE('',#2143,0.00125);
#150=CIRCLE('',#2144,0.00125);
#151=CIRCLE('',#2146,0.00125);
#152=CIRCLE('',#2147,0.00125);
#153=CIRCLE('',#2149,0.00125);
#154=CIRCLE('',#2150,0.00125);
#155=CIRCLE('',#2152,0.00125);
#156=CIRCLE('',#2153,0.00125);
#157=CIRCLE('',#2155,0.0033);
#158=CIRCLE('',#2156,0.0033);
#159=CIRCLE('',#2157,0.0033);
#160=CIRCLE('',#2158,0.0033);
#161=CIRCLE('',#2159,0.008);
#162=CIRCLE('',#2160,0.008);
#163=CIRCLE('',#2161,0.008);
#164=CIRCLE('',#2162,0.008);
#165=CIRCLE('',#2164,0.00325);
#166=CIRCLE('',#2165,0.00325);
#167=CIRCLE('',#2178,0.025);
#168=CIRCLE('',#2180,0.025);
#169=CIRCLE('',#2182,0.025);
#170=CIRCLE('',#2184,0.0005);
#171=CIRCLE('',#2185,0.0005);
#172=CIRCLE('',#2186,0.011);
#173=CIRCLE('',#2188,0.011);
#174=CIRCLE('',#2190,0.019);
#175=CIRCLE('',#2194,0.019);
#176=CIRCLE('',#2195,0.019);
#177=CIRCLE('',#2197,0.025);
#178=CIRCLE('',#2198,0.025);
#179=CIRCLE('',#2199,0.025);
#180=CIRCLE('',#2208,0.002);
#181=CIRCLE('',#2209,0.004);
#182=CIRCLE('',#2211,0.004);
#183=CIRCLE('',#2212,0.002);
#184=CIRCLE('',#2217,0.004);
#185=CIRCLE('',#2218,0.004);
#186=CIRCLE('',#2220,0.004);
#187=CIRCLE('',#2221,0.004);
#188=CIRCLE('',#2226,0.0016);
#189=CIRCLE('',#2227,0.0016);
#190=CIRCLE('',#2229,0.0016);
#191=CIRCLE('',#2230,0.0016);
#192=CIRCLE('',#2232,0.006);
#193=CIRCLE('',#2233,0.006);
#194=CIRCLE('',#2235,0.006);
#195=CIRCLE('',#2238,0.006);
#196=LINE('',#2847,#336);
#197=LINE('',#2851,#337);
#198=LINE('',#2859,#338);
#199=LINE('',#2863,#339);
#200=LINE('',#2873,#340);
#201=LINE('',#2877,#341);
#202=LINE('',#2887,#342);
#203=LINE('',#2891,#343);
#204=LINE('',#2899,#344);
#205=LINE('',#2903,#345);
#206=LINE('',#2914,#346);
#207=LINE('',#2918,#347);
#208=LINE('',#2929,#348);
#209=LINE('',#2933,#349);
#210=LINE('',#2941,#350);
#211=LINE('',#2945,#351);
#212=LINE('',#2947,#352);
#213=LINE('',#2948,#353);
#214=LINE('',#2950,#354);
#215=LINE('',#2951,#355);
#216=LINE('',#2953,#356);
#217=LINE('',#2954,#357);
#218=LINE('',#2956,#358);
#219=LINE('',#2957,#359);
#220=LINE('',#3002,#360);
#221=LINE('',#3004,#361);
#222=LINE('',#3031,#362);
#223=LINE('',#3033,#363);
#224=LINE('',#3051,#364);
#225=LINE('',#3054,#365);
#226=LINE('',#3056,#366);
#227=LINE('',#3058,#367);
#228=LINE('',#3060,#368);
#229=LINE('',#3063,#369);
#230=LINE('',#3065,#370);
#231=LINE('',#3067,#371);
#232=LINE('',#3072,#372);
#233=LINE('',#3076,#373);
#234=LINE('',#3080,#374);
#235=LINE('',#3084,#375);
#236=LINE('',#3088,#376);
#237=LINE('',#3092,#377);
#238=LINE('',#3098,#378);
#239=LINE('',#3102,#379);
#240=LINE('',#3106,#380);
#241=LINE('',#3110,#381);
#242=LINE('',#3114,#382);
#243=LINE('',#3118,#383);
#244=LINE('',#3122,#384);
#245=LINE('',#3126,#385);
#246=LINE('',#3128,#386);
#247=LINE('',#3130,#387);
#248=LINE('',#3132,#388);
#249=LINE('',#3134,#389);
#250=LINE('',#3138,#390);
#251=LINE('',#3142,#391);
#252=LINE('',#3144,#392);
#253=LINE('',#3146,#393);
#254=LINE('',#3148,#394);
#255=LINE('',#3150,#395);
#256=LINE('',#3154,#396);
#257=LINE('',#3158,#397);
#258=LINE('',#3160,#398);
#259=LINE('',#3162,#399);
#260=LINE('',#3164,#400);
#261=LINE('',#3166,#401);
#262=LINE('',#3170,#402);
#263=LINE('',#3174,#403);
#264=LINE('',#3176,#404);
#265=LINE('',#3178,#405);
#266=LINE('',#3180,#406);
#267=LINE('',#3182,#407);
#268=LINE('',#3186,#408);
#269=LINE('',#3190,#409);
#270=LINE('',#3192,#410);
#271=LINE('',#3194,#411);
#272=LINE('',#3196,#412);
#273=LINE('',#3198,#413);
#274=LINE('',#3202,#414);
#275=LINE('',#3206,#415);
#276=LINE('',#3208,#416);
#277=LINE('',#3210,#417);
#278=LINE('',#3212,#418);
#279=LINE('',#3214,#419);
#280=LINE('',#3240,#420);
#281=LINE('',#3245,#421);
#282=LINE('',#3249,#422);
#283=LINE('',#3253,#423);
#284=LINE('',#3259,#424);
#285=LINE('',#3263,#425);
#286=LINE('',#3267,#426);
#287=LINE('',#3271,#427);
#288=LINE('',#3275,#428);
#289=LINE('',#3279,#429);
#290=LINE('',#3283,#430);
#291=LINE('',#3287,#431);
#292=LINE('',#3297,#432);
#293=LINE('',#3302,#433);
#294=LINE('',#3306,#434);
#295=LINE('',#3310,#435);
#296=LINE('',#3318,#436);
#297=LINE('',#3319,#437);
#298=LINE('',#3321,#438);
#299=LINE('',#3323,#439);
#300=LINE('',#3325,#440);
#301=LINE('',#3327,#441);
#302=LINE('',#3329,#442);
#303=LINE('',#3331,#443);
#304=LINE('',#3390,#444);
#305=LINE('',#3393,#445);
#306=LINE('',#3395,#446);
#307=LINE('',#3397,#447);
#308=LINE('',#3399,#448);
#309=LINE('',#3405,#449);
#310=LINE('',#3411,#450);
#311=LINE('',#3412,#451);
#312=LINE('',#3415,#452);
#313=LINE('',#3417,#453);
#314=LINE('',#3419,#454);
#315=LINE('',#3421,#455);
#316=LINE('',#3425,#456);
#317=LINE('',#3429,#457);
#318=LINE('',#3433,#458);
#319=LINE('',#3437,#459);
#320=LINE('',#3439,#460);
#321=LINE('',#3441,#461);
#322=LINE('',#3443,#462);
#323=LINE('',#3445,#463);
#324=LINE('',#3447,#464);
#325=LINE('',#3449,#465);
#326=LINE('',#3461,#466);
#327=LINE('',#3466,#467);
#328=LINE('',#3470,#468);
#329=LINE('',#3474,#469);
#330=LINE('',#3476,#470);
#331=LINE('',#3478,#471);
#332=LINE('',#3482,#472);
#333=LINE('',#3484,#473);
#334=LINE('',#3485,#474);
#335=LINE('',#3487,#475);
#336=VECTOR('',#2247,1.);
#337=VECTOR('',#2250,1.);
#338=VECTOR('',#2253,1.);
#339=VECTOR('',#2256,1.);
#340=VECTOR('',#2259,1.);
#341=VECTOR('',#2262,1.);
#342=VECTOR('',#2265,1.);
#343=VECTOR('',#2268,1.);
#344=VECTOR('',#2271,1.);
#345=VECTOR('',#2274,1.);
#346=VECTOR('',#2277,1.);
#347=VECTOR('',#2280,1.);
#348=VECTOR('',#2283,1.);
#349=VECTOR('',#2286,1.);
#350=VECTOR('',#2289,1.);
#351=VECTOR('',#2292,1.);
#352=VECTOR('',#2295,1.);
#353=VECTOR('',#2296,1.);
#354=VECTOR('',#2299,1.);
#355=VECTOR('',#2300,1.);
#356=VECTOR('',#2303,1.);
#357=VECTOR('',#2304,1.);
#358=VECTOR('',#2307,1.);
#359=VECTOR('',#2308,1.);
#360=VECTOR('',#2343,1.);
#361=VECTOR('',#2346,1.);
#362=VECTOR('',#2357,1.);
#363=VECTOR('',#2360,1.);
#364=VECTOR('',#2387,1.);
#365=VECTOR('',#2388,1.);
#366=VECTOR('',#2389,1.);
#367=VECTOR('',#2390,1.);
#368=VECTOR('',#2393,1.);
#369=VECTOR('',#2394,1.);
#370=VECTOR('',#2395,1.);
#371=VECTOR('',#2396,1.);
#372=VECTOR('',#2401,1.);
#373=VECTOR('',#2404,1.);
#374=VECTOR('',#2407,1.);
#375=VECTOR('',#2410,1.);
#376=VECTOR('',#2413,1.);
#377=VECTOR('',#2416,1.);
#378=VECTOR('',#2423,1.);
#379=VECTOR('',#2426,1.);
#380=VECTOR('',#2429,1.);
#381=VECTOR('',#2432,1.);
#382=VECTOR('',#2435,1.);
#383=VECTOR('',#2438,1.);
#384=VECTOR('',#2443,1.);
#385=VECTOR('',#2448,1.);
#386=VECTOR('',#2451,1.);
#387=VECTOR('',#2452,1.);
#388=VECTOR('',#2455,1.);
#389=VECTOR('',#2456,1.);
#390=VECTOR('',#2461,1.);
#391=VECTOR('',#2466,1.);
#392=VECTOR('',#2469,1.);
#393=VECTOR('',#2470,1.);
#394=VECTOR('',#2473,1.);
#395=VECTOR('',#2474,1.);
#396=VECTOR('',#2479,1.);
#397=VECTOR('',#2484,1.);
#398=VECTOR('',#2487,1.);
#399=VECTOR('',#2488,1.);
#400=VECTOR('',#2491,1.);
#401=VECTOR('',#2492,1.);
#402=VECTOR('',#2497,1.);
#403=VECTOR('',#2502,1.);
#404=VECTOR('',#2505,1.);
#405=VECTOR('',#2506,1.);
#406=VECTOR('',#2509,1.);
#407=VECTOR('',#2510,1.);
#408=VECTOR('',#2515,1.);
#409=VECTOR('',#2520,1.);
#410=VECTOR('',#2523,1.);
#411=VECTOR('',#2524,1.);
#412=VECTOR('',#2527,1.);
#413=VECTOR('',#2528,1.);
#414=VECTOR('',#2533,1.);
#415=VECTOR('',#2538,1.);
#416=VECTOR('',#2541,1.);
#417=VECTOR('',#2542,1.);
#418=VECTOR('',#2545,1.);
#419=VECTOR('',#2546,1.);
#420=VECTOR('',#2573,1.);
#421=VECTOR('',#2576,1.);
#422=VECTOR('',#2579,1.);
#423=VECTOR('',#2582,1.);
#424=VECTOR('',#2589,1.);
#425=VECTOR('',#2592,1.);
#426=VECTOR('',#2597,1.);
#427=VECTOR('',#2600,1.);
#428=VECTOR('',#2605,1.);
#429=VECTOR('',#2608,1.);
#430=VECTOR('',#2613,1.);
#431=VECTOR('',#2616,1.);
#432=VECTOR('',#2627,1.);
#433=VECTOR('',#2630,1.);
#434=VECTOR('',#2633,1.);
#435=VECTOR('',#2636,1.);
#436=VECTOR('',#2645,1.);
#437=VECTOR('',#2646,1.);
#438=VECTOR('',#2649,1.);
#439=VECTOR('',#2652,1.);
#440=VECTOR('',#2655,1.);
#441=VECTOR('',#2658,1.);
#442=VECTOR('',#2661,1.);
#443=VECTOR('',#2664,1.);
#444=VECTOR('',#2735,1.);
#445=VECTOR('',#2736,1.);
#446=VECTOR('',#2737,1.);
#447=VECTOR('',#2738,1.);
#448=VECTOR('',#2741,1.);
#449=VECTOR('',#2748,1.);
#450=VECTOR('',#2755,1.);
#451=VECTOR('',#2756,1.);
#452=VECTOR('',#2761,1.);
#453=VECTOR('',#2762,1.);
#454=VECTOR('',#2763,1.);
#455=VECTOR('',#2766,1.);
#456=VECTOR('',#2769,1.);
#457=VECTOR('',#2774,1.);
#458=VECTOR('',#2777,1.);
#459=VECTOR('',#2782,1.);
#460=VECTOR('',#2785,1.);
#461=VECTOR('',#2786,1.);
#462=VECTOR('',#2787,1.);
#463=VECTOR('',#2790,1.);
#464=VECTOR('',#2791,1.);
#465=VECTOR('',#2792,1.);
#466=VECTOR('',#2807,1.);
#467=VECTOR('',#2810,1.);
#468=VECTOR('',#2815,1.);
#469=VECTOR('',#2818,1.);
#470=VECTOR('',#2821,1.);
#471=VECTOR('',#2822,1.);
#472=VECTOR('',#2827,1.);
#473=VECTOR('',#2830,1.);
#474=VECTOR('',#2831,1.);
#475=VECTOR('',#2834,1.);
#476=ORIENTED_EDGE('',*,*,#1022,.T.);
#477=ORIENTED_EDGE('',*,*,#1023,.F.);
#478=ORIENTED_EDGE('',*,*,#1024,.T.);
#479=ORIENTED_EDGE('',*,*,#1025,.F.);
#480=ORIENTED_EDGE('',*,*,#1026,.F.);
#481=ORIENTED_EDGE('',*,*,#1027,.T.);
#482=ORIENTED_EDGE('',*,*,#1028,.T.);
#483=ORIENTED_EDGE('',*,*,#1029,.F.);
#484=ORIENTED_EDGE('',*,*,#1030,.T.);
#485=ORIENTED_EDGE('',*,*,#1031,.F.);
#486=ORIENTED_EDGE('',*,*,#1032,.T.);
#487=ORIENTED_EDGE('',*,*,#1033,.F.);
#488=ORIENTED_EDGE('',*,*,#1034,.F.);
#489=ORIENTED_EDGE('',*,*,#1035,.T.);
#490=ORIENTED_EDGE('',*,*,#1036,.T.);
#491=ORIENTED_EDGE('',*,*,#1037,.F.);
#492=ORIENTED_EDGE('',*,*,#1038,.T.);
#493=ORIENTED_EDGE('',*,*,#1039,.F.);
#494=ORIENTED_EDGE('',*,*,#1040,.T.);
#495=ORIENTED_EDGE('',*,*,#1041,.F.);
#496=ORIENTED_EDGE('',*,*,#1042,.F.);
#497=ORIENTED_EDGE('',*,*,#1043,.T.);
#498=ORIENTED_EDGE('',*,*,#1044,.T.);
#499=ORIENTED_EDGE('',*,*,#1045,.F.);
#500=ORIENTED_EDGE('',*,*,#1046,.T.);
#501=ORIENTED_EDGE('',*,*,#1047,.F.);
#502=ORIENTED_EDGE('',*,*,#1048,.T.);
#503=ORIENTED_EDGE('',*,*,#1049,.F.);
#504=ORIENTED_EDGE('',*,*,#1050,.F.);
#505=ORIENTED_EDGE('',*,*,#1051,.T.);
#506=ORIENTED_EDGE('',*,*,#1052,.T.);
#507=ORIENTED_EDGE('',*,*,#1053,.F.);
#508=ORIENTED_EDGE('',*,*,#1054,.F.);
#509=ORIENTED_EDGE('',*,*,#1053,.T.);
#510=ORIENTED_EDGE('',*,*,#1055,.T.);
#511=ORIENTED_EDGE('',*,*,#1047,.T.);
#512=ORIENTED_EDGE('',*,*,#1056,.F.);
#513=ORIENTED_EDGE('',*,*,#1031,.T.);
#514=ORIENTED_EDGE('',*,*,#1057,.T.);
#515=ORIENTED_EDGE('',*,*,#1029,.T.);
#516=ORIENTED_EDGE('',*,*,#1058,.F.);
#517=ORIENTED_EDGE('',*,*,#1037,.T.);
#518=ORIENTED_EDGE('',*,*,#1059,.T.);
#519=ORIENTED_EDGE('',*,*,#1023,.T.);
#520=ORIENTED_EDGE('',*,*,#1060,.T.);
#521=ORIENTED_EDGE('',*,*,#1045,.T.);
#522=ORIENTED_EDGE('',*,*,#1061,.F.);
#523=ORIENTED_EDGE('',*,*,#1039,.T.);
#524=ORIENTED_EDGE('',*,*,#1062,.T.);
#525=ORIENTED_EDGE('',*,*,#1063,.F.);
#526=ORIENTED_EDGE('',*,*,#1062,.F.);
#527=ORIENTED_EDGE('',*,*,#1064,.F.);
#528=ORIENTED_EDGE('',*,*,#1065,.F.);
#529=ORIENTED_EDGE('',*,*,#1066,.T.);
#530=ORIENTED_EDGE('',*,*,#1067,.F.);
#531=ORIENTED_EDGE('',*,*,#1066,.F.);
#532=ORIENTED_EDGE('',*,*,#1068,.T.);
#533=ORIENTED_EDGE('',*,*,#1069,.F.);
#534=ORIENTED_EDGE('',*,*,#1070,.T.);
#535=ORIENTED_EDGE('',*,*,#1071,.F.);
#536=ORIENTED_EDGE('',*,*,#1072,.F.);
#537=ORIENTED_EDGE('',*,*,#1073,.T.);
#538=ORIENTED_EDGE('',*,*,#1070,.F.);
#539=ORIENTED_EDGE('',*,*,#1074,.T.);
#540=ORIENTED_EDGE('',*,*,#1068,.F.);
#541=ORIENTED_EDGE('',*,*,#1075,.F.);
#542=ORIENTED_EDGE('',*,*,#1076,.T.);
#543=ORIENTED_EDGE('',*,*,#1077,.F.);
#544=ORIENTED_EDGE('',*,*,#1078,.T.);
#545=ORIENTED_EDGE('',*,*,#1079,.F.);
#546=ORIENTED_EDGE('',*,*,#1080,.F.);
#547=ORIENTED_EDGE('',*,*,#1081,.T.);
#548=ORIENTED_EDGE('',*,*,#1078,.F.);
#549=ORIENTED_EDGE('',*,*,#1082,.T.);
#550=ORIENTED_EDGE('',*,*,#1076,.F.);
#551=ORIENTED_EDGE('',*,*,#1083,.F.);
#552=ORIENTED_EDGE('',*,*,#1084,.F.);
#553=ORIENTED_EDGE('',*,*,#1085,.F.);
#554=ORIENTED_EDGE('',*,*,#1086,.T.);
#555=ORIENTED_EDGE('',*,*,#1087,.F.);
#556=ORIENTED_EDGE('',*,*,#1073,.F.);
#557=ORIENTED_EDGE('',*,*,#1086,.F.);
#558=ORIENTED_EDGE('',*,*,#1088,.T.);
#559=ORIENTED_EDGE('',*,*,#1089,.F.);
#560=ORIENTED_EDGE('',*,*,#1081,.F.);
#561=ORIENTED_EDGE('',*,*,#1088,.F.);
#562=ORIENTED_EDGE('',*,*,#1090,.F.);
#563=ORIENTED_EDGE('',*,*,#1091,.T.);
#564=ORIENTED_EDGE('',*,*,#1092,.T.);
#565=ORIENTED_EDGE('',*,*,#1093,.F.);
#566=ORIENTED_EDGE('',*,*,#1094,.F.);
#567=ORIENTED_EDGE('',*,*,#1095,.F.);
#568=ORIENTED_EDGE('',*,*,#1096,.T.);
#569=ORIENTED_EDGE('',*,*,#1097,.T.);
#570=ORIENTED_EDGE('',*,*,#1098,.T.);
#571=ORIENTED_EDGE('',*,*,#1099,.F.);
#572=ORIENTED_EDGE('',*,*,#1100,.F.);
#573=ORIENTED_EDGE('',*,*,#1101,.F.);
#574=ORIENTED_EDGE('',*,*,#1102,.F.);
#575=ORIENTED_EDGE('',*,*,#1103,.F.);
#576=ORIENTED_EDGE('',*,*,#1104,.F.);
#577=ORIENTED_EDGE('',*,*,#1105,.F.);
#578=ORIENTED_EDGE('',*,*,#1106,.F.);
#579=ORIENTED_EDGE('',*,*,#1107,.F.);
#580=ORIENTED_EDGE('',*,*,#1108,.F.);
#581=ORIENTED_EDGE('',*,*,#1109,.F.);
#582=ORIENTED_EDGE('',*,*,#1110,.F.);
#583=ORIENTED_EDGE('',*,*,#1092,.F.);
#584=ORIENTED_EDGE('',*,*,#1111,.T.);
#585=ORIENTED_EDGE('',*,*,#1094,.T.);
#586=ORIENTED_EDGE('',*,*,#1112,.T.);
#587=ORIENTED_EDGE('',*,*,#1113,.T.);
#588=ORIENTED_EDGE('',*,*,#1114,.T.);
#589=ORIENTED_EDGE('',*,*,#1115,.T.);
#590=ORIENTED_EDGE('',*,*,#1116,.T.);
#591=ORIENTED_EDGE('',*,*,#1117,.T.);
#592=ORIENTED_EDGE('',*,*,#1118,.T.);
#593=ORIENTED_EDGE('',*,*,#1119,.T.);
#594=ORIENTED_EDGE('',*,*,#1120,.T.);
#595=ORIENTED_EDGE('',*,*,#1121,.T.);
#596=ORIENTED_EDGE('',*,*,#1122,.T.);
#597=ORIENTED_EDGE('',*,*,#1123,.T.);
#598=ORIENTED_EDGE('',*,*,#1124,.F.);
#599=ORIENTED_EDGE('',*,*,#1093,.T.);
#600=ORIENTED_EDGE('',*,*,#1110,.T.);
#601=ORIENTED_EDGE('',*,*,#1125,.F.);
#602=ORIENTED_EDGE('',*,*,#1112,.F.);
#603=ORIENTED_EDGE('',*,*,#1097,.F.);
#604=ORIENTED_EDGE('',*,*,#1126,.T.);
#605=ORIENTED_EDGE('',*,*,#1127,.T.);
#606=ORIENTED_EDGE('',*,*,#1128,.F.);
#607=ORIENTED_EDGE('',*,*,#1125,.T.);
#608=ORIENTED_EDGE('',*,*,#1109,.T.);
#609=ORIENTED_EDGE('',*,*,#1129,.F.);
#610=ORIENTED_EDGE('',*,*,#1113,.F.);
#611=ORIENTED_EDGE('',*,*,#1127,.F.);
#612=ORIENTED_EDGE('',*,*,#1130,.T.);
#613=ORIENTED_EDGE('',*,*,#1131,.T.);
#614=ORIENTED_EDGE('',*,*,#1132,.F.);
#615=ORIENTED_EDGE('',*,*,#1129,.T.);
#616=ORIENTED_EDGE('',*,*,#1108,.T.);
#617=ORIENTED_EDGE('',*,*,#1133,.F.);
#618=ORIENTED_EDGE('',*,*,#1114,.F.);
#619=ORIENTED_EDGE('',*,*,#1131,.F.);
#620=ORIENTED_EDGE('',*,*,#1134,.T.);
#621=ORIENTED_EDGE('',*,*,#1135,.T.);
#622=ORIENTED_EDGE('',*,*,#1136,.F.);
#623=ORIENTED_EDGE('',*,*,#1133,.T.);
#624=ORIENTED_EDGE('',*,*,#1107,.T.);
#625=ORIENTED_EDGE('',*,*,#1137,.F.);
#626=ORIENTED_EDGE('',*,*,#1115,.F.);
#627=ORIENTED_EDGE('',*,*,#1135,.F.);
#628=ORIENTED_EDGE('',*,*,#1138,.T.);
#629=ORIENTED_EDGE('',*,*,#1139,.T.);
#630=ORIENTED_EDGE('',*,*,#1140,.F.);
#631=ORIENTED_EDGE('',*,*,#1137,.T.);
#632=ORIENTED_EDGE('',*,*,#1106,.T.);
#633=ORIENTED_EDGE('',*,*,#1141,.F.);
#634=ORIENTED_EDGE('',*,*,#1116,.F.);
#635=ORIENTED_EDGE('',*,*,#1139,.F.);
#636=ORIENTED_EDGE('',*,*,#1142,.T.);
#637=ORIENTED_EDGE('',*,*,#1143,.T.);
#638=ORIENTED_EDGE('',*,*,#1144,.F.);
#639=ORIENTED_EDGE('',*,*,#1141,.T.);
#640=ORIENTED_EDGE('',*,*,#1105,.T.);
#641=ORIENTED_EDGE('',*,*,#1145,.F.);
#642=ORIENTED_EDGE('',*,*,#1117,.F.);
#643=ORIENTED_EDGE('',*,*,#1143,.F.);
#644=ORIENTED_EDGE('',*,*,#1146,.T.);
#645=ORIENTED_EDGE('',*,*,#1147,.T.);
#646=ORIENTED_EDGE('',*,*,#1148,.F.);
#647=ORIENTED_EDGE('',*,*,#1145,.T.);
#648=ORIENTED_EDGE('',*,*,#1104,.T.);
#649=ORIENTED_EDGE('',*,*,#1149,.F.);
#650=ORIENTED_EDGE('',*,*,#1118,.F.);
#651=ORIENTED_EDGE('',*,*,#1147,.F.);
#652=ORIENTED_EDGE('',*,*,#1150,.T.);
#653=ORIENTED_EDGE('',*,*,#1151,.T.);
#654=ORIENTED_EDGE('',*,*,#1152,.F.);
#655=ORIENTED_EDGE('',*,*,#1149,.T.);
#656=ORIENTED_EDGE('',*,*,#1103,.T.);
#657=ORIENTED_EDGE('',*,*,#1153,.F.);
#658=ORIENTED_EDGE('',*,*,#1119,.F.);
#659=ORIENTED_EDGE('',*,*,#1151,.F.);
#660=ORIENTED_EDGE('',*,*,#1154,.T.);
#661=ORIENTED_EDGE('',*,*,#1155,.T.);
#662=ORIENTED_EDGE('',*,*,#1156,.F.);
#663=ORIENTED_EDGE('',*,*,#1153,.T.);
#664=ORIENTED_EDGE('',*,*,#1102,.T.);
#665=ORIENTED_EDGE('',*,*,#1157,.F.);
#666=ORIENTED_EDGE('',*,*,#1120,.F.);
#667=ORIENTED_EDGE('',*,*,#1155,.F.);
#668=ORIENTED_EDGE('',*,*,#1158,.T.);
#669=ORIENTED_EDGE('',*,*,#1159,.T.);
#670=ORIENTED_EDGE('',*,*,#1160,.F.);
#671=ORIENTED_EDGE('',*,*,#1157,.T.);
#672=ORIENTED_EDGE('',*,*,#1101,.T.);
#673=ORIENTED_EDGE('',*,*,#1161,.F.);
#674=ORIENTED_EDGE('',*,*,#1121,.F.);
#675=ORIENTED_EDGE('',*,*,#1159,.F.);
#676=ORIENTED_EDGE('',*,*,#1162,.T.);
#677=ORIENTED_EDGE('',*,*,#1163,.T.);
#678=ORIENTED_EDGE('',*,*,#1164,.F.);
#679=ORIENTED_EDGE('',*,*,#1161,.T.);
#680=ORIENTED_EDGE('',*,*,#1100,.T.);
#681=ORIENTED_EDGE('',*,*,#1165,.F.);
#682=ORIENTED_EDGE('',*,*,#1122,.F.);
#683=ORIENTED_EDGE('',*,*,#1163,.F.);
#684=ORIENTED_EDGE('',*,*,#1166,.T.);
#685=ORIENTED_EDGE('',*,*,#1167,.T.);
#686=ORIENTED_EDGE('',*,*,#1168,.F.);
#687=ORIENTED_EDGE('',*,*,#1165,.T.);
#688=ORIENTED_EDGE('',*,*,#1099,.T.);
#689=ORIENTED_EDGE('',*,*,#1169,.F.);
#690=ORIENTED_EDGE('',*,*,#1123,.F.);
#691=ORIENTED_EDGE('',*,*,#1167,.F.);
#692=ORIENTED_EDGE('',*,*,#1170,.T.);
#693=ORIENTED_EDGE('',*,*,#1171,.T.);
#694=ORIENTED_EDGE('',*,*,#1172,.T.);
#695=ORIENTED_EDGE('',*,*,#1173,.T.);
#696=ORIENTED_EDGE('',*,*,#1174,.T.);
#697=ORIENTED_EDGE('',*,*,#1175,.T.);
#698=ORIENTED_EDGE('',*,*,#1176,.T.);
#699=ORIENTED_EDGE('',*,*,#1177,.T.);
#700=ORIENTED_EDGE('',*,*,#1178,.T.);
#701=ORIENTED_EDGE('',*,*,#1179,.T.);
#702=ORIENTED_EDGE('',*,*,#1180,.T.);
#703=ORIENTED_EDGE('',*,*,#1181,.T.);
#704=ORIENTED_EDGE('',*,*,#1182,.T.);
#705=ORIENTED_EDGE('',*,*,#1183,.T.);
#706=ORIENTED_EDGE('',*,*,#1184,.T.);
#707=ORIENTED_EDGE('',*,*,#1185,.F.);
#708=ORIENTED_EDGE('',*,*,#1186,.T.);
#709=ORIENTED_EDGE('',*,*,#1187,.F.);
#710=ORIENTED_EDGE('',*,*,#1188,.F.);
#711=ORIENTED_EDGE('',*,*,#1189,.F.);
#712=ORIENTED_EDGE('',*,*,#1190,.F.);
#713=ORIENTED_EDGE('',*,*,#1191,.F.);
#714=ORIENTED_EDGE('',*,*,#1192,.T.);
#715=ORIENTED_EDGE('',*,*,#1172,.F.);
#716=ORIENTED_EDGE('',*,*,#1193,.F.);
#717=ORIENTED_EDGE('',*,*,#1194,.T.);
#718=ORIENTED_EDGE('',*,*,#1195,.T.);
#719=ORIENTED_EDGE('',*,*,#1196,.T.);
#720=ORIENTED_EDGE('',*,*,#1174,.F.);
#721=ORIENTED_EDGE('',*,*,#1197,.F.);
#722=ORIENTED_EDGE('',*,*,#1198,.T.);
#723=ORIENTED_EDGE('',*,*,#1199,.T.);
#724=ORIENTED_EDGE('',*,*,#1200,.T.);
#725=ORIENTED_EDGE('',*,*,#1176,.F.);
#726=ORIENTED_EDGE('',*,*,#1201,.F.);
#727=ORIENTED_EDGE('',*,*,#1202,.T.);
#728=ORIENTED_EDGE('',*,*,#1203,.T.);
#729=ORIENTED_EDGE('',*,*,#1204,.T.);
#730=ORIENTED_EDGE('',*,*,#1178,.F.);
#731=ORIENTED_EDGE('',*,*,#1205,.F.);
#732=ORIENTED_EDGE('',*,*,#1206,.T.);
#733=ORIENTED_EDGE('',*,*,#1207,.T.);
#734=ORIENTED_EDGE('',*,*,#1208,.F.);
#735=ORIENTED_EDGE('',*,*,#1209,.F.);
#736=ORIENTED_EDGE('',*,*,#1210,.F.);
#737=ORIENTED_EDGE('',*,*,#1211,.F.);
#738=ORIENTED_EDGE('',*,*,#1200,.F.);
#739=ORIENTED_EDGE('',*,*,#1192,.F.);
#740=ORIENTED_EDGE('',*,*,#1204,.F.);
#741=ORIENTED_EDGE('',*,*,#1196,.F.);
#742=ORIENTED_EDGE('',*,*,#1212,.F.);
#743=ORIENTED_EDGE('',*,*,#1213,.T.);
#744=ORIENTED_EDGE('',*,*,#1214,.F.);
#745=ORIENTED_EDGE('',*,*,#1215,.T.);
#746=ORIENTED_EDGE('',*,*,#1216,.T.);
#747=ORIENTED_EDGE('',*,*,#1217,.T.);
#748=ORIENTED_EDGE('',*,*,#1218,.T.);
#749=ORIENTED_EDGE('',*,*,#1219,.T.);
#750=ORIENTED_EDGE('',*,*,#1220,.T.);
#751=ORIENTED_EDGE('',*,*,#1221,.T.);
#752=ORIENTED_EDGE('',*,*,#1063,.T.);
#753=ORIENTED_EDGE('',*,*,#1214,.T.);
#754=ORIENTED_EDGE('',*,*,#1222,.T.);
#755=ORIENTED_EDGE('',*,*,#1184,.F.);
#756=ORIENTED_EDGE('',*,*,#1223,.F.);
#757=ORIENTED_EDGE('',*,*,#1213,.F.);
#758=ORIENTED_EDGE('',*,*,#1224,.T.);
#759=ORIENTED_EDGE('',*,*,#1185,.T.);
#760=ORIENTED_EDGE('',*,*,#1222,.F.);
#761=ORIENTED_EDGE('',*,*,#1089,.T.);
#762=ORIENTED_EDGE('',*,*,#1087,.T.);
#763=ORIENTED_EDGE('',*,*,#1067,.T.);
#764=ORIENTED_EDGE('',*,*,#1186,.F.);
#765=ORIENTED_EDGE('',*,*,#1224,.F.);
#766=ORIENTED_EDGE('',*,*,#1212,.T.);
#767=ORIENTED_EDGE('',*,*,#1225,.T.);
#768=ORIENTED_EDGE('',*,*,#1219,.F.);
#769=ORIENTED_EDGE('',*,*,#1226,.T.);
#770=ORIENTED_EDGE('',*,*,#1187,.T.);
#771=ORIENTED_EDGE('',*,*,#1225,.F.);
#772=ORIENTED_EDGE('',*,*,#1188,.T.);
#773=ORIENTED_EDGE('',*,*,#1226,.F.);
#774=ORIENTED_EDGE('',*,*,#1218,.F.);
#775=ORIENTED_EDGE('',*,*,#1227,.T.);
#776=ORIENTED_EDGE('',*,*,#1217,.F.);
#777=ORIENTED_EDGE('',*,*,#1228,.T.);
#778=ORIENTED_EDGE('',*,*,#1189,.T.);
#779=ORIENTED_EDGE('',*,*,#1227,.F.);
#780=ORIENTED_EDGE('',*,*,#1190,.T.);
#781=ORIENTED_EDGE('',*,*,#1228,.F.);
#782=ORIENTED_EDGE('',*,*,#1216,.F.);
#783=ORIENTED_EDGE('',*,*,#1229,.T.);
#784=ORIENTED_EDGE('',*,*,#1215,.F.);
#785=ORIENTED_EDGE('',*,*,#1223,.T.);
#786=ORIENTED_EDGE('',*,*,#1191,.T.);
#787=ORIENTED_EDGE('',*,*,#1229,.F.);
#788=ORIENTED_EDGE('',*,*,#1208,.T.);
#789=ORIENTED_EDGE('',*,*,#1183,.F.);
#790=ORIENTED_EDGE('',*,*,#1209,.T.);
#791=ORIENTED_EDGE('',*,*,#1182,.F.);
#792=ORIENTED_EDGE('',*,*,#1210,.T.);
#793=ORIENTED_EDGE('',*,*,#1181,.F.);
#794=ORIENTED_EDGE('',*,*,#1211,.T.);
#795=ORIENTED_EDGE('',*,*,#1180,.F.);
#796=ORIENTED_EDGE('',*,*,#1230,.T.);
#797=ORIENTED_EDGE('',*,*,#1197,.T.);
#798=ORIENTED_EDGE('',*,*,#1173,.F.);
#799=ORIENTED_EDGE('',*,*,#1195,.F.);
#800=ORIENTED_EDGE('',*,*,#1179,.F.);
#801=ORIENTED_EDGE('',*,*,#1207,.F.);
#802=ORIENTED_EDGE('',*,*,#1231,.T.);
#803=ORIENTED_EDGE('',*,*,#1193,.T.);
#804=ORIENTED_EDGE('',*,*,#1175,.F.);
#805=ORIENTED_EDGE('',*,*,#1199,.F.);
#806=ORIENTED_EDGE('',*,*,#1232,.T.);
#807=ORIENTED_EDGE('',*,*,#1201,.T.);
#808=ORIENTED_EDGE('',*,*,#1168,.T.);
#809=ORIENTED_EDGE('',*,*,#1233,.T.);
#810=ORIENTED_EDGE('',*,*,#1170,.F.);
#811=ORIENTED_EDGE('',*,*,#1166,.F.);
#812=ORIENTED_EDGE('',*,*,#1162,.F.);
#813=ORIENTED_EDGE('',*,*,#1158,.F.);
#814=ORIENTED_EDGE('',*,*,#1154,.F.);
#815=ORIENTED_EDGE('',*,*,#1150,.F.);
#816=ORIENTED_EDGE('',*,*,#1146,.F.);
#817=ORIENTED_EDGE('',*,*,#1142,.F.);
#818=ORIENTED_EDGE('',*,*,#1138,.F.);
#819=ORIENTED_EDGE('',*,*,#1134,.F.);
#820=ORIENTED_EDGE('',*,*,#1130,.F.);
#821=ORIENTED_EDGE('',*,*,#1126,.F.);
#822=ORIENTED_EDGE('',*,*,#1096,.F.);
#823=ORIENTED_EDGE('',*,*,#1234,.T.);
#824=ORIENTED_EDGE('',*,*,#1090,.T.);
#825=ORIENTED_EDGE('',*,*,#1124,.T.);
#826=ORIENTED_EDGE('',*,*,#1128,.T.);
#827=ORIENTED_EDGE('',*,*,#1132,.T.);
#828=ORIENTED_EDGE('',*,*,#1136,.T.);
#829=ORIENTED_EDGE('',*,*,#1140,.T.);
#830=ORIENTED_EDGE('',*,*,#1144,.T.);
#831=ORIENTED_EDGE('',*,*,#1148,.T.);
#832=ORIENTED_EDGE('',*,*,#1152,.T.);
#833=ORIENTED_EDGE('',*,*,#1156,.T.);
#834=ORIENTED_EDGE('',*,*,#1160,.T.);
#835=ORIENTED_EDGE('',*,*,#1164,.T.);
#836=ORIENTED_EDGE('',*,*,#1235,.T.);
#837=ORIENTED_EDGE('',*,*,#1235,.F.);
#838=ORIENTED_EDGE('',*,*,#1236,.T.);
#839=ORIENTED_EDGE('',*,*,#1236,.F.);
#840=ORIENTED_EDGE('',*,*,#1237,.F.);
#841=ORIENTED_EDGE('',*,*,#1080,.T.);
#842=ORIENTED_EDGE('',*,*,#1084,.T.);
#843=ORIENTED_EDGE('',*,*,#1079,.T.);
#844=ORIENTED_EDGE('',*,*,#1082,.F.);
#845=ORIENTED_EDGE('',*,*,#1077,.T.);
#846=ORIENTED_EDGE('',*,*,#1083,.T.);
#847=ORIENTED_EDGE('',*,*,#1091,.F.);
#848=ORIENTED_EDGE('',*,*,#1234,.F.);
#849=ORIENTED_EDGE('',*,*,#1095,.T.);
#850=ORIENTED_EDGE('',*,*,#1111,.F.);
#851=ORIENTED_EDGE('',*,*,#1072,.T.);
#852=ORIENTED_EDGE('',*,*,#1085,.T.);
#853=ORIENTED_EDGE('',*,*,#1071,.T.);
#854=ORIENTED_EDGE('',*,*,#1074,.F.);
#855=ORIENTED_EDGE('',*,*,#1069,.T.);
#856=ORIENTED_EDGE('',*,*,#1075,.T.);
#857=ORIENTED_EDGE('',*,*,#1098,.F.);
#858=ORIENTED_EDGE('',*,*,#1171,.F.);
#859=ORIENTED_EDGE('',*,*,#1233,.F.);
#860=ORIENTED_EDGE('',*,*,#1169,.T.);
#861=ORIENTED_EDGE('',*,*,#1049,.T.);
#862=ORIENTED_EDGE('',*,*,#1238,.F.);
#863=ORIENTED_EDGE('',*,*,#1043,.F.);
#864=ORIENTED_EDGE('',*,*,#1239,.F.);
#865=ORIENTED_EDGE('',*,*,#1025,.T.);
#866=ORIENTED_EDGE('',*,*,#1240,.F.);
#867=ORIENTED_EDGE('',*,*,#1027,.F.);
#868=ORIENTED_EDGE('',*,*,#1241,.F.);
#869=ORIENTED_EDGE('',*,*,#1237,.T.);
#870=ORIENTED_EDGE('',*,*,#1242,.T.);
#871=ORIENTED_EDGE('',*,*,#1051,.F.);
#872=ORIENTED_EDGE('',*,*,#1243,.T.);
#873=ORIENTED_EDGE('',*,*,#1033,.T.);
#874=ORIENTED_EDGE('',*,*,#1244,.T.);
#875=ORIENTED_EDGE('',*,*,#1035,.F.);
#876=ORIENTED_EDGE('',*,*,#1245,.T.);
#877=ORIENTED_EDGE('',*,*,#1041,.T.);
#878=ORIENTED_EDGE('',*,*,#1246,.T.);
#879=ORIENTED_EDGE('',*,*,#1205,.T.);
#880=ORIENTED_EDGE('',*,*,#1177,.F.);
#881=ORIENTED_EDGE('',*,*,#1203,.F.);
#882=ORIENTED_EDGE('',*,*,#1064,.T.);
#883=ORIENTED_EDGE('',*,*,#1245,.F.);
#884=ORIENTED_EDGE('',*,*,#1034,.T.);
#885=ORIENTED_EDGE('',*,*,#1058,.T.);
#886=ORIENTED_EDGE('',*,*,#1022,.F.);
#887=ORIENTED_EDGE('',*,*,#1239,.T.);
#888=ORIENTED_EDGE('',*,*,#1042,.T.);
#889=ORIENTED_EDGE('',*,*,#1060,.F.);
#890=ORIENTED_EDGE('',*,*,#1038,.F.);
#891=ORIENTED_EDGE('',*,*,#1221,.F.);
#892=ORIENTED_EDGE('',*,*,#1065,.T.);
#893=ORIENTED_EDGE('',*,*,#1243,.F.);
#894=ORIENTED_EDGE('',*,*,#1050,.T.);
#895=ORIENTED_EDGE('',*,*,#1054,.T.);
#896=ORIENTED_EDGE('',*,*,#1046,.F.);
#897=ORIENTED_EDGE('',*,*,#1241,.T.);
#898=ORIENTED_EDGE('',*,*,#1026,.T.);
#899=ORIENTED_EDGE('',*,*,#1057,.F.);
#900=ORIENTED_EDGE('',*,*,#1030,.F.);
#901=ORIENTED_EDGE('',*,*,#1220,.F.);
#902=ORIENTED_EDGE('',*,*,#1246,.F.);
#903=ORIENTED_EDGE('',*,*,#1040,.F.);
#904=ORIENTED_EDGE('',*,*,#1061,.T.);
#905=ORIENTED_EDGE('',*,*,#1044,.F.);
#906=ORIENTED_EDGE('',*,*,#1238,.T.);
#907=ORIENTED_EDGE('',*,*,#1048,.F.);
#908=ORIENTED_EDGE('',*,*,#1055,.F.);
#909=ORIENTED_EDGE('',*,*,#1052,.F.);
#910=ORIENTED_EDGE('',*,*,#1242,.F.);
#911=ORIENTED_EDGE('',*,*,#1202,.F.);
#912=ORIENTED_EDGE('',*,*,#1232,.F.);
#913=ORIENTED_EDGE('',*,*,#1198,.F.);
#914=ORIENTED_EDGE('',*,*,#1230,.F.);
#915=ORIENTED_EDGE('',*,*,#1194,.F.);
#916=ORIENTED_EDGE('',*,*,#1231,.F.);
#917=ORIENTED_EDGE('',*,*,#1206,.F.);
#918=ORIENTED_EDGE('',*,*,#1059,.F.);
#919=ORIENTED_EDGE('',*,*,#1036,.F.);
#920=ORIENTED_EDGE('',*,*,#1244,.F.);
#921=ORIENTED_EDGE('',*,*,#1032,.F.);
#922=ORIENTED_EDGE('',*,*,#1056,.T.);
#923=ORIENTED_EDGE('',*,*,#1028,.F.);
#924=ORIENTED_EDGE('',*,*,#1240,.T.);
#925=ORIENTED_EDGE('',*,*,#1024,.F.);
#926=ORIENTED_EDGE('',*,*,#1247,.T.);
#927=ORIENTED_EDGE('',*,*,#1248,.F.);
#928=ORIENTED_EDGE('',*,*,#1249,.T.);
#929=ORIENTED_EDGE('',*,*,#1250,.F.);
#930=ORIENTED_EDGE('',*,*,#1251,.T.);
#931=ORIENTED_EDGE('',*,*,#1252,.F.);
#932=ORIENTED_EDGE('',*,*,#1249,.F.);
#933=ORIENTED_EDGE('',*,*,#1253,.T.);
#934=ORIENTED_EDGE('',*,*,#1254,.T.);
#935=ORIENTED_EDGE('',*,*,#1255,.T.);
#936=ORIENTED_EDGE('',*,*,#1247,.F.);
#937=ORIENTED_EDGE('',*,*,#1256,.F.);
#938=ORIENTED_EDGE('',*,*,#1251,.F.);
#939=ORIENTED_EDGE('',*,*,#1257,.F.);
#940=ORIENTED_EDGE('',*,*,#1254,.F.);
#941=ORIENTED_EDGE('',*,*,#1258,.F.);
#942=ORIENTED_EDGE('',*,*,#1256,.T.);
#943=ORIENTED_EDGE('',*,*,#1250,.T.);
#944=ORIENTED_EDGE('',*,*,#1252,.T.);
#945=ORIENTED_EDGE('',*,*,#1258,.T.);
#946=ORIENTED_EDGE('',*,*,#1259,.F.);
#947=ORIENTED_EDGE('',*,*,#1248,.T.);
#948=ORIENTED_EDGE('',*,*,#1260,.T.);
#949=ORIENTED_EDGE('',*,*,#1261,.T.);
#950=ORIENTED_EDGE('',*,*,#1260,.F.);
#951=ORIENTED_EDGE('',*,*,#1255,.F.);
#952=ORIENTED_EDGE('',*,*,#1262,.T.);
#953=ORIENTED_EDGE('',*,*,#1263,.F.);
#954=ORIENTED_EDGE('',*,*,#1264,.F.);
#955=ORIENTED_EDGE('',*,*,#1265,.F.);
#956=ORIENTED_EDGE('',*,*,#1266,.F.);
#957=ORIENTED_EDGE('',*,*,#1253,.F.);
#958=ORIENTED_EDGE('',*,*,#1259,.T.);
#959=ORIENTED_EDGE('',*,*,#1267,.F.);
#960=ORIENTED_EDGE('',*,*,#1268,.T.);
#961=ORIENTED_EDGE('',*,*,#1269,.F.);
#962=ORIENTED_EDGE('',*,*,#1262,.F.);
#963=ORIENTED_EDGE('',*,*,#1257,.T.);
#964=ORIENTED_EDGE('',*,*,#1266,.T.);
#965=ORIENTED_EDGE('',*,*,#1270,.F.);
#966=ORIENTED_EDGE('',*,*,#1271,.F.);
#967=ORIENTED_EDGE('',*,*,#1268,.F.);
#968=ORIENTED_EDGE('',*,*,#1272,.T.);
#969=ORIENTED_EDGE('',*,*,#1273,.T.);
#970=ORIENTED_EDGE('',*,*,#1274,.F.);
#971=ORIENTED_EDGE('',*,*,#1264,.T.);
#972=ORIENTED_EDGE('',*,*,#1275,.T.);
#973=ORIENTED_EDGE('',*,*,#1276,.F.);
#974=ORIENTED_EDGE('',*,*,#1277,.T.);
#975=ORIENTED_EDGE('',*,*,#1278,.F.);
#976=ORIENTED_EDGE('',*,*,#1279,.T.);
#977=ORIENTED_EDGE('',*,*,#1280,.F.);
#978=ORIENTED_EDGE('',*,*,#1279,.F.);
#979=ORIENTED_EDGE('',*,*,#1277,.F.);
#980=ORIENTED_EDGE('',*,*,#1281,.T.);
#981=ORIENTED_EDGE('',*,*,#1282,.T.);
#982=ORIENTED_EDGE('',*,*,#1283,.F.);
#983=ORIENTED_EDGE('',*,*,#1284,.T.);
#984=ORIENTED_EDGE('',*,*,#1282,.F.);
#985=ORIENTED_EDGE('',*,*,#1285,.F.);
#986=ORIENTED_EDGE('',*,*,#1286,.T.);
#987=ORIENTED_EDGE('',*,*,#1287,.T.);
#988=ORIENTED_EDGE('',*,*,#1283,.T.);
#989=ORIENTED_EDGE('',*,*,#1287,.F.);
#990=ORIENTED_EDGE('',*,*,#1288,.F.);
#991=ORIENTED_EDGE('',*,*,#1289,.T.);
#992=ORIENTED_EDGE('',*,*,#1284,.F.);
#993=ORIENTED_EDGE('',*,*,#1289,.F.);
#994=ORIENTED_EDGE('',*,*,#1290,.T.);
#995=ORIENTED_EDGE('',*,*,#1291,.T.);
#996=ORIENTED_EDGE('',*,*,#1270,.T.);
#997=ORIENTED_EDGE('',*,*,#1269,.T.);
#998=ORIENTED_EDGE('',*,*,#1271,.T.);
#999=ORIENTED_EDGE('',*,*,#1292,.T.);
#1000=ORIENTED_EDGE('',*,*,#1285,.T.);
#1001=ORIENTED_EDGE('',*,*,#1281,.F.);
#1002=ORIENTED_EDGE('',*,*,#1291,.F.);
#1003=ORIENTED_EDGE('',*,*,#1293,.T.);
#1004=ORIENTED_EDGE('',*,*,#1275,.F.);
#1005=ORIENTED_EDGE('',*,*,#1263,.T.);
#1006=ORIENTED_EDGE('',*,*,#1280,.T.);
#1007=ORIENTED_EDGE('',*,*,#1278,.T.);
#1008=ORIENTED_EDGE('',*,*,#1294,.F.);
#1009=ORIENTED_EDGE('',*,*,#1276,.T.);
#1010=ORIENTED_EDGE('',*,*,#1293,.F.);
#1011=ORIENTED_EDGE('',*,*,#1290,.F.);
#1012=ORIENTED_EDGE('',*,*,#1288,.T.);
#1013=ORIENTED_EDGE('',*,*,#1286,.F.);
#1014=ORIENTED_EDGE('',*,*,#1292,.F.);
#1015=ORIENTED_EDGE('',*,*,#1273,.F.);
#1016=ORIENTED_EDGE('',*,*,#1272,.F.);
#1017=ORIENTED_EDGE('',*,*,#1267,.T.);
#1018=ORIENTED_EDGE('',*,*,#1261,.F.);
#1019=ORIENTED_EDGE('',*,*,#1265,.T.);
#1020=ORIENTED_EDGE('',*,*,#1274,.T.);
#1021=ORIENTED_EDGE('',*,*,#1294,.T.);
#1022=EDGE_CURVE('',#1295,#1296,#1486,.T.);
#1023=EDGE_CURVE('',#1297,#1296,#196,.T.);
#1024=EDGE_CURVE('',#1297,#1298,#81,.T.);
#1025=EDGE_CURVE('',#1295,#1298,#197,.T.);
#1026=EDGE_CURVE('',#1299,#1300,#1487,.T.);
#1027=EDGE_CURVE('',#1299,#1301,#198,.T.);
#1028=EDGE_CURVE('',#1301,#1302,#82,.T.);
#1029=EDGE_CURVE('',#1300,#1302,#199,.T.);
#1030=EDGE_CURVE('',#1303,#1304,#1488,.T.);
#1031=EDGE_CURVE('',#1305,#1304,#200,.T.);
#1032=EDGE_CURVE('',#1305,#1306,#83,.T.);
#1033=EDGE_CURVE('',#1303,#1306,#201,.T.);
#1034=EDGE_CURVE('',#1307,#1308,#1489,.T.);
#1035=EDGE_CURVE('',#1307,#1309,#202,.T.);
#1036=EDGE_CURVE('',#1309,#1310,#84,.T.);
#1037=EDGE_CURVE('',#1308,#1310,#203,.T.);
#1038=EDGE_CURVE('',#1311,#1312,#1490,.T.);
#1039=EDGE_CURVE('',#1313,#1312,#204,.T.);
#1040=EDGE_CURVE('',#1313,#1314,#85,.T.);
#1041=EDGE_CURVE('',#1311,#1314,#205,.T.);
#1042=EDGE_CURVE('',#1315,#1316,#1491,.T.);
#1043=EDGE_CURVE('',#1315,#1317,#206,.T.);
#1044=EDGE_CURVE('',#1317,#1318,#86,.T.);
#1045=EDGE_CURVE('',#1316,#1318,#207,.T.);
#1046=EDGE_CURVE('',#1319,#1320,#1492,.T.);
#1047=EDGE_CURVE('',#1321,#1320,#208,.T.);
#1048=EDGE_CURVE('',#1321,#1322,#87,.T.);
#1049=EDGE_CURVE('',#1319,#1322,#209,.T.);
#1050=EDGE_CURVE('',#1323,#1324,#1493,.T.);
#1051=EDGE_CURVE('',#1323,#1325,#210,.T.);
#1052=EDGE_CURVE('',#1325,#1326,#88,.T.);
#1053=EDGE_CURVE('',#1324,#1326,#211,.T.);
#1054=EDGE_CURVE('',#1324,#1320,#212,.T.);
#1055=EDGE_CURVE('',#1326,#1321,#213,.T.);
#1056=EDGE_CURVE('',#1305,#1302,#214,.T.);
#1057=EDGE_CURVE('',#1304,#1300,#215,.T.);
#1058=EDGE_CURVE('',#1308,#1296,#216,.T.);
#1059=EDGE_CURVE('',#1310,#1297,#217,.T.);
#1060=EDGE_CURVE('',#1312,#1316,#218,.T.);
#1061=EDGE_CURVE('',#1313,#1318,#219,.T.);
#1062=EDGE_CURVE('',#1327,#1327,#89,.T.);
#1063=EDGE_CURVE('',#1328,#1328,#90,.T.);
#1064=EDGE_CURVE('',#1329,#1329,#91,.T.);
#1065=EDGE_CURVE('',#1330,#1330,#92,.T.);
#1066=EDGE_CURVE('',#1331,#1331,#93,.T.);
#1067=EDGE_CURVE('',#1332,#1332,#94,.T.);
#1068=EDGE_CURVE('',#1333,#1334,#95,.T.);
#1069=EDGE_CURVE('',#1335,#1334,#1494,.T.);
#1070=EDGE_CURVE('',#1335,#1336,#96,.T.);
#1071=EDGE_CURVE('',#1337,#1336,#1495,.T.);
#1072=EDGE_CURVE('',#1333,#1337,#1496,.T.);
#1073=EDGE_CURVE('',#1338,#1338,#97,.T.);
#1074=EDGE_CURVE('',#1335,#1336,#220,.T.);
#1075=EDGE_CURVE('',#1334,#1333,#221,.T.);
#1076=EDGE_CURVE('',#1339,#1340,#98,.T.);
#1077=EDGE_CURVE('',#1341,#1340,#1497,.T.);
#1078=EDGE_CURVE('',#1341,#1342,#99,.T.);
#1079=EDGE_CURVE('',#1343,#1342,#1498,.T.);
#1080=EDGE_CURVE('',#1339,#1343,#1499,.T.);
#1081=EDGE_CURVE('',#1344,#1344,#100,.T.);
#1082=EDGE_CURVE('',#1341,#1342,#222,.T.);
#1083=EDGE_CURVE('',#1340,#1339,#223,.T.);
#1084=EDGE_CURVE('',#1343,#1343,#101,.T.);
#1085=EDGE_CURVE('',#1337,#1337,#102,.T.);
#1086=EDGE_CURVE('',#1345,#1345,#103,.T.);
#1087=EDGE_CURVE('',#1346,#1346,#104,.T.);
#1088=EDGE_CURVE('',#1347,#1347,#105,.T.);
#1089=EDGE_CURVE('',#1348,#1348,#106,.T.);
#1090=EDGE_CURVE('',#1349,#1350,#224,.T.);
#1091=EDGE_CURVE('',#1349,#1351,#225,.T.);
#1092=EDGE_CURVE('',#1351,#1352,#226,.T.);
#1093=EDGE_CURVE('',#1350,#1352,#227,.T.);
#1094=EDGE_CURVE('',#1353,#1354,#228,.T.);
#1095=EDGE_CURVE('',#1355,#1353,#229,.T.);
#1096=EDGE_CURVE('',#1355,#1356,#230,.T.);
#1097=EDGE_CURVE('',#1356,#1354,#231,.T.);
#1098=EDGE_CURVE('',#1357,#1358,#107,.T.);
#1099=EDGE_CURVE('',#1359,#1358,#232,.T.);
#1100=EDGE_CURVE('',#1360,#1359,#108,.T.);
#1101=EDGE_CURVE('',#1361,#1360,#233,.T.);
#1102=EDGE_CURVE('',#1362,#1361,#109,.T.);
#1103=EDGE_CURVE('',#1363,#1362,#234,.T.);
#1104=EDGE_CURVE('',#1364,#1363,#110,.T.);
#1105=EDGE_CURVE('',#1365,#1364,#235,.T.);
#1106=EDGE_CURVE('',#1366,#1365,#111,.T.);
#1107=EDGE_CURVE('',#1367,#1366,#236,.T.);
#1108=EDGE_CURVE('',#1368,#1367,#112,.T.);
#1109=EDGE_CURVE('',#1369,#1368,#237,.T.);
#1110=EDGE_CURVE('',#1352,#1369,#113,.T.);
#1111=EDGE_CURVE('',#1351,#1353,#114,.T.);
#1112=EDGE_CURVE('',#1354,#1370,#115,.T.);
#1113=EDGE_CURVE('',#1370,#1371,#238,.T.);
#1114=EDGE_CURVE('',#1371,#1372,#116,.T.);
#1115=EDGE_CURVE('',#1372,#1373,#239,.T.);
#1116=EDGE_CURVE('',#1373,#1374,#117,.T.);
#1117=EDGE_CURVE('',#1374,#1375,#240,.T.);
#1118=EDGE_CURVE('',#1375,#1376,#118,.T.);
#1119=EDGE_CURVE('',#1376,#1377,#241,.T.);
#1120=EDGE_CURVE('',#1377,#1378,#119,.T.);
#1121=EDGE_CURVE('',#1378,#1379,#242,.T.);
#1122=EDGE_CURVE('',#1379,#1380,#120,.T.);
#1123=EDGE_CURVE('',#1380,#1357,#243,.T.);
#1124=EDGE_CURVE('',#1350,#1381,#121,.T.);
#1125=EDGE_CURVE('',#1381,#1369,#244,.T.);
#1126=EDGE_CURVE('',#1356,#1382,#122,.T.);
#1127=EDGE_CURVE('',#1382,#1370,#245,.T.);
#1128=EDGE_CURVE('',#1381,#1383,#246,.T.);
#1129=EDGE_CURVE('',#1383,#1368,#247,.T.);
#1130=EDGE_CURVE('',#1382,#1384,#248,.T.);
#1131=EDGE_CURVE('',#1384,#1371,#249,.T.);
#1132=EDGE_CURVE('',#1383,#1385,#123,.T.);
#1133=EDGE_CURVE('',#1385,#1367,#250,.T.);
#1134=EDGE_CURVE('',#1384,#1386,#124,.T.);
#1135=EDGE_CURVE('',#1386,#1372,#251,.T.);
#1136=EDGE_CURVE('',#1385,#1387,#252,.T.);
#1137=EDGE_CURVE('',#1387,#1366,#253,.T.);
#1138=EDGE_CURVE('',#1386,#1388,#254,.T.);
#1139=EDGE_CURVE('',#1388,#1373,#255,.T.);
#1140=EDGE_CURVE('',#1387,#1389,#125,.T.);
#1141=EDGE_CURVE('',#1389,#1365,#256,.T.);
#1142=EDGE_CURVE('',#1388,#1390,#126,.T.);
#1143=EDGE_CURVE('',#1390,#1374,#257,.T.);
#1144=EDGE_CURVE('',#1389,#1391,#258,.T.);
#1145=EDGE_CURVE('',#1391,#1364,#259,.T.);
#1146=EDGE_CURVE('',#1390,#1392,#260,.T.);
#1147=EDGE_CURVE('',#1392,#1375,#261,.T.);
#1148=EDGE_CURVE('',#1391,#1393,#127,.T.);
#1149=EDGE_CURVE('',#1393,#1363,#262,.T.);
#1150=EDGE_CURVE('',#1392,#1394,#128,.T.);
#1151=EDGE_CURVE('',#1394,#1376,#263,.T.);
#1152=EDGE_CURVE('',#1393,#1395,#264,.T.);
#1153=EDGE_CURVE('',#1395,#1362,#265,.T.);
#1154=EDGE_CURVE('',#1394,#1396,#266,.T.);
#1155=EDGE_CURVE('',#1396,#1377,#267,.T.);
#1156=EDGE_CURVE('',#1395,#1397,#129,.T.);
#1157=EDGE_CURVE('',#1397,#1361,#268,.T.);
#1158=EDGE_CURVE('',#1396,#1398,#130,.T.);
#1159=EDGE_CURVE('',#1398,#1378,#269,.T.);
#1160=EDGE_CURVE('',#1397,#1399,#270,.T.);
#1161=EDGE_CURVE('',#1399,#1360,#271,.T.);
#1162=EDGE_CURVE('',#1398,#1400,#272,.T.);
#1163=EDGE_CURVE('',#1400,#1379,#273,.T.);
#1164=EDGE_CURVE('',#1399,#1401,#131,.T.);
#1165=EDGE_CURVE('',#1401,#1359,#274,.T.);
#1166=EDGE_CURVE('',#1400,#1402,#132,.T.);
#1167=EDGE_CURVE('',#1402,#1380,#275,.T.);
#1168=EDGE_CURVE('',#1401,#1403,#276,.T.);
#1169=EDGE_CURVE('',#1403,#1358,#277,.T.);
#1170=EDGE_CURVE('',#1402,#1404,#278,.T.);
#1171=EDGE_CURVE('',#1404,#1357,#279,.T.);
#1172=EDGE_CURVE('',#1405,#1406,#133,.T.);
#1173=EDGE_CURVE('',#1406,#1407,#134,.T.);
#1174=EDGE_CURVE('',#1407,#1408,#135,.T.);
#1175=EDGE_CURVE('',#1408,#1409,#136,.T.);
#1176=EDGE_CURVE('',#1409,#1410,#137,.T.);
#1177=EDGE_CURVE('',#1410,#1411,#138,.T.);
#1178=EDGE_CURVE('',#1411,#1412,#139,.T.);
#1179=EDGE_CURVE('',#1412,#1405,#140,.T.);
#1180=EDGE_CURVE('',#1413,#1413,#141,.T.);
#1181=EDGE_CURVE('',#1414,#1414,#142,.T.);
#1182=EDGE_CURVE('',#1415,#1415,#143,.T.);
#1183=EDGE_CURVE('',#1416,#1416,#144,.T.);
#1184=EDGE_CURVE('',#1417,#1418,#280,.T.);
#1185=EDGE_CURVE('',#1419,#1418,#145,.T.);
#1186=EDGE_CURVE('',#1419,#1420,#281,.T.);
#1187=EDGE_CURVE('',#1421,#1420,#146,.T.);
#1188=EDGE_CURVE('',#1422,#1421,#282,.T.);
#1189=EDGE_CURVE('',#1423,#1422,#147,.T.);
#1190=EDGE_CURVE('',#1424,#1423,#283,.T.);
#1191=EDGE_CURVE('',#1417,#1424,#148,.T.);
#1192=EDGE_CURVE('',#1425,#1425,#149,.T.);
#1193=EDGE_CURVE('',#1426,#1405,#284,.T.);
#1194=EDGE_CURVE('',#1426,#1427,#150,.T.);
#1195=EDGE_CURVE('',#1427,#1406,#285,.T.);
#1196=EDGE_CURVE('',#1428,#1428,#151,.T.);
#1197=EDGE_CURVE('',#1429,#1407,#286,.T.);
#1198=EDGE_CURVE('',#1429,#1430,#152,.T.);
#1199=EDGE_CURVE('',#1430,#1408,#287,.T.);
#1200=EDGE_CURVE('',#1431,#1431,#153,.T.);
#1201=EDGE_CURVE('',#1432,#1409,#288,.T.);
#1202=EDGE_CURVE('',#1432,#1433,#154,.T.);
#1203=EDGE_CURVE('',#1433,#1410,#289,.T.);
#1204=EDGE_CURVE('',#1434,#1434,#155,.T.);
#1205=EDGE_CURVE('',#1435,#1411,#290,.T.);
#1206=EDGE_CURVE('',#1435,#1436,#156,.T.);
#1207=EDGE_CURVE('',#1436,#1412,#291,.T.);
#1208=EDGE_CURVE('',#1437,#1437,#157,.T.);
#1209=EDGE_CURVE('',#1438,#1438,#158,.T.);
#1210=EDGE_CURVE('',#1439,#1439,#159,.T.);
#1211=EDGE_CURVE('',#1440,#1440,#160,.T.);
#1212=EDGE_CURVE('',#1441,#1442,#292,.T.);
#1213=EDGE_CURVE('',#1441,#1443,#161,.T.);
#1214=EDGE_CURVE('',#1444,#1443,#293,.T.);
#1215=EDGE_CURVE('',#1444,#1445,#162,.T.);
#1216=EDGE_CURVE('',#1445,#1446,#294,.T.);
#1217=EDGE_CURVE('',#1446,#1447,#163,.T.);
#1218=EDGE_CURVE('',#1447,#1448,#295,.T.);
#1219=EDGE_CURVE('',#1448,#1442,#164,.T.);
#1220=EDGE_CURVE('',#1449,#1449,#165,.T.);
#1221=EDGE_CURVE('',#1450,#1450,#166,.T.);
#1222=EDGE_CURVE('',#1443,#1418,#296,.T.);
#1223=EDGE_CURVE('',#1444,#1417,#297,.T.);
#1224=EDGE_CURVE('',#1441,#1419,#298,.T.);
#1225=EDGE_CURVE('',#1442,#1420,#299,.T.);
#1226=EDGE_CURVE('',#1448,#1421,#300,.T.);
#1227=EDGE_CURVE('',#1447,#1422,#301,.T.);
#1228=EDGE_CURVE('',#1446,#1423,#302,.T.);
#1229=EDGE_CURVE('',#1445,#1424,#303,.T.);
#1230=EDGE_CURVE('',#1427,#1429,#167,.T.);
#1231=EDGE_CURVE('',#1436,#1426,#168,.T.);
#1232=EDGE_CURVE('',#1430,#1432,#169,.T.);
#1233=EDGE_CURVE('',#1403,#1404,#170,.T.);
#1234=EDGE_CURVE('',#1355,#1349,#171,.T.);
#1235=EDGE_CURVE('',#1451,#1451,#172,.T.);
#1236=EDGE_CURVE('',#1452,#1452,#173,.T.);
#1237=EDGE_CURVE('',#1453,#1453,#174,.T.);
#1238=EDGE_CURVE('',#1317,#1322,#175,.T.);
#1239=EDGE_CURVE('',#1295,#1315,#1500,.T.);
#1240=EDGE_CURVE('',#1301,#1298,#176,.T.);
#1241=EDGE_CURVE('',#1319,#1299,#1501,.T.);
#1242=EDGE_CURVE('',#1433,#1325,#177,.T.);
#1243=EDGE_CURVE('',#1323,#1303,#1502,.T.);
#1244=EDGE_CURVE('',#1306,#1309,#178,.T.);
#1245=EDGE_CURVE('',#1307,#1311,#1503,.T.);
#1246=EDGE_CURVE('',#1314,#1435,#179,.T.);
#1247=EDGE_CURVE('',#1454,#1455,#304,.T.);
#1248=EDGE_CURVE('',#1456,#1455,#305,.T.);
#1249=EDGE_CURVE('',#1456,#1457,#306,.T.);
#1250=EDGE_CURVE('',#1454,#1457,#307,.T.);
#1251=EDGE_CURVE('',#1458,#1459,#308,.T.);
#1252=EDGE_CURVE('',#1457,#1459,#180,.T.);
#1253=EDGE_CURVE('',#1456,#1458,#181,.T.);
#1254=EDGE_CURVE('',#1460,#1461,#309,.T.);
#1255=EDGE_CURVE('',#1461,#1455,#182,.T.);
#1256=EDGE_CURVE('',#1460,#1454,#183,.T.);
#1257=EDGE_CURVE('',#1461,#1458,#310,.T.);
#1258=EDGE_CURVE('',#1459,#1460,#311,.T.);
#1259=EDGE_CURVE('',#1456,#1462,#312,.T.);
#1260=EDGE_CURVE('',#1455,#1463,#313,.T.);
#1261=EDGE_CURVE('',#1463,#1462,#314,.T.);
#1262=EDGE_CURVE('',#1461,#1464,#315,.T.);
#1263=EDGE_CURVE('',#1465,#1464,#184,.T.);
#1264=EDGE_CURVE('',#1466,#1465,#316,.T.);
#1265=EDGE_CURVE('',#1463,#1466,#185,.T.);
#1266=EDGE_CURVE('',#1458,#1467,#317,.T.);
#1267=EDGE_CURVE('',#1468,#1462,#186,.T.);
#1268=EDGE_CURVE('',#1468,#1469,#318,.T.);
#1269=EDGE_CURVE('',#1467,#1469,#187,.T.);
#1270=EDGE_CURVE('',#1464,#1467,#319,.T.);
#1271=EDGE_CURVE('',#1469,#1470,#320,.T.);
#1272=EDGE_CURVE('',#1468,#1471,#321,.T.);
#1273=EDGE_CURVE('',#1471,#1470,#322,.T.);
#1274=EDGE_CURVE('',#1466,#1472,#323,.T.);
#1275=EDGE_CURVE('',#1465,#1473,#324,.T.);
#1276=EDGE_CURVE('',#1472,#1473,#325,.T.);
#1277=EDGE_CURVE('',#1474,#1474,#188,.T.);
#1278=EDGE_CURVE('',#1475,#1475,#189,.T.);
#1279=EDGE_CURVE('',#1476,#1476,#190,.T.);
#1280=EDGE_CURVE('',#1477,#1477,#191,.T.);
#1281=EDGE_CURVE('',#1478,#1479,#326,.T.);
#1282=EDGE_CURVE('',#1479,#1480,#192,.T.);
#1283=EDGE_CURVE('',#1481,#1480,#327,.T.);
#1284=EDGE_CURVE('',#1481,#1478,#193,.T.);
#1285=EDGE_CURVE('',#1482,#1479,#328,.T.);
#1286=EDGE_CURVE('',#1482,#1483,#194,.T.);
#1287=EDGE_CURVE('',#1483,#1480,#329,.T.);
#1288=EDGE_CURVE('',#1484,#1483,#330,.T.);
#1289=EDGE_CURVE('',#1484,#1481,#331,.T.);
#1290=EDGE_CURVE('',#1484,#1485,#195,.T.);
#1291=EDGE_CURVE('',#1485,#1478,#332,.T.);
#1292=EDGE_CURVE('',#1470,#1482,#333,.T.);
#1293=EDGE_CURVE('',#1485,#1473,#334,.T.);
#1294=EDGE_CURVE('',#1472,#1471,#335,.T.);
#1295=VERTEX_POINT('',#2845);
#1296=VERTEX_POINT('',#2846);
#1297=VERTEX_POINT('',#2848);
#1298=VERTEX_POINT('',#2850);
#1299=VERTEX_POINT('',#2857);
#1300=VERTEX_POINT('',#2858);
#1301=VERTEX_POINT('',#2860);
#1302=VERTEX_POINT('',#2862);
#1303=VERTEX_POINT('',#2871);
#1304=VERTEX_POINT('',#2872);
#1305=VERTEX_POINT('',#2874);
#1306=VERTEX_POINT('',#2876);
#1307=VERTEX_POINT('',#2885);
#1308=VERTEX_POINT('',#2886);
#1309=VERTEX_POINT('',#2888);
#1310=VERTEX_POINT('',#2890);
#1311=VERTEX_POINT('',#2897);
#1312=VERTEX_POINT('',#2898);
#1313=VERTEX_POINT('',#2900);
#1314=VERTEX_POINT('',#2902);
#1315=VERTEX_POINT('',#2912);
#1316=VERTEX_POINT('',#2913);
#1317=VERTEX_POINT('',#2915);
#1318=VERTEX_POINT('',#2917);
#1319=VERTEX_POINT('',#2927);
#1320=VERTEX_POINT('',#2928);
#1321=VERTEX_POINT('',#2930);
#1322=VERTEX_POINT('',#2932);
#1323=VERTEX_POINT('',#2939);
#1324=VERTEX_POINT('',#2940);
#1325=VERTEX_POINT('',#2942);
#1326=VERTEX_POINT('',#2944);
#1327=VERTEX_POINT('',#2960);
#1328=VERTEX_POINT('',#2962);
#1329=VERTEX_POINT('',#2966);
#1330=VERTEX_POINT('',#2969);
#1331=VERTEX_POINT('',#2972);
#1332=VERTEX_POINT('',#2974);
#1333=VERTEX_POINT('',#2978);
#1334=VERTEX_POINT('',#2979);
#1335=VERTEX_POINT('',#2987);
#1336=VERTEX_POINT('',#2989);
#1337=VERTEX_POINT('',#2994);
#1338=VERTEX_POINT('',#3000);
#1339=VERTEX_POINT('',#3007);
#1340=VERTEX_POINT('',#3008);
#1341=VERTEX_POINT('',#3016);
#1342=VERTEX_POINT('',#3018);
#1343=VERTEX_POINT('',#3023);
#1344=VERTEX_POINT('',#3029);
#1345=VERTEX_POINT('',#3040);
#1346=VERTEX_POINT('',#3042);
#1347=VERTEX_POINT('',#3046);
#1348=VERTEX_POINT('',#3048);
#1349=VERTEX_POINT('',#3052);
#1350=VERTEX_POINT('',#3053);
#1351=VERTEX_POINT('',#3055);
#1352=VERTEX_POINT('',#3057);
#1353=VERTEX_POINT('',#3061);
#1354=VERTEX_POINT('',#3062);
#1355=VERTEX_POINT('',#3064);
#1356=VERTEX_POINT('',#3066);
#1357=VERTEX_POINT('',#3070);
#1358=VERTEX_POINT('',#3071);
#1359=VERTEX_POINT('',#3073);
#1360=VERTEX_POINT('',#3075);
#1361=VERTEX_POINT('',#3077);
#1362=VERTEX_POINT('',#3079);
#1363=VERTEX_POINT('',#3081);
#1364=VERTEX_POINT('',#3083);
#1365=VERTEX_POINT('',#3085);
#1366=VERTEX_POINT('',#3087);
#1367=VERTEX_POINT('',#3089);
#1368=VERTEX_POINT('',#3091);
#1369=VERTEX_POINT('',#3093);
#1370=VERTEX_POINT('',#3097);
#1371=VERTEX_POINT('',#3099);
#1372=VERTEX_POINT('',#3101);
#1373=VERTEX_POINT('',#3103);
#1374=VERTEX_POINT('',#3105);
#1375=VERTEX_POINT('',#3107);
#1376=VERTEX_POINT('',#3109);
#1377=VERTEX_POINT('',#3111);
#1378=VERTEX_POINT('',#3113);
#1379=VERTEX_POINT('',#3115);
#1380=VERTEX_POINT('',#3117);
#1381=VERTEX_POINT('',#3121);
#1382=VERTEX_POINT('',#3125);
#1383=VERTEX_POINT('',#3129);
#1384=VERTEX_POINT('',#3133);
#1385=VERTEX_POINT('',#3137);
#1386=VERTEX_POINT('',#3141);
#1387=VERTEX_POINT('',#3145);
#1388=VERTEX_POINT('',#3149);
#1389=VERTEX_POINT('',#3153);
#1390=VERTEX_POINT('',#3157);
#1391=VERTEX_POINT('',#3161);
#1392=VERTEX_POINT('',#3165);
#1393=VERTEX_POINT('',#3169);
#1394=VERTEX_POINT('',#3173);
#1395=VERTEX_POINT('',#3177);
#1396=VERTEX_POINT('',#3181);
#1397=VERTEX_POINT('',#3185);
#1398=VERTEX_POINT('',#3189);
#1399=VERTEX_POINT('',#3193);
#1400=VERTEX_POINT('',#3197);
#1401=VERTEX_POINT('',#3201);
#1402=VERTEX_POINT('',#3205);
#1403=VERTEX_POINT('',#3209);
#1404=VERTEX_POINT('',#3213);
#1405=VERTEX_POINT('',#3217);
#1406=VERTEX_POINT('',#3218);
#1407=VERTEX_POINT('',#3220);
#1408=VERTEX_POINT('',#3222);
#1409=VERTEX_POINT('',#3224);
#1410=VERTEX_POINT('',#3226);
#1411=VERTEX_POINT('',#3228);
#1412=VERTEX_POINT('',#3230);
#1413=VERTEX_POINT('',#3233);
#1414=VERTEX_POINT('',#3235);
#1415=VERTEX_POINT('',#3237);
#1416=VERTEX_POINT('',#3239);
#1417=VERTEX_POINT('',#3241);
#1418=VERTEX_POINT('',#3242);
#1419=VERTEX_POINT('',#3244);
#1420=VERTEX_POINT('',#3246);
#1421=VERTEX_POINT('',#3248);
#1422=VERTEX_POINT('',#3250);
#1423=VERTEX_POINT('',#3252);
#1424=VERTEX_POINT('',#3254);
#1425=VERTEX_POINT('',#3258);
#1426=VERTEX_POINT('',#3260);
#1427=VERTEX_POINT('',#3262);
#1428=VERTEX_POINT('',#3266);
#1429=VERTEX_POINT('',#3268);
#1430=VERTEX_POINT('',#3270);
#1431=VERTEX_POINT('',#3274);
#1432=VERTEX_POINT('',#3276);
#1433=VERTEX_POINT('',#3278);
#1434=VERTEX_POINT('',#3282);
#1435=VERTEX_POINT('',#3284);
#1436=VERTEX_POINT('',#3286);
#1437=VERTEX_POINT('',#3290);
#1438=VERTEX_POINT('',#3292);
#1439=VERTEX_POINT('',#3294);
#1440=VERTEX_POINT('',#3296);
#1441=VERTEX_POINT('',#3298);
#1442=VERTEX_POINT('',#3299);
#1443=VERTEX_POINT('',#3301);
#1444=VERTEX_POINT('',#3303);
#1445=VERTEX_POINT('',#3305);
#1446=VERTEX_POINT('',#3307);
#1447=VERTEX_POINT('',#3309);
#1448=VERTEX_POINT('',#3311);
#1449=VERTEX_POINT('',#3315);
#1450=VERTEX_POINT('',#3317);
#1451=VERTEX_POINT('',#3347);
#1452=VERTEX_POINT('',#3350);
#1453=VERTEX_POINT('',#3353);
#1454=VERTEX_POINT('',#3391);
#1455=VERTEX_POINT('',#3392);
#1456=VERTEX_POINT('',#3394);
#1457=VERTEX_POINT('',#3396);
#1458=VERTEX_POINT('',#3400);
#1459=VERTEX_POINT('',#3401);
#1460=VERTEX_POINT('',#3406);
#1461=VERTEX_POINT('',#3407);
#1462=VERTEX_POINT('',#3416);
#1463=VERTEX_POINT('',#3418);
#1464=VERTEX_POINT('',#3422);
#1465=VERTEX_POINT('',#3424);
#1466=VERTEX_POINT('',#3426);
#1467=VERTEX_POINT('',#3430);
#1468=VERTEX_POINT('',#3432);
#1469=VERTEX_POINT('',#3434);
#1470=VERTEX_POINT('',#3440);
#1471=VERTEX_POINT('',#3442);
#1472=VERTEX_POINT('',#3446);
#1473=VERTEX_POINT('',#3448);
#1474=VERTEX_POINT('',#3452);
#1475=VERTEX_POINT('',#3454);
#1476=VERTEX_POINT('',#3457);
#1477=VERTEX_POINT('',#3459);
#1478=VERTEX_POINT('',#3462);
#1479=VERTEX_POINT('',#3463);
#1480=VERTEX_POINT('',#3465);
#1481=VERTEX_POINT('',#3467);
#1482=VERTEX_POINT('',#3471);
#1483=VERTEX_POINT('',#3473);
#1484=VERTEX_POINT('',#3477);
#1485=VERTEX_POINT('',#3481);
#1486=B_SPLINE_CURVE_WITH_KNOTS('',3,(#2841,#2842,#2843,#2844),
 .UNSPECIFIED.,.F.,.F.,(4,4),(0.,0.00208948576518766),.UNSPECIFIED.);
#1487=B_SPLINE_CURVE_WITH_KNOTS('',3,(#2853,#2854,#2855,#2856),
 .UNSPECIFIED.,.F.,.F.,(4,4),(1.84403634944074E-17,0.00208948576518754),
 .UNSPECIFIED.);
#1488=B_SPLINE_CURVE_WITH_KNOTS('',3,(#2865,#2866,#2867,#2868,#2869,#2870),
 .UNSPECIFIED.,.F.,.F.,(4,1,1,4),(1.39857877853494E-17,0.000833220243757988,
0.00166644048751596,0.00333288097503191),.UNSPECIFIED.);
#1489=B_SPLINE_CURVE_WITH_KNOTS('',3,(#2879,#2880,#2881,#2882,#2883,#2884),
 .UNSPECIFIED.,.F.,.F.,(4,1,1,4),(1.39857877853494E-17,0.000833220243757988,
0.00166644048751596,0.00333288097503191),.UNSPECIFIED.);
#1490=B_SPLINE_CURVE_WITH_KNOTS('',3,(#2893,#2894,#2895,#2896),
 .UNSPECIFIED.,.F.,.F.,(4,4),(0.,0.00186700900108047),.UNSPECIFIED.);
#1491=B_SPLINE_CURVE_WITH_KNOTS('',3,(#2905,#2906,#2907,#2908,#2909,#2910,
#2911),.UNSPECIFIED.,.F.,.F.,(4,1,1,1,4),(1.45675463186897E-16,0.000936870044050468,
0.00187374008810079,0.00281061013215111,0.00374748017620143),
 .UNSPECIFIED.);
#1492=B_SPLINE_CURVE_WITH_KNOTS('',3,(#2920,#2921,#2922,#2923,#2924,#2925,
#2926),.UNSPECIFIED.,.F.,.F.,(4,1,1,1,4),(7.152448122691E-18,0.000936870044050273,
0.00187374008810054,0.0028106101321508,0.00374748017620107),
 .UNSPECIFIED.);
#1493=B_SPLINE_CURVE_WITH_KNOTS('',3,(#2935,#2936,#2937,#2938),
 .UNSPECIFIED.,.F.,.F.,(4,4),(0.,0.00186700900108047),.UNSPECIFIED.);
#1494=B_SPLINE_CURVE_WITH_KNOTS('',3,(#2980,#2981,#2982,#2983,#2984,#2985,
#2986),.UNSPECIFIED.,.F.,.F.,(4,1,1,1,4),(9.55725360444262E-19,0.000403694712531324,
0.000807389425062647,0.00121108413759397,0.00161477885012529),
 .UNSPECIFIED.);
#1495=B_SPLINE_CURVE_WITH_KNOTS('',3,(#2990,#2991,#2992,#2993),
 .UNSPECIFIED.,.F.,.F.,(4,4),(0.,0.000808064811895501),.UNSPECIFIED.);
#1496=B_SPLINE_CURVE_WITH_KNOTS('',3,(#2995,#2996,#2997,#2998),
 .UNSPECIFIED.,.F.,.F.,(4,4),(9.71628407320711E-19,0.00080867979296043),
 .UNSPECIFIED.);
#1497=B_SPLINE_CURVE_WITH_KNOTS('',3,(#3009,#3010,#3011,#3012,#3013,#3014,
#3015),.UNSPECIFIED.,.F.,.F.,(4,1,1,1,4),(9.57815924996243E-19,0.000403694712531322,
0.000807389425062644,0.00121108413759397,0.00161477885012529),
 .UNSPECIFIED.);
#1498=B_SPLINE_CURVE_WITH_KNOTS('',3,(#3019,#3020,#3021,#3022),
 .UNSPECIFIED.,.F.,.F.,(4,4),(0.,0.000808064811499105),.UNSPECIFIED.);
#1499=B_SPLINE_CURVE_WITH_KNOTS('',3,(#3024,#3025,#3026,#3027),
 .UNSPECIFIED.,.F.,.F.,(4,4),(9.70374068589545E-19,0.000808679793372045),
 .UNSPECIFIED.);
#1500=B_SPLINE_CURVE_WITH_KNOTS('',3,(#3358,#3359,#3360,#3361,#3362),
 .UNSPECIFIED.,.F.,.F.,(4,1,4),(2.4532694666934E-18,0.00286518001460342,
0.00573036002920684),.UNSPECIFIED.);
#1501=B_SPLINE_CURVE_WITH_KNOTS('',3,(#3364,#3365,#3366,#3367,#3368),
 .UNSPECIFIED.,.F.,.F.,(4,1,4),(2.04520881524749E-17,0.00287079753825105,
0.00574159507650209),.UNSPECIFIED.);
#1502=B_SPLINE_CURVE_WITH_KNOTS('',3,(#3371,#3372,#3373,#3374,#3375),
 .UNSPECIFIED.,.F.,.F.,(4,1,4),(0.,0.00298191644983294,0.00596383289966588),
 .UNSPECIFIED.);
#1503=B_SPLINE_CURVE_WITH_KNOTS('',3,(#3377,#3378,#3379,#3380,#3381),
 .UNSPECIFIED.,.F.,.F.,(4,1,4),(9.96522768216898E-18,0.00298190853984648,
0.00596381707969295),.UNSPECIFIED.);
#1504=EDGE_LOOP('',(#476,#477,#478,#479));
#1505=EDGE_LOOP('',(#480,#481,#482,#483));
#1506=EDGE_LOOP('',(#484,#485,#486,#487));
#1507=EDGE_LOOP('',(#488,#489,#490,#491));
#1508=EDGE_LOOP('',(#492,#493,#494,#495));
#1509=EDGE_LOOP('',(#496,#497,#498,#499));
#1510=EDGE_LOOP('',(#500,#501,#502,#503));
#1511=EDGE_LOOP('',(#504,#505,#506,#507));
#1512=EDGE_LOOP('',(#508,#509,#510,#511));
#1513=EDGE_LOOP('',(#512,#513,#514,#515));
#1514=EDGE_LOOP('',(#516,#517,#518,#519));
#1515=EDGE_LOOP('',(#520,#521,#522,#523));
#1516=EDGE_LOOP('',(#524));
#1517=EDGE_LOOP('',(#525));
#1518=EDGE_LOOP('',(#526));
#1519=EDGE_LOOP('',(#527));
#1520=EDGE_LOOP('',(#528));
#1521=EDGE_LOOP('',(#529));
#1522=EDGE_LOOP('',(#530));
#1523=EDGE_LOOP('',(#531));
#1524=EDGE_LOOP('',(#532,#533,#534,#535,#536));
#1525=EDGE_LOOP('',(#537));
#1526=EDGE_LOOP('',(#538,#539));
#1527=EDGE_LOOP('',(#540,#541));
#1528=EDGE_LOOP('',(#542,#543,#544,#545,#546));
#1529=EDGE_LOOP('',(#547));
#1530=EDGE_LOOP('',(#548,#549));
#1531=EDGE_LOOP('',(#550,#551));
#1532=EDGE_LOOP('',(#552));
#1533=EDGE_LOOP('',(#553));
#1534=EDGE_LOOP('',(#554));
#1535=EDGE_LOOP('',(#555));
#1536=EDGE_LOOP('',(#556));
#1537=EDGE_LOOP('',(#557));
#1538=EDGE_LOOP('',(#558));
#1539=EDGE_LOOP('',(#559));
#1540=EDGE_LOOP('',(#560));
#1541=EDGE_LOOP('',(#561));
#1542=EDGE_LOOP('',(#562,#563,#564,#565));
#1543=EDGE_LOOP('',(#566,#567,#568,#569));
#1544=EDGE_LOOP('',(#570,#571,#572,#573,#574,#575,#576,#577,#578,#579,#580,
#581,#582,#583,#584,#585,#586,#587,#588,#589,#590,#591,#592,#593,#594,#595,
#596,#597));
#1545=EDGE_LOOP('',(#598,#599,#600,#601));
#1546=EDGE_LOOP('',(#602,#603,#604,#605));
#1547=EDGE_LOOP('',(#606,#607,#608,#609));
#1548=EDGE_LOOP('',(#610,#611,#612,#613));
#1549=EDGE_LOOP('',(#614,#615,#616,#617));
#1550=EDGE_LOOP('',(#618,#619,#620,#621));
#1551=EDGE_LOOP('',(#622,#623,#624,#625));
#1552=EDGE_LOOP('',(#626,#627,#628,#629));
#1553=EDGE_LOOP('',(#630,#631,#632,#633));
#1554=EDGE_LOOP('',(#634,#635,#636,#637));
#1555=EDGE_LOOP('',(#638,#639,#640,#641));
#1556=EDGE_LOOP('',(#642,#643,#644,#645));
#1557=EDGE_LOOP('',(#646,#647,#648,#649));
#1558=EDGE_LOOP('',(#650,#651,#652,#653));
#1559=EDGE_LOOP('',(#654,#655,#656,#657));
#1560=EDGE_LOOP('',(#658,#659,#660,#661));
#1561=EDGE_LOOP('',(#662,#663,#664,#665));
#1562=EDGE_LOOP('',(#666,#667,#668,#669));
#1563=EDGE_LOOP('',(#670,#671,#672,#673));
#1564=EDGE_LOOP('',(#674,#675,#676,#677));
#1565=EDGE_LOOP('',(#678,#679,#680,#681));
#1566=EDGE_LOOP('',(#682,#683,#684,#685));
#1567=EDGE_LOOP('',(#686,#687,#688,#689));
#1568=EDGE_LOOP('',(#690,#691,#692,#693));
#1569=EDGE_LOOP('',(#694,#695,#696,#697,#698,#699,#700,#701));
#1570=EDGE_LOOP('',(#702));
#1571=EDGE_LOOP('',(#703));
#1572=EDGE_LOOP('',(#704));
#1573=EDGE_LOOP('',(#705));
#1574=EDGE_LOOP('',(#706,#707,#708,#709,#710,#711,#712,#713));
#1575=EDGE_LOOP('',(#714));
#1576=EDGE_LOOP('',(#715,#716,#717,#718));
#1577=EDGE_LOOP('',(#719));
#1578=EDGE_LOOP('',(#720,#721,#722,#723));
#1579=EDGE_LOOP('',(#724));
#1580=EDGE_LOOP('',(#725,#726,#727,#728));
#1581=EDGE_LOOP('',(#729));
#1582=EDGE_LOOP('',(#730,#731,#732,#733));
#1583=EDGE_LOOP('',(#734));
#1584=EDGE_LOOP('',(#735));
#1585=EDGE_LOOP('',(#736));
#1586=EDGE_LOOP('',(#737));
#1587=EDGE_LOOP('',(#738));
#1588=EDGE_LOOP('',(#739));
#1589=EDGE_LOOP('',(#740));
#1590=EDGE_LOOP('',(#741));
#1591=EDGE_LOOP('',(#742,#743,#744,#745,#746,#747,#748,#749));
#1592=EDGE_LOOP('',(#750));
#1593=EDGE_LOOP('',(#751));
#1594=EDGE_LOOP('',(#752));
#1595=EDGE_LOOP('',(#753,#754,#755,#756));
#1596=EDGE_LOOP('',(#757,#758,#759,#760));
#1597=EDGE_LOOP('',(#761));
#1598=EDGE_LOOP('',(#762));
#1599=EDGE_LOOP('',(#763));
#1600=EDGE_LOOP('',(#764,#765,#766,#767));
#1601=EDGE_LOOP('',(#768,#769,#770,#771));
#1602=EDGE_LOOP('',(#772,#773,#774,#775));
#1603=EDGE_LOOP('',(#776,#777,#778,#779));
#1604=EDGE_LOOP('',(#780,#781,#782,#783));
#1605=EDGE_LOOP('',(#784,#785,#786,#787));
#1606=EDGE_LOOP('',(#788));
#1607=EDGE_LOOP('',(#789));
#1608=EDGE_LOOP('',(#790));
#1609=EDGE_LOOP('',(#791));
#1610=EDGE_LOOP('',(#792));
#1611=EDGE_LOOP('',(#793));
#1612=EDGE_LOOP('',(#794));
#1613=EDGE_LOOP('',(#795));
#1614=EDGE_LOOP('',(#796,#797,#798,#799));
#1615=EDGE_LOOP('',(#800,#801,#802,#803));
#1616=EDGE_LOOP('',(#804,#805,#806,#807));
#1617=EDGE_LOOP('',(#808,#809,#810,#811,#812,#813,#814,#815,#816,#817,#818,
#819,#820,#821,#822,#823,#824,#825,#826,#827,#828,#829,#830,#831,#832,#833,
#834,#835));
#1618=EDGE_LOOP('',(#836));
#1619=EDGE_LOOP('',(#837));
#1620=EDGE_LOOP('',(#838));
#1621=EDGE_LOOP('',(#839));
#1622=EDGE_LOOP('',(#840));
#1623=EDGE_LOOP('',(#841,#842,#843,#844,#845,#846));
#1624=EDGE_LOOP('',(#847,#848,#849,#850));
#1625=EDGE_LOOP('',(#851,#852,#853,#854,#855,#856));
#1626=EDGE_LOOP('',(#857,#858,#859,#860));
#1627=EDGE_LOOP('',(#861,#862,#863,#864,#865,#866,#867,#868));
#1628=EDGE_LOOP('',(#869));
#1629=EDGE_LOOP('',(#870,#871,#872,#873,#874,#875,#876,#877,#878,#879,#880,
#881));
#1630=EDGE_LOOP('',(#882));
#1631=EDGE_LOOP('',(#883,#884,#885,#886,#887,#888,#889,#890));
#1632=EDGE_LOOP('',(#891));
#1633=EDGE_LOOP('',(#892));
#1634=EDGE_LOOP('',(#893,#894,#895,#896,#897,#898,#899,#900));
#1635=EDGE_LOOP('',(#901));
#1636=EDGE_LOOP('',(#902,#903,#904,#905,#906,#907,#908,#909,#910,#911,#912,
#913,#914,#915,#916,#917));
#1637=EDGE_LOOP('',(#918,#919,#920,#921,#922,#923,#924,#925));
#1638=EDGE_LOOP('',(#926,#927,#928,#929));
#1639=EDGE_LOOP('',(#930,#931,#932,#933));
#1640=EDGE_LOOP('',(#934,#935,#936,#937));
#1641=EDGE_LOOP('',(#938,#939,#940,#941));
#1642=EDGE_LOOP('',(#942,#943,#944,#945));
#1643=EDGE_LOOP('',(#946,#947,#948,#949));
#1644=EDGE_LOOP('',(#950,#951,#952,#953,#954,#955));
#1645=EDGE_LOOP('',(#956,#957,#958,#959,#960,#961));
#1646=EDGE_LOOP('',(#962,#963,#964,#965));
#1647=EDGE_LOOP('',(#966,#967,#968,#969));
#1648=EDGE_LOOP('',(#970,#971,#972,#973));
#1649=EDGE_LOOP('',(#974));
#1650=EDGE_LOOP('',(#975));
#1651=EDGE_LOOP('',(#976));
#1652=EDGE_LOOP('',(#977));
#1653=EDGE_LOOP('',(#978));
#1654=EDGE_LOOP('',(#979));
#1655=EDGE_LOOP('',(#980,#981,#982,#983));
#1656=EDGE_LOOP('',(#984,#985,#986,#987));
#1657=EDGE_LOOP('',(#988,#989,#990,#991));
#1658=EDGE_LOOP('',(#992,#993,#994,#995));
#1659=EDGE_LOOP('',(#996,#997,#998,#999,#1000,#1001,#1002,#1003,#1004,#1005));
#1660=EDGE_LOOP('',(#1006));
#1661=EDGE_LOOP('',(#1007));
#1662=EDGE_LOOP('',(#1008,#1009,#1010,#1011,#1012,#1013,#1014,#1015));
#1663=EDGE_LOOP('',(#1016,#1017,#1018,#1019,#1020,#1021));
#1664=FACE_BOUND('',#1504,.T.);
#1665=FACE_BOUND('',#1505,.T.);
#1666=FACE_BOUND('',#1506,.T.);
#1667=FACE_BOUND('',#1507,.T.);
#1668=FACE_BOUND('',#1508,.T.);
#1669=FACE_BOUND('',#1509,.T.);
#1670=FACE_BOUND('',#1510,.T.);
#1671=FACE_BOUND('',#1511,.T.);
#1672=FACE_BOUND('',#1512,.T.);
#1673=FACE_BOUND('',#1513,.T.);
#1674=FACE_BOUND('',#1514,.T.);
#1675=FACE_BOUND('',#1515,.T.);
#1676=FACE_BOUND('',#1516,.T.);
#1677=FACE_BOUND('',#1517,.T.);
#1678=FACE_BOUND('',#1518,.T.);
#1679=FACE_BOUND('',#1519,.T.);
#1680=FACE_BOUND('',#1520,.T.);
#1681=FACE_BOUND('',#1521,.T.);
#1682=FACE_BOUND('',#1522,.T.);
#1683=FACE_BOUND('',#1523,.T.);
#1684=FACE_BOUND('',#1524,.T.);
#1685=FACE_BOUND('',#1525,.T.);
#1686=FACE_BOUND('',#1526,.T.);
#1687=FACE_BOUND('',#1527,.T.);
#1688=FACE_BOUND('',#1528,.T.);
#1689=FACE_BOUND('',#1529,.T.);
#1690=FACE_BOUND('',#1530,.T.);
#1691=FACE_BOUND('',#1531,.T.);
#1692=FACE_BOUND('',#1532,.T.);
#1693=FACE_BOUND('',#1533,.T.);
#1694=FACE_BOUND('',#1534,.T.);
#1695=FACE_BOUND('',#1535,.T.);
#1696=FACE_BOUND('',#1536,.T.);
#1697=FACE_BOUND('',#1537,.T.);
#1698=FACE_BOUND('',#1538,.T.);
#1699=FACE_BOUND('',#1539,.T.);
#1700=FACE_BOUND('',#1540,.T.);
#1701=FACE_BOUND('',#1541,.T.);
#1702=FACE_BOUND('',#1542,.T.);
#1703=FACE_BOUND('',#1543,.T.);
#1704=FACE_BOUND('',#1544,.T.);
#1705=FACE_BOUND('',#1545,.T.);
#1706=FACE_BOUND('',#1546,.T.);
#1707=FACE_BOUND('',#1547,.T.);
#1708=FACE_BOUND('',#1548,.T.);
#1709=FACE_BOUND('',#1549,.T.);
#1710=FACE_BOUND('',#1550,.T.);
#1711=FACE_BOUND('',#1551,.T.);
#1712=FACE_BOUND('',#1552,.T.);
#1713=FACE_BOUND('',#1553,.T.);
#1714=FACE_BOUND('',#1554,.T.);
#1715=FACE_BOUND('',#1555,.T.);
#1716=FACE_BOUND('',#1556,.T.);
#1717=FACE_BOUND('',#1557,.T.);
#1718=FACE_BOUND('',#1558,.T.);
#1719=FACE_BOUND('',#1559,.T.);
#1720=FACE_BOUND('',#1560,.T.);
#1721=FACE_BOUND('',#1561,.T.);
#1722=FACE_BOUND('',#1562,.T.);
#1723=FACE_BOUND('',#1563,.T.);
#1724=FACE_BOUND('',#1564,.T.);
#1725=FACE_BOUND('',#1565,.T.);
#1726=FACE_BOUND('',#1566,.T.);
#1727=FACE_BOUND('',#1567,.T.);
#1728=FACE_BOUND('',#1568,.T.);
#1729=FACE_BOUND('',#1569,.T.);
#1730=FACE_BOUND('',#1570,.T.);
#1731=FACE_BOUND('',#1571,.T.);
#1732=FACE_BOUND('',#1572,.T.);
#1733=FACE_BOUND('',#1573,.T.);
#1734=FACE_BOUND('',#1574,.T.);
#1735=FACE_BOUND('',#1575,.T.);
#1736=FACE_BOUND('',#1576,.T.);
#1737=FACE_BOUND('',#1577,.T.);
#1738=FACE_BOUND('',#1578,.T.);
#1739=FACE_BOUND('',#1579,.T.);
#1740=FACE_BOUND('',#1580,.T.);
#1741=FACE_BOUND('',#1581,.T.);
#1742=FACE_BOUND('',#1582,.T.);
#1743=FACE_BOUND('',#1583,.T.);
#1744=FACE_BOUND('',#1584,.T.);
#1745=FACE_BOUND('',#1585,.T.);
#1746=FACE_BOUND('',#1586,.T.);
#1747=FACE_BOUND('',#1587,.T.);
#1748=FACE_BOUND('',#1588,.T.);
#1749=FACE_BOUND('',#1589,.T.);
#1750=FACE_BOUND('',#1590,.T.);
#1751=FACE_BOUND('',#1591,.T.);
#1752=FACE_BOUND('',#1592,.T.);
#1753=FACE_BOUND('',#1593,.T.);
#1754=FACE_BOUND('',#1594,.T.);
#1755=FACE_BOUND('',#1595,.T.);
#1756=FACE_BOUND('',#1596,.T.);
#1757=FACE_BOUND('',#1597,.T.);
#1758=FACE_BOUND('',#1598,.T.);
#1759=FACE_BOUND('',#1599,.T.);
#1760=FACE_BOUND('',#1600,.T.);
#1761=FACE_BOUND('',#1601,.T.);
#1762=FACE_BOUND('',#1602,.T.);
#1763=FACE_BOUND('',#1603,.T.);
#1764=FACE_BOUND('',#1604,.T.);
#1765=FACE_BOUND('',#1605,.T.);
#1766=FACE_BOUND('',#1606,.T.);
#1767=FACE_BOUND('',#1607,.T.);
#1768=FACE_BOUND('',#1608,.T.);
#1769=FACE_BOUND('',#1609,.T.);
#1770=FACE_BOUND('',#1610,.T.);
#1771=FACE_BOUND('',#1611,.T.);
#1772=FACE_BOUND('',#1612,.T.);
#1773=FACE_BOUND('',#1613,.T.);
#1774=FACE_BOUND('',#1614,.T.);
#1775=FACE_BOUND('',#1615,.T.);
#1776=FACE_BOUND('',#1616,.T.);
#1777=FACE_BOUND('',#1617,.T.);
#1778=FACE_BOUND('',#1618,.T.);
#1779=FACE_BOUND('',#1619,.T.);
#1780=FACE_BOUND('',#1620,.T.);
#1781=FACE_BOUND('',#1621,.T.);
#1782=FACE_BOUND('',#1622,.T.);
#1783=FACE_BOUND('',#1623,.T.);
#1784=FACE_BOUND('',#1624,.T.);
#1785=FACE_BOUND('',#1625,.T.);
#1786=FACE_BOUND('',#1626,.T.);
#1787=FACE_BOUND('',#1627,.T.);
#1788=FACE_BOUND('',#1628,.T.);
#1789=FACE_BOUND('',#1629,.T.);
#1790=FACE_BOUND('',#1630,.T.);
#1791=FACE_BOUND('',#1631,.T.);
#1792=FACE_BOUND('',#1632,.T.);
#1793=FACE_BOUND('',#1633,.T.);
#1794=FACE_BOUND('',#1634,.T.);
#1795=FACE_BOUND('',#1635,.T.);
#1796=FACE_BOUND('',#1636,.T.);
#1797=FACE_BOUND('',#1637,.T.);
#1798=FACE_BOUND('',#1638,.T.);
#1799=FACE_BOUND('',#1639,.T.);
#1800=FACE_BOUND('',#1640,.T.);
#1801=FACE_BOUND('',#1641,.T.);
#1802=FACE_BOUND('',#1642,.T.);
#1803=FACE_BOUND('',#1643,.T.);
#1804=FACE_BOUND('',#1644,.T.);
#1805=FACE_BOUND('',#1645,.T.);
#1806=FACE_BOUND('',#1646,.T.);
#1807=FACE_BOUND('',#1647,.T.);
#1808=FACE_BOUND('',#1648,.T.);
#1809=FACE_BOUND('',#1649,.T.);
#1810=FACE_BOUND('',#1650,.T.);
#1811=FACE_BOUND('',#1651,.T.);
#1812=FACE_BOUND('',#1652,.T.);
#1813=FACE_BOUND('',#1653,.T.);
#1814=FACE_BOUND('',#1654,.T.);
#1815=FACE_BOUND('',#1655,.T.);
#1816=FACE_BOUND('',#1656,.T.);
#1817=FACE_BOUND('',#1657,.T.);
#1818=FACE_BOUND('',#1658,.T.);
#1819=FACE_BOUND('',#1659,.T.);
#1820=FACE_BOUND('',#1660,.T.);
#1821=FACE_BOUND('',#1661,.T.);
#1822=FACE_BOUND('',#1662,.T.);
#1823=FACE_BOUND('',#1663,.T.);
#1824=CYLINDRICAL_SURFACE('',#2016,0.001);
#1825=CYLINDRICAL_SURFACE('',#2018,0.001);
#1826=CYLINDRICAL_SURFACE('',#2020,0.001);
#1827=CYLINDRICAL_SURFACE('',#2022,0.001);
#1828=CYLINDRICAL_SURFACE('',#2024,0.001);
#1829=CYLINDRICAL_SURFACE('',#2026,0.001);
#1830=CYLINDRICAL_SURFACE('',#2028,0.001);
#1831=CYLINDRICAL_SURFACE('',#2030,0.001);
#1832=CYLINDRICAL_SURFACE('',#2036,0.00225);
#1833=CYLINDRICAL_SURFACE('',#2044,0.00125);
#1834=CYLINDRICAL_SURFACE('',#2048,0.00075);
#1835=CYLINDRICAL_SURFACE('',#2054,0.00075);
#1836=CYLINDRICAL_SURFACE('',#2064,0.00125);
#1837=CYLINDRICAL_SURFACE('',#2068,0.00125);
#1838=CYLINDRICAL_SURFACE('',#2089,0.00133333333333334);
#1839=CYLINDRICAL_SURFACE('',#2091,0.000333333333333339);
#1840=CYLINDRICAL_SURFACE('',#2095,0.000333333333333328);
#1841=CYLINDRICAL_SURFACE('',#2097,0.00133333333333333);
#1842=CYLINDRICAL_SURFACE('',#2101,0.00133333333333334);
#1843=CYLINDRICAL_SURFACE('',#2103,0.000333333333333342);
#1844=CYLINDRICAL_SURFACE('',#2107,0.00033333333333333);
#1845=CYLINDRICAL_SURFACE('',#2109,0.00133333333333333);
#1846=CYLINDRICAL_SURFACE('',#2113,0.00133333333333332);
#1847=CYLINDRICAL_SURFACE('',#2115,0.000333333333333321);
#1848=CYLINDRICAL_SURFACE('',#2119,0.000333333333333331);
#1849=CYLINDRICAL_SURFACE('',#2121,0.00133333333333333);
#1850=CYLINDRICAL_SURFACE('',#2142,0.00125);
#1851=CYLINDRICAL_SURFACE('',#2145,0.00125);
#1852=CYLINDRICAL_SURFACE('',#2148,0.00125);
#1853=CYLINDRICAL_SURFACE('',#2151,0.00125);
#1854=CYLINDRICAL_SURFACE('',#2166,0.008);
#1855=CYLINDRICAL_SURFACE('',#2168,0.008);
#1856=CYLINDRICAL_SURFACE('',#2170,0.008);
#1857=CYLINDRICAL_SURFACE('',#2172,0.008);
#1858=CYLINDRICAL_SURFACE('',#2173,0.0033);
#1859=CYLINDRICAL_SURFACE('',#2174,0.0033);
#1860=CYLINDRICAL_SURFACE('',#2175,0.0033);
#1861=CYLINDRICAL_SURFACE('',#2176,0.0033);
#1862=CYLINDRICAL_SURFACE('',#2177,0.025);
#1863=CYLINDRICAL_SURFACE('',#2179,0.025);
#1864=CYLINDRICAL_SURFACE('',#2181,0.025);
#1865=CYLINDRICAL_SURFACE('',#2187,0.011);
#1866=CYLINDRICAL_SURFACE('',#2191,0.0005);
#1867=CYLINDRICAL_SURFACE('',#2192,0.0005);
#1868=CYLINDRICAL_SURFACE('',#2193,0.019);
#1869=CYLINDRICAL_SURFACE('',#2196,0.025);
#1870=CYLINDRICAL_SURFACE('',#2200,0.00325);
#1871=CYLINDRICAL_SURFACE('',#2201,0.00325);
#1872=CYLINDRICAL_SURFACE('',#2216,0.004);
#1873=CYLINDRICAL_SURFACE('',#2219,0.004);
#1874=CYLINDRICAL_SURFACE('',#2225,0.0016);
#1875=CYLINDRICAL_SURFACE('',#2228,0.0016);
#1876=CYLINDRICAL_SURFACE('',#2234,0.006);
#1877=CYLINDRICAL_SURFACE('',#2237,0.006);
#1878=ADVANCED_FACE('',(#1664),#1824,.F.);
#1879=ADVANCED_FACE('',(#1665),#1825,.F.);
#1880=ADVANCED_FACE('',(#1666),#1826,.F.);
#1881=ADVANCED_FACE('',(#1667),#1827,.F.);
#1882=ADVANCED_FACE('',(#1668),#1828,.F.);
#1883=ADVANCED_FACE('',(#1669),#1829,.F.);
#1884=ADVANCED_FACE('',(#1670),#1830,.F.);
#1885=ADVANCED_FACE('',(#1671),#1831,.F.);
#1886=ADVANCED_FACE('',(#1672),#28,.F.);
#1887=ADVANCED_FACE('',(#1673),#29,.T.);
#1888=ADVANCED_FACE('',(#1674),#30,.F.);
#1889=ADVANCED_FACE('',(#1675),#31,.T.);
#1890=ADVANCED_FACE('',(#1676,#1677),#1832,.F.);
#1891=ADVANCED_FACE('',(#1678),#32,.T.);
#1892=ADVANCED_FACE('',(#1679),#33,.T.);
#1893=ADVANCED_FACE('',(#1680),#34,.T.);
#1894=ADVANCED_FACE('',(#1681,#1682),#1833,.F.);
#1895=ADVANCED_FACE('',(#1683),#35,.T.);
#1896=ADVANCED_FACE('',(#1684,#1685),#1834,.F.);
#1897=ADVANCED_FACE('',(#1686),#36,.T.);
#1898=ADVANCED_FACE('',(#1687),#37,.T.);
#1899=ADVANCED_FACE('',(#1688,#1689),#1835,.F.);
#1900=ADVANCED_FACE('',(#1690),#38,.T.);
#1901=ADVANCED_FACE('',(#1691),#39,.T.);
#1902=ADVANCED_FACE('',(#1692),#40,.T.);
#1903=ADVANCED_FACE('',(#1693),#41,.T.);
#1904=ADVANCED_FACE('',(#1694,#1695),#1836,.F.);
#1905=ADVANCED_FACE('',(#1696,#1697),#42,.T.);
#1906=ADVANCED_FACE('',(#1698,#1699),#1837,.F.);
#1907=ADVANCED_FACE('',(#1700,#1701),#43,.T.);
#1908=ADVANCED_FACE('',(#1702),#44,.F.);
#1909=ADVANCED_FACE('',(#1703),#45,.F.);
#1910=ADVANCED_FACE('',(#1704),#46,.F.);
#1911=ADVANCED_FACE('',(#1705),#1838,.F.);
#1912=ADVANCED_FACE('',(#1706),#1839,.T.);
#1913=ADVANCED_FACE('',(#1707),#47,.F.);
#1914=ADVANCED_FACE('',(#1708),#48,.F.);
#1915=ADVANCED_FACE('',(#1709),#1840,.T.);
#1916=ADVANCED_FACE('',(#1710),#1841,.F.);
#1917=ADVANCED_FACE('',(#1711),#49,.F.);
#1918=ADVANCED_FACE('',(#1712),#50,.F.);
#1919=ADVANCED_FACE('',(#1713),#1842,.F.);
#1920=ADVANCED_FACE('',(#1714),#1843,.T.);
#1921=ADVANCED_FACE('',(#1715),#51,.F.);
#1922=ADVANCED_FACE('',(#1716),#52,.F.);
#1923=ADVANCED_FACE('',(#1717),#1844,.T.);
#1924=ADVANCED_FACE('',(#1718),#1845,.F.);
#1925=ADVANCED_FACE('',(#1719),#53,.F.);
#1926=ADVANCED_FACE('',(#1720),#54,.F.);
#1927=ADVANCED_FACE('',(#1721),#1846,.F.);
#1928=ADVANCED_FACE('',(#1722),#1847,.T.);
#1929=ADVANCED_FACE('',(#1723),#55,.F.);
#1930=ADVANCED_FACE('',(#1724),#56,.F.);
#1931=ADVANCED_FACE('',(#1725),#1848,.T.);
#1932=ADVANCED_FACE('',(#1726),#1849,.F.);
#1933=ADVANCED_FACE('',(#1727),#57,.F.);
#1934=ADVANCED_FACE('',(#1728),#58,.F.);
#1935=ADVANCED_FACE('',(#1729,#1730,#1731,#1732,#1733,#1734),#59,.F.);
#1936=ADVANCED_FACE('',(#1735,#1736),#1850,.F.);
#1937=ADVANCED_FACE('',(#1737,#1738),#1851,.F.);
#1938=ADVANCED_FACE('',(#1739,#1740),#1852,.F.);
#1939=ADVANCED_FACE('',(#1741,#1742),#1853,.F.);
#1940=ADVANCED_FACE('',(#1743,#1744,#1745,#1746,#1747,#1748,#1749,#1750,
#1751),#60,.T.);
#1941=ADVANCED_FACE('',(#1752,#1753,#1754,#1755),#61,.T.);
#1942=ADVANCED_FACE('',(#1756),#1854,.T.);
#1943=ADVANCED_FACE('',(#1757,#1758,#1759,#1760),#62,.T.);
#1944=ADVANCED_FACE('',(#1761),#1855,.T.);
#1945=ADVANCED_FACE('',(#1762),#63,.F.);
#1946=ADVANCED_FACE('',(#1763),#1856,.T.);
#1947=ADVANCED_FACE('',(#1764),#64,.F.);
#1948=ADVANCED_FACE('',(#1765),#1857,.T.);
#1949=ADVANCED_FACE('',(#1766,#1767),#1858,.F.);
#1950=ADVANCED_FACE('',(#1768,#1769),#1859,.F.);
#1951=ADVANCED_FACE('',(#1770,#1771),#1860,.F.);
#1952=ADVANCED_FACE('',(#1772,#1773),#1861,.F.);
#1953=ADVANCED_FACE('',(#1774),#1862,.F.);
#1954=ADVANCED_FACE('',(#1775),#1863,.F.);
#1955=ADVANCED_FACE('',(#1776),#1864,.F.);
#1956=ADVANCED_FACE('',(#1777,#1778),#65,.T.);
#1957=ADVANCED_FACE('',(#1779,#1780),#1865,.T.);
#1958=ADVANCED_FACE('',(#1781,#1782),#66,.F.);
#1959=ADVANCED_FACE('',(#1783,#1784),#1866,.F.);
#1960=ADVANCED_FACE('',(#1785,#1786),#1867,.F.);
#1961=ADVANCED_FACE('',(#1787,#1788),#1868,.T.);
#1962=ADVANCED_FACE('',(#1789),#1869,.F.);
#1963=ADVANCED_FACE('',(#1790,#1791,#1792),#1870,.F.);
#1964=ADVANCED_FACE('',(#1793,#1794,#1795),#1871,.F.);
#1965=ADVANCED_FACE('',(#1796),#67,.T.);
#1966=ADVANCED_FACE('',(#1797),#68,.T.);
#1967=ADVANCED_FACE('',(#1798),#69,.T.);
#1968=ADVANCED_FACE('',(#1799),#10,.T.);
#1969=ADVANCED_FACE('',(#1800),#11,.T.);
#1970=ADVANCED_FACE('',(#1801),#70,.F.);
#1971=ADVANCED_FACE('',(#1802),#71,.T.);
#1972=ADVANCED_FACE('',(#1803),#72,.F.);
#1973=ADVANCED_FACE('',(#1804),#1872,.T.);
#1974=ADVANCED_FACE('',(#1805),#1873,.T.);
#1975=ADVANCED_FACE('',(#1806),#73,.T.);
#1976=ADVANCED_FACE('',(#1807),#74,.F.);
#1977=ADVANCED_FACE('',(#1808),#75,.T.);
#1978=ADVANCED_FACE('',(#1809,#1810),#1874,.F.);
#1979=ADVANCED_FACE('',(#1811,#1812),#1875,.F.);
#1980=ADVANCED_FACE('',(#1813,#1814,#1815),#76,.F.);
#1981=ADVANCED_FACE('',(#1816),#1876,.T.);
#1982=ADVANCED_FACE('',(#1817),#77,.F.);
#1983=ADVANCED_FACE('',(#1818),#1877,.T.);
#1984=ADVANCED_FACE('',(#1819),#78,.T.);
#1985=ADVANCED_FACE('',(#1820,#1821,#1822),#79,.T.);
#1986=ADVANCED_FACE('',(#1823),#80,.F.);
#1987=CLOSED_SHELL('',(#1878,#1879,#1880,#1881,#1882,#1883,#1884,#1885,
#1886,#1887,#1888,#1889,#1890,#1891,#1892,#1893,#1894,#1895,#1896,#1897,
#1898,#1899,#1900,#1901,#1902,#1903,#1904,#1905,#1906,#1907,#1908,#1909,
#1910,#1911,#1912,#1913,#1914,#1915,#1916,#1917,#1918,#1919,#1920,#1921,
#1922,#1923,#1924,#1925,#1926,#1927,#1928,#1929,#1930,#1931,#1932,#1933,
#1934,#1935,#1936,#1937,#1938,#1939,#1940,#1941,#1942,#1943,#1944,#1945,
#1946,#1947,#1948,#1949,#1950,#1951,#1952,#1953,#1954,#1955,#1956,#1957,
#1958,#1959,#1960,#1961,#1962,#1963,#1964,#1965,#1966));
#1988=CLOSED_SHELL('',(#1967,#1968,#1969,#1970,#1971,#1972,#1973,#1974,
#1975,#1976,#1977,#1978,#1979,#1980,#1981,#1982,#1983,#1984,#1985,#1986));
#1989=STYLED_ITEM('',(#1991),#2005);
#1990=STYLED_ITEM('',(#1992),#2006);
#1991=PRESENTATION_STYLE_ASSIGNMENT((#1993));
#1992=PRESENTATION_STYLE_ASSIGNMENT((#1994));
#1993=SURFACE_STYLE_USAGE(.BOTH.,#1995);
#1994=SURFACE_STYLE_USAGE(.BOTH.,#1996);
#1995=SURFACE_SIDE_STYLE('',(#1997));
#1996=SURFACE_SIDE_STYLE('',(#1998));
#1997=SURFACE_STYLE_FILL_AREA(#1999);
#1998=SURFACE_STYLE_FILL_AREA(#2000);
#1999=FILL_AREA_STYLE('',(#2001));
#2000=FILL_AREA_STYLE('',(#2002));
#2001=FILL_AREA_STYLE_COLOUR('',#2003);
#2002=FILL_AREA_STYLE_COLOUR('',#2004);
#2003=COLOUR_RGB('',0.713725490196078,0.76078431372549,0.8);
#2004=COLOUR_RGB('',0.901960784313726,0.901960784313726,0.901960784313726);
#2005=MANIFOLD_SOLID_BREP('Assembly - CATHODE_PLATE_TI v1',#1987);
#2006=MANIFOLD_SOLID_BREP('Assembly - CATHODE GRIP v1',#1988);
#2007=SHAPE_DEFINITION_REPRESENTATION(#3502,#2011);
#2008=SHAPE_DEFINITION_REPRESENTATION(#3503,#2012);
#2009=SHAPE_DEFINITION_REPRESENTATION(#3504,#2013);
#2010=SHAPE_DEFINITION_REPRESENTATION(#3507,#2014);
#2011=SHAPE_REPRESENTATION('ti_block_new v0',(#2015,#2205,#2242),#3491);
#2012=SHAPE_REPRESENTATION('ti_block v4 <1>',(#2015,#2204),#3492);
#2013=SHAPE_REPRESENTATION('Assembly - CATHODE_PLATE_TI v1',(#2015),#3493);
#2014=SHAPE_REPRESENTATION('Assembly - CATHODE GRIP v1',(#2015),#3494);
#2015=AXIS2_PLACEMENT_3D('',#2839,#2243,#2244);
#2016=AXIS2_PLACEMENT_3D('',#2840,#2245,#2246);
#2017=AXIS2_PLACEMENT_3D('',#2849,#2248,#2249);
#2018=AXIS2_PLACEMENT_3D('',#2852,#2251,#2252);
#2019=AXIS2_PLACEMENT_3D('',#2861,#2254,#2255);
#2020=AXIS2_PLACEMENT_3D('',#2864,#2257,#2258);
#2021=AXIS2_PLACEMENT_3D('',#2875,#2260,#2261);
#2022=AXIS2_PLACEMENT_3D('',#2878,#2263,#2264);
#2023=AXIS2_PLACEMENT_3D('',#2889,#2266,#2267);
#2024=AXIS2_PLACEMENT_3D('',#2892,#2269,#2270);
#2025=AXIS2_PLACEMENT_3D('',#2901,#2272,#2273);
#2026=AXIS2_PLACEMENT_3D('',#2904,#2275,#2276);
#2027=AXIS2_PLACEMENT_3D('',#2916,#2278,#2279);
#2028=AXIS2_PLACEMENT_3D('',#2919,#2281,#2282);
#2029=AXIS2_PLACEMENT_3D('',#2931,#2284,#2285);
#2030=AXIS2_PLACEMENT_3D('',#2934,#2287,#2288);
#2031=AXIS2_PLACEMENT_3D('',#2943,#2290,#2291);
#2032=AXIS2_PLACEMENT_3D('',#2946,#2293,#2294);
#2033=AXIS2_PLACEMENT_3D('',#2949,#2297,#2298);
#2034=AXIS2_PLACEMENT_3D('',#2952,#2301,#2302);
#2035=AXIS2_PLACEMENT_3D('',#2955,#2305,#2306);
#2036=AXIS2_PLACEMENT_3D('',#2958,#2309,#2310);
#2037=AXIS2_PLACEMENT_3D('',#2959,#2311,#2312);
#2038=AXIS2_PLACEMENT_3D('',#2961,#2313,#2314);
#2039=AXIS2_PLACEMENT_3D('',#2963,#2315,#2316);
#2040=AXIS2_PLACEMENT_3D('',#2964,#2317,#2318);
#2041=AXIS2_PLACEMENT_3D('',#2965,#2319,#2320);
#2042=AXIS2_PLACEMENT_3D('',#2967,#2321,#2322);
#2043=AXIS2_PLACEMENT_3D('',#2968,#2323,#2324);
#2044=AXIS2_PLACEMENT_3D('',#2970,#2325,#2326);
#2045=AXIS2_PLACEMENT_3D('',#2971,#2327,#2328);
#2046=AXIS2_PLACEMENT_3D('',#2973,#2329,#2330);
#2047=AXIS2_PLACEMENT_3D('',#2975,#2331,#2332);
#2048=AXIS2_PLACEMENT_3D('',#2976,#2333,#2334);
#2049=AXIS2_PLACEMENT_3D('',#2977,#2335,#2336);
#2050=AXIS2_PLACEMENT_3D('',#2988,#2337,#2338);
#2051=AXIS2_PLACEMENT_3D('',#2999,#2339,#2340);
#2052=AXIS2_PLACEMENT_3D('',#3001,#2341,#2342);
#2053=AXIS2_PLACEMENT_3D('',#3003,#2344,#2345);
#2054=AXIS2_PLACEMENT_3D('',#3005,#2347,#2348);
#2055=AXIS2_PLACEMENT_3D('',#3006,#2349,#2350);
#2056=AXIS2_PLACEMENT_3D('',#3017,#2351,#2352);
#2057=AXIS2_PLACEMENT_3D('',#3028,#2353,#2354);
#2058=AXIS2_PLACEMENT_3D('',#3030,#2355,#2356);
#2059=AXIS2_PLACEMENT_3D('',#3032,#2358,#2359);
#2060=AXIS2_PLACEMENT_3D('',#3034,#2361,#2362);
#2061=AXIS2_PLACEMENT_3D('',#3035,#2363,#2364);
#2062=AXIS2_PLACEMENT_3D('',#3036,#2365,#2366);
#2063=AXIS2_PLACEMENT_3D('',#3037,#2367,#2368);
#2064=AXIS2_PLACEMENT_3D('',#3038,#2369,#2370);
#2065=AXIS2_PLACEMENT_3D('',#3039,#2371,#2372);
#2066=AXIS2_PLACEMENT_3D('',#3041,#2373,#2374);
#2067=AXIS2_PLACEMENT_3D('',#3043,#2375,#2376);
#2068=AXIS2_PLACEMENT_3D('',#3044,#2377,#2378);
#2069=AXIS2_PLACEMENT_3D('',#3045,#2379,#2380);
#2070=AXIS2_PLACEMENT_3D('',#3047,#2381,#2382);
#2071=AXIS2_PLACEMENT_3D('',#3049,#2383,#2384);
#2072=AXIS2_PLACEMENT_3D('',#3050,#2385,#2386);
#2073=AXIS2_PLACEMENT_3D('',#3059,#2391,#2392);
#2074=AXIS2_PLACEMENT_3D('',#3068,#2397,#2398);
#2075=AXIS2_PLACEMENT_3D('',#3069,#2399,#2400);
#2076=AXIS2_PLACEMENT_3D('',#3074,#2402,#2403);
#2077=AXIS2_PLACEMENT_3D('',#3078,#2405,#2406);
#2078=AXIS2_PLACEMENT_3D('',#3082,#2408,#2409);
#2079=AXIS2_PLACEMENT_3D('',#3086,#2411,#2412);
#2080=AXIS2_PLACEMENT_3D('',#3090,#2414,#2415);
#2081=AXIS2_PLACEMENT_3D('',#3094,#2417,#2418);
#2082=AXIS2_PLACEMENT_3D('',#3095,#2419,#2420);
#2083=AXIS2_PLACEMENT_3D('',#3096,#2421,#2422);
#2084=AXIS2_PLACEMENT_3D('',#3100,#2424,#2425);
#2085=AXIS2_PLACEMENT_3D('',#3104,#2427,#2428);
#2086=AXIS2_PLACEMENT_3D('',#3108,#2430,#2431);
#2087=AXIS2_PLACEMENT_3D('',#3112,#2433,#2434);
#2088=AXIS2_PLACEMENT_3D('',#3116,#2436,#2437);
#2089=AXIS2_PLACEMENT_3D('',#3119,#2439,#2440);
#2090=AXIS2_PLACEMENT_3D('',#3120,#2441,#2442);
#2091=AXIS2_PLACEMENT_3D('',#3123,#2444,#2445);
#2092=AXIS2_PLACEMENT_3D('',#3124,#2446,#2447);
#2093=AXIS2_PLACEMENT_3D('',#3127,#2449,#2450);
#2094=AXIS2_PLACEMENT_3D('',#3131,#2453,#2454);
#2095=AXIS2_PLACEMENT_3D('',#3135,#2457,#2458);
#2096=AXIS2_PLACEMENT_3D('',#3136,#2459,#2460);
#2097=AXIS2_PLACEMENT_3D('',#3139,#2462,#2463);
#2098=AXIS2_PLACEMENT_3D('',#3140,#2464,#2465);
#2099=AXIS2_PLACEMENT_3D('',#3143,#2467,#2468);
#2100=AXIS2_PLACEMENT_3D('',#3147,#2471,#2472);
#2101=AXIS2_PLACEMENT_3D('',#3151,#2475,#2476);
#2102=AXIS2_PLACEMENT_3D('',#3152,#2477,#2478);
#2103=AXIS2_PLACEMENT_3D('',#3155,#2480,#2481);
#2104=AXIS2_PLACEMENT_3D('',#3156,#2482,#2483);
#2105=AXIS2_PLACEMENT_3D('',#3159,#2485,#2486);
#2106=AXIS2_PLACEMENT_3D('',#3163,#2489,#2490);
#2107=AXIS2_PLACEMENT_3D('',#3167,#2493,#2494);
#2108=AXIS2_PLACEMENT_3D('',#3168,#2495,#2496);
#2109=AXIS2_PLACEMENT_3D('',#3171,#2498,#2499);
#2110=AXIS2_PLACEMENT_3D('',#3172,#2500,#2501);
#2111=AXIS2_PLACEMENT_3D('',#3175,#2503,#2504);
#2112=AXIS2_PLACEMENT_3D('',#3179,#2507,#2508);
#2113=AXIS2_PLACEMENT_3D('',#3183,#2511,#2512);
#2114=AXIS2_PLACEMENT_3D('',#3184,#2513,#2514);
#2115=AXIS2_PLACEMENT_3D('',#3187,#2516,#2517);
#2116=AXIS2_PLACEMENT_3D('',#3188,#2518,#2519);
#2117=AXIS2_PLACEMENT_3D('',#3191,#2521,#2522);
#2118=AXIS2_PLACEMENT_3D('',#3195,#2525,#2526);
#2119=AXIS2_PLACEMENT_3D('',#3199,#2529,#2530);
#2120=AXIS2_PLACEMENT_3D('',#3200,#2531,#2532);
#2121=AXIS2_PLACEMENT_3D('',#3203,#2534,#2535);
#2122=AXIS2_PLACEMENT_3D('',#3204,#2536,#2537);
#2123=AXIS2_PLACEMENT_3D('',#3207,#2539,#2540);
#2124=AXIS2_PLACEMENT_3D('',#3211,#2543,#2544);
#2125=AXIS2_PLACEMENT_3D('',#3215,#2547,#2548);
#2126=AXIS2_PLACEMENT_3D('',#3216,#2549,#2550);
#2127=AXIS2_PLACEMENT_3D('',#3219,#2551,#2552);
#2128=AXIS2_PLACEMENT_3D('',#3221,#2553,#2554);
#2129=AXIS2_PLACEMENT_3D('',#3223,#2555,#2556);
#2130=AXIS2_PLACEMENT_3D('',#3225,#2557,#2558);
#2131=AXIS2_PLACEMENT_3D('',#3227,#2559,#2560);
#2132=AXIS2_PLACEMENT_3D('',#3229,#2561,#2562);
#2133=AXIS2_PLACEMENT_3D('',#3231,#2563,#2564);
#2134=AXIS2_PLACEMENT_3D('',#3232,#2565,#2566);
#2135=AXIS2_PLACEMENT_3D('',#3234,#2567,#2568);
#2136=AXIS2_PLACEMENT_3D('',#3236,#2569,#2570);
#2137=AXIS2_PLACEMENT_3D('',#3238,#2571,#2572);
#2138=AXIS2_PLACEMENT_3D('',#3243,#2574,#2575);
#2139=AXIS2_PLACEMENT_3D('',#3247,#2577,#2578);
#2140=AXIS2_PLACEMENT_3D('',#3251,#2580,#2581);
#2141=AXIS2_PLACEMENT_3D('',#3255,#2583,#2584);
#2142=AXIS2_PLACEMENT_3D('',#3256,#2585,#2586);
#2143=AXIS2_PLACEMENT_3D('',#3257,#2587,#2588);
#2144=AXIS2_PLACEMENT_3D('',#3261,#2590,#2591);
#2145=AXIS2_PLACEMENT_3D('',#3264,#2593,#2594);
#2146=AXIS2_PLACEMENT_3D('',#3265,#2595,#2596);
#2147=AXIS2_PLACEMENT_3D('',#3269,#2598,#2599);
#2148=AXIS2_PLACEMENT_3D('',#3272,#2601,#2602);
#2149=AXIS2_PLACEMENT_3D('',#3273,#2603,#2604);
#2150=AXIS2_PLACEMENT_3D('',#3277,#2606,#2607);
#2151=AXIS2_PLACEMENT_3D('',#3280,#2609,#2610);
#2152=AXIS2_PLACEMENT_3D('',#3281,#2611,#2612);
#2153=AXIS2_PLACEMENT_3D('',#3285,#2614,#2615);
#2154=AXIS2_PLACEMENT_3D('',#3288,#2617,#2618);
#2155=AXIS2_PLACEMENT_3D('',#3289,#2619,#2620);
#2156=AXIS2_PLACEMENT_3D('',#3291,#2621,#2622);
#2157=AXIS2_PLACEMENT_3D('',#3293,#2623,#2624);
#2158=AXIS2_PLACEMENT_3D('',#3295,#2625,#2626);
#2159=AXIS2_PLACEMENT_3D('',#3300,#2628,#2629);
#2160=AXIS2_PLACEMENT_3D('',#3304,#2631,#2632);
#2161=AXIS2_PLACEMENT_3D('',#3308,#2634,#2635);
#2162=AXIS2_PLACEMENT_3D('',#3312,#2637,#2638);
#2163=AXIS2_PLACEMENT_3D('',#3313,#2639,#2640);
#2164=AXIS2_PLACEMENT_3D('',#3314,#2641,#2642);
#2165=AXIS2_PLACEMENT_3D('',#3316,#2643,#2644);
#2166=AXIS2_PLACEMENT_3D('',#3320,#2647,#2648);
#2167=AXIS2_PLACEMENT_3D('',#3322,#2650,#2651);
#2168=AXIS2_PLACEMENT_3D('',#3324,#2653,#2654);
#2169=AXIS2_PLACEMENT_3D('',#3326,#2656,#2657);
#2170=AXIS2_PLACEMENT_3D('',#3328,#2659,#2660);
#2171=AXIS2_PLACEMENT_3D('',#3330,#2662,#2663);
#2172=AXIS2_PLACEMENT_3D('',#3332,#2665,#2666);
#2173=AXIS2_PLACEMENT_3D('',#3333,#2667,#2668);
#2174=AXIS2_PLACEMENT_3D('',#3334,#2669,#2670);
#2175=AXIS2_PLACEMENT_3D('',#3335,#2671,#2672);
#2176=AXIS2_PLACEMENT_3D('',#3336,#2673,#2674);
#2177=AXIS2_PLACEMENT_3D('',#3337,#2675,#2676);
#2178=AXIS2_PLACEMENT_3D('',#3338,#2677,#2678);
#2179=AXIS2_PLACEMENT_3D('',#3339,#2679,#2680);
#2180=AXIS2_PLACEMENT_3D('',#3340,#2681,#2682);
#2181=AXIS2_PLACEMENT_3D('',#3341,#2683,#2684);
#2182=AXIS2_PLACEMENT_3D('',#3342,#2685,#2686);
#2183=AXIS2_PLACEMENT_3D('',#3343,#2687,#2688);
#2184=AXIS2_PLACEMENT_3D('',#3344,#2689,#2690);
#2185=AXIS2_PLACEMENT_3D('',#3345,#2691,#2692);
#2186=AXIS2_PLACEMENT_3D('',#3346,#2693,#2694);
#2187=AXIS2_PLACEMENT_3D('',#3348,#2695,#2696);
#2188=AXIS2_PLACEMENT_3D('',#3349,#2697,#2698);
#2189=AXIS2_PLACEMENT_3D('',#3351,#2699,#2700);
#2190=AXIS2_PLACEMENT_3D('',#3352,#2701,#2702);
#2191=AXIS2_PLACEMENT_3D('',#3354,#2703,#2704);
#2192=AXIS2_PLACEMENT_3D('',#3355,#2705,#2706);
#2193=AXIS2_PLACEMENT_3D('',#3356,#2707,#2708);
#2194=AXIS2_PLACEMENT_3D('',#3357,#2709,#2710);
#2195=AXIS2_PLACEMENT_3D('',#3363,#2711,#2712);
#2196=AXIS2_PLACEMENT_3D('',#3369,#2713,#2714);
#2197=AXIS2_PLACEMENT_3D('',#3370,#2715,#2716);
#2198=AXIS2_PLACEMENT_3D('',#3376,#2717,#2718);
#2199=AXIS2_PLACEMENT_3D('',#3382,#2719,#2720);
#2200=AXIS2_PLACEMENT_3D('',#3383,#2721,#2722);
#2201=AXIS2_PLACEMENT_3D('',#3384,#2723,#2724);
#2202=AXIS2_PLACEMENT_3D('',#3385,#2725,#2726);
#2203=AXIS2_PLACEMENT_3D('',#3386,#2727,#2728);
#2204=AXIS2_PLACEMENT_3D('',#3387,#2729,#2730);
#2205=AXIS2_PLACEMENT_3D('',#3388,#2731,#2732);
#2206=AXIS2_PLACEMENT_3D('',#3389,#2733,#2734);
#2207=AXIS2_PLACEMENT_3D('',#3398,#2739,#2740);
#2208=AXIS2_PLACEMENT_3D('',#3402,#2742,#2743);
#2209=AXIS2_PLACEMENT_3D('',#3403,#2744,#2745);
#2210=AXIS2_PLACEMENT_3D('',#3404,#2746,#2747);
#2211=AXIS2_PLACEMENT_3D('',#3408,#2749,#2750);
#2212=AXIS2_PLACEMENT_3D('',#3409,#2751,#2752);
#2213=AXIS2_PLACEMENT_3D('',#3410,#2753,#2754);
#2214=AXIS2_PLACEMENT_3D('',#3413,#2757,#2758);
#2215=AXIS2_PLACEMENT_3D('',#3414,#2759,#2760);
#2216=AXIS2_PLACEMENT_3D('',#3420,#2764,#2765);
#2217=AXIS2_PLACEMENT_3D('',#3423,#2767,#2768);
#2218=AXIS2_PLACEMENT_3D('',#3427,#2770,#2771);
#2219=AXIS2_PLACEMENT_3D('',#3428,#2772,#2773);
#2220=AXIS2_PLACEMENT_3D('',#3431,#2775,#2776);
#2221=AXIS2_PLACEMENT_3D('',#3435,#2778,#2779);
#2222=AXIS2_PLACEMENT_3D('',#3436,#2780,#2781);
#2223=AXIS2_PLACEMENT_3D('',#3438,#2783,#2784);
#2224=AXIS2_PLACEMENT_3D('',#3444,#2788,#2789);
#2225=AXIS2_PLACEMENT_3D('',#3450,#2793,#2794);
#2226=AXIS2_PLACEMENT_3D('',#3451,#2795,#2796);
#2227=AXIS2_PLACEMENT_3D('',#3453,#2797,#2798);
#2228=AXIS2_PLACEMENT_3D('',#3455,#2799,#2800);
#2229=AXIS2_PLACEMENT_3D('',#3456,#2801,#2802);
#2230=AXIS2_PLACEMENT_3D('',#3458,#2803,#2804);
#2231=AXIS2_PLACEMENT_3D('',#3460,#2805,#2806);
#2232=AXIS2_PLACEMENT_3D('',#3464,#2808,#2809);
#2233=AXIS2_PLACEMENT_3D('',#3468,#2811,#2812);
#2234=AXIS2_PLACEMENT_3D('',#3469,#2813,#2814);
#2235=AXIS2_PLACEMENT_3D('',#3472,#2816,#2817);
#2236=AXIS2_PLACEMENT_3D('',#3475,#2819,#2820);
#2237=AXIS2_PLACEMENT_3D('',#3479,#2823,#2824);
#2238=AXIS2_PLACEMENT_3D('',#3480,#2825,#2826);
#2239=AXIS2_PLACEMENT_3D('',#3483,#2828,#2829);
#2240=AXIS2_PLACEMENT_3D('',#3486,#2832,#2833);
#2241=AXIS2_PLACEMENT_3D('',#3488,#2835,#2836);
#2242=AXIS2_PLACEMENT_3D('',#3489,#2837,#2838);
#2243=DIRECTION('',(0.,0.,1.));
#2244=DIRECTION('',(1.,0.,0.));
#2245=DIRECTION('',(0.,0.,-1.));
#2246=DIRECTION('',(-1.,0.,0.));
#2247=DIRECTION('',(0.,0.,1.));
#2248=DIRECTION('',(0.,0.,-1.));
#2249=DIRECTION('',(-1.,0.,0.));
#2250=DIRECTION('',(0.,0.,-1.));
#2251=DIRECTION('',(0.,0.,-1.));
#2252=DIRECTION('',(-1.,0.,0.));
#2253=DIRECTION('',(0.,0.,-1.));
#2254=DIRECTION('',(0.,0.,-1.));
#2255=DIRECTION('',(-1.,0.,0.));
#2256=DIRECTION('',(0.,0.,-1.));
#2257=DIRECTION('',(0.,0.,-1.));
#2258=DIRECTION('',(-1.,0.,0.));
#2259=DIRECTION('',(0.,0.,1.));
#2260=DIRECTION('',(0.,0.,-1.));
#2261=DIRECTION('',(-1.,0.,0.));
#2262=DIRECTION('',(0.,0.,-1.));
#2263=DIRECTION('',(0.,0.,-1.));
#2264=DIRECTION('',(0.554338945652073,0.832291014809933,0.));
#2265=DIRECTION('',(0.,0.,-1.));
#2266=DIRECTION('',(0.,0.,-1.));
#2267=DIRECTION('',(-1.,0.,0.));
#2268=DIRECTION('',(0.,0.,-1.));
#2269=DIRECTION('',(0.,0.,-1.));
#2270=DIRECTION('',(-1.,0.,0.));
#2271=DIRECTION('',(0.,0.,1.));
#2272=DIRECTION('',(0.,0.,-1.));
#2273=DIRECTION('',(-1.,0.,0.));
#2274=DIRECTION('',(0.,0.,-1.));
#2275=DIRECTION('',(0.,0.,-1.));
#2276=DIRECTION('',(-1.,0.,0.));
#2277=DIRECTION('',(0.,0.,-1.));
#2278=DIRECTION('',(0.,0.,-1.));
#2279=DIRECTION('',(-1.,0.,0.));
#2280=DIRECTION('',(0.,0.,-1.));
#2281=DIRECTION('',(0.,0.,-1.));
#2282=DIRECTION('',(-1.,0.,0.));
#2283=DIRECTION('',(0.,0.,1.));
#2284=DIRECTION('',(0.,0.,-1.));
#2285=DIRECTION('',(-1.,0.,0.));
#2286=DIRECTION('',(0.,0.,-1.));
#2287=DIRECTION('',(0.,0.,-1.));
#2288=DIRECTION('',(0.886824860574707,0.462105687767042,0.));
#2289=DIRECTION('',(0.,0.,-1.));
#2290=DIRECTION('',(0.,0.,-1.));
#2291=DIRECTION('',(-1.,0.,0.));
#2292=DIRECTION('',(0.,0.,-1.));
#2293=DIRECTION('',(1.,0.,0.));
#2294=DIRECTION('',(0.,0.,-1.));
#2295=DIRECTION('',(0.,-1.,0.));
#2296=DIRECTION('',(0.,-1.,0.));
#2297=DIRECTION('',(1.,0.,0.));
#2298=DIRECTION('',(0.,0.,-1.));
#2299=DIRECTION('',(0.,-1.,0.));
#2300=DIRECTION('',(0.,-1.,0.));
#2301=DIRECTION('',(1.,0.,0.));
#2302=DIRECTION('',(0.,0.,-1.));
#2303=DIRECTION('',(0.,-1.,0.));
#2304=DIRECTION('',(0.,-1.,0.));
#2305=DIRECTION('',(1.,0.,0.));
#2306=DIRECTION('',(0.,0.,-1.));
#2307=DIRECTION('',(0.,-1.,0.));
#2308=DIRECTION('',(0.,-1.,0.));
#2309=DIRECTION('',(0.,-1.,0.));
#2310=DIRECTION('',(0.,0.,-1.));
#2311=DIRECTION('',(0.,-1.,0.));
#2312=DIRECTION('',(0.,0.,-1.));
#2313=DIRECTION('',(0.,-1.,0.));
#2314=DIRECTION('',(0.,0.,-1.));
#2315=DIRECTION('',(0.,1.,0.));
#2316=DIRECTION('',(0.,0.,1.));
#2317=DIRECTION('',(0.,1.,0.));
#2318=DIRECTION('',(0.,0.,1.));
#2319=DIRECTION('',(0.,-1.,0.));
#2320=DIRECTION('',(0.,0.,-1.));
#2321=DIRECTION('',(0.,1.,0.));
#2322=DIRECTION('',(0.,0.,1.));
#2323=DIRECTION('',(0.,-1.,0.));
#2324=DIRECTION('',(0.,0.,-1.));
#2325=DIRECTION('',(-1.,0.,0.));
#2326=DIRECTION('',(0.,-1.,0.));
#2327=DIRECTION('',(-1.,1.85037170770859E-16,0.));
#2328=DIRECTION('',(-1.85037170770859E-16,-1.,0.));
#2329=DIRECTION('',(-1.,1.85037170770859E-16,0.));
#2330=DIRECTION('',(-1.85037170770859E-16,-1.,0.));
#2331=DIRECTION('',(1.,0.,0.));
#2332=DIRECTION('',(0.,1.,0.));
#2333=DIRECTION('',(-1.,0.,0.));
#2334=DIRECTION('',(0.,-1.,0.));
#2335=DIRECTION('',(-1.,1.85037170770859E-16,0.));
#2336=DIRECTION('',(-1.85037170770859E-16,-1.,0.));
#2337=DIRECTION('',(-1.,1.85037170770859E-16,0.));
#2338=DIRECTION('',(-1.85037170770859E-16,-1.,0.));
#2339=DIRECTION('',(1.,-1.85037170770859E-16,0.));
#2340=DIRECTION('',(1.85037170770859E-16,1.,0.));
#2341=DIRECTION('',(1.,0.,0.));
#2342=DIRECTION('',(0.,1.,0.));
#2343=DIRECTION('',(0.,0.,1.));
#2344=DIRECTION('',(1.,0.,0.));
#2345=DIRECTION('',(0.,1.,0.));
#2346=DIRECTION('',(0.,0.,1.));
#2347=DIRECTION('',(-1.,0.,0.));
#2348=DIRECTION('',(0.,-1.,0.));
#2349=DIRECTION('',(-1.,1.85037170770859E-16,0.));
#2350=DIRECTION('',(-1.85037170770859E-16,-1.,0.));
#2351=DIRECTION('',(-1.,1.85037170770859E-16,0.));
#2352=DIRECTION('',(-1.85037170770859E-16,-1.,0.));
#2353=DIRECTION('',(1.,-1.85037170770859E-16,0.));
#2354=DIRECTION('',(1.85037170770859E-16,1.,0.));
#2355=DIRECTION('',(1.,0.,0.));
#2356=DIRECTION('',(0.,1.,0.));
#2357=DIRECTION('',(0.,0.,1.));
#2358=DIRECTION('',(1.,0.,0.));
#2359=DIRECTION('',(0.,1.,0.));
#2360=DIRECTION('',(0.,0.,1.));
#2361=DIRECTION('',(0.,0.,-1.));
#2362=DIRECTION('',(-1.,0.,0.));
#2363=DIRECTION('',(0.,0.,1.));
#2364=DIRECTION('',(1.,0.,0.));
#2365=DIRECTION('',(0.,0.,-1.));
#2366=DIRECTION('',(-1.,0.,0.));
#2367=DIRECTION('',(0.,0.,1.));
#2368=DIRECTION('',(1.,0.,0.));
#2369=DIRECTION('',(-1.,0.,0.));
#2370=DIRECTION('',(0.,-1.,0.));
#2371=DIRECTION('',(-1.,1.85037170770859E-16,0.));
#2372=DIRECTION('',(-1.85037170770859E-16,-1.,0.));
#2373=DIRECTION('',(-1.,1.85037170770859E-16,0.));
#2374=DIRECTION('',(-1.85037170770859E-16,-1.,0.));
#2375=DIRECTION('',(1.,0.,0.));
#2376=DIRECTION('',(0.,1.,0.));
#2377=DIRECTION('',(-1.,0.,0.));
#2378=DIRECTION('',(0.,-1.,0.));
#2379=DIRECTION('',(-1.,1.85037170770859E-16,0.));
#2380=DIRECTION('',(-1.85037170770859E-16,-1.,0.));
#2381=DIRECTION('',(-1.,1.85037170770859E-16,0.));
#2382=DIRECTION('',(-1.85037170770859E-16,-1.,0.));
#2383=DIRECTION('',(1.,0.,0.));
#2384=DIRECTION('',(0.,1.,0.));
#2385=DIRECTION('',(0.707106781186548,-0.707106781186548,0.));
#2386=DIRECTION('',(0.707106781186548,0.707106781186548,0.));
#2387=DIRECTION('',(0.707106781186546,0.707106781186549,0.));
#2388=DIRECTION('',(-8.13151629364132E-17,8.13151629364128E-17,1.));
#2389=DIRECTION('',(0.707106781186546,0.707106781186549,0.));
#2390=DIRECTION('',(-8.13151629364132E-17,8.13151629364128E-17,1.));
#2391=DIRECTION('',(-0.707106781186548,0.707106781186548,0.));
#2392=DIRECTION('',(-0.707106781186548,-0.707106781186548,0.));
#2393=DIRECTION('',(0.707106781186546,0.707106781186549,0.));
#2394=DIRECTION('',(-8.13151629364132E-17,8.13151629364128E-17,1.));
#2395=DIRECTION('',(0.707106781186546,0.707106781186549,0.));
#2396=DIRECTION('',(-8.13151629364132E-17,8.13151629364128E-17,1.));
#2397=DIRECTION('',(0.,0.,1.));
#2398=DIRECTION('',(1.,0.,0.));
#2399=DIRECTION('',(0.,0.,1.));
#2400=DIRECTION('',(1.,0.,0.));
#2401=DIRECTION('',(0.707106781186548,0.707106781186548,0.));
#2402=DIRECTION('',(0.,0.,-1.));
#2403=DIRECTION('',(0.707106781186549,-0.707106781186546,0.));
#2404=DIRECTION('',(-0.707106781186548,-0.707106781186548,0.));
#2405=DIRECTION('',(0.,0.,1.));
#2406=DIRECTION('',(0.707106781186541,-0.707106781186554,0.));
#2407=DIRECTION('',(0.707106781186548,0.707106781186548,0.));
#2408=DIRECTION('',(0.,0.,-1.));
#2409=DIRECTION('',(0.707106781186547,-0.707106781186548,0.));
#2410=DIRECTION('',(-0.707106781186548,-0.707106781186548,0.));
#2411=DIRECTION('',(0.,0.,1.));
#2412=DIRECTION('',(0.707106781186551,-0.707106781186544,0.));
#2413=DIRECTION('',(0.707106781186548,0.707106781186548,0.));
#2414=DIRECTION('',(0.,0.,-1.));
#2415=DIRECTION('',(0.707106781186552,-0.707106781186543,0.));
#2416=DIRECTION('',(-0.707106781186547,-0.707106781186548,0.));
#2417=DIRECTION('',(0.,0.,1.));
#2418=DIRECTION('',(0.707106781186549,-0.707106781186546,0.));
#2419=DIRECTION('',(0.,0.,1.));
#2420=DIRECTION('',(1.,0.,0.));
#2421=DIRECTION('',(0.,0.,1.));
#2422=DIRECTION('',(0.70710678118655,-0.707106781186545,0.));
#2423=DIRECTION('',(-0.707106781186547,-0.707106781186548,0.));
#2424=DIRECTION('',(0.,0.,-1.));
#2425=DIRECTION('',(0.707106781186548,-0.707106781186547,0.));
#2426=DIRECTION('',(0.707106781186548,0.707106781186548,0.));
#2427=DIRECTION('',(0.,0.,1.));
#2428=DIRECTION('',(0.707106781186557,-0.707106781186538,0.));
#2429=DIRECTION('',(-0.707106781186548,-0.707106781186548,0.));
#2430=DIRECTION('',(0.,0.,-1.));
#2431=DIRECTION('',(0.707106781186544,-0.707106781186552,0.));
#2432=DIRECTION('',(0.707106781186548,0.707106781186548,0.));
#2433=DIRECTION('',(0.,0.,1.));
#2434=DIRECTION('',(0.707106781186516,-0.707106781186579,0.));
#2435=DIRECTION('',(-0.707106781186548,-0.707106781186548,0.));
#2436=DIRECTION('',(0.,0.,-1.));
#2437=DIRECTION('',(0.707106781186548,-0.707106781186547,0.));
#2438=DIRECTION('',(0.707106781186548,0.707106781186548,0.));
#2439=DIRECTION('',(0.,0.,1.));
#2440=DIRECTION('',(1.,0.,0.));
#2441=DIRECTION('',(0.,0.,1.));
#2442=DIRECTION('',(0.707106781186549,-0.707106781186546,0.));
#2443=DIRECTION('',(8.1315162936413E-17,-8.13151629364129E-17,1.));
#2444=DIRECTION('',(0.,0.,1.));
#2445=DIRECTION('',(1.,0.,0.));
#2446=DIRECTION('',(0.,0.,1.));
#2447=DIRECTION('',(0.70710678118655,-0.707106781186545,0.));
#2448=DIRECTION('',(8.1315162936413E-17,-8.13151629364129E-17,1.));
#2449=DIRECTION('',(-0.707106781186548,0.707106781186548,0.));
#2450=DIRECTION('',(-0.707106781186548,-0.707106781186548,0.));
#2451=DIRECTION('',(-0.707106781186547,-0.707106781186548,0.));
#2452=DIRECTION('',(8.1315162936413E-17,-8.13151629364129E-17,1.));
#2453=DIRECTION('',(0.707106781186548,-0.707106781186548,0.));
#2454=DIRECTION('',(0.707106781186548,0.707106781186548,0.));
#2455=DIRECTION('',(-0.707106781186547,-0.707106781186548,0.));
#2456=DIRECTION('',(8.1315162936413E-17,-8.13151629364129E-17,1.));
#2457=DIRECTION('',(0.,0.,-1.));
#2458=DIRECTION('',(-1.,0.,0.));
#2459=DIRECTION('',(0.,0.,-1.));
#2460=DIRECTION('',(0.707106781186552,-0.707106781186543,0.));
#2461=DIRECTION('',(-8.13151629364132E-17,8.13151629364128E-17,1.));
#2462=DIRECTION('',(0.,0.,-1.));
#2463=DIRECTION('',(-1.,0.,0.));
#2464=DIRECTION('',(0.,0.,-1.));
#2465=DIRECTION('',(0.707106781186548,-0.707106781186547,0.));
#2466=DIRECTION('',(-8.13151629364132E-17,8.13151629364128E-17,1.));
#2467=DIRECTION('',(0.707106781186548,-0.707106781186548,0.));
#2468=DIRECTION('',(0.707106781186548,0.707106781186548,0.));
#2469=DIRECTION('',(0.707106781186548,0.707106781186548,0.));
#2470=DIRECTION('',(-8.13151629364132E-17,8.13151629364128E-17,1.));
#2471=DIRECTION('',(-0.707106781186548,0.707106781186548,0.));
#2472=DIRECTION('',(-0.707106781186548,-0.707106781186548,0.));
#2473=DIRECTION('',(0.707106781186548,0.707106781186548,0.));
#2474=DIRECTION('',(-8.13151629364132E-17,8.13151629364128E-17,1.));
#2475=DIRECTION('',(0.,0.,1.));
#2476=DIRECTION('',(1.,0.,0.));
#2477=DIRECTION('',(0.,0.,1.));
#2478=DIRECTION('',(0.707106781186551,-0.707106781186544,0.));
#2479=DIRECTION('',(8.13151629364116E-17,-8.13151629364143E-17,1.));
#2480=DIRECTION('',(0.,0.,1.));
#2481=DIRECTION('',(1.,0.,0.));
#2482=DIRECTION('',(0.,0.,1.));
#2483=DIRECTION('',(0.707106781186557,-0.707106781186538,0.));
#2484=DIRECTION('',(8.13151629364116E-17,-8.13151629364143E-17,1.));
#2485=DIRECTION('',(-0.707106781186548,0.707106781186548,0.));
#2486=DIRECTION('',(-0.707106781186548,-0.707106781186548,0.));
#2487=DIRECTION('',(-0.707106781186548,-0.707106781186548,0.));
#2488=DIRECTION('',(8.13151629364129E-17,-8.1315162936413E-17,1.));
#2489=DIRECTION('',(0.707106781186548,-0.707106781186548,0.));
#2490=DIRECTION('',(0.707106781186548,0.707106781186548,0.));
#2491=DIRECTION('',(-0.707106781186548,-0.707106781186548,0.));
#2492=DIRECTION('',(8.13151629364129E-17,-8.1315162936413E-17,1.));
#2493=DIRECTION('',(0.,0.,-1.));
#2494=DIRECTION('',(-1.,0.,0.));
#2495=DIRECTION('',(0.,0.,-1.));
#2496=DIRECTION('',(0.707106781186547,-0.707106781186548,0.));
#2497=DIRECTION('',(-8.13151629364132E-17,8.13151629364128E-17,1.));
#2498=DIRECTION('',(0.,0.,-1.));
#2499=DIRECTION('',(-1.,0.,0.));
#2500=DIRECTION('',(0.,0.,-1.));
#2501=DIRECTION('',(0.707106781186544,-0.707106781186552,0.));
#2502=DIRECTION('',(-8.13151629364132E-17,8.13151629364128E-17,1.));
#2503=DIRECTION('',(0.707106781186548,-0.707106781186548,0.));
#2504=DIRECTION('',(0.707106781186548,0.707106781186548,0.));
#2505=DIRECTION('',(0.707106781186548,0.707106781186548,0.));
#2506=DIRECTION('',(-8.13151629364132E-17,8.13151629364128E-17,1.));
#2507=DIRECTION('',(-0.707106781186548,0.707106781186548,0.));
#2508=DIRECTION('',(-0.707106781186548,-0.707106781186548,0.));
#2509=DIRECTION('',(0.707106781186548,0.707106781186548,0.));
#2510=DIRECTION('',(-8.13151629364132E-17,8.13151629364128E-17,1.));
#2511=DIRECTION('',(0.,0.,1.));
#2512=DIRECTION('',(1.,0.,0.));
#2513=DIRECTION('',(0.,0.,1.));
#2514=DIRECTION('',(0.707106781186541,-0.707106781186554,0.));
#2515=DIRECTION('',(8.13151629364128E-17,-8.13151629364131E-17,1.));
#2516=DIRECTION('',(0.,0.,1.));
#2517=DIRECTION('',(1.,0.,0.));
#2518=DIRECTION('',(0.,0.,1.));
#2519=DIRECTION('',(0.707106781186516,-0.707106781186579,0.));
#2520=DIRECTION('',(8.13151629364128E-17,-8.13151629364131E-17,1.));
#2521=DIRECTION('',(-0.707106781186548,0.707106781186548,0.));
#2522=DIRECTION('',(-0.707106781186548,-0.707106781186548,0.));
#2523=DIRECTION('',(-0.707106781186548,-0.707106781186548,0.));
#2524=DIRECTION('',(8.1315162936413E-17,-8.1315162936413E-17,1.));
#2525=DIRECTION('',(0.707106781186548,-0.707106781186548,0.));
#2526=DIRECTION('',(0.707106781186548,0.707106781186548,0.));
#2527=DIRECTION('',(-0.707106781186548,-0.707106781186548,0.));
#2528=DIRECTION('',(8.1315162936413E-17,-8.1315162936413E-17,1.));
#2529=DIRECTION('',(0.,0.,-1.));
#2530=DIRECTION('',(-1.,0.,0.));
#2531=DIRECTION('',(0.,0.,-1.));
#2532=DIRECTION('',(0.707106781186549,-0.707106781186546,0.));
#2533=DIRECTION('',(-8.13151629364132E-17,8.13151629364128E-17,1.));
#2534=DIRECTION('',(0.,0.,-1.));
#2535=DIRECTION('',(-1.,0.,0.));
#2536=DIRECTION('',(0.,0.,-1.));
#2537=DIRECTION('',(0.707106781186548,-0.707106781186547,0.));
#2538=DIRECTION('',(-8.13151629364132E-17,8.13151629364128E-17,1.));
#2539=DIRECTION('',(0.707106781186548,-0.707106781186548,0.));
#2540=DIRECTION('',(0.707106781186548,0.707106781186548,0.));
#2541=DIRECTION('',(0.707106781186548,0.707106781186548,0.));
#2542=DIRECTION('',(-8.13151629364132E-17,8.13151629364128E-17,1.));
#2543=DIRECTION('',(-0.707106781186548,0.707106781186548,0.));
#2544=DIRECTION('',(-0.707106781186548,-0.707106781186548,0.));
#2545=DIRECTION('',(0.707106781186548,0.707106781186548,0.));
#2546=DIRECTION('',(-8.13151629364132E-17,8.13151629364128E-17,1.));
#2547=DIRECTION('',(0.,0.,1.));
#2548=DIRECTION('',(1.,0.,0.));
#2549=DIRECTION('',(0.,0.,1.));
#2550=DIRECTION('',(1.,0.,0.));
#2551=DIRECTION('',(0.,0.,1.));
#2552=DIRECTION('',(-1.,0.,0.));
#2553=DIRECTION('',(0.,0.,1.));
#2554=DIRECTION('',(1.,0.,0.));
#2555=DIRECTION('',(0.,0.,1.));
#2556=DIRECTION('',(-1.,0.,0.));
#2557=DIRECTION('',(0.,0.,1.));
#2558=DIRECTION('',(1.,0.,0.));
#2559=DIRECTION('',(0.,0.,1.));
#2560=DIRECTION('',(-1.,0.,0.));
#2561=DIRECTION('',(0.,0.,1.));
#2562=DIRECTION('',(1.,0.,0.));
#2563=DIRECTION('',(0.,0.,1.));
#2564=DIRECTION('',(-1.,0.,0.));
#2565=DIRECTION('',(0.,0.,1.));
#2566=DIRECTION('',(1.,0.,0.));
#2567=DIRECTION('',(0.,0.,1.));
#2568=DIRECTION('',(1.,0.,0.));
#2569=DIRECTION('',(0.,0.,1.));
#2570=DIRECTION('',(1.,0.,0.));
#2571=DIRECTION('',(0.,0.,1.));
#2572=DIRECTION('',(1.,0.,0.));
#2573=DIRECTION('',(1.,0.,0.));
#2574=DIRECTION('',(0.,0.,1.));
#2575=DIRECTION('',(1.,0.,0.));
#2576=DIRECTION('',(-1.85037170770859E-16,-1.,0.));
#2577=DIRECTION('',(0.,0.,1.));
#2578=DIRECTION('',(1.,0.,0.));
#2579=DIRECTION('',(1.,0.,0.));
#2580=DIRECTION('',(0.,0.,1.));
#2581=DIRECTION('',(1.,0.,0.));
#2582=DIRECTION('',(-1.85037170770859E-16,-1.,0.));
#2583=DIRECTION('',(0.,0.,1.));
#2584=DIRECTION('',(1.,0.,0.));
#2585=DIRECTION('',(0.,0.,1.));
#2586=DIRECTION('',(1.,0.,0.));
#2587=DIRECTION('',(0.,0.,1.));
#2588=DIRECTION('',(1.,0.,0.));
#2589=DIRECTION('',(0.,0.,-1.));
#2590=DIRECTION('',(0.,0.,-1.));
#2591=DIRECTION('',(-1.,0.,0.));
#2592=DIRECTION('',(0.,0.,-1.));
#2593=DIRECTION('',(0.,0.,1.));
#2594=DIRECTION('',(1.,0.,0.));
#2595=DIRECTION('',(0.,0.,1.));
#2596=DIRECTION('',(1.,0.,0.));
#2597=DIRECTION('',(0.,0.,-1.));
#2598=DIRECTION('',(0.,0.,-1.));
#2599=DIRECTION('',(-1.,0.,0.));
#2600=DIRECTION('',(0.,0.,-1.));
#2601=DIRECTION('',(0.,0.,1.));
#2602=DIRECTION('',(1.,0.,0.));
#2603=DIRECTION('',(0.,0.,1.));
#2604=DIRECTION('',(1.,0.,0.));
#2605=DIRECTION('',(0.,0.,-1.));
#2606=DIRECTION('',(0.,0.,-1.));
#2607=DIRECTION('',(-1.,0.,0.));
#2608=DIRECTION('',(0.,0.,-1.));
#2609=DIRECTION('',(0.,0.,1.));
#2610=DIRECTION('',(1.,0.,0.));
#2611=DIRECTION('',(0.,0.,1.));
#2612=DIRECTION('',(1.,0.,0.));
#2613=DIRECTION('',(0.,0.,-1.));
#2614=DIRECTION('',(0.,0.,-1.));
#2615=DIRECTION('',(-1.,0.,0.));
#2616=DIRECTION('',(0.,0.,-1.));
#2617=DIRECTION('',(0.,0.,1.));
#2618=DIRECTION('',(1.,0.,0.));
#2619=DIRECTION('',(0.,0.,1.));
#2620=DIRECTION('',(1.,0.,0.));
#2621=DIRECTION('',(0.,0.,1.));
#2622=DIRECTION('',(1.,0.,0.));
#2623=DIRECTION('',(0.,0.,1.));
#2624=DIRECTION('',(1.,0.,0.));
#2625=DIRECTION('',(0.,0.,1.));
#2626=DIRECTION('',(1.,0.,0.));
#2627=DIRECTION('',(-1.85037170770859E-16,-1.,0.));
#2628=DIRECTION('',(0.,0.,1.));
#2629=DIRECTION('',(1.,0.,0.));
#2630=DIRECTION('',(1.,0.,0.));
#2631=DIRECTION('',(0.,0.,1.));
#2632=DIRECTION('',(1.,0.,0.));
#2633=DIRECTION('',(-1.85037170770859E-16,-1.,0.));
#2634=DIRECTION('',(0.,0.,1.));
#2635=DIRECTION('',(1.,0.,0.));
#2636=DIRECTION('',(1.,0.,0.));
#2637=DIRECTION('',(0.,0.,1.));
#2638=DIRECTION('',(1.,0.,0.));
#2639=DIRECTION('',(0.,1.,0.));
#2640=DIRECTION('',(0.,0.,1.));
#2641=DIRECTION('',(0.,-1.,0.));
#2642=DIRECTION('',(0.,0.,-1.));
#2643=DIRECTION('',(0.,-1.,0.));
#2644=DIRECTION('',(0.,0.,-1.));
#2645=DIRECTION('',(0.,0.,-1.));
#2646=DIRECTION('',(0.,0.,-1.));
#2647=DIRECTION('',(0.,0.,-1.));
#2648=DIRECTION('',(-1.,0.,0.));
#2649=DIRECTION('',(0.,0.,-1.));
#2650=DIRECTION('',(1.,0.,0.));
#2651=DIRECTION('',(0.,1.,0.));
#2652=DIRECTION('',(0.,0.,-1.));
#2653=DIRECTION('',(0.,0.,1.));
#2654=DIRECTION('',(1.,0.,0.));
#2655=DIRECTION('',(0.,0.,-1.));
#2656=DIRECTION('',(0.,1.,0.));
#2657=DIRECTION('',(0.,0.,1.));
#2658=DIRECTION('',(0.,0.,-1.));
#2659=DIRECTION('',(0.,0.,-1.));
#2660=DIRECTION('',(-1.,0.,0.));
#2661=DIRECTION('',(0.,0.,-1.));
#2662=DIRECTION('',(1.,0.,0.));
#2663=DIRECTION('',(0.,1.,0.));
#2664=DIRECTION('',(0.,0.,-1.));
#2665=DIRECTION('',(0.,0.,1.));
#2666=DIRECTION('',(1.,0.,0.));
#2667=DIRECTION('',(0.,0.,1.));
#2668=DIRECTION('',(1.,0.,0.));
#2669=DIRECTION('',(0.,0.,1.));
#2670=DIRECTION('',(1.,0.,0.));
#2671=DIRECTION('',(0.,0.,1.));
#2672=DIRECTION('',(1.,0.,0.));
#2673=DIRECTION('',(0.,0.,1.));
#2674=DIRECTION('',(1.,0.,0.));
#2675=DIRECTION('',(0.,0.,-1.));
#2676=DIRECTION('',(-1.,0.,0.));
#2677=DIRECTION('',(0.,0.,1.));
#2678=DIRECTION('',(-1.,0.,0.));
#2679=DIRECTION('',(0.,0.,-1.));
#2680=DIRECTION('',(-1.,0.,0.));
#2681=DIRECTION('',(0.,0.,1.));
#2682=DIRECTION('',(-1.,0.,0.));
#2683=DIRECTION('',(0.,0.,-1.));
#2684=DIRECTION('',(-1.,0.,0.));
#2685=DIRECTION('',(0.,0.,1.));
#2686=DIRECTION('',(-1.,0.,0.));
#2687=DIRECTION('',(0.,0.,-1.));
#2688=DIRECTION('',(1.,0.,0.));
#2689=DIRECTION('',(0.,0.,1.));
#2690=DIRECTION('',(1.,0.,0.));
#2691=DIRECTION('',(0.,0.,1.));
#2692=DIRECTION('',(1.,0.,0.));
#2693=DIRECTION('',(0.,0.,-1.));
#2694=DIRECTION('',(-1.,0.,0.));
#2695=DIRECTION('',(0.,0.,1.));
#2696=DIRECTION('',(1.,0.,0.));
#2697=DIRECTION('',(0.,0.,-1.));
#2698=DIRECTION('',(-1.,0.,0.));
#2699=DIRECTION('',(0.,0.,1.));
#2700=DIRECTION('',(1.,0.,0.));
#2701=DIRECTION('',(0.,0.,1.));
#2702=DIRECTION('',(-1.,0.,0.));
#2703=DIRECTION('',(0.,0.,1.));
#2704=DIRECTION('',(1.,0.,0.));
#2705=DIRECTION('',(0.,0.,1.));
#2706=DIRECTION('',(1.,0.,0.));
#2707=DIRECTION('',(0.,0.,-1.));
#2708=DIRECTION('',(-1.,0.,0.));
#2709=DIRECTION('',(0.,0.,1.));
#2710=DIRECTION('',(-1.,0.,0.));
#2711=DIRECTION('',(0.,0.,1.));
#2712=DIRECTION('',(-1.,0.,0.));
#2713=DIRECTION('',(0.,0.,-1.));
#2714=DIRECTION('',(-1.,0.,0.));
#2715=DIRECTION('',(0.,0.,1.));
#2716=DIRECTION('',(-1.,0.,0.));
#2717=DIRECTION('',(0.,0.,1.));
#2718=DIRECTION('',(-1.,0.,0.));
#2719=DIRECTION('',(0.,0.,1.));
#2720=DIRECTION('',(-1.,0.,0.));
#2721=DIRECTION('',(0.,-1.,0.));
#2722=DIRECTION('',(0.,0.,-1.));
#2723=DIRECTION('',(0.,-1.,0.));
#2724=DIRECTION('',(0.,0.,-1.));
#2725=DIRECTION('',(0.,0.,-1.));
#2726=DIRECTION('',(1.,0.,0.));
#2727=DIRECTION('',(0.,0.,-1.));
#2728=DIRECTION('',(1.,0.,0.));
#2729=DIRECTION('',(0.,0.,1.));
#2730=DIRECTION('',(1.,0.,0.));
#2731=DIRECTION('',(0.,0.,1.));
#2732=DIRECTION('',(1.,0.,0.));
#2733=DIRECTION('',(-0.707106781186548,0.,-0.707106781186548));
#2734=DIRECTION('',(1.5770213417971E-16,1.,-1.5770213417971E-16));
#2735=DIRECTION('',(0.707106781186547,-3.06658683336675E-16,-0.707106781186548));
#2736=DIRECTION('',(3.1540426835942E-16,1.,0.));
#2737=DIRECTION('',(-0.707106781186547,3.06658683336675E-16,0.707106781186548));
#2738=DIRECTION('',(-3.1540426835942E-16,-1.,0.));
#2739=DIRECTION('',(1.,0.,0.));
#2740=DIRECTION('',(0.,-1.,1.22464679914735E-16));
#2741=DIRECTION('',(-0.707106781186547,3.06658683336675E-16,-0.707106781186548));
#2742=DIRECTION('',(-1.,3.1540426835942E-16,0.));
#2743=DIRECTION('',(-3.1540426835942E-16,-1.,0.));
#2744=DIRECTION('',(-1.,4.33680868994202E-16,0.));
#2745=DIRECTION('',(-4.33680868994202E-16,-1.,0.));
#2746=DIRECTION('',(1.,0.,0.));
#2747=DIRECTION('',(0.,1.,0.));
#2748=DIRECTION('',(0.707106781186546,-3.06658683336675E-16,0.707106781186549));
#2749=DIRECTION('',(-1.,4.33680868994202E-16,0.));
#2750=DIRECTION('',(-4.33680868994202E-16,-1.,0.));
#2751=DIRECTION('',(-1.,3.1540426835942E-16,0.));
#2752=DIRECTION('',(-3.1540426835942E-16,-1.,0.));
#2753=DIRECTION('',(0.707106781186548,0.,-0.707106781186548));
#2754=DIRECTION('',(-1.5770213417971E-16,-1.,-1.5770213417971E-16));
#2755=DIRECTION('',(-3.1540426835942E-16,-1.,0.));
#2756=DIRECTION('',(3.1540426835942E-16,1.,0.));
#2757=DIRECTION('',(-1.,0.,0.));
#2758=DIRECTION('',(0.,-1.,0.));
#2759=DIRECTION('',(0.,0.,1.));
#2760=DIRECTION('',(1.,0.,0.));
#2761=DIRECTION('',(1.,-3.1540426835942E-16,0.));
#2762=DIRECTION('',(1.,-3.1540426835942E-16,0.));
#2763=DIRECTION('',(-3.1540426835942E-16,-1.,0.));
#2764=DIRECTION('',(1.,0.,0.));
#2765=DIRECTION('',(0.,1.,0.));
#2766=DIRECTION('',(1.,-3.1540426835942E-16,0.));
#2767=DIRECTION('',(1.,-1.96261557335472E-16,0.));
#2768=DIRECTION('',(1.96261557335472E-16,1.,0.));
#2769=DIRECTION('',(1.,0.,0.));
#2770=DIRECTION('',(1.,-3.1540426835942E-16,0.));
#2771=DIRECTION('',(-3.1540426835942E-16,-1.,0.));
#2772=DIRECTION('',(1.,0.,0.));
#2773=DIRECTION('',(0.,-1.,1.22464679914735E-16));
#2774=DIRECTION('',(1.,-3.1540426835942E-16,0.));
#2775=DIRECTION('',(1.,-3.1540426835942E-16,0.));
#2776=DIRECTION('',(-3.1540426835942E-16,-1.,0.));
#2777=DIRECTION('',(1.,0.,0.));
#2778=DIRECTION('',(1.,-1.96261557335472E-16,0.));
#2779=DIRECTION('',(1.96261557335472E-16,1.,0.));
#2780=DIRECTION('',(0.,0.,1.));
#2781=DIRECTION('',(1.,0.,0.));
#2782=DIRECTION('',(-1.96261557335472E-16,-1.,0.));
#2783=DIRECTION('',(0.,1.,0.));
#2784=DIRECTION('',(0.,0.,1.));
#2785=DIRECTION('',(0.,0.,-1.));
#2786=DIRECTION('',(0.,0.,-1.));
#2787=DIRECTION('',(1.,0.,0.));
#2788=DIRECTION('',(0.,1.,0.));
#2789=DIRECTION('',(0.,0.,1.));
#2790=DIRECTION('',(0.,0.,-1.));
#2791=DIRECTION('',(0.,0.,-1.));
#2792=DIRECTION('',(1.,0.,0.));
#2793=DIRECTION('',(0.,0.,-1.));
#2794=DIRECTION('',(-1.,0.,0.));
#2795=DIRECTION('',(0.,0.,-1.));
#2796=DIRECTION('',(-1.,0.,0.));
#2797=DIRECTION('',(0.,0.,-1.));
#2798=DIRECTION('',(-1.,0.,0.));
#2799=DIRECTION('',(0.,0.,-1.));
#2800=DIRECTION('',(-1.,0.,0.));
#2801=DIRECTION('',(0.,0.,-1.));
#2802=DIRECTION('',(-1.,0.,0.));
#2803=DIRECTION('',(0.,0.,-1.));
#2804=DIRECTION('',(-1.,0.,0.));
#2805=DIRECTION('',(0.,0.,1.));
#2806=DIRECTION('',(1.,0.,0.));
#2807=DIRECTION('',(-1.96261557335472E-16,-1.,0.));
#2808=DIRECTION('',(0.,0.,-1.));
#2809=DIRECTION('',(1.,0.,0.));
#2810=DIRECTION('',(-1.96261557335472E-16,-1.,0.));
#2811=DIRECTION('',(0.,0.,-1.));
#2812=DIRECTION('',(1.,0.,0.));
#2813=DIRECTION('',(0.,0.,-1.));
#2814=DIRECTION('',(-1.,0.,0.));
#2815=DIRECTION('',(0.,0.,-1.));
#2816=DIRECTION('',(0.,0.,-1.));
#2817=DIRECTION('',(1.,0.,0.));
#2818=DIRECTION('',(0.,0.,-1.));
#2819=DIRECTION('',(1.,0.,0.));
#2820=DIRECTION('',(0.,1.,0.));
#2821=DIRECTION('',(-1.96261557335472E-16,-1.,0.));
#2822=DIRECTION('',(0.,0.,-1.));
#2823=DIRECTION('',(0.,0.,-1.));
#2824=DIRECTION('',(-1.,0.,0.));
#2825=DIRECTION('',(0.,0.,-1.));
#2826=DIRECTION('',(1.,0.,0.));
#2827=DIRECTION('',(0.,0.,-1.));
#2828=DIRECTION('',(1.,0.,0.));
#2829=DIRECTION('',(0.,1.,0.));
#2830=DIRECTION('',(-1.96261557335472E-16,-1.,0.));
#2831=DIRECTION('',(-1.96261557335472E-16,-1.,0.));
#2832=DIRECTION('',(0.,0.,1.));
#2833=DIRECTION('',(1.,0.,0.));
#2834=DIRECTION('',(-3.1540426835942E-16,-1.,0.));
#2835=DIRECTION('',(1.,0.,0.));
#2836=DIRECTION('',(0.,1.,0.));
#2837=DIRECTION('',(0.,0.,1.));
#2838=DIRECTION('',(1.,0.,0.));
#2839=CARTESIAN_POINT('',(0.,0.,0.));
#2840=CARTESIAN_POINT('',(-0.00925,0.0177323856263053,0.013375));
#2841=CARTESIAN_POINT('',(-0.0087875,0.01684576634499,0.0144972922606579));
#2842=CARTESIAN_POINT('',(-0.00841374384130369,0.0170407341592931,0.0150636028391365));
#2843=CARTESIAN_POINT('',(-0.00825,0.0173945361821874,0.0156784316407048));
#2844=CARTESIAN_POINT('',(-0.00825,0.0177323856263053,0.0162875));
#2845=CARTESIAN_POINT('',(-0.0087875,0.01684576634499,0.0144972922606579));
#2846=CARTESIAN_POINT('',(-0.00825,0.0177323856263053,0.0162875));
#2847=CARTESIAN_POINT('',(-0.00825,0.0177323856263053,0.0162875));
#2848=CARTESIAN_POINT('',(-0.00825,0.0177323856263053,0.013375));
#2849=CARTESIAN_POINT('',(-0.00925,0.0177323856263053,0.013375));
#2850=CARTESIAN_POINT('',(-0.0087875,0.01684576634499,0.013375));
#2851=CARTESIAN_POINT('',(-0.0087875,0.01684576634499,0.013375));
#2852=CARTESIAN_POINT('',(0.00925,0.0177323856263053,0.013375));
#2853=CARTESIAN_POINT('',(0.0087875,0.01684576634499,0.014497292260658));
#2854=CARTESIAN_POINT('',(0.00841374384130373,0.0170407341592932,0.0150636028391366));
#2855=CARTESIAN_POINT('',(0.00825,0.0173945361821874,0.0156784316407048));
#2856=CARTESIAN_POINT('',(0.00825,0.0177323856263053,0.0162875));
#2857=CARTESIAN_POINT('',(0.0087875,0.01684576634499,0.014497292260658));
#2858=CARTESIAN_POINT('',(0.00825,0.0177323856263053,0.0162875));
#2859=CARTESIAN_POINT('',(0.0087875,0.01684576634499,0.013375));
#2860=CARTESIAN_POINT('',(0.0087875,0.01684576634499,0.013375));
#2861=CARTESIAN_POINT('',(0.00925,0.0177323856263053,0.013375));
#2862=CARTESIAN_POINT('',(0.00825,0.0177323856263053,0.013375));
#2863=CARTESIAN_POINT('',(0.00825,0.0177323856263053,0.0162895));
#2864=CARTESIAN_POINT('',(0.00925,0.0221458235340211,0.013375));
#2865=CARTESIAN_POINT('',(0.00963541666666667,0.023068566181272,0.0136255779513563));
#2866=CARTESIAN_POINT('',(0.00941612204181384,0.0231601624715058,0.0137791861694476));
#2867=CARTESIAN_POINT('',(0.00899130602902599,0.0231628205921243,0.0141645582026634));
#2868=CARTESIAN_POINT('',(0.0084086429292655,0.0228264335930136,0.0150707592267095));
#2869=CARTESIAN_POINT('',(0.00825,0.0224152706882473,0.0158017459498763));
#2870=CARTESIAN_POINT('',(0.00825,0.0221458235340211,0.0162875));
#2871=CARTESIAN_POINT('',(0.00963541666666667,0.023068566181272,0.0136255779513563));
#2872=CARTESIAN_POINT('',(0.00825,0.0221458235340211,0.0162875));
#2873=CARTESIAN_POINT('',(0.00825,0.0221458235340211,0.0162875));
#2874=CARTESIAN_POINT('',(0.00825,0.0221458235340211,0.013375));
#2875=CARTESIAN_POINT('',(0.00925,0.0221458235340211,0.013375));
#2876=CARTESIAN_POINT('',(0.00963541666666667,0.0230685661812719,0.013375));
#2877=CARTESIAN_POINT('',(0.00963541666666667,0.0230685661812719,0.013375));
#2878=CARTESIAN_POINT('',(-0.00925,0.0221458235340211,0.013375));
#2879=CARTESIAN_POINT('',(-0.00963541666666667,0.023068566181272,0.0136255779513563));
#2880=CARTESIAN_POINT('',(-0.00941612204181384,0.0231601624715058,0.0137791861694476));
#2881=CARTESIAN_POINT('',(-0.00899130602902599,0.0231628205921243,0.0141645582026634));
#2882=CARTESIAN_POINT('',(-0.0084086429292655,0.0228264335930136,0.0150707592267095));
#2883=CARTESIAN_POINT('',(-0.00825,0.0224152706882473,0.0158017459498763));
#2884=CARTESIAN_POINT('',(-0.00825,0.0221458235340211,0.0162875));
#2885=CARTESIAN_POINT('',(-0.00963541666666667,0.023068566181272,0.0136255779513563));
#2886=CARTESIAN_POINT('',(-0.00825,0.0221458235340211,0.0162875));
#2887=CARTESIAN_POINT('',(-0.00963541666666667,0.0230685661812719,0.013375));
#2888=CARTESIAN_POINT('',(-0.00963541666666667,0.0230685661812719,0.013375));
#2889=CARTESIAN_POINT('',(-0.00925,0.0221458235340211,0.013375));
#2890=CARTESIAN_POINT('',(-0.00825,0.0221458235340211,0.013375));
#2891=CARTESIAN_POINT('',(-0.00825,0.0221458235340211,0.0162895));
#2892=CARTESIAN_POINT('',(-0.01375,0.0196707269819903,0.013375));
#2893=CARTESIAN_POINT('',(-0.0143229166666667,0.0204903406062399,0.0146770213466005));
#2894=CARTESIAN_POINT('',(-0.0146179520661441,0.0202841084346212,0.0151941721605422));
#2895=CARTESIAN_POINT('',(-0.01475,0.0199726041059459,0.0157432818349698));
#2896=CARTESIAN_POINT('',(-0.01475,0.0196707269819903,0.0162875));
#2897=CARTESIAN_POINT('',(-0.0143229166666667,0.0204903406062398,0.0146770213466005));
#2898=CARTESIAN_POINT('',(-0.01475,0.0196707269819903,0.0162875));
#2899=CARTESIAN_POINT('',(-0.01475,0.0196707269819903,0.0162875));
#2900=CARTESIAN_POINT('',(-0.01475,0.0196707269819903,0.013375));
#2901=CARTESIAN_POINT('',(-0.01375,0.0196707269819903,0.013375));
#2902=CARTESIAN_POINT('',(-0.0143229166666667,0.0204903406062398,0.013375));
#2903=CARTESIAN_POINT('',(-0.0143229166666667,0.0204903406062398,0.013375));
#2904=CARTESIAN_POINT('',(-0.01375,0.0145236875482778,0.013375));
#2905=CARTESIAN_POINT('',(-0.0130624999999997,0.0137975031708641,0.0134377467212054));
#2906=CARTESIAN_POINT('',(-0.0132766261697257,0.0135947836601375,0.0135551506181274));
#2907=CARTESIAN_POINT('',(-0.0138088064248096,0.0134489952000329,0.0139302624544862));
#2908=CARTESIAN_POINT('',(-0.0143659388838081,0.0136795064419246,0.0146731321404465));
#2909=CARTESIAN_POINT('',(-0.0146817771359338,0.0140692362631705,0.015468913295405));
#2910=CARTESIAN_POINT('',(-0.01475,0.0143722048107708,0.0160144098885217));
#2911=CARTESIAN_POINT('',(-0.01475,0.0145236875482778,0.0162875));
#2912=CARTESIAN_POINT('',(-0.0130625,0.0137975031708639,0.013437746721205));
#2913=CARTESIAN_POINT('',(-0.01475,0.0145236875482778,0.0162875));
#2914=CARTESIAN_POINT('',(-0.0130625,0.0137975031708639,0.013375));
#2915=CARTESIAN_POINT('',(-0.0130625,0.0137975031708639,0.013375));
#2916=CARTESIAN_POINT('',(-0.01375,0.0145236875482778,0.013375));
#2917=CARTESIAN_POINT('',(-0.01475,0.0145236875482778,0.013375));
#2918=CARTESIAN_POINT('',(-0.01475,0.0145236875482778,0.0162895));
#2919=CARTESIAN_POINT('',(0.01375,0.0145236875482778,0.013375));
#2920=CARTESIAN_POINT('',(0.0130625,0.013797503170864,0.0134377467212055));
#2921=CARTESIAN_POINT('',(0.013276626169726,0.0135947836601374,0.0135551506181275));
#2922=CARTESIAN_POINT('',(0.0138088064248097,0.013448995200033,0.0139302624544862));
#2923=CARTESIAN_POINT('',(0.0143659388838082,0.0136795064419245,0.0146731321404466));
#2924=CARTESIAN_POINT('',(0.0146817771359338,0.0140692362631708,0.015468913295405));
#2925=CARTESIAN_POINT('',(0.01475,0.0143722048107704,0.0160144098885219));
#2926=CARTESIAN_POINT('',(0.01475,0.0145236875482778,0.0162875));
#2927=CARTESIAN_POINT('',(0.0130625,0.0137975031708639,0.0134377467212054));
#2928=CARTESIAN_POINT('',(0.01475,0.0145236875482778,0.0162875));
#2929=CARTESIAN_POINT('',(0.01475,0.0145236875482778,0.0162875));
#2930=CARTESIAN_POINT('',(0.01475,0.0145236875482778,0.013375));
#2931=CARTESIAN_POINT('',(0.01375,0.0145236875482778,0.013375));
#2932=CARTESIAN_POINT('',(0.0130625,0.0137975031708639,0.013375));
#2933=CARTESIAN_POINT('',(0.0130625,0.0137975031708639,0.013375));
#2934=CARTESIAN_POINT('',(0.01375,0.0196707269819903,0.013375));
#2935=CARTESIAN_POINT('',(0.0143229166666667,0.0204903406062399,0.0146770213466005));
#2936=CARTESIAN_POINT('',(0.0146179520661441,0.0202841084346212,0.0151941721605422));
#2937=CARTESIAN_POINT('',(0.01475,0.0199726041059459,0.0157432818349698));
#2938=CARTESIAN_POINT('',(0.01475,0.0196707269819903,0.0162875));
#2939=CARTESIAN_POINT('',(0.0143229166666667,0.0204903406062398,0.0146770213466005));
#2940=CARTESIAN_POINT('',(0.01475,0.0196707269819903,0.0162875));
#2941=CARTESIAN_POINT('',(0.0143229166666667,0.0204903406062398,0.013375));
#2942=CARTESIAN_POINT('',(0.0143229166666667,0.0204903406062398,0.013375));
#2943=CARTESIAN_POINT('',(0.01375,0.0196707269819903,0.013375));
#2944=CARTESIAN_POINT('',(0.01475,0.0196707269819903,0.013375));
#2945=CARTESIAN_POINT('',(0.01475,0.0196707269819903,0.0162895));
#2946=CARTESIAN_POINT('',(0.01475,0.016080810345719,0.0162895));
#2947=CARTESIAN_POINT('',(0.01475,0.016080810345719,0.0162875));
#2948=CARTESIAN_POINT('',(0.01475,0.016080810345719,0.013375));
#2949=CARTESIAN_POINT('',(0.00825,0.0203574701635165,0.0162895));
#2950=CARTESIAN_POINT('',(0.00825,0.0203574701635165,0.013375));
#2951=CARTESIAN_POINT('',(0.00825,0.0203574701635165,0.0162875));
#2952=CARTESIAN_POINT('',(-0.00825,0.0203574701635165,0.0162895));
#2953=CARTESIAN_POINT('',(-0.00825,0.0203574701635165,0.0162875));
#2954=CARTESIAN_POINT('',(-0.00825,0.0203574701635165,0.013375));
#2955=CARTESIAN_POINT('',(-0.01475,0.016080810345719,0.0162895));
#2956=CARTESIAN_POINT('',(-0.01475,0.016080810345719,0.0162875));
#2957=CARTESIAN_POINT('',(-0.01475,0.016080810345719,0.013375));
#2958=CARTESIAN_POINT('',(-1.10218211923262E-20,0.0375,0.0162875));
#2959=CARTESIAN_POINT('',(-1.10218211923262E-20,0.0105,0.0162875));
#2960=CARTESIAN_POINT('',(-1.10218211923262E-20,0.0105,0.0140375));
#2961=CARTESIAN_POINT('',(-1.10218211923262E-20,0.0375,0.0162875));
#2962=CARTESIAN_POINT('',(-1.10218211923262E-20,0.0375,0.0140375));
#2963=CARTESIAN_POINT('',(0.00225,0.0105,0.0162875));
#2964=CARTESIAN_POINT('',(-0.00825,0.0115,0.0162875));
#2965=CARTESIAN_POINT('',(-0.0115,0.0115,0.0162875));
#2966=CARTESIAN_POINT('',(-0.0115,0.0115,0.0130375));
#2967=CARTESIAN_POINT('',(-0.00825,0.0115,0.0162875));
#2968=CARTESIAN_POINT('',(0.0115,0.0115,0.0162875));
#2969=CARTESIAN_POINT('',(0.0115,0.0115,0.0130375));
#2970=CARTESIAN_POINT('',(0.0275,0.02,0.0162875));
#2971=CARTESIAN_POINT('',(0.0225,0.02,0.0162875));
#2972=CARTESIAN_POINT('',(0.0225,0.01875,0.0162875));
#2973=CARTESIAN_POINT('',(0.0275,0.02,0.0162875));
#2974=CARTESIAN_POINT('',(0.0275,0.01875,0.0162875));
#2975=CARTESIAN_POINT('',(0.0225,0.02125,0.0162875));
#2976=CARTESIAN_POINT('',(0.0275,0.00707106781186547,0.0162875));
#2977=CARTESIAN_POINT('',(0.,0.00707106781186547,0.0162875));
#2978=CARTESIAN_POINT('',(-9.15287300441049E-19,0.00757106781186547,0.0168465169943749));
#2979=CARTESIAN_POINT('',(5.78241158658935E-20,0.00757106781186547,0.0157284830056251));
#2980=CARTESIAN_POINT('',(-2.07513999956447E-18,0.00657106781186547,0.0157284830056251));
#2981=CARTESIAN_POINT('',(0.000137047194601767,0.00657106781186547,0.0157284830056251));
#2982=CARTESIAN_POINT('',(0.000386189516295194,0.00667776669689007,0.0156204055890775));
#2983=CARTESIAN_POINT('',(0.000556682793905997,0.00706892366848752,0.0154961813366069));
#2984=CARTESIAN_POINT('',(0.00038706772306414,0.00746460823665834,0.0156198767878313));
#2985=CARTESIAN_POINT('',(0.000137310823941947,0.00757106781186548,0.0157284830056246));
#2986=CARTESIAN_POINT('',(-2.62260103540569E-17,0.00757106781186547,0.0157284830056246));
#2987=CARTESIAN_POINT('',(-1.08382929247495E-18,0.00657106781186547,0.0157284830056251));
#2988=CARTESIAN_POINT('',(0.,0.00707106781186547,0.0162875));
#2989=CARTESIAN_POINT('',(-1.27213054904966E-19,0.00657106781186547,0.0168465169943749));
#2990=CARTESIAN_POINT('',(0.000499999936418943,0.00707081565901905,0.0170374999576126));
#2991=CARTESIAN_POINT('',(0.000499861898605241,0.0067970971622637,0.01703740793241));
#2992=CARTESIAN_POINT('',(0.000274193571606762,0.00657106781186546,0.0168465169943751));
#2993=CARTESIAN_POINT('',(-1.06251237108325E-17,0.00657106781186547,0.0168465169943752));
#2994=CARTESIAN_POINT('',(0.000499999936418943,0.00707081565901905,0.0170374999576126));
#2995=CARTESIAN_POINT('',(-1.92309318626752E-18,0.00757106781186547,0.0168465169943749));
#2996=CARTESIAN_POINT('',(0.000274532446217675,0.00757106781186547,0.0168465169943749));
#2997=CARTESIAN_POINT('',(0.000500138378337383,0.00734533546477555,0.0170375922522184));
#2998=CARTESIAN_POINT('',(0.000499999936418939,0.00707081565901905,0.0170374999576126));
#2999=CARTESIAN_POINT('',(0.0215,0.00707106781186547,0.0162875));
#3000=CARTESIAN_POINT('',(0.0215,0.00782106781186547,0.0162875));
#3001=CARTESIAN_POINT('',(6.93889390390723E-20,-0.00632106781186547,0.0162875));
#3002=CARTESIAN_POINT('',(-1.61907524424502E-19,0.00657106781186547,0.011325));
#3003=CARTESIAN_POINT('',(6.93889390390723E-20,-0.00632106781186547,0.0162875));
#3004=CARTESIAN_POINT('',(2.31296463463574E-20,0.00757106781186547,0.011325));
#3005=CARTESIAN_POINT('',(0.0275,-0.00707106781186548,0.0162875));
#3006=CARTESIAN_POINT('',(0.,-0.00707106781186547,0.0162875));
#3007=CARTESIAN_POINT('',(-9.1398625783405E-19,-0.00657106781186547,0.0168465169943749));
#3008=CARTESIAN_POINT('',(5.78241158658934E-20,-0.00657106781186547,0.0157284830056251));
#3009=CARTESIAN_POINT('',(-2.07947680825451E-18,-0.00757106781186547,0.0157284830056251));
#3010=CARTESIAN_POINT('',(0.000137047194601766,-0.00757106781186547,0.0157284830056251));
#3011=CARTESIAN_POINT('',(0.000386189516295189,-0.00746436892684087,0.0156204055890775));
#3012=CARTESIAN_POINT('',(0.000556682793905994,-0.00707321195524342,0.0154961813366069));
#3013=CARTESIAN_POINT('',(0.000387067723064144,-0.0066775273870726,0.0156198767878313));
#3014=CARTESIAN_POINT('',(0.000137310823941945,-0.00657106781186546,0.0157284830056246));
#3015=CARTESIAN_POINT('',(-2.62664245182428E-17,-0.00657106781186547,0.0157284830056246));
#3016=CARTESIAN_POINT('',(-1.08599769681997E-18,-0.00757106781186547,0.0157284830056251));
#3017=CARTESIAN_POINT('',(0.,-0.00707106781186547,0.0162875));
#3018=CARTESIAN_POINT('',(-1.27213054904966E-19,-0.00757106781186547,0.0168465169943749));
#3019=CARTESIAN_POINT('',(0.000499999936418736,-0.0070713199651164,0.0170374999576125));
#3020=CARTESIAN_POINT('',(0.000499861898383656,-0.0073450384617386,0.0170374079322623));
#3021=CARTESIAN_POINT('',(0.00027419357147641,-0.00757106781186547,0.0168465169943752));
#3022=CARTESIAN_POINT('',(-1.0546193438849E-17,-0.00757106781186547,0.0168465169943752));
#3023=CARTESIAN_POINT('',(0.000499999936418736,-0.0070713199651164,0.0170374999576125));
#3024=CARTESIAN_POINT('',(-1.92049110105353E-18,-0.00657106781186547,0.016846516994375));
#3025=CARTESIAN_POINT('',(0.000274532446357411,-0.00657106781186547,0.016846516994375));
#3026=CARTESIAN_POINT('',(0.000500138378559342,-0.0067968001592188,0.0170375922523664));
#3027=CARTESIAN_POINT('',(0.000499999936418733,-0.0070713199651164,0.0170374999576125));
#3028=CARTESIAN_POINT('',(0.0215,-0.00707106781186547,0.0162875));
#3029=CARTESIAN_POINT('',(0.0215,-0.00632106781186547,0.0162875));
#3030=CARTESIAN_POINT('',(6.93889390390723E-20,-0.00632106781186547,0.0162875));
#3031=CARTESIAN_POINT('',(-1.61907524424502E-19,-0.00757106781186547,0.011325));
#3032=CARTESIAN_POINT('',(6.93889390390723E-20,-0.00632106781186547,0.0162875));
#3033=CARTESIAN_POINT('',(2.31296463463574E-20,-0.00657106781186547,0.011325));
#3034=CARTESIAN_POINT('',(0.0005,-0.00707106781186547,0.0170375));
#3035=CARTESIAN_POINT('',(-1.3010426069826E-18,-0.00707106781186547,0.0170375));
#3036=CARTESIAN_POINT('',(0.0005,-0.00707106781186547,0.0170375));
#3037=CARTESIAN_POINT('',(8.67361737988404E-19,0.00707106781186547,0.0170375));
#3038=CARTESIAN_POINT('',(0.0275,0.00707106781186547,0.0162875));
#3039=CARTESIAN_POINT('',(0.0215,0.00707106781186547,0.0162875));
#3040=CARTESIAN_POINT('',(0.0215,0.00582106781186547,0.0162875));
#3041=CARTESIAN_POINT('',(0.0275,0.00707106781186547,0.0162875));
#3042=CARTESIAN_POINT('',(0.0275,0.00582106781186547,0.0162875));
#3043=CARTESIAN_POINT('',(0.0215,-0.00582106781186547,0.0162875));
#3044=CARTESIAN_POINT('',(0.0275,-0.00707106781186547,0.0162875));
#3045=CARTESIAN_POINT('',(0.0215,-0.00707106781186547,0.0162875));
#3046=CARTESIAN_POINT('',(0.0215,-0.00832106781186547,0.0162875));
#3047=CARTESIAN_POINT('',(0.0275,-0.00707106781186547,0.0162875));
#3048=CARTESIAN_POINT('',(0.0275,-0.00832106781186547,0.0162875));
#3049=CARTESIAN_POINT('',(0.0215,-0.00582106781186547,0.0162875));
#3050=CARTESIAN_POINT('',(0.000353553390593274,-0.00742462120245875,0.011825));
#3051=CARTESIAN_POINT('',(0.000353553390593274,-0.00742462120245875,0.011325));
#3052=CARTESIAN_POINT('',(0.000353553390593275,-0.00742462120245875,0.011325));
#3053=CARTESIAN_POINT('',(0.00718891894206322,-0.000589255650988771,0.011325));
#3054=CARTESIAN_POINT('',(0.000353553390593274,-0.00742462120245875,0.011825));
#3055=CARTESIAN_POINT('',(0.000353553390593276,-0.00742462120245875,0.012325));
#3056=CARTESIAN_POINT('',(0.000353553390593274,-0.00742462120245875,0.012325));
#3057=CARTESIAN_POINT('',(0.00718891894206322,-0.000589255650988771,0.012325));
#3058=CARTESIAN_POINT('',(0.00718891894206322,-0.000589255650988767,0.011825));
#3059=CARTESIAN_POINT('',(-0.000353553390593276,-0.0067175144212722,0.011825));
#3060=CARTESIAN_POINT('',(-0.000353553390593276,-0.0067175144212722,0.012325));
#3061=CARTESIAN_POINT('',(-0.000353553390593275,-0.0067175144212722,0.012325));
#3062=CARTESIAN_POINT('',(0.00648181216087667,0.000117851130197781,0.012325));
#3063=CARTESIAN_POINT('',(-0.000353553390593276,-0.0067175144212722,0.011825));
#3064=CARTESIAN_POINT('',(-0.000353553390593275,-0.0067175144212722,0.011325));
#3065=CARTESIAN_POINT('',(-0.000353553390593276,-0.0067175144212722,0.011325));
#3066=CARTESIAN_POINT('',(0.00648181216087667,0.000117851130197781,0.011325));
#3067=CARTESIAN_POINT('',(0.00648181216087667,0.00011785113019778,0.011825));
#3068=CARTESIAN_POINT('',(-9.3512437376875E-19,-0.00707106781186547,0.012325));
#3069=CARTESIAN_POINT('',(8.67361737988404E-19,0.00707106781186547,0.012325));
#3070=CARTESIAN_POINT('',(-0.000353553390593264,0.00742462120245874,0.012325));
#3071=CARTESIAN_POINT('',(0.000353553390593289,0.00671751442127219,0.012325));
#3072=CARTESIAN_POINT('',(-0.00648181216087666,-0.000117851130197762,0.012325));
#3073=CARTESIAN_POINT('',(-0.00648181216087667,-0.000117851130197767,0.012325));
#3074=CARTESIAN_POINT('',(-0.00624610990048117,-0.000353553390593273,0.012325));
#3075=CARTESIAN_POINT('',(-0.00601040764008565,-0.000589255650988785,0.012325));
#3076=CARTESIAN_POINT('',(0.000589255650988793,0.00601040764008566,0.012325));
#3077=CARTESIAN_POINT('',(0.000589255650988788,0.00601040764008566,0.012325));
#3078=CARTESIAN_POINT('',(0.00153206469257085,0.00506759859850359,0.012325));
#3079=CARTESIAN_POINT('',(0.00247487373415293,0.00412478955692154,0.012325));
#3080=CARTESIAN_POINT('',(-0.00412478955692151,-0.00247487373415292,0.012325));
#3081=CARTESIAN_POINT('',(-0.00412478955692152,-0.00247487373415292,0.012325));
#3082=CARTESIAN_POINT('',(-0.00388908729652601,-0.00271057599454843,0.012325));
#3083=CARTESIAN_POINT('',(-0.0036533850361305,-0.00294627825494394,0.012325));
#3084=CARTESIAN_POINT('',(0.00294627825494396,0.00365338503613051,0.012325));
#3085=CARTESIAN_POINT('',(0.00294627825494395,0.00365338503613051,0.012325));
#3086=CARTESIAN_POINT('',(0.00388908729652601,0.00271057599454844,0.012325));
#3087=CARTESIAN_POINT('',(0.00483189633810809,0.00176776695296637,0.012325));
#3088=CARTESIAN_POINT('',(-0.00176776695296635,-0.00483189633810808,0.012325));
#3089=CARTESIAN_POINT('',(-0.00176776695296636,-0.00483189633810808,0.012325));
#3090=CARTESIAN_POINT('',(-0.00153206469257086,-0.00506759859850358,0.012325));
#3091=CARTESIAN_POINT('',(-0.00129636243217535,-0.00530330085889909,0.012325));
#3092=CARTESIAN_POINT('',(0.0053033008588991,0.00129636243217536,0.012325));
#3093=CARTESIAN_POINT('',(0.0053033008588991,0.00129636243217536,0.012325));
#3094=CARTESIAN_POINT('',(0.00624610990048116,0.000353553390593297,0.012325));
#3095=CARTESIAN_POINT('',(-1.3010426069826E-18,-0.00707106781186547,0.012325));
#3096=CARTESIAN_POINT('',(0.00624610990048116,0.000353553390593297,0.012325));
#3097=CARTESIAN_POINT('',(0.00601040764008564,0.000589255650988815,0.012325));
#3098=CARTESIAN_POINT('',(0.00601040764008564,0.000589255650988815,0.012325));
#3099=CARTESIAN_POINT('',(-0.0005892556509888,-0.00601040764008564,0.012325));
#3100=CARTESIAN_POINT('',(-0.00153206469257086,-0.00506759859850358,0.012325));
#3101=CARTESIAN_POINT('',(-0.00247487373415291,-0.00412478955692153,0.012325));
#3102=CARTESIAN_POINT('',(-0.0024748737341529,-0.00412478955692153,0.012325));
#3103=CARTESIAN_POINT('',(0.00412478955692154,0.00247487373415291,0.012325));
#3104=CARTESIAN_POINT('',(0.00388908729652601,0.00271057599454844,0.012325));
#3105=CARTESIAN_POINT('',(0.00365338503613051,0.00294627825494395,0.012325));
#3106=CARTESIAN_POINT('',(0.00365338503613051,0.00294627825494396,0.012325));
#3107=CARTESIAN_POINT('',(-0.00294627825494394,-0.0036533850361305,0.012325));
#3108=CARTESIAN_POINT('',(-0.00388908729652601,-0.00271057599454843,0.012325));
#3109=CARTESIAN_POINT('',(-0.00483189633810807,-0.00176776695296637,0.012325));
#3110=CARTESIAN_POINT('',(-0.00483189633810806,-0.00176776695296637,0.012325));
#3111=CARTESIAN_POINT('',(0.00176776695296638,0.00483189633810807,0.012325));
#3112=CARTESIAN_POINT('',(0.00153206469257085,0.00506759859850359,0.012325));
#3113=CARTESIAN_POINT('',(0.00129636243217534,0.00530330085889911,0.012325));
#3114=CARTESIAN_POINT('',(0.00129636243217534,0.00530330085889911,0.012325));
#3115=CARTESIAN_POINT('',(-0.00530330085889911,-0.00129636243217533,0.012325));
#3116=CARTESIAN_POINT('',(-0.00624610990048117,-0.000353553390593273,0.012325));
#3117=CARTESIAN_POINT('',(-0.00718891894206322,0.000589255650988786,0.012325));
#3118=CARTESIAN_POINT('',(-0.00718891894206322,0.000589255650988785,0.012325));
#3119=CARTESIAN_POINT('',(0.00624610990048116,0.000353553390593297,0.011325));
#3120=CARTESIAN_POINT('',(0.00624610990048116,0.000353553390593297,0.011325));
#3121=CARTESIAN_POINT('',(0.0053033008588991,0.00129636243217536,0.011325));
#3122=CARTESIAN_POINT('',(0.0053033008588991,0.00129636243217536,0.011825));
#3123=CARTESIAN_POINT('',(0.00624610990048116,0.000353553390593297,0.011325));
#3124=CARTESIAN_POINT('',(0.00624610990048116,0.000353553390593297,0.011325));
#3125=CARTESIAN_POINT('',(0.00601040764008564,0.000589255650988815,0.011325));
#3126=CARTESIAN_POINT('',(0.00601040764008564,0.000589255650988814,0.011825));
#3127=CARTESIAN_POINT('',(0.0053033008588991,0.00129636243217536,0.011825));
#3128=CARTESIAN_POINT('',(0.0053033008588991,0.00129636243217536,0.011325));
#3129=CARTESIAN_POINT('',(-0.00129636243217535,-0.00530330085889909,0.011325));
#3130=CARTESIAN_POINT('',(-0.00129636243217535,-0.00530330085889909,0.011825));
#3131=CARTESIAN_POINT('',(0.00601040764008564,0.000589255650988815,0.011825));
#3132=CARTESIAN_POINT('',(0.00601040764008564,0.000589255650988815,0.011325));
#3133=CARTESIAN_POINT('',(-0.0005892556509888,-0.00601040764008564,0.011325));
#3134=CARTESIAN_POINT('',(-0.000589255650988799,-0.00601040764008564,0.011825));
#3135=CARTESIAN_POINT('',(-0.00153206469257086,-0.00506759859850358,0.011325));
#3136=CARTESIAN_POINT('',(-0.00153206469257086,-0.00506759859850358,0.011325));
#3137=CARTESIAN_POINT('',(-0.00176776695296636,-0.00483189633810808,0.011325));
#3138=CARTESIAN_POINT('',(-0.00176776695296637,-0.00483189633810807,0.011825));
#3139=CARTESIAN_POINT('',(-0.00153206469257086,-0.00506759859850358,0.011325));
#3140=CARTESIAN_POINT('',(-0.00153206469257086,-0.00506759859850358,0.011325));
#3141=CARTESIAN_POINT('',(-0.00247487373415291,-0.00412478955692153,0.011325));
#3142=CARTESIAN_POINT('',(-0.00247487373415292,-0.00412478955692152,0.011825));
#3143=CARTESIAN_POINT('',(-0.00176776695296635,-0.00483189633810808,0.011825));
#3144=CARTESIAN_POINT('',(-0.00176776695296635,-0.00483189633810808,0.011325));
#3145=CARTESIAN_POINT('',(0.00483189633810809,0.00176776695296637,0.011325));
#3146=CARTESIAN_POINT('',(0.00483189633810809,0.00176776695296637,0.011825));
#3147=CARTESIAN_POINT('',(-0.0024748737341529,-0.00412478955692153,0.011825));
#3148=CARTESIAN_POINT('',(-0.0024748737341529,-0.00412478955692153,0.011325));
#3149=CARTESIAN_POINT('',(0.00412478955692154,0.00247487373415291,0.011325));
#3150=CARTESIAN_POINT('',(0.00412478955692154,0.00247487373415291,0.011825));
#3151=CARTESIAN_POINT('',(0.00388908729652601,0.00271057599454844,0.011325));
#3152=CARTESIAN_POINT('',(0.00388908729652601,0.00271057599454844,0.011325));
#3153=CARTESIAN_POINT('',(0.00294627825494395,0.00365338503613051,0.011325));
#3154=CARTESIAN_POINT('',(0.00294627825494396,0.00365338503613052,0.011825));
#3155=CARTESIAN_POINT('',(0.00388908729652601,0.00271057599454844,0.011325));
#3156=CARTESIAN_POINT('',(0.00388908729652601,0.00271057599454844,0.011325));
#3157=CARTESIAN_POINT('',(0.0036533850361305,0.00294627825494395,0.011325));
#3158=CARTESIAN_POINT('',(0.00365338503613051,0.00294627825494395,0.011825));
#3159=CARTESIAN_POINT('',(0.00294627825494396,0.00365338503613051,0.011825));
#3160=CARTESIAN_POINT('',(0.00294627825494396,0.00365338503613051,0.011325));
#3161=CARTESIAN_POINT('',(-0.0036533850361305,-0.00294627825494394,0.011325));
#3162=CARTESIAN_POINT('',(-0.0036533850361305,-0.00294627825494394,0.011825));
#3163=CARTESIAN_POINT('',(0.00365338503613051,0.00294627825494396,0.011825));
#3164=CARTESIAN_POINT('',(0.00365338503613051,0.00294627825494396,0.011325));
#3165=CARTESIAN_POINT('',(-0.00294627825494394,-0.0036533850361305,0.011325));
#3166=CARTESIAN_POINT('',(-0.00294627825494395,-0.0036533850361305,0.011825));
#3167=CARTESIAN_POINT('',(-0.00388908729652601,-0.00271057599454843,0.011325));
#3168=CARTESIAN_POINT('',(-0.00388908729652601,-0.00271057599454843,0.011325));
#3169=CARTESIAN_POINT('',(-0.00412478955692152,-0.00247487373415292,0.011325));
#3170=CARTESIAN_POINT('',(-0.00412478955692152,-0.00247487373415292,0.011825));
#3171=CARTESIAN_POINT('',(-0.00388908729652601,-0.00271057599454843,0.011325));
#3172=CARTESIAN_POINT('',(-0.00388908729652601,-0.00271057599454843,0.011325));
#3173=CARTESIAN_POINT('',(-0.00483189633810807,-0.00176776695296637,0.011325));
#3174=CARTESIAN_POINT('',(-0.00483189633810808,-0.00176776695296637,0.011825));
#3175=CARTESIAN_POINT('',(-0.00412478955692151,-0.00247487373415292,0.011825));
#3176=CARTESIAN_POINT('',(-0.00412478955692151,-0.00247487373415292,0.011325));
#3177=CARTESIAN_POINT('',(0.00247487373415293,0.00412478955692154,0.011325));
#3178=CARTESIAN_POINT('',(0.00247487373415294,0.00412478955692152,0.011825));
#3179=CARTESIAN_POINT('',(-0.00483189633810806,-0.00176776695296637,0.011825));
#3180=CARTESIAN_POINT('',(-0.00483189633810806,-0.00176776695296637,0.011325));
#3181=CARTESIAN_POINT('',(0.00176776695296638,0.00483189633810807,0.011325));
#3182=CARTESIAN_POINT('',(0.00176776695296639,0.00483189633810807,0.011825));
#3183=CARTESIAN_POINT('',(0.00153206469257085,0.00506759859850359,0.011325));
#3184=CARTESIAN_POINT('',(0.00153206469257085,0.00506759859850359,0.011325));
#3185=CARTESIAN_POINT('',(0.000589255650988788,0.00601040764008566,0.011325));
#3186=CARTESIAN_POINT('',(0.000589255650988792,0.00601040764008566,0.011825));
#3187=CARTESIAN_POINT('',(0.00153206469257085,0.00506759859850359,0.011325));
#3188=CARTESIAN_POINT('',(0.00153206469257085,0.00506759859850359,0.011325));
#3189=CARTESIAN_POINT('',(0.00129636243217534,0.00530330085889911,0.011325));
#3190=CARTESIAN_POINT('',(0.00129636243217534,0.00530330085889911,0.011825));
#3191=CARTESIAN_POINT('',(0.000589255650988792,0.00601040764008566,0.011825));
#3192=CARTESIAN_POINT('',(0.000589255650988792,0.00601040764008566,0.011325));
#3193=CARTESIAN_POINT('',(-0.00601040764008565,-0.000589255650988786,0.011325));
#3194=CARTESIAN_POINT('',(-0.00601040764008565,-0.000589255650988783,0.011825));
#3195=CARTESIAN_POINT('',(0.00129636243217534,0.00530330085889911,0.011825));
#3196=CARTESIAN_POINT('',(0.00129636243217534,0.00530330085889911,0.011325));
#3197=CARTESIAN_POINT('',(-0.0053033008588991,-0.00129636243217533,0.011325));
#3198=CARTESIAN_POINT('',(-0.0053033008588991,-0.00129636243217533,0.011825));
#3199=CARTESIAN_POINT('',(-0.00624610990048117,-0.000353553390593273,0.011325));
#3200=CARTESIAN_POINT('',(-0.00624610990048117,-0.000353553390593273,0.011325));
#3201=CARTESIAN_POINT('',(-0.00648181216087667,-0.000117851130197767,0.011325));
#3202=CARTESIAN_POINT('',(-0.00648181216087667,-0.000117851130197761,0.011825));
#3203=CARTESIAN_POINT('',(-0.00624610990048117,-0.000353553390593273,0.011325));
#3204=CARTESIAN_POINT('',(-0.00624610990048117,-0.000353553390593273,0.011325));
#3205=CARTESIAN_POINT('',(-0.00718891894206322,0.000589255650988783,0.011325));
#3206=CARTESIAN_POINT('',(-0.00718891894206322,0.000589255650988786,0.011825));
#3207=CARTESIAN_POINT('',(-0.00648181216087666,-0.000117851130197762,0.011825));
#3208=CARTESIAN_POINT('',(-0.00648181216087666,-0.000117851130197762,0.011325));
#3209=CARTESIAN_POINT('',(0.000353553390593289,0.00671751442127219,0.011325));
#3210=CARTESIAN_POINT('',(0.000353553390593293,0.0067175144212722,0.011825));
#3211=CARTESIAN_POINT('',(-0.00718891894206322,0.000589255650988785,0.011825));
#3212=CARTESIAN_POINT('',(-0.00718891894206322,0.000589255650988785,0.011325));
#3213=CARTESIAN_POINT('',(-0.000353553390593263,0.00742462120245874,0.011325));
#3214=CARTESIAN_POINT('',(-0.000353553390593257,0.00742462120245874,0.011825));
#3215=CARTESIAN_POINT('',(0.,0.,0.011525));
#3216=CARTESIAN_POINT('',(-0.0176776695296637,-0.0176776695296637,0.011525));
#3217=CARTESIAN_POINT('',(-0.0185391796624765,-0.0167719652230267,0.011525));
#3218=CARTESIAN_POINT('',(-0.0167719652230267,-0.0185391796624765,0.011525));
#3219=CARTESIAN_POINT('',(0.,-1.53080849893419E-18,0.011525));
#3220=CARTESIAN_POINT('',(0.0167719652230267,-0.0185391796624765,0.011525));
#3221=CARTESIAN_POINT('',(0.0176776695296637,-0.0176776695296637,0.011525));
#3222=CARTESIAN_POINT('',(0.0185391796624765,-0.0167719652230267,0.011525));
#3223=CARTESIAN_POINT('',(0.,-1.53080849893419E-18,0.011525));
#3224=CARTESIAN_POINT('',(0.0185391796624765,0.0167719652230267,0.011525));
#3225=CARTESIAN_POINT('',(0.0176776695296637,0.0176776695296637,0.011525));
#3226=CARTESIAN_POINT('',(0.0167719652230267,0.0185391796624765,0.011525));
#3227=CARTESIAN_POINT('',(0.,-1.53080849893419E-18,0.011525));
#3228=CARTESIAN_POINT('',(-0.0167719652230267,0.0185391796624765,0.011525));
#3229=CARTESIAN_POINT('',(-0.0176776695296637,0.0176776695296637,0.011525));
#3230=CARTESIAN_POINT('',(-0.0185391796624765,0.0167719652230267,0.011525));
#3231=CARTESIAN_POINT('',(0.,-1.53080849893419E-18,0.011525));
#3232=CARTESIAN_POINT('',(-0.02,-0.03,0.011525));
#3233=CARTESIAN_POINT('',(-0.0167,-0.03,0.011525));
#3234=CARTESIAN_POINT('',(0.02,-0.03,0.011525));
#3235=CARTESIAN_POINT('',(0.0233,-0.03,0.011525));
#3236=CARTESIAN_POINT('',(0.02,0.03,0.011525));
#3237=CARTESIAN_POINT('',(0.0233,0.03,0.011525));
#3238=CARTESIAN_POINT('',(-0.02,0.03,0.011525));
#3239=CARTESIAN_POINT('',(-0.0167,0.03,0.011525));
#3240=CARTESIAN_POINT('',(1.21430643318376E-17,0.0375,0.011525));
#3241=CARTESIAN_POINT('',(-0.0195,0.0375,0.011525));
#3242=CARTESIAN_POINT('',(0.0195,0.0375,0.011525));
#3243=CARTESIAN_POINT('',(0.0195,0.0295,0.011525));
#3244=CARTESIAN_POINT('',(0.0275,0.0295,0.011525));
#3245=CARTESIAN_POINT('',(0.0275,6.93889390390723E-18,0.011525));
#3246=CARTESIAN_POINT('',(0.0275,-0.0295,0.011525));
#3247=CARTESIAN_POINT('',(0.0195,-0.0295,0.011525));
#3248=CARTESIAN_POINT('',(0.0195,-0.0375,0.011525));
#3249=CARTESIAN_POINT('',(-6.93889390390723E-18,-0.0375,0.011525));
#3250=CARTESIAN_POINT('',(-0.0195,-0.0375,0.011525));
#3251=CARTESIAN_POINT('',(-0.0195,-0.0295,0.011525));
#3252=CARTESIAN_POINT('',(-0.0275,-0.0295,0.011525));
#3253=CARTESIAN_POINT('',(-0.0275,6.93889390390723E-18,0.011525));
#3254=CARTESIAN_POINT('',(-0.0275,0.0295,0.011525));
#3255=CARTESIAN_POINT('',(-0.0195,0.0295,0.011525));
#3256=CARTESIAN_POINT('',(-0.0176776695296637,-0.0176776695296637,0.));
#3257=CARTESIAN_POINT('',(-0.0176776695296637,-0.0176776695296637,0.02105));
#3258=CARTESIAN_POINT('',(-0.0164276695296637,-0.0176776695296637,0.02105));
#3259=CARTESIAN_POINT('',(-0.0185391796624765,-0.0167719652230267,0.01245));
#3260=CARTESIAN_POINT('',(-0.0185391796624765,-0.0167719652230267,0.013375));
#3261=CARTESIAN_POINT('',(-0.0176776695296637,-0.0176776695296637,0.013375));
#3262=CARTESIAN_POINT('',(-0.0167719652230267,-0.0185391796624765,0.013375));
#3263=CARTESIAN_POINT('',(-0.0167719652230267,-0.0185391796624765,0.01245));
#3264=CARTESIAN_POINT('',(0.0176776695296637,-0.0176776695296637,0.));
#3265=CARTESIAN_POINT('',(0.0176776695296637,-0.0176776695296637,0.02105));
#3266=CARTESIAN_POINT('',(0.0189276695296637,-0.0176776695296637,0.02105));
#3267=CARTESIAN_POINT('',(0.0167719652230267,-0.0185391796624765,0.01245));
#3268=CARTESIAN_POINT('',(0.0167719652230267,-0.0185391796624765,0.013375));
#3269=CARTESIAN_POINT('',(0.0176776695296637,-0.0176776695296637,0.013375));
#3270=CARTESIAN_POINT('',(0.0185391796624765,-0.0167719652230267,0.013375));
#3271=CARTESIAN_POINT('',(0.0185391796624765,-0.0167719652230267,0.01245));
#3272=CARTESIAN_POINT('',(0.0176776695296637,0.0176776695296637,0.));
#3273=CARTESIAN_POINT('',(0.0176776695296637,0.0176776695296637,0.02105));
#3274=CARTESIAN_POINT('',(0.0189276695296637,0.0176776695296637,0.02105));
#3275=CARTESIAN_POINT('',(0.0185391796624765,0.0167719652230267,0.01245));
#3276=CARTESIAN_POINT('',(0.0185391796624765,0.0167719652230267,0.013375));
#3277=CARTESIAN_POINT('',(0.0176776695296637,0.0176776695296637,0.013375));
#3278=CARTESIAN_POINT('',(0.0167719652230267,0.0185391796624765,0.013375));
#3279=CARTESIAN_POINT('',(0.0167719652230267,0.0185391796624765,0.01245));
#3280=CARTESIAN_POINT('',(-0.0176776695296637,0.0176776695296637,0.));
#3281=CARTESIAN_POINT('',(-0.0176776695296637,0.0176776695296637,0.02105));
#3282=CARTESIAN_POINT('',(-0.0164276695296637,0.0176776695296637,0.02105));
#3283=CARTESIAN_POINT('',(-0.0167719652230267,0.0185391796624765,0.01245));
#3284=CARTESIAN_POINT('',(-0.0167719652230267,0.0185391796624765,0.013375));
#3285=CARTESIAN_POINT('',(-0.0176776695296637,0.0176776695296637,0.013375));
#3286=CARTESIAN_POINT('',(-0.0185391796624765,0.0167719652230267,0.013375));
#3287=CARTESIAN_POINT('',(-0.0185391796624765,0.0167719652230267,0.01245));
#3288=CARTESIAN_POINT('',(0.,0.,0.02105));
#3289=CARTESIAN_POINT('',(-0.02,0.03,0.02105));
#3290=CARTESIAN_POINT('',(-0.0167,0.03,0.02105));
#3291=CARTESIAN_POINT('',(0.02,0.03,0.02105));
#3292=CARTESIAN_POINT('',(0.0233,0.03,0.02105));
#3293=CARTESIAN_POINT('',(0.02,-0.03,0.02105));
#3294=CARTESIAN_POINT('',(0.0233,-0.03,0.02105));
#3295=CARTESIAN_POINT('',(-0.02,-0.03,0.02105));
#3296=CARTESIAN_POINT('',(-0.0167,-0.03,0.02105));
#3297=CARTESIAN_POINT('',(0.0275,6.93889390390723E-18,0.02105));
#3298=CARTESIAN_POINT('',(0.0275,0.0295,0.02105));
#3299=CARTESIAN_POINT('',(0.0275,-0.0295,0.02105));
#3300=CARTESIAN_POINT('',(0.0195,0.0295,0.02105));
#3301=CARTESIAN_POINT('',(0.0195,0.0375,0.02105));
#3302=CARTESIAN_POINT('',(1.21430643318376E-17,0.0375,0.02105));
#3303=CARTESIAN_POINT('',(-0.0195,0.0375,0.02105));
#3304=CARTESIAN_POINT('',(-0.0195,0.0295,0.02105));
#3305=CARTESIAN_POINT('',(-0.0275,0.0295,0.02105));
#3306=CARTESIAN_POINT('',(-0.0275,6.93889390390723E-18,0.02105));
#3307=CARTESIAN_POINT('',(-0.0275,-0.0295,0.02105));
#3308=CARTESIAN_POINT('',(-0.0195,-0.0295,0.02105));
#3309=CARTESIAN_POINT('',(-0.0195,-0.0375,0.02105));
#3310=CARTESIAN_POINT('',(-6.93889390390723E-18,-0.0375,0.02105));
#3311=CARTESIAN_POINT('',(0.0195,-0.0375,0.02105));
#3312=CARTESIAN_POINT('',(0.0195,-0.0295,0.02105));
#3313=CARTESIAN_POINT('',(1.21430643318376E-17,0.0375,0.02105));
#3314=CARTESIAN_POINT('',(0.0115,0.0375,0.0162875));
#3315=CARTESIAN_POINT('',(0.0115,0.0375,0.0130375));
#3316=CARTESIAN_POINT('',(-0.0115,0.0375,0.0162875));
#3317=CARTESIAN_POINT('',(-0.0115,0.0375,0.0130375));
#3318=CARTESIAN_POINT('',(0.0195,0.0375,0.02105));
#3319=CARTESIAN_POINT('',(-0.0195,0.0375,0.02105));
#3320=CARTESIAN_POINT('',(0.0195,0.0295,0.02105));
#3321=CARTESIAN_POINT('',(0.0275,0.0295,0.02105));
#3322=CARTESIAN_POINT('',(0.0275,6.93889390390723E-18,0.02105));
#3323=CARTESIAN_POINT('',(0.0275,-0.0295,0.011525));
#3324=CARTESIAN_POINT('',(0.0195,-0.0295,0.02105));
#3325=CARTESIAN_POINT('',(0.0195,-0.0375,0.02105));
#3326=CARTESIAN_POINT('',(-6.93889390390723E-18,-0.0375,0.02105));
#3327=CARTESIAN_POINT('',(-0.0195,-0.0375,0.02105));
#3328=CARTESIAN_POINT('',(-0.0195,-0.0295,0.02105));
#3329=CARTESIAN_POINT('',(-0.0275,-0.0295,0.02105));
#3330=CARTESIAN_POINT('',(-0.0275,6.93889390390723E-18,0.02105));
#3331=CARTESIAN_POINT('',(-0.0275,0.0295,0.011525));
#3332=CARTESIAN_POINT('',(-0.0195,0.0295,0.02105));
#3333=CARTESIAN_POINT('',(-0.02,0.03,0.));
#3334=CARTESIAN_POINT('',(0.02,0.03,0.));
#3335=CARTESIAN_POINT('',(0.02,-0.03,0.));
#3336=CARTESIAN_POINT('',(-0.02,-0.03,0.));
#3337=CARTESIAN_POINT('',(0.,-1.53080849893419E-18,0.013375));
#3338=CARTESIAN_POINT('',(0.,-1.53080849893419E-18,0.013375));
#3339=CARTESIAN_POINT('',(0.,-1.53080849893419E-18,0.013375));
#3340=CARTESIAN_POINT('',(0.,-1.53080849893419E-18,0.013375));
#3341=CARTESIAN_POINT('',(0.,-1.53080849893419E-18,0.013375));
#3342=CARTESIAN_POINT('',(0.,-1.53080849893419E-18,0.013375));
#3343=CARTESIAN_POINT('',(0.,0.,0.011325));
#3344=CARTESIAN_POINT('',(8.67361737988404E-19,0.00707106781186547,0.011325));
#3345=CARTESIAN_POINT('',(-1.3010426069826E-18,-0.00707106781186547,0.011325));
#3346=CARTESIAN_POINT('',(0.,-6.73555739531044E-19,0.011325));
#3347=CARTESIAN_POINT('',(-0.011,-6.73555739531044E-19,0.011325));
#3348=CARTESIAN_POINT('',(0.,-6.73555739531044E-19,0.011323));
#3349=CARTESIAN_POINT('',(0.,-6.73555739531044E-19,0.011525));
#3350=CARTESIAN_POINT('',(-0.011,-6.73555739531044E-19,0.011525));
#3351=CARTESIAN_POINT('',(0.,0.,0.011525));
#3352=CARTESIAN_POINT('',(0.,-1.16341445918998E-18,0.011525));
#3353=CARTESIAN_POINT('',(-0.019,-1.16341445918998E-18,0.011525));
#3354=CARTESIAN_POINT('',(-1.3010426069826E-18,-0.00707106781186547,0.011325));
#3355=CARTESIAN_POINT('',(8.67361737988404E-19,0.00707106781186547,0.011325));
#3356=CARTESIAN_POINT('',(0.,-1.16341445918998E-18,0.013375));
#3357=CARTESIAN_POINT('',(0.,-1.16341445918998E-18,0.013375));
#3358=CARTESIAN_POINT('',(-0.0087875,0.01684576634499,0.0144972922606579));
#3359=CARTESIAN_POINT('',(-0.00930117715732903,0.0165778095226297,0.0137189751644716));
#3360=CARTESIAN_POINT('',(-0.0108867358265817,0.015668789774076,0.0127980830723096));
#3361=CARTESIAN_POINT('',(-0.0124107247388644,0.0144145578830934,0.0130803828563747));
#3362=CARTESIAN_POINT('',(-0.0130624999999998,0.0137975031708641,0.0134377467212053));
#3363=CARTESIAN_POINT('',(0.,-1.16341445918998E-18,0.013375));
#3364=CARTESIAN_POINT('',(0.0130625,0.013797503170864,0.0134377467212055));
#3365=CARTESIAN_POINT('',(0.0124094908941424,0.0144157259999971,0.0130797063478528));
#3366=CARTESIAN_POINT('',(0.0108991822813915,0.0156597961501497,0.0127972454294489));
#3367=CARTESIAN_POINT('',(0.0093029119346225,0.0165769045857361,0.0137163466519783));
#3368=CARTESIAN_POINT('',(0.0087875,0.01684576634499,0.014497292260658));
#3369=CARTESIAN_POINT('',(0.,-1.53080849893419E-18,0.013375));
#3370=CARTESIAN_POINT('',(0.,-1.53080849893419E-18,0.013375));
#3371=CARTESIAN_POINT('',(0.0143229166666667,0.0204903406062399,0.0146770213466005));
#3372=CARTESIAN_POINT('',(0.0138499229581863,0.0208209670999917,0.0138479375086501));
#3373=CARTESIAN_POINT('',(0.0123141319439772,0.021833952186567,0.0127755320563395));
#3374=CARTESIAN_POINT('',(0.010417666620126,0.0227418313430582,0.0130776392066946));
#3375=CARTESIAN_POINT('',(0.00963541666666666,0.0230685661812719,0.0136255779513563));
#3376=CARTESIAN_POINT('',(0.,-1.53080849893419E-18,0.013375));
#3377=CARTESIAN_POINT('',(-0.00963541666666666,0.0230685661812719,0.0136255779513563));
#3378=CARTESIAN_POINT('',(-0.0104175793269989,0.0227418678041734,0.0130777003524784));
#3379=CARTESIAN_POINT('',(-0.0123143515048339,0.0218338582514766,0.0127752895647248));
#3380=CARTESIAN_POINT('',(-0.01385025375581,0.0208207358697312,0.0138485173450379));
#3381=CARTESIAN_POINT('',(-0.0143229166666667,0.0204903406062398,0.0146770213466005));
#3382=CARTESIAN_POINT('',(0.,-1.53080849893419E-18,0.013375));
#3383=CARTESIAN_POINT('',(-0.0115,0.0375,0.0162875));
#3384=CARTESIAN_POINT('',(0.0115,0.0375,0.0162875));
#3385=CARTESIAN_POINT('',(0.,0.,0.013375));
#3386=CARTESIAN_POINT('',(0.,0.,0.013375));
#3387=CARTESIAN_POINT('',(-0.004865457762864,-0.00346334053404146,0.00482962242686882));
#3388=CARTESIAN_POINT('',(0.,0.,0.));
#3389=CARTESIAN_POINT('',(-0.0276776695296637,8.72965510789737E-18,0.03805));
#3390=CARTESIAN_POINT('',(-0.0276776695296637,0.007,0.03805));
#3391=CARTESIAN_POINT('',(-0.0276776695296637,0.007,0.03805));
#3392=CARTESIAN_POINT('',(-0.0256776695296637,0.007,0.03605));
#3393=CARTESIAN_POINT('',(-0.0256776695296637,0.007,0.03605));
#3394=CARTESIAN_POINT('',(-0.0256776695296637,-0.007,0.03605));
#3395=CARTESIAN_POINT('',(-0.0256776695296637,-0.007,0.03605));
#3396=CARTESIAN_POINT('',(-0.0276776695296637,-0.007,0.03805));
#3397=CARTESIAN_POINT('',(-0.0276776695296637,-0.007,0.03805));
#3398=CARTESIAN_POINT('',(-0.0256776695296637,-0.007,0.04005));
#3399=CARTESIAN_POINT('',(-0.0256776695296637,-0.007,0.04405));
#3400=CARTESIAN_POINT('',(-0.0256776695296637,-0.007,0.04405));
#3401=CARTESIAN_POINT('',(-0.0276776695296637,-0.007,0.04205));
#3402=CARTESIAN_POINT('',(-0.0276776695296637,-0.007,0.04005));
#3403=CARTESIAN_POINT('',(-0.0256776695296637,-0.007,0.04005));
#3404=CARTESIAN_POINT('',(-0.0256776695296637,0.007,0.04005));
#3405=CARTESIAN_POINT('',(-0.0276776695296637,0.007,0.04205));
#3406=CARTESIAN_POINT('',(-0.0276776695296637,0.007,0.04205));
#3407=CARTESIAN_POINT('',(-0.0256776695296637,0.007,0.04405));
#3408=CARTESIAN_POINT('',(-0.0256776695296637,0.007,0.04005));
#3409=CARTESIAN_POINT('',(-0.0276776695296637,0.007,0.04005));
#3410=CARTESIAN_POINT('',(-0.0256776695296637,-4.41565975703187E-18,0.04405));
#3411=CARTESIAN_POINT('',(-0.0256776695296637,-4.41565975703187E-18,0.04405));
#3412=CARTESIAN_POINT('',(-0.0276776695296637,8.72965510789737E-18,0.04205));
#3413=CARTESIAN_POINT('',(-0.0276776695296637,8.72965510789737E-18,0.03405));
#3414=CARTESIAN_POINT('',(-0.0276776695296637,8.35821311152462E-18,0.03605));
#3415=CARTESIAN_POINT('',(-0.0276776695296637,-0.007,0.03605));
#3416=CARTESIAN_POINT('',(-0.0176776695296637,-0.007,0.03605));
#3417=CARTESIAN_POINT('',(-0.0276776695296637,0.007,0.03605));
#3418=CARTESIAN_POINT('',(-0.0176776695296637,0.007,0.03605));
#3419=CARTESIAN_POINT('',(-0.0176776695296637,5.20417042793042E-18,0.03605));
#3420=CARTESIAN_POINT('',(-0.0276776695296637,0.007,0.04005));
#3421=CARTESIAN_POINT('',(-0.0276776695296637,0.007,0.04405));
#3422=CARTESIAN_POINT('',(-0.0116776695296637,0.007,0.04405));
#3423=CARTESIAN_POINT('',(-0.0116776695296637,0.007,0.04005));
#3424=CARTESIAN_POINT('',(-0.0116776695296637,0.011,0.04005));
#3425=CARTESIAN_POINT('',(-0.0146776695296637,0.011,0.04005));
#3426=CARTESIAN_POINT('',(-0.0176776695296637,0.011,0.04005));
#3427=CARTESIAN_POINT('',(-0.0176776695296637,0.007,0.04005));
#3428=CARTESIAN_POINT('',(-0.0276776695296637,-0.007,0.04005));
#3429=CARTESIAN_POINT('',(-0.0276776695296637,-0.007,0.04405));
#3430=CARTESIAN_POINT('',(-0.0116776695296637,-0.007,0.04405));
#3431=CARTESIAN_POINT('',(-0.0176776695296637,-0.007,0.04005));
#3432=CARTESIAN_POINT('',(-0.0176776695296637,-0.011,0.04005));
#3433=CARTESIAN_POINT('',(-0.0176776695296637,-0.011,0.04005));
#3434=CARTESIAN_POINT('',(-0.0116776695296637,-0.011,0.04005));
#3435=CARTESIAN_POINT('',(-0.0116776695296637,-0.007,0.04005));
#3436=CARTESIAN_POINT('',(-0.0176776695296637,-6.93889390390723E-18,0.04405));
#3437=CARTESIAN_POINT('',(-0.0116776695296637,-6.93889390390723E-18,0.04405));
#3438=CARTESIAN_POINT('',(-0.0146776695296637,-0.011,0.04405));
#3439=CARTESIAN_POINT('',(-0.0116776695296637,-0.011,0.04405));
#3440=CARTESIAN_POINT('',(-0.0116776695296637,-0.011,0.02405));
#3441=CARTESIAN_POINT('',(-0.0176776695296637,-0.011,0.04405));
#3442=CARTESIAN_POINT('',(-0.0176776695296637,-0.011,0.02405));
#3443=CARTESIAN_POINT('',(-0.0146776695296637,-0.011,0.02405));
#3444=CARTESIAN_POINT('',(-0.0146776695296637,0.011,0.04405));
#3445=CARTESIAN_POINT('',(-0.0176776695296637,0.011,0.04405));
#3446=CARTESIAN_POINT('',(-0.0176776695296637,0.011,0.02405));
#3447=CARTESIAN_POINT('',(-0.0116776695296637,0.011,0.04405));
#3448=CARTESIAN_POINT('',(-0.0116776695296637,0.011,0.02405));
#3449=CARTESIAN_POINT('',(-0.0146776695296637,0.011,0.02405));
#3450=CARTESIAN_POINT('',(-0.0176776695296637,0.0176776695296637,0.02405));
#3451=CARTESIAN_POINT('',(-0.0176776695296637,0.0176776695296637,0.02105));
#3452=CARTESIAN_POINT('',(-0.0192776695296637,0.0176776695296637,0.02105));
#3453=CARTESIAN_POINT('',(-0.0176776695296637,0.0176776695296637,0.02405));
#3454=CARTESIAN_POINT('',(-0.0192776695296637,0.0176776695296637,0.02405));
#3455=CARTESIAN_POINT('',(-0.0176776695296637,-0.0176776695296637,0.02405));
#3456=CARTESIAN_POINT('',(-0.0176776695296637,-0.0176776695296637,0.02105));
#3457=CARTESIAN_POINT('',(-0.0192776695296637,-0.0176776695296637,0.02105));
#3458=CARTESIAN_POINT('',(-0.0176776695296637,-0.0176776695296637,0.02405));
#3459=CARTESIAN_POINT('',(-0.0192776695296637,-0.0176776695296637,0.02405));
#3460=CARTESIAN_POINT('',(0.,0.,0.02105));
#3461=CARTESIAN_POINT('',(-0.0116776695296637,-6.93889390390723E-18,0.02105));
#3462=CARTESIAN_POINT('',(-0.0116776695296637,0.0176776695296637,0.02105));
#3463=CARTESIAN_POINT('',(-0.0116776695296637,-0.0176776695296637,0.02105));
#3464=CARTESIAN_POINT('',(-0.0176776695296637,-0.0176776695296637,0.02105));
#3465=CARTESIAN_POINT('',(-0.0236776695296637,-0.0176776695296637,0.02105));
#3466=CARTESIAN_POINT('',(-0.0236776695296637,-6.93889390390723E-18,0.02105));
#3467=CARTESIAN_POINT('',(-0.0236776695296637,0.0176776695296637,0.02105));
#3468=CARTESIAN_POINT('',(-0.0176776695296637,0.0176776695296637,0.02105));
#3469=CARTESIAN_POINT('',(-0.0176776695296637,-0.0176776695296637,0.02405));
#3470=CARTESIAN_POINT('',(-0.0116776695296637,-0.0176776695296637,0.02405));
#3471=CARTESIAN_POINT('',(-0.0116776695296637,-0.0176776695296637,0.02405));
#3472=CARTESIAN_POINT('',(-0.0176776695296637,-0.0176776695296637,0.02405));
#3473=CARTESIAN_POINT('',(-0.0236776695296637,-0.0176776695296637,0.02405));
#3474=CARTESIAN_POINT('',(-0.0236776695296637,-0.0176776695296637,0.02405));
#3475=CARTESIAN_POINT('',(-0.0236776695296637,-6.93889390390723E-18,0.02405));
#3476=CARTESIAN_POINT('',(-0.0236776695296637,-6.93889390390723E-18,0.02405));
#3477=CARTESIAN_POINT('',(-0.0236776695296637,0.0176776695296637,0.02405));
#3478=CARTESIAN_POINT('',(-0.0236776695296637,0.0176776695296637,0.02405));
#3479=CARTESIAN_POINT('',(-0.0176776695296637,0.0176776695296637,0.02405));
#3480=CARTESIAN_POINT('',(-0.0176776695296637,0.0176776695296637,0.02405));
#3481=CARTESIAN_POINT('',(-0.0116776695296637,0.0176776695296637,0.02405));
#3482=CARTESIAN_POINT('',(-0.0116776695296637,0.0176776695296637,0.02405));
#3483=CARTESIAN_POINT('',(-0.0116776695296637,-6.93889390390723E-18,0.02405));
#3484=CARTESIAN_POINT('',(-0.0116776695296637,-6.93889390390723E-18,0.02405));
#3485=CARTESIAN_POINT('',(-0.0116776695296637,-6.93889390390723E-18,0.02405));
#3486=CARTESIAN_POINT('',(0.,0.,0.02405));
#3487=CARTESIAN_POINT('',(-0.0176776695296637,0.,0.02405));
#3488=CARTESIAN_POINT('',(-0.0176776695296637,0.,0.04405));
#3489=CARTESIAN_POINT('',(-0.00486545776286391,-0.00346334053404135,0.00482962242686884));
#3490=MECHANICAL_DESIGN_GEOMETRIC_PRESENTATION_REPRESENTATION('',(#1989,
#1990),#3491);
#3491=(
GEOMETRIC_REPRESENTATION_CONTEXT(3)
GLOBAL_UNCERTAINTY_ASSIGNED_CONTEXT((#3495))
GLOBAL_UNIT_ASSIGNED_CONTEXT((#3501,#3500,#3499))
REPRESENTATION_CONTEXT('ti_block_new v0','TOP_LEVEL_ASSEMBLY_PART')
);
#3492=(
GEOMETRIC_REPRESENTATION_CONTEXT(3)
GLOBAL_UNCERTAINTY_ASSIGNED_CONTEXT((#3496))
GLOBAL_UNIT_ASSIGNED_CONTEXT((#3501,#3500,#3499))
REPRESENTATION_CONTEXT('ti_block v4 <1>','COMPONENT_PART')
);
#3493=(
GEOMETRIC_REPRESENTATION_CONTEXT(3)
GLOBAL_UNCERTAINTY_ASSIGNED_CONTEXT((#3497))
GLOBAL_UNIT_ASSIGNED_CONTEXT((#3501,#3500,#3499))
REPRESENTATION_CONTEXT('Assembly - CATHODE_PLATE_TI v1',
'COMPONENT_PART')
);
#3494=(
GEOMETRIC_REPRESENTATION_CONTEXT(3)
GLOBAL_UNCERTAINTY_ASSIGNED_CONTEXT((#3498))
GLOBAL_UNIT_ASSIGNED_CONTEXT((#3501,#3500,#3499))
REPRESENTATION_CONTEXT('Assembly - CATHODE GRIP v1','COMPONENT_PART')
);
#3495=UNCERTAINTY_MEASURE_WITH_UNIT(LENGTH_MEASURE(1.E-8),#3501,
'DISTANCE_ACCURACY_VALUE','Maximum Tolerance applied to model');
#3496=UNCERTAINTY_MEASURE_WITH_UNIT(LENGTH_MEASURE(1.E-8),#3501,
'DISTANCE_ACCURACY_VALUE','Maximum Tolerance applied to model');
#3497=UNCERTAINTY_MEASURE_WITH_UNIT(LENGTH_MEASURE(2.E-5),#3501,
'DISTANCE_ACCURACY_VALUE','Maximum Tolerance applied to model');
#3498=UNCERTAINTY_MEASURE_WITH_UNIT(LENGTH_MEASURE(1.E-8),#3501,
'DISTANCE_ACCURACY_VALUE','Maximum Tolerance applied to model');
#3499=(
NAMED_UNIT(*)
SI_UNIT($,.STERADIAN.)
SOLID_ANGLE_UNIT()
);
#3500=(
NAMED_UNIT(*)
PLANE_ANGLE_UNIT()
SI_UNIT($,.RADIAN.)
);
#3501=(
LENGTH_UNIT()
NAMED_UNIT(*)
SI_UNIT($,.METRE.)
);
#3502=PRODUCT_DEFINITION_SHAPE('','',#3509);
#3503=PRODUCT_DEFINITION_SHAPE('','',#3510);
#3504=PRODUCT_DEFINITION_SHAPE('','',#3511);
#3505=PRODUCT_DEFINITION_SHAPE(' ','NAUO PRDDFN',#15);
#3506=PRODUCT_DEFINITION_SHAPE(' ','NAUO PRDDFN',#16);
#3507=PRODUCT_DEFINITION_SHAPE('','',#3512);
#3508=PRODUCT_DEFINITION_SHAPE(' ','NAUO PRDDFN',#17);
#3509=PRODUCT_DEFINITION('','',#3517,#3513);
#3510=PRODUCT_DEFINITION('','',#3518,#3514);
#3511=PRODUCT_DEFINITION('','',#3519,#3515);
#3512=PRODUCT_DEFINITION('','',#3520,#3516);
#3513=PRODUCT_DEFINITION_CONTEXT('',#3538,'design');
#3514=PRODUCT_DEFINITION_CONTEXT('',#3538,'design');
#3515=PRODUCT_DEFINITION_CONTEXT('',#3538,'design');
#3516=PRODUCT_DEFINITION_CONTEXT('',#3538,'design');
#3517=PRODUCT_DEFINITION_FORMATION_WITH_SPECIFIED_SOURCE('','',#3525,
 .NOT_KNOWN.);
#3518=PRODUCT_DEFINITION_FORMATION_WITH_SPECIFIED_SOURCE('','',#3526,
 .NOT_KNOWN.);
#3519=PRODUCT_DEFINITION_FORMATION_WITH_SPECIFIED_SOURCE('','',#3527,
 .NOT_KNOWN.);
#3520=PRODUCT_DEFINITION_FORMATION_WITH_SPECIFIED_SOURCE('','',#3528,
 .NOT_KNOWN.);
#3521=PRODUCT_RELATED_PRODUCT_CATEGORY('','',(#3525));
#3522=PRODUCT_RELATED_PRODUCT_CATEGORY('','',(#3526));
#3523=PRODUCT_RELATED_PRODUCT_CATEGORY('','',(#3527));
#3524=PRODUCT_RELATED_PRODUCT_CATEGORY('','',(#3528));
#3525=PRODUCT('ti_block_new v0','ti_block_new v0','ti_block_new v0',(#3533));
#3526=PRODUCT('ti_block v4 <1>','ti_block v4 <1>','ti_block v4 <1>',(#3534));
#3527=PRODUCT('Assembly - CATHODE_PLATE_TI v1',
'Assembly - CATHODE_PLATE_TI v1','Assembly - CATHODE_PLATE_TI v1',(#3535));
#3528=PRODUCT('Assembly - CATHODE GRIP v1','Assembly - CATHODE GRIP v1',
'Assembly - CATHODE GRIP v1',(#3536));
#3529=PRODUCT_CATEGORY('','');
#3530=PRODUCT_CATEGORY('','');
#3531=PRODUCT_CATEGORY('','');
#3532=PRODUCT_CATEGORY('','');
#3533=PRODUCT_CONTEXT('',#3538,'mechanical');
#3534=PRODUCT_CONTEXT('',#3538,'mechanical');
#3535=PRODUCT_CONTEXT('',#3538,'mechanical');
#3536=PRODUCT_CONTEXT('',#3538,'mechanical');
#3537=APPLICATION_PROTOCOL_DEFINITION('international standard',
'ap242_managed_model_based_3d_engineering',2020,#3538);
#3538=APPLICATION_CONTEXT('managed model based 3d engineering');
ENDSEC;
END-ISO-10303-21;
