# flattened material 0.796078_0.823529_0.937255_0.000000_0.000000 for MuJoCo from ti_presser.obj
v -0.0383038 0.0430656 0.02308 
v -0.0341202 0.0451256 0.02308 
v -0.0340375 0.0444832 0.02308 
v -0.036373 0.0390102 0.02308 
v -0.0370205 0.0399628 0.02308 
v -0.0330214 0.0419872 0.02308 
v -0.0375653 0.0409778 0.02308 
v -0.0333769 0.0425769 0.02308 
v -0.0380014 0.042044 0.02308 
v -0.0336679 0.0432009 0.02308 
v -0.0338913 0.0438522 0.02308 
v -0.0341375 0.0458139 0.02308 
v -0.0319541 0.0355484 0.02308 
v -0.0304409 0.0397672 0.02308 
v -0.0298432 0.0395176 0.02308 
v -0.0338891 0.0366256 0.02308 
v -0.0316121 0.0404877 0.02308 
v -0.0310456 0.0400964 0.02308 
v -0.0347987 0.0373324 0.02308 
v -0.0321341 0.0409367 0.02308 
v -0.0356296 0.0381302 0.02308 
v -0.0326056 0.0414384 0.02308 
v -0.0292275 0.0393297 0.02308 
v -0.0329108 0.0360174 0.02308 
v -0.0340599 0.0466504 0.02308 
v -0.0340819 0.0465002 0.02308 
v -0.0285559 0.0391977 0.02308 
v -0.0278742 0.039137 0.02308 
v -0.0277102 0.0391332 0.02308 
v -0.0232647 0.0557688 0.02308 
v -0.0248391 0.0514984 0.02308 
v -0.0254368 0.051748 0.02308 
v -0.0188459 0.0523071 0.02308 
v -0.0181983 0.0513544 0.02308 
v -0.0222586 0.0492784 0.02308 
v -0.0260564 0.051937 0.02308 
v -0.0223081 0.0552999 0.02308 
v -0.0242344 0.0511692 0.02308 
v -0.0195893 0.0531871 0.02308 
v -0.0226744 0.0498272 0.02308 
v -0.0231459 0.0503289 0.02308 
v -0.0213298 0.0546917 0.02308 
v -0.0236679 0.0507779 0.02308 
v -0.0204202 0.0539848 0.02308 
v -0.0176536 0.0503395 0.02308 
v -0.0219031 0.0486887 0.02308 
v -0.0172175 0.0492733 0.02308 
v -0.0216121 0.0480647 0.02308 
v -0.0169151 0.0482516 0.02308 
v -0.0213887 0.0474135 0.02308 
v -0.0211598 0.04614 0.02308 
v -0.0212425 0.0467824 0.02308 
v -0.0267321 0.0520691 0.02308 
v -0.0274181 0.052129 0.02308 
v -0.0211425 0.0454517 0.02308 
v -0.0212201 0.0446153 0.02308 
v -0.0211981 0.0447654 0.02308 
v -0.0275698 0.0521324 0.02308 
v -0.0260435 0.0581082 0.0263037 
v -0.0401456 0.0461964 0.0263037 
v -0.0401584 0.0462115 0.02668 
v -0.0260055 0.0580632 0.0259315 
v -0.0401076 0.0461514 0.0259315 
v -0.0259425 0.0579887 0.0255675 
v -0.0400447 0.0460769 0.0255675 
v -0.0258554 0.0578855 0.0252157 
v -0.0399575 0.0459737 0.0252157 
v -0.025745 0.0577549 0.02488 
v -0.0398471 0.045843 0.02488 
v -0.0256126 0.0575981 0.024564 
v -0.0397147 0.0456862 0.024564 
v -0.0254595 0.0574169 0.0242711 
v -0.0395617 0.0455051 0.0242711 
v -0.0252876 0.0572134 0.0240047 
v -0.0393897 0.0453015 0.0240047 
v -0.0250986 0.0569896 0.0237675 
v -0.0392008 0.0450778 0.0237675 
v -0.0248947 0.0567482 0.0235623 
v -0.0389968 0.0448364 0.0235623 
v -0.0246781 0.0564917 0.0233912 
v -0.0387802 0.0445799 0.0233912 
v -0.0244511 0.056223 0.0232562 
v -0.0385532 0.0443111 0.0232562 
v -0.0244275 0.0561951 0.0232445 
v -0.038474 0.0439016 0.0231587 
v -0.0385296 0.0442832 0.0232445 
v -0.0383965 0.0434798 0.0230997 
v -0.0240605 0.0560764 0.0231587 
v -0.0383227 0.0431501 0.023084 
v -0.0236576 0.0559295 0.0230997 
v -0.0233449 0.0558016 0.023084 
v -0.0260562 0.0581233 0.02668 
v -0.0401584 0.0462115 0.02872 
v -0.0260562 0.0581233 0.02872 
v -0.0389194 0.0447447 0.02872 
v -0.0248173 0.0566565 0.02872 
v -0.0385296 0.0442832 0.0255645 
v -0.0386372 0.0444106 0.0260089 
v -0.0385576 0.0443164 0.02564 
v -0.0386194 0.0443895 0.0258817 
v -0.0385927 0.044358 0.0257583 
v -0.0244275 0.0561951 0.0255645 
v -0.0244555 0.0562283 0.02564 
v -0.0245351 0.0563225 0.0260089 
v -0.0245173 0.0563014 0.0258817 
v -0.0244906 0.0562698 0.0257583 
v -0.0383239 0.0431498 0.025001 
v -0.0233244 0.0557944 0.025 
v -0.0233444 0.0558027 0.025001 
v -0.0383519 0.0432711 0.0250071 
v -0.038319 0.0431287 0.025 
v -0.0234593 0.0558506 0.0250071 
v -0.0235942 0.0559048 0.0250282 
v -0.0383827 0.0434132 0.0250282 
v -0.0237276 0.0559563 0.025063 
v -0.0384112 0.0435532 0.025063 
v -0.0238577 0.0560047 0.0251113 
v -0.0384372 0.0436896 0.0251113 
v -0.0239828 0.0560494 0.0251724 
v -0.0241013 0.0560903 0.0252456 
v -0.0384808 0.0439441 0.0252456 
v -0.0242115 0.0561269 0.02533 
v -0.0243118 0.0561592 0.0254246 
v -0.0385136 0.0441632 0.0254246 
v -0.0385201 0.0442107 0.0254751 
v -0.0243575 0.0561735 0.0254751 
v -0.0385258 0.0442544 0.025529 
v -0.0244008 0.0561869 0.0255284 
v -0.0384986 0.0440589 0.02533 
v -0.0384604 0.0438204 0.0251724 
v -0.031874 0.0355156 0.023084 
v -0.0315612 0.0353877 0.0230997 
v -0.0317596 0.0354666 0.0250071 
v -0.0311584 0.0352408 0.0231587 
v -0.0316247 0.0354125 0.0250282 
v -0.0307914 0.0351222 0.0232445 
v -0.0314913 0.0353609 0.025063 
v -0.0313612 0.0353126 0.0251113 
v -0.0312361 0.0352678 0.0251724 
v -0.0311176 0.0352269 0.0252456 
v -0.0310074 0.0351903 0.02533 
v -0.0307914 0.0351222 0.0255645 
v -0.0308181 0.0351303 0.0255284 
v -0.0308614 0.0351437 0.0254751 
v -0.0309071 0.035158 0.0254246 
v -0.0329108 0.0360174 0.025 
v -0.0318945 0.0355229 0.025 
v -0.0318745 0.0355145 0.025001 
v -0.0338891 0.0366256 0.025 
v -0.0347987 0.0373324 0.025 
v -0.0356296 0.0381302 0.025 
v -0.036373 0.0390102 0.025 
v -0.0370205 0.0399628 0.025 
v -0.0375653 0.0409778 0.025 
v -0.0380014 0.042044 0.025 
v -0.0223081 0.0552999 0.025 
v -0.0213298 0.0546917 0.025 
v -0.0204202 0.0539848 0.025 
v -0.0195893 0.0531871 0.025 
v -0.0188459 0.0523071 0.025 
v -0.0181983 0.0513544 0.025 
v -0.0176536 0.0503395 0.025 
v -0.0172175 0.0492733 0.025 
v -0.0168999 0.0481885 0.025 
v -0.0168962 0.0481671 0.023084 
v -0.0166893 0.047034 0.0232445 
v -0.0166988 0.0471065 0.0254751 
v -0.0166931 0.0470628 0.025529 
v -0.0167053 0.0471541 0.0254246 
v -0.0167203 0.0472584 0.02533 
v -0.0167449 0.0474157 0.0231587 
v -0.0168362 0.0479041 0.0250282 
v -0.0168077 0.047764 0.025063 
v -0.0168224 0.0478374 0.0230997 
v -0.016867 0.0480462 0.0250071 
v -0.016895 0.0481674 0.025001 
v -0.0167817 0.0476276 0.0251113 
v -0.0167585 0.0474968 0.0251724 
v -0.016738 0.0473731 0.0252456 
v -0.0166893 0.047034 0.0255645 
v -0.0150605 0.0451058 0.02668 
v -0.0291627 0.0331939 0.02668 
v -0.0291754 0.033209 0.0263037 
v -0.0150733 0.0451208 0.0263037 
v -0.0292134 0.033254 0.0259315 
v -0.0151113 0.0451659 0.0259315 
v -0.0292764 0.0333285 0.0255675 
v -0.0151742 0.0452404 0.0255675 
v -0.0293635 0.0334317 0.0252157 
v -0.0152614 0.0453435 0.0252157 
v -0.0294739 0.0335624 0.02488 
v -0.0153718 0.0454742 0.02488 
v -0.0296063 0.0337192 0.024564 
v -0.0155042 0.045631 0.024564 
v -0.0297593 0.0339003 0.0242711 
v -0.0156572 0.0458122 0.0242711 
v -0.0299313 0.0341039 0.0240047 
v -0.0158291 0.0460157 0.0240047 
v -0.0301202 0.0343276 0.0237675 
v -0.0160181 0.0462394 0.0237675 
v -0.0303242 0.034569 0.0235623 
v -0.016222 0.0464809 0.0235623 
v -0.0305408 0.0348255 0.0233912 
v -0.0164387 0.0467374 0.0233912 
v -0.0307678 0.0350943 0.0232562 
v -0.0166657 0.0470061 0.0232562 
v -0.0165816 0.0469066 0.0260089 
v -0.0165995 0.0469277 0.0258817 
v -0.0307016 0.0350159 0.0258817 
v -0.0166261 0.0469593 0.0257583 
v -0.0307283 0.0350474 0.0257583 
v -0.0166612 0.0470008 0.02564 
v -0.0307634 0.035089 0.02564 
v -0.0306838 0.0349947 0.0260089 
v -0.0304016 0.0346607 0.02872 
v -0.0291627 0.0331939 0.02872 
v -0.0162995 0.0465725 0.02872 
v -0.0150605 0.0451058 0.02872 
v -0.0304799 0.0483998 0.025 
v -0.0301641 0.0486906 0.025 
v -0.0298187 0.0489456 0.025 
v -0.0294477 0.0491617 0.025 
v -0.0286468 0.0494678 0.025 
v -0.0282263 0.0495542 0.025 
v -0.0290556 0.0493365 0.025 
v -0.0248001 0.0428658 0.025 
v -0.0251159 0.042575 0.025 
v -0.0277989 0.0495946 0.025 
v -0.0273696 0.0495886 0.025 
v -0.0316046 0.0456886 0.025 
v -0.0315753 0.046117 0.025 
v -0.0245176 0.0431891 0.025 
v -0.0240653 0.0439174 0.025 
v -0.0242717 0.043541 0.025 
v -0.0237801 0.044726 0.025 
v -0.0239008 0.044314 0.025 
v -0.0236754 0.045577 0.025 
v -0.0237047 0.0451487 0.025 
v -0.0238651 0.0468458 0.025 
v -0.0240184 0.0472468 0.025 
v -0.0310083 0.0477246 0.025 
v -0.0307624 0.0480765 0.025 
v -0.0313792 0.0469516 0.025 
v -0.0312147 0.0473482 0.025 
v -0.0314999 0.0465396 0.025 
v -0.0237561 0.0464306 0.025 
v -0.0236926 0.046006 0.025 
v -0.0257336 0.0491094 0.025 
v -0.0253689 0.0488829 0.025 
v -0.0261207 0.0492952 0.025 
v -0.0314149 0.0444198 0.025 
v -0.0312616 0.0440188 0.025 
v -0.0305567 0.0429469 0.025 
v -0.030669 0.0430742 0.025 
v -0.0315239 0.0448351 0.025 
v -0.0315874 0.0452597 0.025 
v -0.0302492 0.0426473 0.025 
v -0.0242141 0.0476289 0.025 
v -0.02445 0.0479876 0.025 
v -0.0247233 0.0483187 0.025 
v -0.0265256 0.049438 0.025 
v -0.0269435 0.0495362 0.025 
v -0.0310659 0.0436367 0.025 
v -0.03083 0.043278 0.025 
v -0.0250308 0.0486183 0.025 
v -0.0299111 0.0423827 0.025 
v -0.0266332 0.0417978 0.025 
v -0.0270537 0.0417114 0.025 
v -0.0258323 0.0421039 0.025 
v -0.0262244 0.0419291 0.025 
v -0.0295464 0.0421562 0.025 
v -0.0291593 0.0419704 0.025 
v -0.0274811 0.041671 0.025 
v -0.0254613 0.04232 0.025 
v -0.0287544 0.0418276 0.025 
v -0.0279104 0.041677 0.025 
v -0.0283365 0.0417295 0.025 
v -0.0286468 0.0494678 0.0377 
v -0.0282263 0.0495542 0.0377 
v -0.0277989 0.0495946 0.0377 
v -0.0273696 0.0495886 0.0377 
v -0.0269435 0.0495362 0.0377 
v -0.0265256 0.049438 0.0377 
v -0.0261207 0.0492952 0.0377 
v -0.0257336 0.0491094 0.0377 
v -0.0253689 0.0488829 0.0377 
v -0.0250308 0.0486183 0.0377 
v -0.0247233 0.0483187 0.0377 
v -0.024611 0.0481914 0.0377 
v -0.02445 0.0479876 0.0377 
v -0.0242141 0.0476289 0.0377 
v -0.0240184 0.0472468 0.0377 
v -0.0238651 0.0468458 0.0377 
v -0.0237561 0.0464306 0.0377 
v -0.0236926 0.046006 0.0377 
v -0.0236754 0.045577 0.0377 
v -0.0237047 0.0451487 0.0377 
v -0.0237801 0.044726 0.0377 
v -0.0239008 0.044314 0.0377 
v -0.0240653 0.0439174 0.0377 
v -0.0242717 0.043541 0.0377 
v -0.0245176 0.0431891 0.0377 
v -0.0248001 0.0428658 0.0377 
v -0.0251159 0.042575 0.0377 
v -0.0254613 0.04232 0.0377 
v -0.0258323 0.0421039 0.0377 
v -0.0262244 0.0419291 0.0377 
v -0.0266332 0.0417978 0.0377 
v -0.0270537 0.0417114 0.0377 
v -0.0274811 0.041671 0.0377 
v -0.0279104 0.041677 0.0377 
v -0.0283365 0.0417295 0.0377 
v -0.0287544 0.0418276 0.0377 
v -0.0291593 0.0419704 0.0377 
v -0.0295464 0.0421562 0.0377 
v -0.0299111 0.0423827 0.0377 
v -0.0302492 0.0426473 0.0377 
v -0.0305567 0.0429469 0.0377 
v -0.03083 0.043278 0.0377 
v -0.0310659 0.0436367 0.0377 
v -0.0312616 0.0440188 0.0377 
v -0.0314149 0.0444198 0.0377 
v -0.0315239 0.0448351 0.0377 
v -0.0315874 0.0452597 0.0377 
v -0.0316046 0.0456886 0.0377 
v -0.0315753 0.046117 0.0377 
v -0.0314999 0.0465396 0.0377 
v -0.0313792 0.0469516 0.0377 
v -0.0312147 0.0473482 0.0377 
v -0.0310083 0.0477246 0.0377 
v -0.0307624 0.0480765 0.0377 
v -0.0304799 0.0483998 0.0377 
v -0.0301641 0.0486906 0.0377 
v -0.0298187 0.0489456 0.0377 
v -0.0294477 0.0491617 0.0377 
v -0.0290556 0.0493365 0.0377 
v -0.016961 0.0481369 0.0377 
v -0.0319556 0.0354712 0.0377 
v -0.0233855 0.0557427 0.0377 
v -0.0196504 0.0531355 0.0377 
v -0.018907 0.0522555 0.0377 
v -0.0380625 0.0419923 0.0377 
v -0.0383801 0.0430771 0.0377 
v -0.0182595 0.0513028 0.0377 
v -0.0172786 0.0492216 0.0377 
v -0.0376264 0.0409261 0.0377 
v -0.0223692 0.0552482 0.0377 
v -0.0213909 0.05464 0.0377 
v -0.0204813 0.0539332 0.0377 
v -0.0364341 0.0389585 0.0377 
v -0.0370817 0.0399112 0.0377 
v -0.0177147 0.0502878 0.0377 
v -0.0329719 0.0359657 0.0377 
v -0.0339502 0.0365739 0.0377 
v -0.0348598 0.0372808 0.0377 
v -0.0356907 0.0380785 0.0377 
v -0.0234055 0.0557511 0.037699 
v -0.038385 0.0430982 0.037699 
v -0.0235204 0.055799 0.0376929 
v -0.038413 0.0432195 0.0376929 
v -0.0384438 0.0433615 0.0376718 
v -0.0236553 0.0558531 0.0376718 
v -0.0384723 0.0435016 0.037637 
v -0.0237887 0.0559047 0.037637 
v -0.0384983 0.043638 0.0375887 
v -0.0239188 0.055953 0.0375887 
v -0.0385215 0.0437688 0.0375276 
v -0.038542 0.0438925 0.0374544 
v -0.0241624 0.0560387 0.0374544 
v -0.0385597 0.0440072 0.03737 
v -0.0385747 0.0441115 0.0372754 
v -0.0243729 0.0561076 0.0372754 
v -0.0244187 0.0561219 0.0372249 
v -0.0385812 0.044159 0.0372249 
v -0.0244609 0.0561349 0.037171 
v -0.0385871 0.0442039 0.0371716 
v -0.0386805 0.0443379 0.0368183 
v -0.0386984 0.044359 0.0366911 
v -0.0245962 0.0562709 0.0366911 
v -0.0386539 0.0443064 0.0369417 
v -0.0245784 0.0562497 0.0368183 
v -0.0386188 0.0442648 0.03706 
v -0.0245517 0.0562182 0.0369417 
v -0.0244886 0.0561434 0.0371355 
v -0.0385907 0.0442316 0.0371355 
v -0.0245166 0.0561766 0.03706 
v -0.0242726 0.0560753 0.03737 
v -0.0240439 0.0559978 0.0375276 
v -0.0389805 0.0446931 0.03398 
v -0.0248784 0.0566049 0.03398 
v -0.0402195 0.0461598 0.03398 
v -0.0261173 0.0580717 0.03398 
v -0.0253487 0.0571617 0.0386953 
v -0.0251598 0.056938 0.0389325 
v -0.0255207 0.0573653 0.0384289 
v -0.0261046 0.0580566 0.0363963 
v -0.0260666 0.0580116 0.0367685 
v -0.0249558 0.0566966 0.0391377 
v -0.0247392 0.0564401 0.0393088 
v -0.0261173 0.0580717 0.03602 
v -0.0260036 0.0579371 0.0371325 
v -0.0259165 0.0578339 0.0374843 
v -0.0256737 0.0575464 0.038136 
v -0.0258061 0.0577032 0.03782 
v -0.0245122 0.0561714 0.0394438 
v -0.0244886 0.0561434 0.0394555 
v -0.0396228 0.0454534 0.0384289 
v -0.039058 0.0447847 0.0391377 
v -0.0392619 0.0450262 0.0389325 
v -0.0394509 0.0452499 0.0386953 
v -0.0386143 0.0442595 0.0394438 
v -0.0388413 0.0445283 0.0393088 
v -0.0401058 0.0460252 0.0371325 
v -0.0401687 0.0460997 0.0367685 
v -0.0402195 0.0461598 0.03602 
v -0.0402067 0.0461448 0.0363963 
v -0.0385907 0.0442316 0.0394555 
v -0.0399082 0.0457914 0.03782 
v -0.0400186 0.0459221 0.0374843 
v -0.0397758 0.0456346 0.038136 
v -0.0169573 0.0481155 0.039616 
v -0.0168835 0.0477858 0.0396003 
v -0.0169281 0.0479945 0.0376929 
v -0.016806 0.047364 0.0395413 
v -0.0168973 0.0478525 0.0376718 
v -0.0167504 0.0469824 0.0394555 
v -0.0168688 0.0477124 0.037637 
v -0.0168428 0.047576 0.0375887 
v -0.0168196 0.0474452 0.0375276 
v -0.0167992 0.0473215 0.0374544 
v -0.0167814 0.0472068 0.03737 
v -0.0167504 0.0469824 0.0371355 
v -0.016754 0.0470101 0.0371716 
v -0.0167599 0.047055 0.0372249 
v -0.0167664 0.0471024 0.0372754 
v -0.0172786 0.0492216 0.03962 
v -0.0169762 0.0482 0.03962 
v -0.0169561 0.0481158 0.037699 
v -0.0177147 0.0502878 0.03962 
v -0.0182595 0.0513028 0.03962 
v -0.018907 0.0522555 0.03962 
v -0.0196504 0.0531355 0.03962 
v -0.0204813 0.0539332 0.03962 
v -0.0213909 0.05464 0.03962 
v -0.0223692 0.0552482 0.03962 
v -0.0241216 0.0560248 0.0395413 
v -0.0237188 0.0558779 0.0396003 
v -0.023406 0.05575 0.039616 
v -0.0233259 0.0557172 0.03962 
v -0.0385351 0.04385 0.0395413 
v -0.0384576 0.0434282 0.0396003 
v -0.0275698 0.0521324 0.03962 
v -0.0340599 0.0466504 0.03962 
v -0.0383838 0.0430985 0.039616 
v -0.0383649 0.043014 0.03962 
v -0.0380625 0.0419923 0.03962 
v -0.0376264 0.0409261 0.03962 
v -0.0370817 0.0399112 0.03962 
v -0.0364341 0.0389585 0.03962 
v -0.0356907 0.0380785 0.03962 
v -0.0348598 0.0372808 0.03962 
v -0.0339502 0.0365739 0.03962 
v -0.0320153 0.0354968 0.03962 
v -0.0319351 0.035464 0.039616 
v -0.0329719 0.0359657 0.03962 
v -0.0308525 0.0350705 0.0394555 
v -0.0309224 0.0350921 0.0372249 
v -0.0308803 0.0350791 0.037171 
v -0.0309682 0.0351064 0.0372754 
v -0.0310685 0.0351387 0.03737 
v -0.0312195 0.0351892 0.0395413 
v -0.0316858 0.0353608 0.0376718 
v -0.0315524 0.0353093 0.037637 
v -0.0316224 0.0353361 0.0396003 
v -0.0318207 0.035415 0.0376929 
v -0.0319356 0.0354629 0.037699 
v -0.0314223 0.0352609 0.0375887 
v -0.0312972 0.0352162 0.0375276 
v -0.0311787 0.0351753 0.0374544 
v -0.0308525 0.0350705 0.0371355 
v -0.0307449 0.0349431 0.0366911 
v -0.0307627 0.0349643 0.0368183 
v -0.0166606 0.0468761 0.0368183 
v -0.0307894 0.0349958 0.0369417 
v -0.0166873 0.0469076 0.0369417 
v -0.0308245 0.0350374 0.03706 
v -0.0167224 0.0469492 0.03706 
v -0.0166428 0.046855 0.0366911 
v -0.0304627 0.0346091 0.03398 
v -0.0163606 0.0465209 0.03398 
v -0.0157183 0.0457605 0.0384289 
v -0.0160792 0.0461878 0.0389325 
v -0.0158903 0.0459641 0.0386953 
v -0.0164998 0.0466857 0.0393088 
v -0.0162832 0.0464292 0.0391377 
v -0.0152353 0.0451888 0.0371325 
v -0.0151724 0.0451142 0.0367685 
v -0.0151216 0.0450541 0.03602 
v -0.0151344 0.0450692 0.0363963 
v -0.0167268 0.0469545 0.0394438 
v -0.0154329 0.0454226 0.03782 
v -0.0153225 0.0452919 0.0374843 
v -0.0151216 0.0450541 0.03398 
v -0.0155653 0.0455794 0.038136 
v -0.0298205 0.0338487 0.0384289 
v -0.0299924 0.0340523 0.0386953 
v -0.0292365 0.0331574 0.0363963 
v -0.0292745 0.0332024 0.0367685 
v -0.0301814 0.034276 0.0389325 
v -0.0303853 0.0345174 0.0391377 
v -0.0296674 0.0336675 0.038136 
v -0.0292238 0.0331423 0.03602 
v -0.0292238 0.0331423 0.03398 
v -0.0293375 0.0332769 0.0371325 
v -0.0294246 0.0333801 0.0374843 
v -0.0306019 0.0347739 0.0393088 
v -0.029535 0.0335108 0.03782 
v -0.0308289 0.0350426 0.0394438 
v -0.0277102 0.0391332 0.03962 
v -0.0212201 0.0446153 0.03962 
v -0.0231459 0.0503289 0.03962 
v -0.0260564 0.051937 0.03962 
v -0.0254368 0.051748 0.03962 
v -0.0213887 0.0474135 0.03962 
v -0.0212425 0.0467824 0.03962 
v -0.0216121 0.0480647 0.03962 
v -0.0226744 0.0498272 0.03962 
v -0.0222586 0.0492784 0.03962 
v -0.0236679 0.0507779 0.03962 
v -0.0242344 0.0511692 0.03962 
v -0.0248391 0.0514984 0.03962 
v -0.0267321 0.0520691 0.03962 
v -0.0219031 0.0486887 0.03962 
v -0.0211598 0.04614 0.03962 
v -0.0211425 0.0454517 0.03962 
v -0.0211981 0.0447654 0.03962 
v -0.0274181 0.052129 0.03962 
v -0.0326056 0.0414384 0.03962 
v -0.0330214 0.0419872 0.03962 
v -0.0292236 0.0393287 0.03962 
v -0.0298432 0.0395176 0.03962 
v -0.0333769 0.0425769 0.03962 
v -0.0336679 0.0432009 0.03962 
v -0.0321341 0.0409367 0.03962 
v -0.0316121 0.0404877 0.03962 
v -0.0310456 0.0400964 0.03962 
v -0.0304409 0.0397672 0.03962 
v -0.0285479 0.0391965 0.03962 
v -0.0338913 0.0438522 0.03962 
v -0.0340375 0.0444832 0.03962 
v -0.0341199 0.0451215 0.03962 
v -0.0341377 0.0458058 0.03962 
v -0.0340835 0.0464881 0.03962 
v -0.0278619 0.0391366 0.03962 
v -0.0286468 0.0494678 0.04462 
v -0.0286468 0.0494678 0.0635 
v -0.0282263 0.0495542 0.0635 
v -0.0282263 0.0495542 0.04462 
v -0.0277989 0.0495946 0.0635 
v -0.0277989 0.0495946 0.04462 
v -0.0273696 0.0495886 0.0635 
v -0.0273696 0.0495886 0.04462 
v -0.0269435 0.0495362 0.0635 
v -0.0269435 0.0495362 0.04462 
v -0.0265256 0.049438 0.0635 
v -0.0265256 0.049438 0.04462 
v -0.0261207 0.0492952 0.0635 
v -0.0261207 0.0492952 0.04462 
v -0.0257336 0.0491094 0.0635 
v -0.0257336 0.0491094 0.04462 
v -0.0253689 0.0488829 0.0635 
v -0.0253689 0.0488829 0.04462 
v -0.0250308 0.0486183 0.0635 
v -0.0250308 0.0486183 0.04462 
v -0.0247233 0.0483187 0.0635 
v -0.02445 0.0479876 0.0635 
v -0.02445 0.0479876 0.04462 
v -0.024611 0.0481914 0.04462 
v -0.0242141 0.0476289 0.0635 
v -0.0242141 0.0476289 0.04462 
v -0.0240184 0.0472468 0.0635 
v -0.0240184 0.0472468 0.04462 
v -0.0238651 0.0468458 0.0635 
v -0.0238651 0.0468458 0.04462 
v -0.0237561 0.0464306 0.0635 
v -0.0237561 0.0464306 0.04462 
v -0.0236926 0.046006 0.0635 
v -0.0236926 0.046006 0.04462 
v -0.0236754 0.045577 0.0635 
v -0.0236754 0.045577 0.04462 
v -0.0237047 0.0451487 0.0635 
v -0.0237047 0.0451487 0.04462 
v -0.0237801 0.044726 0.0635 
v -0.0237801 0.044726 0.04462 
v -0.0239008 0.044314 0.0635 
v -0.0239008 0.044314 0.04462 
v -0.0240653 0.0439174 0.0635 
v -0.0240653 0.0439174 0.04462 
v -0.0242717 0.043541 0.0635 
v -0.0242717 0.043541 0.04462 
v -0.0245176 0.0431891 0.0635 
v -0.0245176 0.0431891 0.04462 
v -0.0248001 0.0428658 0.0635 
v -0.0248001 0.0428658 0.04462 
v -0.0251159 0.042575 0.0635 
v -0.0251159 0.042575 0.04462 
v -0.0254613 0.04232 0.0635 
v -0.0254613 0.04232 0.04462 
v -0.0258323 0.0421039 0.0635 
v -0.0258323 0.0421039 0.04462 
v -0.0262244 0.0419291 0.0635 
v -0.0262244 0.0419291 0.04462 
v -0.0266332 0.0417978 0.0635 
v -0.0266332 0.0417978 0.04462 
v -0.0270537 0.0417114 0.0635 
v -0.0270537 0.0417114 0.04462 
v -0.0274811 0.041671 0.0635 
v -0.0274811 0.041671 0.04462 
v -0.0279104 0.041677 0.0635 
v -0.0279104 0.041677 0.04462 
v -0.0283365 0.0417295 0.0635 
v -0.0283365 0.0417295 0.04462 
v -0.0287544 0.0418276 0.0635 
v -0.0287544 0.0418276 0.04462 
v -0.0291593 0.0419704 0.0635 
v -0.0291593 0.0419704 0.04462 
v -0.0295464 0.0421562 0.0635 
v -0.0295464 0.0421562 0.04462 
v -0.0299111 0.0423827 0.0635 
v -0.0299111 0.0423827 0.04462 
v -0.0302492 0.0426473 0.0635 
v -0.0302492 0.0426473 0.04462 
v -0.0305567 0.0429469 0.0635 
v -0.0305567 0.0429469 0.04462 
v -0.03083 0.043278 0.0635 
v -0.03083 0.043278 0.04462 
v -0.0310659 0.0436367 0.0635 
v -0.0310659 0.0436367 0.04462 
v -0.0312616 0.0440188 0.0635 
v -0.0312616 0.0440188 0.04462 
v -0.0314149 0.0444198 0.0635 
v -0.0314149 0.0444198 0.04462 
v -0.0315239 0.0448351 0.0635 
v -0.0315239 0.0448351 0.04462 
v -0.0315874 0.0452597 0.0635 
v -0.0315874 0.0452597 0.04462 
v -0.0316046 0.0456886 0.0635 
v -0.0316046 0.0456886 0.04462 
v -0.0315753 0.046117 0.0635 
v -0.0315753 0.046117 0.04462 
v -0.0314999 0.0465396 0.0635 
v -0.0314999 0.0465396 0.04462 
v -0.0313792 0.0469516 0.0635 
v -0.0313792 0.0469516 0.04462 
v -0.0312147 0.0473482 0.0635 
v -0.0312147 0.0473482 0.04462 
v -0.0310083 0.0477246 0.0635 
v -0.0310083 0.0477246 0.04462 
v -0.0307624 0.0480765 0.0635 
v -0.0307624 0.0480765 0.04462 
v -0.0304799 0.0483998 0.0635 
v -0.0304799 0.0483998 0.04462 
v -0.0301986 0.0486618 0.0635 
v -0.0301641 0.0486906 0.04462 
v -0.0301641 0.0486906 0.0635 
v -0.0298187 0.0489456 0.0635 
v -0.0298187 0.0489456 0.04462 
v -0.0294477 0.0491617 0.0635 
v -0.0294477 0.0491617 0.04462 
v -0.0290556 0.0493365 0.0635 
v -0.0290556 0.0493365 0.04462 
v -0.0247233 0.0483187 0.04462 
v -0.03064 -0.0121714 0.0389936 
v -0.03064 -0.0122084 0.039207 
v -0.02464 -0.0122084 0.039207 
v -0.03064 -0.0121116 0.0387855 
v -0.02464 -0.0121714 0.0389936 
v -0.03064 -0.0120296 0.038585 
v -0.02464 -0.0121116 0.0387855 
v -0.03064 -0.0119265 0.0383946 
v -0.02464 -0.0120296 0.038585 
v -0.03064 -0.0118034 0.0382165 
v -0.02464 -0.0119265 0.0383946 
v -0.03064 -0.0116617 0.0380527 
v -0.02464 -0.0118034 0.0382165 
v -0.03064 -0.0115031 0.0379052 
v -0.02464 -0.0116617 0.0380527 
v -0.03064 -0.0113296 0.0377757 
v -0.02464 -0.0115031 0.0379052 
v -0.03064 -0.011143 0.0376657 
v -0.02464 -0.0113296 0.0377757 
v -0.03064 -0.0109457 0.0375766 
v -0.02464 -0.011143 0.0376657 
v -0.03064 -0.0107398 0.0375093 
v -0.02464 -0.0109457 0.0375766 
v -0.03064 -0.0105279 0.0374646 
v -0.02464 -0.0107398 0.0375093 
v -0.03064 -0.0103124 0.0374431 
v -0.02464 -0.0105279 0.0374646 
v -0.03064 -0.0100959 0.0374451 
v -0.02464 -0.0103124 0.0374431 
v -0.03064 -0.00988082 0.0374704 
v -0.02464 -0.0100959 0.0374451 
v -0.03064 -0.00966975 0.0375189 
v -0.02464 -0.00988082 0.0374704 
v -0.03064 -0.00946516 0.0375899 
v -0.02464 -0.00966975 0.0375189 
v -0.03064 -0.00926945 0.0376826 
v -0.02464 -0.00946516 0.0375899 
v -0.03064 -0.0090849 0.0377959 
v -0.02464 -0.00926945 0.0376826 
v -0.03064 -0.00891369 0.0379285 
v -0.02464 -0.0090849 0.0377959 
v -0.03064 -0.00875782 0.0380788 
v -0.02464 -0.00891369 0.0379285 
v -0.03064 -0.00861911 0.0382451 
v -0.02464 -0.00875782 0.0380788 
v -0.03064 -0.0084992 0.0384255 
v -0.02464 -0.00861911 0.0382451 
v -0.03064 -0.00839949 0.0386177 
v -0.02464 -0.0084992 0.0384255 
v -0.03064 -0.00832115 0.0388196 
v -0.02464 -0.00839949 0.0386177 
v -0.03064 -0.00826509 0.0390287 
v -0.02464 -0.00832115 0.0388196 
v -0.03064 -0.00823198 0.0392428 
v -0.02464 -0.00826509 0.0390287 
v -0.03064 -0.0082222 0.0394591 
v -0.02464 -0.00823198 0.0392428 
v -0.03064 -0.00823587 0.0396752 
v -0.02464 -0.0082222 0.0394591 
v -0.03064 -0.00827282 0.0398886 
v -0.02464 -0.00823587 0.0396752 
v -0.03064 -0.00833263 0.0400967 
v -0.02464 -0.00827282 0.0398886 
v -0.03064 -0.00841459 0.0402972 
v -0.02464 -0.00833263 0.0400967 
v -0.03064 -0.00851775 0.0404876 
v -0.02464 -0.00841459 0.0402972 
v -0.03064 -0.00864088 0.0406657 
v -0.02464 -0.00851775 0.0404876 
v -0.03064 -0.00878255 0.0408295 
v -0.02464 -0.00864088 0.0406657 
v -0.03064 -0.00894111 0.040977 
v -0.02464 -0.00878255 0.0408295 
v -0.03064 -0.00911468 0.0411065 
v -0.02464 -0.00894111 0.040977 
v -0.03064 -0.00930123 0.0412165 
v -0.02464 -0.00911468 0.0411065 
v -0.03064 -0.00949858 0.0413056 
v -0.02464 -0.00930123 0.0412165 
v -0.03064 -0.00970441 0.0413729 
v -0.02464 -0.00949858 0.0413056 
v -0.03064 -0.00991632 0.0414176 
v -0.02464 -0.00970441 0.0413729 
v -0.03064 -0.0101318 0.0414391 
v -0.02464 -0.00991632 0.0414176 
v -0.03064 -0.0103484 0.0414371 
v -0.02464 -0.0101318 0.0414391 
v -0.03064 -0.0105634 0.0414118 
v -0.02464 -0.0103484 0.0414371 
v -0.03064 -0.0107745 0.0413633 
v -0.02464 -0.0105634 0.0414118 
v -0.03064 -0.0109791 0.0412923 
v -0.02464 -0.0107745 0.0413633 
v -0.03064 -0.0111748 0.0411996 
v -0.02464 -0.0109791 0.0412923 
v -0.03064 -0.0113593 0.0410863 
v -0.02464 -0.0111748 0.0411996 
v -0.03064 -0.0115305 0.0409537 
v -0.02464 -0.0113593 0.0410863 
v -0.03064 -0.0116864 0.0408034 
v -0.02464 -0.0115305 0.0409537 
v -0.03064 -0.0118251 0.0406371 
v -0.02464 -0.0116864 0.0408034 
v -0.03064 -0.011945 0.0404568 
v -0.02464 -0.0118251 0.0406371 
v -0.03064 -0.0120447 0.0402645 
v -0.02464 -0.011945 0.0404568 
v -0.03064 -0.0121231 0.0400626 
v -0.02464 -0.0120447 0.0402645 
v -0.03064 -0.0121791 0.0398535 
v -0.02464 -0.0121231 0.0400626 
v -0.03064 -0.0122123 0.0396395 
v -0.02464 -0.0121791 0.0398535 
v -0.03064 -0.012222 0.0394231 
v -0.02464 -0.0122123 0.0396395 
v -0.02464 -0.012222 0.0394231 
v -0.02464 -0.00986639 0.0329508 
v -0.02464 -0.0112767 0.0330272 
v -0.02464 -0.0105736 0.0329506 
v -0.02464 -0.0126372 0.0334064 
v -0.02464 -0.0119672 0.0331798 
v -0.02464 -0.0332024 0.0316075 
v -0.02464 -0.0325286 0.0314241 
v -0.02464 -0.0316788 0.0358468 
v -0.02464 -0.0318389 0.0313141 
v -0.02464 -0.0314669 0.0358022 
v -0.02464 -0.0132785 0.0337045 
v -0.02464 -0.0355891 0.0330202 
v -0.02464 -0.035053 0.0325726 
v -0.02464 -0.0324421 0.0362428 
v -0.02464 -0.0338527 0.0318622 
v -0.02464 -0.0318846 0.0359141 
v -0.02464 -0.0144955 0.0342742 
v -0.02464 -0.0326007 0.0363903 
v -0.02464 -0.036074 0.0335227 
v -0.02464 -0.034472 0.0321851 
v -0.02464 -0.0322685 0.0361133 
v -0.02464 -0.032082 0.0360033 
v -0.02464 -0.0157648 0.0347152 
v -0.02464 -0.0184056 0.0351939 
v -0.02464 -0.0170728 0.0350229 
v -0.02464 -0.0291709 0.0375803 
v -0.02464 -0.0292041 0.0373663 
v -0.02464 -0.019749 0.0352264 
v -0.02464 -0.0304442 0.0313183 
v -0.02464 -0.0297552 0.0314325 
v -0.02464 -0.0308198 0.035808 
v -0.02464 -0.0290825 0.03162 
v -0.02464 -0.0306087 0.0358565 
v -0.02464 -0.0292601 0.0371571 
v -0.02464 -0.0224099 0.034876 
v -0.02464 -0.00916338 0.0330279 
v -0.02464 -0.0084729 0.0331809 
v -0.02464 -0.00655709 0.0340729 
v -0.02464 -0.00599558 0.0345029 
v -0.02464 0.0068274 0.0619724 
v -0.02464 0.0128145 0.0529588 
v -0.02464 0.0136852 0.0536582 
v -0.02464 0.0108758 0.0518562 
v -0.02464 0.0118745 0.0523559 
v -0.02464 -0.0327205 0.0440888 
v -0.02464 -0.0317135 0.0397009 
v -0.02464 -0.0315024 0.0397493 
v -0.02464 -0.0311414 0.0312787 
v -0.02464 -0.0312514 0.0357807 
v -0.02464 -0.0310349 0.0357827 
v -0.02464 -0.0284337 0.0318785 
v -0.02464 -0.0278165 0.0322052 
v -0.02464 -0.0302084 0.0360201 
v -0.02464 -0.0272378 0.0325962 
v -0.02464 -0.0300239 0.0361334 
v -0.02464 -0.0293385 0.0369552 
v -0.02464 -0.023699 0.0344968 
v -0.02464 -0.0210885 0.03512 
v -0.02464 -0.007162 0.0337065 
v -0.02464 -0.00502869 0.0355324 
v -0.02464 -0.00463478 0.0361197 
v -0.02464 0.00874784 0.0511879 
v -0.02464 0.0098296 0.0514654 
v -0.02464 -0.0320345 0.0442197 
v -0.02464 -0.0340308 0.0436109 
v -0.02464 -0.0321138 0.0395372 
v -0.02464 -0.031918 0.0396299 
v -0.02464 -0.03464 0.0432693 
v -0.02464 -0.0322983 0.0394239 
v -0.02464 -0.0376457 0.0373312 
v -0.02464 -0.0331473 0.0375446 
v -0.02464 -0.033161 0.0377607 
v -0.02464 -0.0375602 0.036638 
v -0.02464 -0.0331104 0.0373312 
v -0.02464 -0.0374009 0.0359581 
v -0.02464 -0.0330506 0.037123 
v -0.02464 -0.0371696 0.0352991 
v -0.02464 -0.0329686 0.0369226 
v -0.02464 -0.0304041 0.0359274 
v -0.02464 -0.00780313 0.033408 
v -0.02464 -0.00548409 0.0349913 
v -0.02464 0.0144767 0.0544462 
v -0.02464 0.00764272 0.0510268 
v -0.02464 -0.0292118 0.0382262 
v -0.02464 -0.0310708 0.0397766 
v -0.02464 -0.0308553 0.0397551 
v -0.02464 -0.0312873 0.0397747 
v -0.02464 -0.0333885 0.0438851 
v -0.02464 -0.0374532 0.0394093 
v -0.02464 -0.0331181 0.038191 
v -0.02464 -0.0330621 0.0384002 
v -0.02464 -0.0375919 0.0387249 
v -0.02464 -0.0331512 0.037977 
v -0.02464 -0.0376562 0.0380295 
v -0.02464 -0.0368689 0.0346688 
v -0.02464 -0.0328655 0.0367322 
v -0.02464 -0.0365023 0.0340744 
v -0.02464 -0.0327423 0.036554 
v -0.02464 -0.026126 0.0333508 
v -0.02464 -0.0296968 0.0364164 
v -0.02464 -0.0298527 0.036266 
v -0.02464 -0.0294382 0.036763 
v -0.02464 -0.0295581 0.0365827 
v -0.02464 -0.0249421 0.0339866 
v -0.02464 -0.000665952 0.0483854 
v -0.02464 -0.0291748 0.0380128 
v -0.02464 -0.0295799 0.0390033 
v -0.02464 -0.0178865 0.0492071 
v -0.02464 -0.0212136 0.0474239 
v -0.02464 -0.0283246 0.0449171 
v -0.02464 -0.0306434 0.0397105 
v -0.02464 -0.035209 0.0428644 
v -0.02464 -0.0324695 0.0392913 
v -0.02464 -0.0357312 0.0424008 
v -0.02464 -0.0326254 0.039141 
v -0.02464 -0.0362007 0.0418838 
v -0.02464 -0.0327641 0.0389746 
v -0.02464 -0.0291612 0.0377967 
v -0.02464 -0.0025677 0.0460397 
v -0.02464 -0.00201834 0.0468877 
v -0.02464 -0.00302389 0.0451382 
v -0.02464 0.00480096 0.0507661 
v -0.02464 0.00388181 0.0615872 
v -0.02464 0.000986008 0.0609244 
v -0.02464 -0.0147584 0.0513201 
v -0.02464 -0.0297215 0.0391671 
v -0.02464 -0.0247051 0.0459889 
v -0.02464 -0.0300536 0.0394441 
v -0.02464 -0.0366121 0.0413194 
v -0.02464 -0.032884 0.0387943 
v -0.02464 -0.0369605 0.0407141 
v -0.02464 -0.0329837 0.0386021 
v -0.02464 -0.037242 0.040075 
v -0.02464 -0.00430701 0.0367464 
v -0.02464 -0.00404926 0.037405 
v -0.02464 0.00380111 0.0506205 
v -0.02464 0.000972266 0.0495637 
v -0.02464 0.00187588 0.0500158 
v -0.02464 0.000121783 0.0490182 
v -0.02464 -0.00183392 0.0599902 
v -0.02464 -0.00455258 0.0587927 
v -0.02464 -0.00714547 0.057343 
v -0.02464 -0.0298801 0.0393146 
v -0.02464 -0.0302402 0.039554 
v -0.02464 -0.00386459 0.0380877 
v -0.02464 -0.00338174 0.0441933 
v -0.02464 -0.00138203 0.0476726 
v -0.02464 0.0028224 0.0503694 
v -0.02464 -0.00958925 0.0556539 
v -0.02464 -0.0118619 0.0537408 
v -0.02464 -0.00372232 0.0394928 
v -0.02464 -0.00376641 0.0401987 
v -0.02464 -0.00383064 0.041207 
v -0.02464 -0.00378741 0.0422165 
v -0.02464 -0.0293536 0.0386347 
v -0.02464 -0.0294567 0.0388251 
v -0.02464 -0.0304376 0.0396432 
v -0.02464 -0.00375518 0.0387864 
v -0.02464 -0.00363721 0.0432157 
v -0.02464 0.01518 0.0553137 
v -0.02464 -0.0292716 0.0384343 
v -0.02464 0.0171352 0.0604768 
v -0.02464 0.0171829 0.0615925 
v -0.02464 0.0166868 0.0582919 
v -0.02464 0.0169692 0.0593724 
v -0.02464 0.0157871 0.056251 
v -0.02464 0.0162913 0.0572475 
v -0.02464 0.0169173 0.064365 
v -0.02464 0.0066875 0.0631642 
v -0.02464 0.0171119 0.062707 
v -0.03064 -0.00376641 0.0401987 
v -0.03064 -0.00372232 0.0394928 
v -0.03064 -0.00375518 0.0387864 
v -0.03064 -0.00386459 0.0380877 
v -0.03064 -0.00404926 0.037405 
v -0.03064 -0.00430701 0.0367464 
v -0.03064 -0.00463478 0.0361197 
v -0.03064 -0.00502869 0.0355324 
v -0.03064 -0.00548409 0.0349913 
v -0.03064 -0.00599558 0.0345029 
v -0.03064 -0.00655709 0.0340729 
v -0.03064 -0.007162 0.0337065 
v -0.03064 -0.00780313 0.033408 
v -0.03064 -0.0084729 0.0331809 
v -0.03064 -0.00916338 0.0330279 
v -0.03064 -0.00986639 0.0329508 
v -0.03064 -0.0105736 0.0329506 
v -0.03064 -0.0112767 0.0330272 
v -0.03064 -0.0119672 0.0331798 
v -0.03064 -0.0126372 0.0334064 
v -0.03064 -0.0132785 0.0337045 
v -0.03064 -0.0144955 0.0342742 
v -0.03064 -0.0157648 0.0347152 
v -0.03064 -0.0170728 0.0350229 
v -0.03064 -0.0184056 0.0351939 
v -0.03064 -0.019749 0.0352264 
v -0.03064 -0.0210885 0.03512 
v -0.03064 -0.0224099 0.034876 
v -0.03064 -0.023699 0.0344968 
v -0.03064 -0.0249421 0.0339866 
v -0.03064 -0.026126 0.0333508 
v -0.03064 -0.0272378 0.0325962 
v -0.03064 -0.0278165 0.0322052 
v -0.03064 -0.0284337 0.0318785 
v -0.03064 -0.0290825 0.03162 
v -0.03064 -0.0297552 0.0314325 
v -0.03064 -0.0304442 0.0313183 
v -0.03064 -0.0311414 0.0312787 
v -0.03064 -0.0318389 0.0313141 
v -0.03064 -0.0325286 0.0314241 
v -0.03064 -0.0332024 0.0316075 
v -0.03064 -0.0338527 0.0318622 
v -0.03064 -0.034472 0.0321851 
v -0.03064 -0.035053 0.0325726 
v -0.03064 -0.0355891 0.0330202 
v -0.03064 -0.036074 0.0335227 
v -0.03064 -0.0365023 0.0340744 
v -0.03064 -0.0368689 0.0346688 
v -0.03064 -0.0371696 0.0352991 
v -0.03064 -0.0374009 0.0359581 
v -0.03064 -0.0375602 0.036638 
v -0.03064 -0.0376457 0.0373312 
v -0.03064 -0.0376562 0.0380295 
v -0.03064 -0.0375919 0.0387249 
v -0.03064 -0.0374532 0.0394093 
v -0.03064 -0.037242 0.040075 
v -0.03064 -0.0369605 0.0407141 
v -0.03064 -0.0366121 0.0413194 
v -0.03064 -0.0362007 0.0418838 
v -0.03064 -0.0357312 0.0424008 
v -0.03064 -0.035209 0.0428644 
v -0.03064 -0.03464 0.0432693 
v -0.03064 -0.0340308 0.0436109 
v -0.03064 -0.0333885 0.0438851 
v -0.03064 -0.0327205 0.0440888 
v -0.03064 -0.0320345 0.0442197 
v -0.03064 -0.0283246 0.0449171 
v -0.03064 -0.0247051 0.0459889 
v -0.03064 -0.0212136 0.0474239 
v -0.03064 -0.0178865 0.0492071 
v -0.03064 -0.0147584 0.0513201 
v -0.03064 -0.0118619 0.0537408 
v -0.03064 -0.0331104 0.0373312 
v -0.03064 -0.0331473 0.0375446 
v -0.03064 -0.0330506 0.037123 
v -0.03064 -0.0329686 0.0369226 
v -0.03064 -0.0328655 0.0367322 
v -0.03064 -0.0327423 0.036554 
v -0.03064 -0.0326007 0.0363903 
v -0.03064 -0.0324421 0.0362428 
v -0.03064 -0.0322685 0.0361133 
v -0.03064 -0.032082 0.0360033 
v -0.03064 -0.0318846 0.0359141 
v -0.03064 -0.0316788 0.0358468 
v -0.03064 -0.0314669 0.0358022 
v -0.03064 -0.0312514 0.0357807 
v -0.03064 -0.0310349 0.0357827 
v -0.03064 -0.0308198 0.035808 
v -0.03064 -0.0306087 0.0358565 
v -0.03064 -0.0304041 0.0359274 
v -0.03064 -0.0302084 0.0360201 
v -0.03064 -0.0300239 0.0361334 
v -0.03064 -0.0298527 0.036266 
v -0.03064 -0.0296968 0.0364164 
v -0.03064 -0.0295581 0.0365827 
v -0.03064 -0.0294382 0.036763 
v -0.03064 -0.0293385 0.0369552 
v -0.03064 -0.0292601 0.0371571 
v -0.03064 -0.0292041 0.0373663 
v -0.03064 -0.0291709 0.0375803 
v -0.03064 -0.0291612 0.0377967 
v -0.03064 -0.0291748 0.0380128 
v -0.03064 -0.0292118 0.0382262 
v -0.03064 -0.0292716 0.0384343 
v -0.03064 -0.0293536 0.0386347 
v -0.03064 -0.0294567 0.0388251 
v -0.03064 -0.0295799 0.0390033 
v -0.03064 -0.0297215 0.0391671 
v -0.03064 -0.0298801 0.0393146 
v -0.03064 -0.0300536 0.0394441 
v -0.03064 -0.0302402 0.039554 
v -0.03064 -0.0304376 0.0396432 
v -0.03064 -0.0306434 0.0397105 
v -0.03064 -0.0308553 0.0397551 
v -0.03064 -0.0310708 0.0397766 
v -0.03064 -0.0312873 0.0397747 
v -0.03064 -0.0315024 0.0397493 
v -0.03064 -0.0317135 0.0397009 
v -0.03064 -0.031918 0.0396299 
v -0.03064 -0.0321138 0.0395372 
v -0.03064 -0.0322983 0.0394239 
v -0.03064 -0.0324695 0.0392913 
v -0.03064 -0.0326254 0.039141 
v -0.03064 -0.0327641 0.0389746 
v -0.03064 -0.032884 0.0387943 
v -0.03064 -0.0329837 0.0386021 
v -0.03064 -0.0330621 0.0384002 
v -0.03064 -0.0331181 0.038191 
v -0.03064 -0.0331512 0.037977 
v -0.03064 -0.033161 0.0377607 
v -0.02664 0.0171119 0.062707 
v -0.02664 0.0171829 0.0615925 
v -0.02664 0.0171352 0.0604768 
v -0.02664 0.0169692 0.0593724 
v -0.02664 0.0166868 0.0582919 
v -0.02664 0.0162913 0.0572475 
v -0.02664 0.0157871 0.056251 
v -0.02664 0.01518 0.0553137 
v -0.02664 0.0144767 0.0544462 
v -0.02664 0.0136852 0.0536582 
v -0.02664 0.0128145 0.0529588 
v -0.02664 0.0118745 0.0523559 
v -0.02664 0.0108758 0.0518562 
v -0.02664 0.0098296 0.0514654 
v -0.02664 0.00874784 0.0511879 
v -0.02664 0.00764272 0.0510268 
v -0.02664 0.00480096 0.0507661 
v -0.03064 0.00764272 0.0510268 
v -0.03064 0.0108758 0.0518562 
v -0.03064 0.0098296 0.0514654 
v -0.03064 0.0136852 0.0536582 
v -0.03064 0.0128145 0.0529588 
v -0.03064 0.01518 0.0553137 
v -0.03064 0.0144767 0.0544462 
v -0.03064 0.0118745 0.0523559 
v -0.03064 -0.00338174 0.0441933 
v -0.03064 -0.00363721 0.0432157 
v -0.03064 -0.00455258 0.0587927 
v -0.03064 0.000121783 0.0490182 
v -0.03064 -0.000665952 0.0483854 
v -0.03064 0.0028224 0.0503694 
v -0.03064 0.00187588 0.0500158 
v -0.03064 0.00874784 0.0511879 
v -0.03064 -0.00201834 0.0468877 
v -0.03064 -0.0025677 0.0460397 
v -0.03064 -0.00183392 0.0599902 
v -0.03064 0.000972266 0.0495637 
v -0.03064 0.00480096 0.0507661 
v -0.03064 -0.00138203 0.0476726 
v -0.03064 -0.00378741 0.0422165 
v -0.03064 -0.00958925 0.0556539 
v -0.03064 0.000986008 0.0609244 
v -0.03064 0.00380111 0.0506205 
v -0.03064 -0.00302389 0.0451382 
v -0.03064 0.00388181 0.0615872 
v -0.03064 0.0068274 0.0619724 
v -0.03064 -0.00714547 0.057343 
v -0.03064 -0.00383064 0.041207 
v -0.03064 0.0169692 0.0593724 
v -0.03064 0.0166868 0.0582919 
v -0.03064 0.0162913 0.0572475 
v -0.03064 0.0157871 0.056251 
v -0.03064 0.0171829 0.0615925 
v -0.03064 0.0171352 0.0604768 
v -0.03064 0.0171119 0.062707 
v -0.03064 0.0169173 0.064365 
v -0.03064 0.0066875 0.0631642 
v -0.02864 0.00764272 0.0510268 
v -0.02864 0.00480096 0.0507661 
v -0.02864 0.0171119 0.062707 
v -0.02864 0.0171829 0.0615925 
v -0.02864 0.0171352 0.0604768 
v -0.02864 0.0169692 0.0593724 
v -0.02864 0.0166868 0.0582919 
v -0.02864 0.0162913 0.0572475 
v -0.02864 0.0157871 0.056251 
v -0.02864 0.01518 0.0553137 
v -0.02864 0.0144767 0.0544462 
v -0.02864 0.0136852 0.0536582 
v -0.02864 0.0128145 0.0529588 
v -0.02864 0.0118745 0.0523559 
v -0.02864 0.0108758 0.0518562 
v -0.02864 0.0098296 0.0514654 
v -0.02864 0.00874784 0.0511879 
v -0.02664 0.000121783 0.0490182 
v -0.02664 0.000972266 0.0495637 
v -0.02664 0.00187588 0.0500158 
v -0.02664 0.0028224 0.0503694 
v -0.02664 0.00380111 0.0506205 
v -0.02864 0.00380111 0.0506205 
v -0.02864 0.0028224 0.0503694 
v -0.02864 0.00187588 0.0500158 
v -0.02864 0.000972266 0.0495637 
v -0.02664 -0.000140276 0.0488228 
v -0.02762 -0.000140276 0.0488228 
v -0.02762 0.000121783 0.0490182 
v -0.02766 -0.000140276 0.0488228 
v -0.02864 -0.000140276 0.0488228 
v -0.02864 0.000121783 0.0490182 
v -0.02766 0.000121783 0.0490182 
v -0.02766 0.000972266 0.0495637 
v -0.02762 0.000972266 0.0495637 
v -0.02766 0.00187588 0.0500158 
v -0.02762 0.00187588 0.0500158 
v -0.02766 0.0028224 0.0503694 
v -0.02762 0.0028224 0.0503694 
v -0.02766 0.00380111 0.0506205 
v -0.02762 0.00380111 0.0506205 
v -0.02766 0.00480096 0.0507661 
v -0.02762 0.00480096 0.0507661 
v -0.02766 0.00764272 0.0510268 
v -0.02762 0.00764272 0.0510268 
v -0.02766 0.0171119 0.062707 
v -0.02762 0.0171119 0.062707 
v -0.02762 0.0171829 0.0615925 
v -0.02766 0.0171829 0.0615925 
v -0.02762 0.0171352 0.0604768 
v -0.02766 0.0171352 0.0604768 
v -0.02762 0.0169692 0.0593724 
v -0.02766 0.0169692 0.0593724 
v -0.02762 0.0166868 0.0582919 
v -0.02766 0.0166868 0.0582919 
v -0.02762 0.0162913 0.0572475 
v -0.02766 0.0162913 0.0572475 
v -0.02762 0.0157871 0.056251 
v -0.02766 0.0157871 0.056251 
v -0.02762 0.01518 0.0553137 
v -0.02766 0.01518 0.0553137 
v -0.02762 0.0144767 0.0544462 
v -0.02766 0.0144767 0.0544462 
v -0.02762 0.0136852 0.0536582 
v -0.02766 0.0136852 0.0536582 
v -0.02762 0.0128145 0.0529588 
v -0.02766 0.0128145 0.0529588 
v -0.02762 0.0118745 0.0523559 
v -0.02766 0.0118745 0.0523559 
v -0.02762 0.0108758 0.0518562 
v -0.02766 0.0108758 0.0518562 
v -0.02762 0.0098296 0.0514654 
v -0.02766 0.0098296 0.0514654 
v -0.02762 0.00874784 0.0511879 
v -0.02766 0.00874784 0.0511879 
v -0.02815 0.000171582 0.0484193 
v -0.027905 2.17678e-05 0.0486131 
v -0.027905 -3.53834e-05 0.0485627 
v -0.02864 0.00047121 0.0480315 
v -0.02815 5.98028e-05 0.0483267 
v -0.0277825 -5.31392e-05 0.04871 
v -0.0277825 -8.29764e-05 0.0486807 
v -0.0277212 -9.87331e-05 0.0487492 
v -0.0277212 -0.000106773 0.0487397 
v -0.0277212 -9.05928e-05 0.0487585 
v -0.0276906 -0.00011402 0.048776 
v -0.0276906 -0.000118671 0.0487692 
v -0.0276753 -0.000121664 0.0487894 
v -0.0276753 -0.00012462 0.048784 
v -0.0276906 -0.00010932 0.0487827 
v -0.0276677 -0.000125486 0.0487961 
v -0.0276677 -0.000127595 0.0487914 
v -0.0276753 -0.000118683 0.0487949 
v -0.0276638 -0.000127397 0.0487995 
v -0.0276638 -0.000129082 0.048795 
v -0.0276677 -0.000123365 0.0488009 
v -0.02766 -0.000129308 0.0488028 
v -0.02766 -0.00013057 0.0487987 
v -0.0276638 -0.000125705 0.0488039 
v -0.02766 -0.000128046 0.048807 
v -0.02864 0.000250175 0.0478548 
v -0.02713 0.000171582 0.0484193 
v -0.02713 5.98028e-05 0.0483267 
v -0.027375 -3.53834e-05 0.0485627 
v -0.02664 0.00047121 0.0480315 
v -0.02664 0.000250175 0.0478548 
v -0.027375 2.17678e-05 0.0486131 
v -0.0274975 -8.29764e-05 0.0486807 
v -0.0274975 -5.31392e-05 0.04871 
v -0.0275587 -0.000106773 0.0487397 
v -0.0275588 -9.87331e-05 0.0487492 
v -0.0275894 -0.000118671 0.0487692 
v -0.0275894 -0.00011402 0.048776 
v -0.0276047 -0.00012462 0.048784 
v -0.0275587 -9.05928e-05 0.0487585 
v -0.0276047 -0.000121664 0.0487894 
v -0.0276123 -0.000127595 0.0487914 
v -0.0275894 -0.00010932 0.0487827 
v -0.0276123 -0.000125486 0.0487961 
v -0.0276162 -0.000129082 0.048795 
v -0.0276047 -0.000118683 0.0487949 
v -0.0276162 -0.000127397 0.0487995 
v -0.02762 -0.00013057 0.0487987 
v -0.0276123 -0.000123365 0.0488009 
v -0.0276162 -0.000125705 0.0488039 
v -0.02762 -0.000129308 0.0488028 
v -0.02762 -0.000128046 0.048807 
v -0.02762 0.00480278 0.0507462 
v -0.02766 0.00480278 0.0507462 
v -0.02766 0.00391671 0.0506225 
v -0.02762 0.00391671 0.0506225 
v -0.02766 0.00304624 0.0504159 
v -0.02762 0.00304624 0.0504159 
v -0.02766 0.00219913 0.0501281 
v -0.02762 0.00219913 0.0501281 
v -0.02766 0.00138292 0.0497617 
v -0.02762 0.00138292 0.0497617 
v -0.02766 0.000604888 0.04932 
v -0.02762 0.000604888 0.04932 
v -0.02766 0.00764455 0.0510069 
v -0.02762 0.00764455 0.0510069 
v -0.02762 0.0172029 0.0615927 
v -0.02762 0.0171317 0.0627094 
v -0.02766 0.0171317 0.0627094 
v -0.02762 0.0171551 0.0604748 
v -0.02766 0.0172029 0.0615927 
v -0.02762 0.0169888 0.0593684 
v -0.02766 0.0171551 0.0604748 
v -0.02762 0.0167059 0.0582858 
v -0.02766 0.0169888 0.0593684 
v -0.02762 0.0163096 0.0572394 
v -0.02766 0.0167059 0.0582858 
v -0.02762 0.0158045 0.056241 
v -0.02766 0.0163096 0.0572394 
v -0.02762 0.0151961 0.0553019 
v -0.02766 0.0158045 0.056241 
v -0.02762 0.0144915 0.0544328 
v -0.02766 0.0151961 0.0553019 
v -0.02762 0.0136985 0.0536433 
v -0.02766 0.0144915 0.0544328 
v -0.02762 0.0128262 0.0529426 
v -0.02766 0.0136985 0.0536433 
v -0.02762 0.0118844 0.0523385 
v -0.02766 0.0128262 0.0529426 
v -0.02762 0.0108838 0.0518378 
v -0.02766 0.0118844 0.0523385 
v -0.02762 0.00983559 0.0514463 
v -0.02766 0.0108838 0.0518378 
v -0.02762 0.00875177 0.0511683 
v -0.02766 0.00983559 0.0514463 
v -0.02766 0.00875177 0.0511683 
v -0.02766 0.0169371 0.0643674 
v -0.02766 0.0169173 0.064365 
v -0.02864 0.0169371 0.0643674 
v -0.02864 0.0169173 0.064365 
v -0.02762 0.0169173 0.064365 
v -0.02762 0.0169371 0.0643674 
v -0.02664 0.0169173 0.064365 
v -0.02664 0.0169371 0.0643674 
v -0.0301412 0.0166431 0.0667006 
v -0.0299916 0.0166257 0.0668491 
v -0.0260158 0.0165767 0.0672662 
v -0.0258184 0.0165855 0.067191 
v -0.0289235 0.0165675 0.0673446 
v -0.0263565 0.0165675 0.0673446 
v -0.0298273 0.0166102 0.0669813 
v -0.0304854 0.0167049 0.0661742 
v -0.0303894 0.0166829 0.0663613 
v -0.0248906 0.0166829 0.0663613 
v -0.0247946 0.0167049 0.0661742 
v -0.0306489 0.0167761 0.0655679 
v -0.0306159 0.0167517 0.0657753 
v -0.0305611 0.0167279 0.0659782 
v -0.02563 0.0165967 0.0670956 
v -0.0254527 0.0166102 0.0669813 
v -0.02622 0.0165703 0.0673206 
v -0.02906 0.0165703 0.0673206 
v -0.02965 0.0165967 0.0670956 
v -0.0302742 0.0166623 0.0665374 
v -0.0250058 0.0166623 0.0665374 
v -0.03066 0.0168007 0.0653582 
v -0.03066 0.0169173 0.064365 
v -0.0294616 0.0165855 0.067191 
v -0.0292642 0.0165767 0.0672662 
v -0.0251388 0.0166431 0.0667006 
v -0.0252884 0.0166257 0.0668491 
v -0.0246311 0.0167761 0.0655679 
v -0.0247189 0.0167279 0.0659782 
v -0.02462 0.0168007 0.0653582 
v -0.0246641 0.0167517 0.0657753 
v -0.02462 0.0169173 0.064365 
v -0.0263565 0.00633775 0.0661438 
v -0.0289235 0.00633775 0.0661438 
v -0.02664 0.0165851 0.0673668 
v -0.0264289 0.0165863 0.0673558 
v -0.0264289 0.00631685 0.0661503 
v -0.02622 0.00634057 0.0661198 
v -0.0260158 0.00634695 0.0660654 
v -0.0260158 0.00632709 0.0660631 
v -0.0258184 0.00635578 0.0659902 
v -0.0258184 0.00633592 0.0659879 
v -0.02563 0.00636697 0.0658949 
v -0.02563 0.00634711 0.0658925 
v -0.0254527 0.0063804 0.0657805 
v -0.0254527 0.00636054 0.0657781 
v -0.0252884 0.00639591 0.0656483 
v -0.0252884 0.00637605 0.065646 
v -0.0251388 0.00641334 0.0654998 
v -0.0251388 0.00639348 0.0654975 
v -0.0250058 0.0064325 0.0653366 
v -0.0250058 0.00641263 0.0653343 
v -0.0248906 0.00645317 0.0651605 
v -0.0248906 0.00643331 0.0651582 
v -0.0247946 0.00647513 0.0649734 
v -0.0247946 0.00645527 0.0649711 
v -0.0247189 0.00649815 0.0647774 
v -0.0247189 0.00647828 0.064775 
v -0.0246641 0.00652196 0.0645745 
v -0.0246641 0.00650209 0.0645722 
v -0.0246311 0.0065463 0.0643671 
v -0.0246311 0.00652644 0.0643648 
v -0.02462 0.00657092 0.0641574 
v -0.02462 0.00655106 0.0641551 
v -0.0246311 0.0167959 0.0655702 
v -0.02462 0.0168205 0.0653605 
v -0.0246641 0.0167716 0.0657777 
v -0.0247189 0.0167478 0.0659805 
v -0.0247946 0.0167248 0.0661765 
v -0.0248906 0.0167028 0.0663636 
v -0.0250058 0.0166821 0.0665398 
v -0.0251388 0.016663 0.066703 
v -0.0252884 0.0166455 0.0668515 
v -0.0254527 0.01663 0.0669836 
v -0.02563 0.0166166 0.067098 
v -0.0258184 0.0166054 0.0671933 
v -0.0260158 0.0165966 0.0672686 
v -0.02622 0.0165902 0.0673229 
v -0.02622 0.00632071 0.0661175 
v -0.02664 0.00631556 0.0661613 
v -0.0288511 0.0165863 0.0673558 
v -0.02864 0.0165851 0.0673668 
v -0.02864 0.00631556 0.0661613 
v -0.03066 0.00657092 0.0641574 
v -0.0306489 0.0065463 0.0643671 
v -0.0306489 0.00652644 0.0643648 
v -0.0306159 0.00652196 0.0645745 
v -0.0306159 0.00650209 0.0645722 
v -0.0305611 0.00649815 0.0647774 
v -0.0305611 0.00647828 0.064775 
v -0.0304854 0.00647513 0.0649734 
v -0.0304854 0.00645527 0.0649711 
v -0.0303894 0.00645317 0.0651605 
v -0.0303894 0.00643331 0.0651582 
v -0.0302742 0.0064325 0.0653366 
v -0.0302742 0.00641263 0.0653343 
v -0.0301412 0.00641334 0.0654998 
v -0.0301412 0.00639348 0.0654975 
v -0.0299916 0.00639591 0.0656483 
v -0.0299916 0.00637605 0.065646 
v -0.0298273 0.0063804 0.0657805 
v -0.0298273 0.00636054 0.0657781 
v -0.02965 0.00636697 0.0658949 
v -0.02965 0.00634711 0.0658925 
v -0.0294616 0.00635578 0.0659902 
v -0.0294616 0.00633592 0.0659879 
v -0.0292642 0.00634695 0.0660654 
v -0.0292642 0.00632709 0.0660631 
v -0.02906 0.00634057 0.0661198 
v -0.02906 0.00632071 0.0661175 
v -0.02906 0.0165902 0.0673229 
v -0.0288511 0.00631685 0.0661503 
v -0.0292642 0.0165966 0.0672686 
v -0.0294616 0.0166054 0.0671933 
v -0.02965 0.0166166 0.067098 
v -0.0298273 0.01663 0.0669836 
v -0.0299916 0.0166455 0.0668515 
v -0.0301412 0.016663 0.066703 
v -0.0302742 0.0166821 0.0665398 
v -0.0303894 0.0167028 0.0663636 
v -0.0304854 0.0167248 0.0661765 
v -0.0305611 0.0167478 0.0659805 
v -0.0306159 0.0167716 0.0657777 
v -0.0306489 0.0167959 0.0655702 
v -0.03066 0.0168205 0.0653605 
v -0.03066 0.00655106 0.0641551 
v -0.03066 0.0171317 0.0627094 
v -0.02864 0.0171317 0.0627094 
v -0.02462 0.0171317 0.0627094 
v -0.02664 0.0171317 0.0627094 
v -0.02462 0.0172029 0.0615927 
v -0.02462 0.0171551 0.0604748 
v -0.02664 0.0172029 0.0615927 
v -0.02462 0.0169888 0.0593684 
v -0.02664 0.0171551 0.0604748 
v -0.02462 0.0167059 0.0582858 
v -0.02664 0.0169888 0.0593684 
v -0.02462 0.0163096 0.0572394 
v -0.02664 0.0167059 0.0582858 
v -0.02462 0.0158045 0.056241 
v -0.02664 0.0163096 0.0572394 
v -0.02462 0.0151961 0.0553019 
v -0.02664 0.0158045 0.056241 
v -0.02462 0.0144915 0.0544328 
v -0.02664 0.0151961 0.0553019 
v -0.02462 0.0136985 0.0536433 
v -0.02664 0.0144915 0.0544328 
v -0.02462 0.0128262 0.0529426 
v -0.02664 0.0136985 0.0536433 
v -0.02462 0.0118844 0.0523385 
v -0.02664 0.0128262 0.0529426 
v -0.02462 0.0108838 0.0518378 
v -0.02664 0.0118844 0.0523385 
v -0.02462 0.00983559 0.0514463 
v -0.02664 0.0108838 0.0518378 
v -0.02462 0.00875177 0.0511683 
v -0.02664 0.00983559 0.0514463 
v -0.02462 0.00764455 0.0510069 
v -0.02664 0.00875177 0.0511683 
v -0.02664 0.00764455 0.0510069 
v -0.02664 0.00480278 0.0507462 
v -0.02462 0.00480278 0.0507462 
v -0.02664 0.00391671 0.0506225 
v -0.02462 0.00391671 0.0506225 
v -0.02664 0.00304624 0.0504159 
v -0.02462 0.00304624 0.0504159 
v -0.02664 0.00219913 0.0501281 
v -0.02462 0.00219913 0.0501281 
v -0.02664 0.00138292 0.0497617 
v -0.02462 0.00138292 0.0497617 
v -0.02664 0.000604888 0.04932 
v -0.02462 0.000604888 0.04932 
v -0.02664 -0.000128046 0.048807 
v -0.02462 -0.000128046 0.048807 
v -0.02864 0.0172029 0.0615927 
v -0.02864 0.0171551 0.0604748 
v -0.03066 0.0172029 0.0615927 
v -0.02864 0.0169888 0.0593684 
v -0.03066 0.0171551 0.0604748 
v -0.02864 0.0167059 0.0582858 
v -0.03066 0.0169888 0.0593684 
v -0.02864 0.0163096 0.0572394 
v -0.03066 0.0167059 0.0582858 
v -0.02864 0.0158045 0.056241 
v -0.03066 0.0163096 0.0572394 
v -0.02864 0.0151961 0.0553019 
v -0.03066 0.0158045 0.056241 
v -0.02864 0.0144915 0.0544328 
v -0.03066 0.0151961 0.0553019 
v -0.02864 0.0136985 0.0536433 
v -0.03066 0.0144915 0.0544328 
v -0.02864 0.0128262 0.0529426 
v -0.03066 0.0136985 0.0536433 
v -0.02864 0.0118844 0.0523385 
v -0.03066 0.0128262 0.0529426 
v -0.02864 0.0108838 0.0518378 
v -0.03066 0.0118844 0.0523385 
v -0.02864 0.00983559 0.0514463 
v -0.03066 0.0108838 0.0518378 
v -0.02864 0.00875177 0.0511683 
v -0.03066 0.00983559 0.0514463 
v -0.02864 0.00764455 0.0510069 
v -0.03066 0.00875177 0.0511683 
v -0.03066 0.00764455 0.0510069 
v -0.03066 0.00480278 0.0507462 
v -0.02864 0.00480278 0.0507462 
v -0.03066 0.00391671 0.0506225 
v -0.02864 0.00391671 0.0506225 
v -0.03066 0.00304624 0.0504159 
v -0.02864 0.00304624 0.0504159 
v -0.03066 0.00219913 0.0501281 
v -0.02864 0.00219913 0.0501281 
v -0.03066 0.00138292 0.0497617 
v -0.02864 0.00138292 0.0497617 
v -0.03066 0.000604888 0.04932 
v -0.02864 0.000604888 0.04932 
v -0.03066 -0.000128046 0.048807 
v -0.02864 -0.000128046 0.048807 
v -0.02462 0.00680512 0.0619906 
v -0.02462 0.00395253 0.0616201 
v -0.02462 -0.0015909 0.0601039 
v -0.0246199 -0.00423433 0.0589712 
v -0.02462 0.00114596 0.0609894 
v -0.02462 -0.000129308 0.0488028 
v -0.02462 0.0066875 0.0631642 
v -0.02462 -0.00013057 0.0487987 
v -0.03066 0.00680512 0.0619906 
v -0.0306601 -0.00423433 0.0589712 
v -0.03066 -0.00013057 0.0487987 
v -0.03066 -0.000129308 0.0488028 
v -0.03066 0.00114596 0.0609894 
v -0.03066 -0.0015909 0.0601039 
v -0.03066 0.00395253 0.0616201 
v -0.03066 0.0066875 0.0631642 
v -0.03115 0.000171582 0.0484193 
v -0.030905 2.17678e-05 0.0486131 
v -0.030905 -3.53834e-05 0.0485627 
v -0.03164 0.00047121 0.0480315 
v -0.03115 5.98028e-05 0.0483267 
v -0.0307825 -5.31392e-05 0.04871 
v -0.0307825 -8.29764e-05 0.0486807 
v -0.0307212 -9.87331e-05 0.0487492 
v -0.0307212 -0.000106773 0.0487397 
v -0.0307212 -9.05928e-05 0.0487585 
v -0.0306906 -0.00011402 0.048776 
v -0.0306906 -0.000118671 0.0487692 
v -0.0306753 -0.000121664 0.0487894 
v -0.0306753 -0.00012462 0.048784 
v -0.0306906 -0.00010932 0.0487827 
v -0.0306677 -0.000125486 0.0487961 
v -0.0306677 -0.000127595 0.0487914 
v -0.0306753 -0.000118683 0.0487949 
v -0.0306638 -0.000127397 0.0487995 
v -0.0306638 -0.000129082 0.048795 
v -0.0306677 -0.000123365 0.0488009 
v -0.0306638 -0.000125705 0.0488039 
v -0.03164 0.000250175 0.0478548 
v -0.0236402 -0.00460117 0.0598825 
v -0.0236396 -0.0046619 0.0598531 
v -0.0316404 -0.0046619 0.0598531 
v -0.0316398 -0.00460117 0.0598825 
v -0.02664 0.00395253 0.0616201 
v -0.02664 0.00114596 0.0609894 
v -0.02664 -0.0015909 0.0601039 
v -0.02762 -0.00423437 0.0589713 
v -0.02664 -0.00423377 0.0589716 
v -0.02664 0.00680512 0.0619906 
v -0.02762 0.00666764 0.0631619 
v -0.02664 0.00666764 0.0631619 
v -0.02664 0.0066875 0.0631642 
v -0.02762 0.0066875 0.0631642 
v -0.02762 -0.0015909 0.0601039 
v -0.02762 -0.00183392 0.0599902 
v -0.02762 0.00114596 0.0609894 
v -0.02762 0.000986008 0.0609244 
v -0.02762 0.00388181 0.0615872 
v -0.02762 0.0068274 0.0619724 
v -0.02762 0.00395253 0.0616201 
v -0.02762 0.00680512 0.0619906 
v -0.02762 -0.00422627 0.058953 
v -0.02766 -0.0015909 0.0601039 
v -0.02766 0.00114596 0.0609894 
v -0.02766 0.00395253 0.0616201 
v -0.02766 -0.00423437 0.0589713 
v -0.02766 0.00680512 0.0619906 
v -0.02766 0.0066875 0.0631642 
v -0.02864 0.0066875 0.0631642 
v -0.02864 0.0068274 0.0619724 
v -0.02664 0.0068274 0.0619724 
v -0.02766 0.0068274 0.0619724 
v -0.02766 0.00666764 0.0631619 
v -0.02864 0.00666764 0.0631619 
v -0.02864 0.00680512 0.0619906 
v -0.02766 0.00388181 0.0615872 
v -0.02766 0.000986008 0.0609244 
v -0.02766 -0.00183392 0.0599902 
v -0.02864 -0.00183392 0.0599902 
v -0.02864 0.000986008 0.0609244 
v -0.02864 0.00388181 0.0615872 
v -0.02664 0.00388181 0.0615872 
v -0.02664 0.000986008 0.0609244 
v -0.02664 -0.00183392 0.0599902 
v -0.02864 -0.00422627 0.058953 
v -0.02766 -0.00422627 0.058953 
v -0.02664 -0.00422627 0.058953 
v -0.02864 -0.0015909 0.0601039 
v -0.02864 -0.00423377 0.0589716 
v -0.02864 0.00114596 0.0609894 
v -0.02864 0.00395253 0.0616201 
v -0.047049 0.016907 0.0643638 
v -0.04649 0.0169371 0.0643674 
v -0.04649 0.0165851 0.0673668 
v -0.0476014 0.0168171 0.0643533 
v -0.047049 0.016555 0.0673632 
v -0.0481408 0.0166683 0.0643358 
v -0.0476014 0.016465 0.0673527 
v -0.0486608 0.0164626 0.0643116 
v -0.0481408 0.0163163 0.0673352 
v -0.0491554 0.0162021 0.0642811 
v -0.0486608 0.0161105 0.0673111 
v -0.0496188 0.0158901 0.0642445 
v -0.0491554 0.01585 0.0672805 
v -0.0500454 0.0155302 0.0642022 
v -0.0496188 0.015538 0.0672439 
v -0.0504304 0.0151265 0.0641548 
v -0.0500454 0.0151781 0.0672016 
v -0.0507692 0.0146839 0.0641029 
v -0.0504304 0.0147745 0.0671542 
v -0.0510578 0.0142075 0.0640469 
v -0.0507692 0.0143319 0.0671023 
v -0.0512928 0.0137029 0.0639877 
v -0.0510578 0.0138555 0.0670464 
v -0.0514716 0.0131761 0.0639259 
v -0.0512928 0.0133509 0.0669871 
v -0.0515919 0.0126331 0.0638621 
v -0.0514716 0.012824 0.0669253 
v -0.0516524 0.0120804 0.0637973 
v -0.0515919 0.012281 0.0668615 
v -0.0516524 0.0115244 0.063732 
v -0.0516524 0.0117283 0.0667967 
v -0.0515919 0.0109717 0.0636671 
v -0.0516524 0.0111723 0.0667314 
v -0.0514716 0.0104287 0.0636034 
v -0.0515919 0.0106196 0.0666665 
v -0.0512928 0.00990182 0.0635415 
v -0.0514716 0.0100766 0.0666028 
v -0.0510578 0.00939722 0.0634823 
v -0.0512928 0.00954974 0.0665409 
v -0.0507692 0.00892083 0.0634264 
v -0.0510578 0.00904515 0.0664817 
v -0.0504304 0.00847822 0.0633744 
v -0.0507692 0.00856875 0.0664258 
v -0.0500454 0.00807458 0.063327 
v -0.0504304 0.00812614 0.0663738 
v -0.0496188 0.00771465 0.0632848 
v -0.0500454 0.0077225 0.0663265 
v -0.0491554 0.00740264 0.0632482 
v -0.0496188 0.00736257 0.0662842 
v -0.0486608 0.00714221 0.0632176 
v -0.0491554 0.00705056 0.0662476 
v -0.0481408 0.00693642 0.0631934 
v -0.0486608 0.00679014 0.066217 
v -0.0476014 0.00678768 0.063176 
v -0.0481408 0.00658435 0.0661929 
v -0.047049 0.00669774 0.0631654 
v -0.0476014 0.00643561 0.0661754 
v -0.04649 0.00666764 0.0631619 
v -0.047049 0.00634566 0.0661648 
v -0.04649 0.00631556 0.0661613 
v -0.03164 0.0168205 0.0653605 
v -0.0314909 0.0167117 0.0662881 
v -0.0313767 0.0166773 0.0665812 
v -0.03164 0.0169371 0.0643674 
v -0.0315734 0.0167473 0.0659847 
v -0.0316233 0.0167837 0.0656744 
v -0.031232 0.0166444 0.0668607 
v -0.0310585 0.0166136 0.0671236 
v -0.030858 0.0165851 0.0673668 
v -0.0316233 0.00651421 0.0644689 
v -0.03164 0.00655106 0.0641551 
v -0.031232 0.00637496 0.0656553 
v -0.0313767 0.00640777 0.0653758 
v -0.0315734 0.00647778 0.0647793 
v -0.0314909 0.00644217 0.0650827 
v -0.030858 0.00631556 0.0661613 
v -0.0310585 0.00634411 0.0659181 
v -0.03164 0.00666764 0.0631619 
v -0.04649 0.0165675 0.0673446 
v -0.0316233 0.0167638 0.065672 
v -0.03164 0.0168007 0.0653582 
v -0.04649 0.0169173 0.064365 
v -0.031232 0.0166246 0.0668584 
v -0.0313767 0.0166574 0.0665789 
v -0.0315734 0.0167274 0.0659824 
v -0.0314909 0.0166918 0.0662858 
v -0.0308761 0.0165675 0.0673446 
v -0.0310585 0.0165937 0.0671212 
v -0.03164 0.0169173 0.064365 
v -0.04649 0.00633775 0.0661438 
v -0.04649 0.0066875 0.0631642 
v -0.03164 0.00657092 0.0641574 
v -0.0314909 0.00646203 0.065085 
v -0.0313767 0.00642763 0.0653781 
v -0.03164 0.0066875 0.0631642 
v -0.0315734 0.00649765 0.0647816 
v -0.0316233 0.00653408 0.0644713 
v -0.031232 0.00639482 0.0656576 
v -0.0310585 0.00636397 0.0659204 
v -0.0308761 0.00633775 0.0661438 
v -0.0470468 0.00636774 0.0661473 
v -0.0470468 0.00671748 0.0631677 
v -0.0475971 0.00645734 0.0661578 
v -0.0475971 0.00680708 0.0631783 
v -0.0481344 0.0066055 0.0661752 
v -0.0481344 0.00695525 0.0631957 
v -0.0486524 0.0068105 0.0661993 
v -0.0486524 0.00716024 0.0632197 
v -0.0491451 0.00706991 0.0662297 
v -0.0491451 0.00741966 0.0632502 
v -0.0496066 0.00738071 0.0662662 
v -0.0496066 0.00773046 0.0632867 
v -0.0500317 0.00773926 0.0663083 
v -0.0500317 0.008089 0.0633287 
v -0.0504151 0.00814133 0.0663555 
v -0.0504151 0.00849108 0.0633759 
v -0.0507526 0.00858223 0.0664072 
v -0.0507526 0.00893198 0.0634277 
v -0.0510401 0.00905678 0.0664629 
v -0.0510401 0.00940653 0.0634834 
v -0.0512742 0.00955942 0.0665219 
v -0.0512742 0.00990917 0.0635424 
v -0.0514523 0.0100843 0.0665835 
v -0.0514523 0.010434 0.063604 
v -0.0515722 0.0106251 0.066647 
v -0.0515722 0.0109749 0.0636675 
v -0.0516324 0.0111757 0.0667117 
v -0.0516324 0.0115255 0.0637321 
v -0.0516324 0.0117296 0.0667767 
v -0.0516324 0.0120793 0.0637971 
v -0.0515722 0.0122801 0.0668413 
v -0.0515722 0.0126299 0.0638618 
v -0.0514523 0.012821 0.0669048 
v -0.0514523 0.0131708 0.0639252 
v -0.0512742 0.0133459 0.0669664 
v -0.0512742 0.0136956 0.0639869 
v -0.0510401 0.0138485 0.0670254 
v -0.0510401 0.0141982 0.0640459 
v -0.0507526 0.014323 0.0670811 
v -0.0507526 0.0146728 0.0641016 
v -0.0504151 0.0147639 0.0671329 
v -0.0504151 0.0151137 0.0641533 
v -0.0500317 0.015166 0.0671801 
v -0.0500317 0.0155158 0.0642005 
v -0.0496066 0.0155246 0.0672221 
v -0.0496066 0.0158743 0.0642426 
v -0.0491451 0.0158354 0.0672586 
v -0.0491451 0.0161851 0.0642791 
v -0.0486524 0.0160948 0.0672891 
v -0.0486524 0.0164445 0.0643095 
v -0.0481344 0.0162998 0.0673131 
v -0.0481344 0.0166495 0.0643336 
v -0.0475971 0.0164479 0.0673305 
v -0.0475971 0.0167977 0.064351 
v -0.0470468 0.0165375 0.067341 
v -0.0470468 0.0168873 0.0643615 
v -0.00823102 0.00669774 0.0631654 
v -0.00879 0.00666764 0.0631619 
v -0.00879 0.00631556 0.0661613 
v -0.0076786 0.00678768 0.063176 
v -0.00823102 0.00634566 0.0661648 
v -0.00713921 0.00693642 0.0631934 
v -0.0076786 0.00643561 0.0661754 
v -0.00661917 0.00714221 0.0632176 
v -0.00713921 0.00658435 0.0661929 
v -0.00612459 0.00740264 0.0632482 
v -0.00661917 0.00679014 0.066217 
v -0.00566125 0.00771465 0.0632848 
v -0.00612459 0.00705056 0.0662476 
v -0.00523459 0.00807458 0.063327 
v -0.00566125 0.00736257 0.0662842 
v -0.00484962 0.00847822 0.0633744 
v -0.00523459 0.0077225 0.0663265 
v -0.00451085 0.00892083 0.0634264 
v -0.00484962 0.00812614 0.0663738 
v -0.00422224 0.00939722 0.0634823 
v -0.00451085 0.00856875 0.0664258 
v -0.00398719 0.00990182 0.0635415 
v -0.00422224 0.00904515 0.0664817 
v -0.00380845 0.0104287 0.0636034 
v -0.00398719 0.00954974 0.0665409 
v -0.00368811 0.0109717 0.0636671 
v -0.00380845 0.0100766 0.0666028 
v -0.00362758 0.0115244 0.063732 
v -0.00368811 0.0106196 0.0666665 
v -0.00362758 0.0120804 0.0637973 
v -0.00362758 0.0111723 0.0667314 
v -0.00368811 0.0126331 0.0638621 
v -0.00362758 0.0117283 0.0667967 
v -0.00380845 0.0131761 0.0639259 
v -0.00368811 0.012281 0.0668615 
v -0.00398719 0.0137029 0.0639877 
v -0.00380845 0.012824 0.0669253 
v -0.00422224 0.0142075 0.0640469 
v -0.00398719 0.0133509 0.0669871 
v -0.00451085 0.0146839 0.0641029 
v -0.00422224 0.0138555 0.0670464 
v -0.00484962 0.0151265 0.0641548 
v -0.00451085 0.0143319 0.0671023 
v -0.00523459 0.0155302 0.0642022 
v -0.00484962 0.0147745 0.0671542 
v -0.00566125 0.0158901 0.0642445 
v -0.00523459 0.0151781 0.0672016 
v -0.00612459 0.0162021 0.0642811 
v -0.00566125 0.015538 0.0672439 
v -0.00661917 0.0164626 0.0643116 
v -0.00612459 0.01585 0.0672805 
v -0.00713921 0.0166683 0.0643358 
v -0.00661917 0.0161105 0.0673111 
v -0.0076786 0.0168171 0.0643533 
v -0.00713921 0.0163163 0.0673352 
v -0.00823102 0.016907 0.0643638 
v -0.0076786 0.016465 0.0673527 
v -0.00879 0.0169371 0.0643674 
v -0.00823102 0.016555 0.0673632 
v -0.00879 0.0165851 0.0673668 
v -0.02364 0.00655106 0.0641551 
v -0.0239033 0.00640777 0.0653758 
v -0.024048 0.00637496 0.0656553 
v -0.0237066 0.00647778 0.0647793 
v -0.0237891 0.00644217 0.0650827 
v -0.02364 0.00666764 0.0631619 
v -0.0236567 0.00651421 0.0644689 
v -0.0242215 0.00634411 0.0659181 
v -0.024422 0.00631556 0.0661613 
v -0.0236567 0.0167837 0.0656744 
v -0.02364 0.0168205 0.0653605 
v -0.0239033 0.0166773 0.0665812 
v -0.0237891 0.0167117 0.0662881 
v -0.0242215 0.0166136 0.0671236 
v -0.024048 0.0166444 0.0668607 
v -0.0237066 0.0167473 0.0659847 
v -0.024422 0.0165851 0.0673668 
v -0.02364 0.0169371 0.0643674 
v -0.00879 0.0165675 0.0673446 
v -0.024048 0.0166246 0.0668584 
v -0.0242215 0.0165937 0.0671212 
v -0.00879 0.0169173 0.064365 
v -0.02364 0.0168007 0.0653582 
v -0.0239033 0.0166574 0.0665789 
v -0.0237066 0.0167274 0.0659824 
v -0.0237891 0.0166918 0.0662858 
v -0.02364 0.0169173 0.064365 
v -0.0236567 0.0167638 0.065672 
v -0.0244039 0.0165675 0.0673446 
v -0.00879 0.00633775 0.0661438 
v -0.0236567 0.00653408 0.0644713 
v -0.02364 0.00657092 0.0641574 
v -0.0244039 0.00633775 0.0661438 
v -0.0242215 0.00636397 0.0659204 
v -0.00879 0.0066875 0.0631642 
v -0.0239033 0.00642763 0.0653781 
v -0.0237891 0.00646203 0.065085 
v -0.024048 0.00639482 0.0656576 
v -0.0237066 0.00649765 0.0647816 
v -0.02364 0.0066875 0.0631642 
v -0.00823319 0.0165375 0.067341 
v -0.00823319 0.0168873 0.0643615 
v -0.0076829 0.0164479 0.0673305 
v -0.0076829 0.0167977 0.064351 
v -0.0071456 0.0162998 0.0673131 
v -0.0071456 0.0166495 0.0643336 
v -0.00662757 0.0160948 0.0672891 
v -0.00662757 0.0164445 0.0643095 
v -0.0061349 0.0158354 0.0672586 
v -0.0061349 0.0161851 0.0642791 
v -0.00567335 0.0155246 0.0672221 
v -0.00567335 0.0158743 0.0642426 
v -0.00524835 0.015166 0.0671801 
v -0.00524835 0.0155158 0.0642005 
v -0.00486487 0.0147639 0.0671329 
v -0.00486487 0.0151137 0.0641533 
v -0.0045274 0.014323 0.0670811 
v -0.0045274 0.0146728 0.0641016 
v -0.00423991 0.0138485 0.0670254 
v -0.00423991 0.0141982 0.0640459 
v -0.00400577 0.0133459 0.0669664 
v -0.00400577 0.0136956 0.0639869 
v -0.00382772 0.012821 0.0669048 
v -0.00382772 0.0131708 0.0639252 
v -0.00370784 0.0122801 0.0668413 
v -0.00370784 0.0126299 0.0638618 
v -0.00364755 0.0117296 0.0667767 
v -0.00364755 0.0120793 0.0637971 
v -0.00364755 0.0111757 0.0667117 
v -0.00364755 0.0115255 0.0637321 
v -0.00370784 0.0106251 0.066647 
v -0.00370784 0.0109749 0.0636675 
v -0.00382772 0.0100843 0.0665835 
v -0.00382772 0.010434 0.063604 
v -0.00400577 0.00955942 0.0665219 
v -0.00400577 0.00990917 0.0635424 
v -0.00423991 0.00905678 0.0664629 
v -0.00423991 0.00940653 0.0634834 
v -0.0045274 0.00858223 0.0664072 
v -0.0045274 0.00893198 0.0634277 
v -0.00486487 0.00814133 0.0663555 
v -0.00486487 0.00849108 0.0633759 
v -0.00524835 0.00773926 0.0663083 
v -0.00524835 0.008089 0.0633287 
v -0.00567335 0.00738071 0.0662662 
v -0.00567335 0.00773046 0.0632867 
v -0.0061349 0.00706991 0.0662297 
v -0.0061349 0.00741966 0.0632502 
v -0.00662757 0.0068105 0.0661993 
v -0.00662757 0.00716024 0.0632197 
v -0.0071456 0.0066055 0.0661752 
v -0.0071456 0.00695525 0.0631957 
v -0.0076829 0.00645734 0.0661578 
v -0.0076829 0.00680708 0.0631783 
v -0.00823319 0.00636774 0.0661473 
v -0.00823319 0.00671748 0.0631677 
v -0.02164 0.0121219 0.0342207 
v -0.02164 0.0124775 0.0348281 
v -0.02164 0.0104279 0.0357736 
v -0.02164 0.0127654 0.0354703 
v -0.02164 0.0106631 0.0362721 
v -0.02164 0.0105212 0.0359568 
v -0.02164 0.0129822 0.0361399 
v -0.02164 0.0108055 0.0367097 
v -0.02164 0.0107223 0.0364538 
v -0.02164 0.0131253 0.036829 
v -0.02164 0.0108998 0.0371601 
v -0.02164 0.0108512 0.0369278 
v -0.02164 0.0131931 0.0375295 
v -0.02164 0.0109448 0.0376181 
v -0.02164 0.0109223 0.0373892 
v -0.02164 0.0131847 0.0382333 
v -0.02164 0.01094 0.0380782 
v -0.02164 0.0109424 0.037848 
v -0.02164 -0.014217 0.0445686 
v -0.02164 -0.012829 0.0427977 
v -0.02164 -0.0128248 0.0428006 
v -0.02164 0.0117026 0.0336554 
v -0.02164 0.0102179 0.0354245 
v -0.02164 0.0104742 0.0358525 
v -0.02164 0.0131003 0.038932 
v -0.02164 0.0108856 0.0385352 
v -0.02164 0.0109119 0.0383139 
v -0.02164 0.0129408 0.0396175 
v -0.02164 0.010825 0.0387974 
v -0.02164 -0.0136392 0.0449704 
v -0.02164 -0.0124508 0.0430599 
v -0.02164 -0.0122266 0.0431817 
v -0.02164 0.0102411 0.0354557 
v -0.02164 0.010782 0.0389835 
v -0.02164 0.0127082 0.0402818 
v -0.02164 0.0106682 0.03931 
v -0.02164 -0.0130214 0.0453075 
v -0.02164 -0.0124517 0.0430593 
v -0.02164 -0.014748 0.0441066 
v -0.02164 -0.0152259 0.0435899 
v -0.02164 -0.0133996 0.0422558 
v -0.02164 -0.00625789 0.037909 
v -0.02164 0.00296478 0.0357747 
v -0.02164 0.0028065 0.0361077 
v -0.02164 0.0032061 0.0353829 
v -0.02164 0.00298516 0.0357416 
v -0.02164 0.0112247 0.0331387 
v -0.02164 0.00987637 0.0349895 
v -0.02164 0.0106305 0.0394181 
v -0.02164 -0.00598096 0.0397151 
v -0.02164 0.00292356 0.039756 
v -0.02164 0.0029699 0.0398348 
v -0.02164 0.00273467 0.0393363 
v -0.02164 0.00287658 0.0396516 
v -0.02164 0.00259225 0.0388988 
v -0.02164 0.00267553 0.0391546 
v -0.02164 -0.00599869 0.0390261 
v -0.02164 -0.00602121 0.038797 
v -0.02164 0.00245297 0.0379904 
v -0.02164 0.00247547 0.0382192 
v -0.02164 0.00249799 0.0384483 
v -0.02164 -0.0059762 0.039255 
v -0.02164 -0.0131766 0.0424962 
v -0.02164 -0.0134896 0.0421588 
v -0.02164 -0.0156451 0.0430246 
v -0.02164 -0.0137411 0.0418208 
v -0.02164 -0.0160008 0.0424172 
v -0.02164 -0.0139511 0.0414717 
v -0.02164 0.00276724 0.0361903 
v -0.02164 0.00272958 0.0362984 
v -0.02164 0.00973662 0.0348389 
v -0.02164 0.0120351 0.0415157 
v -0.02164 0.0116025 0.0420708 
v -0.02164 0.00998447 0.0404924 
v -0.02164 0.00998351 0.0434132 
v -0.02164 0.00935782 0.0437355 
v -0.02164 0.00844339 0.0416797 
v -0.02164 0.00870095 0.0439882 
v -0.02164 0.00801415 0.0418456 
v -0.02164 0.0080206 0.0441684 
v -0.02164 0.0075695 0.0419641 
v -0.02164 0.00782406 0.0418962 
v -0.02164 0.00732476 0.044274 
v -0.02164 0.00720012 0.0420207 
v -0.02164 0.00619567 0.0420243 
v -0.02164 0.00656859 0.0420484 
v -0.02164 0.00574234 0.0419452 
v -0.02164 0.00593615 0.041979 
v -0.02164 0.00315671 0.0401527 
v -0.02164 -0.00597858 0.0394849 
v -0.02164 -0.00600907 0.0399508 
v -0.02164 0.00317991 0.0401839 
v -0.02164 -0.0132598 0.0424065 
v -0.02164 -0.0137643 0.0417896 
v -0.02164 -0.0139975 0.0413929 
v -0.02164 -0.0162887 0.041775 
v -0.02164 -0.0141863 0.0409732 
v -0.02164 -0.0140444 0.0412885 
v -0.02164 -0.0155583 0.0357297 
v -0.02164 -0.0151258 0.0351745 
v -0.02164 -0.0135077 0.036753 
v -0.02164 0.00245535 0.0377604 
v -0.02164 -0.00606984 0.0385646 
v -0.02164 0.0026158 0.0366249 
v -0.02164 0.00257279 0.0368111 
v -0.02164 0.00996639 0.0350865 
v -0.02164 0.00990942 0.040589 
v -0.02164 0.0111125 0.042576 
v -0.02164 0.00923654 0.0412134 
v -0.02164 0.00958556 0.0409231 
v -0.02164 0.0105707 0.0430252 
v -0.02164 0.00923572 0.0412141 
v -0.02164 0.00902301 0.0413551 
v -0.02164 0.00711463 0.0420338 
v -0.02164 -0.00768529 0.0428509 
v -0.02164 0.00409201 0.0411608 
v -0.02164 0.00409623 0.0411637 
v -0.02164 0.00254661 0.0386807 
v -0.02164 0.00343139 0.0405219 
v -0.02164 -0.00603545 0.0401721 
v -0.02164 -0.00613902 0.0406204 
v -0.02164 -0.00609602 0.0404343 
v -0.02164 -0.00629046 0.041055 
v -0.02164 -0.0062528 0.0409469 
v -0.02164 -0.006488 0.0414706 
v -0.02164 -0.00632973 0.0411376 
v -0.02164 -0.00768447 0.0428503 
v -0.02164 -0.0110017 0.0458942 
v -0.02164 -0.0116948 0.0457721 
v -0.02164 -0.0109849 0.0436159 
v -0.02164 -0.0123707 0.0455757 
v -0.02164 -0.0120465 0.0432796 
v -0.02164 -0.0137149 0.0370198 
v -0.02164 -0.0139359 0.0373785 
v -0.02164 -0.0134326 0.0366563 
v -0.02164 -0.0115438 0.0330769 
v -0.02164 -0.0110927 0.0352812 
v -0.02164 -0.0113473 0.0353491 
v -0.02164 -0.010848 0.0329713 
v -0.02164 -0.0107233 0.0352246 
v -0.02164 -0.00971889 0.035221 
v -0.02164 -0.0100918 0.0351969 
v -0.02164 -0.00644678 0.0374894 
v -0.02164 -0.00649313 0.0374105 
v -0.02164 -0.00639981 0.0375937 
v -0.02164 0.00245773 0.0375302 
v -0.02164 -0.00611548 0.0383466 
v -0.02164 -0.00619876 0.0380907 
v -0.02164 0.00251222 0.0370733 
v -0.02164 0.00248584 0.0372945 
v -0.02164 0.00607302 0.0313344 
v -0.02164 0.00628315 0.0335746 
v -0.02164 0.00619767 0.0335877 
v -0.02164 0.0067762 0.0313047 
v -0.02164 0.00674289 0.0335544 
v -0.02164 0.0106938 0.0326768 
v -0.02164 0.0096534 0.0347492 
v -0.02164 0.0124051 0.040917 
v -0.02164 0.010433 0.0398337 
v -0.02164 0.0105913 0.0395007 
v -0.02164 0.0101917 0.0402256 
v -0.02164 0.0104126 0.0398668 
v -0.02164 0.0101105 0.0403301 
v -0.02164 0.00958951 0.0409198 
v -0.02164 0.00885218 0.0414683 
v -0.02164 0.00665489 0.042054 
v -0.02164 0.00530024 0.0418175 
v -0.02164 0.00487453 0.0416427 
v -0.02164 0.0044702 0.041423 
v -0.02164 0.00469443 0.0415448 
v -0.02164 0.00446933 0.0414224 
v -0.02164 0.00352141 0.040619 
v -0.02164 -0.00693654 0.0421293 
v -0.02164 -0.00681051 0.041967 
v -0.02164 -0.00733545 0.04256 
v -0.02164 -0.0111787 0.0435821 
v -0.02164 -0.0116208 0.0434544 
v -0.02164 -0.0165054 0.0411054 
v -0.02164 -0.0143288 0.0405356 
v -0.02164 -0.0142455 0.0407915 
v -0.02164 -0.0166485 0.0404163 
v -0.02164 -0.014423 0.0400852 
v -0.02164 -0.0143744 0.0403176 
v -0.02164 -0.0159283 0.0363284 
v -0.02164 -0.0139562 0.0374116 
v -0.02164 -0.0141145 0.0377446 
v -0.02164 -0.0136337 0.0369152 
v -0.02164 -0.0122242 0.0332571 
v -0.02164 -0.0106379 0.0352115 
v -0.02164 -0.0101781 0.0351913 
v -0.02164 -0.00926557 0.0353002 
v -0.02164 -0.00945937 0.0352663 
v -0.02164 0.00380827 0.0346886 
v -0.02164 -0.00761524 0.0360845 
v -0.02164 -0.00761946 0.0360816 
v -0.02164 -0.00667994 0.0370926 
v -0.02164 -0.00670313 0.0370614 
v -0.02164 -0.00695462 0.0367234 
v -0.02164 0.00341331 0.0351161 
v -0.02164 0.00328728 0.0352783 
v -0.02164 0.00582829 0.0336443 
v -0.02164 0.00557373 0.0337122 
v -0.02164 0.00747847 0.0313511 
v -0.02164 0.00720212 0.0335841 
v -0.02164 0.0068292 0.03356 
v -0.02164 0.00366117 0.0407696 
v -0.02164 -0.00701159 0.0422259 
v -0.02164 -0.0073315 0.0425567 
v -0.02164 -0.0107253 0.0436612 
v -0.02164 -0.0103524 0.0436853 
v -0.02164 -0.0167079 0.039012 
v -0.02164 -0.0144633 0.0391671 
v -0.02164 -0.0144657 0.0393973 
v -0.02164 -0.0166235 0.0383133 
v -0.02164 -0.0144088 0.0387101 
v -0.02164 -0.0144352 0.0389314 
v -0.02164 -0.0164641 0.0376278 
v -0.02164 -0.0162314 0.0369636 
v -0.02164 -0.0141914 0.0379353 
v -0.02164 -0.0135067 0.0338321 
v -0.02164 -0.012881 0.0335098 
v -0.02164 -0.0119666 0.0355656 
v -0.02164 -0.0115374 0.0353997 
v -0.02164 -0.00799255 0.035823 
v -0.02164 -0.00704464 0.0366264 
v -0.02164 0.00348836 0.0350194 
v -0.02164 0.00454561 0.0341401 
v -0.02164 0.00437477 0.0342533 
v -0.02164 0.0081716 0.0314732 
v -0.02164 0.00746164 0.0336294 
v -0.02164 0.00374438 0.0408593 
v -0.02164 -0.00672932 0.0418624 
v -0.02164 -0.00650838 0.0415037 
v -0.02164 -0.00959625 0.0459109 
v -0.02164 -0.00935151 0.043601 
v -0.02164 -0.00909695 0.0435331 
v -0.02164 -0.0102994 0.0459406 
v -0.02164 -0.0102661 0.0436909 
v -0.02164 -0.0167163 0.0397158 
v -0.02164 -0.0143482 0.0384479 
v -0.02164 -0.0141538 0.0378272 
v -0.02164 -0.00882346 0.0354278 
v -0.02164 -0.00726761 0.0363861 
v -0.02164 -0.00718439 0.0364757 
v -0.02164 -0.00799343 0.0358223 
v -0.02164 0.00538363 0.0337629 
v -0.02164 0.00495439 0.0339287 
v -0.02164 0.00765544 0.0336633 
v -0.02164 0.00884747 0.0316696 
v -0.02164 0.00809755 0.033791 
v -0.02164 0.00949814 0.0319379 
v -0.02164 0.00852326 0.0339657 
v -0.02164 0.010116 0.0322749 
v -0.02164 0.00892758 0.0341855 
v -0.02164 0.00870335 0.0340636 
v -0.02164 -0.00806883 0.0431052 
v -0.02164 -0.007898 0.042992 
v -0.02164 -0.00847762 0.0433166 
v -0.02164 -0.00890686 0.0434825 
v -0.02164 -0.00980638 0.0436707 
v -0.02164 -0.00972089 0.0436576 
v -0.02164 -0.014468 0.0396272 
v -0.02164 -0.0144455 0.0398561 
v -0.02164 -0.0143052 0.0382618 
v -0.02164 -0.0146357 0.0346693 
v -0.02164 -0.0131127 0.0363255 
v -0.02164 -0.0140939 0.0342201 
v -0.02164 -0.0127589 0.0360313 
v -0.02164 -0.0127598 0.0360319 
v -0.02164 -0.00839775 0.0356026 
v -0.02164 0.00416207 0.0343944 
v -0.02164 0.00416125 0.0343951 
v -0.02164 0.00930155 0.0344447 
v -0.02164 0.00892846 0.0341861 
v -0.02164 0.00930577 0.0344476 
v -0.02164 -0.0125462 0.0358902 
v -0.02164 -0.00821766 0.0357005 
v -0.02164 0.00381222 0.0346854 
v -0.02164 -0.0131088 0.0363222 
v -0.02164 -0.0123754 0.035777 
v -0.02464 0.00732476 0.044274 
v -0.02464 0.0080206 0.0441684 
v -0.02464 0.00870095 0.0439882 
v -0.02464 0.00935782 0.0437355 
v -0.02464 0.00998351 0.0434132 
v -0.02464 0.0105707 0.0430252 
v -0.02464 0.0111125 0.042576 
v -0.02464 0.0116025 0.0420708 
v -0.02464 0.0120351 0.0415157 
v -0.02464 0.0124051 0.040917 
v -0.02464 0.0127082 0.0402818 
v -0.02464 0.0129408 0.0396175 
v -0.02464 0.0131003 0.038932 
v -0.02464 0.0131847 0.0382333 
v -0.02464 0.0131931 0.0375295 
v -0.02464 0.0131253 0.036829 
v -0.02464 0.0129822 0.0361399 
v -0.02464 0.0127654 0.0354703 
v -0.02464 0.0124775 0.0348281 
v -0.02464 0.0121219 0.0342207 
v -0.02464 0.0117026 0.0336554 
v -0.02464 0.0112247 0.0331387 
v -0.02464 0.0106938 0.0326768 
v -0.02464 0.010116 0.0322749 
v -0.02464 0.00949814 0.0319379 
v -0.02464 0.00884747 0.0316696 
v -0.02464 0.0081716 0.0314732 
v -0.02464 0.00747847 0.0313511 
v -0.02464 0.0067762 0.0313047 
v -0.02464 0.00607302 0.0313344 
v -0.02464 -0.00959625 0.0459109 
v -0.02464 -0.010848 0.0329713 
v -0.02464 -0.0115438 0.0330769 
v -0.02464 -0.0122242 0.0332571 
v -0.02464 -0.012881 0.0335098 
v -0.02464 -0.0135067 0.0338321 
v -0.02464 -0.0140939 0.0342201 
v -0.02464 -0.0146357 0.0346693 
v -0.02464 -0.0151258 0.0351745 
v -0.02464 -0.0155583 0.0357297 
v -0.02464 -0.0159283 0.0363284 
v -0.02464 -0.0162314 0.0369636 
v -0.02464 -0.0164641 0.0376278 
v -0.02464 -0.0166235 0.0383133 
v -0.02464 -0.0167079 0.039012 
v -0.02464 -0.0167163 0.0397158 
v -0.02464 -0.0166485 0.0404163 
v -0.02464 -0.0165054 0.0411054 
v -0.02464 -0.0162887 0.041775 
v -0.02464 -0.0160008 0.0424172 
v -0.02464 -0.0156451 0.0430246 
v -0.02464 -0.0152259 0.0435899 
v -0.02464 -0.014748 0.0441066 
v -0.02464 -0.014217 0.0445686 
v -0.02464 -0.0136392 0.0449704 
v -0.02464 -0.0130214 0.0453075 
v -0.02464 -0.0123707 0.0455757 
v -0.02464 -0.0116948 0.0457721 
v -0.02464 -0.0110017 0.0458942 
v -0.02464 -0.0102994 0.0459406 
v -0.02464 -0.00902832 0.0410457 
v -0.02464 -0.00871128 0.0407516 
v -0.02464 -0.00886183 0.0409073 
v -0.02464 0.0067196 0.0358043 
v -0.02464 0.0069357 0.0358183 
v -0.02464 0.00650325 0.0358138 
v -0.02464 -0.0102428 0.041441 
v -0.02464 -0.0104589 0.041427 
v -0.02464 -0.0100265 0.0414315 
v -0.02464 -0.00920881 0.0411654 
v -0.02464 -0.00940118 0.0412649 
v -0.02464 0.00470305 0.0376753 
v -0.02464 -0.00855521 0.0383359 
v -0.02464 -0.00844549 0.0385226 
v -0.02464 -0.00822404 0.0393535 
v -0.02464 0.004722 0.0381073 
v -0.02464 0.00470081 0.0378918 
v -0.02464 0.00755742 0.0359979 
v -0.02464 0.00774769 0.0361013 
v -0.02464 0.00735708 0.0359156 
v -0.02464 0.00714903 0.0358555 
v -0.02464 0.0062892 0.0358466 
v -0.02464 0.00476636 0.0383193 
v -0.02464 -0.0110806 0.0412475 
v -0.02464 -0.0112709 0.0411441 
v -0.02464 -0.0108803 0.0413297 
v -0.02464 -0.00981242 0.0413987 
v -0.02464 -0.00960317 0.0413429 
v -0.02464 -0.00883176 0.0380034 
v -0.02464 0.00494166 0.0368492 
v -0.02464 0.00505522 0.0366648 
v -0.02464 0.00477744 0.0372492 
v -0.02464 0.0048487 0.0370447 
v -0.02464 0.00472869 0.0374602 
v -0.02464 -0.00868447 0.0381622 
v -0.02464 -0.00828958 0.038926 
v -0.02464 -0.00824522 0.039138 
v -0.02464 0.00503198 0.0389094 
v -0.02464 0.00492226 0.0387227 
v -0.02464 0.00530853 0.0392419 
v -0.02464 0.00516124 0.0390831 
v -0.02464 -0.0117598 0.04072 
v -0.02464 -0.011889 0.0405463 
v -0.02464 -0.0116125 0.0408788 
v -0.02464 -0.0114489 0.0410207 
v -0.02464 -0.0106723 0.0413898 
v -0.02464 -0.00825192 0.0397851 
v -0.02464 -0.00830066 0.0399961 
v -0.02464 0.00667819 0.0398041 
v -0.02464 0.00607995 0.0359024 
v -0.02464 0.00568558 0.0360799 
v -0.02464 0.00587795 0.0359805 
v -0.02464 0.00518805 0.0364937 
v -0.02464 0.0053386 0.0363381 
v -0.02464 -0.0083566 0.0387201 
v -0.02464 0.0056501 0.0395072 
v -0.02464 0.00547212 0.0393838 
v -0.02464 -0.0122202 0.0395287 
v -0.02464 -0.012218 0.0393122 
v -0.02464 -0.012199 0.0397442 
v -0.02464 -0.0119987 0.0403596 
v -0.02464 -0.0120876 0.0401621 
v -0.02464 -0.00846489 0.0403962 
v -0.02464 -0.00857845 0.0405806 
v -0.02464 -0.00837193 0.0402006 
v -0.02464 0.00689453 0.0397946 
v -0.02464 0.00847552 0.0368857 
v -0.02464 0.00856441 0.0370832 
v -0.02464 0.0083658 0.036699 
v -0.02464 0.00823654 0.0365253 
v -0.02464 0.00808925 0.0363665 
v -0.02464 0.00550509 0.0361996 
v -0.02464 0.00483337 0.0385252 
v -0.02464 -0.0104178 0.0374507 
v -0.02464 -0.0102014 0.0374412 
v -0.02464 -0.0114159 0.0378365 
v -0.02464 -0.0112354 0.0377168 
v -0.02464 -0.0115824 0.037975 
v -0.02464 -0.011733 0.0381306 
v -0.02464 -0.0118658 0.0383017 
v -0.02464 -0.0121547 0.0399562 
v -0.02464 -0.00822628 0.0395701 
v -0.02464 0.00834256 0.0389437 
v -0.02464 0.00820973 0.0391147 
v -0.02464 0.00845612 0.0387593 
v -0.02464 0.00854908 0.0385637 
v -0.02464 0.00862035 0.0383592 
v -0.02464 0.00869473 0.0379332 
v -0.02464 0.00866909 0.0381482 
v -0.02464 0.00869697 0.0377166 
v -0.02464 0.00867579 0.0375011 
v -0.02464 0.00863143 0.0372891 
v -0.02464 0.00792566 0.0362246 
v -0.02464 -0.00917332 0.0377382 
v -0.02464 -0.00899535 0.0378615 
v -0.02464 -0.00956393 0.0375525 
v -0.02464 -0.00936359 0.0376347 
v -0.02464 -0.00998531 0.0374552 
v -0.02464 -0.0106318 0.0374835 
v -0.02464 -0.0110431 0.0376174 
v -0.02464 -0.0108411 0.0375393 
v -0.02464 -0.0120723 0.0386816 
v -0.02464 -0.0119793 0.038486 
v -0.02464 -0.0121436 0.0388861 
v -0.02464 0.00710859 0.0397618 
v -0.02464 0.0077122 0.0395285 
v -0.02464 0.00751983 0.039628 
v -0.02464 -0.00977198 0.0374924 
v -0.02464 -0.0121923 0.0390971 
v -0.02464 0.00731784 0.039706 
v -0.02464 0.00789269 0.0394088 
v -0.02464 0.00805918 0.0392704 
v -0.02464 0.00646208 0.0397901 
v -0.02464 0.0060407 0.0396928 
v -0.02464 0.00584037 0.0396106 
v -0.02464 0.00624875 0.0397529 
v -0.03064 -0.0122202 0.0395287 
v -0.03064 -0.012218 0.0393122 
v -0.03064 -0.0121923 0.0390971 
v -0.03064 -0.0121436 0.0388861 
v -0.03064 -0.0120723 0.0386816 
v -0.03064 -0.0119793 0.038486 
v -0.03064 -0.0118658 0.0383017 
v -0.03064 -0.011733 0.0381306 
v -0.03064 -0.0115824 0.037975 
v -0.03064 -0.0114159 0.0378365 
v -0.03064 -0.0112354 0.0377168 
v -0.03064 -0.0110431 0.0376174 
v -0.03064 -0.0108411 0.0375393 
v -0.03064 -0.0106318 0.0374835 
v -0.03064 -0.0104178 0.0374507 
v -0.03064 -0.0103097 0.037443 
v -0.03064 -0.0102014 0.0374412 
v -0.03064 -0.00998531 0.0374552 
v -0.03064 -0.00977198 0.0374924 
v -0.03064 -0.00956393 0.0375525 
v -0.03064 -0.00936359 0.0376347 
v -0.03064 -0.00917332 0.0377382 
v -0.03064 -0.00899535 0.0378615 
v -0.03064 -0.00883176 0.0380034 
v -0.03064 -0.00868447 0.0381622 
v -0.03064 -0.00855521 0.0383359 
v -0.03064 -0.00844549 0.0385226 
v -0.03064 -0.0083566 0.0387201 
v -0.03064 -0.00828958 0.038926 
v -0.03064 -0.00824522 0.039138 
v -0.03064 -0.00822404 0.0393535 
v -0.03064 -0.00822628 0.0395701 
v -0.03064 -0.00825192 0.0397851 
v -0.03064 -0.00830066 0.0399961 
v -0.03064 -0.00837193 0.0402006 
v -0.03064 -0.00846489 0.0403962 
v -0.03064 -0.00857845 0.0405806 
v -0.03064 -0.00871128 0.0407516 
v -0.03064 -0.00886183 0.0409073 
v -0.03064 -0.00902832 0.0410457 
v -0.03064 -0.00920881 0.0411654 
v -0.03064 -0.00940118 0.0412649 
v -0.03064 -0.00960317 0.0413429 
v -0.03064 -0.00981242 0.0413987 
v -0.03064 -0.0100265 0.0414315 
v -0.03064 -0.0102428 0.041441 
v -0.03064 -0.0104589 0.041427 
v -0.03064 -0.0106723 0.0413898 
v -0.03064 -0.0108803 0.0413297 
v -0.03064 -0.0110806 0.0412475 
v -0.03064 -0.0112709 0.0411441 
v -0.03064 -0.0114489 0.0410207 
v -0.03064 -0.0116125 0.0408788 
v -0.03064 -0.0117598 0.04072 
v -0.03064 -0.011889 0.0405463 
v -0.03064 -0.0119987 0.0403596 
v -0.03064 -0.0120876 0.0401621 
v -0.03064 -0.0121547 0.0399562 
v -0.03064 -0.012199 0.0397442 
v -0.03064 0.00470081 0.0378918 
v -0.03064 0.00470305 0.0376753 
v -0.03064 0.00472869 0.0374602 
v -0.03064 0.00477744 0.0372492 
v -0.03064 0.0048487 0.0370447 
v -0.03064 0.00494166 0.0368492 
v -0.03064 0.00505522 0.0366648 
v -0.03064 0.00518805 0.0364937 
v -0.03064 0.0053386 0.0363381 
v -0.03064 0.00550509 0.0361996 
v -0.03064 0.00568558 0.0360799 
v -0.03064 0.00587795 0.0359805 
v -0.03064 0.00607995 0.0359024 
v -0.03064 0.0062892 0.0358466 
v -0.03064 0.00650325 0.0358138 
v -0.03064 0.0066113 0.0358061 
v -0.03064 0.0067196 0.0358043 
v -0.03064 0.0069357 0.0358183 
v -0.03064 0.00714903 0.0358555 
v -0.03064 0.00735708 0.0359156 
v -0.03064 0.00755742 0.0359979 
v -0.03064 0.00774769 0.0361013 
v -0.03064 0.00792566 0.0362246 
v -0.03064 0.00808925 0.0363665 
v -0.03064 0.00823654 0.0365253 
v -0.03064 0.0083658 0.036699 
v -0.03064 0.00847552 0.0368857 
v -0.03064 0.00856441 0.0370832 
v -0.03064 0.00863143 0.0372891 
v -0.03064 0.00867579 0.0375011 
v -0.03064 0.00869697 0.0377166 
v -0.03064 0.00869473 0.0379332 
v -0.03064 0.00866909 0.0381482 
v -0.03064 0.00862035 0.0383592 
v -0.03064 0.00854908 0.0385637 
v -0.03064 0.00845612 0.0387593 
v -0.03064 0.00834256 0.0389437 
v -0.03064 0.00820973 0.0391147 
v -0.03064 0.00805918 0.0392704 
v -0.03064 0.00789269 0.0394088 
v -0.03064 0.0077122 0.0395285 
v -0.03064 0.00751983 0.039628 
v -0.03064 0.00731784 0.039706 
v -0.03064 0.00710859 0.0397618 
v -0.03064 0.00689453 0.0397946 
v -0.03064 0.00667819 0.0398041 
v -0.03064 0.00646208 0.0397901 
v -0.03064 0.00624875 0.0397529 
v -0.03064 0.0060407 0.0396928 
v -0.03064 0.00584037 0.0396106 
v -0.03064 0.0056501 0.0395072 
v -0.03064 0.00547212 0.0393838 
v -0.03064 0.00530853 0.0392419 
v -0.03064 0.00516124 0.0390831 
v -0.03064 0.00503198 0.0389094 
v -0.03064 0.00492226 0.0387227 
v -0.03064 0.00483337 0.0385252 
v -0.03064 0.00476636 0.0383193 
v -0.03064 0.004722 0.0381073 
v -0.03064 -0.0155583 0.0357297 
v -0.03064 -0.0151258 0.0351745 
v -0.03064 -0.0146357 0.0346693 
v -0.03064 -0.010848 0.0329713 
v -0.03064 -0.0159283 0.0363284 
v -0.03064 -0.0140939 0.0342201 
v -0.03064 -0.0135067 0.0338321 
v -0.03064 -0.0115438 0.0330769 
v -0.03064 -0.012881 0.0335098 
v -0.03064 -0.0122242 0.0332571 
v -0.03064 0.00949814 0.0319379 
v -0.03064 0.0080206 0.0441684 
v -0.03064 0.00732476 0.044274 
v -0.03064 -0.0164641 0.0376278 
v -0.03064 -0.0162314 0.0369636 
v -0.03064 0.00607302 0.0313344 
v -0.03064 0.0081716 0.0314732 
v -0.03064 0.00884747 0.0316696 
v -0.03064 0.0131931 0.0375295 
v -0.03064 0.0131847 0.0382333 
v -0.03064 0.0131003 0.038932 
v -0.03064 0.0129408 0.0396175 
v -0.03064 0.0127082 0.0402818 
v -0.03064 0.0124051 0.040917 
v -0.03064 0.0120351 0.0415157 
v -0.03064 0.0116025 0.0420708 
v -0.03064 0.00998351 0.0434132 
v -0.03064 0.00935782 0.0437355 
v -0.03064 0.00870095 0.0439882 
v -0.03064 -0.0130214 0.0453075 
v -0.03064 0.00747847 0.0313511 
v -0.03064 0.0067762 0.0313047 
v -0.03064 0.010116 0.0322749 
v -0.03064 0.0106938 0.0326768 
v -0.03064 0.0112247 0.0331387 
v -0.03064 0.0117026 0.0336554 
v -0.03064 0.0121219 0.0342207 
v -0.03064 0.0124775 0.0348281 
v -0.03064 0.0127654 0.0354703 
v -0.03064 0.0105707 0.0430252 
v -0.03064 -0.0116948 0.0457721 
v -0.03064 -0.0123707 0.0455757 
v -0.03064 -0.0102994 0.0459406 
v -0.03064 -0.0110017 0.0458942 
v -0.03064 -0.0136392 0.0449704 
v -0.03064 -0.014217 0.0445686 
v -0.03064 -0.014748 0.0441066 
v -0.03064 -0.0152259 0.0435899 
v -0.03064 -0.0156451 0.0430246 
v -0.03064 -0.0167079 0.039012 
v -0.03064 -0.0166235 0.0383133 
v -0.03064 0.0129822 0.0361399 
v -0.03064 0.0131253 0.036829 
v -0.03064 0.0111125 0.042576 
v -0.03064 -0.00959625 0.0459109 
v -0.03064 -0.0160008 0.0424172 
v -0.03064 -0.0162887 0.041775 
v -0.03064 -0.0165054 0.0411054 
v -0.03064 -0.0166485 0.0404163 
v -0.03064 -0.0167163 0.0397158 
v -0.03364 0.00732476 0.044274 
v -0.03364 0.0080206 0.0441684 
v -0.03364 0.00870095 0.0439882 
v -0.03364 0.00935782 0.0437355 
v -0.03364 0.00998351 0.0434132 
v -0.03364 0.0105707 0.0430252 
v -0.03364 0.0111125 0.042576 
v -0.03364 0.0116025 0.0420708 
v -0.03364 0.0120351 0.0415157 
v -0.03364 0.0124051 0.040917 
v -0.03364 0.0127082 0.0402818 
v -0.03364 0.0129408 0.0396175 
v -0.03364 0.0131003 0.038932 
v -0.03364 0.0131847 0.0382333 
v -0.03364 0.0131931 0.0375295 
v -0.03364 0.0131253 0.036829 
v -0.03364 0.0129822 0.0361399 
v -0.03364 0.0127654 0.0354703 
v -0.03364 0.0124775 0.0348281 
v -0.03364 0.0121219 0.0342207 
v -0.03364 0.0117026 0.0336554 
v -0.03364 0.0112247 0.0331387 
v -0.03364 0.0106938 0.0326768 
v -0.03364 0.010116 0.0322749 
v -0.03364 0.00949814 0.0319379 
v -0.03364 0.00884747 0.0316696 
v -0.03364 0.0081716 0.0314732 
v -0.03364 0.00747847 0.0313511 
v -0.03364 0.0067762 0.0313047 
v -0.03364 0.00607302 0.0313344 
v -0.03364 -0.010848 0.0329713 
v -0.03364 -0.0115438 0.0330769 
v -0.03364 -0.0122242 0.0332571 
v -0.03364 -0.012881 0.0335098 
v -0.03364 -0.0135067 0.0338321 
v -0.03364 -0.0140939 0.0342201 
v -0.03364 -0.0146357 0.0346693 
v -0.03364 -0.0151258 0.0351745 
v -0.03364 -0.0155583 0.0357297 
v -0.03364 -0.0159283 0.0363284 
v -0.03364 -0.0162314 0.0369636 
v -0.03364 -0.0164641 0.0376278 
v -0.03364 -0.0166235 0.0383133 
v -0.03364 -0.0167079 0.039012 
v -0.03364 -0.0167163 0.0397158 
v -0.03364 -0.0166485 0.0404163 
v -0.03364 -0.0165054 0.0411054 
v -0.03364 -0.0162887 0.041775 
v -0.03364 -0.0160008 0.0424172 
v -0.03364 -0.0156451 0.0430246 
v -0.03364 -0.0152259 0.0435899 
v -0.03364 -0.014748 0.0441066 
v -0.03364 -0.014217 0.0445686 
v -0.03364 -0.0136392 0.0449704 
v -0.03364 -0.0130214 0.0453075 
v -0.03364 -0.0123707 0.0455757 
v -0.03364 -0.0116948 0.0457721 
v -0.03364 -0.0110017 0.0458942 
v -0.03364 -0.0102994 0.0459406 
v -0.03364 -0.00959625 0.0459109 
v -0.03364 -0.0133656 0.039238 
v -0.03364 -0.0133252 0.0388993 
v -0.03364 -0.0133691 0.0395791 
v -0.03364 -0.0129898 0.0379369 
v -0.03364 -0.0128109 0.0376465 
v -0.03364 -0.0131362 0.0382449 
v -0.03364 -0.0132484 0.038567 
v -0.03364 -0.0133357 0.0399185 
v -0.03364 -0.0132659 0.0402524 
v -0.03364 -0.0131603 0.0405767 
v -0.03364 0.00912069 0.0357899 
v -0.03364 0.00932427 0.0360636 
v -0.03364 0.00888871 0.0355399 
v -0.03364 -0.0130203 0.0408877 
v -0.03364 -0.0128475 0.0411818 
v -0.03364 -0.0126439 0.0414554 
v -0.03364 -0.0124119 0.0417054 
v -0.03364 0.00963708 0.0366686 
v -0.03364 0.00974264 0.036993 
v -0.03364 0.00949708 0.0363576 
v -0.03364 0.00863105 0.0353164 
v -0.03364 -0.00717837 0.0386299 
v -0.03364 0.00359583 0.0372624 
v -0.03364 0.0036726 0.0369301 
v -0.03364 0.00355191 0.0379422 
v -0.03364 -0.0071085 0.0389637 
v -0.03364 -0.00707514 0.0393031 
v -0.03364 0.00835074 0.0351221 
v -0.03364 0.00378484 0.036608 
v -0.03364 0.00355545 0.0376011 
v -0.03364 0.00411011 0.0360096 
v -0.03364 -0.00742393 0.0379945 
v -0.03364 -0.00728393 0.0383055 
v -0.03364 -0.0126017 0.0373771 
v -0.03364 -0.0123646 0.0371319 
v -0.03364 -0.00719582 0.0403152 
v -0.03364 0.00632591 0.0409321 
v -0.03364 0.00981251 0.0373268 
v -0.03364 0.00984587 0.0376663 
v -0.03364 0.00805107 0.0349592 
v -0.03364 0.00773554 0.0348297 
v -0.03364 0.00393125 0.0363 
v -0.03364 0.00358528 0.0382816 
v -0.03364 -0.00759674 0.0377005 
v -0.03364 -0.0080323 0.0371768 
v -0.03364 -0.00780032 0.0374268 
v -0.03364 0.00481866 0.0352769 
v -0.03364 -0.00886994 0.0365961 
v -0.03364 0.0037607 0.0389398 
v -0.03364 0.00365515 0.0386155 
v -0.03364 -0.0108674 0.0363579 
v -0.03364 -0.0105303 0.0363062 
v -0.03364 -0.011197 0.0364457 
v -0.03364 -0.0115151 0.0365687 
v -0.03364 -0.0118181 0.0367253 
v -0.03364 -0.0121024 0.0369138 
v -0.03364 -0.0121543 0.0419289 
v -0.03364 -0.011874 0.0421232 
v -0.03364 -0.0115743 0.0422861 
v -0.03364 -0.0112588 0.0424156 
v -0.03364 -0.0109311 0.0425103 
v -0.03364 -0.0105951 0.0425689 
v -0.03364 0.00666628 0.040954 
v -0.03364 -0.00707867 0.0396442 
v -0.03364 0.00740786 0.034735 
v -0.03364 0.00707187 0.0346764 
v -0.03364 0.0067315 0.0346544 
v -0.03364 0.00639076 0.0346693 
v -0.03364 0.00572405 0.0348089 
v -0.03364 0.00605362 0.034721 
v -0.03364 0.00431932 0.0357402 
v -0.03364 -0.00857027 0.036759 
v -0.03364 -0.00951315 0.0363719 
v -0.03364 -0.00918547 0.0364666 
v -0.03364 0.0039007 0.0392508 
v -0.03364 0.0042771 0.0398185 
v -0.03364 0.00407351 0.0395449 
v -0.03364 0.00598992 0.0408734 
v -0.03364 -0.0101895 0.0362913 
v -0.03364 -0.00730807 0.0406373 
v -0.03364 -0.00711906 0.0399829 
v -0.03364 0.00984234 0.0380073 
v -0.03364 0.00980195 0.038346 
v -0.03364 0.00455643 0.035495 
v -0.03364 -0.00828996 0.0369533 
v -0.03364 -0.00984914 0.0363133 
v -0.03364 0.00476673 0.040292 
v -0.03364 0.00450908 0.0400685 
v -0.03364 0.00534671 0.0406492 
v -0.03364 0.00504704 0.0404864 
v -0.03364 0.00566224 0.0407787 
v -0.03364 -0.00991398 0.042576 
v -0.03364 -0.0102547 0.0425909 
v -0.03364 0.00734416 0.0408874 
v -0.03364 0.00700703 0.0409391 
v -0.03364 0.00767373 0.0407996 
v -0.03364 0.00829486 0.04052 
v -0.03364 0.00799187 0.0406766 
v -0.03364 0.00857913 0.0403315 
v -0.03364 0.00928767 0.0395989 
v -0.03364 0.00907846 0.0398682 
v -0.03364 0.00946653 0.0393084 
v -0.03364 0.00961294 0.0390004 
v -0.03364 0.00972519 0.0386783 
v -0.03364 0.00510293 0.0350884 
v -0.03364 -0.00957685 0.0425243 
v -0.03364 -0.00834188 0.0419684 
v -0.03364 -0.00745448 0.0409453 
v -0.03364 -0.00763334 0.0412357 
v -0.03364 0.00884135 0.0401134 
v -0.03364 0.00540591 0.0349318 
v -0.03364 -0.00807966 0.0417503 
v -0.03364 -0.00784255 0.0415051 
v -0.03364 -0.00892914 0.0423135 
v -0.03364 -0.00924728 0.0424365 
v -0.03364 -0.00862615 0.0421569 
v -0.03364 0.00669889 0.0378042 
v -0.03364 0.004722 0.0381073 
v -0.03364 0.00476636 0.0383193 
v -0.03364 0.00483337 0.0385252 
v -0.03364 0.00492226 0.0387227 
v -0.03364 0.00503198 0.0389094 
v -0.03364 0.00516124 0.0390831 
v -0.03364 0.00530853 0.0392419 
v -0.03364 0.00547212 0.0393838 
v -0.03364 0.0056501 0.0395072 
v -0.03364 0.00584037 0.0396106 
v -0.03364 0.0060407 0.0396928 
v -0.03364 0.00624875 0.0397529 
v -0.03364 0.00646208 0.0397901 
v -0.03364 0.00667819 0.0398041 
v -0.03364 0.00689453 0.0397946 
v -0.03364 0.00710859 0.0397618 
v -0.03364 0.00731784 0.039706 
v -0.03364 0.00751983 0.039628 
v -0.03364 0.0077122 0.0395285 
v -0.03364 0.00789269 0.0394088 
v -0.03364 0.00805918 0.0392704 
v -0.03364 0.00820973 0.0391147 
v -0.03364 0.00834256 0.0389437 
v -0.03364 0.00845612 0.0387593 
v -0.03364 0.00854908 0.0385637 
v -0.03364 0.00862035 0.0383592 
v -0.03364 0.00866909 0.0381482 
v -0.03364 0.00869473 0.0379332 
v -0.03364 0.00869697 0.0377166 
v -0.03364 0.00867579 0.0375011 
v -0.03364 0.00863143 0.0372891 
v -0.03364 0.00856441 0.0370832 
v -0.03364 0.00847552 0.0368857 
v -0.03364 0.0083658 0.036699 
v -0.03364 0.00823654 0.0365253 
v -0.03364 0.00808925 0.0363665 
v -0.03364 0.00792566 0.0362246 
v -0.03364 0.00774769 0.0361013 
v -0.03364 0.00755742 0.0359979 
v -0.03364 0.00735708 0.0359156 
v -0.03364 0.00714903 0.0358555 
v -0.03364 0.0069357 0.0358183 
v -0.03364 0.0067196 0.0358043 
v -0.03364 0.00650325 0.0358138 
v -0.03364 0.0062892 0.0358466 
v -0.03364 0.00607995 0.0359024 
v -0.03364 0.00587795 0.0359805 
v -0.03364 0.00568558 0.0360799 
v -0.03364 0.00550509 0.0361996 
v -0.03364 0.0053386 0.0363381 
v -0.03364 0.00518805 0.0364937 
v -0.03364 0.00505522 0.0366648 
v -0.03364 0.00494166 0.0368492 
v -0.03364 0.0048487 0.0370447 
v -0.03364 0.00477744 0.0372492 
v -0.03364 0.00472869 0.0374602 
v -0.03364 0.00470305 0.0376753 
v -0.03364 0.00470081 0.0378918 
v -0.03364 -0.0102221 0.0394411 
v -0.03364 -0.012199 0.0397442 
v -0.03364 -0.0121547 0.0399562 
v -0.03364 -0.0120876 0.0401621 
v -0.03364 -0.0119987 0.0403596 
v -0.03364 -0.011889 0.0405463 
v -0.03364 -0.0117598 0.04072 
v -0.03364 -0.0116125 0.0408788 
v -0.03364 -0.0114489 0.0410207 
v -0.03364 -0.0112709 0.0411441 
v -0.03364 -0.0110806 0.0412475 
v -0.03364 -0.0108803 0.0413297 
v -0.03364 -0.0106723 0.0413898 
v -0.03364 -0.0104589 0.041427 
v -0.03364 -0.0102428 0.041441 
v -0.03364 -0.0100265 0.0414315 
v -0.03364 -0.00981242 0.0413987 
v -0.03364 -0.00960317 0.0413429 
v -0.03364 -0.00940118 0.0412649 
v -0.03364 -0.00920881 0.0411654 
v -0.03364 -0.00902832 0.0410457 
v -0.03364 -0.00886183 0.0409073 
v -0.03364 -0.00871128 0.0407516 
v -0.03364 -0.00857845 0.0405806 
v -0.03364 -0.00846489 0.0403962 
v -0.03364 -0.00837193 0.0402006 
v -0.03364 -0.00830066 0.0399961 
v -0.03364 -0.00825192 0.0397851 
v -0.03364 -0.00822628 0.0395701 
v -0.03364 -0.00822404 0.0393535 
v -0.03364 -0.00824522 0.039138 
v -0.03364 -0.00828958 0.038926 
v -0.03364 -0.0083566 0.0387201 
v -0.03364 -0.00844549 0.0385226 
v -0.03364 -0.00855521 0.0383359 
v -0.03364 -0.00868447 0.0381622 
v -0.03364 -0.00883176 0.0380034 
v -0.03364 -0.00899535 0.0378615 
v -0.03364 -0.00917332 0.0377382 
v -0.03364 -0.00936359 0.0376347 
v -0.03364 -0.00956393 0.0375525 
v -0.03364 -0.00977198 0.0374924 
v -0.03364 -0.00998531 0.0374552 
v -0.03364 -0.0102014 0.0374412 
v -0.03364 -0.0104178 0.0374507 
v -0.03364 -0.0106318 0.0374835 
v -0.03364 -0.0108411 0.0375393 
v -0.03364 -0.0110431 0.0376174 
v -0.03364 -0.0112354 0.0377168 
v -0.03364 -0.0114159 0.0378365 
v -0.03364 -0.0115824 0.037975 
v -0.03364 -0.011733 0.0381306 
v -0.03364 -0.0118658 0.0383017 
v -0.03364 -0.0119793 0.038486 
v -0.03364 -0.0120723 0.0386816 
v -0.03364 -0.0121436 0.0388861 
v -0.03364 -0.0121923 0.0390971 
v -0.03364 -0.012218 0.0393122 
v -0.03364 -0.0122202 0.0395287 
v -0.032964 0.00521234 0.0421698 
v -0.032954 0.00521234 0.0421698 
v -0.032954 0.00522743 0.0424482 
v -0.032964 0.00522743 0.0424482 
v -0.032954 0.00527254 0.0427234 
v -0.032964 0.00527254 0.0427234 
v -0.032954 0.00534713 0.042992 
v -0.032964 0.00534713 0.042992 
v -0.032954 0.00545033 0.0432511 
v -0.032964 0.00545033 0.0432511 
v -0.032954 0.00558093 0.0434974 
v -0.032964 0.00558093 0.0434974 
v -0.032954 0.0057374 0.0437282 
v -0.032964 0.0057374 0.0437282 
v -0.032954 0.0059179 0.0439407 
v -0.032964 0.0059179 0.0439407 
v -0.032954 0.00612032 0.0441324 
v -0.032964 0.00612032 0.0441324 
v -0.032954 0.00634228 0.0443011 
v -0.032964 0.00634228 0.0443011 
v -0.032954 0.00658119 0.0444449 
v -0.032964 0.00658119 0.0444449 
v -0.032954 0.00683423 0.044562 
v -0.032964 0.00683423 0.044562 
v -0.032954 0.00709845 0.044651 
v -0.032964 0.00709845 0.044651 
v -0.032954 0.00737075 0.0447109 
v -0.032964 0.00737075 0.0447109 
v -0.032954 0.00764793 0.0447411 
v -0.032964 0.00764793 0.0447411 
v -0.032954 0.00792675 0.0447411 
v -0.032964 0.00792675 0.0447411 
v -0.032954 0.00820393 0.0447109 
v -0.032964 0.00820393 0.0447109 
v -0.032954 0.00847622 0.044651 
v -0.032964 0.00847622 0.044651 
v -0.032954 0.00874044 0.044562 
v -0.032964 0.00874044 0.044562 
v -0.032954 0.00899349 0.0444449 
v -0.032964 0.00899349 0.0444449 
v -0.032954 0.00923239 0.0443011 
v -0.032964 0.00923239 0.0443011 
v -0.032954 0.00945436 0.0441324 
v -0.032964 0.00945436 0.0441324 
v -0.032954 0.00965678 0.0439407 
v -0.032964 0.00965678 0.0439407 
v -0.032954 0.00983728 0.0437282 
v -0.032964 0.00983728 0.0437282 
v -0.032954 0.00999375 0.0434974 
v -0.032964 0.00999375 0.0434974 
v -0.032954 0.0101243 0.0432511 
v -0.032964 0.0101243 0.0432511 
v -0.032954 0.0102275 0.042992 
v -0.032964 0.0102275 0.042992 
v -0.032954 0.0103021 0.0427234 
v -0.032964 0.0103021 0.0427234 
v -0.032954 0.0103472 0.0424482 
v -0.032964 0.0103472 0.0424482 
v -0.032954 0.0103623 0.0421698 
v -0.032964 0.0103623 0.0421698 
v -0.032954 0.0103472 0.0418914 
v -0.032964 0.0103472 0.0418914 
v -0.032954 0.0103021 0.0416163 
v -0.032964 0.0103021 0.0416163 
v -0.032954 0.0102275 0.0413476 
v -0.032964 0.0102275 0.0413476 
v -0.032954 0.0101243 0.0410886 
v -0.032964 0.0101243 0.0410886 
v -0.032954 0.00999375 0.0408423 
v -0.032964 0.00999375 0.0408423 
v -0.032954 0.00983728 0.0406115 
v -0.032964 0.00983728 0.0406115 
v -0.032954 0.00965678 0.040399 
v -0.032964 0.00965678 0.040399 
v -0.032954 0.00945436 0.0402073 
v -0.032964 0.00945436 0.0402073 
v -0.032954 0.00923239 0.0400385 
v -0.032964 0.00923239 0.0400385 
v -0.032954 0.00899349 0.0398948 
v -0.032964 0.00899349 0.0398948 
v -0.032954 0.00874044 0.0397777 
v -0.032964 0.00874044 0.0397777 
v -0.032954 0.00847622 0.0396887 
v -0.032964 0.00847622 0.0396887 
v -0.032954 0.00820393 0.0396288 
v -0.032964 0.00820393 0.0396288 
v -0.032954 0.00792675 0.0395986 
v -0.032964 0.00792675 0.0395986 
v -0.032954 0.00764793 0.0395986 
v -0.032964 0.00764793 0.0395986 
v -0.032954 0.00737075 0.0396288 
v -0.032964 0.00737075 0.0396288 
v -0.032954 0.00709845 0.0396887 
v -0.032964 0.00709845 0.0396887 
v -0.032954 0.00683423 0.0397777 
v -0.032964 0.00683423 0.0397777 
v -0.032954 0.00658119 0.0398948 
v -0.032964 0.00658119 0.0398948 
v -0.032954 0.00634228 0.0400385 
v -0.032964 0.00634228 0.0400385 
v -0.032954 0.00612032 0.0402073 
v -0.032964 0.00612032 0.0402073 
v -0.032954 0.0059179 0.040399 
v -0.032964 0.0059179 0.040399 
v -0.032954 0.0057374 0.0406115 
v -0.032964 0.0057374 0.0406115 
v -0.032954 0.00558093 0.0408423 
v -0.032964 0.00558093 0.0408423 
v -0.032954 0.00545033 0.0410886 
v -0.032964 0.00545033 0.0410886 
v -0.032954 0.00534713 0.0413476 
v -0.032964 0.00534713 0.0413476 
v -0.032954 0.00527254 0.0416163 
v -0.032964 0.00527254 0.0416163 
v -0.032954 0.00522743 0.0418914 
v -0.032964 0.00522743 0.0418914 
v -0.032954 -0.0184812 0.0326134 
v -0.032954 -0.00508061 0.0296584 
v -0.032954 -0.0185319 0.0282621 
v -0.032954 -0.0187546 0.0283961 
v -0.032954 0.0101957 0.0293756 
v -0.032954 -0.00108515 0.0300446 
v -0.032954 -0.000476633 0.0303476 
v -0.032954 -0.00373149 0.0295058 
v -0.032954 -0.00441004 0.0295468 
v -0.032954 -0.00172194 0.0298067 
v -0.032954 0.00270524 0.0372903 
v -0.032954 0.00253751 0.0379491 
v -0.032954 0.0024899 0.0339353 
v -0.032954 0.00267321 0.0345899 
v -0.032954 9.69669e-05 0.0307124 
v -0.032954 -0.00305237 0.0295358 
v -0.032954 0.00280336 0.0366176 
v -0.032954 0.00278725 0.03526 
v -0.032954 0.00192423 0.032701 
v -0.032954 0.00223933 0.0333034 
v -0.032954 0.000629397 0.0311351 
v -0.032954 -0.00238008 0.0296365 
v -0.032954 -0.022602 0.0321666 
v -0.032954 -0.0207671 0.0285052 
v -0.032954 -0.0210029 0.0283961 
v -0.032954 -0.0219491 0.0324266 
v -0.032954 -0.0205208 0.0285881 
v -0.032954 0.00283079 0.0359384 
v -0.032954 0.00111485 0.0316109 
v -0.032954 0.00154804 0.0321348 
v -0.032954 -0.0174928 0.0260161 
v -0.032954 0.00766927 0.0221808 
v -0.032954 0.00721586 0.0216779 
v -0.032954 -0.0232231 0.0318376 
v -0.032954 -0.0212256 0.0282621 
v -0.032954 -0.0205782 0.0327278 
v -0.032954 -0.0200087 0.0286721 
v -0.032954 -0.020267 0.028644 
v -0.032954 -0.0198765 0.0327656 
v -0.032954 -0.0197488 0.0286721 
v -0.032954 -0.0174787 0.0262756 
v -0.032954 0.0086841 0.0239322 
v -0.032954 0.00840739 0.0233141 
v -0.032954 0.00616492 0.0208266 
v -0.032954 0.00557879 0.0204875 
v -0.032954 0.00806789 0.0227282 
v -0.032954 -0.0175349 0.0257597 
v -0.032954 0.00365491 0.0198583 
v -0.032954 0.00298167 0.0197856 
v -0.032954 0.00496055 0.0202112 
v -0.032954 0.00431693 0.0200007 
v -0.032954 -0.0198787 0.0197856 
v -0.032954 -0.0187546 0.0241552 
v -0.032954 -0.0185319 0.0242892 
v -0.032954 -0.0192367 0.0239631 
v -0.032954 -0.0189904 0.0240461 
v -0.032954 -0.0205805 0.0198237 
v -0.032954 -0.020267 0.0239072 
v -0.032954 -0.0200087 0.0238791 
v -0.032954 -0.0212741 0.0199374 
v -0.032954 -0.0205208 0.0239631 
v -0.032954 -0.0248256 0.0220746 
v -0.032954 -0.0217894 0.0248232 
v -0.032954 -0.0216211 0.0246252 
v -0.032954 -0.0252509 0.0226341 
v -0.032954 -0.0219352 0.0250383 
v -0.032954 0.00437575 0.0473249 
v -0.032954 0.00495842 0.0476661 
v -0.032954 0.00557431 0.0479429 
v -0.032954 0.00621632 0.0481521 
v -0.032954 0.00687706 0.0482913 
v -0.032954 0.00183507 0.0402075 
v -0.032954 -0.0252496 0.029919 
v -0.032954 -0.0217894 0.027728 
v -0.032954 -0.0219352 0.027513 
v -0.032954 -0.0248241 0.0304784 
v -0.032954 -0.0216211 0.0279261 
v -0.032954 -0.0212718 0.0326144 
v -0.032954 -0.0191747 0.0327273 
v -0.032954 -0.0194905 0.028644 
v -0.032954 -0.0189904 0.0285052 
v -0.032954 -0.0174928 0.0265351 
v -0.032954 0.00889501 0.0245756 
v -0.032954 0.00671259 0.0212248 
v -0.032954 -0.0181364 0.0246252 
v -0.032954 -0.0179681 0.0248232 
v -0.032954 -0.0197488 0.0238791 
v -0.032954 -0.0219512 0.0201254 
v -0.032954 -0.0207671 0.0240461 
v -0.032954 -0.0226041 0.0203856 
v -0.032954 -0.0210029 0.0241552 
v -0.032954 -0.0243423 0.0215643 
v -0.032954 -0.0214325 0.0244464 
v -0.032954 0.00889495 0.0482767 
v -0.032954 0.00955361 0.0481281 
v -0.032954 0.0101925 0.0479096 
v -0.032954 0.0108044 0.047624 
v -0.032954 0.0113821 0.0472744 
v -0.032954 -0.0243407 0.0309885 
v -0.032954 -0.0214325 0.0281048 
v -0.032954 -0.0192367 0.0285881 
v -0.032954 -0.0175349 0.0267916 
v -0.032954 -0.018325 0.0244464 
v -0.032954 -0.0194905 0.0239072 
v -0.032954 -0.023225 0.0207148 
v -0.032954 -0.0212256 0.0242892 
v -0.032954 -0.0238067 0.0211093 
v -0.032954 0.00754892 0.0483588 
v -0.032954 -0.0238049 0.0314434 
v -0.032954 -0.0176044 0.0255093 
v -0.032954 0.00172482 0.0435431 
v -0.032954 0.00191737 0.0441903 
v -0.032954 0.00217819 0.0448131 
v -0.032954 0.00250427 0.0454044 
v -0.032954 0.00289186 0.0459573 
v -0.032954 0.00333648 0.0464655 
v -0.032954 0.00383302 0.0469231 
v -0.032954 0.00822414 0.048354 
v -0.032954 0.0146487 0.042822 
v -0.032954 0.0188461 0.0293756 
v -0.032954 0.00166942 0.0408621 
v -0.032954 0.0015749 0.0415307 
v -0.032954 -0.0179681 0.027728 
v -0.032954 -0.0181364 0.0279261 
v -0.032954 -0.0178223 0.0250383 
v -0.032954 -0.0177006 0.0252679 
v -0.032954 0.00160276 0.042879 
v -0.032954 0.011919 0.0468648 
v -0.032954 0.0124088 0.0464001 
v -0.032954 0.0128461 0.0458856 
v -0.032954 0.0132257 0.0453271 
v -0.032954 0.0148923 0.0426279 
v -0.032954 0.0188461 0.0420656 
v -0.032954 0.00155259 0.0422056 
v -0.032954 -0.018325 0.0281048 
v -0.032954 -0.0176044 0.027042 
v -0.032954 -0.0177006 0.0272834 
v -0.032954 -0.0256131 0.0232364 
v -0.032954 -0.0220569 0.0252679 
v -0.032954 -0.0259081 0.0238742 
v -0.032954 -0.0221531 0.0255093 
v -0.032954 0.013795 0.0441047 
v -0.032954 0.0142281 0.0432804 
v -0.032954 0.0144265 0.0430403 
v -0.032954 0.0140555 0.0435397 
v -0.032954 0.0154329 0.0423201 
v -0.032954 0.0157242 0.0422096 
v -0.032954 0.0151546 0.04246 
v -0.032954 0.016333 0.0420817 
v -0.032954 0.0166441 0.0420656 
v -0.032954 0.0160253 0.0421299 
v -0.032954 -0.026283 0.0273268 
v -0.032954 -0.0222226 0.0267916 
v -0.032954 -0.0222647 0.0265351 
v -0.032954 -0.0261318 0.0280132 
v -0.032954 -0.0221531 0.027042 
v -0.032954 -0.0178223 0.027513 
v -0.032954 -0.0261324 0.0245403 
v -0.032954 -0.0222226 0.0257597 
v -0.032954 -0.0262834 0.0252267 
v -0.032954 -0.0222647 0.0260161 
v -0.032954 0.0139106 0.0438154 
v -0.032954 -0.0263592 0.0266282 
v -0.032954 -0.0222787 0.0262756 
v -0.032954 -0.0259073 0.0286792 
v -0.032954 -0.0220569 0.0272834 
v -0.032954 -0.025612 0.0293169 
v -0.032954 -0.0263593 0.0259254 
v -0.032954 0.0135432 0.0447312 
v -0.032964 0.00365491 0.0198583 
v -0.032964 0.00298167 0.0197856 
v -0.032964 0.00431693 0.0200007 
v -0.032964 0.00496055 0.0202112 
v -0.032964 0.00557879 0.0204875 
v -0.032964 0.00616492 0.0208266 
v -0.032964 0.00671259 0.0212248 
v -0.032964 0.00721586 0.0216779 
v -0.032964 0.00766927 0.0221808 
v -0.032964 0.00806789 0.0227282 
v -0.032964 0.00840739 0.0233141 
v -0.032964 0.0086841 0.0239322 
v -0.032964 0.00889501 0.0245756 
v -0.032964 -0.0222787 0.0262756 
v -0.032964 -0.0222647 0.0265351 
v -0.032964 -0.0222226 0.0267916 
v -0.032964 -0.0221531 0.027042 
v -0.032964 -0.0220569 0.0272834 
v -0.032964 -0.0219352 0.027513 
v -0.032964 -0.0217894 0.027728 
v -0.032964 -0.0216211 0.0279261 
v -0.032964 -0.0214325 0.0281048 
v -0.032964 -0.0212256 0.0282621 
v -0.032964 -0.0210029 0.0283961 
v -0.032964 -0.0207671 0.0285052 
v -0.032964 -0.0205208 0.0285881 
v -0.032964 -0.020267 0.028644 
v -0.032964 -0.0200087 0.0286721 
v -0.032964 -0.0197488 0.0286721 
v -0.032964 -0.0194905 0.028644 
v -0.032964 -0.0192367 0.0285881 
v -0.032964 -0.0189904 0.0285052 
v -0.032964 -0.0187546 0.0283961 
v -0.032964 -0.0185319 0.0282621 
v -0.032964 -0.018325 0.0281048 
v -0.032964 -0.0181364 0.0279261 
v -0.032964 -0.0179681 0.027728 
v -0.032964 -0.0178223 0.027513 
v -0.032964 -0.0177006 0.0272834 
v -0.032964 -0.0176044 0.027042 
v -0.032964 -0.0175349 0.0267916 
v -0.032964 -0.0174928 0.0265351 
v -0.032964 -0.0174787 0.0262756 
v -0.032964 -0.0174928 0.0260161 
v -0.032964 -0.0175349 0.0257597 
v -0.032964 -0.0176044 0.0255093 
v -0.032964 -0.0177006 0.0252679 
v -0.032964 -0.0178223 0.0250383 
v -0.032964 -0.0179681 0.0248232 
v -0.032964 -0.0181364 0.0246252 
v -0.032964 -0.018325 0.0244464 
v -0.032964 -0.0185319 0.0242892 
v -0.032964 -0.0187546 0.0241552 
v -0.032964 -0.0189904 0.0240461 
v -0.032964 -0.0192367 0.0239631 
v -0.032964 -0.0194905 0.0239072 
v -0.032964 -0.0197488 0.0238791 
v -0.032964 -0.0200087 0.0238791 
v -0.032964 -0.020267 0.0239072 
v -0.032964 -0.0205208 0.0239631 
v -0.032964 -0.0207671 0.0240461 
v -0.032964 -0.0210029 0.0241552 
v -0.032964 -0.0212256 0.0242892 
v -0.032964 -0.0214325 0.0244464 
v -0.032964 -0.0216211 0.0246252 
v -0.032964 -0.0217894 0.0248232 
v -0.032964 -0.0219352 0.0250383 
v -0.032964 -0.0220569 0.0252679 
v -0.032964 -0.0221531 0.0255093 
v -0.032964 -0.0222226 0.0257597 
v -0.032964 -0.0222647 0.0260161 
v -0.029964 0.00183507 0.0402075 
v -0.029964 0.00166942 0.0408621 
v -0.029964 0.0015749 0.0415307 
v -0.029964 0.00155259 0.0422056 
v -0.029964 0.00160276 0.042879 
v -0.029964 0.00172482 0.0435431 
v -0.029964 0.00191737 0.0441903 
v -0.029964 0.00217819 0.0448131 
v -0.029964 0.00250427 0.0454044 
v -0.029964 0.00289186 0.0459573 
v -0.029964 0.00333648 0.0464655 
v -0.029964 0.00383302 0.0469231 
v -0.029964 0.00437575 0.0473249 
v -0.029964 0.00495842 0.0476661 
v -0.029964 0.00557431 0.0479429 
v -0.029964 0.00621632 0.0481521 
v -0.029964 0.00687706 0.0482913 
v -0.029964 0.00754892 0.0483588 
v -0.029964 0.00822414 0.048354 
v -0.029964 0.00889495 0.0482767 
v -0.029964 0.00955361 0.0481281 
v -0.029964 0.0101925 0.0479096 
v -0.029964 0.0108044 0.047624 
v -0.029964 0.0113821 0.0472744 
v -0.029964 0.011919 0.0468648 
v -0.029964 0.0124088 0.0464001 
v -0.029964 0.0128461 0.0458856 
v -0.029964 0.0132257 0.0453271 
v -0.029964 0.0135432 0.0447312 
v -0.029964 0.013795 0.0441047 
v -0.029964 -0.0198787 0.0197856 
v -0.029964 -0.0205805 0.0198237 
v -0.029964 -0.0212741 0.0199374 
v -0.029964 -0.0219512 0.0201254 
v -0.029964 -0.0226041 0.0203856 
v -0.029964 -0.023225 0.0207148 
v -0.029964 -0.0238067 0.0211093 
v -0.029964 -0.0243423 0.0215643 
v -0.029964 -0.0248256 0.0220746 
v -0.029964 -0.0252509 0.0226341 
v -0.029964 -0.0256131 0.0232364 
v -0.029964 -0.0259081 0.0238742 
v -0.029964 -0.0261324 0.0245403 
v -0.029964 -0.0262834 0.0252267 
v -0.029964 -0.0263593 0.0259254 
v -0.029964 -0.0263592 0.0266282 
v -0.029964 -0.026283 0.0273268 
v -0.029964 -0.0261318 0.0280132 
v -0.029964 -0.0259073 0.0286792 
v -0.029964 -0.025612 0.0293169 
v -0.029964 -0.0252496 0.029919 
v -0.029964 -0.0248241 0.0304784 
v -0.029964 -0.0243407 0.0309885 
v -0.029964 -0.0238049 0.0314434 
v -0.029964 -0.0232231 0.0318376 
v -0.029964 -0.022602 0.0321666 
v -0.029964 -0.0219491 0.0324266 
v -0.029964 -0.0212718 0.0326144 
v -0.029964 -0.0205782 0.0327278 
v -0.029964 -0.0198765 0.0327656 
v -0.029964 -0.0191747 0.0327273 
v -0.029964 -0.0184812 0.0326134 
v -0.029964 -0.00508061 0.0296584 
v -0.029964 -0.00441004 0.0295468 
v -0.029964 -0.00373149 0.0295058 
v -0.029964 -0.00305237 0.0295358 
v -0.029964 -0.00238008 0.0296365 
v -0.029964 -0.00172194 0.0298067 
v -0.029964 -0.00108515 0.0300446 
v -0.029964 -0.000476633 0.0303476 
v -0.029964 9.69669e-05 0.0307124 
v -0.029964 0.000629397 0.0311351 
v -0.029964 0.00111485 0.0316109 
v -0.029964 0.00154804 0.0321348 
v -0.029964 0.00192423 0.032701 
v -0.029964 0.00223933 0.0333034 
v -0.029964 0.0024899 0.0339353 
v -0.029964 0.00267321 0.0345899 
v -0.029964 0.00278725 0.03526 
v -0.029964 0.00283079 0.0359384 
v -0.029964 0.00280336 0.0366176 
v -0.029964 0.00270524 0.0372903 
v -0.029964 0.00253751 0.0379491 
v -0.029964 0.0139106 0.0438154 
v -0.029964 0.0140555 0.0435397 
v -0.029964 0.0142281 0.0432804 
v -0.029964 0.0144265 0.0430403 
v -0.029964 0.0146487 0.042822 
v -0.029964 0.0148923 0.0426279 
v -0.029964 0.0151546 0.04246 
v -0.029964 0.0154329 0.0423201 
v -0.029964 0.0157242 0.0422096 
v -0.029964 0.0160253 0.0421299 
v -0.029964 0.016333 0.0420817 
v -0.029964 0.0166441 0.0420656 
v -0.029964 0.00759706 0.0197856 
v -0.035964 0.00759706 0.0197856 
v -0.035964 0.0101957 0.0293756 
v -0.032964 0.0101957 0.0293756 
v -0.029964 0.0101957 0.0293756 
v -0.035964 -0.0198787 0.0197856 
v -0.032964 -0.0198787 0.0197856 
v -0.032964 -0.0205805 0.0198237 
v -0.035964 -0.0205805 0.0198237 
v -0.032964 -0.0212741 0.0199374 
v -0.035964 -0.0212741 0.0199374 
v -0.032964 -0.0219512 0.0201254 
v -0.035964 -0.0219512 0.0201254 
v -0.032964 -0.0226041 0.0203856 
v -0.035964 -0.0226041 0.0203856 
v -0.032964 -0.023225 0.0207148 
v -0.035964 -0.023225 0.0207148 
v -0.032964 -0.0238067 0.0211093 
v -0.035964 -0.0238067 0.0211093 
v -0.032964 -0.0243423 0.0215643 
v -0.035964 -0.0243423 0.0215643 
v -0.032964 -0.0248256 0.0220746 
v -0.035964 -0.0248256 0.0220746 
v -0.032964 -0.0252509 0.0226341 
v -0.035964 -0.0252509 0.0226341 
v -0.032964 -0.0256131 0.0232364 
v -0.035964 -0.0256131 0.0232364 
v -0.032964 -0.0259081 0.0238742 
v -0.035964 -0.0259081 0.0238742 
v -0.032964 -0.0261324 0.0245403 
v -0.035964 -0.0261324 0.0245403 
v -0.032964 -0.0262834 0.0252267 
v -0.035964 -0.0262834 0.0252267 
v -0.032964 -0.0263593 0.0259254 
v -0.035964 -0.0263593 0.0259254 
v -0.032964 -0.0263592 0.0266282 
v -0.035964 -0.0263592 0.0266282 
v -0.032964 -0.026283 0.0273268 
v -0.035964 -0.026283 0.0273268 
v -0.032964 -0.0261318 0.0280132 
v -0.035964 -0.0261318 0.0280132 
v -0.032964 -0.0259073 0.0286792 
v -0.035964 -0.0259073 0.0286792 
v -0.032964 -0.025612 0.0293169 
v -0.035964 -0.025612 0.0293169 
v -0.032964 -0.0252496 0.029919 
v -0.035964 -0.0252496 0.029919 
v -0.032964 -0.0248241 0.0304784 
v -0.035964 -0.0248241 0.0304784 
v -0.032964 -0.0243407 0.0309885 
v -0.035964 -0.0243407 0.0309885 
v -0.032964 -0.0238049 0.0314434 
v -0.035964 -0.0238049 0.0314434 
v -0.032964 -0.0232231 0.0318376 
v -0.035964 -0.0232231 0.0318376 
v -0.032964 -0.022602 0.0321666 
v -0.035964 -0.022602 0.0321666 
v -0.032964 -0.0219491 0.0324266 
v -0.035964 -0.0219491 0.0324266 
v -0.032964 -0.0212718 0.0326144 
v -0.035964 -0.0212718 0.0326144 
v -0.032964 -0.0205782 0.0327278 
v -0.035964 -0.0205782 0.0327278 
v -0.032964 -0.0198765 0.0327656 
v -0.035964 -0.0198765 0.0327656 
v -0.032964 -0.0191747 0.0327273 
v -0.035964 -0.0191747 0.0327273 
v -0.032964 -0.0184812 0.0326134 
v -0.035964 -0.0184812 0.0326134 
v -0.0329458 0.0190574 0.0293756 
v -0.0329458 0.0190574 0.0420656 
v -0.0329117 0.0193461 0.0420656 
v -0.0329117 0.0193461 0.0293756 
v -0.0328515 0.0196305 0.0420656 
v -0.0328515 0.0196305 0.0293756 
v -0.0327656 0.0199083 0.0420656 
v -0.0327656 0.0199083 0.0293756 
v -0.0326549 0.020177 0.0420656 
v -0.0326549 0.020177 0.0293756 
v -0.0325592 0.0203656 0.0420656 
v -0.0325592 0.0203656 0.0293756 
v -0.028564 0.0276295 0.0420656 
v -0.028564 0.0276295 0.0293756 
v -0.028564 0.0467213 0.0420656 
v -0.028564 0.0467213 0.0293756 
v -0.0285898 0.047197 0.0293756 
v -0.0286669 0.0476671 0.0293756 
v -0.0285898 0.047197 0.0420656 
v -0.0287944 0.0481262 0.0293756 
v -0.0286669 0.0476671 0.0420656 
v -0.0289707 0.0485688 0.0293756 
v -0.0287944 0.0481262 0.0420656 
v -0.0291939 0.0489897 0.0293756 
v -0.0289707 0.0485688 0.0420656 
v -0.0294612 0.049384 0.0293756 
v -0.0291939 0.0489897 0.0420656 
v -0.0297696 0.0497471 0.0293756 
v -0.0294612 0.049384 0.0420656 
v -0.0301155 0.0500748 0.0293756 
v -0.0297696 0.0497471 0.0420656 
v -0.0304948 0.0503631 0.0293756 
v -0.0301155 0.0500748 0.0420656 
v -0.030903 0.0506087 0.0293756 
v -0.0304948 0.0503631 0.0420656 
v -0.0313354 0.0508087 0.0293756 
v -0.030903 0.0506087 0.0420656 
v -0.0317869 0.0509609 0.0293756 
v -0.0313354 0.0508087 0.0420656 
v -0.0322522 0.0510633 0.0293756 
v -0.0317869 0.0509609 0.0420656 
v -0.0327258 0.0511148 0.0293756 
v -0.0322522 0.0510633 0.0420656 
v -0.0332022 0.0511148 0.0293756 
v -0.0327258 0.0511148 0.0420656 
v -0.0336759 0.0510633 0.0293756 
v -0.0332022 0.0511148 0.0420656 
v -0.0341412 0.0509609 0.0293756 
v -0.0336759 0.0510633 0.0420656 
v -0.0345926 0.0508087 0.0293756 
v -0.0341412 0.0509609 0.0420656 
v -0.035025 0.0506087 0.0293756 
v -0.0345926 0.0508087 0.0420656 
v -0.0354332 0.0503631 0.0293756 
v -0.035025 0.0506087 0.0420656 
v -0.0358125 0.0500748 0.0293756 
v -0.0354332 0.0503631 0.0420656 
v -0.0361584 0.0497471 0.0293756 
v -0.0358125 0.0500748 0.0420656 
v -0.0364668 0.049384 0.0293756 
v -0.0361584 0.0497471 0.0420656 
v -0.0367342 0.0489897 0.0293756 
v -0.0364668 0.049384 0.0420656 
v -0.0369574 0.0485688 0.0293756 
v -0.0367342 0.0489897 0.0420656 
v -0.0371337 0.0481262 0.0293756 
v -0.0369574 0.0485688 0.0420656 
v -0.0372612 0.0476671 0.0293756 
v -0.0371337 0.0481262 0.0420656 
v -0.0373382 0.047197 0.0293756 
v -0.0372612 0.0476671 0.0420656 
v -0.037364 0.0467213 0.0293756 
v -0.0373382 0.047197 0.0420656 
v -0.037364 0.0467213 0.0420656 
v -0.037364 0.0276502 0.0420656 
v -0.037364 0.0276502 0.0293756 
v -0.0333601 0.0203704 0.0420656 
v -0.0333601 0.0203704 0.0293756 
v -0.0332641 0.0201813 0.0293756 
v -0.0332641 0.0201813 0.0420656 
v -0.033153 0.0199116 0.0420656 
v -0.033153 0.0199116 0.0293756 
v -0.0330669 0.019633 0.0420656 
v -0.0330669 0.019633 0.0293756 
v -0.0330065 0.0193477 0.0420656 
v -0.0330065 0.0193477 0.0293756 
v -0.0329723 0.0190581 0.0420656 
v -0.0329723 0.0190581 0.0293756 
v -0.0329641 0.0188462 0.0420656 
v -0.0329641 0.0188462 0.0293756 
v -0.032964 -0.00508061 0.0296584 
v -0.035964 -0.00508061 0.0296584 
v -0.035964 -0.00441004 0.0295468 
v -0.035964 -0.00373149 0.0295058 
v -0.032964 -0.00441004 0.0295468 
v -0.035964 -0.00305237 0.0295358 
v -0.032964 -0.00373149 0.0295058 
v -0.035964 -0.00238008 0.0296365 
v -0.032964 -0.00305237 0.0295358 
v -0.035964 -0.00172194 0.0298067 
v -0.032964 -0.00238008 0.0296365 
v -0.035964 -0.00108515 0.0300446 
v -0.032964 -0.00172194 0.0298067 
v -0.035964 -0.000476633 0.0303476 
v -0.032964 -0.00108515 0.0300446 
v -0.035964 9.69669e-05 0.0307124 
v -0.032964 -0.000476633 0.0303476 
v -0.035964 0.000629397 0.0311351 
v -0.032964 9.69669e-05 0.0307124 
v -0.035964 0.00111485 0.0316109 
v -0.032964 0.000629397 0.0311351 
v -0.035964 0.00154804 0.0321348 
v -0.032964 0.00111485 0.0316109 
v -0.035964 0.00192423 0.032701 
v -0.032964 0.00154804 0.0321348 
v -0.035964 0.00223933 0.0333034 
v -0.032964 0.00192423 0.032701 
v -0.035964 0.0024899 0.0339353 
v -0.032964 0.00223933 0.0333034 
v -0.035964 0.00267321 0.0345899 
v -0.032964 0.0024899 0.0339353 
v -0.035964 0.00278725 0.03526 
v -0.032964 0.00267321 0.0345899 
v -0.035964 0.00283079 0.0359384 
v -0.032964 0.00278725 0.03526 
v -0.035964 0.00280336 0.0366176 
v -0.032964 0.00283079 0.0359384 
v -0.035964 0.00270524 0.0372903 
v -0.032964 0.00280336 0.0366176 
v -0.035964 0.00253751 0.0379491 
v -0.032964 0.00270524 0.0372903 
v -0.032964 0.00253751 0.0379491 
v -0.035964 0.00183507 0.0402075 
v -0.032964 0.00183507 0.0402075 
v -0.032964 0.0108044 0.047624 
v -0.032964 0.0101925 0.0479096 
v -0.032964 0.00955361 0.0481281 
v -0.032964 0.00889495 0.0482767 
v -0.032964 0.00621632 0.0481521 
v -0.032964 0.00557431 0.0479429 
v -0.032964 0.00495842 0.0476661 
v -0.032964 0.00437575 0.0473249 
v -0.032964 0.00822414 0.048354 
v -0.032964 0.0128461 0.0458856 
v -0.032964 0.0124088 0.0464001 
v -0.032964 0.011919 0.0468648 
v -0.032964 0.0113821 0.0472744 
v -0.032964 0.00754892 0.0483588 
v -0.032964 0.00687706 0.0482913 
v -0.032964 0.00383302 0.0469231 
v -0.032964 0.00333648 0.0464655 
v -0.032964 0.00289186 0.0459573 
v -0.032964 0.00250427 0.0454044 
v -0.032964 0.0015749 0.0415307 
v -0.032964 0.00166942 0.0408621 
v -0.032964 0.016333 0.0420817 
v -0.032964 0.0160253 0.0421299 
v -0.032964 0.0166441 0.0420656 
v -0.032964 0.00191737 0.0441903 
v -0.032964 0.00172482 0.0435431 
v -0.032964 0.00160276 0.042879 
v -0.032964 0.00155259 0.0422056 
v -0.032964 0.0135432 0.0447312 
v -0.032964 0.0132257 0.0453271 
v -0.032964 0.0154329 0.0423201 
v -0.032964 0.0151546 0.04246 
v -0.032964 0.0157242 0.0422096 
v -0.032964 0.0142281 0.0432804 
v -0.032964 0.0140555 0.0435397 
v -0.032964 0.0146487 0.042822 
v -0.032964 0.0144265 0.0430403 
v -0.032964 0.0139106 0.0438154 
v -0.032964 0.013795 0.0441047 
v -0.032964 0.00217819 0.0448131 
v -0.032964 0.0148923 0.0426279 
v -0.035964 0.00166942 0.0408621 
v -0.035964 0.0015749 0.0415307 
v -0.035964 0.00155259 0.0422056 
v -0.035964 0.00160276 0.042879 
v -0.035964 0.00172482 0.0435431 
v -0.035964 0.00191737 0.0441903 
v -0.035964 0.00217819 0.0448131 
v -0.035964 0.00250427 0.0454044 
v -0.035964 0.00289186 0.0459573 
v -0.035964 0.00333648 0.0464655 
v -0.035964 0.00383302 0.0469231 
v -0.035964 0.00437575 0.0473249 
v -0.035964 0.00495842 0.0476661 
v -0.035964 0.00557431 0.0479429 
v -0.035964 0.00621632 0.0481521 
v -0.035964 0.00687706 0.0482913 
v -0.035964 0.00754892 0.0483588 
v -0.035964 0.00822414 0.048354 
v -0.035964 0.00889495 0.0482767 
v -0.035964 0.00955361 0.0481281 
v -0.035964 0.0101925 0.0479096 
v -0.035964 0.0108044 0.047624 
v -0.035964 0.0113821 0.0472744 
v -0.035964 0.011919 0.0468648 
v -0.035964 0.0124088 0.0464001 
v -0.035964 0.0128461 0.0458856 
v -0.035964 0.0132257 0.0453271 
v -0.035964 0.0135432 0.0447312 
v -0.035964 0.013795 0.0441047 
v -0.035964 0.0139106 0.0438154 
v -0.035964 0.0140555 0.0435397 
v -0.035964 0.0142281 0.0432804 
v -0.035964 0.0144265 0.0430403 
v -0.035964 0.0146487 0.042822 
v -0.035964 0.0148923 0.0426279 
v -0.035964 0.0151546 0.04246 
v -0.035964 0.0154329 0.0423201 
v -0.035964 0.0157242 0.0422096 
v -0.035964 0.0160253 0.0421299 
v -0.035964 0.016333 0.0420817 
v -0.035964 0.0166441 0.0420656 
v -0.035964 -0.0178905 0.0264919 
v -0.035964 -0.0179255 0.0267056 
v -0.035964 -0.0178905 0.0260594 
v -0.035964 -0.0178787 0.0262756 
v -0.035964 -0.0184268 0.027651 
v -0.035964 -0.018584 0.0278 
v -0.035964 0.00725228 0.0402427 
v -0.035964 -0.0210011 0.027931 
v -0.035964 -0.0211735 0.0278 
v -0.035964 -0.0208156 0.0280427 
v -0.035964 -0.0202023 0.0282493 
v -0.035964 -0.0204138 0.0282027 
v -0.035964 -0.019987 0.0282727 
v -0.035964 -0.0197705 0.0282727 
v -0.035964 -0.0195552 0.0282493 
v -0.035964 -0.0182866 0.027486 
v -0.035964 -0.0213307 0.027651 
v -0.035964 -0.020619 0.0281336 
v -0.035964 -0.0193437 0.0282027 
v -0.035964 -0.0189419 0.0280427 
v -0.035964 -0.0191385 0.0281336 
v -0.035964 -0.018165 0.0273067 
v -0.035964 -0.0180636 0.0271154 
v -0.035964 -0.0179834 0.0269142 
v -0.035964 0.00704706 0.0403119 
v -0.035964 0.00767906 0.0441669 
v -0.035964 0.00789562 0.0441669 
v -0.035964 -0.0204138 0.0243485 
v -0.035964 -0.0202023 0.024302 
v -0.035964 -0.020619 0.0244177 
v -0.035964 -0.0217741 0.025637 
v -0.035964 -0.0216939 0.0254359 
v -0.035964 -0.021832 0.0258457 
v -0.035964 -0.021867 0.0260594 
v -0.035964 -0.0218787 0.0262756 
v -0.035964 -0.021867 0.0264919 
v -0.035964 -0.021832 0.0267056 
v -0.035964 -0.0214709 0.027486 
v -0.035964 -0.0215925 0.0273067 
v -0.035964 -0.0187564 0.027931 
v -0.035964 0.00666496 0.0405145 
v -0.035964 0.00685052 0.0404028 
v -0.035964 0.0081109 0.0441435 
v -0.035964 -0.019987 0.0242786 
v -0.035964 -0.0208156 0.0245086 
v -0.035964 -0.0210011 0.0246203 
v -0.035964 -0.0211735 0.0247513 
v -0.035964 -0.0213307 0.0249002 
v -0.035964 -0.0214709 0.0250653 
v -0.035964 -0.0215925 0.0252445 
v -0.035964 -0.0217741 0.0269142 
v -0.035964 -0.0216939 0.0271154 
v -0.035964 0.00597219 0.0413301 
v -0.035964 0.00607362 0.0411387 
v -0.035964 0.00685052 0.0439369 
v -0.035964 0.00704706 0.0440278 
v -0.035964 0.00746377 0.0441435 
v -0.035964 0.00950105 0.043201 
v -0.035964 0.00960249 0.0430096 
v -0.035964 0.00725228 0.0440969 
v -0.035964 0.00832239 0.0440969 
v -0.035964 0.00852761 0.0440278 
v -0.035964 0.00872415 0.0439369 
v -0.035964 0.00968264 0.0428084 
v -0.035964 0.00977561 0.0423861 
v -0.035964 0.00974058 0.0425998 
v -0.035964 0.0190213 0.0420656 
v -0.035964 0.0190213 0.0293756 
v -0.035964 0.00960249 0.0413301 
v -0.035964 0.00937952 0.0409595 
v -0.035964 0.00950105 0.0411387 
v -0.035964 0.00746377 0.0401962 
v -0.035964 0.00633535 0.0407944 
v -0.035964 0.00649257 0.0406455 
v -0.035964 0.00619515 0.0409595 
v -0.035964 -0.018584 0.0247513 
v -0.035964 -0.0184268 0.0249002 
v -0.035964 0.00619515 0.0433802 
v -0.035964 0.00633535 0.0435452 
v -0.035964 0.00649257 0.0436942 
v -0.035964 0.00666496 0.0438252 
v -0.035964 0.00890971 0.0438252 
v -0.035964 0.00908211 0.0436942 
v -0.035964 0.00923933 0.0435452 
v -0.035964 0.00937952 0.0433802 
v -0.035964 0.00852761 0.0403119 
v -0.035964 0.00872415 0.0404028 
v -0.035964 -0.0179834 0.025637 
v -0.035964 -0.0179255 0.0258457 
v -0.035964 -0.0182866 0.0250653 
v -0.035964 0.00579906 0.0419536 
v -0.035964 0.00578734 0.0421698 
v -0.035964 -0.0189419 0.0245086 
v -0.035964 -0.0187564 0.0246203 
v -0.035964 0.00597219 0.0430096 
v -0.035964 0.00607362 0.043201 
v -0.035964 0.00978734 0.0421698 
v -0.035964 0.00968264 0.0415312 
v -0.035964 0.00974058 0.0417399 
v -0.035964 0.00923933 0.0407944 
v -0.035964 0.00832239 0.0402427 
v -0.035964 0.00767906 0.0401728 
v -0.035964 0.00789562 0.0401728 
v -0.035964 -0.0180636 0.0254359 
v -0.035964 -0.018165 0.0252445 
v -0.035964 0.0058341 0.0417399 
v -0.035964 -0.0191385 0.0244177 
v -0.035964 0.00579906 0.0423861 
v -0.035964 0.0058341 0.0425998 
v -0.035964 0.00589203 0.0428084 
v -0.035964 0.00977561 0.0419536 
v -0.035964 0.00890971 0.0405145 
v -0.035964 0.00908211 0.0406455 
v -0.035964 0.0081109 0.0401962 
v -0.035964 0.00589203 0.0415312 
v -0.035964 -0.0195552 0.024302 
v -0.035964 -0.0193437 0.0243485 
v -0.035964 -0.0197705 0.0242786 
v -0.029964 0.00578734 0.0421698 
v -0.029964 0.00579906 0.0419536 
v -0.029964 0.0058341 0.0417399 
v -0.029964 0.00589203 0.0415312 
v -0.029964 0.00597219 0.0413301 
v -0.029964 0.00607362 0.0411387 
v -0.029964 0.00619515 0.0409595 
v -0.029964 0.00633535 0.0407944 
v -0.029964 0.00649257 0.0406455 
v -0.029964 0.00666496 0.0405145 
v -0.029964 0.00685052 0.0404028 
v -0.029964 0.00704706 0.0403119 
v -0.029964 0.00725228 0.0402427 
v -0.029964 0.00746377 0.0401962 
v -0.029964 0.00767906 0.0401728 
v -0.029964 0.00789562 0.0401728 
v -0.029964 0.0081109 0.0401962 
v -0.029964 0.00832239 0.0402427 
v -0.029964 0.00852761 0.0403119 
v -0.029964 0.00872415 0.0404028 
v -0.029964 0.00890971 0.0405145 
v -0.029964 0.00908211 0.0406455 
v -0.029964 0.00923933 0.0407944 
v -0.029964 0.00937952 0.0409595 
v -0.029964 0.00950105 0.0411387 
v -0.029964 0.00960249 0.0413301 
v -0.029964 0.00968264 0.0415312 
v -0.029964 0.00974058 0.0417399 
v -0.029964 0.00977561 0.0419536 
v -0.029964 0.00978734 0.0421698 
v -0.029964 0.00977561 0.0423861 
v -0.029964 0.00974058 0.0425998 
v -0.029964 0.00968264 0.0428084 
v -0.029964 0.00960249 0.0430096 
v -0.029964 0.00950105 0.043201 
v -0.029964 0.00937952 0.0433802 
v -0.029964 0.00923933 0.0435452 
v -0.029964 0.00908211 0.0436942 
v -0.029964 0.00890971 0.0438252 
v -0.029964 0.00872415 0.0439369 
v -0.029964 0.00852761 0.0440278 
v -0.029964 0.00832239 0.0440969 
v -0.029964 0.0081109 0.0441435 
v -0.029964 0.00789562 0.0441669 
v -0.029964 0.00767906 0.0441669 
v -0.029964 0.00746377 0.0441435 
v -0.029964 0.00725228 0.0440969 
v -0.029964 0.00704706 0.0440278 
v -0.029964 0.00685052 0.0439369 
v -0.029964 0.00666496 0.0438252 
v -0.029964 0.00649257 0.0436942 
v -0.029964 0.00633535 0.0435452 
v -0.029964 0.00619515 0.0433802 
v -0.029964 0.00607362 0.043201 
v -0.029964 0.00597219 0.0430096 
v -0.029964 0.00589203 0.0428084 
v -0.029964 0.0058341 0.0425998 
v -0.029964 0.00579906 0.0423861 
v -0.029964 -0.0218787 0.0262756 
v -0.029964 -0.021867 0.0260594 
v -0.029964 -0.021832 0.0258457 
v -0.029964 -0.0217741 0.025637 
v -0.029964 -0.0216939 0.0254359 
v -0.029964 -0.0215925 0.0252445 
v -0.029964 -0.0214709 0.0250653 
v -0.029964 -0.0213307 0.0249002 
v -0.029964 -0.0211735 0.0247513 
v -0.029964 -0.0210011 0.0246203 
v -0.029964 -0.0208156 0.0245086 
v -0.029964 -0.020619 0.0244177 
v -0.029964 -0.0204138 0.0243485 
v -0.029964 -0.0202023 0.024302 
v -0.029964 -0.019987 0.0242786 
v -0.029964 -0.0197705 0.0242786 
v -0.029964 -0.0195552 0.024302 
v -0.029964 -0.0193437 0.0243485 
v -0.029964 -0.0191385 0.0244177 
v -0.029964 -0.0189419 0.0245086 
v -0.029964 -0.0187564 0.0246203 
v -0.029964 -0.018584 0.0247513 
v -0.029964 -0.0184268 0.0249002 
v -0.029964 -0.0182866 0.0250653 
v -0.029964 -0.018165 0.0252445 
v -0.029964 -0.0180636 0.0254359 
v -0.029964 -0.0179834 0.025637 
v -0.029964 -0.0179255 0.0258457 
v -0.029964 -0.0178905 0.0260594 
v -0.029964 -0.0178787 0.0262756 
v -0.029964 -0.0178905 0.0264919 
v -0.029964 -0.0179255 0.0267056 
v -0.029964 -0.0179834 0.0269142 
v -0.029964 -0.0180636 0.0271154 
v -0.029964 -0.018165 0.0273067 
v -0.029964 -0.0182866 0.027486 
v -0.029964 -0.0184268 0.027651 
v -0.029964 -0.018584 0.0278 
v -0.029964 -0.0187564 0.027931 
v -0.029964 -0.0189419 0.0280427 
v -0.029964 -0.0191385 0.0281336 
v -0.029964 -0.0193437 0.0282027 
v -0.029964 -0.0195552 0.0282493 
v -0.029964 -0.0197705 0.0282727 
v -0.029964 -0.019987 0.0282727 
v -0.029964 -0.0202023 0.0282493 
v -0.029964 -0.0204138 0.0282027 
v -0.029964 -0.020619 0.0281336 
v -0.029964 -0.0208156 0.0280427 
v -0.029964 -0.0210011 0.027931 
v -0.029964 -0.0211735 0.0278 
v -0.029964 -0.0213307 0.027651 
v -0.029964 -0.0214709 0.027486 
v -0.029964 -0.0215925 0.0273067 
v -0.029964 -0.0216939 0.0271154 
v -0.029964 -0.0217741 0.0269142 
v -0.029964 -0.021832 0.0267056 
v -0.029964 -0.021867 0.0264919 
v -0.029964 0.0190213 0.0293756 
v -0.029964 0.0190213 0.0420656 
v -0.0400899 0.0281146 0.0420656 
v -0.0400899 0.0281146 0.0293756 
v -0.0402088 0.0284187 0.0420656 
v -0.0402088 0.0284187 0.0293756 
v -0.0402947 0.0287338 0.0420656 
v -0.0402947 0.0287338 0.0293756 
v -0.0403466 0.0290561 0.0420656 
v -0.0403466 0.0290561 0.0293756 
v -0.040364 0.0293822 0.0420656 
v -0.040364 0.0293822 0.0293756 
v -0.040364 0.0467213 0.0420656 
v -0.040364 0.0467213 0.0293756 
v -0.0403206 0.0475213 0.0420656 
v -0.0403206 0.0475213 0.0293756 
v -0.040191 0.048312 0.0420656 
v -0.040191 0.048312 0.0293756 
v -0.0399767 0.0490841 0.0420656 
v -0.0399767 0.0490841 0.0293756 
v -0.0396801 0.0498284 0.0420656 
v -0.0396801 0.0498284 0.0293756 
v -0.0393048 0.0505363 0.0420656 
v -0.0393048 0.0505363 0.0293756 
v -0.0388551 0.0511995 0.0420656 
v -0.0388551 0.0511995 0.0293756 
v -0.0383364 0.0518102 0.0420656 
v -0.0383364 0.0518102 0.0293756 
v -0.0377547 0.0523613 0.0420656 
v -0.0377547 0.0523613 0.0293756 
v -0.0371168 0.0528461 0.0420656 
v -0.0371168 0.0528461 0.0293756 
v -0.0364302 0.0532592 0.0420656 
v -0.0364302 0.0532592 0.0293756 
v -0.035703 0.0535957 0.0420656 
v -0.035703 0.0535957 0.0293756 
v -0.0349437 0.0538515 0.0420656 
v -0.0349437 0.0538515 0.0293756 
v -0.0341612 0.0540238 0.0420656 
v -0.0341612 0.0540238 0.0293756 
v -0.0333647 0.0541104 0.0420656 
v -0.0333647 0.0541104 0.0293756 
v -0.0325634 0.0541104 0.0420656 
v -0.0325634 0.0541104 0.0293756 
v -0.0317668 0.0540238 0.0420656 
v -0.0317668 0.0540238 0.0293756 
v -0.0309843 0.0538515 0.0420656 
v -0.0309843 0.0538515 0.0293756 
v -0.030225 0.0535957 0.0420656 
v -0.030225 0.0535957 0.0293756 
v -0.0294978 0.0532592 0.0420656 
v -0.0294978 0.0532592 0.0293756 
v -0.0288112 0.0528461 0.0420656 
v -0.0288112 0.0528461 0.0293756 
v -0.0281734 0.0523613 0.0420656 
v -0.0281734 0.0523613 0.0293756 
v -0.0275917 0.0518102 0.0420656 
v -0.0275917 0.0518102 0.0293756 
v -0.0270729 0.0511995 0.0420656 
v -0.0270729 0.0511995 0.0293756 
v -0.0266233 0.0505363 0.0420656 
v -0.0266233 0.0505363 0.0293756 
v -0.026248 0.0498284 0.0420656 
v -0.026248 0.0498284 0.0293756 
v -0.0259514 0.0490841 0.0420656 
v -0.0259514 0.0490841 0.0293756 
v -0.025737 0.048312 0.0420656 
v -0.025737 0.048312 0.0293756 
v -0.0256074 0.0475213 0.0420656 
v -0.0256074 0.0475213 0.0293756 
v -0.025564 0.0467213 0.0420656 
v -0.025564 0.0467213 0.0293756 
v -0.0256333 0.0287338 0.0420656 
v -0.0255814 0.0290561 0.0420656 
v -0.0257192 0.0284187 0.0420656 
v -0.025564 0.0293822 0.0420656 
v -0.0258381 0.0281146 0.0420656 
v -0.025564 0.0293822 0.0293756 
v -0.0255814 0.0290561 0.0293756 
v -0.0256333 0.0287338 0.0293756 
v -0.0257192 0.0284187 0.0293756 
v -0.0258381 0.0281146 0.0293756 
vn -2.77901e-17 -9.61382e-17 -1 
vn -0.641753 0.759755 -0.104528 
vn -0.645288 0.76394 -5.55112e-17 
vn -0.631187 0.747246 -0.207912 
vn -0.613705 0.72655 -0.309017 
vn -0.5895 0.697894 -0.406737 
vn -0.558835 0.661591 -0.5 
vn -0.522049 0.61804 -0.587785 
vn -0.479542 0.567718 -0.669131 
vn -0.431782 0.511175 -0.743145 
vn -0.379291 0.449032 -0.809017 
vn -0.322644 0.38197 -0.866025 
vn -0.262462 0.310722 -0.913545 
vn -0.199405 0.23607 -0.951057 
vn -0.192855 0.228317 -0.954295 
vn -0.134163 0.158832 -0.978148 
vn -0.0674509 0.0798534 -0.994522 
vn -2.77901e-17 -9.61382e-17 -1 
vn -0.0137714 0.0163036 -0.999772 
vn -0.0674509 0.0798534 -0.994522 
vn -2.77901e-17 -9.61382e-17 -1 
vn -0.0137714 0.0163036 -0.999772 
vn -0.645288 0.76394 -5.55112e-17 
vn 2.77901e-17 9.61382e-17 1 
vn -0.76394 -0.645288 8.32667e-17 
vn 0.76394 0.645288 -8.32667e-17 
vn 0.637055 -0.754193 0.159232 
vn 0.0103747 -0.0122823 0.999871 
vn 2.77901e-17 9.61382e-17 1 
vn 0.0698953 -0.0827473 0.994116 
vn 0.138968 -0.164521 0.976535 
vn 0.206406 -0.244359 0.947463 
vn 0.271415 -0.321321 0.907241 
vn 0.33323 -0.394502 0.856345 
vn 0.391124 -0.463041 0.795371 
vn 0.444415 -0.526132 0.725038 
vn 0.492477 -0.583031 0.646174 
vn 0.514263 -0.608823 0.604043 
vn 0.514233 -0.608788 0.604104 
vn 0.534747 -0.633074 0.559699 
vn 0.534744 -0.63307 0.559706 
vn 0.622177 -0.736579 0.26523 
vn 0.637055 -0.754193 0.159232 
vn 0.599978 -0.710299 0.368107 
vn 0.622177 -0.736579 0.26523 
vn 0.570719 -0.67566 0.466652 
vn 0.599978 -0.710299 0.368107 
vn 0.547356 -0.648001 0.529619 
vn 0.570719 -0.67566 0.466652 
vn 0.444415 -0.526132 0.725038 
vn 0.33323 -0.394502 0.856345 
vn -0.389097 -0.921197 9.93752e-17 
vn -0.360721 -0.932674 9.969e-17 
vn -0.378687 -0.925525 9.9502e-17 
vn -0.324229 -0.945979 9.9955e-17 
vn -0.366466 -0.930432 9.96341e-17 
vn -0.29099 -0.956726 1.00065e-16 
vn -0.354387 -0.935099 9.97471e-17 
vn -0.342604 -0.93948 9.98409e-17 
vn -0.33127 -0.943536 9.99158e-17 
vn -0.320537 -0.947236 9.99733e-17 
vn -0.310556 -0.950555 1.00015e-16 
vn -0.29099 -0.956726 1.00065e-16 
vn -0.293407 -0.955987 1.00061e-16 
vn -0.297327 -0.954776 1.00053e-16 
vn -0.301468 -0.953476 1.00043e-16 
vn -0.482965 -0.87564 9.7604e-17 
vn -0.39631 -0.918117 9.92796e-17 
vn -0.390903 -0.920432 9.93519e-17 
vn -0.389096 -0.921197 9.93752e-17 
vn -0.571577 -0.820549 9.47702e-17 
vn -0.653965 -0.756524 9.09046e-17 
vn -0.729234 -0.684264 8.60494e-17 
vn -0.796564 -0.604554 8.02573e-17 
vn -0.855222 -0.518262 7.35915e-17 
vn -0.904569 -0.426328 6.61244e-17 
vn -0.944068 -0.329752 5.79375e-17 
vn -0.991913 -0.126921 3.97673e-17 
vn -0.99105 -0.133489 4.03748e-17 
vn -0.991576 -0.129528 4.00086e-17 
vn -0.990461 -0.137795 4.07724e-17 
vn -0.9891 -0.147244 4.16429e-17 
vn -0.986874 -0.16149 4.29507e-17 
vn -0.978609 -0.205731 4.69742e-17 
vn -0.98119 -0.193042 4.58261e-17 
vn -0.979859 -0.199693 4.64284e-17 
vn -0.975814 -0.218601 4.81339e-17 
vn -0.973288 -0.229588 4.91199e-17 
vn -0.973288 -0.229586 4.91198e-17 
vn -0.98354 -0.180692 4.47041e-17 
vn -0.985644 -0.16884 4.36231e-17 
vn -0.987497 -0.15764 4.25978e-17 
vn -0.972836 -0.231497 4.92909e-17 
vn -0.971457 -0.237214 4.98022e-17 
vn -0.991913 -0.126921 3.97673e-17 
vn 0.389097 0.921197 -9.93752e-17 
vn 0.360721 0.932674 -9.969e-17 
vn 0.378687 0.925525 -9.9502e-17 
vn 0.324229 0.945979 -9.9955e-17 
vn 0.366466 0.930432 -9.96341e-17 
vn 0.29099 0.956726 -1.00065e-16 
vn 0.354387 0.935099 -9.97471e-17 
vn 0.342604 0.93948 -9.98409e-17 
vn 0.33127 0.943536 -9.99158e-17 
vn 0.320537 0.947236 -9.99733e-17 
vn 0.310556 0.950555 -1.00015e-16 
vn 0.29099 0.956726 -1.00065e-16 
vn 0.293407 0.955987 -1.00061e-16 
vn 0.297327 0.954776 -1.00053e-16 
vn 0.301468 0.953476 -1.00043e-16 
vn 0.482965 0.87564 -9.7604e-17 
vn 0.39631 0.918117 -9.92796e-17 
vn 0.390903 0.920432 -9.93519e-17 
vn 0.389096 0.921197 -9.93752e-17 
vn 0.571577 0.820549 -9.47702e-17 
vn 0.653965 0.756524 -9.09046e-17 
vn 0.729234 0.684264 -8.60494e-17 
vn 0.796564 0.604554 -8.02573e-17 
vn 0.855222 0.518262 -7.35915e-17 
vn 0.904569 0.426328 -6.61244e-17 
vn 0.944068 0.329752 -5.79375e-17 
vn 0.972836 0.231497 -4.92909e-17 
vn 0.971457 0.237214 -4.98022e-17 
vn 0.973288 0.229588 -4.91199e-17 
vn 0.991913 0.126921 -3.97673e-17 
vn 0.99105 0.133489 -4.03748e-17 
vn 0.991576 0.129528 -4.00086e-17 
vn 0.990461 0.137795 -4.07724e-17 
vn 0.9891 0.147244 -4.16429e-17 
vn 0.986874 0.16149 -4.29507e-17 
vn 0.978609 0.205731 -4.69742e-17 
vn 0.98119 0.193042 -4.58261e-17 
vn 0.979859 0.199693 -4.64284e-17 
vn 0.975814 0.218601 -4.81339e-17 
vn 0.973288 0.229586 -4.91198e-17 
vn 0.98354 0.180692 -4.47041e-17 
vn 0.985644 0.16884 -4.36231e-17 
vn 0.987497 0.15764 -4.25978e-17 
vn 0.991913 0.126921 -3.97673e-17 
vn 0.645288 -0.76394 5.55112e-17 
vn 0.641753 -0.759755 -0.104528 
vn 0.631187 -0.747246 -0.207912 
vn 0.613705 -0.72655 -0.309017 
vn 0.5895 -0.697894 -0.406737 
vn 0.558835 -0.661591 -0.5 
vn 0.522049 -0.61804 -0.587785 
vn 0.479542 -0.567718 -0.669131 
vn 0.431782 -0.511175 -0.743145 
vn 0.379291 -0.449032 -0.809017 
vn 0.322644 -0.38197 -0.866025 
vn 0.262462 -0.310722 -0.913545 
vn 0.199405 -0.23607 -0.951057 
vn 0.192855 -0.228317 -0.954295 
vn 0.134163 -0.158832 -0.978148 
vn 0.0674509 -0.0798534 -0.994522 
vn 1.27682e-16 -2.80197e-16 -1 
vn 0.0137714 -0.0163036 -0.999772 
vn -0.637055 0.754193 0.159232 
vn -0.622177 0.736579 0.26523 
vn -0.599978 0.710299 0.368107 
vn -0.570719 0.67566 0.466652 
vn -0.0103747 0.0122823 0.999871 
vn -7.90126e-15 9.48314e-15 1 
vn -0.0698953 0.0827473 0.994116 
vn -0.138968 0.164521 0.976535 
vn -0.206406 0.244359 0.947463 
vn -0.271415 0.321321 0.907241 
vn -0.33323 0.394502 0.856345 
vn -0.391124 0.463041 0.795371 
vn -0.444415 0.526132 0.725038 
vn -0.492477 0.583031 0.646174 
vn -0.514263 0.608823 0.604043 
vn -0.514233 0.608788 0.604104 
vn -0.534747 0.633074 0.559699 
vn -0.534744 0.63307 0.559706 
vn -0.547356 0.648001 0.529619 
vn -0.444415 0.526132 0.725038 
vn -0.33323 0.394502 0.856345 
vn -0.637055 0.754193 0.159232 
vn -0.76394 -0.645288 8.32667e-17 
vn 0.76394 0.645288 -8.32667e-17 
vn 0.645288 -0.76394 5.55112e-17 
vn -0.637055 0.754193 0.159232 
vn 2.77901e-17 9.61382e-17 1 
vn -0.253934 0.967222 -8.59301e-17 
vn -0.14787 0.989007 -9.0972e-17 
vn -0.0400731 0.999197 -9.49473e-17 
vn 0.068194 0.997672 -9.78095e-17 
vn 0.175662 0.984451 -9.95249e-17 
vn 0.28107 0.959687 -1.00074e-16 
vn 0.383182 0.923673 -9.94489e-17 
vn 0.480803 0.876829 -9.76583e-17 
vn 0.572786 0.819705 -9.47227e-17 
vn 0.658054 0.752971 -9.06766e-17 
vn 0.735607 0.677408 -8.55674e-17 
vn 0.804536 0.593904 -7.9455e-17 
vn 0.76394 0.645288 -8.32667e-17 
vn 0.864032 0.503437 -7.24111e-17 
vn 0.913398 0.407068 -6.45182e-17 
vn 0.952055 0.305926 -5.58689e-17 
vn 0.979551 0.201197 -4.65645e-17 
vn 0.995562 0.0941098 -3.67143e-17 
vn 0.999901 -0.0140811 -2.64336e-17 
vn 0.992517 -0.122107 -1.5843e-17 
vn 0.973497 -0.228701 -5.06667e-18 
vn 0.943063 -0.332614 5.76907e-18 
vn 0.901573 -0.432627 1.65372e-17 
vn 0.849513 -0.527568 2.71114e-17 
vn 0.787493 -0.616324 3.73678e-17 
vn 0.71624 -0.697854 4.7186e-17 
vn 0.63659 -0.771202 5.64511e-17 
vn 0.549477 -0.835509 6.50543e-17 
vn 0.455921 -0.89002 7.28948e-17 
vn 0.35702 -0.934097 7.98807e-17 
vn 0.253934 -0.967222 8.59301e-17 
vn 0.14787 -0.989007 9.0972e-17 
vn 0.0400731 -0.999197 9.49473e-17 
vn -0.068194 -0.997672 9.78095e-17 
vn -0.175662 -0.984451 9.95249e-17 
vn -0.28107 -0.959687 1.00074e-16 
vn -0.383182 -0.923673 9.94489e-17 
vn -0.480803 -0.876829 9.76583e-17 
vn -0.572786 -0.819705 9.47227e-17 
vn -0.658054 -0.752971 9.06766e-17 
vn -0.735607 -0.677408 8.55674e-17 
vn -0.804536 -0.593904 7.9455e-17 
vn -0.76394 -0.645288 8.32667e-17 
vn -0.864032 -0.503437 7.24111e-17 
vn -0.913398 -0.407068 6.45182e-17 
vn -0.952055 -0.305926 5.58689e-17 
vn -0.979551 -0.201197 4.65645e-17 
vn -0.995562 -0.0941098 3.67143e-17 
vn -0.999901 0.0140811 2.64336e-17 
vn -0.992517 0.122107 1.5843e-17 
vn -0.973497 0.228701 5.06667e-18 
vn -0.943063 0.332614 -5.76907e-18 
vn -0.901573 0.432627 -1.65372e-17 
vn -0.849513 0.527568 -2.71114e-17 
vn -0.787493 0.616324 -3.73678e-17 
vn -0.71624 0.697854 -4.7186e-17 
vn -0.63659 0.771202 -5.64511e-17 
vn -0.549477 0.835509 -6.50543e-17 
vn -0.455921 0.89002 -7.28948e-17 
vn -0.35702 0.934097 -7.98807e-17 
vn -0.735607 -0.677408 8.55674e-17 
vn -2.77901e-17 -9.61382e-17 -1 
vn 0.0103747 -0.0122823 -0.999871 
vn 0.0698953 -0.0827473 -0.994116 
vn -2.77901e-17 -9.61382e-17 -1 
vn 0.138968 -0.164521 -0.976535 
vn 0.206406 -0.244359 -0.947463 
vn 0.271415 -0.321321 -0.907241 
vn 0.33323 -0.394502 -0.856345 
vn 0.391124 -0.463041 -0.795371 
vn 0.444415 -0.526132 -0.725038 
vn 0.492477 -0.583031 -0.646174 
vn 0.514263 -0.608823 -0.604043 
vn 0.514233 -0.608788 -0.604104 
vn 0.534747 -0.633074 -0.559699 
vn 0.534744 -0.63307 -0.559706 
vn 0.622177 -0.736579 -0.26523 
vn 0.637055 -0.754193 -0.159232 
vn 0.599978 -0.710299 -0.368107 
vn 0.622177 -0.736579 -0.26523 
vn 0.570719 -0.67566 -0.466652 
vn 0.599978 -0.710299 -0.368107 
vn 0.547356 -0.648001 -0.529619 
vn 0.570719 -0.67566 -0.466652 
vn 0.444415 -0.526132 -0.725038 
vn 0.33323 -0.394502 -0.856345 
vn 0.637055 -0.754193 -0.159232 
vn -2.77901e-17 -9.61382e-17 -1 
vn 0.76394 0.645288 -8.32667e-17 
vn -0.76394 -0.645288 8.32667e-17 
vn -0.645288 0.76394 -5.55112e-17 
vn 0.973288 0.229588 -4.91199e-17 
vn 0.979859 0.199693 -4.64284e-17 
vn 0.975814 0.218601 -4.81339e-17 
vn 0.986874 0.16149 -4.29507e-17 
vn 0.978609 0.205731 -4.69742e-17 
vn 0.991913 0.126921 -3.97673e-17 
vn 0.98119 0.193042 -4.58261e-17 
vn 0.98354 0.180692 -4.47041e-17 
vn 0.985644 0.16884 -4.36231e-17 
vn 0.987497 0.15764 -4.25978e-17 
vn 0.9891 0.147244 -4.16429e-17 
vn 0.991913 0.126921 -3.97673e-17 
vn 0.991589 0.129428 -3.99994e-17 
vn 0.991049 0.133495 -4.03754e-17 
vn 0.990461 0.137795 -4.07724e-17 
vn 0.944068 0.329752 -5.79375e-17 
vn 0.971457 0.237214 -4.98022e-17 
vn 0.972836 0.231497 -4.92909e-17 
vn 0.973288 0.229586 -4.91198e-17 
vn 0.904569 0.426328 -6.61244e-17 
vn 0.855222 0.518262 -7.35915e-17 
vn 0.796564 0.604554 -8.02573e-17 
vn 0.729234 0.684264 -8.60494e-17 
vn 0.653965 0.756524 -9.09046e-17 
vn 0.571577 0.820549 -9.47702e-17 
vn 0.482965 0.87564 -9.7604e-17 
vn 0.29099 0.956726 -1.00065e-16 
vn 0.297321 0.954777 -1.00053e-16 
vn 0.293504 0.955958 -1.00061e-16 
vn 0.301468 0.953476 -1.00043e-16 
vn 0.310556 0.950555 -1.00015e-16 
vn 0.324229 0.945979 -9.9955e-17 
vn 0.366466 0.930432 -9.96341e-17 
vn 0.354387 0.935099 -9.97471e-17 
vn 0.360721 0.932674 -9.969e-17 
vn 0.378687 0.925525 -9.9502e-17 
vn 0.389097 0.921197 -9.93752e-17 
vn 0.389096 0.921197 -9.93752e-17 
vn 0.342604 0.93948 -9.98409e-17 
vn 0.33127 0.943536 -9.99158e-17 
vn 0.320537 0.947236 -9.99733e-17 
vn 0.390903 0.920432 -9.93519e-17 
vn 0.39631 0.918117 -9.92796e-17 
vn 0.29099 0.956726 -1.00065e-16 
vn -0.641753 0.759755 0.104528 
vn -0.645288 0.76394 -5.55112e-17 
vn -0.631187 0.747246 0.207912 
vn -0.613705 0.72655 0.309017 
vn -0.5895 0.697894 0.406737 
vn -0.558835 0.661591 0.5 
vn -0.522049 0.61804 0.587785 
vn -0.479542 0.567718 0.669131 
vn -0.431782 0.511175 0.743145 
vn -0.379291 0.449032 0.809017 
vn -0.322644 0.38197 0.866025 
vn -0.262462 0.310722 0.913545 
vn -0.199405 0.23607 0.951057 
vn -0.192855 0.228317 0.954295 
vn -0.134163 0.158832 0.978148 
vn -0.0674509 0.0798534 0.994522 
vn 2.77901e-17 9.61382e-17 1 
vn -0.0137714 0.0163036 0.999772 
vn -0.645288 0.76394 -5.55112e-17 
vn -0.973288 -0.229588 4.91199e-17 
vn -0.979859 -0.199693 4.64284e-17 
vn -0.975814 -0.218601 4.81339e-17 
vn -0.986874 -0.16149 4.29507e-17 
vn -0.978609 -0.205731 4.69742e-17 
vn -0.991913 -0.126921 3.97673e-17 
vn -0.98119 -0.193042 4.58261e-17 
vn -0.98354 -0.180692 4.47041e-17 
vn -0.985644 -0.16884 4.36231e-17 
vn -0.987497 -0.15764 4.25978e-17 
vn -0.9891 -0.147244 4.16429e-17 
vn -0.991913 -0.126921 3.97673e-17 
vn -0.991589 -0.129428 3.99994e-17 
vn -0.991049 -0.133495 4.03754e-17 
vn -0.990461 -0.137795 4.07724e-17 
vn -0.944068 -0.329752 5.79375e-17 
vn -0.971457 -0.237214 4.98022e-17 
vn -0.972836 -0.231497 4.92909e-17 
vn -0.973288 -0.229586 4.91198e-17 
vn -0.904569 -0.426328 6.61244e-17 
vn -0.855222 -0.518262 7.35915e-17 
vn -0.796564 -0.604554 8.02573e-17 
vn -0.729234 -0.684264 8.60494e-17 
vn -0.653965 -0.756524 9.09046e-17 
vn -0.571577 -0.820549 9.47702e-17 
vn -0.482965 -0.87564 9.7604e-17 
vn -0.390903 -0.920432 9.93519e-17 
vn -0.39631 -0.918117 9.92796e-17 
vn -0.389097 -0.921197 9.93752e-17 
vn -0.482965 -0.87564 9.7604e-17 
vn -0.29099 -0.956726 1.00065e-16 
vn -0.297321 -0.954777 1.00053e-16 
vn -0.293504 -0.955958 1.00061e-16 
vn -0.301468 -0.953476 1.00043e-16 
vn -0.310556 -0.950555 1.00015e-16 
vn -0.324229 -0.945979 9.9955e-17 
vn -0.366466 -0.930432 9.96341e-17 
vn -0.354387 -0.935099 9.97471e-17 
vn -0.360721 -0.932674 9.969e-17 
vn -0.378687 -0.925525 9.9502e-17 
vn -0.389096 -0.921197 9.93752e-17 
vn -0.342604 -0.93948 9.98409e-17 
vn -0.33127 -0.943536 9.99158e-17 
vn -0.320537 -0.947236 9.99733e-17 
vn -0.29099 -0.956726 1.00065e-16 
vn -0.637055 0.754193 -0.159232 
vn -0.622177 0.736579 -0.26523 
vn -0.599978 0.710299 -0.368107 
vn -0.570719 0.67566 -0.466652 
vn -0.0103747 0.0122823 -0.999871 
vn -1.07553e-14 1.26039e-14 -1 
vn -0.0698953 0.0827473 -0.994116 
vn -0.138968 0.164521 -0.976535 
vn -0.206406 0.244359 -0.947463 
vn -0.271415 0.321321 -0.907241 
vn -0.33323 0.394502 -0.856345 
vn -0.391124 0.463041 -0.795371 
vn -0.444415 0.526132 -0.725038 
vn -0.492477 0.583031 -0.646174 
vn -0.514263 0.608823 -0.604043 
vn -0.514233 0.608788 -0.604104 
vn -0.534747 0.633074 -0.559699 
vn -0.534744 0.63307 -0.559706 
vn -0.547356 0.648001 -0.529619 
vn -0.444415 0.526132 -0.725038 
vn -0.33323 0.394502 -0.856345 
vn -2.77901e-17 -9.61382e-17 -1 
vn -0.637055 0.754193 -0.159232 
vn 0.76394 0.645288 -8.32667e-17 
vn -0.76394 -0.645288 8.32667e-17 
vn 0.645288 -0.76394 5.55112e-17 
vn -2.77901e-17 -9.61382e-17 -1 
vn 0.641753 -0.759755 0.104528 
vn 0.631187 -0.747246 0.207912 
vn 0.613705 -0.72655 0.309017 
vn 0.5895 -0.697894 0.406737 
vn 0.558835 -0.661591 0.5 
vn 0.522049 -0.61804 0.587785 
vn 0.479542 -0.567718 0.669131 
vn 0.431782 -0.511175 0.743145 
vn 0.379291 -0.449032 0.809017 
vn 0.322644 -0.38197 0.866025 
vn 0.262462 -0.310722 0.913545 
vn 0.199405 -0.23607 0.951057 
vn 0.192855 -0.228317 0.954295 
vn 0.134163 -0.158832 0.978148 
vn 0.0674509 -0.0798534 0.994522 
vn 1.05526e-16 4.10871e-18 1 
vn 0.0137714 -0.0163036 0.999772 
vn 0.0674509 -0.0798534 0.994522 
vn 1.05526e-16 4.10871e-18 1 
vn 0.0137714 -0.0163036 0.999772 
vn 2.77901e-17 9.61382e-17 1 
vn -0.253934 0.967222 -8.59301e-17 
vn -0.14787 0.989007 -9.0972e-17 
vn -0.0400731 0.999197 -9.49473e-17 
vn 0.068194 0.997672 -9.78095e-17 
vn 0.175662 0.984451 -9.95249e-17 
vn 0.28107 0.959687 -1.00074e-16 
vn 0.383182 0.923673 -9.94489e-17 
vn 0.480803 0.876829 -9.76583e-17 
vn 0.572786 0.819705 -9.47227e-17 
vn 0.658054 0.752971 -9.06766e-17 
vn 0.735607 0.677408 -8.55674e-17 
vn 0.804536 0.593904 -7.9455e-17 
vn 0.76394 0.645288 -8.32667e-17 
vn 0.864032 0.503437 -7.24111e-17 
vn 0.913398 0.407068 -6.45182e-17 
vn 0.952055 0.305926 -5.58689e-17 
vn 0.979551 0.201197 -4.65645e-17 
vn 0.995562 0.0941098 -3.67143e-17 
vn 0.999901 -0.0140811 -2.64336e-17 
vn 0.992517 -0.122107 -1.5843e-17 
vn 0.973497 -0.228701 -5.06667e-18 
vn 0.943063 -0.332614 5.76907e-18 
vn 0.901573 -0.432627 1.65372e-17 
vn 0.849513 -0.527568 2.71114e-17 
vn 0.787493 -0.616324 3.73678e-17 
vn 0.71624 -0.697854 4.7186e-17 
vn 0.63659 -0.771202 5.64511e-17 
vn 0.549477 -0.835509 6.50543e-17 
vn 0.455921 -0.89002 7.28948e-17 
vn 0.35702 -0.934097 7.98807e-17 
vn 0.253934 -0.967222 8.59301e-17 
vn 0.14787 -0.989007 9.0972e-17 
vn 0.0400731 -0.999197 9.49473e-17 
vn -0.068194 -0.997672 9.78095e-17 
vn -0.175662 -0.984451 9.95249e-17 
vn -0.28107 -0.959687 1.00074e-16 
vn -0.383182 -0.923673 9.94489e-17 
vn -0.480803 -0.876829 9.76583e-17 
vn -0.572786 -0.819705 9.47227e-17 
vn -0.658054 -0.752971 9.06766e-17 
vn -0.735607 -0.677408 8.55674e-17 
vn -0.804536 -0.593904 7.9455e-17 
vn -0.864032 -0.503437 7.24111e-17 
vn -0.913398 -0.407068 6.45182e-17 
vn -0.952055 -0.305926 5.58689e-17 
vn -0.979551 -0.201197 4.65645e-17 
vn -0.995562 -0.0941098 3.67143e-17 
vn -0.999901 0.0140811 2.64336e-17 
vn -0.992517 0.122107 1.5843e-17 
vn -0.973497 0.228701 5.06667e-18 
vn -0.943063 0.332614 -5.76907e-18 
vn -0.901573 0.432627 -1.65372e-17 
vn -0.849513 0.527568 -2.71114e-17 
vn -0.787493 0.616324 -3.73678e-17 
vn -0.71624 0.697854 -4.7186e-17 
vn -0.645288 0.76394 -5.55112e-17 
vn -0.63659 0.771202 -5.64511e-17 
vn -0.549477 0.835509 -6.50543e-17 
vn -0.455921 0.89002 -7.28948e-17 
vn -0.35702 0.934097 -7.98807e-17 
vn 0.735607 0.677408 -8.55674e-17 
vn 2.2418e-16 0.974648 0.223745 
vn 2.09579e-16 0.993125 0.117055 
vn 2.36152e-16 0.944743 0.327811 
vn 2.2418e-16 0.974648 0.223745 
vn 2.45356e-16 0.903763 0.428034 
vn 2.36152e-16 0.944743 0.327811 
vn 2.51683e-16 0.852186 0.523239 
vn 2.45356e-16 0.903763 0.428034 
vn 2.55059e-16 0.790618 0.612309 
vn 2.51683e-16 0.852186 0.523239 
vn 2.55445e-16 0.719782 0.694201 
vn 2.55059e-16 0.790618 0.612309 
vn 2.52837e-16 0.640506 0.767953 
vn 2.55445e-16 0.719782 0.694201 
vn 2.47263e-16 0.553721 0.832702 
vn 2.52837e-16 0.640506 0.767953 
vn 2.38791e-16 0.460444 0.887689 
vn 2.47263e-16 0.553721 0.832702 
vn 2.2752e-16 0.361769 0.932268 
vn 2.38791e-16 0.460444 0.887689 
vn 2.13581e-16 0.258852 0.965917 
vn 2.2752e-16 0.361769 0.932268 
vn 1.97137e-16 0.152901 0.988242 
vn 2.13581e-16 0.258852 0.965917 
vn 1.78383e-16 0.0451568 0.99898 
vn 1.97137e-16 0.152901 0.988242 
vn 1.57537e-16 -0.0631167 0.998006 
vn 1.78383e-16 0.0451568 0.99898 
vn 1.34844e-16 -0.17065 0.985332 
vn 1.57537e-16 -0.0631167 0.998006 
vn 1.10571e-16 -0.276183 0.961105 
vn 1.34844e-16 -0.17065 0.985332 
vn 8.50007e-17 -0.378478 0.92561 
vn 1.10571e-16 -0.276183 0.961105 
vn 5.84342e-17 -0.476335 0.879264 
vn 8.50007e-17 -0.378478 0.92561 
vn 3.11825e-17 -0.568608 0.822609 
vn 5.84342e-17 -0.476335 0.879264 
vn 3.56521e-18 -0.654214 0.756309 
vn 3.11825e-17 -0.568608 0.822609 
vn -2.40939e-17 -0.732151 0.681143 
vn 3.56521e-18 -0.654214 0.756309 
vn -5.14704e-17 -0.801503 0.59799 
vn -2.40939e-17 -0.732151 0.681143 
vn -7.82436e-17 -0.861459 0.507827 
vn -5.14704e-17 -0.801503 0.59799 
vn -1.04099e-16 -0.911315 0.41171 
vn -7.82436e-17 -0.861459 0.507827 
vn -1.28735e-16 -0.950486 0.310766 
vn -1.04099e-16 -0.911315 0.41171 
vn -1.51861e-16 -0.978514 0.206179 
vn -1.28735e-16 -0.950486 0.310766 
vn -1.73206e-16 -0.99507 0.0991742 
vn -1.51861e-16 -0.978514 0.206179 
vn -1.92521e-16 -0.99996 -0.00899314 
vn -1.73206e-16 -0.99507 0.0991742 
vn -2.09579e-16 -0.993125 -0.117055 
vn -1.92521e-16 -0.99996 -0.00899314 
vn -2.2418e-16 -0.974648 -0.223745 
vn -2.09579e-16 -0.993125 -0.117055 
vn -2.36152e-16 -0.944743 -0.327811 
vn -2.2418e-16 -0.974648 -0.223745 
vn -2.45356e-16 -0.903763 -0.428034 
vn -2.36152e-16 -0.944743 -0.327811 
vn -2.51683e-16 -0.852186 -0.523239 
vn -2.45356e-16 -0.903763 -0.428034 
vn -2.55059e-16 -0.790618 -0.612309 
vn -2.51683e-16 -0.852186 -0.523239 
vn -2.55445e-16 -0.719782 -0.694201 
vn -2.55059e-16 -0.790618 -0.612309 
vn -2.52837e-16 -0.640506 -0.767953 
vn -2.55445e-16 -0.719782 -0.694201 
vn -2.47263e-16 -0.553721 -0.832702 
vn -2.52837e-16 -0.640506 -0.767953 
vn -2.38791e-16 -0.460444 -0.887689 
vn -2.47263e-16 -0.553721 -0.832702 
vn -2.2752e-16 -0.361769 -0.932268 
vn -2.38791e-16 -0.460444 -0.887689 
vn -2.13581e-16 -0.258852 -0.965917 
vn -2.2752e-16 -0.361769 -0.932268 
vn -1.97137e-16 -0.152901 -0.988242 
vn -2.13581e-16 -0.258852 -0.965917 
vn -1.78383e-16 -0.0451568 -0.99898 
vn -1.97137e-16 -0.152901 -0.988242 
vn -1.57537e-16 0.0631167 -0.998006 
vn -1.78383e-16 -0.0451568 -0.99898 
vn -1.34844e-16 0.17065 -0.985332 
vn -1.57537e-16 0.0631167 -0.998006 
vn -1.10571e-16 0.276183 -0.961105 
vn -1.34844e-16 0.17065 -0.985332 
vn -8.50007e-17 0.378478 -0.92561 
vn -1.10571e-16 0.276183 -0.961105 
vn -5.84342e-17 0.476335 -0.879264 
vn -8.50007e-17 0.378478 -0.92561 
vn -3.11825e-17 0.568608 -0.822609 
vn -5.84342e-17 0.476335 -0.879264 
vn -3.56521e-18 0.654214 -0.756309 
vn -3.11825e-17 0.568608 -0.822609 
vn 2.40939e-17 0.732151 -0.681143 
vn -3.56521e-18 0.654214 -0.756309 
vn 5.14704e-17 0.801503 -0.59799 
vn 2.40939e-17 0.732151 -0.681143 
vn 7.82436e-17 0.861459 -0.507827 
vn 5.14704e-17 0.801503 -0.59799 
vn 1.04099e-16 0.911315 -0.41171 
vn 7.82436e-17 0.861459 -0.507827 
vn 1.28735e-16 0.950486 -0.310766 
vn 1.04099e-16 0.911315 -0.41171 
vn 1.51861e-16 0.978514 -0.206179 
vn 1.28735e-16 0.950486 -0.310766 
vn 1.73206e-16 0.99507 -0.0991742 
vn 1.51861e-16 0.978514 -0.206179 
vn 1.92521e-16 0.99996 0.00899314 
vn 1.73206e-16 0.99507 -0.0991742 
vn 1 -1.91001e-16 -1.69931e-16 
vn 2.09504e-16 0.993185 0.116548 
vn 1.89781e-16 0.999968 0.00795611 
vn 1.69164e-16 0.994914 -0.10073 
vn 1.46544e-16 0.978081 -0.208223 
vn 1.22189e-16 0.94967 -0.313251 
vn 9.6388e-17 0.910017 -0.414571 
vn 6.94458e-17 0.85959 -0.510984 
vn 4.16814e-17 0.798988 -0.601347 
vn 1.34237e-17 0.728927 -0.684591 
vn -1.4993e-17 0.650237 -0.759731 
vn -4.32322e-17 0.56385 -0.825877 
vn -7.09596e-17 0.470787 -0.882247 
vn -9.7847e-17 0.372151 -0.928172 
vn -1.23576e-16 0.26911 -0.963109 
vn -1.47842e-16 0.162883 -0.986645 
vn -1.70358e-16 0.0547276 -0.998501 
vn -1.90857e-16 -0.0540756 -0.998537 
vn -2.09097e-16 -0.162239 -0.986752 
vn -2.24862e-16 -0.268481 -0.963285 
vn -2.37964e-16 -0.371545 -0.928415 
vn -2.39784e-16 -0.470211 -0.882554 
vn -2.38547e-16 -0.376596 -0.926378 
vn -2.26295e-16 -0.278958 -0.960303 
vn -2.11626e-16 -0.178339 -0.983969 
vn -1.94696e-16 -0.0758147 -0.997122 
vn -1.75685e-16 0.0275196 -0.999621 
vn -1.54798e-16 0.13056 -0.99144 
vn -1.32256e-16 0.232205 -0.972667 
vn -1.08302e-16 0.33137 -0.943501 
vn -8.319e-17 0.426994 -0.904255 
vn -5.71896e-17 0.518056 -0.855347 
vn -2.02017e-17 0.603582 -0.797301 
vn -5.82297e-17 0.514558 -0.857455 
vn -8.52092e-17 0.419594 -0.907712 
vn -1.11205e-16 0.319787 -0.94749 
vn -1.35917e-16 0.216287 -0.97633 
vn -1.5906e-16 0.110291 -0.993899 
vn -1.80367e-16 0.00302199 -0.999995 
vn -1.99592e-16 -0.104282 -0.994548 
vn -2.16513e-16 -0.210383 -0.977619 
vn -2.30934e-16 -0.314054 -0.949405 
vn -2.42689e-16 -0.414101 -0.910231 
vn -2.51643e-16 -0.509367 -0.86055 
vn -2.57692e-16 -0.598753 -0.800934 
vn -2.60766e-16 -0.681227 -0.732073 
vn -2.6083e-16 -0.755837 -0.65476 
vn -2.57883e-16 -0.821721 -0.569889 
vn -2.51959e-16 -0.87812 -0.47844 
vn -2.43127e-16 -0.924382 -0.381467 
vn -2.31487e-16 -0.959973 -0.280091 
vn -2.17176e-16 -0.984483 -0.175482 
vn -2.00357e-16 -0.997627 -0.0688463 
vn -1.81226e-16 -0.999255 0.0385837 
vn -1.60002e-16 -0.989348 0.145568 
vn -1.36932e-16 -0.96802 0.250873 
vn -1.12281e-16 -0.935517 0.353281 
vn -8.63333e-17 -0.892215 0.451611 
vn -5.93893e-17 -0.838613 0.544727 
vn -3.17597e-17 -0.775331 0.631556 
vn -3.76346e-18 -0.703098 0.711093 
vn 2.42762e-17 -0.622748 0.782422 
vn 5.20357e-17 -0.53521 0.844719 
vn 7.91944e-17 -0.441493 0.897265 
vn 1.05439e-16 -0.34268 0.939452 
vn 1.30466e-16 -0.239911 0.970795 
vn 1.42725e-16 -0.134372 0.990931 
vn 1.31692e-16 -0.234639 0.972083 
vn 1.08026e-16 -0.332464 0.943116 
vn 8.32351e-17 -0.426829 0.904332 
vn 5.75781e-17 -0.516751 0.856136 
vn 3.13217e-17 -0.601294 0.799028 
vn 6.58345e-18 -0.679578 0.733603 
vn 2.2418e-16 0.974648 0.223745 
vn 2.09579e-16 0.993125 0.117055 
vn 2.36152e-16 0.944743 0.327811 
vn 2.2418e-16 0.974648 0.223745 
vn 2.45356e-16 0.903763 0.428034 
vn 2.36152e-16 0.944743 0.327811 
vn 2.51683e-16 0.852186 0.523239 
vn 2.45356e-16 0.903763 0.428034 
vn 2.55059e-16 0.790618 0.612309 
vn 2.51683e-16 0.852186 0.523239 
vn 2.55445e-16 0.719782 0.694201 
vn 2.55059e-16 0.790618 0.612309 
vn 2.52837e-16 0.640506 0.767953 
vn 2.55445e-16 0.719782 0.694201 
vn 2.47263e-16 0.553721 0.832702 
vn 2.52837e-16 0.640506 0.767953 
vn 2.38791e-16 0.460444 0.887689 
vn 2.47263e-16 0.553721 0.832702 
vn 2.2752e-16 0.361769 0.932268 
vn 2.38791e-16 0.460444 0.887689 
vn 2.13581e-16 0.258852 0.965917 
vn 2.2752e-16 0.361769 0.932268 
vn 1.97137e-16 0.152901 0.988242 
vn 2.13581e-16 0.258852 0.965917 
vn 1.78383e-16 0.0451568 0.99898 
vn 1.97137e-16 0.152901 0.988242 
vn 1.57537e-16 -0.0631167 0.998006 
vn 1.78383e-16 0.0451568 0.99898 
vn 1.34844e-16 -0.17065 0.985332 
vn 1.57537e-16 -0.0631167 0.998006 
vn 1.10571e-16 -0.276183 0.961105 
vn 1.34844e-16 -0.17065 0.985332 
vn 8.50007e-17 -0.378478 0.92561 
vn 1.10571e-16 -0.276183 0.961105 
vn 5.84342e-17 -0.476335 0.879264 
vn 8.50007e-17 -0.378478 0.92561 
vn 3.11825e-17 -0.568608 0.822609 
vn 5.84342e-17 -0.476335 0.879264 
vn 3.56521e-18 -0.654214 0.756309 
vn 3.11825e-17 -0.568608 0.822609 
vn -2.40939e-17 -0.732151 0.681143 
vn 3.56521e-18 -0.654214 0.756309 
vn -5.14704e-17 -0.801503 0.59799 
vn -2.40939e-17 -0.732151 0.681143 
vn -7.82436e-17 -0.861459 0.507827 
vn -5.14704e-17 -0.801503 0.59799 
vn -1.04099e-16 -0.911315 0.41171 
vn -7.82436e-17 -0.861459 0.507827 
vn -1.28735e-16 -0.950486 0.310766 
vn -1.04099e-16 -0.911315 0.41171 
vn -1.51861e-16 -0.978514 0.206179 
vn -1.28735e-16 -0.950486 0.310766 
vn -1.73206e-16 -0.99507 0.0991742 
vn -1.51861e-16 -0.978514 0.206179 
vn -1.92521e-16 -0.99996 -0.00899314 
vn -1.73206e-16 -0.99507 0.0991742 
vn -2.09579e-16 -0.993125 -0.117055 
vn -1.92521e-16 -0.99996 -0.00899314 
vn -2.2418e-16 -0.974648 -0.223745 
vn -2.09579e-16 -0.993125 -0.117055 
vn -2.36152e-16 -0.944743 -0.327811 
vn -2.2418e-16 -0.974648 -0.223745 
vn -2.45356e-16 -0.903763 -0.428034 
vn -2.36152e-16 -0.944743 -0.327811 
vn -2.51683e-16 -0.852186 -0.523239 
vn -2.45356e-16 -0.903763 -0.428034 
vn -2.55059e-16 -0.790618 -0.612309 
vn -2.51683e-16 -0.852186 -0.523239 
vn -2.55445e-16 -0.719782 -0.694201 
vn -2.55059e-16 -0.790618 -0.612309 
vn -2.52837e-16 -0.640506 -0.767953 
vn -2.55445e-16 -0.719782 -0.694201 
vn -2.47263e-16 -0.553721 -0.832702 
vn -2.52837e-16 -0.640506 -0.767953 
vn -2.38791e-16 -0.460444 -0.887689 
vn -2.47263e-16 -0.553721 -0.832702 
vn -2.2752e-16 -0.361769 -0.932268 
vn -2.38791e-16 -0.460444 -0.887689 
vn -2.13581e-16 -0.258852 -0.965917 
vn -2.2752e-16 -0.361769 -0.932268 
vn -1.97137e-16 -0.152901 -0.988242 
vn -2.13581e-16 -0.258852 -0.965917 
vn -1.78383e-16 -0.0451568 -0.99898 
vn -1.97137e-16 -0.152901 -0.988242 
vn -1.57537e-16 0.0631167 -0.998006 
vn -1.78383e-16 -0.0451568 -0.99898 
vn -1.34844e-16 0.17065 -0.985332 
vn -1.57537e-16 0.0631167 -0.998006 
vn -1.10571e-16 0.276183 -0.961105 
vn -1.34844e-16 0.17065 -0.985332 
vn -8.50007e-17 0.378478 -0.92561 
vn -1.10571e-16 0.276183 -0.961105 
vn -5.84342e-17 0.476335 -0.879264 
vn -8.50007e-17 0.378478 -0.92561 
vn -3.11825e-17 0.568608 -0.822609 
vn -5.84342e-17 0.476335 -0.879264 
vn -3.56521e-18 0.654214 -0.756309 
vn -3.11825e-17 0.568608 -0.822609 
vn 2.40939e-17 0.732151 -0.681143 
vn -3.56521e-18 0.654214 -0.756309 
vn 5.14704e-17 0.801503 -0.59799 
vn 2.40939e-17 0.732151 -0.681143 
vn 7.82436e-17 0.861459 -0.507827 
vn 5.14704e-17 0.801503 -0.59799 
vn 1.04099e-16 0.911315 -0.41171 
vn 7.82436e-17 0.861459 -0.507827 
vn 1.28735e-16 0.950486 -0.310766 
vn 1.04099e-16 0.911315 -0.41171 
vn 1.51861e-16 0.978514 -0.206179 
vn 1.28735e-16 0.950486 -0.310766 
vn 1.73206e-16 0.99507 -0.0991742 
vn 1.51861e-16 0.978514 -0.206179 
vn 1.92521e-16 0.99996 0.00899314 
vn 1.73206e-16 0.99507 -0.0991742 
vn 2.09509e-16 0.993181 0.116582 
vn 1.90226e-16 0.999946 0.0104368 
vn 1.70142e-16 0.995398 -0.0958264 
vn 1.48134e-16 0.97959 -0.201006 
vn 1.2445e-16 0.9527 -0.303911 
vn 9.93581e-17 0.915033 -0.403378 
vn 7.31423e-17 0.867015 -0.498282 
vn 4.60991e-17 0.809188 -0.587549 
vn 1.85343e-17 0.742208 -0.67017 
vn -9.24009e-18 0.666831 -0.745209 
vn -3.691e-17 0.58391 -0.811818 
vn -6.41623e-17 0.494385 -0.869243 
vn -9.06888e-17 0.399266 -0.916835 
vn -1.16189e-16 0.299631 -0.954055 
vn -1.40376e-16 0.196606 -0.980483 
vn -1.51772e-16 0.0913565 -0.995818 
vn -1 1.88347e-16 1.80937e-16 
vn -1.62974e-16 0.0913565 -0.995818 
vn 2.09509e-16 0.993181 0.116582 
vn 1.90226e-16 0.999946 0.0104368 
vn 1.70142e-16 0.995398 -0.0958264 
vn 1.48134e-16 0.97959 -0.201006 
vn 1.2445e-16 0.9527 -0.303911 
vn 9.93581e-17 0.915033 -0.403378 
vn 7.31423e-17 0.867015 -0.498282 
vn 4.60991e-17 0.809188 -0.587549 
vn 1.85343e-17 0.742208 -0.67017 
vn -9.24009e-18 0.666831 -0.745209 
vn -3.691e-17 0.58391 -0.811818 
vn -6.41623e-17 0.494385 -0.869243 
vn -9.06888e-17 0.399266 -0.916835 
vn -1.16189e-16 0.299631 -0.954055 
vn -1.40376e-16 0.196606 -0.980483 
vn -1.72423e-16 0.0913565 -0.995818 
vn 1.85301e-17 0.742197 -0.670182 
vn -9.24368e-18 0.666821 -0.745218 
vn 4.60943e-17 0.809178 -0.587564 
vn 1.85301e-17 0.742197 -0.670182 
vn 7.31371e-17 0.867005 -0.4983 
vn 4.60943e-17 0.809178 -0.587564 
vn 9.93526e-17 0.915024 -0.403399 
vn 7.31371e-17 0.867005 -0.4983 
vn 1.24444e-16 0.952693 -0.303935 
vn 9.93526e-17 0.915024 -0.403399 
vn 1.48128e-16 0.979585 -0.201033 
vn 1.24444e-16 0.952693 -0.303935 
vn 1.70136e-16 0.995395 -0.0958562 
vn 1.48128e-16 0.979585 -0.201033 
vn 1.9022e-16 0.999946 0.0104046 
vn 1.70136e-16 0.995395 -0.0958562 
vn 2.09504e-16 0.993185 0.116548 
vn 1.9022e-16 0.999946 0.0104046 
vn -3.69129e-17 0.583901 -0.811825 
vn -5.32862e-17 0.494377 -0.869248 
vn -7.95406e-17 0.39926 -0.916838 
vn -1.04895e-16 0.299626 -0.954057 
vn -1.29063e-16 0.196603 -0.980483 
vn -1.51772e-16 0.0913565 -0.995818 
vn -1.1619e-16 0.299626 -0.954057 
vn -1.40376e-16 0.196603 -0.980483 
vn -9.06905e-17 0.39926 -0.916838 
vn -1.04895e-16 0.299626 -0.954057 
vn -6.41646e-17 0.494377 -0.869248 
vn -7.95406e-17 0.39926 -0.916838 
vn -3.69129e-17 0.583901 -0.811825 
vn -5.32862e-17 0.494377 -0.869248 
vn -1.76647e-17 0.611486 -0.791255 
vn -3.67716e-17 0.583901 -0.811825 
vn -6.43422e-17 0.494377 -0.869248 
vn -9.05967e-17 0.39926 -0.916838 
vn -1.16308e-16 0.299626 -0.954057 
vn -1.40476e-16 0.196603 -0.980483 
vn -1.62828e-16 0.0913565 -0.995818 
vn 2.09504e-16 0.993185 0.116548 
vn 2.08219e-16 0.993181 0.116582 
vn 1.90226e-16 0.999946 0.0104368 
vn 1.70142e-16 0.995398 -0.0958264 
vn 1.48134e-16 0.97959 -0.201006 
vn 1.2445e-16 0.9527 -0.303911 
vn 9.93581e-17 0.915033 -0.403378 
vn 7.31423e-17 0.867015 -0.498282 
vn 4.60991e-17 0.809188 -0.587549 
vn 1.85343e-17 0.742208 -0.67017 
vn -9.24009e-18 0.666831 -0.745209 
vn -3.691e-17 0.58391 -0.811818 
vn -6.41623e-17 0.494385 -0.869243 
vn -9.06888e-17 0.399266 -0.916835 
vn -1.16189e-16 0.299631 -0.954055 
vn -1.40376e-16 0.196606 -0.980483 
vn -1.63065e-16 0.0913565 -0.995818 
vn 0.707055 0.441955 -0.552041 
vn 0.706681 0.45958 -0.537948 
vn 0.69775 0.481902 -0.530014 
vn 0.707107 0.432386 -0.559502 
vn 0.701573 0.46318 -0.541534 
vn 0.705171 0.48971 -0.512755 
vn 0.690181 0.51426 -0.509105 
vn 0.688853 0.549099 -0.473256 
vn 0.676065 0.563726 -0.474498 
vn 0.700669 0.534976 -0.472084 
vn 0.672758 0.608287 -0.421169 
vn 0.653258 0.626171 -0.425633 
vn 0.651235 0.666043 -0.363703 
vn 0.624215 0.687731 -0.370651 
vn 0.690921 0.590814 -0.416612 
vn 0.629999 0.71013 -0.314351 
vn 0.596337 0.735048 -0.322624 
vn 0.676292 0.644582 -0.356571 
vn 0.613894 0.738031 -0.280077 
vn 0.5755 0.765082 -0.288877 
vn 0.661013 0.685205 -0.305869 
vn 0.591688 0.770835 -0.236048 
vn 0.54706 0.800406 -0.245103 
vn 0.649108 0.710759 -0.271074 
vn 0.632396 0.740695 -0.226818 
vn 0.703473 0.453078 -0.547582 
vn -0.707055 0.441955 -0.552041 
vn -0.701573 0.46318 -0.541534 
vn -0.69775 0.481902 -0.530014 
vn -0.707107 0.432386 -0.559502 
vn -0.703473 0.453078 -0.547582 
vn -0.706681 0.45958 -0.537948 
vn -0.690181 0.51426 -0.509105 
vn -0.705171 0.48971 -0.512755 
vn -0.676065 0.563726 -0.474498 
vn -0.688853 0.549099 -0.473256 
vn -0.653258 0.626171 -0.425633 
vn -0.672758 0.608287 -0.421169 
vn -0.624215 0.687731 -0.370651 
vn -0.700669 0.534976 -0.472084 
vn -0.651235 0.666043 -0.363703 
vn -0.596337 0.735048 -0.322624 
vn -0.690921 0.590814 -0.416612 
vn -0.629999 0.71013 -0.314351 
vn -0.5755 0.765082 -0.288877 
vn -0.676292 0.644582 -0.356571 
vn -0.613894 0.738031 -0.280077 
vn -0.54706 0.800406 -0.245103 
vn -0.661013 0.685205 -0.305869 
vn -0.649108 0.710759 -0.271074 
vn -0.591688 0.770835 -0.236048 
vn -0.632396 0.740695 -0.226818 
vn 1.51772e-16 -0.0913565 0.995818 
vn 1.31702e-16 -0.184824 0.982772 
vn 1.1046e-16 -0.276646 0.960972 
vn 8.82335e-17 -0.366003 0.930614 
vn 6.52214e-17 -0.452101 0.891967 
vn 4.16284e-17 -0.534173 0.845375 
vn 1.76647e-17 -0.611486 0.791255 
vn 1.51772e-16 -0.0913565 0.995818 
vn -1.92764e-16 -0.999946 -0.0104368 
vn -2.09509e-16 -0.993181 -0.116582 
vn -1.73838e-16 -0.995398 0.0958264 
vn -1.92764e-16 -0.999946 -0.0104368 
vn -1.52945e-16 -0.97959 0.201006 
vn -1.73838e-16 -0.995398 0.0958264 
vn -1.30323e-16 -0.9527 0.303911 
vn -1.52945e-16 -0.97959 0.201006 
vn -1.06225e-16 -0.915033 0.403378 
vn -1.30323e-16 -0.9527 0.303911 
vn -8.09268e-17 -0.867015 0.498282 
vn -1.06225e-16 -0.915033 0.403378 
vn -5.47125e-17 -0.809188 0.587549 
vn -8.09268e-17 -0.867015 0.498282 
vn -2.78794e-17 -0.742208 0.67017 
vn -5.47125e-17 -0.809188 0.587549 
vn -7.30815e-19 -0.666831 0.745209 
vn -2.78794e-17 -0.742208 0.67017 
vn 2.6426e-17 -0.58391 0.811818 
vn -7.30815e-19 -0.666831 0.745209 
vn 5.32839e-17 -0.494385 0.869243 
vn 2.6426e-17 -0.58391 0.811818 
vn 7.9539e-17 -0.399266 0.916835 
vn 5.32839e-17 -0.494385 0.869243 
vn 1.04894e-16 -0.299631 0.954055 
vn 7.9539e-17 -0.399266 0.916835 
vn 1.29063e-16 -0.196606 0.980483 
vn 1.04894e-16 -0.299631 0.954055 
vn 1.51772e-16 -0.0913565 0.995818 
vn 1.29063e-16 -0.196606 0.980483 
vn 1 -1.91001e-16 -1.69931e-16 
vn 1.46505e-16 -0.116582 0.993181 
vn -1 1.88347e-16 1.80937e-16 
vn 2.09509e-16 0.993181 0.116582 
vn 1.46505e-16 -0.116582 0.993181 
vn -1.46505e-16 0.116582 -0.993181 
vn -0.104528 0.115943 -0.98774 
vn -0.207912 0.114034 -0.971478 
vn -0.309017 0.110876 -0.944571 
vn -0.406737 0.106503 -0.907316 
vn -0.5 0.100963 -0.86012 
vn -0.587785 0.0943167 -0.8035 
vn -0.669131 0.0866372 -0.738077 
vn -0.743145 0.0780085 -0.664568 
vn -0.809017 0.0685251 -0.583777 
vn -0.866025 0.058291 -0.496591 
vn -0.913545 0.0474181 -0.403963 
vn -0.951057 0.0360258 -0.30691 
vn -0.978148 0.0242387 -0.206494 
vn -0.994522 0.0121861 -0.103816 
vn -1 1.91001e-16 1.69931e-16 
vn -0.978148 0.0242387 -0.206494 
vn -0.994522 0.0121861 -0.103816 
vn -0.951057 0.0360258 -0.30691 
vn -0.978148 0.0242387 -0.206494 
vn -0.913545 0.0474181 -0.403963 
vn -0.951057 0.0360258 -0.30691 
vn -0.866025 0.058291 -0.496591 
vn -0.913545 0.0474181 -0.403963 
vn -0.809017 0.0685251 -0.583777 
vn -0.866025 0.058291 -0.496591 
vn -0.743145 0.0780085 -0.664568 
vn -0.809017 0.0685251 -0.583777 
vn -0.669131 0.0866372 -0.738077 
vn -0.743145 0.0780085 -0.664568 
vn -0.587785 0.0943167 -0.8035 
vn -0.669131 0.0866372 -0.738077 
vn -0.5 0.100963 -0.86012 
vn -0.587785 0.0943167 -0.8035 
vn -0.406737 0.106503 -0.907316 
vn -0.5 0.100963 -0.86012 
vn -0.309017 0.110876 -0.944571 
vn -0.406737 0.106503 -0.907316 
vn -0.207912 0.114034 -0.971478 
vn -0.309017 0.110876 -0.944571 
vn -0.140371 0.115428 -0.983348 
vn -0.207912 0.114034 -0.971478 
vn -1.46505e-16 0.116582 -0.993181 
vn 0.104528 0.115943 -0.98774 
vn 1 -1.89658e-16 -1.69774e-16 
vn 0.994522 0.0121861 -0.103816 
vn 0.978148 0.0242387 -0.206494 
vn 0.951057 0.0360258 -0.30691 
vn 0.913545 0.0474181 -0.403963 
vn 0.866025 0.058291 -0.496591 
vn 0.809017 0.0685251 -0.583777 
vn 0.743145 0.0780085 -0.664568 
vn 0.669131 0.0866372 -0.738077 
vn 0.587785 0.0943167 -0.8035 
vn 0.5 0.100963 -0.86012 
vn 0.406737 0.106503 -0.907316 
vn 0.309017 0.110876 -0.944571 
vn 0.207912 0.114034 -0.971478 
vn 0.140371 0.115428 -0.983348 
vn 0.104528 0.115943 -0.98774 
vn 0.309017 0.110876 -0.944571 
vn 0.207912 0.114034 -0.971478 
vn 0.406737 0.106503 -0.907316 
vn 0.309017 0.110876 -0.944571 
vn 0.5 0.100963 -0.86012 
vn 0.406737 0.106503 -0.907316 
vn 0.587785 0.0943167 -0.8035 
vn 0.5 0.100963 -0.86012 
vn 0.669131 0.0866372 -0.738077 
vn 0.587785 0.0943167 -0.8035 
vn 0.743145 0.0780085 -0.664568 
vn 0.669131 0.0866372 -0.738077 
vn 0.809017 0.0685251 -0.583777 
vn 0.743145 0.0780085 -0.664568 
vn 0.866025 0.058291 -0.496591 
vn 0.809017 0.0685251 -0.583777 
vn 0.913545 0.0474181 -0.403963 
vn 0.866025 0.058291 -0.496591 
vn 0.951057 0.0360258 -0.30691 
vn 0.913545 0.0474181 -0.403963 
vn 0.978148 0.0242387 -0.206494 
vn 0.951057 0.0360258 -0.30691 
vn 0.994522 0.0121861 -0.103816 
vn 0.978148 0.0242387 -0.206494 
vn 1 1.96505e-15 -1.11259e-14 
vn 0.994522 0.0121861 -0.103816 
vn -1.46505e-16 0.116582 -0.993181 
vn -2.09509e-16 -0.993181 -0.116582 
vn -1.92764e-16 -0.999946 -0.0104368 
vn -1.73838e-16 -0.995398 0.0958264 
vn -1.52945e-16 -0.97959 0.201006 
vn -1.30323e-16 -0.9527 0.303911 
vn -1.06225e-16 -0.915033 0.403378 
vn -8.09268e-17 -0.867015 0.498282 
vn -5.47125e-17 -0.809188 0.587549 
vn -2.78794e-17 -0.742208 0.67017 
vn -7.30815e-19 -0.666831 0.745209 
vn 2.6426e-17 -0.58391 0.811818 
vn 5.32839e-17 -0.494385 0.869243 
vn 7.9539e-17 -0.399266 0.916835 
vn 1.04894e-16 -0.299631 0.954055 
vn 1.29063e-16 -0.196606 0.980483 
vn 1.51772e-16 -0.0913565 0.995818 
vn 1.31702e-16 -0.184824 0.982772 
vn 1.1046e-16 -0.276646 0.960972 
vn 8.82335e-17 -0.366003 0.930614 
vn 6.52214e-17 -0.452101 0.891967 
vn 4.16284e-17 -0.534173 0.845375 
vn 1.76647e-17 -0.611486 0.791255 
vn -1.92764e-16 -0.999946 -0.0104368 
vn -2.09509e-16 -0.993181 -0.116582 
vn -1.73838e-16 -0.995398 0.0958264 
vn -1.92764e-16 -0.999946 -0.0104368 
vn -1.52945e-16 -0.97959 0.201006 
vn -1.73838e-16 -0.995398 0.0958264 
vn -1.30323e-16 -0.9527 0.303911 
vn -1.52945e-16 -0.97959 0.201006 
vn -1.06225e-16 -0.915033 0.403378 
vn -1.30323e-16 -0.9527 0.303911 
vn -8.09268e-17 -0.867015 0.498282 
vn -1.06225e-16 -0.915033 0.403378 
vn -5.47125e-17 -0.809188 0.587549 
vn -8.09268e-17 -0.867015 0.498282 
vn -2.78794e-17 -0.742208 0.67017 
vn -5.47125e-17 -0.809188 0.587549 
vn -7.30815e-19 -0.666831 0.745209 
vn -2.78794e-17 -0.742208 0.67017 
vn 2.6426e-17 -0.58391 0.811818 
vn -7.30815e-19 -0.666831 0.745209 
vn 5.32839e-17 -0.494385 0.869243 
vn 2.6426e-17 -0.58391 0.811818 
vn 7.9539e-17 -0.399266 0.916835 
vn 5.32839e-17 -0.494385 0.869243 
vn 1.04894e-16 -0.299631 0.954055 
vn 7.9539e-17 -0.399266 0.916835 
vn 1.29063e-16 -0.196606 0.980483 
vn 1.04894e-16 -0.299631 0.954055 
vn 1.51772e-16 -0.0913565 0.995818 
vn 1.29063e-16 -0.196606 0.980483 
vn 1.51772e-16 -0.0913565 0.995818 
vn 1.31702e-16 -0.184824 0.982772 
vn 1.1046e-16 -0.276646 0.960972 
vn 8.82335e-17 -0.366003 0.930614 
vn 6.52214e-17 -0.452101 0.891967 
vn 4.16284e-17 -0.534173 0.845375 
vn 1.76647e-17 -0.611486 0.791255 
vn -1 1.91001e-16 1.69931e-16 
vn 1 -1.88347e-16 -1.80937e-16 
vn 0.707055 0.441955 -0.552041 
vn 0.706681 0.45958 -0.537948 
vn 0.69775 0.481902 -0.530014 
vn 0.707107 0.432386 -0.559502 
vn 0.701573 0.46318 -0.541534 
vn 0.705171 0.48971 -0.512755 
vn 0.690181 0.51426 -0.509105 
vn 0.688853 0.549099 -0.473256 
vn 0.676065 0.563726 -0.474498 
vn 0.700669 0.534976 -0.472084 
vn 0.672758 0.608287 -0.421169 
vn 0.653258 0.626171 -0.425633 
vn 0.651235 0.666043 -0.363703 
vn 0.624215 0.687731 -0.370651 
vn 0.690921 0.590814 -0.416612 
vn 0.629999 0.71013 -0.314351 
vn 0.596337 0.735048 -0.322624 
vn 0.676292 0.644582 -0.356571 
vn 0.613894 0.738031 -0.280077 
vn 0.5755 0.765082 -0.288877 
vn 0.661013 0.685205 -0.305869 
vn 0.591688 0.770835 -0.236048 
vn 0.54706 0.800406 -0.245103 
vn 0.649108 0.710759 -0.271074 
vn 0.632396 0.740695 -0.226818 
vn 0.703473 0.453078 -0.547582 
vn 0.707099 0.314576 -0.633287 
vn -0.707099 0.314576 -0.633287 
vn -1.53464e-16 0.0831346 -0.996538 
vn -1.34058e-16 0.174214 -0.984708 
vn -1.13521e-16 0.263823 -0.964571 
vn -9.20256e-17 0.351207 -0.936298 
vn -6.97596e-17 0.435609 -0.900136 
vn -6.97597e-17 0.435609 -0.900136 
vn -6.9765e-17 0.43559 -0.900145 
vn -1.53464e-16 0.0831346 -0.996538 
vn 1.46505e-16 -0.116582 0.993181 
vn -1 1.88347e-16 1.80937e-16 
vn -1.13521e-16 0.263823 -0.964571 
vn -9.20256e-17 0.351207 -0.936298 
vn -1.34058e-16 0.174214 -0.984708 
vn -1.13521e-16 0.263823 -0.964571 
vn -1.53464e-16 0.0831346 -0.996538 
vn -1.34058e-16 0.174214 -0.984708 
vn -6.97597e-17 0.435609 -0.900136 
vn -1.53464e-16 0.0831346 -0.996538 
vn -2.09509e-16 -0.993181 -0.116582 
vn 2.09509e-16 0.993181 0.116582 
vn 1.46505e-16 -0.116582 0.993181 
vn 8.71796e-18 -0.679578 0.733603 
vn 2.94741e-17 -0.606969 0.794725 
vn 5.39434e-17 -0.528894 0.848688 
vn 7.79268e-17 -0.446054 0.895006 
vn 1.44835e-16 -0.176584 0.984286 
vn 1.64749e-16 -0.082476 0.996593 
vn 1.2363e-16 -0.269102 0.963112 
vn 1.01242e-16 -0.359196 0.933262 
vn 1.47389e-16 -0.176584 0.984286 
vn 1.67455e-16 -0.082476 0.996593 
vn 1.2612e-16 -0.269102 0.963112 
vn 1.0384e-16 -0.359196 0.933262 
vn 7.79268e-17 -0.446054 0.895006 
vn 8.361e-17 -0.435628 0.900127 
vn 1.67455e-16 -0.082476 0.996593 
vn 1 -1.91001e-16 -1.69931e-16 
vn -9.20256e-17 0.351207 -0.936298 
vn -6.9765e-17 0.43559 -0.900145 
vn -6.97596e-17 0.435609 -0.900136 
vn -1.13521e-16 0.263823 -0.964571 
vn -1.34058e-16 0.174214 -0.984708 
vn -1.53464e-16 0.0831346 -0.996538 
vn -6.97597e-17 0.435609 -0.900136 
vn 0.108119 -0.987359 -0.115899 
vn 1.92516e-14 -0.993181 -0.116582 
vn 0.21497 -0.969961 -0.113856 
vn 0.108119 -0.987359 -0.115899 
vn 0.319302 -0.941191 -0.110479 
vn 0.21497 -0.969961 -0.113856 
vn 0.419889 -0.901387 -0.105807 
vn 0.319302 -0.941191 -0.110479 
vn 0.515554 -0.851014 -0.099894 
vn 0.419889 -0.901387 -0.105807 
vn 0.605174 -0.790665 -0.09281 
vn 0.515554 -0.851014 -0.099894 
vn 0.687699 -0.721045 -0.0846379 
vn 0.605174 -0.790665 -0.09281 
vn 0.762162 -0.642972 -0.0754735 
vn 0.687699 -0.721045 -0.0846379 
vn 0.827689 -0.55736 -0.0654243 
vn 0.762162 -0.642972 -0.0754735 
vn 0.883512 -0.465214 -0.054608 
vn 0.827689 -0.55736 -0.0654243 
vn 0.928977 -0.367614 -0.0431514 
vn 0.883512 -0.465214 -0.054608 
vn 0.96355 -0.265704 -0.031189 
vn 0.928977 -0.367614 -0.0431514 
vn 0.986827 -0.160679 -0.0188609 
vn 0.96355 -0.265704 -0.031189 
vn 0.998533 -0.0537697 -0.00631162 
vn 0.986827 -0.160679 -0.0188609 
vn 0.998533 0.0537697 0.00631162 
vn 0.998533 -0.0537697 -0.00631162 
vn 0.986827 0.160679 0.0188609 
vn 0.998533 0.0537697 0.00631162 
vn 0.96355 0.265704 0.031189 
vn 0.986827 0.160679 0.0188609 
vn 0.928977 0.367614 0.0431514 
vn 0.96355 0.265704 0.031189 
vn 0.883512 0.465214 0.054608 
vn 0.928977 0.367614 0.0431514 
vn 0.827689 0.55736 0.0654243 
vn 0.883512 0.465214 0.054608 
vn 0.762162 0.642972 0.0754735 
vn 0.827689 0.55736 0.0654243 
vn 0.687699 0.721045 0.0846379 
vn 0.762162 0.642972 0.0754735 
vn 0.605174 0.790665 0.09281 
vn 0.687699 0.721045 0.0846379 
vn 0.515554 0.851014 0.099894 
vn 0.605174 0.790665 0.09281 
vn 0.419889 0.901387 0.105807 
vn 0.515554 0.851014 0.099894 
vn 0.319302 0.941191 0.110479 
vn 0.419889 0.901387 0.105807 
vn 0.21497 0.969961 0.113856 
vn 0.319302 0.941191 0.110479 
vn 0.108119 0.987359 0.115899 
vn 0.21497 0.969961 0.113856 
vn 7.8054e-14 0.993181 0.116582 
vn 0.108119 0.987359 0.115899 
vn -2.09509e-16 -0.993181 -0.116582 
vn 2.09509e-16 0.993181 0.116582 
vn -1.46505e-16 0.116582 -0.993181 
vn 2.09509e-16 0.993181 0.116582 
vn -2.09509e-16 -0.993181 -0.116582 
vn -0.108119 -0.987359 -0.115899 
vn -0.21497 -0.969961 -0.113856 
vn -0.319302 -0.941191 -0.110479 
vn -0.419889 -0.901387 -0.105807 
vn -0.515554 -0.851014 -0.099894 
vn -0.605174 -0.790665 -0.09281 
vn -0.687699 -0.721045 -0.0846379 
vn -0.762162 -0.642972 -0.0754735 
vn -0.827689 -0.55736 -0.0654243 
vn -0.883512 -0.465214 -0.054608 
vn -0.928977 -0.367614 -0.0431514 
vn -0.96355 -0.265704 -0.031189 
vn -0.986827 -0.160679 -0.0188609 
vn -0.998533 -0.0537697 -0.00631162 
vn -0.998533 0.0537697 0.00631162 
vn -0.986827 0.160679 0.0188609 
vn -0.96355 0.265704 0.031189 
vn -0.928977 0.367614 0.0431514 
vn -0.883512 0.465214 0.054608 
vn -0.827689 0.55736 0.0654243 
vn -0.762162 0.642972 0.0754735 
vn -0.687699 0.721045 0.0846379 
vn -0.605174 0.790665 0.09281 
vn -0.515554 0.851014 0.099894 
vn -0.419889 0.901387 0.105807 
vn -0.319302 0.941191 0.110479 
vn -0.21497 0.969961 0.113856 
vn -0.108119 0.987359 0.115899 
vn 2.09509e-16 0.993181 0.116582 
vn 1.46505e-16 -0.116582 0.993181 
vn -0.108119 0.987359 0.115899 
vn -9.71026e-14 0.993181 0.116582 
vn -0.21497 0.969961 0.113856 
vn -0.108119 0.987359 0.115899 
vn -0.319302 0.941191 0.110479 
vn -0.21497 0.969961 0.113856 
vn -0.419889 0.901387 0.105807 
vn -0.319302 0.941191 0.110479 
vn -0.515554 0.851014 0.099894 
vn -0.419889 0.901387 0.105807 
vn -0.605174 0.790665 0.09281 
vn -0.515554 0.851014 0.099894 
vn -0.687699 0.721045 0.0846379 
vn -0.605174 0.790665 0.09281 
vn -0.762162 0.642972 0.0754735 
vn -0.687699 0.721045 0.0846379 
vn -0.827689 0.55736 0.0654243 
vn -0.762162 0.642972 0.0754735 
vn -0.883512 0.465214 0.054608 
vn -0.827689 0.55736 0.0654243 
vn -0.928977 0.367614 0.0431514 
vn -0.883512 0.465214 0.054608 
vn -0.96355 0.265704 0.031189 
vn -0.928977 0.367614 0.0431514 
vn -0.986827 0.160679 0.0188609 
vn -0.96355 0.265704 0.031189 
vn -0.998533 0.0537697 0.00631162 
vn -0.986827 0.160679 0.0188609 
vn -0.998533 -0.0537697 -0.00631162 
vn -0.998533 0.0537697 0.00631162 
vn -0.986827 -0.160679 -0.0188609 
vn -0.998533 -0.0537697 -0.00631162 
vn -0.96355 -0.265704 -0.031189 
vn -0.986827 -0.160679 -0.0188609 
vn -0.928977 -0.367614 -0.0431514 
vn -0.96355 -0.265704 -0.031189 
vn -0.883512 -0.465214 -0.054608 
vn -0.928977 -0.367614 -0.0431514 
vn -0.827689 -0.55736 -0.0654243 
vn -0.883512 -0.465214 -0.054608 
vn -0.762162 -0.642972 -0.0754735 
vn -0.827689 -0.55736 -0.0654243 
vn -0.687699 -0.721045 -0.0846379 
vn -0.762162 -0.642972 -0.0754735 
vn -0.605174 -0.790665 -0.09281 
vn -0.687699 -0.721045 -0.0846379 
vn -0.515554 -0.851014 -0.099894 
vn -0.605174 -0.790665 -0.09281 
vn -0.419889 -0.901387 -0.105807 
vn -0.515554 -0.851014 -0.099894 
vn -0.319302 -0.941191 -0.110479 
vn -0.419889 -0.901387 -0.105807 
vn -0.21497 -0.969961 -0.113856 
vn -0.319302 -0.941191 -0.110479 
vn -0.108119 -0.987359 -0.115899 
vn -0.21497 -0.969961 -0.113856 
vn -1.96771e-14 -0.993181 -0.116582 
vn -0.108119 -0.987359 -0.115899 
vn 2.09509e-16 0.993181 0.116582 
vn -2.09509e-16 -0.993181 -0.116582 
vn -1.46505e-16 0.116582 -0.993181 
vn 2.09509e-16 0.993181 0.116582 
vn -2.09509e-16 -0.993181 -0.116582 
vn 0.108119 0.987359 0.115899 
vn 0.21497 0.969961 0.113856 
vn 0.319302 0.941191 0.110479 
vn 0.419889 0.901387 0.105807 
vn 0.515554 0.851014 0.099894 
vn 0.605174 0.790665 0.09281 
vn 0.687699 0.721045 0.0846379 
vn 0.762162 0.642972 0.0754735 
vn 0.827689 0.55736 0.0654243 
vn 0.883512 0.465214 0.054608 
vn 0.928977 0.367614 0.0431514 
vn 0.96355 0.265704 0.031189 
vn 0.986827 0.160679 0.0188609 
vn 0.998533 0.0537697 0.00631162 
vn 0.998533 -0.0537697 -0.00631162 
vn 0.986827 -0.160679 -0.0188609 
vn 0.96355 -0.265704 -0.031189 
vn 0.928977 -0.367614 -0.0431514 
vn 0.883512 -0.465214 -0.054608 
vn 0.827689 -0.55736 -0.0654243 
vn 0.762162 -0.642972 -0.0754735 
vn 0.687699 -0.721045 -0.0846379 
vn 0.605174 -0.790665 -0.09281 
vn 0.515554 -0.851014 -0.099894 
vn 0.419889 -0.901387 -0.105807 
vn 0.319302 -0.941191 -0.110479 
vn 0.21497 -0.969961 -0.113856 
vn 0.108119 -0.987359 -0.115899 
vn -2.09509e-16 -0.993181 -0.116582 
vn 1.46505e-16 -0.116582 0.993181 
vn 1 -2.47781e-17 -6.74621e-17 
vn 6.95347e-17 0.0962878 0.995354 
vn 7.10911e-17 0.20334 0.979108 
vn 7.18142e-17 0.308008 0.951384 
vn 7.16954e-17 0.409065 0.912505 
vn 7.0736e-17 0.505327 0.862928 
vn 6.89473e-17 0.595663 0.803234 
vn 6.63503e-17 0.679016 0.734123 
vn 6.29753e-17 0.754409 0.656405 
vn 5.8862e-17 0.820956 0.570991 
vn 5.40587e-17 0.877879 0.478883 
vn 4.86215e-17 0.924509 0.381161 
vn 4.26143e-17 0.9603 0.278969 
vn 3.61075e-17 0.984833 0.173507 
vn 2.91773e-17 0.997819 0.066011 
vn 2.19051e-17 0.999107 -0.0422592 
vn 1.4376e-17 0.988681 -0.150034 
vn 6.67844e-18 0.966664 -0.25605 
vn -1.09744e-18 0.933313 -0.359063 
vn -8.86047e-18 0.88902 -0.457867 
vn -1.65196e-17 0.834305 -0.551303 
vn -2.39851e-17 0.769808 -0.638276 
vn -3.11693e-17 0.696285 -0.717765 
vn -3.79882e-17 0.6146 -0.788839 
vn -4.43616e-17 0.525708 -0.850665 
vn -5.0215e-17 0.430653 -0.902517 
vn -5.54796e-17 0.33055 -0.943789 
vn -6.00938e-17 0.226571 -0.973995 
vn -6.40034e-17 0.119935 -0.992782 
vn -6.71627e-17 0.0118933 -0.999929 
vn -6.95345e-17 -0.0962878 -0.995354 
vn 6.95345e-17 0.0962878 0.995354 
vn -7.10911e-17 -0.20334 -0.979108 
vn -7.18142e-17 -0.308008 -0.951384 
vn -7.16954e-17 -0.409065 -0.912505 
vn -7.0736e-17 -0.505327 -0.862928 
vn -6.89473e-17 -0.595663 -0.803234 
vn -6.63503e-17 -0.679016 -0.734123 
vn -6.29753e-17 -0.754409 -0.656405 
vn -5.8862e-17 -0.820956 -0.570991 
vn -5.40587e-17 -0.877879 -0.478883 
vn -4.86215e-17 -0.924509 -0.381161 
vn -4.26143e-17 -0.9603 -0.278969 
vn -3.61075e-17 -0.984833 -0.173507 
vn -2.91773e-17 -0.997819 -0.066011 
vn -2.19051e-17 -0.999107 0.0422592 
vn -1.4376e-17 -0.988681 0.150034 
vn -6.67844e-18 -0.966664 0.25605 
vn 1.09744e-18 -0.933313 0.359063 
vn 8.86047e-18 -0.88902 0.457867 
vn 1.65196e-17 -0.834305 0.551303 
vn 2.39851e-17 -0.769808 0.638276 
vn 3.11693e-17 -0.696285 0.717765 
vn 3.79882e-17 -0.6146 0.788839 
vn 4.43616e-17 -0.525708 0.850665 
vn 5.0215e-17 -0.430653 0.902517 
vn 5.54796e-17 -0.33055 0.943789 
vn 6.00938e-17 -0.226571 0.973995 
vn 6.40034e-17 -0.119935 0.992782 
vn 6.71627e-17 -0.0118933 0.999929 
vn 6.95345e-17 0.0962878 0.995354 
vn -6.95345e-17 -0.0962878 -0.995354 
vn -1 2.47781e-17 6.74621e-17 
vn -2.17996e-17 -0.99904 0.043798 
vn -2.90761e-17 -0.997919 -0.064474 
vn -3.60117e-17 -0.985099 -0.17199 
vn -4.25251e-17 -0.960729 -0.27749 
vn -4.85399e-17 -0.925095 -0.379736 
vn -5.39857e-17 -0.878615 -0.47753 
vn -5.87985e-17 -0.821835 -0.569726 
vn -6.29219e-17 -0.755419 -0.655242 
vn -6.63076e-17 -0.680146 -0.733076 
vn -6.8916e-17 -0.5969 -0.802316 
vn -7.07164e-17 -0.506655 -0.862149 
vn -7.16877e-17 -0.41047 -0.911874 
vn -7.18185e-17 -0.309473 -0.950908 
vn -7.11073e-17 -0.204848 -0.978794 
vn -6.95624e-17 -0.0978208 -0.995204 
vn -6.7202e-17 0.0103532 -0.999946 
vn -6.84829e-17 -0.043798 -0.99904 
vn -6.40537e-17 0.118406 -0.992965 
vn -6.01544e-17 0.22507 -0.974343 
vn -5.55499e-17 0.329096 -0.944297 
vn -5.02941e-17 0.429263 -0.90318 
vn -4.44487e-17 0.524397 -0.851474 
vn -3.80821e-17 0.613384 -0.789785 
vn -3.1269e-17 0.695179 -0.718837 
vn -2.40894e-17 0.768824 -0.639461 
vn -1.66273e-17 0.833455 -0.552588 
vn -8.97031e-18 0.888314 -0.459236 
vn -1.20813e-18 0.932759 -0.3605 
vn 6.56822e-18 0.966268 -0.257538 
vn 1.42676e-17 0.988449 -0.151557 
vn 2.17996e-17 0.99904 -0.043798 
vn 2.90761e-17 0.997919 0.064474 
vn 3.60117e-17 0.985099 0.17199 
vn 4.25251e-17 0.960729 0.27749 
vn 4.85399e-17 0.925095 0.379736 
vn 5.39857e-17 0.878615 0.47753 
vn 5.87985e-17 0.821835 0.569726 
vn 6.29219e-17 0.755419 0.655242 
vn 6.63076e-17 0.680146 0.733076 
vn 6.8916e-17 0.5969 0.802316 
vn 7.07164e-17 0.506655 0.862149 
vn 7.16877e-17 0.41047 0.911874 
vn 7.18185e-17 0.309473 0.950908 
vn 7.11073e-17 0.204848 0.978794 
vn 6.95624e-17 0.0978208 0.995204 
vn 6.7202e-17 -0.0103532 0.999946 
vn 6.40537e-17 -0.118406 0.992965 
vn 6.01544e-17 -0.22507 0.974343 
vn 5.55499e-17 -0.329096 0.944297 
vn 5.02941e-17 -0.429263 0.90318 
vn 4.44487e-17 -0.524397 0.851474 
vn 3.80821e-17 -0.613384 0.789785 
vn 3.1269e-17 -0.695179 0.718837 
vn 2.40894e-17 -0.768824 0.639461 
vn 1.66273e-17 -0.833455 0.552588 
vn 8.97031e-18 -0.888314 0.459236 
vn 1.20813e-18 -0.932759 0.3605 
vn -6.56822e-18 -0.966268 0.257538 
vn -1.42676e-17 -0.988449 0.151557 
vn -2.17996e-17 -0.99904 0.043798 
vn -2.90761e-17 -0.997919 -0.064474 
vn -3.60117e-17 -0.985099 -0.17199 
vn -4.25251e-17 -0.960729 -0.27749 
vn -4.85399e-17 -0.925095 -0.379736 
vn -5.39857e-17 -0.878615 -0.47753 
vn -5.87985e-17 -0.821835 -0.569726 
vn -6.29219e-17 -0.755419 -0.655242 
vn -6.63076e-17 -0.680146 -0.733076 
vn -6.8916e-17 -0.5969 -0.802316 
vn -7.07164e-17 -0.506655 -0.862149 
vn -7.16877e-17 -0.41047 -0.911874 
vn -7.18185e-17 -0.309473 -0.950908 
vn -7.11073e-17 -0.204848 -0.978794 
vn -6.95624e-17 -0.0978208 -0.995204 
vn -6.7202e-17 0.0103532 -0.999946 
vn -6.84829e-17 -0.043798 -0.99904 
vn -6.40537e-17 0.118406 -0.992965 
vn -6.01544e-17 0.22507 -0.974343 
vn -5.55499e-17 0.329096 -0.944297 
vn -5.02941e-17 0.429263 -0.90318 
vn -4.44487e-17 0.524397 -0.851474 
vn -3.80821e-17 0.613384 -0.789785 
vn -3.1269e-17 0.695179 -0.718837 
vn -2.40894e-17 0.768824 -0.639461 
vn -1.66273e-17 0.833455 -0.552588 
vn -8.97031e-18 0.888314 -0.459236 
vn -1.20813e-18 0.932759 -0.3605 
vn 6.56822e-18 0.966268 -0.257538 
vn 1.42676e-17 0.988449 -0.151557 
vn 2.17996e-17 0.99904 -0.043798 
vn 2.90761e-17 0.997919 0.064474 
vn 3.60117e-17 0.985099 0.17199 
vn 4.25251e-17 0.960729 0.27749 
vn 4.85399e-17 0.925095 0.379736 
vn 5.39857e-17 0.878615 0.47753 
vn 5.87985e-17 0.821835 0.569726 
vn 6.29219e-17 0.755419 0.655242 
vn 6.63076e-17 0.680146 0.733076 
vn 6.8916e-17 0.5969 0.802316 
vn 7.07164e-17 0.506655 0.862149 
vn 7.16877e-17 0.41047 0.911874 
vn 7.18185e-17 0.309473 0.950908 
vn 7.11073e-17 0.204848 0.978794 
vn 6.95624e-17 0.0978208 0.995204 
vn 6.7202e-17 -0.0103532 0.999946 
vn 6.40537e-17 -0.118406 0.992965 
vn 6.01544e-17 -0.22507 0.974343 
vn 5.55499e-17 -0.329096 0.944297 
vn 5.02941e-17 -0.429263 0.90318 
vn 4.44487e-17 -0.524397 0.851474 
vn 3.80821e-17 -0.613384 0.789785 
vn 3.1269e-17 -0.695179 0.718837 
vn 2.40894e-17 -0.768824 0.639461 
vn 1.66273e-17 -0.833455 0.552588 
vn 8.97031e-18 -0.888314 0.459236 
vn 1.20813e-18 -0.932759 0.3605 
vn -6.56822e-18 -0.966268 0.257538 
vn -1.42676e-17 -0.988449 0.151557 
vn 1 -2.47777e-17 -6.74624e-17 
vn 6.95347e-17 0.0962878 0.995354 
vn 7.10911e-17 0.20334 0.979108 
vn 7.18142e-17 0.308008 0.951384 
vn 7.16954e-17 0.409065 0.912505 
vn 7.0736e-17 0.505327 0.862928 
vn 6.89473e-17 0.595663 0.803234 
vn 6.63503e-17 0.679016 0.734123 
vn 6.29753e-17 0.754409 0.656405 
vn 5.8862e-17 0.820956 0.570991 
vn 5.40587e-17 0.877879 0.478883 
vn 4.86215e-17 0.924509 0.381161 
vn 4.26143e-17 0.9603 0.278969 
vn 3.61075e-17 0.984833 0.173507 
vn 2.91773e-17 0.997819 0.066011 
vn 2.19051e-17 0.999107 -0.0422592 
vn 1.4376e-17 0.988681 -0.150034 
vn 6.67844e-18 0.966664 -0.25605 
vn -1.09744e-18 0.933313 -0.359063 
vn -8.86047e-18 0.88902 -0.457867 
vn -1.65196e-17 0.834305 -0.551303 
vn -2.39851e-17 0.769808 -0.638276 
vn -3.11693e-17 0.696285 -0.717765 
vn -3.79882e-17 0.6146 -0.788839 
vn -4.43616e-17 0.525708 -0.850665 
vn -5.0215e-17 0.430653 -0.902517 
vn -5.54796e-17 0.33055 -0.943789 
vn -6.00938e-17 0.226571 -0.973995 
vn -6.40034e-17 0.119935 -0.992782 
vn -6.71627e-17 0.0118933 -0.999929 
vn -6.95347e-17 -0.0962878 -0.995354 
vn -7.10911e-17 -0.20334 -0.979108 
vn -7.18142e-17 -0.308008 -0.951384 
vn -7.16954e-17 -0.409065 -0.912505 
vn -7.0736e-17 -0.505327 -0.862928 
vn -6.89473e-17 -0.595663 -0.803234 
vn -6.63503e-17 -0.679016 -0.734123 
vn -6.29753e-17 -0.754409 -0.656405 
vn -5.8862e-17 -0.820956 -0.570991 
vn -5.40587e-17 -0.877879 -0.478883 
vn -4.86215e-17 -0.924509 -0.381161 
vn -4.26143e-17 -0.9603 -0.278969 
vn -3.61075e-17 -0.984833 -0.173507 
vn -2.91773e-17 -0.997819 -0.066011 
vn -2.19051e-17 -0.999107 0.0422592 
vn -1.4376e-17 -0.988681 0.150034 
vn -6.67844e-18 -0.966664 0.25605 
vn 1.09744e-18 -0.933313 0.359063 
vn 8.86047e-18 -0.88902 0.457867 
vn 1.65196e-17 -0.834305 0.551303 
vn 2.39851e-17 -0.769808 0.638276 
vn 3.11693e-17 -0.696285 0.717765 
vn 3.79882e-17 -0.6146 0.788839 
vn 4.43616e-17 -0.525708 0.850665 
vn 5.0215e-17 -0.430653 0.902517 
vn 5.54796e-17 -0.33055 0.943789 
vn 6.00938e-17 -0.226571 0.973995 
vn 6.40034e-17 -0.119935 0.992782 
vn 6.71627e-17 -0.0118933 0.999929 
vn 6.95347e-17 0.0962878 0.995354 
vn -1 2.47777e-17 6.74624e-17 
vn -1 2.47777e-17 6.74624e-17 
vn -1 2.47777e-17 6.74624e-17 
vn -1.64338e-17 -1 0 
vn -1.24646e-17 -0.994138 0.108119 
vn -8.34919e-18 -0.976621 0.21497 
vn -4.13594e-18 -0.947653 0.319302 
vn 1.258e-19 -0.907575 0.419889 
vn 4.38607e-18 -0.856857 0.515554 
vn 8.59491e-18 -0.796093 0.605174 
vn 1.2703e-17 -0.725995 0.687699 
vn 1.66621e-17 -0.647386 0.762162 
vn 2.04259e-17 -0.561187 0.827689 
vn 2.39503e-17 -0.468408 0.883512 
vn 2.71938e-17 -0.370138 0.928977 
vn 3.01185e-17 -0.267528 0.96355 
vn 3.26901e-17 -0.161782 0.986827 
vn 3.48784e-17 -0.0541389 0.998533 
vn 3.66578e-17 0.0541389 0.998533 
vn 3.80075e-17 0.161782 0.986827 
vn 3.89115e-17 0.267528 0.96355 
vn 3.93593e-17 0.370138 0.928977 
vn 3.93457e-17 0.468408 0.883512 
vn 3.88708e-17 0.561187 0.827689 
vn 3.79402e-17 0.647386 0.762162 
vn 3.65647e-17 0.725995 0.687699 
vn 3.47606e-17 0.796093 0.605174 
vn 3.25489e-17 0.856857 0.515554 
vn 2.99556e-17 0.907575 0.419889 
vn 2.70111e-17 0.947653 0.319302 
vn 2.375e-17 0.976621 0.21497 
vn 2.02103e-17 0.994138 0.108119 
vn 1.64338e-17 1 0 
vn 1.24646e-17 0.994138 -0.108119 
vn 8.34919e-18 0.976621 -0.21497 
vn 4.13594e-18 0.947653 -0.319302 
vn -1.258e-19 0.907575 -0.419889 
vn -4.38607e-18 0.856857 -0.515554 
vn -8.59491e-18 0.796093 -0.605174 
vn -1.2703e-17 0.725995 -0.687699 
vn -1.66621e-17 0.647386 -0.762162 
vn -2.04259e-17 0.561187 -0.827689 
vn -2.39503e-17 0.468408 -0.883512 
vn -2.71938e-17 0.370138 -0.928977 
vn -3.01185e-17 0.267528 -0.96355 
vn -3.26901e-17 0.161782 -0.986827 
vn -3.48784e-17 0.0541389 -0.998533 
vn -3.66578e-17 -0.0541389 -0.998533 
vn -3.80075e-17 -0.161782 -0.986827 
vn -3.89115e-17 -0.267528 -0.96355 
vn -3.93593e-17 -0.370138 -0.928977 
vn -3.93457e-17 -0.468408 -0.883512 
vn -3.88708e-17 -0.561187 -0.827689 
vn -3.79402e-17 -0.647386 -0.762162 
vn -3.65647e-17 -0.725995 -0.687699 
vn -3.47606e-17 -0.796093 -0.605174 
vn -3.25489e-17 -0.856857 -0.515554 
vn -2.99556e-17 -0.907575 -0.419889 
vn -2.70111e-17 -0.947653 -0.319302 
vn -2.375e-17 -0.976621 -0.21497 
vn -2.02103e-17 -0.994138 -0.108119 
vn -1 1.64338e-17 3.58207e-17 
vn 3.27515e-17 -0.159024 0.987275 
vn 3.48543e-17 -0.0554487 0.998462 
vn 3.02931e-17 -0.260874 0.965373 
vn 3.27515e-17 -0.159024 0.987275 
vn 2.7506e-17 -0.359893 0.932994 
vn 3.02931e-17 -0.260874 0.965373 
vn 2.44204e-17 -0.455005 0.890489 
vn 2.7506e-17 -0.359893 0.932994 
vn 2.10698e-17 -0.54518 0.838319 
vn 2.44204e-17 -0.455005 0.890489 
vn 1.74904e-17 -0.629437 0.777051 
vn 2.10698e-17 -0.54518 0.838319 
vn 1.37213e-17 -0.706863 0.70735 
vn 1.74904e-17 -0.629437 0.777051 
vn 9.80323e-18 -0.776618 0.629972 
vn 1.37213e-17 -0.706863 0.70735 
vn 5.77876e-18 -0.837944 0.545756 
vn 9.80323e-18 -0.776618 0.629972 
vn 1.69158e-18 -0.890175 0.455618 
vn 5.77876e-18 -0.837944 0.545756 
vn -2.41396e-18 -0.932746 0.360535 
vn 1.69158e-18 -0.890175 0.455618 
vn -6.4933e-18 -0.965193 0.261538 
vn -2.41396e-18 -0.932746 0.360535 
vn -1.64338e-17 -1 0 
vn -1.24646e-17 -0.994138 0.108119 
vn -8.34919e-18 -0.976621 0.21497 
vn -4.13594e-18 -0.947653 0.319302 
vn 1.258e-19 -0.907575 0.419889 
vn 4.38607e-18 -0.856857 0.515554 
vn 8.59491e-18 -0.796093 0.605174 
vn 1.2703e-17 -0.725995 0.687699 
vn 1.66621e-17 -0.647386 0.762162 
vn 2.04259e-17 -0.561187 0.827689 
vn 2.39503e-17 -0.468408 0.883512 
vn 2.71938e-17 -0.370138 0.928977 
vn 3.01185e-17 -0.267528 0.96355 
vn 3.26901e-17 -0.161782 0.986827 
vn 3.48784e-17 -0.0541389 0.998533 
vn 3.66578e-17 0.0541389 0.998533 
vn 3.80075e-17 0.161782 0.986827 
vn 3.89115e-17 0.267528 0.96355 
vn 3.93593e-17 0.370138 0.928977 
vn 3.93457e-17 0.468408 0.883512 
vn 3.88708e-17 0.561187 0.827689 
vn 3.79402e-17 0.647386 0.762162 
vn 3.65647e-17 0.725995 0.687699 
vn 3.47606e-17 0.796093 0.605174 
vn 3.25489e-17 0.856857 0.515554 
vn 2.99556e-17 0.907575 0.419889 
vn 2.70111e-17 0.947653 0.319302 
vn 2.375e-17 0.976621 0.21497 
vn 2.02103e-17 0.994138 0.108119 
vn 1.64338e-17 1 0 
vn 1.24646e-17 0.994138 -0.108119 
vn 8.34919e-18 0.976621 -0.21497 
vn 4.13594e-18 0.947653 -0.319302 
vn -1.258e-19 0.907575 -0.419889 
vn -4.38607e-18 0.856857 -0.515554 
vn -8.59491e-18 0.796093 -0.605174 
vn -1.2703e-17 0.725995 -0.687699 
vn -1.66621e-17 0.647386 -0.762162 
vn -2.04259e-17 0.561187 -0.827689 
vn -2.39503e-17 0.468408 -0.883512 
vn -2.71938e-17 0.370138 -0.928977 
vn -3.01185e-17 0.267528 -0.96355 
vn -3.26901e-17 0.161782 -0.986827 
vn -3.48784e-17 0.0541389 -0.998533 
vn -3.66578e-17 -0.0541389 -0.998533 
vn -3.80075e-17 -0.161782 -0.986827 
vn -3.89115e-17 -0.267528 -0.96355 
vn -3.93593e-17 -0.370138 -0.928977 
vn -3.93457e-17 -0.468408 -0.883512 
vn -3.88708e-17 -0.561187 -0.827689 
vn -3.79402e-17 -0.647386 -0.762162 
vn -3.65647e-17 -0.725995 -0.687699 
vn -3.47606e-17 -0.796093 -0.605174 
vn -3.25489e-17 -0.856857 -0.515554 
vn -2.99556e-17 -0.907575 -0.419889 
vn -2.70111e-17 -0.947653 -0.319302 
vn -2.375e-17 -0.976621 -0.21497 
vn -2.02103e-17 -0.994138 -0.108119 
vn -2.63309e-17 -0.954879 -0.296997 
vn -2.30358e-17 -0.981213 -0.192926 
vn -1.94752e-17 -0.99624 -0.0866312 
vn -1.56902e-17 -0.999787 0.0206615 
vn -1.17243e-17 -0.991811 0.127716 
vn -7.62339e-18 -0.972405 0.233299 
vn -3.43458e-18 -0.941793 0.336193 
vn 7.93809e-19 -0.900328 0.435213 
vn 5.01305e-18 -0.848487 0.529217 
vn 9.17452e-18 -0.786867 0.617122 
vn 1.32303e-17 -0.71618 0.697916 
vn 1.71335e-17 -0.637239 0.770666 
vn 2.08393e-17 -0.550954 0.834535 
vn 2.4305e-17 -0.45832 0.888787 
vn 2.74906e-17 -0.360405 0.932796 
vn 3.03593e-17 -0.258335 0.966055 
vn 3.28782e-17 -0.153289 0.988181 
vn 3.50182e-17 -0.0464762 0.998919 
vn 3.67546e-17 0.0608723 0.998146 
vn 3.80674e-17 0.167519 0.985869 
vn 3.89416e-17 0.272236 0.962231 
vn 3.9367e-17 0.373815 0.927503 
vn 3.93387e-17 0.471086 0.882087 
vn 3.8857e-17 0.562928 0.826506 
vn 3.79276e-17 0.648283 0.761399 
vn 3.6561e-17 0.726167 0.687518 
vn 3.47732e-17 0.795682 0.605714 
vn 3.25845e-17 0.856028 0.51693 
vn 3.00204e-17 0.906508 0.422188 
vn 2.71103e-17 0.946542 0.322581 
vn -3.58207e-17 5.88669e-34 -1 
vn -3.73876e-17 -0.108131 -0.994137 
vn -3.85162e-17 -0.214994 -0.976615 
vn -3.9193e-17 -0.319336 -0.947641 
vn -3.94103e-17 -0.419933 -0.907555 
vn -3.91654e-17 -0.515606 -0.856826 
vn -3.84613e-17 -0.605233 -0.796049 
vn -3.73061e-17 -0.687762 -0.725937 
vn -3.57134e-17 -0.762225 -0.647312 
vn -3.37019e-17 -0.827751 -0.561096 
vn -3.12952e-17 -0.883569 -0.468301 
vn -2.85215e-17 -0.929026 -0.370013 
vn -2.54134e-17 -0.963589 -0.267387 
vn -2.20072e-17 -0.986852 -0.161625 
vn -1.8343e-17 -0.998543 -0.0539682 
vn -1.44637e-17 -0.998523 0.0543218 
vn -1.04147e-17 -0.986795 0.161975 
vn -6.24366e-18 -0.963494 0.267728 
vn -1.99937e-18 -0.928895 0.370342 
vn 2.26837e-18 -0.883403 0.468613 
vn 6.50951e-18 -0.827552 0.561389 
vn 1.06743e-17 -0.761996 0.647582 
vn 1.47139e-17 -0.687504 0.72618 
vn 1.8581e-17 -0.604951 0.796263 
vn 2.22302e-17 -0.515303 0.857008 
vn 2.56187e-17 -0.419612 0.907704 
vn 2.87068e-17 -0.319001 0.947754 
vn 3.14582e-17 -0.214648 0.976691 
vn 3.38408e-17 -0.107779 0.994175 
vn 3.58265e-17 0.000354064 1 
vn 3.7392e-17 0.108483 0.994098 
vn 3.85191e-17 0.21534 0.976539 
vn 3.744e-17 0.112333 0.993671 
vn 3.59526e-17 0.00810175 0.999967 
vn 3.40732e-17 -0.0962182 0.99536 
vn 3.18223e-17 -0.199489 0.9799 
vn 2.92244e-17 -0.300585 0.953755 
vn 2.63078e-17 -0.398403 0.917211 
vn 2.31044e-17 -0.491876 0.870665 
vn 1.9649e-17 -0.579987 0.814626 
vn 1.59794e-17 -0.661774 0.749704 
vn 1.21356e-17 -0.736344 0.676607 
vn 8.15943e-18 -0.802886 0.596133 
vn 4.09429e-18 -0.860673 0.509159 
vn -1.54909e-20 -0.909075 0.416633 
vn -4.1251e-18 -0.947565 0.319564 
vn -8.18974e-18 -0.975723 0.21901 
vn -1.21651e-17 -0.993241 0.116068 
vn -1.60078e-17 -0.99993 0.0118613 
vn -1.96759e-17 -0.995715 -0.0924752 
vn -2.31295e-17 -0.980643 -0.195803 
vn -2.63309e-17 -0.954879 -0.296997 
vn 2.99213e-17 0.908137 0.418673 
vn 2.71103e-17 0.946542 0.322581 
vn 3.24118e-17 0.860008 0.510281 
vn 2.99213e-17 0.908137 0.418673 
vn 3.45552e-17 0.802669 0.596425 
vn 3.24118e-17 0.860008 0.510281 
vn 3.63286e-17 0.736734 0.676182 
vn 3.45552e-17 0.802669 0.596425 
vn 3.7713e-17 0.66291 0.748699 
vn 3.63286e-17 0.736734 0.676182 
vn 3.86935e-17 0.581988 0.813198 
vn 3.7713e-17 0.66291 0.748699 
vn 3.92597e-17 0.494833 0.868988 
vn 3.86935e-17 0.581988 0.813198 
vn 3.94055e-17 0.402379 0.915473 
vn 3.92597e-17 0.494833 0.868988 
vn 3.91292e-17 0.305616 0.952155 
vn 3.94055e-17 0.402379 0.915473 
vn 3.8434e-17 0.205581 0.97864 
vn 3.91292e-17 0.305616 0.952155 
vn 3.73272e-17 0.103344 0.994646 
vn 3.8434e-17 0.205581 0.97864 
vn 3.58207e-17 -5.88669e-34 1 
vn 3.73272e-17 0.103344 0.994646 
vn 6.4933e-18 0.965193 -0.261538 
vn -3.58207e-17 5.88669e-34 -1 
vn -3.73876e-17 -0.108131 -0.994137 
vn -3.85162e-17 -0.214994 -0.976615 
vn -3.9193e-17 -0.319336 -0.947641 
vn -3.94103e-17 -0.419933 -0.907555 
vn -3.91654e-17 -0.515606 -0.856826 
vn -3.84613e-17 -0.605233 -0.796049 
vn -3.73061e-17 -0.687762 -0.725937 
vn -3.57134e-17 -0.762225 -0.647312 
vn -3.37019e-17 -0.827751 -0.561096 
vn -3.12952e-17 -0.883569 -0.468301 
vn -2.85215e-17 -0.929026 -0.370013 
vn -2.54134e-17 -0.963589 -0.267387 
vn -2.20072e-17 -0.986852 -0.161625 
vn -1.8343e-17 -0.998543 -0.0539682 
vn -1.44637e-17 -0.998523 0.0543218 
vn -1.04147e-17 -0.986795 0.161975 
vn -6.24366e-18 -0.963494 0.267728 
vn -1.99937e-18 -0.928895 0.370342 
vn 2.26837e-18 -0.883403 0.468613 
vn 6.50951e-18 -0.827552 0.561389 
vn 1.06743e-17 -0.761996 0.647582 
vn 1.47139e-17 -0.687504 0.72618 
vn 1.8581e-17 -0.604951 0.796263 
vn 2.22302e-17 -0.515303 0.857008 
vn 2.56187e-17 -0.419612 0.907704 
vn 2.87068e-17 -0.319001 0.947754 
vn 3.14582e-17 -0.214648 0.976691 
vn 3.38408e-17 -0.107779 0.994175 
vn 3.58265e-17 0.000354064 1 
vn 3.7392e-17 0.108483 0.994098 
vn 3.85191e-17 0.21534 0.976539 
vn -0.997416 0.0718362 3.57281e-17 
vn -0.986735 0.162338 3.53455e-17 
vn -0.967859 0.251492 3.46694e-17 
vn -0.940946 0.338557 3.37053e-17 
vn -0.906218 0.42281 3.24613e-17 
vn -0.999984 0.00559882 3.58201e-17 
vn -0.876216 0.481919 3.13866e-17 
vn -1 1.64338e-17 3.58207e-17 
vn -0.994138 -0.108119 3.56107e-17 
vn -0.976621 -0.21497 3.49832e-17 
vn -0.947653 -0.319302 3.39456e-17 
vn -0.907575 -0.419889 3.251e-17 
vn -0.856857 -0.515554 3.06932e-17 
vn -0.796093 -0.605174 2.85166e-17 
vn -0.725995 -0.687699 2.60056e-17 
vn -0.647386 -0.762162 2.31898e-17 
vn -0.561187 -0.827689 2.01021e-17 
vn -0.468408 -0.883512 1.67787e-17 
vn -0.370138 -0.928977 1.32586e-17 
vn -0.267528 -0.96355 9.58304e-18 
vn -0.161782 -0.986827 5.79514e-18 
vn -0.0541389 -0.998533 1.93929e-18 
vn 0.0541389 -0.998533 -1.93929e-18 
vn 0.161782 -0.986827 -5.79514e-18 
vn 0.267528 -0.96355 -9.58304e-18 
vn 0.370138 -0.928977 -1.32586e-17 
vn 0.468408 -0.883512 -1.67787e-17 
vn 0.561187 -0.827689 -2.01021e-17 
vn 0.647386 -0.762162 -2.31898e-17 
vn 0.725995 -0.687699 -2.60056e-17 
vn 0.796093 -0.605174 -2.85166e-17 
vn 0.856857 -0.515554 -3.06932e-17 
vn 0.907575 -0.419889 -3.251e-17 
vn 0.947653 -0.319302 -3.39456e-17 
vn 0.976621 -0.21497 -3.49832e-17 
vn 0.994138 -0.108119 -3.56107e-17 
vn 1 -1.64338e-17 -3.58207e-17 
vn 0.876216 0.481919 3.25747e-18 
vn 0.906219 0.422809 -3.24614e-17 
vn 0.940947 0.338554 -3.37053e-17 
vn 0.967861 0.251487 -3.46694e-17 
vn 0.986736 0.162332 -3.53455e-17 
vn 0.997417 0.0718286 -3.57281e-17 
vn 0.999984 0.00559006 -3.58201e-17 
vn 0.876216 0.481919 -3.13866e-17 
vn 4.14546e-16 0.21534 0.976539 
vn 3.744e-17 0.112333 0.993671 
vn 3.59526e-17 0.00810175 0.999967 
vn 3.40732e-17 -0.0962182 0.99536 
vn 3.18223e-17 -0.199489 0.9799 
vn 2.92244e-17 -0.300585 0.953755 
vn 2.63078e-17 -0.398403 0.917211 
vn 2.31044e-17 -0.491876 0.870665 
vn 1.9649e-17 -0.579987 0.814626 
vn 1.59794e-17 -0.661774 0.749704 
vn 1.21356e-17 -0.736344 0.676607 
vn 8.15943e-18 -0.802886 0.596133 
vn 4.09429e-18 -0.860673 0.509159 
vn -1.54909e-20 -0.909075 0.416633 
vn -4.1251e-18 -0.947565 0.319564 
vn -8.18974e-18 -0.975723 0.21901 
vn -1.21651e-17 -0.993241 0.116068 
vn -1.60078e-17 -0.99993 0.0118613 
vn -1.96759e-17 -0.995715 -0.0924752 
vn -2.31295e-17 -0.980643 -0.195803 
vn -2.63309e-17 -0.954879 -0.296997 
vn 1 -1.64338e-17 -3.58207e-17 
vn -2.30358e-17 -0.981213 -0.192926 
vn -1.94752e-17 -0.99624 -0.0866312 
vn -1.56902e-17 -0.999787 0.0206615 
vn -1.17243e-17 -0.991811 0.127716 
vn -7.62339e-18 -0.972405 0.233299 
vn -3.43458e-18 -0.941793 0.336193 
vn 7.93809e-19 -0.900328 0.435213 
vn 5.01305e-18 -0.848487 0.529217 
vn 9.17452e-18 -0.786867 0.617122 
vn 1.32303e-17 -0.71618 0.697916 
vn 1.71335e-17 -0.637239 0.770666 
vn 2.08393e-17 -0.550954 0.834535 
vn 2.4305e-17 -0.45832 0.888787 
vn 2.74906e-17 -0.360405 0.932796 
vn 3.03593e-17 -0.258335 0.966055 
vn 3.28782e-17 -0.153289 0.988181 
vn 3.50182e-17 -0.0464762 0.998919 
vn 3.67546e-17 0.0608723 0.998146 
vn 3.80674e-17 0.167519 0.985869 
vn 3.89416e-17 0.272236 0.962231 
vn 3.9367e-17 0.373815 0.927503 
vn 3.93387e-17 0.471086 0.882087 
vn 3.8857e-17 0.562928 0.826506 
vn 3.79276e-17 0.648283 0.761399 
vn 3.6561e-17 0.726167 0.687518 
vn 3.47732e-17 0.795682 0.605714 
vn 3.25845e-17 0.856028 0.51693 
vn 3.00204e-17 0.906508 0.422188 
vn 2.71103e-17 0.946542 0.322581 
vn 2.99213e-17 0.908137 0.418673 
vn 3.24118e-17 0.860008 0.510281 
vn 3.45552e-17 0.802669 0.596425 
vn 3.63286e-17 0.736734 0.676182 
vn 3.7713e-17 0.66291 0.748699 
vn 3.86935e-17 0.581988 0.813198 
vn 3.92597e-17 0.494833 0.868988 
vn 3.94055e-17 0.402379 0.915473 
vn 3.91292e-17 0.305616 0.952155 
vn 3.8434e-17 0.205581 0.97864 
vn 3.73272e-17 0.103344 0.994646 
vn 3.58207e-17 -5.88669e-34 1 
vn -1 1.4582e-17 1.18884e-16 
vn 2.02103e-17 0.994138 0.108119 
vn 1.64338e-17 1 0 
vn 2.375e-17 0.976621 0.21497 
vn 2.02103e-17 0.994138 0.108119 
vn 2.70111e-17 0.947653 0.319302 
vn 2.375e-17 0.976621 0.21497 
vn 2.99556e-17 0.907575 0.419889 
vn 2.70111e-17 0.947653 0.319302 
vn 3.25489e-17 0.856857 0.515554 
vn 2.99556e-17 0.907575 0.419889 
vn 3.47606e-17 0.796093 0.605174 
vn 3.25489e-17 0.856857 0.515554 
vn 3.65647e-17 0.725995 0.687699 
vn 3.47606e-17 0.796093 0.605174 
vn 3.79402e-17 0.647386 0.762162 
vn 3.65647e-17 0.725995 0.687699 
vn 3.88708e-17 0.561187 0.827689 
vn 3.79402e-17 0.647386 0.762162 
vn 3.93457e-17 0.468408 0.883512 
vn 3.88708e-17 0.561187 0.827689 
vn 3.93593e-17 0.370138 0.928977 
vn 3.93457e-17 0.468408 0.883512 
vn 3.89115e-17 0.267528 0.96355 
vn 3.93593e-17 0.370138 0.928977 
vn 3.80075e-17 0.161782 0.986827 
vn 3.89115e-17 0.267528 0.96355 
vn 3.66578e-17 0.0541389 0.998533 
vn 3.80075e-17 0.161782 0.986827 
vn 3.48784e-17 -0.0541389 0.998533 
vn 3.66578e-17 0.0541389 0.998533 
vn 3.26901e-17 -0.161782 0.986827 
vn 3.48784e-17 -0.0541389 0.998533 
vn 3.01185e-17 -0.267528 0.96355 
vn 3.26901e-17 -0.161782 0.986827 
vn 2.71938e-17 -0.370138 0.928977 
vn 3.01185e-17 -0.267528 0.96355 
vn 2.39503e-17 -0.468408 0.883512 
vn 2.71938e-17 -0.370138 0.928977 
vn 2.04259e-17 -0.561187 0.827689 
vn 2.39503e-17 -0.468408 0.883512 
vn 1.66621e-17 -0.647386 0.762162 
vn 2.04259e-17 -0.561187 0.827689 
vn 1.2703e-17 -0.725995 0.687699 
vn 1.66621e-17 -0.647386 0.762162 
vn 8.59491e-18 -0.796093 0.605174 
vn 1.2703e-17 -0.725995 0.687699 
vn 4.38607e-18 -0.856857 0.515554 
vn 8.59491e-18 -0.796093 0.605174 
vn 1.258e-19 -0.907575 0.419889 
vn 4.38607e-18 -0.856857 0.515554 
vn -4.13594e-18 -0.947653 0.319302 
vn 1.258e-19 -0.907575 0.419889 
vn -8.34919e-18 -0.976621 0.21497 
vn -4.13594e-18 -0.947653 0.319302 
vn -1.24646e-17 -0.994138 0.108119 
vn -8.34919e-18 -0.976621 0.21497 
vn -1.64338e-17 -1 -1.22465e-16 
vn -1.24646e-17 -0.994138 0.108119 
vn -2.02103e-17 -0.994138 -0.108119 
vn -1.64338e-17 -1 -1.22465e-16 
vn -2.375e-17 -0.976621 -0.21497 
vn -2.02103e-17 -0.994138 -0.108119 
vn -2.70111e-17 -0.947653 -0.319302 
vn -2.375e-17 -0.976621 -0.21497 
vn -2.99556e-17 -0.907575 -0.419889 
vn -2.70111e-17 -0.947653 -0.319302 
vn -3.25489e-17 -0.856857 -0.515554 
vn -2.99556e-17 -0.907575 -0.419889 
vn -3.47606e-17 -0.796093 -0.605174 
vn -3.25489e-17 -0.856857 -0.515554 
vn -3.65647e-17 -0.725995 -0.687699 
vn -3.47606e-17 -0.796093 -0.605174 
vn -3.79402e-17 -0.647386 -0.762162 
vn -3.65647e-17 -0.725995 -0.687699 
vn -3.88708e-17 -0.561187 -0.827689 
vn -3.79402e-17 -0.647386 -0.762162 
vn -3.93457e-17 -0.468408 -0.883512 
vn -3.88708e-17 -0.561187 -0.827689 
vn -3.93593e-17 -0.370138 -0.928977 
vn -3.93457e-17 -0.468408 -0.883512 
vn -3.89115e-17 -0.267528 -0.96355 
vn -3.93593e-17 -0.370138 -0.928977 
vn -3.80075e-17 -0.161782 -0.986827 
vn -3.89115e-17 -0.267528 -0.96355 
vn -3.66578e-17 -0.0541389 -0.998533 
vn -3.80075e-17 -0.161782 -0.986827 
vn -3.48784e-17 0.0541389 -0.998533 
vn -3.66578e-17 -0.0541389 -0.998533 
vn -3.26901e-17 0.161782 -0.986827 
vn -3.48784e-17 0.0541389 -0.998533 
vn -3.01185e-17 0.267528 -0.96355 
vn -3.26901e-17 0.161782 -0.986827 
vn -2.71938e-17 0.370138 -0.928977 
vn -3.01185e-17 0.267528 -0.96355 
vn -2.39503e-17 0.468408 -0.883512 
vn -2.71938e-17 0.370138 -0.928977 
vn -2.04259e-17 0.561187 -0.827689 
vn -2.39503e-17 0.468408 -0.883512 
vn -1.66621e-17 0.647386 -0.762162 
vn -2.04259e-17 0.561187 -0.827689 
vn -1.2703e-17 0.725995 -0.687699 
vn -1.66621e-17 0.647386 -0.762162 
vn -8.59491e-18 0.796093 -0.605174 
vn -1.2703e-17 0.725995 -0.687699 
vn -4.38607e-18 0.856857 -0.515554 
vn -8.59491e-18 0.796093 -0.605174 
vn -1.258e-19 0.907575 -0.419889 
vn -4.38607e-18 0.856857 -0.515554 
vn 4.13594e-18 0.947653 -0.319302 
vn -1.258e-19 0.907575 -0.419889 
vn 8.34919e-18 0.976621 -0.21497 
vn 4.13594e-18 0.947653 -0.319302 
vn 1.24646e-17 0.994138 -0.108119 
vn 8.34919e-18 0.976621 -0.21497 
vn 2.02103e-17 0.994138 0.108119 
vn 1.64338e-17 1 0 
vn 2.375e-17 0.976621 0.21497 
vn 2.02103e-17 0.994138 0.108119 
vn 2.70111e-17 0.947653 0.319302 
vn 2.375e-17 0.976621 0.21497 
vn 2.99556e-17 0.907575 0.419889 
vn 2.70111e-17 0.947653 0.319302 
vn 3.25489e-17 0.856857 0.515554 
vn 2.99556e-17 0.907575 0.419889 
vn 3.47606e-17 0.796093 0.605174 
vn 3.25489e-17 0.856857 0.515554 
vn 3.65647e-17 0.725995 0.687699 
vn 3.47606e-17 0.796093 0.605174 
vn 3.79402e-17 0.647386 0.762162 
vn 3.65647e-17 0.725995 0.687699 
vn 3.88708e-17 0.561187 0.827689 
vn 3.79402e-17 0.647386 0.762162 
vn 3.93457e-17 0.468408 0.883512 
vn 3.88708e-17 0.561187 0.827689 
vn 3.93593e-17 0.370138 0.928977 
vn 3.93457e-17 0.468408 0.883512 
vn 3.89115e-17 0.267528 0.96355 
vn 3.93593e-17 0.370138 0.928977 
vn 3.80075e-17 0.161782 0.986827 
vn 3.89115e-17 0.267528 0.96355 
vn 3.66578e-17 0.0541389 0.998533 
vn 3.80075e-17 0.161782 0.986827 
vn 3.48784e-17 -0.0541389 0.998533 
vn 3.66578e-17 0.0541389 0.998533 
vn 3.26901e-17 -0.161782 0.986827 
vn 3.48784e-17 -0.0541389 0.998533 
vn 3.01185e-17 -0.267528 0.96355 
vn 3.26901e-17 -0.161782 0.986827 
vn 2.71938e-17 -0.370138 0.928977 
vn 3.01185e-17 -0.267528 0.96355 
vn 2.39503e-17 -0.468408 0.883512 
vn 2.71938e-17 -0.370138 0.928977 
vn 2.04259e-17 -0.561187 0.827689 
vn 2.39503e-17 -0.468408 0.883512 
vn 1.66621e-17 -0.647386 0.762162 
vn 2.04259e-17 -0.561187 0.827689 
vn 1.2703e-17 -0.725995 0.687699 
vn 1.66621e-17 -0.647386 0.762162 
vn 8.59491e-18 -0.796093 0.605174 
vn 1.2703e-17 -0.725995 0.687699 
vn 4.38607e-18 -0.856857 0.515554 
vn 8.59491e-18 -0.796093 0.605174 
vn 1.258e-19 -0.907575 0.419889 
vn 4.38607e-18 -0.856857 0.515554 
vn -4.13594e-18 -0.947653 0.319302 
vn 1.258e-19 -0.907575 0.419889 
vn -8.34919e-18 -0.976621 0.21497 
vn -4.13594e-18 -0.947653 0.319302 
vn -1.24646e-17 -0.994138 0.108119 
vn -8.34919e-18 -0.976621 0.21497 
vn -1.64338e-17 -1 -1.22465e-16 
vn -1.24646e-17 -0.994138 0.108119 
vn -2.02103e-17 -0.994138 -0.108119 
vn -1.64338e-17 -1 -1.22465e-16 
vn -2.375e-17 -0.976621 -0.21497 
vn -2.02103e-17 -0.994138 -0.108119 
vn -2.70111e-17 -0.947653 -0.319302 
vn -2.375e-17 -0.976621 -0.21497 
vn -2.99556e-17 -0.907575 -0.419889 
vn -2.70111e-17 -0.947653 -0.319302 
vn -3.25489e-17 -0.856857 -0.515554 
vn -2.99556e-17 -0.907575 -0.419889 
vn -3.47606e-17 -0.796093 -0.605174 
vn -3.25489e-17 -0.856857 -0.515554 
vn -3.65647e-17 -0.725995 -0.687699 
vn -3.47606e-17 -0.796093 -0.605174 
vn -3.79402e-17 -0.647386 -0.762162 
vn -3.65647e-17 -0.725995 -0.687699 
vn -3.88708e-17 -0.561187 -0.827689 
vn -3.79402e-17 -0.647386 -0.762162 
vn -3.93457e-17 -0.468408 -0.883512 
vn -3.88708e-17 -0.561187 -0.827689 
vn -3.93593e-17 -0.370138 -0.928977 
vn -3.93457e-17 -0.468408 -0.883512 
vn -3.89115e-17 -0.267528 -0.96355 
vn -3.93593e-17 -0.370138 -0.928977 
vn -3.80075e-17 -0.161782 -0.986827 
vn -3.89115e-17 -0.267528 -0.96355 
vn -3.66578e-17 -0.0541389 -0.998533 
vn -3.80075e-17 -0.161782 -0.986827 
vn -3.48784e-17 0.0541389 -0.998533 
vn -3.66578e-17 -0.0541389 -0.998533 
vn -3.26901e-17 0.161782 -0.986827 
vn -3.48784e-17 0.0541389 -0.998533 
vn -3.01185e-17 0.267528 -0.96355 
vn -3.26901e-17 0.161782 -0.986827 
vn -2.71938e-17 0.370138 -0.928977 
vn -3.01185e-17 0.267528 -0.96355 
vn -2.39503e-17 0.468408 -0.883512 
vn -2.71938e-17 0.370138 -0.928977 
vn -2.04259e-17 0.561187 -0.827689 
vn -2.39503e-17 0.468408 -0.883512 
vn -1.66621e-17 0.647386 -0.762162 
vn -2.04259e-17 0.561187 -0.827689 
vn -1.2703e-17 0.725995 -0.687699 
vn -1.66621e-17 0.647386 -0.762162 
vn -8.59491e-18 0.796093 -0.605174 
vn -1.2703e-17 0.725995 -0.687699 
vn -4.38607e-18 0.856857 -0.515554 
vn -8.59491e-18 0.796093 -0.605174 
vn -1.258e-19 0.907575 -0.419889 
vn -4.38607e-18 0.856857 -0.515554 
vn 4.13594e-18 0.947653 -0.319302 
vn -1.258e-19 0.907575 -0.419889 
vn 8.34919e-18 0.976621 -0.21497 
vn 4.13594e-18 0.947653 -0.319302 
vn 1.24646e-17 0.994138 -0.108119 
vn 8.34919e-18 0.976621 -0.21497 
vn 1 -1.64338e-17 -3.58207e-17 
vn -0.910648 -0.413183 1.6158e-17 
vn -0.949405 -0.314054 3.40083e-17 
vn -0.977407 -0.211367 3.50114e-17 
vn -0.994336 -0.106285 3.56178e-17 
vn -1 1.64338e-17 3.58207e-17 
vn -0.994138 0.108119 3.56107e-17 
vn -0.976621 0.21497 3.49832e-17 
vn -0.947653 0.319302 3.39456e-17 
vn -0.907575 0.419889 3.251e-17 
vn -0.856857 0.515554 3.06932e-17 
vn -0.796093 0.605174 2.85166e-17 
vn -0.725995 0.687699 2.60056e-17 
vn -0.647386 0.762162 2.31898e-17 
vn -0.561187 0.827689 2.01021e-17 
vn -0.468408 0.883512 1.67787e-17 
vn -0.370138 0.928977 1.32586e-17 
vn -0.267528 0.96355 9.58304e-18 
vn -0.161782 0.986827 5.79514e-18 
vn -0.0541389 0.998533 1.93929e-18 
vn 0.0541389 0.998533 -1.93929e-18 
vn 0.161782 0.986827 -5.79514e-18 
vn 0.267528 0.96355 -9.58304e-18 
vn 0.370138 0.928977 -1.32586e-17 
vn 0.468408 0.883512 -1.67787e-17 
vn 0.561187 0.827689 -2.01021e-17 
vn 0.647386 0.762162 -2.31898e-17 
vn 0.725995 0.687699 -2.60056e-17 
vn 0.796093 0.605174 -2.85166e-17 
vn 0.856857 0.515554 -3.06932e-17 
vn 0.907575 0.419889 -3.251e-17 
vn 0.947653 0.319302 -3.39456e-17 
vn 0.976621 0.21497 -3.49832e-17 
vn 0.994138 0.108119 -3.56107e-17 
vn 1 -1.64338e-17 -3.58207e-17 
vn 3.58207e-17 -5.88669e-34 1 
vn -1.18884e-16 5.25721e-19 -1 
vn 0.910648 -0.413183 -2.00365e-16 
vn 1 -1.64338e-17 -3.58207e-17 
vn 0.994336 -0.106285 -3.56178e-17 
vn 0.977407 -0.211367 -3.50114e-17 
vn 0.949405 -0.314054 -3.40083e-17 
vn 0.910648 -0.413183 -3.262e-17 
vn 1 2.60078e-30 -1.18884e-16 
f 1//1 2//1 3//1 
f 4//1 5//1 6//1 
f 5//1 7//1 8//1 
f 7//1 9//1 10//1 
f 9//1 1//1 11//1 
f 1//1 12//1 2//1 
f 13//1 14//1 15//1 
f 16//1 17//1 18//1 
f 19//1 20//1 17//1 
f 21//1 22//1 20//1 
f 22//1 21//1 4//1 
f 10//1 8//1 7//1 
f 3//1 11//1 1//1 
f 15//1 23//1 13//1 
f 24//1 18//1 14//1 
f 17//1 16//1 19//1 
f 6//1 22//1 4//1 
f 11//1 10//1 9//1 
f 1//1 25//1 26//1 
f 13//1 27//1 28//1 
f 14//1 13//1 24//1 
f 20//1 19//1 21//1 
f 26//1 12//1 1//1 
f 23//1 27//1 13//1 
f 8//1 6//1 5//1 
f 18//1 24//1 16//1 
f 28//1 29//1 13//1 
f 30//1 31//1 32//1 
f 33//1 34//1 35//1 
f 32//1 36//1 30//1 
f 37//1 38//1 31//1 
f 39//1 40//1 41//1 
f 40//1 39//1 33//1 
f 31//1 30//1 37//1 
f 42//1 43//1 38//1 
f 44//1 41//1 43//1 
f 35//1 40//1 33//1 
f 34//1 45//1 46//1 
f 45//1 47//1 48//1 
f 47//1 49//1 50//1 
f 49//1 51//1 52//1 
f 30//1 53//1 54//1 
f 38//1 37//1 42//1 
f 41//1 44//1 39//1 
f 48//1 46//1 45//1 
f 52//1 50//1 49//1 
f 36//1 53//1 30//1 
f 46//1 35//1 34//1 
f 49//1 55//1 51//1 
f 49//1 56//1 57//1 
f 43//1 42//1 44//1 
f 57//1 55//1 49//1 
f 50//1 48//1 47//1 
f 54//1 58//1 30//1 
f 59//2 60//2 61//3 
f 62//4 63//4 60//2 
f 64//5 65//5 63//4 
f 66//6 67//6 65//5 
f 68//7 69//7 67//6 
f 70//8 71//8 69//7 
f 72//9 73//9 71//8 
f 74//10 75//10 73//9 
f 76//11 77//11 75//10 
f 78//12 79//12 77//11 
f 80//13 81//13 79//12 
f 82//14 83//14 81//13 
f 83//14 82//14 84//15 
f 84//15 85//16 86//15 
f 84//15 86//15 83//14 
f 87//17 85//16 88//16 
f 25//18 1//18 89//19 
f 87//17 90//20 58//21 
f 90//20 91//22 58//21 
f 58//21 25//18 87//17 
f 89//19 87//17 25//18 
f 91//22 30//21 58//21 
f 88//16 90//20 87//17 
f 84//15 88//16 85//16 
f 81//13 80//13 82//14 
f 79//12 78//12 80//13 
f 77//11 76//11 78//12 
f 75//10 74//10 76//11 
f 73//9 72//9 74//10 
f 71//8 70//8 72//9 
f 69//7 68//7 70//8 
f 67//6 66//6 68//7 
f 65//5 64//5 66//6 
f 63//4 62//4 64//5 
f 60//2 59//2 62//4 
f 61//3 92//23 59//2 
f 92//23 61//23 93//23 
f 93//23 94//23 92//23 
f 94//24 93//24 95//24 
f 95//24 96//24 94//24 
f 73//25 75//25 97//25 
f 98//25 60//25 63//25 
f 97//25 75//25 77//25 
f 99//25 71//25 73//25 
f 98//25 61//25 60//25 
f 95//25 93//25 61//25 
f 97//25 79//25 81//25 
f 97//25 99//25 73//25 
f 61//25 98//25 95//25 
f 65//25 67//25 100//25 
f 77//25 79//25 97//25 
f 100//25 98//25 65//25 
f 67//25 69//25 101//25 
f 69//25 71//25 99//25 
f 81//25 83//25 97//25 
f 101//25 100//25 67//25 
f 83//25 86//25 97//25 
f 99//25 101//25 69//25 
f 63//25 65//25 98//25 
f 102//26 78//26 76//26 
f 72//26 103//26 102//26 
f 102//26 80//26 78//26 
f 104//26 64//26 62//26 
f 102//26 74//26 72//26 
f 102//26 82//26 80//26 
f 96//26 104//26 92//26 
f 62//26 59//26 104//26 
f 76//26 74//26 102//26 
f 64//26 104//26 105//26 
f 59//26 92//26 104//26 
f 102//26 84//26 82//26 
f 68//26 106//26 103//26 
f 66//26 105//26 106//26 
f 92//26 94//26 96//26 
f 103//26 70//26 68//26 
f 105//26 66//26 64//26 
f 106//26 68//26 66//26 
f 72//26 70//26 103//26 
f 96//27 95//27 98//27 
f 98//27 104//27 96//27 
f 107//28 108//29 109//28 
f 109//28 110//30 107//28 
f 107//28 111//29 108//29 
f 112//30 113//31 114//31 
f 113//31 115//32 116//32 
f 116//32 115//32 117//33 
f 118//33 117//33 119//34 
f 119//34 120//35 121//35 
f 121//35 120//35 122//36 
f 122//36 123//37 124//37 
f 125//38 123//37 126//39 
f 126//39 127//40 125//38 
f 126//39 128//41 127//40 
f 105//42 104//43 98//43 
f 106//44 105//42 100//45 
f 103//46 106//44 101//47 
f 97//48 128//41 102//48 
f 102//48 99//49 97//48 
f 102//48 103//46 99//49 
f 97//48 127//40 128//41 
f 101//47 99//49 103//46 
f 100//45 101//47 106//44 
f 98//43 100//45 105//42 
f 125//38 124//37 123//37 
f 124//37 129//50 122//36 
f 122//36 129//50 121//35 
f 121//35 130//51 119//34 
f 119//34 130//51 118//33 
f 117//33 118//33 116//32 
f 116//32 114//31 113//31 
f 114//31 110//30 112//30 
f 109//28 112//30 110//30 
f 131//52 132//53 133//54 
f 132//53 134//55 135//56 
f 134//55 136//57 137//58 
f 137//58 135//56 134//55 
f 136//57 138//59 137//58 
f 135//56 133//54 132//53 
f 136//57 139//60 138//59 
f 136//57 140//61 139//60 
f 136//57 141//62 140//61 
f 136//57 142//63 143//64 
f 143//64 144//65 136//57 
f 144//65 145//66 136//57 
f 145//66 141//62 136//57 
f 146//67 24//67 13//68 
f 13//68 147//69 146//67 
f 131//52 148//70 147//69 
f 149//71 16//71 24//67 
f 150//72 19//72 16//71 
f 151//73 21//73 19//72 
f 152//74 4//74 21//73 
f 153//75 5//75 4//74 
f 154//76 7//76 5//75 
f 155//77 9//77 7//76 
f 86//78 125//79 127//80 
f 86//78 124//81 125//79 
f 86//78 129//82 124//81 
f 85//83 114//84 116//85 
f 87//86 110//87 114//84 
f 114//84 85//83 87//86 
f 116//85 86//78 85//83 
f 89//88 107//89 110//87 
f 110//87 87//86 89//88 
f 116//85 118//90 86//78 
f 118//90 130//91 86//78 
f 130//91 121//92 86//78 
f 121//92 129//82 86//78 
f 155//77 111//93 1//94 
f 111//93 89//88 1//94 
f 1//94 9//77 155//77 
f 111//93 107//89 89//88 
f 127//80 97//95 86//78 
f 7//76 154//76 155//77 
f 5//75 153//75 154//76 
f 4//74 152//74 153//75 
f 21//73 151//73 152//74 
f 19//72 150//72 151//73 
f 16//71 149//71 150//72 
f 24//67 146//67 149//71 
f 13//68 131//52 147//69 
f 133//54 148//70 131//52 
f 91//96 90//97 112//98 
f 90//97 88//99 113//100 
f 88//99 84//101 115//102 
f 115//102 113//100 88//99 
f 84//101 117//103 115//102 
f 113//100 112//98 90//97 
f 84//101 119//104 117//103 
f 84//101 120//105 119//104 
f 84//101 122//106 120//105 
f 84//101 102//107 128//108 
f 128//108 126//109 84//101 
f 126//109 123//110 84//101 
f 123//110 122//106 84//101 
f 156//111 37//111 30//112 
f 30//112 108//113 156//111 
f 91//96 109//114 108//113 
f 157//115 42//115 37//111 
f 158//116 44//116 42//115 
f 159//117 39//117 44//116 
f 160//118 33//118 39//117 
f 161//119 34//119 33//118 
f 162//120 45//120 34//119 
f 163//121 47//121 45//120 
f 163//121 164//122 49//123 
f 164//122 165//124 49//123 
f 49//123 47//121 163//121 
f 166//125 167//126 168//127 
f 166//125 169//128 167//126 
f 166//125 170//129 169//128 
f 171//130 172//131 173//132 
f 174//133 175//134 172//131 
f 172//131 171//130 174//133 
f 173//132 166//125 171//130 
f 165//124 176//135 175//134 
f 175//134 174//133 165//124 
f 173//132 177//136 166//125 
f 177//136 178//137 166//125 
f 178//137 179//138 166//125 
f 179//138 170//129 166//125 
f 168//127 180//139 166//125 
f 164//122 176//135 165//124 
f 45//120 162//120 163//121 
f 34//119 161//119 162//120 
f 33//118 160//118 161//119 
f 39//117 159//117 160//118 
f 44//116 158//116 159//117 
f 42//115 157//115 158//116 
f 37//111 156//111 157//115 
f 30//112 91//96 108//113 
f 112//98 109//114 91//96 
f 181//140 182//140 183//141 
f 184//141 183//141 185//142 
f 186//142 185//142 187//143 
f 188//143 187//143 189//144 
f 190//144 189//144 191//145 
f 192//145 191//145 193//146 
f 194//146 193//146 195//147 
f 196//147 195//147 197//148 
f 198//148 197//148 199//149 
f 200//149 199//149 201//150 
f 202//150 201//150 203//151 
f 204//151 203//151 205//152 
f 205//152 136//153 166//153 
f 166//153 206//152 205//152 
f 134//154 171//154 166//153 
f 174//155 171//154 134//154 
f 132//155 29//156 56//156 
f 132//155 131//157 29//156 
f 56//156 174//155 132//155 
f 56//156 49//156 165//157 
f 56//156 165//157 174//155 
f 131//157 13//156 29//156 
f 134//154 132//155 174//155 
f 136//153 134//154 166//153 
f 205//152 206//152 204//151 
f 203//151 204//151 202//150 
f 201//150 202//150 200//149 
f 199//149 200//149 198//148 
f 197//148 198//148 196//147 
f 195//147 196//147 194//146 
f 193//146 194//146 192//145 
f 191//145 192//145 190//144 
f 189//144 190//144 188//143 
f 187//143 188//143 186//142 
f 185//142 186//142 184//141 
f 183//141 184//141 181//140 
f 207//158 208//159 209//159 
f 208//159 210//160 211//160 
f 210//160 212//161 213//161 
f 176//162 147//163 148//162 
f 148//162 175//164 176//162 
f 176//162 164//163 147//163 
f 175//164 133//164 135//165 
f 172//165 135//165 137//166 
f 173//166 137//166 138//167 
f 177//167 138//167 139//168 
f 139//168 140//169 179//169 
f 179//169 140//169 141//170 
f 141//170 145//171 169//171 
f 167//172 145//171 144//173 
f 144//173 168//174 167//172 
f 144//173 143//175 168//174 
f 180//176 143//175 142//176 
f 142//176 212//161 180//176 
f 142//176 213//161 212//161 
f 180//176 168//174 143//175 
f 167//172 169//171 145//171 
f 169//171 170//177 141//170 
f 141//170 170//177 179//169 
f 179//169 178//178 139//168 
f 139//168 178//178 177//167 
f 138//167 177//167 173//166 
f 137//166 173//166 172//165 
f 135//165 172//165 175//164 
f 148//162 133//164 175//164 
f 213//161 211//160 210//160 
f 211//160 209//159 208//159 
f 209//159 214//179 207//158 
f 195//180 213//180 142//180 
f 142//180 197//180 195//180 
f 142//180 201//180 199//180 
f 214//180 187//180 185//180 
f 199//180 197//180 142//180 
f 142//180 205//180 203//180 
f 215//180 214//180 182//180 
f 185//180 183//180 214//180 
f 203//180 201//180 142//180 
f 187//180 214//180 209//180 
f 183//180 182//180 214//180 
f 142//180 136//180 205//180 
f 191//180 211//180 213//180 
f 189//180 209//180 211//180 
f 182//180 216//180 215//180 
f 213//180 193//180 191//180 
f 209//180 189//180 187//180 
f 211//180 191//180 189//180 
f 195//180 193//180 213//180 
f 196//181 198//181 180//181 
f 207//181 184//181 186//181 
f 180//181 198//181 200//181 
f 212//181 194//181 196//181 
f 207//181 181//181 184//181 
f 217//181 218//181 181//181 
f 180//181 202//181 204//181 
f 180//181 212//181 196//181 
f 181//181 207//181 217//181 
f 188//181 190//181 208//181 
f 200//181 202//181 180//181 
f 208//181 207//181 188//181 
f 190//181 192//181 210//181 
f 192//181 194//181 212//181 
f 204//181 206//181 180//181 
f 210//181 208//181 190//181 
f 206//181 166//181 180//181 
f 212//181 210//181 192//181 
f 186//181 188//181 207//181 
f 218//182 216//182 182//182 
f 182//182 181//182 218//182 
f 215//183 217//183 207//183 
f 207//183 214//183 215//183 
f 217//184 215//184 216//184 
f 216//184 218//184 217//184 
f 111//184 219//184 220//184 
f 108//184 221//184 222//184 
f 220//184 108//184 111//184 
f 220//184 221//184 108//184 
f 108//184 223//184 224//184 
f 222//184 225//184 108//184 
f 164//184 226//184 227//184 
f 108//184 228//184 229//184 
f 225//184 223//184 108//184 
f 111//184 230//184 231//184 
f 164//184 232//184 226//184 
f 164//184 233//184 234//184 
f 164//184 235//184 236//184 
f 164//184 237//184 238//184 
f 164//184 163//184 239//184 
f 163//184 162//184 240//184 
f 224//184 228//184 108//184 
f 111//184 241//184 242//184 
f 111//184 243//184 244//184 
f 231//184 245//184 111//184 
f 234//184 232//184 164//184 
f 238//184 235//184 164//184 
f 164//184 246//184 247//184 
f 240//184 239//184 163//184 
f 156//184 248//184 249//184 
f 108//184 250//184 248//184 
f 242//184 219//184 111//184 
f 245//184 243//184 111//184 
f 111//184 155//184 251//184 
f 155//184 154//184 252//184 
f 151//184 253//184 254//184 
f 236//184 233//184 164//184 
f 239//184 246//184 164//184 
f 248//184 156//184 108//184 
f 244//184 241//184 111//184 
f 111//184 255//184 256//184 
f 252//184 251//184 155//184 
f 254//184 152//184 151//184 
f 151//184 150//184 257//184 
f 247//184 237//184 164//184 
f 162//184 161//184 258//184 
f 161//184 160//184 259//184 
f 160//184 159//184 260//184 
f 108//184 261//184 250//184 
f 229//184 262//184 108//184 
f 251//184 255//184 111//184 
f 154//184 153//184 263//184 
f 153//184 152//184 264//184 
f 257//184 253//184 151//184 
f 258//184 240//184 162//184 
f 260//184 259//184 160//184 
f 159//184 158//184 265//184 
f 158//184 157//184 249//184 
f 262//184 261//184 108//184 
f 263//184 252//184 154//184 
f 254//184 264//184 152//184 
f 150//184 149//184 266//184 
f 147//184 267//184 268//184 
f 147//184 269//184 270//184 
f 259//184 258//184 161//184 
f 249//184 265//184 158//184 
f 256//184 230//184 111//184 
f 266//184 257//184 150//184 
f 149//184 146//184 271//184 
f 147//184 272//184 271//184 
f 270//184 267//184 147//184 
f 265//184 260//184 159//184 
f 264//184 263//184 153//184 
f 271//184 146//184 147//184 
f 268//184 273//184 147//184 
f 147//184 227//184 274//184 
f 249//184 157//184 156//184 
f 147//184 275//184 272//184 
f 147//184 276//184 277//184 
f 274//184 269//184 147//184 
f 271//184 266//184 149//184 
f 273//184 276//184 147//184 
f 277//184 275//184 147//184 
f 227//184 147//184 164//184 
f 223//185 278//185 279//186 
f 224//186 279//186 280//187 
f 228//187 280//187 281//188 
f 229//188 281//188 282//189 
f 262//189 282//189 283//190 
f 261//190 283//190 284//191 
f 250//191 284//191 285//192 
f 248//192 285//192 286//193 
f 249//193 286//193 287//194 
f 265//194 287//194 288//195 
f 259//196 260//195 289//197 
f 260//195 288//195 289//197 
f 259//196 290//196 291//198 
f 258//198 291//198 292//199 
f 240//199 292//199 293//200 
f 239//200 293//200 294//201 
f 246//201 294//201 295//202 
f 247//202 295//202 296//203 
f 237//203 296//203 297//204 
f 238//204 297//204 298//205 
f 235//205 298//205 299//206 
f 236//206 299//206 300//207 
f 233//207 300//207 301//208 
f 234//208 301//208 302//209 
f 232//209 302//209 303//210 
f 226//210 303//210 304//211 
f 227//211 304//211 305//212 
f 274//212 305//212 306//213 
f 269//213 306//213 307//214 
f 270//214 307//214 308//215 
f 267//215 308//215 309//216 
f 268//216 309//216 310//217 
f 273//217 310//217 311//218 
f 276//218 311//218 312//219 
f 277//219 312//219 313//220 
f 275//220 313//220 314//221 
f 272//221 314//221 315//222 
f 271//222 315//222 316//223 
f 266//223 316//223 317//224 
f 257//224 317//224 318//225 
f 319//226 264//226 254//227 
f 254//227 318//225 319//226 
f 264//226 319//226 320//228 
f 263//228 320//228 321//229 
f 252//229 321//229 322//230 
f 251//230 322//230 323//231 
f 255//231 323//231 324//232 
f 256//232 324//232 325//233 
f 230//233 325//233 326//234 
f 231//234 326//234 327//235 
f 245//235 327//235 328//236 
f 243//236 328//236 329//237 
f 244//237 329//237 330//238 
f 241//238 330//238 331//239 
f 242//239 331//239 332//240 
f 219//240 332//240 333//241 
f 220//241 333//241 334//242 
f 221//242 334//242 335//243 
f 222//243 335//243 336//244 
f 225//244 336//244 278//185 
f 278//185 223//185 225//244 
f 336//244 225//244 222//243 
f 335//243 222//243 221//242 
f 334//242 221//242 220//241 
f 333//241 220//241 219//240 
f 332//240 219//240 242//239 
f 331//239 242//239 241//238 
f 330//238 241//238 244//237 
f 329//237 244//237 243//236 
f 328//236 243//236 245//235 
f 327//235 245//235 231//234 
f 326//234 231//234 230//233 
f 325//233 230//233 256//232 
f 324//232 256//232 255//231 
f 323//231 255//231 251//230 
f 322//230 251//230 252//229 
f 321//229 252//229 263//228 
f 320//228 263//228 264//226 
f 254//227 253//245 318//225 
f 318//225 253//245 257//224 
f 317//224 257//224 266//223 
f 316//223 266//223 271//222 
f 315//222 271//222 272//221 
f 314//221 272//221 275//220 
f 313//220 275//220 277//219 
f 312//219 277//219 276//218 
f 311//218 276//218 273//217 
f 310//217 273//217 268//216 
f 309//216 268//216 267//215 
f 308//215 267//215 270//214 
f 307//214 270//214 269//213 
f 306//213 269//213 274//212 
f 305//212 274//212 227//211 
f 304//211 227//211 226//210 
f 303//210 226//210 232//209 
f 302//209 232//209 234//208 
f 301//208 234//208 233//207 
f 300//207 233//207 236//206 
f 299//206 236//206 235//205 
f 298//205 235//205 238//204 
f 297//204 238//204 237//203 
f 296//203 237//203 247//202 
f 295//202 247//202 246//201 
f 294//201 246//201 239//200 
f 293//200 239//200 240//199 
f 292//199 240//199 258//198 
f 291//198 258//198 259//196 
f 289//197 290//196 259//196 
f 288//195 260//195 265//194 
f 287//194 265//194 249//193 
f 286//193 249//193 248//192 
f 285//192 248//192 250//191 
f 284//191 250//191 261//190 
f 283//190 261//190 262//189 
f 282//189 262//189 229//188 
f 281//188 229//188 228//187 
f 280//187 228//187 224//186 
f 279//186 224//186 223//185 
f 337//246 338//246 304//246 
f 304//246 303//246 337//246 
f 339//246 279//246 278//246 
f 338//246 305//246 304//246 
f 338//246 308//246 307//246 
f 338//246 310//246 309//246 
f 339//246 280//246 279//246 
f 340//246 341//246 289//246 
f 337//246 302//246 301//246 
f 338//246 306//246 305//246 
f 309//246 308//246 338//246 
f 342//246 322//246 321//246 
f 343//246 323//246 322//246 
f 343//246 327//246 326//246 
f 343//246 330//246 329//246 
f 343//246 332//246 331//246 
f 278//246 336//246 339//246 
f 340//246 288//246 287//246 
f 341//246 290//246 289//246 
f 337//246 298//246 297//246 
f 337//246 300//246 299//246 
f 303//246 302//246 337//246 
f 338//246 311//246 310//246 
f 322//246 342//246 343//246 
f 343//246 325//246 324//246 
f 343//246 328//246 327//246 
f 331//246 330//246 343//246 
f 336//246 335//246 339//246 
f 289//246 288//246 340//246 
f 344//246 291//246 290//246 
f 345//246 293//246 292//246 
f 337//246 294//246 293//246 
f 299//246 298//246 337//246 
f 307//246 306//246 338//246 
f 346//246 321//246 320//246 
f 324//246 323//246 343//246 
f 329//246 328//246 343//246 
f 343//246 339//246 333//246 
f 335//246 334//246 339//246 
f 339//246 282//246 281//246 
f 339//246 347//246 285//246 
f 348//246 286//246 285//246 
f 349//246 287//246 286//246 
f 290//246 341//246 344//246 
f 293//246 345//246 337//246 
f 337//246 296//246 295//246 
f 301//246 300//246 337//246 
f 338//246 313//246 312//246 
f 350//246 319//246 318//246 
f 351//246 320//246 319//246 
f 321//246 346//246 342//246 
f 333//246 332//246 343//246 
f 281//246 280//246 339//246 
f 285//246 347//246 348//246 
f 287//246 349//246 340//246 
f 352//246 292//246 291//246 
f 295//246 294//246 337//246 
f 312//246 311//246 338//246 
f 338//246 353//246 315//246 
f 353//246 354//246 316//246 
f 355//246 317//246 316//246 
f 356//246 318//246 317//246 
f 319//246 350//246 351//246 
f 326//246 325//246 343//246 
f 339//246 283//246 282//246 
f 285//246 284//246 339//246 
f 291//246 344//246 352//246 
f 297//246 296//246 337//246 
f 316//246 315//246 353//246 
f 317//246 355//246 356//246 
f 320//246 351//246 346//246 
f 284//246 283//246 339//246 
f 292//246 352//246 345//246 
f 315//246 314//246 338//246 
f 318//246 356//246 350//246 
f 286//246 348//246 349//246 
f 316//246 354//246 355//246 
f 314//246 313//246 338//246 
f 334//246 333//246 339//246 
f 357//247 343//246 358//247 
f 358//247 359//248 357//247 
f 357//247 339//249 343//246 
f 360//248 361//250 362//250 
f 362//250 361//250 363//251 
f 364//251 363//251 365//252 
f 366//252 365//252 367//253 
f 367//253 368//254 369//254 
f 369//254 368//254 370//255 
f 370//255 371//256 372//256 
f 373//257 371//256 374//258 
f 374//258 375//259 373//257 
f 374//258 376//260 375//259 
f 377//261 378//262 379//262 
f 380//263 377//261 381//264 
f 382//265 380//263 383//266 
f 384//267 376//260 385//267 
f 385//267 386//268 384//267 
f 385//267 382//265 386//268 
f 384//267 375//259 376//260 
f 383//266 386//268 382//265 
f 381//264 383//266 380//263 
f 379//262 381//264 377//261 
f 373//257 372//256 371//256 
f 372//256 387//269 370//255 
f 370//255 387//269 369//254 
f 369//254 388//270 367//253 
f 367//253 388//270 366//252 
f 365//252 366//252 364//251 
f 363//251 364//251 362//250 
f 362//250 359//248 360//248 
f 358//247 360//248 359//248 
f 389//271 390//271 379//271 
f 379//271 378//271 389//271 
f 391//272 392//272 390//272 
f 390//272 389//272 391//272 
f 384//273 393//273 394//273 
f 395//273 393//273 384//273 
f 379//273 396//273 397//273 
f 384//273 398//273 399//273 
f 384//273 386//273 395//273 
f 379//273 400//273 396//273 
f 390//273 392//273 400//273 
f 394//273 398//273 384//273 
f 400//273 379//273 390//273 
f 401//273 402//273 381//273 
f 386//273 403//273 395//273 
f 381//273 379//273 401//273 
f 402//273 404//273 383//273 
f 404//273 403//273 386//273 
f 399//273 405//273 384//273 
f 383//273 381//273 402//273 
f 405//273 406//273 384//273 
f 386//273 383//273 404//273 
f 397//273 401//273 379//273 
f 407//274 382//274 385//274 
f 385//274 408//274 409//274 
f 409//274 410//274 385//274 
f 385//274 411//274 412//274 
f 378//274 413//274 414//274 
f 412//274 408//274 385//274 
f 389//274 378//274 415//274 
f 414//274 416//274 378//274 
f 385//274 410//274 407//274 
f 413//274 378//274 377//274 
f 416//274 415//274 378//274 
f 385//274 417//274 411//274 
f 418//274 380//274 382//274 
f 419//274 377//274 380//274 
f 415//274 391//274 389//274 
f 382//274 420//274 418//274 
f 377//274 419//274 413//274 
f 380//274 418//274 419//274 
f 407//274 420//274 382//274 
f 415//275 400//275 392//275 
f 392//275 391//275 415//275 
f 421//276 422//277 423//278 
f 422//277 424//279 425//280 
f 424//279 426//281 427//282 
f 427//282 425//280 424//279 
f 426//281 428//283 427//282 
f 425//280 423//278 422//277 
f 426//281 429//284 428//283 
f 426//281 430//285 429//284 
f 426//281 431//286 430//285 
f 426//281 432//287 433//288 
f 433//288 434//289 426//281 
f 434//289 435//290 426//281 
f 435//290 431//286 426//281 
f 345//291 436//291 437//292 
f 437//292 337//293 345//291 
f 421//276 438//294 337//293 
f 352//295 439//295 436//291 
f 344//296 440//296 439//295 
f 341//297 441//297 440//296 
f 340//298 442//298 441//297 
f 349//299 443//299 442//298 
f 348//300 444//300 443//299 
f 347//301 445//301 444//300 
f 406//302 373//303 375//304 
f 406//302 372//305 373//303 
f 406//302 387//306 372//305 
f 446//307 362//308 364//309 
f 447//310 359//311 362//308 
f 362//308 446//307 447//310 
f 364//309 406//302 446//307 
f 448//312 357//313 359//311 
f 359//311 447//310 448//312 
f 364//309 366//314 406//302 
f 366//314 388//315 406//302 
f 388//315 369//316 406//302 
f 369//316 387//306 406//302 
f 347//301 339//317 449//318 
f 339//317 448//312 449//318 
f 449//318 445//301 347//301 
f 339//317 357//313 448//312 
f 375//304 384//319 406//302 
f 444//300 348//300 347//301 
f 443//299 349//299 348//300 
f 442//298 340//298 349//299 
f 441//297 341//297 340//298 
f 440//296 344//296 341//297 
f 439//295 352//295 344//296 
f 436//291 345//291 352//295 
f 437//292 421//276 337//293 
f 423//278 438//294 421//276 
f 416//320 396//320 400//321 
f 414//322 397//322 396//320 
f 413//323 401//323 397//322 
f 419//324 402//324 401//323 
f 418//325 404//325 402//324 
f 420//326 403//326 404//325 
f 407//327 395//327 403//326 
f 410//328 393//328 395//327 
f 409//329 394//329 393//328 
f 408//330 398//330 394//329 
f 412//331 399//331 398//330 
f 411//332 405//332 399//331 
f 406//333 405//332 411//332 
f 411//332 417//333 406//333 
f 450//334 446//334 406//333 
f 451//335 447//335 446//334 
f 452//336 449//336 448//337 
f 447//335 451//335 453//336 
f 451//335 454//337 453//336 
f 453//336 452//336 447//335 
f 448//337 447//335 452//336 
f 454//337 455//336 453//336 
f 446//334 450//334 451//335 
f 417//333 450//334 406//333 
f 399//331 412//331 411//332 
f 398//330 408//330 412//331 
f 394//329 409//329 408//330 
f 393//328 410//328 409//329 
f 395//327 407//327 410//328 
f 403//326 420//326 407//327 
f 404//325 418//325 420//326 
f 402//324 419//324 418//325 
f 401//323 413//323 419//324 
f 397//322 414//322 413//323 
f 396//320 416//320 414//322 
f 400//321 415//338 416//320 
f 454//339 451//340 360//341 
f 451//340 450//342 361//343 
f 450//342 417//344 363//345 
f 363//345 361//343 450//342 
f 417//344 365//346 363//345 
f 361//343 360//341 451//340 
f 417//344 367//347 365//346 
f 417//344 368//348 367//347 
f 417//344 370//349 368//348 
f 417//344 385//350 376//351 
f 376//351 374//352 417//344 
f 374//352 371//353 417//344 
f 371//353 370//349 417//344 
f 342//354 456//354 455//355 
f 455//355 343//356 342//354 
f 454//339 358//357 343//356 
f 456//354 342//354 346//358 
f 457//358 346//358 351//359 
f 458//359 351//359 350//360 
f 459//360 350//360 356//361 
f 460//361 356//361 355//362 
f 461//362 355//362 354//363 
f 462//363 354//363 353//364 
f 353//364 338//365 463//366 
f 338//365 464//367 463//366 
f 463//366 465//368 353//364 
f 466//369 467//370 468//371 
f 466//369 469//372 467//370 
f 466//369 470//373 469//372 
f 471//374 472//375 473//376 
f 474//377 475//378 472//375 
f 472//375 471//374 474//377 
f 473//376 466//369 471//374 
f 464//367 476//379 475//378 
f 475//378 474//377 464//367 
f 473//376 477//380 466//369 
f 477//380 478//381 466//369 
f 478//381 479//382 466//369 
f 479//382 470//373 466//369 
f 468//371 480//383 466//369 
f 338//365 476//379 464//367 
f 353//364 465//368 462//363 
f 354//363 462//363 461//362 
f 355//362 461//362 460//361 
f 356//361 460//361 459//360 
f 350//360 459//360 458//359 
f 351//359 458//359 457//358 
f 346//358 457//358 456//354 
f 455//355 454//339 343//356 
f 360//341 358//357 454//339 
f 481//384 482//385 483//385 
f 482//385 484//386 485//386 
f 484//386 486//387 487//387 
f 476//388 337//389 438//388 
f 438//388 475//390 476//388 
f 438//388 423//390 475//390 
f 423//390 425//391 472//391 
f 472//391 425//391 427//392 
f 473//392 427//392 428//393 
f 477//393 428//393 429//394 
f 429//394 430//395 479//395 
f 479//395 430//395 431//396 
f 431//396 435//397 469//397 
f 467//398 435//397 434//399 
f 434//399 468//400 467//398 
f 434//399 433//401 468//400 
f 480//402 433//401 432//402 
f 432//402 486//387 480//402 
f 432//402 487//387 486//387 
f 480//402 468//400 433//401 
f 467//398 469//397 435//397 
f 469//397 470//403 431//396 
f 431//396 470//403 479//395 
f 479//395 478//404 429//394 
f 429//394 478//404 477//393 
f 428//393 477//393 473//392 
f 427//392 473//392 472//391 
f 472//391 475//390 423//390 
f 476//388 338//405 337//389 
f 487//387 485//386 484//386 
f 485//386 483//385 482//385 
f 483//385 488//406 481//384 
f 489//406 481//406 488//406 
f 488//406 490//406 489//406 
f 491//407 487//407 432//407 
f 432//407 492//407 493//407 
f 432//407 493//407 491//407 
f 432//407 494//407 495//407 
f 488//407 496//407 497//407 
f 495//407 492//407 432//407 
f 490//407 488//407 498//407 
f 497//407 499//407 488//407 
f 432//407 500//407 494//407 
f 496//407 488//407 483//407 
f 499//407 498//407 488//407 
f 432//407 426//407 500//407 
f 501//407 485//407 487//407 
f 502//407 483//407 485//407 
f 498//407 503//407 490//407 
f 487//407 504//407 501//407 
f 483//407 502//407 496//407 
f 485//407 501//407 502//407 
f 491//407 504//407 487//407 
f 505//408 506//408 480//408 
f 480//408 486//408 505//408 
f 481//408 507//408 508//408 
f 480//408 509//408 510//408 
f 486//408 511//408 505//408 
f 481//408 512//408 507//408 
f 489//408 513//408 512//408 
f 506//408 509//408 480//408 
f 512//408 481//408 489//408 
f 514//408 515//408 482//408 
f 510//408 516//408 480//408 
f 482//408 481//408 514//408 
f 515//408 517//408 484//408 
f 517//408 511//408 486//408 
f 516//408 518//408 480//408 
f 484//408 482//408 515//408 
f 518//408 466//408 480//408 
f 486//408 484//408 517//408 
f 508//408 514//408 481//408 
f 513//409 503//409 498//409 
f 498//409 512//409 513//409 
f 489//410 490//410 503//410 
f 503//410 513//410 489//410 
f 512//409 498//409 499//411 
f 507//411 499//411 497//412 
f 508//412 497//412 496//413 
f 514//413 496//413 502//414 
f 515//414 502//414 501//415 
f 517//415 501//415 504//416 
f 511//416 504//416 491//417 
f 505//417 491//417 493//418 
f 506//418 493//418 492//419 
f 509//419 492//419 495//420 
f 510//420 495//420 494//421 
f 516//421 494//421 500//422 
f 500//422 426//423 466//423 
f 466//423 518//422 500//422 
f 424//424 471//424 466//423 
f 474//425 471//424 424//424 
f 519//426 463//426 464//427 
f 422//428 520//429 519//426 
f 519//426 474//425 422//428 
f 520//429 422//428 421//430 
f 421//430 437//429 520//429 
f 464//427 474//425 519//426 
f 424//424 422//428 474//425 
f 426//423 424//424 466//423 
f 500//422 518//422 516//421 
f 494//421 516//421 510//420 
f 495//420 510//420 509//419 
f 492//419 509//419 506//418 
f 493//418 506//418 505//417 
f 491//417 505//417 511//416 
f 504//416 511//416 517//415 
f 501//415 517//415 515//414 
f 502//414 515//414 514//413 
f 496//413 514//413 508//412 
f 497//412 508//412 507//411 
f 499//411 507//411 512//409 
f 442//431 443//431 521//431 
f 449//431 522//431 523//431 
f 437//431 524//431 525//431 
f 436//431 526//431 524//431 
f 441//431 527//431 528//431 
f 527//431 441//431 442//431 
f 443//431 444//431 529//431 
f 444//431 445//431 530//431 
f 445//431 449//431 531//431 
f 449//431 532//431 522//431 
f 524//431 437//431 436//431 
f 440//431 528//431 533//431 
f 521//431 527//431 442//431 
f 530//431 529//431 444//431 
f 523//431 531//431 449//431 
f 525//431 534//431 437//431 
f 439//431 533//431 526//431 
f 528//431 440//431 441//431 
f 531//431 530//431 445//431 
f 437//431 535//431 536//431 
f 526//431 436//431 439//431 
f 529//431 521//431 443//431 
f 449//431 452//431 537//431 
f 534//431 535//431 437//431 
f 537//431 532//431 449//431 
f 533//431 439//431 440//431 
f 536//431 520//431 437//431 
f 459//431 538//431 539//431 
f 463//431 540//431 541//431 
f 457//431 542//431 543//431 
f 458//431 539//431 542//431 
f 539//431 458//431 459//431 
f 460//431 461//431 544//431 
f 461//431 462//431 545//431 
f 462//431 465//431 546//431 
f 465//431 463//431 547//431 
f 463//431 548//431 540//431 
f 455//431 549//431 550//431 
f 542//431 457//431 458//431 
f 544//431 538//431 460//431 
f 546//431 545//431 462//431 
f 541//431 547//431 463//431 
f 550//431 551//431 455//431 
f 456//431 543//431 549//431 
f 459//431 460//431 538//431 
f 547//431 546//431 465//431 
f 455//431 552//431 553//431 
f 549//431 455//431 456//431 
f 545//431 544//431 461//431 
f 463//431 519//431 554//431 
f 551//431 552//431 455//431 
f 554//431 548//431 463//431 
f 543//431 456//431 457//431 
f 553//431 453//431 455//431 
f 555//432 556//432 557//433 
f 558//433 557//433 559//434 
f 560//434 559//434 561//435 
f 562//435 561//435 563//436 
f 564//436 563//436 565//437 
f 566//437 565//437 567//438 
f 568//438 567//438 569//439 
f 570//439 569//439 571//440 
f 572//440 571//440 573//441 
f 574//441 573//441 575//442 
f 576//443 577//443 578//444 
f 578//444 575//442 576//443 
f 577//443 576//443 579//445 
f 580//445 579//445 581//446 
f 582//446 581//446 583//447 
f 584//447 583//447 585//448 
f 586//448 585//448 587//449 
f 588//449 587//449 589//450 
f 590//450 589//450 591//451 
f 592//451 591//451 593//452 
f 594//452 593//452 595//453 
f 596//453 595//453 597//454 
f 598//454 597//454 599//455 
f 600//455 599//455 601//456 
f 602//456 601//456 603//457 
f 604//457 603//457 605//458 
f 606//458 605//458 607//459 
f 608//459 607//459 609//460 
f 610//460 609//460 611//461 
f 612//461 611//461 613//462 
f 614//462 613//462 615//463 
f 616//463 615//463 617//464 
f 618//464 617//464 619//465 
f 620//465 619//465 621//466 
f 622//466 621//466 623//467 
f 624//467 623//467 625//468 
f 626//468 625//468 627//469 
f 628//469 627//469 629//470 
f 630//470 629//470 631//471 
f 632//471 631//471 633//472 
f 634//472 633//472 635//473 
f 636//473 635//473 637//474 
f 638//474 637//474 639//475 
f 640//475 639//475 641//476 
f 642//476 641//476 643//477 
f 644//477 643//477 645//478 
f 646//478 645//478 647//479 
f 648//479 647//479 649//480 
f 650//480 649//480 651//481 
f 652//481 651//481 653//482 
f 654//482 653//482 655//483 
f 656//483 655//483 657//484 
f 658//484 657//484 659//485 
f 660//485 659//485 661//486 
f 662//486 661//486 663//487 
f 663//487 664//488 662//486 
f 664//488 665//488 666//489 
f 667//489 666//489 668//490 
f 669//490 668//490 670//491 
f 671//491 670//491 556//432 
f 556//432 555//432 671//491 
f 670//491 671//491 669//490 
f 668//490 669//490 667//489 
f 666//489 667//489 664//488 
f 663//487 665//488 664//488 
f 661//486 662//486 660//485 
f 659//485 660//485 658//484 
f 657//484 658//484 656//483 
f 655//483 656//483 654//482 
f 653//482 654//482 652//481 
f 651//481 652//481 650//480 
f 649//480 650//480 648//479 
f 647//479 648//479 646//478 
f 645//478 646//478 644//477 
f 643//477 644//477 642//476 
f 641//476 642//476 640//475 
f 639//475 640//475 638//474 
f 637//474 638//474 636//473 
f 635//473 636//473 634//472 
f 633//472 634//472 632//471 
f 631//471 632//471 630//470 
f 629//470 630//470 628//469 
f 627//469 628//469 626//468 
f 625//468 626//468 624//467 
f 623//467 624//467 622//466 
f 621//466 622//466 620//465 
f 619//465 620//465 618//464 
f 617//464 618//464 616//463 
f 615//463 616//463 614//462 
f 613//462 614//462 612//461 
f 611//461 612//461 610//460 
f 609//460 610//460 608//459 
f 607//459 608//459 606//458 
f 605//458 606//458 604//457 
f 603//457 604//457 602//456 
f 601//456 602//456 600//455 
f 599//455 600//455 598//454 
f 597//454 598//454 596//453 
f 595//453 596//453 594//452 
f 593//452 594//452 592//451 
f 591//451 592//451 590//450 
f 589//450 590//450 588//449 
f 587//449 588//449 586//448 
f 585//448 586//448 584//447 
f 583//447 584//447 582//446 
f 581//446 582//446 580//445 
f 579//445 580//445 577//443 
f 578//444 672//492 575//442 
f 575//442 672//492 574//441 
f 573//441 574//441 572//440 
f 571//440 572//440 570//439 
f 569//439 570//439 568//438 
f 567//438 568//438 566//437 
f 565//437 566//437 564//436 
f 563//436 564//436 562//435 
f 561//435 562//435 560//434 
f 559//434 560//434 558//433 
f 557//433 558//433 555//432 
f 673//493 674//494 675//494 
f 676//495 673//493 677//496 
f 678//497 676//495 679//498 
f 680//499 678//497 681//500 
f 682//501 680//499 683//502 
f 684//503 682//501 685//504 
f 686//505 684//503 687//506 
f 688//507 686//505 689//508 
f 690//509 688//507 691//510 
f 692//511 690//509 693//512 
f 694//513 692//511 695//514 
f 696//515 694//513 697//516 
f 698//517 696//515 699//518 
f 700//519 698//517 701//520 
f 702//521 700//519 703//522 
f 704//523 702//521 705//524 
f 706//525 704//523 707//526 
f 708//527 706//525 709//528 
f 710//529 708//527 711//530 
f 712//531 710//529 713//532 
f 714//533 712//531 715//534 
f 716//535 714//533 717//536 
f 718//537 716//535 719//538 
f 720//539 718//537 721//540 
f 722//541 720//539 723//542 
f 724//543 722//541 725//544 
f 726//545 724//543 727//546 
f 728//547 726//545 729//548 
f 730//549 728//547 731//550 
f 732//551 730//549 733//552 
f 734//553 732//551 735//554 
f 736//555 734//553 737//556 
f 738//557 736//555 739//558 
f 740//559 738//557 741//560 
f 742//561 740//559 743//562 
f 744//563 742//561 745//564 
f 746//565 744//563 747//566 
f 748//567 746//565 749//568 
f 750//569 748//567 751//570 
f 752//571 750//569 753//572 
f 754//573 752//571 755//574 
f 756//575 754//573 757//576 
f 758//577 756//575 759//578 
f 760//579 758//577 761//580 
f 762//581 760//579 763//582 
f 764//583 762//581 765//584 
f 766//585 764//583 767//586 
f 768//587 766//585 769//588 
f 770//589 768//587 771//590 
f 772//591 770//589 773//592 
f 774//593 772//591 775//594 
f 776//595 774//593 777//596 
f 778//597 776//595 779//598 
f 780//599 778//597 781//600 
f 782//601 780//599 783//602 
f 784//603 782//601 785//604 
f 786//605 784//603 787//606 
f 674//494 786//605 788//605 
f 788//605 675//494 674//494 
f 787//606 788//605 786//605 
f 785//604 787//606 784//603 
f 783//602 785//604 782//601 
f 781//600 783//602 780//599 
f 779//598 781//600 778//597 
f 777//596 779//598 776//595 
f 775//594 777//596 774//593 
f 773//592 775//594 772//591 
f 771//590 773//592 770//589 
f 769//588 771//590 768//587 
f 767//586 769//588 766//585 
f 765//584 767//586 764//583 
f 763//582 765//584 762//581 
f 761//580 763//582 760//579 
f 759//578 761//580 758//577 
f 757//576 759//578 756//575 
f 755//574 757//576 754//573 
f 753//572 755//574 752//571 
f 751//570 753//572 750//569 
f 749//568 751//570 748//567 
f 747//566 749//568 746//565 
f 745//564 747//566 744//563 
f 743//562 745//564 742//561 
f 741//560 743//562 740//559 
f 739//558 741//560 738//557 
f 737//556 739//558 736//555 
f 735//554 737//556 734//553 
f 733//552 735//554 732//551 
f 731//550 733//552 730//549 
f 729//548 731//550 728//547 
f 727//546 729//548 726//545 
f 725//544 727//546 724//543 
f 723//542 725//544 722//541 
f 721//540 723//542 720//539 
f 719//538 721//540 718//537 
f 717//536 719//538 716//535 
f 715//534 717//536 714//533 
f 713//532 715//534 712//531 
f 711//530 713//532 710//529 
f 709//528 711//530 708//527 
f 707//526 709//528 706//525 
f 705//524 707//526 704//523 
f 703//522 705//524 702//521 
f 701//520 703//522 700//519 
f 699//518 701//520 698//517 
f 697//516 699//518 696//515 
f 695//514 697//516 694//513 
f 693//512 695//514 692//511 
f 691//510 693//512 690//509 
f 689//508 691//510 688//507 
f 687//506 689//508 686//505 
f 685//504 687//506 684//503 
f 683//502 685//504 682//501 
f 681//500 683//502 680//499 
f 679//498 681//500 678//497 
f 677//496 679//498 676//495 
f 675//494 677//496 673//493 
f 789//607 703//607 701//607 
f 701//607 790//607 791//607 
f 701//607 792//607 793//607 
f 793//607 790//607 701//607 
f 794//607 795//607 796//607 
f 795//607 797//607 798//607 
f 701//607 799//607 792//607 
f 800//607 801//607 802//607 
f 803//607 794//607 804//607 
f 798//607 796//607 795//607 
f 701//607 805//607 799//607 
f 806//607 807//607 800//607 
f 801//607 808//607 809//607 
f 808//607 803//607 810//607 
f 796//607 804//607 794//607 
f 701//607 811//607 805//607 
f 701//607 812//607 813//607 
f 814//607 815//607 816//607 
f 809//607 802//607 801//607 
f 804//607 810//607 803//607 
f 817//607 818//607 819//607 
f 818//607 820//607 821//607 
f 815//607 822//607 823//607 
f 813//607 811//607 701//607 
f 816//607 701//607 814//607 
f 824//607 705//607 703//607 
f 825//607 707//607 705//607 
f 826//607 713//607 711//607 
f 827//607 715//607 713//607 
f 828//607 829//607 830//607 
f 828//607 831//607 832//607 
f 833//607 834//607 835//607 
f 810//607 809//607 808//607 
f 797//607 836//607 837//607 
f 836//607 817//607 838//607 
f 821//607 819//607 818//607 
f 839//607 840//607 841//607 
f 840//607 842//607 843//607 
f 822//607 844//607 845//607 
f 823//607 846//607 815//607 
f 816//607 812//607 701//607 
f 705//607 824//607 825//607 
f 847//607 711//607 709//607 
f 713//607 826//607 827//607 
f 848//607 719//607 717//607 
f 849//607 721//607 719//607 
f 832//607 829//607 828//607 
f 828//607 850//607 851//607 
f 835//607 852//607 833//607 
f 853//607 854//607 855//607 
f 856//607 857//607 854//607 
f 858//607 859//607 860//607 
f 861//607 862//607 859//607 
f 863//607 864//607 862//607 
f 865//607 866//607 864//607 
f 837//607 798//607 797//607 
f 819//607 838//607 817//607 
f 820//607 839//607 867//607 
f 843//607 841//607 840//607 
f 846//607 816//607 815//607 
f 703//607 789//607 824//607 
f 868//607 709//607 707//607 
f 711//607 847//607 826//607 
f 869//607 717//607 715//607 
f 719//607 848//607 849//607 
f 830//607 870//607 828//607 
f 828//607 871//607 850//607 
f 872//607 788//607 787//607 
f 852//607 873//607 874//607 
f 835//607 875//607 852//607 
f 876//607 855//607 834//607 
f 854//607 853//607 856//607 
f 877//607 878//607 879//607 
f 880//607 881//607 878//607 
f 882//607 860//607 881//607 
f 859//607 858//607 861//607 
f 864//607 863//607 865//607 
f 883//607 884//607 866//607 
f 885//607 886//607 884//607 
f 807//607 806//607 886//607 
f 838//607 837//607 836//607 
f 841//607 867//607 839//607 
f 887//607 888//607 889//607 
f 890//607 891//607 887//607 
f 844//607 890//607 892//607 
f 701//607 791//607 789//607 
f 709//607 868//607 847//607 
f 717//607 869//607 848//607 
f 851//607 831//607 828//607 
f 747//607 745//607 893//607 
f 787//607 785//607 872//607 
f 894//607 685//607 683//607 
f 895//607 896//607 897//607 
f 898//607 874//607 899//607 
f 875//607 873//607 852//607 
f 855//607 876//607 853//607 
f 900//607 901//607 857//607 
f 902//607 903//607 901//607 
f 904//607 905//607 903//607 
f 878//607 877//607 880//607 
f 860//607 882//607 858//607 
f 866//607 865//607 883//607 
f 886//607 885//607 807//607 
f 867//607 821//607 820//607 
f 889//607 842//607 887//607 
f 892//607 845//607 844//607 
f 701//607 906//607 814//607 
f 715//607 827//607 869//607 
f 745//607 907//607 908//607 
f 745//607 743//607 909//607 
f 828//607 910//607 871//607 
f 893//607 828//607 747//607 
f 747//607 828//607 911//607 
f 749//607 911//607 912//607 
f 872//607 777//607 775//607 
f 872//607 781//607 779//607 
f 785//607 783//607 872//607 
f 894//607 687//607 685//607 
f 895//607 913//607 896//607 
f 914//607 897//607 915//607 
f 916//607 915//607 898//607 
f 874//607 898//607 852//607 
f 857//607 856//607 900//607 
f 903//607 902//607 904//607 
f 917//607 918//607 905//607 
f 919//607 920//607 918//607 
f 921//607 879//607 920//607 
f 881//607 880//607 882//607 
f 884//607 883//607 885//607 
f 889//607 843//607 842//607 
f 887//607 892//607 890//607 
f 707//607 825//607 868//607 
f 922//607 723//607 721//607 
f 923//607 725//607 723//607 
f 909//607 907//607 745//607 
f 828//607 924//607 910//607 
f 828//607 925//607 926//607 
f 893//607 927//607 828//607 
f 912//607 751//607 749//607 
f 751//607 912//607 928//607 
f 753//607 928//607 929//607 
f 755//607 929//607 930//607 
f 872//607 771//607 769//607 
f 775//607 773//607 872//607 
f 783//607 781//607 872//607 
f 788//607 872//607 894//607 
f 683//607 681//607 894//607 
f 915//607 931//607 914//607 
f 898//607 932//607 916//607 
f 834//607 833//607 876//607 
f 905//607 904//607 917//607 
f 920//607 919//607 921//607 
f 862//607 861//607 863//607 
f 891//607 888//607 887//607 
f 701//607 894//607 906//607 
f 723//607 922//607 923//607 
f 933//607 727//607 725//607 
f 743//607 741//607 934//607 
f 908//607 935//607 745//607 
f 828//607 936//607 924//607 
f 927//607 925//607 828//607 
f 928//607 753//607 751//607 
f 930//607 757//607 755//607 
f 757//607 930//607 937//607 
f 759//607 937//607 938//607 
f 769//607 767//607 872//607 
f 779//607 777//607 872//607 
f 894//607 677//607 675//607 
f 681//607 679//607 894//607 
f 916//607 931//607 915//607 
f 901//607 900//607 902//607 
f 879//607 921//607 877//607 
f 845//607 823//607 822//607 
f 725//607 923//607 933//607 
f 939//607 731//607 729//607 
f 940//607 733//607 731//607 
f 739//607 737//607 941//607 
f 741//607 739//607 942//607 
f 935//607 893//607 745//607 
f 926//607 936//607 828//607 
f 929//607 755//607 753//607 
f 938//607 761//607 759//607 
f 773//607 771//607 872//607 
f 679//607 677//607 894//607 
f 894//607 693//607 691//607 
f 894//607 699//607 697//607 
f 765//607 913//607 943//607 
f 913//607 895//607 944//607 
f 898//607 945//607 932//607 
f 918//607 917//607 919//607 
f 721//607 849//607 922//607 
f 946//607 729//607 727//607 
f 731//607 939//607 940//607 
f 941//607 942//607 739//607 
f 942//607 947//607 741//607 
f 870//607 948//607 828//607 
f 937//607 759//607 757//607 
f 763//607 938//607 913//607 
f 894//607 675//607 788//607 
f 691//607 689//607 894//607 
f 894//607 701//607 699//607 
f 943//607 949//607 765//607 
f 897//607 914//607 895//607 
f 802//607 806//607 800//607 
f 729//607 946//607 939//607 
f 940//607 941//607 735//607 
f 947//607 934//607 741//607 
f 911//607 749//607 747//607 
f 913//607 765//607 763//607 
f 689//607 687//607 894//607 
f 697//607 695//607 894//607 
f 944//607 943//607 913//607 
f 727//607 933//607 946//607 
f 828//607 950//607 951//607 
f 828//607 952//607 953//607 
f 828//607 948//607 954//607 
f 737//607 735//607 941//607 
f 763//607 761//607 938//607 
f 695//607 693//607 894//607 
f 899//607 945//607 898//607 
f 953//607 950//607 828//607 
f 954//607 955//607 828//607 
f 934//607 909//607 743//607 
f 949//607 872//607 765//607 
f 956//607 957//607 828//607 
f 955//607 952//607 828//607 
f 767//607 765//607 872//607 
f 951//607 958//607 828//607 
f 828//607 958//607 956//607 
f 735//607 733//607 940//607 
f 959//608 940//608 939//609 
f 960//609 939//609 946//610 
f 961//610 946//610 933//611 
f 962//611 933//611 923//612 
f 963//612 923//612 922//613 
f 964//613 922//613 849//614 
f 965//614 849//614 848//615 
f 966//615 848//615 869//616 
f 967//616 869//616 827//617 
f 968//617 827//617 826//618 
f 969//618 826//618 847//619 
f 970//619 847//619 868//620 
f 971//620 868//620 825//621 
f 972//621 825//621 824//622 
f 973//622 824//622 789//623 
f 974//623 789//623 791//624 
f 975//624 791//624 790//625 
f 976//625 790//625 793//626 
f 977//626 793//626 792//627 
f 978//627 792//627 799//628 
f 799//628 979//628 978//627 
f 792//627 978//627 977//626 
f 793//626 977//626 976//625 
f 790//625 976//625 975//624 
f 791//624 975//624 974//623 
f 789//623 974//623 973//622 
f 824//622 973//622 972//621 
f 825//621 972//621 971//620 
f 868//620 971//620 970//619 
f 847//619 970//619 969//618 
f 826//618 969//618 968//617 
f 827//617 968//617 967//616 
f 869//616 967//616 966//615 
f 848//615 966//615 965//614 
f 849//614 965//614 964//613 
f 922//613 964//613 963//612 
f 923//612 963//612 962//611 
f 933//611 962//611 961//610 
f 946//610 961//610 960//609 
f 939//609 960//609 959//608 
f 980//629 979//628 799//628 
f 981//630 980//629 805//629 
f 982//631 981//630 811//630 
f 983//632 982//631 813//631 
f 984//633 983//632 812//632 
f 985//634 984//633 816//633 
f 986//635 985//634 846//634 
f 987//636 986//635 823//635 
f 988//637 987//636 845//636 
f 989//638 988//637 892//637 
f 990//639 989//638 887//638 
f 887//638 842//639 990//639 
f 892//637 887//638 989//638 
f 845//636 892//637 988//637 
f 823//635 845//636 987//636 
f 846//634 823//635 986//635 
f 816//633 846//634 985//634 
f 812//632 816//633 984//633 
f 813//631 812//632 983//632 
f 811//630 813//631 982//631 
f 805//629 811//630 981//630 
f 799//628 805//629 980//629 
f 990//639 842//639 840//640 
f 991//640 840//640 839//641 
f 992//641 839//641 820//642 
f 993//642 820//642 818//643 
f 994//643 818//643 817//644 
f 995//644 817//644 836//645 
f 996//645 836//645 797//646 
f 997//646 797//646 795//647 
f 998//647 795//647 794//648 
f 999//648 794//648 803//649 
f 1000//649 803//649 808//650 
f 1001//650 808//650 801//651 
f 1002//651 801//651 800//652 
f 1003//652 800//652 807//653 
f 1004//653 807//653 885//654 
f 1005//654 885//654 883//655 
f 1006//655 883//655 865//656 
f 1007//656 865//656 863//657 
f 1008//657 863//657 861//658 
f 1009//658 861//658 858//659 
f 1010//659 858//659 882//660 
f 1011//660 882//660 880//661 
f 1012//661 880//661 877//662 
f 1013//662 877//662 921//663 
f 1014//663 921//663 919//664 
f 1015//664 919//664 917//665 
f 1016//665 917//665 904//666 
f 1017//666 904//666 902//667 
f 1018//667 902//667 900//668 
f 1019//668 900//668 856//669 
f 1020//669 856//669 853//670 
f 1021//670 853//670 876//671 
f 1022//671 876//671 833//672 
f 1023//672 833//672 852//673 
f 852//673 1024//673 1023//672 
f 833//672 1023//672 1022//671 
f 876//671 1022//671 1021//670 
f 853//670 1021//670 1020//669 
f 856//669 1020//669 1019//668 
f 900//668 1019//668 1018//667 
f 902//667 1018//667 1017//666 
f 904//666 1017//666 1016//665 
f 917//665 1016//665 1015//664 
f 919//664 1015//664 1014//663 
f 921//663 1014//663 1013//662 
f 877//662 1013//662 1012//661 
f 880//661 1012//661 1011//660 
f 882//660 1011//660 1010//659 
f 858//659 1010//659 1009//658 
f 861//658 1009//658 1008//657 
f 863//657 1008//657 1007//656 
f 865//656 1007//656 1006//655 
f 883//655 1006//655 1005//654 
f 885//654 1005//654 1004//653 
f 807//653 1004//653 1003//652 
f 800//652 1003//652 1002//651 
f 801//651 1002//651 1001//650 
f 808//650 1001//650 1000//649 
f 803//649 1000//649 999//648 
f 794//648 999//648 998//647 
f 795//647 998//647 997//646 
f 797//646 997//646 996//645 
f 836//645 996//645 995//644 
f 817//644 995//644 994//643 
f 818//643 994//643 993//642 
f 820//642 993//642 992//641 
f 839//641 992//641 991//640 
f 840//640 991//640 990//639 
f 1025//674 1024//673 852//673 
f 1026//675 1025//674 898//674 
f 1027//676 1026//675 915//675 
f 1028//677 1027//676 897//676 
f 1029//678 1028//677 896//677 
f 1030//679 1029//678 913//678 
f 913//678 938//679 1030//679 
f 896//677 913//678 1029//678 
f 897//676 896//677 1028//677 
f 915//675 897//676 1027//676 
f 898//674 915//675 1026//675 
f 852//673 898//674 1025//674 
f 1031//680 1032//681 859//681 
f 1033//682 1031//680 862//683 
f 1034//684 1033//682 864//685 
f 1035//686 1034//684 866//687 
f 1036//688 1035//686 884//689 
f 1037//690 1036//688 886//691 
f 1038//692 1037//690 806//693 
f 1039//694 1038//692 802//695 
f 1040//696 1039//694 809//697 
f 1041//698 1040//696 810//699 
f 1042//700 1041//698 804//701 
f 1043//702 1042//700 796//703 
f 1044//704 1043//702 798//705 
f 1045//706 1044//704 837//707 
f 1046//708 1045//706 838//709 
f 1047//710 1046//708 819//711 
f 1048//712 1047//710 821//713 
f 1049//714 1048//712 867//715 
f 1050//716 1049//714 841//717 
f 1051//718 1050//716 843//719 
f 1052//720 1051//718 889//721 
f 1053//722 1052//720 888//723 
f 1054//724 1053//722 891//725 
f 1055//726 1054//724 890//727 
f 1056//728 1055//726 844//729 
f 1057//730 1056//728 822//731 
f 1058//732 1057//730 815//733 
f 1059//734 1058//732 814//735 
f 1060//736 1059//734 906//737 
f 1061//738 1060//736 894//739 
f 1062//740 1061//738 872//741 
f 1063//742 1062//740 949//743 
f 1064//744 1063//742 943//745 
f 1065//746 1064//744 944//747 
f 1066//748 1065//746 895//749 
f 1067//750 1066//748 914//751 
f 1068//752 1067//750 931//753 
f 1069//754 1068//752 916//755 
f 1070//756 1069//754 932//757 
f 1071//758 1070//756 945//759 
f 1072//760 1071//758 899//761 
f 1073//762 1072//760 874//763 
f 1074//764 1073//762 873//765 
f 1075//766 1074//764 875//767 
f 1076//768 1075//766 835//769 
f 1077//770 1076//768 834//771 
f 1078//772 1077//770 855//773 
f 1079//774 1078//772 854//775 
f 1080//776 1079//774 857//777 
f 1081//778 1080//776 901//779 
f 1082//780 1081//778 903//781 
f 1083//782 1082//780 905//783 
f 1084//784 1083//782 918//785 
f 1085//786 1084//784 920//787 
f 1086//788 1085//786 879//789 
f 1087//790 1086//788 878//791 
f 1088//792 1087//790 881//793 
f 1032//681 1088//792 860//792 
f 860//792 859//681 1032//681 
f 881//793 860//792 1088//792 
f 878//791 881//793 1087//790 
f 879//789 878//791 1086//788 
f 920//787 879//789 1085//786 
f 918//785 920//787 1084//784 
f 905//783 918//785 1083//782 
f 903//781 905//783 1082//780 
f 901//779 903//781 1081//778 
f 857//777 901//779 1080//776 
f 854//775 857//777 1079//774 
f 855//773 854//775 1078//772 
f 834//771 855//773 1077//770 
f 835//769 834//771 1076//768 
f 875//767 835//769 1075//766 
f 873//765 875//767 1074//764 
f 874//763 873//765 1073//762 
f 899//761 874//763 1072//760 
f 945//759 899//761 1071//758 
f 932//757 945//759 1070//756 
f 916//755 932//757 1069//754 
f 931//753 916//755 1068//752 
f 914//751 931//753 1067//750 
f 895//749 914//751 1066//748 
f 944//747 895//749 1065//746 
f 943//745 944//747 1064//744 
f 949//743 943//745 1063//742 
f 872//741 949//743 1062//740 
f 894//739 872//741 1061//738 
f 906//737 894//739 1060//736 
f 814//735 906//737 1059//734 
f 815//733 814//735 1058//732 
f 822//731 815//733 1057//730 
f 844//729 822//731 1056//728 
f 890//727 844//729 1055//726 
f 891//725 890//727 1054//724 
f 888//723 891//725 1053//722 
f 889//721 888//723 1052//720 
f 843//719 889//721 1051//718 
f 841//717 843//719 1050//716 
f 867//715 841//717 1049//714 
f 821//713 867//715 1048//712 
f 819//711 821//713 1047//710 
f 838//709 819//711 1046//708 
f 837//707 838//709 1045//706 
f 798//705 837//707 1044//704 
f 796//703 798//705 1043//702 
f 804//701 796//703 1042//700 
f 810//699 804//701 1041//698 
f 809//697 810//699 1040//696 
f 802//695 809//697 1039//694 
f 806//693 802//695 1038//692 
f 886//691 806//693 1037//690 
f 884//689 886//691 1036//688 
f 866//687 884//689 1035//686 
f 864//685 866//687 1034//684 
f 862//683 864//685 1033//682 
f 859//681 862//683 1031//680 
f 1089//794 958//794 951//795 
f 1090//795 951//795 950//796 
f 1091//796 950//796 953//797 
f 1092//797 953//797 952//798 
f 1093//798 952//798 955//799 
f 1094//799 955//799 954//800 
f 1095//800 954//800 948//801 
f 1096//801 948//801 870//802 
f 1097//802 870//802 830//803 
f 1098//803 830//803 829//804 
f 1099//804 829//804 832//805 
f 1100//805 832//805 831//806 
f 1101//806 831//806 851//807 
f 1102//807 851//807 850//808 
f 1103//808 850//808 871//809 
f 871//809 1104//809 1103//808 
f 850//808 1103//808 1102//807 
f 851//807 1102//807 1101//806 
f 831//806 1101//806 1100//805 
f 832//805 1100//805 1099//804 
f 829//804 1099//804 1098//803 
f 830//803 1098//803 1097//802 
f 870//802 1097//802 1096//801 
f 948//801 1096//801 1095//800 
f 954//800 1095//800 1094//799 
f 955//799 1094//799 1093//798 
f 952//798 1093//798 1092//797 
f 953//797 1092//797 1091//796 
f 950//796 1091//796 1090//795 
f 951//795 1090//795 1089//794 
f 871//809 910//809 1105//809 
f 1105//809 1104//809 871//809 
f 1057//810 985//810 986//810 
f 1057//810 984//810 985//810 
f 1061//810 782//810 784//810 
f 1059//810 686//810 982//810 
f 980//810 686//810 688//810 
f 1057//810 983//810 984//810 
f 1056//810 986//810 987//810 
f 1061//810 780//810 782//810 
f 1106//810 1107//810 1108//810 
f 1106//810 1109//810 1110//810 
f 1106//810 1111//810 1112//810 
f 686//810 981//810 982//810 
f 688//810 979//810 980//810 
f 1058//810 982//810 983//810 
f 987//810 1055//810 1056//810 
f 1061//810 778//810 780//810 
f 1061//810 774//810 776//810 
f 1106//810 1113//810 1107//810 
f 1112//810 1109//810 1106//810 
f 1059//810 678//810 680//810 
f 977//810 978//810 692//810 
f 978//810 979//810 690//810 
f 980//810 981//810 686//810 
f 986//810 1056//810 1057//810 
f 776//810 778//810 1061//810 
f 1061//810 770//810 772//810 
f 1110//810 1113//810 1106//810 
f 1059//810 676//810 678//810 
f 976//810 977//810 694//810 
f 690//810 692//810 978//810 
f 983//810 1057//810 1058//810 
f 772//810 774//810 1061//810 
f 1061//810 766//810 768//810 
f 1114//810 760//810 762//810 
f 1114//810 756//810 758//810 
f 740//810 1114//810 1115//810 
f 1023//810 1024//810 1075//810 
f 1064//810 1065//810 1116//810 
f 1063//810 1117//810 1118//810 
f 1111//810 1119//810 1120//810 
f 1108//810 1121//810 1106//810 
f 1062//810 1122//810 1123//810 
f 1059//810 673//810 676//810 
f 674//810 1059//810 1060//810 
f 692//810 694//810 977//810 
f 982//810 1058//810 1059//810 
f 768//810 770//810 1061//810 
f 1061//810 762//810 764//810 
f 758//810 760//810 1114//810 
f 1115//810 738//810 740//810 
f 1024//810 1074//810 1075//810 
f 1116//810 1124//810 1064//810 
f 1063//810 1125//810 1117//810 
f 1120//810 1063//810 1111//810 
f 1106//810 1126//810 1111//810 
f 1062//810 1127//810 1122//810 
f 680//810 682//810 1059//810 
f 1060//810 786//810 674//810 
f 975//810 976//810 696//810 
f 688//810 690//810 979//810 
f 764//810 766//810 1061//810 
f 1114//810 754//810 756//810 
f 1114//810 750//810 752//810 
f 740//810 742//810 1114//810 
f 738//810 1115//810 1128//810 
f 1007//810 1008//810 1033//810 
f 1008//810 1009//810 1031//810 
f 1009//810 1010//810 1032//810 
f 1010//810 1011//810 1088//810 
f 1016//810 1017//810 1082//810 
f 1017//810 1018//810 1081//810 
f 1020//810 1021//810 1078//810 
f 1021//810 1022//810 1077//810 
f 1022//810 1023//810 1076//810 
f 1024//810 1073//810 1074//810 
f 1024//810 1025//810 1072//810 
f 1025//810 1070//810 1071//810 
f 1068//810 1069//810 1025//810 
f 1116//810 1030//810 1129//810 
f 1116//810 1065//810 1029//810 
f 1065//810 1066//810 1027//810 
f 1124//810 1130//810 1064//810 
f 1120//810 1125//810 1063//810 
f 1126//810 1131//810 1111//810 
f 1062//810 1132//810 1114//810 
f 1062//810 1118//810 1127//810 
f 682//810 684//810 1059//810 
f 674//810 673//810 1059//810 
f 974//810 975//810 698//810 
f 694//810 696//810 976//810 
f 762//810 1061//810 1114//810 
f 1114//810 748//810 750//810 
f 1114//810 744//810 746//810 
f 1128//810 736//810 738//810 
f 989//810 990//810 1051//810 
f 1004//810 1005//810 1036//810 
f 1005//810 1006//810 1035//810 
f 1006//810 1007//810 1034//810 
f 1031//810 1033//810 1008//810 
f 1088//810 1032//810 1010//810 
f 1011//810 1012//810 1087//810 
f 1012//810 1013//810 1086//810 
f 1013//810 1014//810 1085//810 
f 1081//810 1082//810 1017//810 
f 1018//810 1019//810 1080//810 
f 1019//810 1020//810 1079//810 
f 1077//810 1078//810 1021//810 
f 1075//810 1076//810 1023//810 
f 1071//810 1072//810 1025//810 
f 1026//810 1067//810 1068//810 
f 1029//810 1030//810 1116//810 
f 1027//810 1028//810 1065//810 
f 1130//810 1133//810 1064//810 
f 1063//810 1064//810 1134//810 
f 1131//810 1119//810 1111//810 
f 1123//810 1132//810 1062//810 
f 1060//810 1061//810 786//810 
f 696//810 698//810 975//810 
f 752//810 754//810 1114//810 
f 742//810 744//810 1114//810 
f 990//810 1050//810 1051//810 
f 991//810 1049//810 1050//810 
f 992//810 1048//810 1049//810 
f 994//810 1046//810 1047//810 
f 995//810 1045//810 1046//810 
f 998//810 1042//810 1043//810 
f 999//810 1041//810 1042//810 
f 1035//810 1036//810 1005//810 
f 1033//810 1034//810 1007//810 
f 1087//810 1088//810 1011//810 
f 1085//810 1086//810 1013//810 
f 1080//810 1081//810 1018//810 
f 1078//810 1079//810 1020//810 
f 1072//810 1073//810 1024//810 
f 1025//810 1026//810 1068//810 
f 1066//810 1067//810 1026//810 
f 1028//810 1029//810 1065//810 
f 1134//810 1111//810 1063//810 
f 1114//810 1061//810 1062//810 
f 698//810 700//810 974//810 
f 746//810 748//810 1114//810 
f 1055//810 987//810 988//810 
f 1054//810 988//810 989//810 
f 1051//810 1052//810 989//810 
f 1049//810 991//810 992//810 
f 993//810 1047//810 1048//810 
f 1046//810 994//810 995//810 
f 1042//810 998//810 999//810 
f 1000//810 1040//810 1041//810 
f 1034//810 1035//810 1006//810 
f 1086//810 1087//810 1012//810 
f 1014//810 1015//810 1084//810 
f 1015//810 1016//810 1083//810 
f 1079//810 1080//810 1019//810 
f 1069//810 1070//810 1025//810 
f 1129//810 1135//810 1116//810 
f 1118//810 1062//810 1063//810 
f 784//810 786//810 1061//810 
f 989//810 1053//810 1054//810 
f 1050//810 990//810 991//810 
f 1047//810 993//810 994//810 
f 736//810 1128//810 1136//810 
f 997//810 1043//810 1044//810 
f 1041//810 999//810 1000//810 
f 1003//810 1037//810 1038//810 
f 1032//810 1031//810 1009//810 
f 1083//810 1084//810 1015//810 
f 1076//810 1077//810 1022//810 
f 1133//810 1134//810 1064//810 
f 988//810 1054//810 1055//810 
f 1048//810 992//810 993//810 
f 1136//810 732//810 734//810 
f 959//810 730//810 732//810 
f 959//810 960//810 728//810 
f 960//810 961//810 726//810 
f 963//810 964//810 720//810 
f 964//810 965//810 718//810 
f 965//810 966//810 716//810 
f 966//810 967//810 714//810 
f 1134//810 1137//810 1138//810 
f 1043//810 997//810 998//810 
f 1001//810 1039//810 1040//810 
f 1002//810 1038//810 1039//810 
f 1038//810 1002//810 1003//810 
f 1084//810 1085//810 1014//810 
f 1026//810 1027//810 1066//810 
f 1052//810 1053//810 989//810 
f 732//810 1136//810 959//810 
f 726//810 728//810 960//810 
f 961//810 962//810 724//810 
f 962//810 963//810 722//810 
f 718//810 720//810 964//810 
f 714//810 716//810 966//810 
f 967//810 968//810 712//810 
f 968//810 969//810 710//810 
f 969//810 970//810 708//810 
f 1138//810 1139//810 1134//810 
f 1040//810 1000//810 1001//810 
f 1003//810 1004//810 1037//810 
f 1082//810 1083//810 1016//810 
f 1136//810 734//810 736//810 
f 724//810 726//810 961//810 
f 720//810 722//810 963//810 
f 712//810 714//810 967//810 
f 708//810 710//810 969//810 
f 970//810 971//810 706//810 
f 971//810 972//810 704//810 
f 1139//810 1140//810 1134//810 
f 1134//810 1141//810 1142//810 
f 996//810 1044//810 1045//810 
f 1039//810 1001//810 1002//810 
f 684//810 686//810 1059//810 
f 722//810 724//810 962//810 
f 710//810 712//810 968//810 
f 704//810 706//810 971//810 
f 972//810 973//810 702//810 
f 973//810 974//810 700//810 
f 1142//810 1137//810 1134//810 
f 1044//810 996//810 997//810 
f 728//810 730//810 959//810 
f 706//810 708//810 970//810 
f 700//810 702//810 973//810 
f 1134//810 1143//810 1141//810 
f 1144//810 1143//810 1134//810 
f 1036//810 1037//810 1004//810 
f 702//810 704//810 972//810 
f 1134//810 1145//810 1144//810 
f 716//810 718//810 965//810 
f 1045//810 995//810 996//810 
f 1140//810 1111//810 1134//810 
f 1106//811 1146//811 1147//811 
f 1147//811 1126//811 1106//811 
f 1143//812 1148//812 1149//813 
f 1141//813 1149//813 1150//814 
f 1142//814 1150//814 1151//815 
f 1137//815 1151//815 1152//816 
f 1138//816 1152//816 1153//817 
f 1139//817 1153//817 1154//818 
f 1140//818 1154//818 1155//819 
f 1111//819 1155//819 1156//820 
f 1112//820 1156//820 1157//821 
f 1109//821 1157//821 1158//822 
f 1110//822 1158//822 1159//823 
f 1113//823 1159//823 1160//824 
f 1107//824 1160//824 1161//825 
f 1108//825 1161//825 1162//826 
f 1121//826 1162//826 1146//827 
f 1146//827 1106//827 1121//826 
f 1162//826 1121//826 1108//825 
f 1161//825 1108//825 1107//824 
f 1160//824 1107//824 1113//823 
f 1159//823 1113//823 1110//822 
f 1158//822 1110//822 1109//821 
f 1157//821 1109//821 1112//820 
f 1156//820 1112//820 1111//819 
f 1155//819 1111//819 1140//818 
f 1154//818 1140//818 1139//817 
f 1153//817 1139//817 1138//816 
f 1152//816 1138//816 1137//815 
f 1151//815 1137//815 1142//814 
f 1150//814 1142//814 1141//813 
f 1149//813 1141//813 1143//812 
f 1127//828 1118//829 893//829 
f 1122//830 1127//828 935//831 
f 1123//832 1122//830 908//833 
f 1132//834 1123//832 907//835 
f 1114//836 1132//834 909//837 
f 1115//838 1114//836 934//839 
f 1128//840 1115//838 947//841 
f 1136//842 1128//840 942//843 
f 959//844 1136//842 941//845 
f 1163//846 1164//847 925//847 
f 1164//847 1165//848 926//848 
f 1165//848 1166//849 936//849 
f 1166//849 1167//850 924//850 
f 1167//850 1105//851 910//851 
f 1131//850 1126//851 1147//851 
f 1119//852 1131//850 1168//853 
f 1120//854 1119//852 1169//855 
f 1125//856 1120//854 1170//857 
f 1117//858 1125//856 1171//859 
f 927//858 893//829 1172//860 
f 893//829 1118//829 1173//860 
f 1173//860 1172//860 893//829 
f 1174//861 1173//860 1175//860 
f 1118//829 1176//860 1175//860 
f 1175//860 1173//860 1118//829 
f 1117//858 1177//861 1176//860 
f 1176//860 1118//829 1117//858 
f 1175//860 1178//861 1174//861 
f 1178//861 1179//862 1180//862 
f 1179//862 1181//863 1182//863 
f 1181//863 1183//864 1184//864 
f 1183//864 1185//865 1186//865 
f 1185//865 1187//866 1188//866 
f 1188//866 1186//865 1185//865 
f 1186//865 1184//864 1183//864 
f 1184//864 1182//863 1181//863 
f 1182//863 1180//862 1179//862 
f 1180//862 1174//861 1178//861 
f 1172//860 1163//846 927//858 
f 1171//859 1177//861 1117//858 
f 1170//857 1171//859 1125//856 
f 1169//855 1170//857 1120//854 
f 1168//853 1169//855 1119//852 
f 1147//851 1168//853 1131//850 
f 910//851 924//850 1167//850 
f 924//850 936//849 1166//849 
f 936//849 926//848 1165//848 
f 926//848 925//847 1164//847 
f 925//847 927//858 1163//846 
f 941//845 940//867 959//844 
f 942//843 941//845 1136//842 
f 947//841 942//843 1128//840 
f 934//839 947//841 1115//838 
f 909//837 934//839 1114//836 
f 907//835 909//837 1132//834 
f 908//833 907//835 1123//832 
f 935//831 908//833 1122//830 
f 893//829 935//831 1127//828 
f 1189//866 1190//866 1188//866 
f 1188//866 1187//866 1189//866 
f 1191//868 1192//868 1193//869 
f 1194//869 1193//869 1195//870 
f 1196//870 1195//870 1197//871 
f 1198//871 1197//871 1199//872 
f 1200//872 1199//872 1201//873 
f 1202//873 1201//873 1203//874 
f 1204//874 1203//874 1205//875 
f 1206//875 1205//875 1207//876 
f 1208//876 1207//876 1209//877 
f 1210//877 1209//877 1211//878 
f 1212//878 1211//878 1213//879 
f 1214//879 1213//879 1215//880 
f 1216//880 1215//880 1217//881 
f 1218//881 1217//881 1219//882 
f 1220//882 1219//882 1190//883 
f 1190//883 1189//883 1220//882 
f 1219//882 1220//882 1218//881 
f 1217//881 1218//881 1216//880 
f 1215//880 1216//880 1214//879 
f 1213//879 1214//879 1212//878 
f 1211//878 1212//878 1210//877 
f 1209//877 1210//877 1208//876 
f 1207//876 1208//876 1206//875 
f 1205//875 1206//875 1204//874 
f 1203//874 1204//874 1202//873 
f 1201//873 1202//873 1200//872 
f 1199//872 1200//872 1198//871 
f 1197//871 1198//871 1196//870 
f 1195//870 1196//870 1194//869 
f 1193//869 1194//869 1191//868 
f 1221//884 1222//885 1223//886 
f 1224//887 1221//884 1225//888 
f 1222//885 1226//889 1227//890 
f 1226//889 1228//891 1229//892 
f 1226//889 1230//893 1228//891 
f 1228//891 1231//894 1232//895 
f 1231//894 1233//896 1234//897 
f 1230//893 1235//898 1231//894 
f 1233//896 1236//899 1237//900 
f 1235//898 1238//901 1233//896 
f 1236//899 1239//902 1240//903 
f 1238//901 1241//904 1236//899 
f 1239//902 1242//905 1243//906 
f 1241//904 1244//907 1239//902 
f 1244//907 1245//908 1242//905 
f 1242//905 1239//902 1244//907 
f 1239//902 1236//899 1241//904 
f 1243//906 1240//903 1239//902 
f 1236//899 1233//896 1238//901 
f 1240//903 1237//900 1236//899 
f 1233//896 1231//894 1235//898 
f 1237//900 1234//897 1233//896 
f 1231//894 1228//891 1230//893 
f 1234//897 1232//895 1231//894 
f 1232//895 1229//892 1228//891 
f 1229//892 1227//890 1226//889 
f 1227//890 1223//886 1222//885 
f 1225//888 1246//909 1224//887 
f 1223//886 1225//888 1221//884 
f 1247//910 1248//911 1249//912 
f 1250//913 1251//914 1248//911 
f 1252//915 1249//912 1253//916 
f 1254//917 1253//916 1255//918 
f 1255//918 1256//919 1254//917 
f 1256//919 1255//918 1257//920 
f 1258//921 1257//920 1259//922 
f 1260//923 1256//919 1258//921 
f 1261//924 1259//922 1262//925 
f 1263//926 1258//921 1261//924 
f 1264//927 1262//925 1265//928 
f 1266//929 1261//924 1264//927 
f 1267//930 1265//928 1268//931 
f 1269//932 1264//927 1267//930 
f 1270//933 1267//930 1271//934 
f 1271//934 1272//935 1270//933 
f 1267//930 1270//933 1269//932 
f 1268//931 1271//934 1267//930 
f 1264//927 1269//932 1266//929 
f 1265//928 1267//930 1264//927 
f 1261//924 1266//929 1263//926 
f 1262//925 1264//927 1261//924 
f 1258//921 1263//926 1260//923 
f 1259//922 1261//924 1258//921 
f 1257//920 1258//921 1256//919 
f 1256//919 1260//923 1254//917 
f 1253//916 1254//917 1252//915 
f 1248//911 1247//910 1250//913 
f 1249//912 1252//915 1247//910 
f 1273//936 1274//936 1275//937 
f 1276//937 1275//937 1277//938 
f 1278//938 1277//938 1279//939 
f 1280//939 1279//939 1281//940 
f 1282//940 1281//940 1283//941 
f 1284//941 1283//941 1245//942 
f 1245//942 1272//942 1284//941 
f 1283//941 1284//941 1282//940 
f 1281//940 1282//940 1280//939 
f 1279//939 1280//939 1278//938 
f 1277//938 1278//938 1276//937 
f 1275//937 1276//937 1273//936 
f 1285//943 1274//943 1273//943 
f 1273//943 1286//943 1285//943 
f 1287//944 1288//945 1289//945 
f 1290//946 1287//944 1291//947 
f 1292//948 1290//946 1293//949 
f 1294//950 1292//948 1295//951 
f 1296//952 1294//950 1297//953 
f 1298//954 1296//952 1299//955 
f 1300//956 1298//954 1301//957 
f 1302//958 1300//956 1303//959 
f 1304//960 1302//958 1305//961 
f 1306//962 1304//960 1307//963 
f 1308//964 1306//962 1309//965 
f 1310//966 1308//964 1311//967 
f 1312//968 1310//966 1313//969 
f 1314//970 1312//968 1315//971 
f 1286//972 1314//970 1316//973 
f 1316//973 1285//972 1286//972 
f 1315//971 1316//973 1314//970 
f 1313//969 1315//971 1312//968 
f 1311//967 1313//969 1310//966 
f 1309//965 1311//967 1308//964 
f 1307//963 1309//965 1306//962 
f 1305//961 1307//963 1304//960 
f 1303//959 1305//961 1302//958 
f 1301//957 1303//959 1300//956 
f 1299//955 1301//957 1298//954 
f 1297//953 1299//955 1296//952 
f 1295//951 1297//953 1294//950 
f 1293//949 1295//951 1292//948 
f 1291//947 1293//949 1290//946 
f 1289//945 1291//947 1287//944 
f 1189//974 1187//974 1274//974 
f 1187//974 1185//974 1275//974 
f 1311//974 1309//974 1212//974 
f 1309//974 1307//974 1210//974 
f 1307//974 1305//974 1208//974 
f 1305//974 1303//974 1206//974 
f 1275//974 1274//974 1187//974 
f 1285//974 1316//974 1220//974 
f 1181//974 1179//974 1281//974 
f 1210//974 1212//974 1309//974 
f 1206//974 1208//974 1305//974 
f 1299//974 1297//974 1200//974 
f 1297//974 1295//974 1198//974 
f 1220//974 1189//974 1285//974 
f 1185//974 1183//974 1277//974 
f 1183//974 1181//974 1279//974 
f 1179//974 1283//974 1281//974 
f 1208//974 1210//974 1307//974 
f 1303//974 1301//974 1204//974 
f 1301//974 1299//974 1202//974 
f 1198//974 1200//974 1297//974 
f 1291//974 1289//974 1191//974 
f 1289//974 1317//974 1318//974 
f 1277//974 1275//974 1185//974 
f 1281//974 1279//974 1181//974 
f 1245//974 1283//974 1178//974 
f 1315//974 1313//974 1216//974 
f 1313//974 1311//974 1214//974 
f 1204//974 1206//974 1303//974 
f 1200//974 1202//974 1299//974 
f 1293//974 1291//974 1194//974 
f 1318//974 1191//974 1289//974 
f 1279//974 1277//974 1183//974 
f 1178//974 1175//974 1245//974 
f 1214//974 1216//974 1313//974 
f 1202//974 1204//974 1301//974 
f 1295//974 1293//974 1196//974 
f 1191//974 1194//974 1291//974 
f 1283//974 1179//974 1178//974 
f 1316//974 1315//974 1218//974 
f 1212//974 1214//974 1311//974 
f 1194//974 1196//974 1293//974 
f 1218//974 1220//974 1316//974 
f 1196//974 1198//974 1295//974 
f 1216//974 1218//974 1315//974 
f 1175//974 1243//974 1242//974 
f 1242//974 1245//974 1175//974 
f 1274//974 1285//974 1189//974 
f 1317//975 1319//975 1320//975 
f 1320//975 1318//975 1317//975 
f 1298//976 1203//976 1201//976 
f 1300//976 1205//976 1203//976 
f 1308//976 1213//976 1211//976 
f 1310//976 1215//976 1213//976 
f 1203//976 1298//976 1300//976 
f 1302//976 1207//976 1205//976 
f 1304//976 1209//976 1207//976 
f 1306//976 1211//976 1209//976 
f 1213//976 1308//976 1310//976 
f 1312//976 1217//976 1215//976 
f 1188//976 1273//976 1276//976 
f 1273//976 1188//976 1190//976 
f 1205//976 1300//976 1302//976 
f 1209//976 1304//976 1306//976 
f 1215//976 1310//976 1312//976 
f 1314//976 1219//976 1217//976 
f 1182//976 1280//976 1282//976 
f 1286//976 1190//976 1219//976 
f 1190//976 1286//976 1273//976 
f 1292//976 1197//976 1195//976 
f 1294//976 1199//976 1197//976 
f 1207//976 1302//976 1304//976 
f 1217//976 1312//976 1314//976 
f 1282//976 1180//976 1182//976 
f 1184//976 1278//976 1280//976 
f 1186//976 1276//976 1278//976 
f 1276//976 1186//976 1188//976 
f 1290//976 1195//976 1193//976 
f 1197//976 1292//976 1294//976 
f 1296//976 1201//976 1199//976 
f 1211//976 1306//976 1308//976 
f 1272//976 1173//976 1174//976 
f 1280//976 1182//976 1184//976 
f 1219//976 1314//976 1286//976 
f 1195//976 1290//976 1292//976 
f 1201//976 1296//976 1298//976 
f 1174//976 1180//976 1284//976 
f 1278//976 1184//976 1186//976 
f 1288//976 1192//976 1321//976 
f 1287//976 1193//976 1192//976 
f 1199//976 1294//976 1296//976 
f 1282//976 1284//976 1180//976 
f 1192//976 1288//976 1287//976 
f 1174//976 1284//976 1272//976 
f 1173//976 1272//976 1271//976 
f 1193//976 1287//976 1290//976 
f 1321//976 1322//976 1288//976 
f 1271//976 1268//976 1173//976 
f 1322//975 1321//975 1323//975 
f 1323//975 1324//975 1322//975 
f 1320//977 1325//977 1326//977 
f 1318//977 1327//977 1328//977 
f 1329//977 1330//977 1318//977 
f 1326//977 1331//977 1320//977 
f 1320//977 1332//977 1333//977 
f 1334//977 1335//977 1323//977 
f 1336//977 1337//977 1338//977 
f 1318//977 1339//977 1340//977 
f 1318//977 1341//977 1327//977 
f 1320//977 1342//977 1329//977 
f 1331//977 1343//977 1320//977 
f 1333//977 1344//977 1320//977 
f 1321//977 1345//977 1334//977 
f 1332//977 1346//977 1336//977 
f 1144//977 1347//977 1346//977 
f 1148//977 1143//977 1144//977 
f 1328//977 1339//977 1318//977 
f 1318//977 1320//977 1329//977 
f 1320//977 1348//977 1349//977 
f 1344//977 1325//977 1320//977 
f 1321//977 1350//977 1345//977 
f 1346//977 1332//977 1144//977 
f 1144//977 1320//977 1148//977 
f 1330//977 1341//977 1318//977 
f 1343//977 1348//977 1320//977 
f 1321//977 1351//977 1350//977 
f 1352//977 1335//977 1353//977 
f 1144//977 1332//977 1320//977 
f 1349//977 1342//977 1320//977 
f 1191//977 1318//977 1321//977 
f 1323//977 1321//977 1334//977 
f 1089//977 1323//977 956//977 
f 956//977 1335//977 1354//977 
f 1353//977 1355//977 1352//977 
f 1340//977 1351//977 1318//977 
f 1321//977 1318//977 1351//977 
f 1323//977 1335//977 956//977 
f 1352//977 1354//977 1335//977 
f 1321//977 1192//977 1191//977 
f 1354//977 1356//977 956//977 
f 956//977 958//977 1089//977 
f 1338//977 1332//977 1336//977 
f 1357//978 1330//978 1329//978 
f 1329//978 1358//978 1357//978 
f 1359//979 1360//980 1361//980 
f 1362//981 1363//982 1364//982 
f 1363//982 1365//983 1366//983 
f 1365//983 1367//984 1368//984 
f 1367//984 1369//985 1370//985 
f 1369//985 1371//986 1372//986 
f 1371//986 1373//987 1374//987 
f 1373//987 1375//988 1376//988 
f 1375//988 1377//989 1378//989 
f 1377//989 1379//990 1380//990 
f 1379//990 1381//991 1382//991 
f 1381//991 1383//992 1384//992 
f 1383//992 1385//993 1386//993 
f 1385//993 1387//994 1388//994 
f 1389//993 1390//994 1354//994 
f 1391//995 1389//993 1352//996 
f 1392//997 1391//995 1355//998 
f 1393//999 1392//997 1353//1000 
f 1394//1001 1393//999 1335//1002 
f 1395//1003 1394//1001 1334//1004 
f 1396//1005 1395//1003 1345//1006 
f 1397//1007 1396//1005 1350//1008 
f 1398//1009 1397//1007 1351//1010 
f 1399//1011 1398//1009 1340//1012 
f 1400//1013 1399//1011 1339//1014 
f 1401//1015 1400//1013 1328//1016 
f 1402//1017 1401//1015 1327//1018 
f 1403//1017 1361//980 1357//1019 
f 1360//980 1330//1019 1357//1019 
f 1402//1017 1341//1020 1330//1019 
f 1330//1019 1360//980 1402//1017 
f 1357//1019 1361//980 1360//980 
f 1357//1019 1362//981 1403//1017 
f 1327//1018 1341//1020 1402//1017 
f 1328//1016 1327//1018 1401//1015 
f 1339//1014 1328//1016 1400//1013 
f 1340//1012 1339//1014 1399//1011 
f 1351//1010 1340//1012 1398//1009 
f 1350//1008 1351//1010 1397//1007 
f 1345//1006 1350//1008 1396//1005 
f 1334//1004 1345//1006 1395//1003 
f 1335//1002 1334//1004 1394//1001 
f 1353//1000 1335//1002 1393//999 
f 1355//998 1353//1000 1392//997 
f 1352//996 1355//998 1391//995 
f 1354//994 1352//996 1389//993 
f 1388//994 1386//993 1385//993 
f 1386//993 1384//992 1383//992 
f 1384//992 1382//991 1381//991 
f 1382//991 1380//990 1379//990 
f 1380//990 1378//989 1377//989 
f 1378//989 1376//988 1375//988 
f 1376//988 1374//987 1373//987 
f 1374//987 1372//986 1371//986 
f 1372//986 1370//985 1369//985 
f 1370//985 1368//984 1367//984 
f 1368//984 1366//983 1365//983 
f 1366//983 1364//982 1363//982 
f 1364//982 1403//1017 1362//981 
f 1361//980 1404//1021 1359//979 
f 1405//1022 1406//1021 1407//1021 
f 1408//1023 1409//1024 1410//1024 
f 1409//1024 1411//1025 1412//1025 
f 1411//1025 1413//1026 1414//1026 
f 1413//1026 1415//1027 1416//1027 
f 1415//1027 1417//1028 1418//1028 
f 1417//1028 1419//1029 1420//1029 
f 1419//1029 1421//1030 1422//1030 
f 1421//1030 1423//1031 1424//1031 
f 1423//1031 1425//1032 1426//1032 
f 1425//1032 1427//1033 1428//1033 
f 1427//1033 1429//1034 1430//1034 
f 1429//1034 1431//1035 1432//1035 
f 1431//1035 1433//1036 1434//1036 
f 1435//1036 1405//1022 1329//1037 
f 1405//1022 1436//1038 1358//1037 
f 1358//1037 1329//1037 1405//1022 
f 1434//1036 1433//1036 1358//1037 
f 1358//1037 1436//1038 1434//1036 
f 1437//1039 1435//1036 1342//1040 
f 1438//1041 1437//1039 1349//1042 
f 1439//1043 1438//1041 1348//1044 
f 1440//1045 1439//1043 1343//1046 
f 1441//1047 1440//1045 1331//1048 
f 1442//1049 1441//1047 1326//1050 
f 1443//1051 1442//1049 1325//1052 
f 1444//1053 1443//1051 1344//1054 
f 1445//1055 1444//1053 1333//1056 
f 1446//1057 1445//1055 1332//1058 
f 1447//1059 1446//1057 1338//1060 
f 1448//1061 1447//1059 1337//1062 
f 1449//1063 1448//1061 1336//1064 
f 1336//1064 1346//1063 1449//1063 
f 1337//1062 1336//1064 1448//1061 
f 1338//1060 1337//1062 1447//1059 
f 1332//1058 1338//1060 1446//1057 
f 1333//1056 1332//1058 1445//1055 
f 1344//1054 1333//1056 1444//1053 
f 1325//1052 1344//1054 1443//1051 
f 1326//1050 1325//1052 1442//1049 
f 1331//1048 1326//1050 1441//1047 
f 1343//1046 1331//1048 1440//1045 
f 1348//1044 1343//1046 1439//1043 
f 1349//1042 1348//1044 1438//1041 
f 1342//1040 1349//1042 1437//1039 
f 1329//1037 1342//1040 1435//1036 
f 1434//1036 1432//1035 1431//1035 
f 1432//1035 1430//1034 1429//1034 
f 1430//1034 1428//1033 1427//1033 
f 1428//1033 1426//1032 1425//1032 
f 1426//1032 1424//1031 1423//1031 
f 1424//1031 1422//1030 1421//1030 
f 1422//1030 1420//1029 1419//1029 
f 1420//1029 1418//1028 1417//1028 
f 1418//1028 1416//1027 1415//1027 
f 1416//1027 1414//1026 1413//1026 
f 1414//1026 1412//1025 1411//1025 
f 1412//1025 1410//1024 1409//1024 
f 1410//1024 1450//1063 1408//1023 
f 1407//1021 1436//1038 1405//1022 
f 1359//1065 1404//1065 1407//1065 
f 1407//1065 1406//1065 1359//1065 
f 1319//1066 1440//1066 1441//1066 
f 1319//1066 1443//1066 1444//1066 
f 1319//1066 1439//1066 1440//1066 
f 1319//1066 1442//1066 1443//1066 
f 1319//1066 1438//1066 1439//1066 
f 1394//1066 1322//1066 1324//1066 
f 1441//1066 1442//1066 1319//1066 
f 1319//1066 1435//1066 1437//1066 
f 1324//1066 1393//1066 1394//1066 
f 1437//1066 1438//1066 1319//1066 
f 1317//1066 1399//1066 1400//1066 
f 1394//1066 1395//1066 1322//1066 
f 1319//1066 1405//1066 1435//1066 
f 1400//1066 1401//1066 1317//1066 
f 1317//1066 1397//1066 1398//1066 
f 1395//1066 1396//1066 1322//1066 
f 1319//1066 1406//1066 1405//1066 
f 1406//1066 1319//1066 1317//1066 
f 1317//1066 1402//1066 1360//1066 
f 1398//1066 1399//1066 1317//1066 
f 1319//1066 1446//1066 1447//1066 
f 1324//1066 1389//1066 1391//1066 
f 1397//1066 1317//1066 1322//1066 
f 1289//1066 1288//1066 1322//1066 
f 1317//1066 1359//1066 1406//1066 
f 1401//1066 1402//1066 1317//1066 
f 1319//1066 1445//1066 1446//1066 
f 1391//1066 1392//1066 1324//1066 
f 1322//1066 1317//1066 1289//1066 
f 1360//1066 1359//1066 1317//1066 
f 1451//1066 1452//1066 1319//1066 
f 1447//1066 1448//1066 1319//1066 
f 1324//1066 1390//1066 1389//1066 
f 1453//1066 1390//1066 1324//1066 
f 1444//1066 1445//1066 1319//1066 
f 1448//1066 1449//1066 1319//1066 
f 1324//1066 1454//1066 1453//1066 
f 1319//1066 1449//1066 1451//1066 
f 1396//1066 1397//1066 1322//1066 
f 1392//1066 1393//1066 1324//1066 
f 1455//1067 1453//1066 1454//1066 
f 1456//1068 1455//1067 1457//1067 
f 1458//1069 1456//1068 1459//1068 
f 1460//1070 1458//1069 1461//1069 
f 1462//1071 1460//1070 1463//1070 
f 1464//1072 1462//1071 1465//1071 
f 1466//1073 1464//1072 1467//1072 
f 1468//1074 1466//1073 1469//1073 
f 1470//1075 1468//1074 1471//1074 
f 1472//1076 1470//1075 1473//1075 
f 1474//1077 1472//1076 1475//1076 
f 1476//1078 1474//1077 1477//1077 
f 1478//1079 1476//1078 1479//1078 
f 1480//1080 1478//1079 1481//1079 
f 1482//1081 1480//1080 1483//1080 
f 1483//1080 1484//1081 1482//1081 
f 1481//1079 1483//1080 1480//1080 
f 1479//1078 1481//1079 1478//1079 
f 1477//1077 1479//1078 1476//1078 
f 1475//1076 1477//1077 1474//1077 
f 1473//1075 1475//1076 1472//1076 
f 1471//1074 1473//1075 1470//1075 
f 1469//1073 1471//1074 1468//1074 
f 1467//1072 1469//1073 1466//1073 
f 1465//1071 1467//1072 1464//1072 
f 1463//1070 1465//1071 1462//1071 
f 1461//1069 1463//1070 1460//1070 
f 1459//1068 1461//1069 1458//1069 
f 1457//1067 1459//1068 1456//1068 
f 1454//1066 1457//1067 1455//1067 
f 1484//1081 1485//1081 1486//1081 
f 1486//1081 1482//1081 1484//1081 
f 1486//1081 1485//1081 1487//1082 
f 1488//1082 1487//1082 1489//1083 
f 1490//1083 1489//1083 1491//1084 
f 1492//1084 1491//1084 1493//1085 
f 1494//1085 1493//1085 1495//1086 
f 1496//1086 1495//1086 1497//1087 
f 1497//1087 1498//1087 1496//1086 
f 1495//1086 1496//1086 1494//1085 
f 1493//1085 1494//1085 1492//1084 
f 1491//1084 1492//1084 1490//1083 
f 1489//1083 1490//1083 1488//1082 
f 1487//1082 1488//1082 1486//1081 
f 1499//1088 1452//1089 1451//1089 
f 1500//1090 1499//1088 1501//1091 
f 1502//1092 1500//1090 1503//1093 
f 1504//1094 1502//1092 1505//1095 
f 1506//1096 1504//1094 1507//1097 
f 1508//1098 1506//1096 1509//1099 
f 1510//1100 1508//1098 1511//1101 
f 1512//1102 1510//1100 1513//1103 
f 1514//1104 1512//1102 1515//1105 
f 1516//1106 1514//1104 1517//1107 
f 1518//1108 1516//1106 1519//1109 
f 1520//1110 1518//1108 1521//1111 
f 1522//1112 1520//1110 1523//1113 
f 1524//1114 1522//1112 1525//1115 
f 1526//1116 1524//1114 1527//1117 
f 1527//1117 1528//1116 1526//1116 
f 1525//1115 1527//1117 1524//1114 
f 1523//1113 1525//1115 1522//1112 
f 1521//1111 1523//1113 1520//1110 
f 1519//1109 1521//1111 1518//1108 
f 1517//1107 1519//1109 1516//1106 
f 1515//1105 1517//1107 1514//1104 
f 1513//1103 1515//1105 1512//1102 
f 1511//1101 1513//1103 1510//1100 
f 1509//1099 1511//1101 1508//1098 
f 1507//1097 1509//1099 1506//1096 
f 1505//1095 1507//1097 1504//1094 
f 1503//1093 1505//1095 1502//1092 
f 1501//1091 1503//1093 1500//1090 
f 1451//1089 1501//1091 1499//1088 
f 1528//1116 1529//1116 1530//1116 
f 1530//1116 1526//1116 1528//1116 
f 1530//1118 1529//1118 1531//1119 
f 1532//1119 1531//1119 1533//1120 
f 1534//1120 1533//1120 1535//1121 
f 1536//1121 1535//1121 1537//1122 
f 1538//1122 1537//1122 1539//1123 
f 1540//1123 1539//1123 1541//1124 
f 1541//1124 1542//1124 1540//1123 
f 1539//1123 1540//1123 1538//1122 
f 1537//1122 1538//1122 1536//1121 
f 1535//1121 1536//1121 1534//1120 
f 1533//1120 1534//1120 1532//1119 
f 1531//1119 1532//1119 1530//1118 
f 1543//1125 1476//1125 1478//1125 
f 1543//1125 1472//1125 1474//1125 
f 1478//1125 1480//1125 1543//1125 
f 1543//1125 1470//1125 1472//1125 
f 1474//1125 1476//1125 1543//1125 
f 1543//1125 1466//1125 1468//1125 
f 1482//1125 1486//1125 1544//1125 
f 1468//1125 1470//1125 1543//1125 
f 1545//1125 1492//1125 1494//1125 
f 1544//1125 1486//1125 1488//1125 
f 1480//1125 1482//1125 1543//1125 
f 1543//1125 1460//1125 1462//1125 
f 1543//1125 1455//1125 1456//1125 
f 1494//1125 1546//1125 1545//1125 
f 1545//1125 1547//1125 1490//1125 
f 1544//1125 1543//1125 1482//1125 
f 1462//1125 1464//1125 1543//1125 
f 1456//1125 1458//1125 1543//1125 
f 1490//1125 1492//1125 1545//1125 
f 1488//1125 1547//1125 1544//1125 
f 1458//1125 1460//1125 1543//1125 
f 1488//1125 1490//1125 1547//1125 
f 1543//1125 1453//1125 1455//1125 
f 1356//1125 1453//1125 1543//1125 
f 1546//1125 1498//1125 1548//1125 
f 1494//1125 1496//1125 1546//1125 
f 1543//1125 1549//1125 1356//1125 
f 1496//1125 1498//1125 1546//1125 
f 1548//1125 1550//1125 1546//1125 
f 1388//1125 1387//1125 1549//1125 
f 1390//1125 1453//1125 1356//1125 
f 1549//1125 1543//1125 1388//1125 
f 1464//1125 1466//1125 1543//1125 
f 1356//1125 1354//1125 1390//1125 
f 1551//1126 1519//1126 1517//1126 
f 1517//1126 1515//1126 1551//1126 
f 1551//1126 1523//1126 1521//1126 
f 1551//1126 1527//1126 1525//1126 
f 1521//1126 1519//1126 1551//1126 
f 1551//1126 1528//1126 1527//1126 
f 1525//1126 1523//1126 1551//1126 
f 1551//1126 1529//1126 1528//1126 
f 1552//1126 1553//1126 1554//1126 
f 1551//1126 1505//1126 1503//1126 
f 1551//1126 1531//1126 1529//1126 
f 1551//1126 1539//1126 1537//1126 
f 1554//1126 1555//1126 1556//1126 
f 1551//1126 1507//1126 1505//1126 
f 1551//1126 1533//1126 1531//1126 
f 1537//1126 1535//1126 1551//1126 
f 1554//1126 1556//1126 1552//1126 
f 1503//1126 1501//1126 1551//1126 
f 1551//1126 1511//1126 1509//1126 
f 1535//1126 1533//1126 1551//1126 
f 1554//1126 1541//1126 1555//1126 
f 1509//1126 1507//1126 1551//1126 
f 1551//1126 1541//1126 1539//1126 
f 1541//1126 1557//1126 1555//1126 
f 1347//1126 1558//1126 1551//1126 
f 1551//1126 1513//1126 1511//1126 
f 1541//1126 1551//1126 1557//1126 
f 1501//1126 1451//1126 1551//1126 
f 1551//1126 1451//1126 1347//1126 
f 1449//1126 1346//1126 1347//1126 
f 1450//1126 1551//1126 1558//1126 
f 1347//1126 1451//1126 1449//1126 
f 1515//1126 1513//1126 1551//1126 
f 1558//1126 1408//1126 1450//1126 
f 1559//1127 1560//1128 1561//1129 
f 1562//1130 1559//1127 1563//1131 
f 1560//1128 1564//1132 1565//1133 
f 1564//1132 1566//1134 1567//1135 
f 1564//1132 1568//1136 1566//1134 
f 1566//1134 1569//1137 1570//1138 
f 1569//1137 1571//1139 1572//1140 
f 1568//1136 1573//1141 1569//1137 
f 1571//1139 1574//1142 1575//1143 
f 1573//1141 1576//1144 1571//1139 
f 1574//1142 1577//1145 1578//1146 
f 1576//1144 1579//1147 1574//1142 
f 1577//1145 1554//1148 1553//1149 
f 1579//1147 1580//1150 1577//1145 
f 1580//1150 1541//1151 1554//1148 
f 1554//1148 1577//1145 1580//1150 
f 1577//1145 1574//1142 1579//1147 
f 1553//1149 1578//1146 1577//1145 
f 1574//1142 1571//1139 1576//1144 
f 1578//1146 1575//1143 1574//1142 
f 1571//1139 1569//1137 1573//1141 
f 1575//1143 1572//1140 1571//1139 
f 1569//1137 1566//1134 1568//1136 
f 1572//1140 1570//1138 1569//1137 
f 1570//1138 1567//1135 1566//1134 
f 1567//1135 1565//1133 1564//1132 
f 1565//1133 1561//1129 1560//1128 
f 1563//1131 1581//1152 1562//1130 
f 1561//1129 1563//1131 1559//1127 
f 1546//1153 1582//1153 1583//1153 
f 1584//1154 1585//1154 1552//1154 
f 1543//1155 1544//1156 1586//1156 
f 1544//1156 1547//1157 1587//1157 
f 1547//1157 1545//1158 1588//1158 
f 1546//1159 1589//1160 1590//1161 
f 1590//1161 1545//1158 1546//1159 
f 1590//1161 1588//1158 1545//1158 
f 1588//1158 1587//1157 1547//1157 
f 1587//1157 1586//1156 1544//1156 
f 1586//1156 1591//1162 1543//1155 
f 1592//1163 1593//1163 1594//1163 
f 1594//1163 1595//1163 1592//1163 
f 1589//1164 1596//1164 1597//1164 
f 1596//1164 1598//1164 1599//1164 
f 1600//1164 1599//1164 1598//1164 
f 1601//1164 1600//1164 1602//1164 
f 1599//1164 1597//1164 1596//1164 
f 1602//1164 1603//1164 1601//1164 
f 1595//1164 1601//1164 1603//1164 
f 1598//1164 1602//1164 1600//1164 
f 1597//1164 1604//1164 1589//1164 
f 1603//1164 1592//1164 1595//1164 
f 1598//1165 1596//1166 1605//1166 
f 1602//1167 1598//1165 1606//1168 
f 1603//1169 1602//1167 1607//1170 
f 1596//1166 1589//1171 1608//1171 
f 1608//1171 1605//1166 1596//1166 
f 1607//1170 1609//1172 1603//1169 
f 1606//1168 1607//1170 1602//1167 
f 1605//1166 1606//1168 1598//1165 
f 1362//1173 1381//1173 1379//1173 
f 1362//1173 1373//1173 1371//1173 
f 1379//1173 1377//1173 1362//1173 
f 1367//1173 1365//1173 1363//1173 
f 1371//1173 1369//1173 1362//1173 
f 1377//1173 1375//1173 1362//1173 
f 1362//1173 1385//1173 1383//1173 
f 1595//1173 1427//1173 1425//1173 
f 1408//1173 1419//1173 1417//1173 
f 1369//1173 1367//1173 1362//1173 
f 1383//1173 1381//1173 1362//1173 
f 1595//1173 1429//1173 1427//1173 
f 1595//1173 1433//1173 1431//1173 
f 1413//1173 1411//1173 1409//1173 
f 1417//1173 1415//1173 1408//1173 
f 1375//1173 1373//1173 1362//1173 
f 1431//1173 1429//1173 1595//1173 
f 1595//1173 1594//1173 1358//1173 
f 1415//1173 1413//1173 1408//1173 
f 1387//1173 1362//1173 1357//1173 
f 1362//1173 1387//1173 1385//1173 
f 1358//1173 1433//1173 1595//1173 
f 1601//1173 1595//1173 1610//1173 
f 1423//1173 1611//1173 1610//1173 
f 1611//1173 1145//1173 1134//1173 
f 1408//1173 1421//1173 1419//1173 
f 1363//1173 1362//1173 1367//1173 
f 1387//1173 1358//1173 957//1173 
f 828//1173 957//1173 1594//1173 
f 1425//1173 1423//1173 1595//1173 
f 1610//1173 1595//1173 1423//1173 
f 1611//1173 1423//1173 1145//1173 
f 1145//1173 1423//1173 1408//1173 
f 1408//1173 1423//1173 1421//1173 
f 957//1173 1549//1173 1387//1173 
f 1594//1173 957//1173 1358//1173 
f 1134//1173 1612//1173 1611//1173 
f 1409//1173 1408//1173 1413//1173 
f 1594//1173 1613//1173 828//1173 
f 1408//1173 1558//1173 1145//1173 
f 1610//1173 1614//1173 1601//1173 
f 1357//1173 1358//1173 1387//1173 
f 1418//1174 1615//1174 1616//1174 
f 1592//1174 1424//1174 1426//1174 
f 1616//1174 1410//1174 1412//1174 
f 1616//1174 1416//1174 1418//1174 
f 1593//1174 1370//1174 1372//1174 
f 1593//1174 1364//1174 1366//1174 
f 1592//1174 1430//1174 1432//1174 
f 1426//1174 1428//1174 1592//1174 
f 1412//1174 1414//1174 1616//1174 
f 1418//1174 1420//1174 1615//1174 
f 1593//1174 1376//1174 1378//1174 
f 1593//1174 1368//1174 1370//1174 
f 1593//1174 1403//1174 1364//1174 
f 1428//1174 1430//1174 1592//1174 
f 1616//1174 1450//1174 1410//1174 
f 1551//1174 1450//1174 1616//1174 
f 1420//1174 1422//1174 1615//1174 
f 1593//1174 1374//1174 1376//1174 
f 1366//1174 1368//1174 1593//1174 
f 1432//1174 1434//1174 1592//1174 
f 1616//1174 1617//1174 1551//1174 
f 1424//1174 1592//1174 1615//1174 
f 1372//1174 1374//1174 1593//1174 
f 1593//1174 1404//1174 1361//1174 
f 1404//1174 1593//1174 1592//1174 
f 1434//1174 1436//1174 1592//1174 
f 1593//1174 1382//1174 1384//1174 
f 1422//1174 1424//1174 1615//1174 
f 1609//1174 1615//1174 1592//1174 
f 1361//1174 1403//1174 1593//1174 
f 1436//1174 1407//1174 1592//1174 
f 1593//1174 1380//1174 1382//1174 
f 1592//1174 1603//1174 1609//1174 
f 1592//1174 1407//1174 1404//1174 
f 1543//1174 1591//1174 1593//1174 
f 1384//1174 1386//1174 1593//1174 
f 1378//1174 1380//1174 1593//1174 
f 1386//1174 1388//1174 1593//1174 
f 1593//1174 1388//1174 1543//1174 
f 1414//1174 1416//1174 1616//1174 
f 1615//1175 1610//1175 1611//1175 
f 1611//1175 1616//1175 1615//1175 
f 1030//1176 938//1176 937//1177 
f 1129//1177 937//1177 930//1178 
f 1135//1178 930//1178 929//1179 
f 1618//1180 1600//1180 1601//1181 
f 1619//1182 1599//1182 1600//1180 
f 1620//1183 1597//1183 1599//1182 
f 1124//1183 1621//1183 1622//1182 
f 1130//1182 1622//1182 1623//1184 
f 1133//1184 1623//1184 1612//1185 
f 1624//1184 911//1184 828//1185 
f 1625//1186 912//1186 911//1184 
f 1626//1187 928//1187 912//1186 
f 1124//1183 1116//1188 1627//1189 
f 1116//1188 1604//1189 1628//1189 
f 1628//1189 1627//1189 1116//1188 
f 1620//1183 1628//1189 1604//1189 
f 1604//1189 1597//1183 1620//1183 
f 929//1179 1629//1189 1604//1189 
f 928//1187 1626//1187 1629//1189 
f 1629//1189 929//1179 928//1187 
f 1604//1189 1116//1188 929//1179 
f 1627//1189 1621//1183 1124//1183 
f 912//1186 1625//1186 1626//1187 
f 911//1184 1624//1184 1625//1186 
f 828//1185 1613//1190 1624//1184 
f 1612//1185 1134//1190 1133//1184 
f 1623//1184 1133//1184 1130//1182 
f 1622//1182 1130//1182 1124//1183 
f 1599//1182 1619//1182 1620//1183 
f 1600//1180 1618//1180 1619//1182 
f 1601//1181 1614//1190 1618//1180 
f 929//1179 1116//1188 1135//1178 
f 930//1178 1135//1178 1129//1177 
f 937//1177 1129//1177 1030//1176 
f 1614//1191 1609//1191 1607//1191 
f 1618//1191 1607//1191 1606//1191 
f 1605//1191 1620//1191 1619//1191 
f 1608//1191 1628//1191 1620//1191 
f 1606//1191 1619//1191 1618//1191 
f 1620//1191 1605//1191 1608//1191 
f 1619//1191 1606//1191 1605//1191 
f 1610//1191 1615//1191 1609//1191 
f 1609//1191 1614//1191 1610//1191 
f 1607//1191 1618//1191 1614//1191 
f 1556//1192 1630//1192 1631//1193 
f 1631//1193 1552//1194 1556//1192 
f 1632//1195 1630//1192 1556//1192 
f 1633//1196 1632//1195 1555//1195 
f 1617//1197 1633//1196 1557//1196 
f 1557//1196 1551//1197 1617//1197 
f 1555//1195 1557//1196 1633//1196 
f 1556//1192 1555//1195 1632//1195 
f 1631//1193 1608//1198 1552//1194 
f 1634//1199 1635//1200 1636//1200 
f 1637//1201 1634//1199 1638//1202 
f 1639//1203 1637//1201 1640//1204 
f 1641//1205 1639//1203 1642//1206 
f 1643//1207 1641//1205 1644//1208 
f 1645//1209 1643//1207 1646//1210 
f 1647//1211 1645//1209 1648//1212 
f 1649//1213 1647//1211 1650//1214 
f 1651//1215 1649//1213 1652//1216 
f 1653//1217 1651//1215 1654//1218 
f 1655//1219 1653//1217 1656//1220 
f 1657//1221 1655//1219 1658//1222 
f 1659//1223 1657//1221 1660//1224 
f 1661//1225 1659//1223 1662//1226 
f 1663//1227 1661//1225 1664//1228 
f 1665//1229 1663//1227 1666//1230 
f 1667//1231 1665//1229 1668//1232 
f 1669//1233 1667//1231 1670//1234 
f 1671//1235 1669//1233 1672//1236 
f 1673//1237 1671//1235 1674//1238 
f 1675//1239 1673//1237 1676//1240 
f 1677//1241 1675//1239 1678//1242 
f 1679//1243 1677//1241 1680//1244 
f 1681//1245 1679//1243 1682//1246 
f 1683//1247 1681//1245 1684//1248 
f 1685//1249 1683//1247 1686//1250 
f 1687//1251 1685//1249 1688//1252 
f 1689//1253 1687//1251 1690//1254 
f 1691//1255 1689//1253 1692//1256 
f 1692//1256 1693//1255 1691//1255 
f 1690//1254 1692//1256 1689//1253 
f 1688//1252 1690//1254 1687//1251 
f 1686//1250 1688//1252 1685//1249 
f 1684//1248 1686//1250 1683//1247 
f 1682//1246 1684//1248 1681//1245 
f 1680//1244 1682//1246 1679//1243 
f 1678//1242 1680//1244 1677//1241 
f 1676//1240 1678//1242 1675//1239 
f 1674//1238 1676//1240 1673//1237 
f 1672//1236 1674//1238 1671//1235 
f 1670//1234 1672//1236 1669//1233 
f 1668//1232 1670//1234 1667//1231 
f 1666//1230 1668//1232 1665//1229 
f 1664//1228 1666//1230 1663//1227 
f 1662//1226 1664//1228 1661//1225 
f 1660//1224 1662//1226 1659//1223 
f 1658//1222 1660//1224 1657//1221 
f 1656//1220 1658//1222 1655//1219 
f 1654//1218 1656//1220 1653//1217 
f 1652//1216 1654//1218 1651//1215 
f 1650//1214 1652//1216 1649//1213 
f 1648//1212 1650//1214 1647//1211 
f 1646//1210 1648//1212 1645//1209 
f 1644//1208 1646//1210 1643//1207 
f 1642//1206 1644//1208 1641//1205 
f 1640//1204 1642//1206 1639//1203 
f 1638//1202 1640//1204 1637//1201 
f 1636//1200 1638//1202 1634//1199 
f 1636//1257 1635//1257 1694//1257 
f 1636//1257 1695//1257 1696//1257 
f 1635//1257 1697//1257 1694//1257 
f 1636//1257 1698//1257 1695//1257 
f 1694//1257 1699//1257 1636//1257 
f 1636//1257 1700//1257 1701//1257 
f 1699//1257 1698//1257 1636//1257 
f 1696//1257 1700//1257 1636//1257 
f 1701//1257 1702//1257 1636//1257 
f 1693//1258 1703//1258 1704//1258 
f 1704//1258 1691//1258 1693//1258 
f 1693//1258 1705//1258 1706//1258 
f 1693//1258 1707//1258 1703//1258 
f 1706//1258 1708//1258 1693//1258 
f 1708//1258 1707//1258 1693//1258 
f 1693//1258 1709//1258 1710//1258 
f 1710//1258 1705//1258 1693//1258 
f 1704//1258 1711//1258 1691//1258 
f 1662//1259 1654//1259 1652//1259 
f 1662//1259 1656//1259 1654//1259 
f 1662//1259 1660//1259 1658//1259 
f 1662//1259 1650//1259 1648//1259 
f 1658//1259 1656//1259 1662//1259 
f 1646//1259 1666//1259 1664//1259 
f 1652//1259 1650//1259 1662//1259 
f 1646//1259 1668//1259 1666//1259 
f 1646//1259 1674//1259 1672//1259 
f 1664//1259 1662//1259 1646//1259 
f 1672//1259 1670//1259 1646//1259 
f 1646//1259 1678//1259 1676//1259 
f 1670//1259 1668//1259 1646//1259 
f 1646//1259 1680//1259 1678//1259 
f 1680//1259 1646//1259 1644//1259 
f 1676//1259 1674//1259 1646//1259 
f 1642//1259 1688//1259 1686//1259 
f 1648//1259 1646//1259 1662//1259 
f 1642//1259 1684//1259 1682//1259 
f 1642//1259 1690//1259 1688//1259 
f 1692//1259 1640//1259 1638//1259 
f 1682//1259 1680//1259 1642//1259 
f 1642//1259 1692//1259 1690//1259 
f 1692//1259 1642//1259 1640//1259 
f 1686//1259 1684//1259 1642//1259 
f 1644//1259 1642//1259 1680//1259 
f 1702//1259 1709//1259 1693//1259 
f 1636//1259 1693//1259 1692//1259 
f 1638//1259 1636//1259 1692//1259 
f 1693//1259 1636//1259 1702//1259 
f 1712//1260 1713//1260 1714//1260 
f 1714//1260 1715//1260 1712//1260 
f 1712//1260 1716//1260 1717//1260 
f 1712//1260 1718//1260 1713//1260 
f 1717//1260 1719//1260 1712//1260 
f 1719//1260 1718//1260 1712//1260 
f 1712//1260 1720//1260 1721//1260 
f 1721//1260 1716//1260 1712//1260 
f 1714//1260 1722//1260 1715//1260 
f 1723//1261 1724//1261 1725//1261 
f 1723//1261 1726//1261 1727//1261 
f 1724//1261 1728//1261 1725//1261 
f 1723//1261 1729//1261 1726//1261 
f 1725//1261 1730//1261 1723//1261 
f 1723//1261 1731//1261 1732//1261 
f 1730//1261 1729//1261 1723//1261 
f 1727//1261 1731//1261 1723//1261 
f 1732//1261 1733//1261 1723//1261 
f 1724//1261 1723//1261 1734//1262 
f 1735//1262 1734//1262 1736//1263 
f 1737//1263 1736//1263 1738//1264 
f 1739//1264 1738//1264 1740//1265 
f 1741//1265 1740//1265 1742//1266 
f 1743//1266 1742//1266 1744//1267 
f 1745//1267 1744//1267 1746//1268 
f 1747//1268 1746//1268 1748//1269 
f 1749//1269 1748//1269 1750//1270 
f 1751//1270 1750//1270 1752//1271 
f 1753//1271 1752//1271 1754//1272 
f 1755//1272 1754//1272 1756//1273 
f 1757//1273 1756//1273 1758//1274 
f 1759//1274 1758//1274 1760//1275 
f 1761//1275 1760//1275 1762//1276 
f 1763//1276 1762//1276 1764//1277 
f 1765//1277 1764//1277 1766//1278 
f 1767//1278 1766//1278 1768//1279 
f 1769//1279 1768//1279 1770//1280 
f 1771//1280 1770//1280 1772//1281 
f 1773//1281 1772//1281 1774//1282 
f 1775//1282 1774//1282 1776//1283 
f 1777//1283 1776//1283 1778//1284 
f 1779//1284 1778//1284 1780//1285 
f 1781//1285 1780//1285 1782//1286 
f 1783//1286 1782//1286 1784//1287 
f 1785//1287 1784//1287 1786//1288 
f 1787//1288 1786//1288 1788//1289 
f 1789//1289 1788//1289 1712//1290 
f 1712//1290 1715//1290 1789//1289 
f 1788//1289 1789//1289 1787//1288 
f 1786//1288 1787//1288 1785//1287 
f 1784//1287 1785//1287 1783//1286 
f 1782//1286 1783//1286 1781//1285 
f 1780//1285 1781//1285 1779//1284 
f 1778//1284 1779//1284 1777//1283 
f 1776//1283 1777//1283 1775//1282 
f 1774//1282 1775//1282 1773//1281 
f 1772//1281 1773//1281 1771//1280 
f 1770//1280 1771//1280 1769//1279 
f 1768//1279 1769//1279 1767//1278 
f 1766//1278 1767//1278 1765//1277 
f 1764//1277 1765//1277 1763//1276 
f 1762//1276 1763//1276 1761//1275 
f 1760//1275 1761//1275 1759//1274 
f 1758//1274 1759//1274 1757//1273 
f 1756//1273 1757//1273 1755//1272 
f 1754//1272 1755//1272 1753//1271 
f 1752//1271 1753//1271 1751//1270 
f 1750//1270 1751//1270 1749//1269 
f 1748//1269 1749//1269 1747//1268 
f 1746//1268 1747//1268 1745//1267 
f 1744//1267 1745//1267 1743//1266 
f 1742//1266 1743//1266 1741//1265 
f 1740//1265 1741//1265 1739//1264 
f 1738//1264 1739//1264 1737//1263 
f 1736//1263 1737//1263 1735//1262 
f 1734//1262 1735//1262 1724//1261 
f 1764//1291 1758//1291 1756//1291 
f 1758//1291 1764//1291 1762//1291 
f 1762//1291 1760//1291 1758//1291 
f 1754//1291 1768//1291 1766//1291 
f 1772//1291 1738//1291 1736//1291 
f 1766//1291 1764//1291 1754//1291 
f 1734//1291 1712//1291 1788//1291 
f 1772//1291 1740//1291 1738//1291 
f 1772//1291 1744//1291 1742//1291 
f 1756//1291 1754//1291 1764//1291 
f 1752//1291 1772//1291 1770//1291 
f 1734//1291 1780//1291 1778//1291 
f 1788//1291 1786//1291 1734//1291 
f 1742//1291 1740//1291 1772//1291 
f 1772//1291 1748//1291 1746//1291 
f 1772//1291 1752//1291 1750//1291 
f 1770//1291 1768//1291 1752//1291 
f 1734//1291 1782//1291 1780//1291 
f 1786//1291 1784//1291 1734//1291 
f 1746//1291 1744//1291 1772//1291 
f 1754//1291 1752//1291 1768//1291 
f 1734//1291 1776//1291 1774//1291 
f 1784//1291 1782//1291 1734//1291 
f 1750//1291 1748//1291 1772//1291 
f 1778//1291 1776//1291 1734//1291 
f 1774//1291 1772//1291 1734//1291 
f 1736//1291 1734//1291 1772//1291 
f 1712//1291 1723//1291 1733//1291 
f 1733//1291 1720//1291 1712//1291 
f 1734//1291 1723//1291 1712//1291 
f 1790//1292 1791//1293 1792//1293 
f 1793//1294 1790//1292 1794//1295 
f 1795//1296 1793//1294 1796//1297 
f 1797//1298 1795//1296 1798//1299 
f 1799//1300 1797//1298 1800//1301 
f 1801//1302 1799//1300 1802//1303 
f 1803//1304 1801//1302 1804//1305 
f 1805//1306 1803//1304 1806//1307 
f 1807//1308 1805//1306 1808//1309 
f 1809//1310 1807//1308 1810//1311 
f 1811//1312 1809//1310 1812//1313 
f 1813//1314 1811//1312 1814//1315 
f 1815//1316 1813//1314 1816//1317 
f 1817//1318 1815//1316 1818//1319 
f 1819//1320 1817//1318 1820//1321 
f 1821//1322 1819//1320 1822//1323 
f 1823//1324 1821//1322 1824//1325 
f 1825//1326 1823//1324 1826//1327 
f 1827//1328 1825//1326 1828//1329 
f 1829//1330 1827//1328 1830//1331 
f 1831//1332 1829//1330 1832//1333 
f 1833//1334 1831//1332 1834//1335 
f 1835//1336 1833//1334 1836//1337 
f 1837//1338 1835//1336 1838//1339 
f 1839//1340 1837//1338 1840//1341 
f 1841//1342 1839//1340 1842//1343 
f 1843//1344 1841//1342 1844//1345 
f 1845//1346 1843//1344 1846//1347 
f 1847//1348 1845//1346 1848//1349 
f 1848//1349 1849//1348 1847//1348 
f 1846//1347 1848//1349 1845//1346 
f 1844//1345 1846//1347 1843//1344 
f 1842//1343 1844//1345 1841//1342 
f 1840//1341 1842//1343 1839//1340 
f 1838//1339 1840//1341 1837//1338 
f 1836//1337 1838//1339 1835//1336 
f 1834//1335 1836//1337 1833//1334 
f 1832//1333 1834//1335 1831//1332 
f 1830//1331 1832//1333 1829//1330 
f 1828//1329 1830//1331 1827//1328 
f 1826//1327 1828//1329 1825//1326 
f 1824//1325 1826//1327 1823//1324 
f 1822//1323 1824//1325 1821//1322 
f 1820//1321 1822//1323 1819//1320 
f 1818//1319 1820//1321 1817//1318 
f 1816//1317 1818//1319 1815//1316 
f 1814//1315 1816//1317 1813//1314 
f 1812//1313 1814//1315 1811//1312 
f 1810//1311 1812//1313 1809//1310 
f 1808//1309 1810//1311 1807//1308 
f 1806//1307 1808//1309 1805//1306 
f 1804//1305 1806//1307 1803//1304 
f 1802//1303 1804//1305 1801//1302 
f 1800//1301 1802//1303 1799//1300 
f 1798//1299 1800//1301 1797//1298 
f 1796//1297 1798//1299 1795//1296 
f 1794//1295 1796//1297 1793//1294 
f 1792//1293 1794//1295 1790//1292 
f 1792//1350 1791//1350 1850//1350 
f 1792//1350 1851//1350 1852//1350 
f 1792//1350 1853//1350 1854//1350 
f 1791//1350 1855//1350 1850//1350 
f 1854//1350 1851//1350 1792//1350 
f 1850//1350 1856//1350 1792//1350 
f 1856//1350 1853//1350 1792//1350 
f 1852//1350 1857//1350 1792//1350 
f 1857//1350 1858//1350 1792//1350 
f 1849//1351 1859//1351 1860//1351 
f 1860//1351 1847//1351 1849//1351 
f 1849//1351 1861//1351 1862//1351 
f 1849//1351 1863//1351 1864//1351 
f 1849//1351 1865//1351 1859//1351 
f 1864//1351 1861//1351 1849//1351 
f 1862//1351 1865//1351 1849//1351 
f 1849//1351 1866//1351 1863//1351 
f 1860//1351 1867//1351 1847//1351 
f 1844//1352 1820//1352 1818//1352 
f 1844//1352 1832//1352 1830//1352 
f 1818//1352 1816//1352 1844//1352 
f 1844//1352 1834//1352 1832//1352 
f 1844//1352 1840//1352 1838//1352 
f 1844//1352 1808//1352 1806//1352 
f 1844//1352 1812//1352 1810//1352 
f 1844//1352 1822//1352 1820//1352 
f 1844//1352 1828//1352 1826//1352 
f 1844//1352 1836//1352 1834//1352 
f 1844//1352 1842//1352 1840//1352 
f 1844//1352 1802//1352 1800//1352 
f 1810//1352 1808//1352 1844//1352 
f 1816//1352 1814//1352 1844//1352 
f 1826//1352 1824//1352 1844//1352 
f 1838//1352 1836//1352 1844//1352 
f 1844//1352 1798//1352 1796//1352 
f 1844//1352 1804//1352 1802//1352 
f 1814//1352 1812//1352 1844//1352 
f 1830//1352 1828//1352 1844//1352 
f 1800//1352 1798//1352 1844//1352 
f 1824//1352 1822//1352 1844//1352 
f 1794//1352 1849//1352 1848//1352 
f 1806//1352 1804//1352 1844//1352 
f 1848//1352 1846//1352 1794//1352 
f 1846//1352 1844//1352 1794//1352 
f 1796//1352 1794//1352 1844//1352 
f 1866//1352 1849//1352 1792//1352 
f 1792//1352 1858//1352 1866//1352 
f 1794//1352 1792//1352 1849//1352 
f 1868//1353 1869//1353 1870//1353 
f 1868//1353 1871//1353 1872//1353 
f 1868//1353 1873//1353 1869//1353 
f 1868//1353 1874//1353 1875//1353 
f 1871//1353 1876//1353 1872//1353 
f 1875//1353 1873//1353 1868//1353 
f 1872//1353 1877//1353 1868//1353 
f 1877//1353 1874//1353 1868//1353 
f 1870//1353 1878//1353 1868//1353 
f 1879//1354 1880//1354 1881//1354 
f 1879//1354 1882//1354 1883//1354 
f 1881//1354 1884//1354 1879//1354 
f 1879//1354 1885//1354 1886//1354 
f 1883//1354 1887//1354 1879//1354 
f 1879//1354 1888//1354 1880//1354 
f 1887//1354 1885//1354 1879//1354 
f 1886//1354 1888//1354 1879//1354 
f 1881//1354 1889//1354 1884//1354 
f 1871//1353 1868//1353 1890//1355 
f 1891//1355 1890//1355 1892//1356 
f 1893//1356 1892//1356 1894//1357 
f 1895//1357 1894//1357 1896//1358 
f 1897//1358 1896//1358 1898//1359 
f 1899//1359 1898//1359 1900//1360 
f 1901//1360 1900//1360 1902//1361 
f 1903//1361 1902//1361 1904//1362 
f 1905//1362 1904//1362 1906//1363 
f 1907//1363 1906//1363 1908//1364 
f 1909//1364 1908//1364 1910//1365 
f 1911//1365 1910//1365 1912//1366 
f 1913//1366 1912//1366 1914//1367 
f 1915//1367 1914//1367 1916//1368 
f 1917//1368 1916//1368 1918//1369 
f 1919//1369 1918//1369 1920//1370 
f 1921//1370 1920//1370 1922//1371 
f 1923//1371 1922//1371 1924//1372 
f 1925//1372 1924//1372 1926//1373 
f 1927//1373 1926//1373 1928//1374 
f 1929//1374 1928//1374 1930//1375 
f 1931//1375 1930//1375 1932//1376 
f 1933//1376 1932//1376 1934//1377 
f 1935//1377 1934//1377 1936//1378 
f 1937//1378 1936//1378 1938//1379 
f 1939//1379 1938//1379 1940//1380 
f 1941//1380 1940//1380 1942//1381 
f 1943//1381 1942//1381 1944//1382 
f 1945//1382 1944//1382 1879//1383 
f 1879//1383 1884//1383 1945//1382 
f 1944//1382 1945//1382 1943//1381 
f 1942//1381 1943//1381 1941//1380 
f 1940//1380 1941//1380 1939//1379 
f 1938//1379 1939//1379 1937//1378 
f 1936//1378 1937//1378 1935//1377 
f 1934//1377 1935//1377 1933//1376 
f 1932//1376 1933//1376 1931//1375 
f 1930//1375 1931//1375 1929//1374 
f 1928//1374 1929//1374 1927//1373 
f 1926//1373 1927//1373 1925//1372 
f 1924//1372 1925//1372 1923//1371 
f 1922//1371 1923//1371 1921//1370 
f 1920//1370 1921//1370 1919//1369 
f 1918//1369 1919//1369 1917//1368 
f 1916//1368 1917//1368 1915//1367 
f 1914//1367 1915//1367 1913//1366 
f 1912//1366 1913//1366 1911//1365 
f 1910//1365 1911//1365 1909//1364 
f 1908//1364 1909//1364 1907//1363 
f 1906//1363 1907//1363 1905//1362 
f 1904//1362 1905//1362 1903//1361 
f 1902//1361 1903//1361 1901//1360 
f 1900//1360 1901//1360 1899//1359 
f 1898//1359 1899//1359 1897//1358 
f 1896//1358 1897//1358 1895//1357 
f 1894//1357 1895//1357 1893//1356 
f 1892//1356 1893//1356 1891//1355 
f 1890//1355 1891//1355 1871//1353 
f 1906//1384 1898//1384 1896//1384 
f 1868//1384 1924//1384 1922//1384 
f 1868//1384 1932//1384 1930//1384 
f 1906//1384 1900//1384 1898//1384 
f 1906//1384 1904//1384 1902//1384 
f 1894//1384 1912//1384 1910//1384 
f 1868//1384 1920//1384 1918//1384 
f 1868//1384 1926//1384 1924//1384 
f 1868//1384 1934//1384 1932//1384 
f 1912//1384 1892//1384 1890//1384 
f 1902//1384 1900//1384 1906//1384 
f 1910//1384 1908//1384 1894//1384 
f 1922//1384 1920//1384 1868//1384 
f 1930//1384 1928//1384 1868//1384 
f 1912//1384 1894//1384 1892//1384 
f 1908//1384 1906//1384 1894//1384 
f 1868//1384 1916//1384 1914//1384 
f 1928//1384 1926//1384 1868//1384 
f 1896//1384 1894//1384 1906//1384 
f 1918//1384 1916//1384 1868//1384 
f 1868//1384 1938//1384 1936//1384 
f 1914//1384 1912//1384 1868//1384 
f 1868//1384 1940//1384 1938//1384 
f 1936//1384 1934//1384 1868//1384 
f 1868//1384 1944//1384 1942//1384 
f 1942//1384 1940//1384 1868//1384 
f 1882//1384 1879//1384 1868//1384 
f 1868//1384 1879//1384 1944//1384 
f 1890//1384 1868//1384 1912//1384 
f 1868//1384 1878//1384 1882//1384 
f 1946//1385 1947//1385 1948//1385 
f 1949//1385 1950//1385 1951//1385 
f 1952//1385 1953//1385 1954//1385 
f 1955//1385 1956//1385 1957//1385 
f 1958//1385 1959//1385 1960//1385 
f 1961//1385 1962//1385 1963//1385 
f 1964//1385 1965//1385 1966//1385 
f 1967//1385 1946//1385 1968//1385 
f 1947//1385 1969//1385 1948//1385 
f 1951//1385 1947//1385 1949//1385 
f 1954//1385 1949//1385 1952//1385 
f 1957//1385 1952//1385 1955//1385 
f 1960//1385 1955//1385 1958//1385 
f 1963//1385 1958//1385 1961//1385 
f 1970//1385 1971//1385 1972//1385 
f 1970//1385 1973//1385 1974//1385 
f 1975//1385 1976//1385 1977//1385 
f 1966//1385 1975//1385 1964//1385 
f 1946//1385 1978//1385 1968//1385 
f 1951//1385 1969//1385 1947//1385 
f 1957//1385 1953//1385 1952//1385 
f 1963//1385 1959//1385 1958//1385 
f 1972//1385 1961//1385 1970//1385 
f 1973//1385 1979//1385 1974//1385 
f 1973//1385 1980//1385 1981//1385 
f 1977//1385 1982//1385 1975//1385 
f 1966//1385 1983//1385 1975//1385 
f 1984//1385 1985//1385 1986//1385 
f 1987//1385 1988//1385 1989//1385 
f 1987//1385 1990//1385 1991//1385 
f 1992//1385 1967//1385 1993//1385 
f 1948//1385 1978//1385 1946//1385 
f 1960//1385 1956//1385 1955//1385 
f 1974//1385 1971//1385 1970//1385 
f 1980//1385 1994//1385 1981//1385 
f 1995//1385 1996//1385 1997//1385 
f 1995//1385 1998//1385 1999//1385 
f 1995//1385 2000//1385 2001//1385 
f 2002//1385 2003//1385 2004//1385 
f 2005//1385 2006//1385 2007//1385 
f 1983//1385 1976//1385 1975//1385 
f 1964//1385 1984//1385 2008//1385 
f 1985//1385 2009//1385 1986//1385 
f 1985//1385 2010//1385 2011//1385 
f 2010//1385 2012//1385 2013//1385 
f 1987//1385 2014//1385 2015//1385 
f 1991//1385 1988//1385 1987//1385 
f 1993//1385 2016//1385 1992//1385 
f 1954//1385 1950//1385 1949//1385 
f 1981//1385 1979//1385 1973//1385 
f 2017//1385 2018//1385 2019//1385 
f 2020//1385 2021//1385 2022//1385 
f 2021//1385 2023//1385 2024//1385 
f 2025//1385 2026//1385 2027//1385 
f 2025//1385 2028//1385 2029//1385 
f 2028//1385 2030//1385 2031//1385 
f 2028//1385 2032//1385 2033//1385 
f 1997//1385 2034//1385 1995//1385 
f 2001//1385 1998//1385 1995//1385 
f 2007//1385 2002//1385 2005//1385 
f 2006//1385 1995//1385 2035//1385 
f 2036//1385 1995//1385 2037//1385 
f 2008//1385 1965//1385 1964//1385 
f 1986//1385 2038//1385 1984//1385 
f 2010//1385 2039//1385 2011//1385 
f 2012//1385 2040//1385 2013//1385 
f 2041//1385 2042//1385 2043//1385 
f 2044//1385 2045//1385 2046//1385 
f 2047//1385 2004//1385 2048//1385 
f 1987//1385 2049//1385 2050//1385 
f 1989//1385 2014//1385 1987//1385 
f 1967//1385 2051//1385 1993//1385 
f 1972//1385 1962//1385 1961//1385 
f 2018//1385 2052//1385 2019//1385 
f 2053//1385 2054//1385 2055//1385 
f 2056//1385 2057//1385 2054//1385 
f 2056//1385 2020//1385 2058//1385 
f 2024//1385 2022//1385 2021//1385 
f 2027//1385 2023//1385 2025//1385 
f 2028//1385 2059//1385 2029//1385 
f 2033//1385 2030//1385 2028//1385 
f 2060//1385 2061//1385 2062//1385 
f 1999//1385 1996//1385 1995//1385 
f 1995//1385 2006//1385 2063//1385 
f 2035//1385 2007//1385 2006//1385 
f 2064//1385 2065//1385 2036//1385 
f 2064//1385 2066//1385 2067//1385 
f 2064//1385 2068//1385 2069//1385 
f 2064//1385 2070//1385 2071//1385 
f 2061//1385 2060//1385 2072//1385 
f 2073//1385 2074//1385 2075//1385 
f 2076//1385 1982//1385 2077//1385 
f 2038//1385 2008//1385 1984//1385 
f 2013//1385 2039//1385 2010//1385 
f 2043//1385 2012//1385 2041//1385 
f 2044//1385 2078//1385 2079//1385 
f 2045//1385 2080//1385 2046//1385 
f 2081//1385 2082//1385 2083//1385 
f 2081//1385 2084//1385 2085//1385 
f 2084//1385 2086//1385 2087//1385 
f 1990//1385 2088//1385 2089//1385 
f 1990//1385 1987//1385 2090//1385 
f 2091//1385 2092//1385 2093//1385 
f 2092//1385 2091//1385 2047//1385 
f 1987//1385 2094//1385 2095//1385 
f 2015//1385 2049//1385 1987//1385 
f 2096//1385 2097//1385 2098//1385 
f 2096//1385 2099//1385 2100//1385 
f 2101//1385 1992//1385 2102//1385 
f 1968//1385 2051//1385 1967//1385 
f 2103//1385 2104//1385 2105//1385 
f 2017//1385 2106//1385 2107//1385 
f 2019//1385 2108//1385 2017//1385 
f 2018//1385 2053//1385 2109//1385 
f 2054//1385 2053//1385 2056//1385 
f 2020//1385 2110//1385 2058//1385 
f 2027//1385 2024//1385 2023//1385 
f 2028//1385 2111//1385 2059//1385 
f 2028//1385 2112//1385 2032//1385 
f 2028//1385 2060//1385 2113//1385 
f 2060//1385 2114//1385 2115//1385 
f 2062//1385 2116//1385 2060//1385 
f 2070//1385 2064//1385 2117//1385 
f 2063//1385 2000//1385 1995//1385 
f 2004//1385 2005//1385 2002//1385 
f 2067//1385 2065//1385 2064//1385 
f 2071//1385 2068//1385 2064//1385 
f 2061//1385 2118//1385 2119//1385 
f 2072//1385 2120//1385 2061//1385 
f 2074//1385 2121//1385 2075//1385 
f 2074//1385 2076//1385 2122//1385 
f 1977//1385 2077//1385 1982//1385 
f 2043//1385 2040//1385 2012//1385 
f 2123//1385 2124//1385 2125//1385 
f 2126//1385 2127//1385 2128//1385 
f 2129//1385 2130//1385 2131//1385 
f 2079//1385 2129//1385 2044//1385 
f 2046//1385 2132//1385 2044//1385 
f 2083//1385 2133//1385 2081//1385 
f 2084//1385 2134//1385 2085//1385 
f 2087//1385 2135//1385 2084//1385 
f 2084//1385 2136//1385 2137//1385 
f 2138//1385 2139//1385 2140//1385 
f 1990//1385 2141//1385 2142//1385 
f 2090//1385 2088//1385 1990//1385 
f 2048//1385 2092//1385 2047//1385 
f 2050//1385 2094//1385 1987//1385 
f 2143//1385 2144//1385 2145//1385 
f 2096//1385 2146//1385 2147//1385 
f 2100//1385 2097//1385 2096//1385 
f 2148//1385 2149//1385 2150//1385 
f 2016//1385 2102//1385 1992//1385 
f 2105//1385 1980//1385 2103//1385 
f 2107//1385 2103//1385 2017//1385 
f 2109//1385 2052//1385 2018//1385 
f 2058//1385 2057//1385 2056//1385 
f 2029//1385 2026//1385 2025//1385 
f 2113//1385 2112//1385 2028//1385 
f 2116//1385 2114//1385 2060//1385 
f 2117//1385 2151//1385 2070//1385 
f 2003//1385 2048//1385 2004//1385 
f 2069//1385 2066//1385 2064//1385 
f 2061//1385 2152//1385 2118//1385 
f 2120//1385 2153//1385 2061//1385 
f 2073//1385 2154//1385 2155//1385 
f 2122//1385 2121//1385 2074//1385 
f 2011//1385 2009//1385 1985//1385 
f 2125//1385 2041//1385 2123//1385 
f 2128//1385 2123//1385 2126//1385 
f 2156//1385 2157//1385 2158//1385 
f 2159//1385 2160//1385 2161//1385 
f 2162//1385 2163//1385 2164//1385 
f 2131//1385 2163//1385 2129//1385 
f 2132//1385 2078//1385 2044//1385 
f 2165//1385 2166//1385 2167//1385 
f 2166//1385 2133//1385 2168//1385 
f 2085//1385 2082//1385 2081//1385 
f 2137//1385 2086//1385 2084//1385 
f 2140//1385 2169//1385 2138//1385 
f 2138//1385 2143//1385 2170//1385 
f 2089//1385 2141//1385 1990//1385 
f 2095//1385 2091//1385 1987//1385 
f 2143//1385 2171//1385 2144//1385 
f 2096//1385 2172//1385 2173//1385 
f 2098//1385 2146//1385 2096//1385 
f 2150//1385 2099//1385 2148//1385 
f 2148//1385 2174//1385 2175//1385 
f 2105//1385 1994//1385 1980//1385 
f 2108//1385 2106//1385 2017//1385 
f 2022//1385 2110//1385 2020//1385 
f 2115//1385 2113//1385 2060//1385 
f 2151//1385 2176//1385 2070//1385 
f 2037//1385 2064//1385 2036//1385 
f 2061//1385 2177//1385 2178//1385 
f 2153//1385 2152//1385 2061//1385 
f 2179//1385 2180//1385 2181//1385 
f 2179//1385 2182//1385 2183//1385 
f 2155//1385 2182//1385 2073//1385 
f 2077//1385 2122//1385 2076//1385 
f 2128//1385 2124//1385 2123//1385 
f 2158//1385 2184//1385 2156//1385 
f 2161//1385 2156//1385 2159//1385 
f 2159//1385 2162//1385 2185//1385 
f 2163//1385 2186//1385 2164//1385 
f 2079//1385 2130//1385 2129//1385 
f 2168//1385 2167//1385 2166//1385 
f 2135//1385 2134//1385 2084//1385 
f 2084//1385 2096//1385 2187//1385 
f 2138//1385 2188//1385 2139//1385 
f 2170//1385 2189//1385 2138//1385 
f 2093//1385 1987//1385 2091//1385 
f 2143//1385 2138//1385 2171//1385 
f 2173//1385 2190//1385 2096//1385 
f 2096//1385 2191//1385 2192//1385 
f 2150//1385 2100//1385 2099//1385 
f 2174//1385 2193//1385 2175//1385 
f 2174//1385 2194//1385 2195//1385 
f 2194//1385 2196//1385 2197//1385 
f 2198//1385 2199//1385 2200//1385 
f 2107//1385 2104//1385 2103//1385 
f 2031//1385 2111//1385 2028//1385 
f 2034//1385 2037//1385 1995//1385 
f 2119//1385 2177//1385 2061//1385 
f 2028//1385 2201//1385 2202//1385 
f 2179//1385 2203//1385 2201//1385 
f 2181//1385 2204//1385 2179//1385 
f 2179//1385 2205//1385 2206//1385 
f 2155//1385 2183//1385 2182//1385 
f 2125//1385 2042//1385 2041//1385 
f 2184//1385 2207//1385 2208//1385 
f 2161//1385 2157//1385 2156//1385 
f 2162//1385 2209//1385 2185//1385 
f 2131//1385 2186//1385 2163//1385 
f 2045//1385 2210//1385 2211//1385 
f 2212//1385 2213//1385 2214//1385 
f 2083//1385 2168//1385 2133//1385 
f 2096//1385 2215//1385 2187//1385 
f 2189//1385 2188//1385 2138//1385 
f 2145//1385 1990//1385 2143//1385 
f 2190//1385 2216//1385 2217//1385 
f 2192//1385 2172//1385 2096//1385 
f 2175//1385 2149//1385 2148//1385 
f 2197//1385 2195//1385 2194//1385 
f 2200//1385 2196//1385 2198//1385 
f 2198//1385 2218//1385 2219//1385 
f 2101//1385 2220//1385 2218//1385 
f 2055//1385 2109//1385 2053//1385 
f 2178//1385 2070//1385 2061//1385 
f 2201//1385 2028//1385 2179//1385 
f 2206//1385 2180//1385 2179//1385 
f 2075//1385 2154//1385 2073//1385 
f 2208//1385 2126//1385 2184//1385 
f 2185//1385 2160//1385 2159//1385 
f 2211//1385 2080//1385 2045//1385 
f 2214//1385 2210//1385 2212//1385 
f 2212//1385 2165//1385 2221//1385 
f 2187//1385 2136//1385 2084//1385 
f 2096//1385 2190//1385 2222//1385 
f 2142//1385 2143//1385 1990//1385 
f 2217//1385 2223//1385 2190//1385 
f 2147//1385 2191//1385 2096//1385 
f 2200//1385 2197//1385 2196//1385 
f 2218//1385 2198//1385 2101//1385 
f 2176//1385 2061//1385 2070//1385 
f 2204//1385 2203//1385 2179//1385 
f 2208//1385 2127//1385 2126//1385 
f 2164//1385 2209//1385 2162//1385 
f 2214//1385 2224//1385 2210//1385 
f 2165//1385 2225//1385 2221//1385 
f 2222//1385 2215//1385 2096//1385 
f 2223//1385 2138//1385 2190//1385 
f 2195//1385 2193//1385 2174//1385 
f 2102//1385 2220//1385 2101//1385 
f 2183//1385 2205//1385 2179//1385 
f 2224//1385 2211//1385 2210//1385 
f 2167//1385 2225//1385 2165//1385 
f 2173//1385 2216//1385 2190//1385 
f 2202//1385 2060//1385 2028//1385 
f 2221//1385 2213//1385 2212//1385 
f 2219//1385 2199//1385 2198//1385 
f 2169//1385 2190//1385 2138//1385 
f 2158//1385 2207//1385 2184//1385 
f 2226//1386 2028//1386 2025//1387 
f 2227//1387 2025//1387 2023//1388 
f 2228//1388 2023//1388 2021//1389 
f 2229//1389 2021//1389 2020//1390 
f 2230//1390 2020//1390 2056//1391 
f 2231//1391 2056//1391 2053//1392 
f 2232//1392 2053//1392 2018//1393 
f 2233//1393 2018//1393 2017//1394 
f 2234//1394 2017//1394 2103//1395 
f 2235//1395 2103//1395 1980//1396 
f 2236//1396 1980//1396 1973//1397 
f 2237//1397 1973//1397 1970//1398 
f 2238//1398 1970//1398 1961//1399 
f 2239//1399 1961//1399 1958//1400 
f 2240//1400 1958//1400 1955//1401 
f 2241//1401 1955//1401 1952//1402 
f 2242//1402 1952//1402 1949//1403 
f 2243//1403 1949//1403 1947//1404 
f 2244//1404 1947//1404 1946//1405 
f 2245//1405 1946//1405 1967//1406 
f 2246//1406 1967//1406 1992//1407 
f 2247//1407 1992//1407 2101//1408 
f 2248//1408 2101//1408 2198//1409 
f 2249//1409 2198//1409 2196//1410 
f 2250//1410 2196//1410 2194//1411 
f 2251//1411 2194//1411 2174//1412 
f 2252//1412 2174//1412 2148//1413 
f 2253//1413 2148//1413 2099//1414 
f 2254//1414 2099//1414 2096//1415 
f 2096//1415 2255//1415 2254//1414 
f 2099//1414 2254//1414 2253//1413 
f 2148//1413 2253//1413 2252//1412 
f 2174//1412 2252//1412 2251//1411 
f 2194//1411 2251//1411 2250//1410 
f 2196//1410 2250//1410 2249//1409 
f 2198//1409 2249//1409 2248//1408 
f 2101//1408 2248//1408 2247//1407 
f 1992//1407 2247//1407 2246//1406 
f 1967//1406 2246//1406 2245//1405 
f 1946//1405 2245//1405 2244//1404 
f 1947//1404 2244//1404 2243//1403 
f 1949//1403 2243//1403 2242//1402 
f 1952//1402 2242//1402 2241//1401 
f 1955//1401 2241//1401 2240//1400 
f 1958//1400 2240//1400 2239//1399 
f 1961//1399 2239//1399 2238//1398 
f 1970//1398 2238//1398 2237//1397 
f 1973//1397 2237//1397 2236//1396 
f 1980//1396 2236//1396 2235//1395 
f 2103//1395 2235//1395 2234//1394 
f 2017//1394 2234//1394 2233//1393 
f 2018//1393 2233//1393 2232//1392 
f 2053//1392 2232//1392 2231//1391 
f 2056//1391 2231//1391 2230//1390 
f 2020//1390 2230//1390 2229//1389 
f 2021//1389 2229//1389 2228//1388 
f 2023//1388 2228//1388 2227//1387 
f 2025//1387 2227//1387 2226//1386 
f 2028//1416 2226//1416 2256//1416 
f 2256//1416 2179//1416 2028//1416 
f 2257//1415 2084//1415 2081//1417 
f 2258//1417 2081//1417 2133//1418 
f 2259//1418 2133//1418 2166//1419 
f 2260//1419 2166//1419 2165//1420 
f 2261//1420 2165//1420 2212//1421 
f 2262//1421 2212//1421 2210//1422 
f 2263//1422 2210//1422 2045//1423 
f 2264//1423 2045//1423 2044//1424 
f 2265//1424 2044//1424 2129//1425 
f 2266//1425 2129//1425 2163//1426 
f 2267//1426 2163//1426 2162//1427 
f 2268//1427 2162//1427 2159//1428 
f 2269//1428 2159//1428 2156//1429 
f 2270//1429 2156//1429 2184//1430 
f 2271//1430 2184//1430 2126//1431 
f 2272//1431 2126//1431 2123//1432 
f 2273//1432 2123//1432 2041//1433 
f 2274//1433 2041//1433 2012//1434 
f 2275//1434 2012//1434 2010//1435 
f 2276//1435 2010//1435 1985//1436 
f 2277//1436 1985//1436 1984//1437 
f 2278//1437 1984//1437 1964//1438 
f 2279//1438 1964//1438 1975//1439 
f 2280//1439 1975//1439 1982//1440 
f 2281//1440 1982//1440 2076//1441 
f 2282//1441 2076//1441 2074//1442 
f 2283//1442 2074//1442 2073//1443 
f 2284//1443 2073//1443 2182//1444 
f 2285//1444 2182//1444 2179//1445 
f 2179//1445 2256//1445 2285//1444 
f 2182//1444 2285//1444 2284//1443 
f 2073//1443 2284//1443 2283//1442 
f 2074//1442 2283//1442 2282//1441 
f 2076//1441 2282//1441 2281//1440 
f 1982//1440 2281//1440 2280//1439 
f 1975//1439 2280//1439 2279//1438 
f 1964//1438 2279//1438 2278//1437 
f 1984//1437 2278//1437 2277//1436 
f 1985//1436 2277//1436 2276//1435 
f 2010//1435 2276//1435 2275//1434 
f 2012//1434 2275//1434 2274//1433 
f 2041//1433 2274//1433 2273//1432 
f 2123//1432 2273//1432 2272//1431 
f 2126//1431 2272//1431 2271//1430 
f 2184//1430 2271//1430 2270//1429 
f 2156//1429 2270//1429 2269//1428 
f 2159//1428 2269//1428 2268//1427 
f 2162//1427 2268//1427 2267//1426 
f 2163//1426 2267//1426 2266//1425 
f 2129//1425 2266//1425 2265//1424 
f 2044//1424 2265//1424 2264//1423 
f 2045//1423 2264//1423 2263//1422 
f 2210//1422 2263//1422 2262//1421 
f 2212//1421 2262//1421 2261//1420 
f 2165//1420 2261//1420 2260//1419 
f 2166//1419 2260//1419 2259//1418 
f 2133//1418 2259//1418 2258//1417 
f 2081//1417 2258//1417 2257//1415 
f 2084//1446 2257//1446 2255//1446 
f 2255//1446 2096//1446 2084//1446 
f 2256//1447 2226//1447 2286//1447 
f 2226//1447 2287//1447 2288//1447 
f 2254//1447 2289//1447 2290//1447 
f 2255//1447 2291//1447 2289//1447 
f 2285//1447 2292//1447 2293//1447 
f 2256//1447 2294//1447 2292//1447 
f 2256//1447 2295//1447 2296//1447 
f 2288//1447 2286//1447 2226//1447 
f 2289//1447 2254//1447 2255//1447 
f 2297//1447 2298//1447 2299//1447 
f 2300//1447 2301//1447 2302//1447 
f 2292//1447 2285//1447 2256//1447 
f 2286//1447 2295//1447 2256//1447 
f 2250//1447 2303//1447 2304//1447 
f 2251//1447 2305//1447 2303//1447 
f 2253//1447 2290//1447 2306//1447 
f 2255//1447 2307//1447 2291//1447 
f 2299//1447 2302//1447 2297//1447 
f 2300//1447 2308//1447 2301//1447 
f 2281//1447 2309//1447 2310//1447 
f 2282//1447 2311//1447 2309//1447 
f 2256//1447 2312//1447 2294//1447 
f 2296//1447 2313//1447 2256//1447 
f 2303//1447 2250//1447 2251//1447 
f 2252//1447 2306//1447 2305//1447 
f 2290//1447 2253//1447 2254//1447 
f 2314//1447 2315//1447 2316//1447 
f 2314//1447 2317//1447 2318//1447 
f 2297//1447 2319//1447 2298//1447 
f 2317//1447 2314//1447 2320//1447 
f 2302//1447 2321//1447 2322//1447 
f 2300//1447 2323//1447 2324//1447 
f 2300//1447 2325//1447 2326//1447 
f 2277//1447 2327//1447 2328//1447 
f 2278//1447 2329//1447 2327//1447 
f 2279//1447 2330//1447 2329//1447 
f 2280//1447 2310//1447 2330//1447 
f 2309//1447 2281//1447 2282//1447 
f 2283//1447 2331//1447 2311//1447 
f 2284//1447 2293//1447 2331//1447 
f 2313//1447 2312//1447 2256//1447 
f 2332//1447 2228//1447 2229//1447 
f 2332//1447 2333//1447 2226//1447 
f 2332//1447 2231//1447 2334//1447 
f 2305//1447 2251//1447 2252//1447 
f 2255//1447 2335//1447 2307//1447 
f 2255//1447 2336//1447 2337//1447 
f 2314//1447 2338//1447 2339//1447 
f 2318//1447 2315//1447 2314//1447 
f 2320//1447 2298//1447 2317//1447 
f 2302//1447 2340//1447 2321//1447 
f 2326//1447 2323//1447 2300//1447 
f 2300//1447 2341//1447 2342//1447 
f 2271//1447 2343//1447 2344//1447 
f 2272//1447 2345//1447 2343//1447 
f 2275//1447 2346//1447 2347//1447 
f 2276//1447 2328//1447 2346//1447 
f 2327//1447 2277//1447 2278//1447 
f 2330//1447 2279//1447 2280//1447 
f 2311//1447 2282//1447 2283//1447 
f 2293//1447 2284//1447 2285//1447 
f 2226//1447 2348//1447 2349//1447 
f 2226//1447 2333//1447 2350//1447 
f 2229//1447 2230//1447 2332//1447 
f 2226//1447 2227//1447 2332//1447 
f 2231//1447 2351//1447 2334//1447 
f 2244//1447 2352//1447 2353//1447 
f 2245//1447 2354//1447 2352//1447 
f 2246//1447 2355//1447 2354//1447 
f 2247//1447 2356//1447 2355//1447 
f 2306//1447 2252//1447 2253//1447 
f 2255//1447 2357//1447 2336//1447 
f 2339//1447 2255//1447 2314//1447 
f 2319//1447 2317//1447 2298//1447 
f 2300//1447 2358//1447 2308//1447 
f 2342//1447 2325//1447 2300//1447 
f 2257//1447 2359//1447 2360//1447 
f 2262//1447 2361//1447 2362//1447 
f 2263//1447 2363//1447 2361//1447 
f 2264//1447 2364//1447 2363//1447 
f 2265//1447 2365//1447 2364//1447 
f 2343//1447 2271//1447 2272//1447 
f 2273//1447 2366//1447 2345//1447 
f 2274//1447 2347//1447 2366//1447 
f 2346//1447 2275//1447 2276//1447 
f 2329//1447 2278//1447 2279//1447 
f 2331//1447 2283//1447 2284//1447 
f 2350//1447 2348//1447 2226//1447 
f 2227//1447 2228//1447 2332//1447 
f 2334//1447 2300//1447 2367//1447 
f 2234//1447 2368//1447 2369//1447 
f 2235//1447 2370//1447 2368//1447 
f 2236//1447 2371//1447 2370//1447 
f 2237//1447 2372//1447 2371//1447 
f 2239//1447 2373//1447 2374//1447 
f 2240//1447 2375//1447 2373//1447 
f 2241//1447 2376//1447 2375//1447 
f 2242//1447 2377//1447 2376//1447 
f 2352//1447 2244//1447 2245//1447 
f 2355//1447 2246//1447 2247//1447 
f 2248//1447 2378//1447 2356//1447 
f 2249//1447 2304//1447 2378//1447 
f 2337//1447 2335//1447 2255//1447 
f 2316//1447 2338//1447 2314//1447 
f 2324//1447 2358//1447 2300//1447 
f 2255//1447 2379//1447 2380//1447 
f 2257//1447 2381//1447 2382//1447 
f 2360//1447 2383//1447 2257//1447 
f 2258//1447 2384//1447 2359//1447 
f 2260//1447 2385//1447 2386//1447 
f 2261//1447 2362//1447 2385//1447 
f 2361//1447 2262//1447 2263//1447 
f 2364//1447 2264//1447 2265//1447 
f 2267//1447 2387//1447 2388//1447 
f 2268//1447 2389//1447 2387//1447 
f 2345//1447 2272//1447 2273//1447 
f 2347//1447 2274//1447 2275//1447 
f 2310//1447 2280//1447 2281//1447 
f 2230//1447 2231//1447 2332//1447 
f 2231//1447 2390//1447 2351//1447 
f 2231//1447 2391//1447 2392//1447 
f 2368//1447 2234//1447 2235//1447 
f 2371//1447 2236//1447 2237//1447 
f 2238//1447 2374//1447 2372//1447 
f 2373//1447 2239//1447 2240//1447 
f 2376//1447 2241//1447 2242//1447 
f 2243//1447 2353//1447 2377//1447 
f 2354//1447 2245//1447 2246//1447 
f 2378//1447 2248//1447 2249//1447 
f 2339//1447 2357//1447 2255//1447 
f 2302//1447 2299//1447 2340//1447 
f 2255//1447 2382//1447 2379//1447 
f 2257//1447 2393//1447 2381//1447 
f 2359//1447 2257//1447 2258//1447 
f 2259//1447 2386//1447 2384//1447 
f 2385//1447 2260//1447 2261//1447 
f 2363//1447 2263//1447 2264//1447 
f 2266//1447 2388//1447 2365//1447 
f 2387//1447 2267//1447 2268//1447 
f 2269//1447 2394//1447 2389//1447 
f 2270//1447 2344//1447 2394//1447 
f 2366//1447 2273//1447 2274//1447 
f 2349//1447 2287//1447 2226//1447 
f 2231//1447 2395//1447 2390//1447 
f 2231//1447 2396//1447 2391//1447 
f 2232//1447 2397//1447 2396//1447 
f 2233//1447 2369//1447 2397//1447 
f 2370//1447 2235//1447 2236//1447 
f 2374//1447 2238//1447 2239//1447 
f 2377//1447 2242//1447 2243//1447 
f 2356//1447 2247//1447 2248//1447 
f 2302//1447 2322//1447 2300//1447 
f 2382//1447 2255//1447 2257//1447 
f 2300//1447 2334//1447 2398//1447 
f 2384//1447 2258//1447 2259//1447 
f 2362//1447 2261//1447 2262//1447 
f 2388//1447 2266//1447 2267//1447 
f 2394//1447 2269//1447 2270//1447 
f 2328//1447 2276//1447 2277//1447 
f 2392//1447 2395//1447 2231//1447 
f 2397//1447 2232//1447 2233//1447 
f 2372//1447 2237//1447 2238//1447 
f 2353//1447 2243//1447 2244//1447 
f 2380//1447 2314//1447 2255//1447 
f 2300//1447 2399//1447 2400//1447 
f 2398//1447 2401//1447 2300//1447 
f 2386//1447 2259//1447 2260//1447 
f 2389//1447 2268//1447 2269//1447 
f 2334//1447 2367//1447 2332//1447 
f 2369//1447 2233//1447 2234//1447 
f 2304//1447 2249//1447 2250//1447 
f 2401//1447 2399//1447 2300//1447 
f 2365//1447 2265//1447 2266//1447 
f 2396//1447 2231//1447 2232//1447 
f 2400//1447 2341//1447 2300//1447 
f 2344//1447 2270//1447 2271//1447 
f 2383//1447 2393//1447 2257//1447 
f 2375//1447 2240//1447 2241//1447 
f 2343//1448 2402//1448 2403//1449 
f 2344//1449 2403//1449 2404//1450 
f 2394//1450 2404//1450 2405//1451 
f 2389//1451 2405//1451 2406//1452 
f 2387//1452 2406//1452 2407//1453 
f 2388//1453 2407//1453 2408//1454 
f 2365//1454 2408//1454 2409//1455 
f 2364//1455 2409//1455 2410//1456 
f 2363//1456 2410//1456 2411//1457 
f 2361//1457 2411//1457 2412//1458 
f 2362//1458 2412//1458 2413//1459 
f 2385//1459 2413//1459 2414//1460 
f 2386//1460 2414//1460 2415//1461 
f 2384//1461 2415//1461 2416//1462 
f 2360//1463 2359//1462 2417//1464 
f 2359//1462 2416//1462 2417//1464 
f 2360//1463 2418//1463 2419//1465 
f 2383//1465 2419//1465 2420//1466 
f 2393//1466 2420//1466 2421//1467 
f 2381//1467 2421//1467 2422//1468 
f 2382//1468 2422//1468 2423//1469 
f 2379//1469 2423//1469 2424//1470 
f 2380//1470 2424//1470 2425//1471 
f 2314//1471 2425//1471 2426//1472 
f 2320//1472 2426//1472 2427//1473 
f 2298//1473 2427//1473 2428//1474 
f 2299//1474 2428//1474 2429//1475 
f 2340//1475 2429//1475 2430//1476 
f 2321//1476 2430//1476 2431//1477 
f 2322//1477 2431//1477 2432//1478 
f 2300//1478 2432//1478 2433//1479 
f 2367//1479 2433//1479 2434//1480 
f 2332//1480 2434//1480 2435//1481 
f 2333//1481 2435//1481 2436//1482 
f 2350//1482 2436//1482 2437//1483 
f 2348//1483 2437//1483 2438//1484 
f 2349//1484 2438//1484 2439//1485 
f 2287//1485 2439//1485 2440//1486 
f 2288//1486 2440//1486 2441//1487 
f 2286//1487 2441//1487 2442//1488 
f 2295//1488 2442//1488 2443//1489 
f 2296//1489 2443//1489 2444//1490 
f 2313//1490 2444//1490 2445//1491 
f 2312//1491 2445//1491 2446//1492 
f 2294//1492 2446//1492 2447//1493 
f 2292//1493 2447//1493 2448//1494 
f 2293//1494 2448//1494 2449//1495 
f 2331//1495 2449//1495 2450//1496 
f 2311//1496 2450//1496 2451//1497 
f 2309//1497 2451//1497 2452//1498 
f 2310//1498 2452//1498 2453//1499 
f 2330//1499 2453//1499 2454//1500 
f 2329//1500 2454//1500 2455//1501 
f 2327//1501 2455//1501 2456//1502 
f 2328//1502 2456//1502 2457//1503 
f 2346//1503 2457//1503 2458//1504 
f 2347//1504 2458//1504 2459//1505 
f 2366//1505 2459//1505 2460//1506 
f 2345//1506 2460//1506 2402//1448 
f 2402//1448 2343//1448 2345//1506 
f 2460//1506 2345//1506 2366//1505 
f 2459//1505 2366//1505 2347//1504 
f 2458//1504 2347//1504 2346//1503 
f 2457//1503 2346//1503 2328//1502 
f 2456//1502 2328//1502 2327//1501 
f 2455//1501 2327//1501 2329//1500 
f 2454//1500 2329//1500 2330//1499 
f 2453//1499 2330//1499 2310//1498 
f 2452//1498 2310//1498 2309//1497 
f 2451//1497 2309//1497 2311//1496 
f 2450//1496 2311//1496 2331//1495 
f 2449//1495 2331//1495 2293//1494 
f 2448//1494 2293//1494 2292//1493 
f 2447//1493 2292//1493 2294//1492 
f 2446//1492 2294//1492 2312//1491 
f 2445//1491 2312//1491 2313//1490 
f 2444//1490 2313//1490 2296//1489 
f 2443//1489 2296//1489 2295//1488 
f 2442//1488 2295//1488 2286//1487 
f 2441//1487 2286//1487 2288//1486 
f 2440//1486 2288//1486 2287//1485 
f 2439//1485 2287//1485 2349//1484 
f 2438//1484 2349//1484 2348//1483 
f 2437//1483 2348//1483 2350//1482 
f 2436//1482 2350//1482 2333//1481 
f 2435//1481 2333//1481 2332//1480 
f 2434//1480 2332//1480 2367//1479 
f 2433//1479 2367//1479 2300//1478 
f 2432//1478 2300//1478 2322//1477 
f 2431//1477 2322//1477 2321//1476 
f 2430//1476 2321//1476 2340//1475 
f 2429//1475 2340//1475 2299//1474 
f 2428//1474 2299//1474 2298//1473 
f 2427//1473 2298//1473 2320//1472 
f 2426//1472 2320//1472 2314//1471 
f 2425//1471 2314//1471 2380//1470 
f 2424//1470 2380//1470 2379//1469 
f 2423//1469 2379//1469 2382//1468 
f 2422//1468 2382//1468 2381//1467 
f 2421//1467 2381//1467 2393//1466 
f 2420//1466 2393//1466 2383//1465 
f 2419//1465 2383//1465 2360//1463 
f 2417//1464 2418//1463 2360//1463 
f 2416//1462 2359//1462 2384//1461 
f 2415//1461 2384//1461 2386//1460 
f 2414//1460 2386//1460 2385//1459 
f 2413//1459 2385//1459 2362//1458 
f 2412//1458 2362//1458 2361//1457 
f 2411//1457 2361//1457 2363//1456 
f 2410//1456 2363//1456 2364//1455 
f 2409//1455 2364//1455 2365//1454 
f 2408//1454 2365//1454 2388//1453 
f 2407//1453 2388//1453 2387//1452 
f 2406//1452 2387//1452 2389//1451 
f 2405//1451 2389//1451 2394//1450 
f 2404//1450 2394//1450 2344//1449 
f 2403//1449 2344//1449 2343//1448 
f 2302//1507 2461//1507 2462//1508 
f 2297//1508 2462//1508 2463//1509 
f 2319//1509 2463//1509 2464//1510 
f 2317//1510 2464//1510 2465//1511 
f 2318//1511 2465//1511 2466//1512 
f 2315//1512 2466//1512 2467//1513 
f 2316//1513 2467//1513 2468//1514 
f 2338//1514 2468//1514 2469//1515 
f 2339//1515 2469//1515 2470//1516 
f 2357//1516 2470//1516 2471//1517 
f 2336//1517 2471//1517 2472//1518 
f 2337//1518 2472//1518 2473//1519 
f 2335//1519 2473//1519 2474//1520 
f 2307//1520 2474//1520 2475//1521 
f 2289//1522 2291//1521 2476//1523 
f 2291//1521 2475//1521 2476//1523 
f 2289//1522 2477//1522 2478//1524 
f 2290//1524 2478//1524 2479//1525 
f 2306//1525 2479//1525 2480//1526 
f 2305//1526 2480//1526 2481//1527 
f 2303//1527 2481//1527 2482//1528 
f 2304//1528 2482//1528 2483//1529 
f 2378//1529 2483//1529 2484//1530 
f 2356//1530 2484//1530 2485//1531 
f 2355//1531 2485//1531 2486//1532 
f 2354//1532 2486//1532 2487//1533 
f 2352//1533 2487//1533 2488//1534 
f 2353//1534 2488//1534 2489//1535 
f 2377//1535 2489//1535 2490//1536 
f 2376//1536 2490//1536 2491//1537 
f 2375//1537 2491//1537 2492//1538 
f 2373//1538 2492//1538 2493//1539 
f 2374//1539 2493//1539 2494//1540 
f 2372//1540 2494//1540 2495//1541 
f 2371//1541 2495//1541 2496//1542 
f 2370//1542 2496//1542 2497//1543 
f 2368//1543 2497//1543 2498//1544 
f 2369//1544 2498//1544 2499//1545 
f 2397//1545 2499//1545 2500//1546 
f 2396//1546 2500//1546 2501//1547 
f 2391//1547 2501//1547 2502//1548 
f 2392//1548 2502//1548 2503//1549 
f 2395//1549 2503//1549 2504//1550 
f 2390//1550 2504//1550 2505//1551 
f 2351//1551 2505//1551 2506//1552 
f 2334//1552 2506//1552 2507//1553 
f 2398//1553 2507//1553 2508//1554 
f 2401//1554 2508//1554 2509//1555 
f 2399//1555 2509//1555 2510//1556 
f 2400//1556 2510//1556 2511//1557 
f 2341//1557 2511//1557 2512//1558 
f 2342//1558 2512//1558 2513//1559 
f 2325//1559 2513//1559 2514//1560 
f 2326//1560 2514//1560 2515//1561 
f 2323//1561 2515//1561 2516//1562 
f 2324//1562 2516//1562 2517//1563 
f 2358//1563 2517//1563 2518//1564 
f 2308//1564 2518//1564 2519//1565 
f 2301//1565 2519//1565 2461//1507 
f 2461//1507 2302//1507 2301//1565 
f 2519//1565 2301//1565 2308//1564 
f 2518//1564 2308//1564 2358//1563 
f 2517//1563 2358//1563 2324//1562 
f 2516//1562 2324//1562 2323//1561 
f 2515//1561 2323//1561 2326//1560 
f 2514//1560 2326//1560 2325//1559 
f 2513//1559 2325//1559 2342//1558 
f 2512//1558 2342//1558 2341//1557 
f 2511//1557 2341//1557 2400//1556 
f 2510//1556 2400//1556 2399//1555 
f 2509//1555 2399//1555 2401//1554 
f 2508//1554 2401//1554 2398//1553 
f 2507//1553 2398//1553 2334//1552 
f 2506//1552 2334//1552 2351//1551 
f 2505//1551 2351//1551 2390//1550 
f 2504//1550 2390//1550 2395//1549 
f 2503//1549 2395//1549 2392//1548 
f 2502//1548 2392//1548 2391//1547 
f 2501//1547 2391//1547 2396//1546 
f 2500//1546 2396//1546 2397//1545 
f 2499//1545 2397//1545 2369//1544 
f 2498//1544 2369//1544 2368//1543 
f 2497//1543 2368//1543 2370//1542 
f 2496//1542 2370//1542 2371//1541 
f 2495//1541 2371//1541 2372//1540 
f 2494//1540 2372//1540 2374//1539 
f 2493//1539 2374//1539 2373//1538 
f 2492//1538 2373//1538 2375//1537 
f 2491//1537 2375//1537 2376//1536 
f 2490//1536 2376//1536 2377//1535 
f 2489//1535 2377//1535 2353//1534 
f 2488//1534 2353//1534 2352//1533 
f 2487//1533 2352//1533 2354//1532 
f 2486//1532 2354//1532 2355//1531 
f 2485//1531 2355//1531 2356//1530 
f 2484//1530 2356//1530 2378//1529 
f 2483//1529 2378//1529 2304//1528 
f 2482//1528 2304//1528 2303//1527 
f 2481//1527 2303//1527 2305//1526 
f 2480//1526 2305//1526 2306//1525 
f 2479//1525 2306//1525 2290//1524 
f 2478//1524 2290//1524 2289//1522 
f 2476//1523 2477//1522 2289//1522 
f 2475//1521 2291//1521 2307//1520 
f 2474//1520 2307//1520 2335//1519 
f 2473//1519 2335//1519 2337//1518 
f 2472//1518 2337//1518 2336//1517 
f 2471//1517 2336//1517 2357//1516 
f 2470//1516 2357//1516 2339//1515 
f 2469//1515 2339//1515 2338//1514 
f 2468//1514 2338//1514 2316//1513 
f 2467//1513 2316//1513 2315//1512 
f 2466//1512 2315//1512 2318//1511 
f 2465//1511 2318//1511 2317//1510 
f 2464//1510 2317//1510 2319//1509 
f 2463//1509 2319//1509 2297//1508 
f 2462//1508 2297//1508 2302//1507 
f 2520//1566 2521//1566 2409//1566 
f 2521//1566 2522//1566 2410//1566 
f 2523//1566 2418//1566 2417//1566 
f 2524//1566 2520//1566 2408//1566 
f 2410//1566 2409//1566 2521//1566 
f 2522//1566 2525//1566 2411//1566 
f 2525//1566 2526//1566 2412//1566 
f 2527//1566 2523//1566 2416//1566 
f 2523//1566 2419//1566 2418//1566 
f 2409//1566 2408//1566 2520//1566 
f 2412//1566 2411//1566 2525//1566 
f 2526//1566 2528//1566 2413//1566 
f 2528//1566 2529//1566 2414//1566 
f 2529//1566 2527//1566 2415//1566 
f 2417//1566 2416//1566 2523//1566 
f 2411//1566 2410//1566 2522//1566 
f 2414//1566 2413//1566 2528//1566 
f 2416//1566 2415//1566 2527//1566 
f 2429//1566 2530//1566 2474//1566 
f 2531//1566 2532//1566 2505//1566 
f 2533//1566 2534//1566 2406//1566 
f 2534//1566 2524//1566 2407//1566 
f 2413//1566 2412//1566 2526//1566 
f 2523//1566 2420//1566 2419//1566 
f 2523//1566 2535//1566 2422//1566 
f 2530//1566 2475//1566 2474//1566 
f 2530//1566 2477//1566 2476//1566 
f 2532//1566 2506//1566 2505//1566 
f 2407//1566 2406//1566 2534//1566 
f 2415//1566 2414//1566 2529//1566 
f 2535//1566 2423//1566 2422//1566 
f 2429//1566 2536//1566 2537//1566 
f 2429//1566 2428//1566 2535//1566 
f 2476//1566 2475//1566 2530//1566 
f 2538//1566 2539//1566 2492//1566 
f 2539//1566 2540//1566 2493//1566 
f 2541//1566 2542//1566 2495//1566 
f 2542//1566 2543//1566 2496//1566 
f 2543//1566 2544//1566 2497//1566 
f 2544//1566 2545//1566 2498//1566 
f 2546//1566 2547//1566 2502//1566 
f 2547//1566 2548//1566 2503//1566 
f 2548//1566 2531//1566 2504//1566 
f 2532//1566 2507//1566 2506//1566 
f 2517//1566 2549//1566 2445//1566 
f 2408//1566 2407//1566 2524//1566 
f 2422//1566 2421//1566 2523//1566 
f 2429//1566 2550//1566 2536//1566 
f 2535//1566 2551//1566 2429//1566 
f 2530//1566 2478//1566 2477//1566 
f 2474//1566 2432//1566 2431//1566 
f 2552//1566 2553//1566 2483//1566 
f 2553//1566 2554//1566 2484//1566 
f 2554//1566 2555//1566 2485//1566 
f 2555//1566 2556//1566 2486//1566 
f 2556//1566 2557//1566 2487//1566 
f 2557//1566 2558//1566 2488//1566 
f 2493//1566 2492//1566 2539//1566 
f 2540//1566 2541//1566 2494//1566 
f 2496//1566 2495//1566 2542//1566 
f 2498//1566 2497//1566 2544//1566 
f 2559//1566 2546//1566 2501//1566 
f 2503//1566 2502//1566 2547//1566 
f 2505//1566 2504//1566 2531//1566 
f 2517//1566 2560//1566 2561//1566 
f 2517//1566 2562//1566 2563//1566 
f 2549//1566 2446//1566 2445//1566 
f 2549//1566 2448//1566 2447//1566 
f 2549//1566 2564//1566 2452//1566 
f 2564//1566 2565//1566 2453//1566 
f 2565//1566 2566//1566 2454//1566 
f 2566//1566 2567//1566 2455//1566 
f 2567//1566 2568//1566 2456//1566 
f 2461//1566 2433//1566 2432//1566 
f 2569//1566 2570//1566 2404//1566 
f 2570//1566 2533//1566 2405//1566 
f 2421//1566 2420//1566 2523//1566 
f 2535//1566 2425//1566 2424//1566 
f 2551//1566 2550//1566 2429//1566 
f 2431//1566 2430//1566 2474//1566 
f 2530//1566 2552//1566 2482//1566 
f 2484//1566 2483//1566 2553//1566 
f 2486//1566 2485//1566 2555//1566 
f 2488//1566 2487//1566 2557//1566 
f 2571//1566 2572//1566 2490//1566 
f 2572//1566 2538//1566 2491//1566 
f 2494//1566 2493//1566 2540//1566 
f 2497//1566 2496//1566 2543//1566 
f 2545//1566 2573//1566 2499//1566 
f 2573//1566 2559//1566 2500//1566 
f 2502//1566 2501//1566 2546//1566 
f 2532//1566 2508//1566 2507//1566 
f 2532//1566 2574//1566 2510//1566 
f 2563//1566 2560//1566 2517//1566 
f 2517//1566 2516//1566 2574//1566 
f 2447//1566 2446//1566 2549//1566 
f 2445//1566 2461//1566 2519//1566 
f 2452//1566 2451//1566 2549//1566 
f 2454//1566 2453//1566 2565//1566 
f 2456//1566 2455//1566 2567//1566 
f 2568//1566 2575//1566 2457//1566 
f 2575//1566 2576//1566 2458//1566 
f 2461//1566 2434//1566 2433//1566 
f 2405//1566 2404//1566 2570//1566 
f 2424//1566 2423//1566 2535//1566 
f 2535//1566 2427//1566 2426//1566 
f 2537//1566 2530//1566 2429//1566 
f 2530//1566 2479//1566 2478//1566 
f 2530//1566 2481//1566 2480//1566 
f 2483//1566 2482//1566 2552//1566 
f 2487//1566 2486//1566 2556//1566 
f 2558//1566 2571//1566 2489//1566 
f 2491//1566 2490//1566 2572//1566 
f 2495//1566 2494//1566 2541//1566 
f 2500//1566 2499//1566 2573//1566 
f 2504//1566 2503//1566 2548//1566 
f 2510//1566 2509//1566 2532//1566 
f 2574//1566 2562//1566 2517//1566 
f 2519//1566 2518//1566 2445//1566 
f 2451//1566 2450//1566 2549//1566 
f 2455//1566 2454//1566 2566//1566 
f 2458//1566 2457//1566 2575//1566 
f 2576//1566 2577//1566 2459//1566 
f 2577//1566 2578//1566 2460//1566 
f 2578//1566 2579//1566 2402//1566 
f 2432//1566 2463//1566 2462//1566 
f 2432//1566 2466//1566 2465//1566 
f 2432//1566 2468//1566 2467//1566 
f 2461//1566 2437//1566 2436//1566 
f 2461//1566 2439//1566 2438//1566 
f 2461//1566 2441//1566 2440//1566 
f 2461//1566 2444//1566 2443//1566 
f 2579//1566 2569//1566 2403//1566 
f 2406//1566 2405//1566 2533//1566 
f 2428//1566 2427//1566 2535//1566 
f 2480//1566 2479//1566 2530//1566 
f 2485//1566 2484//1566 2554//1566 
f 2490//1566 2489//1566 2571//1566 
f 2499//1566 2498//1566 2545//1566 
f 2509//1566 2508//1566 2532//1566 
f 2574//1566 2513//1566 2512//1566 
f 2574//1566 2515//1566 2514//1566 
f 2561//1566 2549//1566 2517//1566 
f 2549//1566 2449//1566 2448//1566 
f 2453//1566 2452//1566 2564//1566 
f 2459//1566 2458//1566 2576//1566 
f 2402//1566 2460//1566 2578//1566 
f 2432//1566 2464//1566 2463//1566 
f 2467//1566 2466//1566 2432//1566 
f 2438//1566 2437//1566 2461//1566 
f 2461//1566 2442//1566 2441//1566 
f 2461//1566 2445//1566 2444//1566 
f 2404//1566 2403//1566 2569//1566 
f 2474//1566 2430//1566 2429//1566 
f 2489//1566 2488//1566 2558//1566 
f 2501//1566 2500//1566 2559//1566 
f 2512//1566 2511//1566 2574//1566 
f 2516//1566 2515//1566 2574//1566 
f 2450//1566 2449//1566 2549//1566 
f 2460//1566 2459//1566 2577//1566 
f 2465//1566 2464//1566 2432//1566 
f 2432//1566 2470//1566 2469//1566 
f 2436//1566 2435//1566 2461//1566 
f 2443//1566 2442//1566 2461//1566 
f 2432//1566 2473//1566 2472//1566 
f 2426//1566 2425//1566 2535//1566 
f 2492//1566 2491//1566 2538//1566 
f 2514//1566 2513//1566 2574//1566 
f 2457//1566 2456//1566 2568//1566 
f 2469//1566 2468//1566 2432//1566 
f 2440//1566 2439//1566 2461//1566 
f 2432//1566 2474//1566 2473//1566 
f 2482//1566 2481//1566 2530//1566 
f 2445//1566 2518//1566 2517//1566 
f 2435//1566 2434//1566 2461//1566 
f 2472//1566 2471//1566 2432//1566 
f 2511//1566 2510//1566 2574//1566 
f 2471//1566 2470//1566 2432//1566 
f 2432//1566 2462//1566 2461//1566 
f 2403//1566 2402//1566 2579//1566 
f 2580//1567 2532//1567 2531//1568 
f 2581//1568 2531//1568 2548//1569 
f 2582//1569 2548//1569 2547//1570 
f 2583//1570 2547//1570 2546//1571 
f 2584//1571 2546//1571 2559//1572 
f 2585//1572 2559//1572 2573//1573 
f 2586//1573 2573//1573 2545//1574 
f 2587//1574 2545//1574 2544//1575 
f 2588//1575 2544//1575 2543//1576 
f 2589//1576 2543//1576 2542//1577 
f 2590//1577 2542//1577 2541//1578 
f 2591//1578 2541//1578 2540//1579 
f 2592//1579 2540//1579 2539//1580 
f 2593//1580 2539//1580 2538//1581 
f 2594//1581 2538//1581 2572//1582 
f 2595//1582 2572//1582 2571//1583 
f 2596//1583 2571//1583 2558//1584 
f 2597//1584 2558//1584 2557//1585 
f 2598//1585 2557//1585 2556//1586 
f 2599//1586 2556//1586 2555//1587 
f 2600//1587 2555//1587 2554//1588 
f 2601//1588 2554//1588 2553//1589 
f 2602//1589 2553//1589 2552//1590 
f 2603//1590 2552//1590 2530//1591 
f 2604//1591 2530//1591 2537//1592 
f 2605//1592 2537//1592 2536//1593 
f 2606//1593 2536//1593 2550//1594 
f 2607//1594 2550//1594 2551//1595 
f 2608//1595 2551//1595 2535//1596 
f 2535//1596 2609//1596 2608//1595 
f 2551//1595 2608//1595 2607//1594 
f 2550//1594 2607//1594 2606//1593 
f 2536//1593 2606//1593 2605//1592 
f 2537//1592 2605//1592 2604//1591 
f 2530//1591 2604//1591 2603//1590 
f 2552//1590 2603//1590 2602//1589 
f 2553//1589 2602//1589 2601//1588 
f 2554//1588 2601//1588 2600//1587 
f 2555//1587 2600//1587 2599//1586 
f 2556//1586 2599//1586 2598//1585 
f 2557//1585 2598//1585 2597//1584 
f 2558//1584 2597//1584 2596//1583 
f 2571//1583 2596//1583 2595//1582 
f 2572//1582 2595//1582 2594//1581 
f 2538//1581 2594//1581 2593//1580 
f 2539//1580 2593//1580 2592//1579 
f 2540//1579 2592//1579 2591//1578 
f 2541//1578 2591//1578 2590//1577 
f 2542//1577 2590//1577 2589//1576 
f 2543//1576 2589//1576 2588//1575 
f 2544//1575 2588//1575 2587//1574 
f 2545//1574 2587//1574 2586//1573 
f 2573//1573 2586//1573 2585//1572 
f 2559//1572 2585//1572 2584//1571 
f 2546//1571 2584//1571 2583//1570 
f 2547//1570 2583//1570 2582//1569 
f 2548//1569 2582//1569 2581//1568 
f 2531//1568 2581//1568 2580//1567 
f 2609//1596 2535//1596 2523//1596 
f 2523//1596 2610//1596 2609//1596 
f 2610//1596 2523//1596 2527//1597 
f 2611//1597 2527//1597 2529//1598 
f 2612//1598 2529//1598 2528//1599 
f 2613//1599 2528//1599 2526//1600 
f 2614//1600 2526//1600 2525//1601 
f 2615//1601 2525//1601 2522//1602 
f 2616//1602 2522//1602 2521//1603 
f 2617//1603 2521//1603 2520//1604 
f 2618//1604 2520//1604 2524//1605 
f 2619//1605 2524//1605 2534//1606 
f 2620//1606 2534//1606 2533//1607 
f 2621//1607 2533//1607 2570//1608 
f 2622//1608 2570//1608 2569//1609 
f 2623//1609 2569//1609 2579//1610 
f 2624//1610 2579//1610 2578//1611 
f 2625//1611 2578//1611 2577//1612 
f 2626//1612 2577//1612 2576//1613 
f 2627//1613 2576//1613 2575//1614 
f 2628//1614 2575//1614 2568//1615 
f 2629//1615 2568//1615 2567//1616 
f 2630//1616 2567//1616 2566//1617 
f 2631//1617 2566//1617 2565//1618 
f 2632//1618 2565//1618 2564//1619 
f 2633//1619 2564//1619 2549//1620 
f 2634//1620 2549//1620 2561//1621 
f 2635//1621 2561//1621 2560//1622 
f 2636//1622 2560//1622 2563//1623 
f 2637//1623 2563//1623 2562//1624 
f 2638//1624 2562//1624 2574//1625 
f 2574//1625 2639//1625 2638//1624 
f 2562//1624 2638//1624 2637//1623 
f 2563//1623 2637//1623 2636//1622 
f 2560//1622 2636//1622 2635//1621 
f 2561//1621 2635//1621 2634//1620 
f 2549//1620 2634//1620 2633//1619 
f 2564//1619 2633//1619 2632//1618 
f 2565//1618 2632//1618 2631//1617 
f 2566//1617 2631//1617 2630//1616 
f 2567//1616 2630//1616 2629//1615 
f 2568//1615 2629//1615 2628//1614 
f 2575//1614 2628//1614 2627//1613 
f 2576//1613 2627//1613 2626//1612 
f 2577//1612 2626//1612 2625//1611 
f 2578//1611 2625//1611 2624//1610 
f 2579//1610 2624//1610 2623//1609 
f 2569//1609 2623//1609 2622//1608 
f 2570//1608 2622//1608 2621//1607 
f 2533//1607 2621//1607 2620//1606 
f 2534//1606 2620//1606 2619//1605 
f 2524//1605 2619//1605 2618//1604 
f 2520//1604 2618//1604 2617//1603 
f 2521//1603 2617//1603 2616//1602 
f 2522//1602 2616//1602 2615//1601 
f 2525//1601 2615//1601 2614//1600 
f 2526//1600 2614//1600 2613//1599 
f 2528//1599 2613//1599 2612//1598 
f 2529//1598 2612//1598 2611//1597 
f 2527//1597 2611//1597 2610//1596 
f 2639//1625 2574//1625 2532//1625 
f 2532//1625 2580//1625 2639//1625 
f 2623//1626 2640//1626 2641//1626 
f 2624//1626 2642//1626 2640//1626 
f 2619//1626 2643//1626 2644//1626 
f 2620//1626 2645//1626 2643//1626 
f 2621//1626 2646//1626 2645//1626 
f 2622//1626 2641//1626 2646//1626 
f 2640//1626 2623//1626 2624//1626 
f 2625//1626 2647//1626 2642//1626 
f 2626//1626 2648//1626 2647//1626 
f 2627//1626 2649//1626 2648//1626 
f 2600//1626 2650//1626 2651//1626 
f 2601//1626 2652//1626 2650//1626 
f 2643//1626 2619//1626 2620//1626 
f 2646//1626 2621//1626 2622//1626 
f 2642//1626 2624//1626 2625//1626 
f 2648//1626 2626//1626 2627//1626 
f 2628//1626 2653//1626 2649//1626 
f 2629//1626 2654//1626 2653//1626 
f 2630//1626 2655//1626 2654//1626 
f 2631//1626 2656//1626 2655//1626 
f 2597//1626 2657//1626 2658//1626 
f 2598//1626 2659//1626 2657//1626 
f 2650//1626 2600//1626 2601//1626 
f 2602//1626 2660//1626 2652//1626 
f 2661//1626 2662//1626 2663//1626 
f 2664//1626 2665//1626 2666//1626 
f 2645//1626 2620//1626 2621//1626 
f 2647//1626 2625//1626 2626//1626 
f 2653//1626 2628//1626 2629//1626 
f 2655//1626 2630//1626 2631//1626 
f 2657//1626 2597//1626 2598//1626 
f 2599//1626 2651//1626 2659//1626 
f 2652//1626 2601//1626 2602//1626 
f 2603//1626 2667//1626 2660//1626 
f 2663//1626 2668//1626 2661//1626 
f 2661//1626 2664//1626 2669//1626 
f 2664//1626 2661//1626 2665//1626 
f 2670//1626 2671//1626 2672//1626 
f 2617//1626 2673//1626 2674//1626 
f 2618//1626 2644//1626 2673//1626 
f 2641//1626 2622//1626 2623//1626 
f 2654//1626 2629//1626 2630//1626 
f 2675//1626 2580//1626 2676//1626 
f 2595//1626 2677//1626 2678//1626 
f 2596//1626 2658//1626 2677//1626 
f 2659//1626 2598//1626 2599//1626 
f 2660//1626 2602//1626 2603//1626 
f 2604//1626 2679//1626 2667//1626 
f 2605//1626 2680//1626 2679//1626 
f 2668//1626 2681//1626 2661//1626 
f 2666//1626 2682//1626 2664//1626 
f 2670//1626 2683//1626 2671//1626 
f 2670//1626 2684//1626 2685//1626 
f 2686//1626 2610//1626 2687//1626 
f 2666//1626 2688//1626 2689//1626 
f 2611//1626 2690//1626 2691//1626 
f 2612//1626 2692//1626 2690//1626 
f 2613//1626 2693//1626 2692//1626 
f 2614//1626 2694//1626 2693//1626 
f 2615//1626 2695//1626 2694//1626 
f 2616//1626 2674//1626 2695//1626 
f 2673//1626 2617//1626 2618//1626 
f 2649//1626 2627//1626 2628//1626 
f 2632//1626 2696//1626 2656//1626 
f 2633//1626 2697//1626 2696//1626 
f 2634//1626 2698//1626 2697//1626 
f 2635//1626 2699//1626 2698//1626 
f 2636//1626 2700//1626 2699//1626 
f 2637//1626 2701//1626 2700//1626 
f 2580//1626 2702//1626 2676//1626 
f 2676//1626 2666//1626 2703//1626 
f 2677//1626 2595//1626 2596//1626 
f 2651//1626 2599//1626 2600//1626 
f 2679//1626 2604//1626 2605//1626 
f 2606//1626 2704//1626 2680//1626 
f 2607//1626 2705//1626 2704//1626 
f 2608//1626 2706//1626 2705//1626 
f 2609//1626 2707//1626 2706//1626 
f 2609//1626 2708//1626 2709//1626 
f 2684//1626 2670//1626 2710//1626 
f 2669//1626 2662//1626 2661//1626 
f 2685//1626 2683//1626 2670//1626 
f 2687//1626 2711//1626 2686//1626 
f 2610//1626 2712//1626 2713//1626 
f 2666//1626 2714//1626 2688//1626 
f 2666//1626 2715//1626 2716//1626 
f 2666//1626 2676//1626 2717//1626 
f 2610//1626 2691//1626 2718//1626 
f 2690//1626 2611//1626 2612//1626 
f 2693//1626 2613//1626 2614//1626 
f 2695//1626 2615//1626 2616//1626 
f 2644//1626 2618//1626 2619//1626 
f 2696//1626 2632//1626 2633//1626 
f 2698//1626 2634//1626 2635//1626 
f 2700//1626 2636//1626 2637//1626 
f 2580//1626 2675//1626 2719//1626 
f 2703//1626 2720//1626 2676//1626 
f 2593//1626 2721//1626 2722//1626 
f 2594//1626 2678//1626 2721//1626 
f 2658//1626 2596//1626 2597//1626 
f 2680//1626 2605//1626 2606//1626 
f 2705//1626 2607//1626 2608//1626 
f 2709//1626 2707//1626 2609//1626 
f 2609//1626 2610//1626 2686//1626 
f 2710//1626 2723//1626 2684//1626 
f 2672//1626 2661//1626 2670//1626 
f 2711//1626 2724//1626 2686//1626 
f 2610//1626 2725//1626 2712//1626 
f 2716//1626 2714//1626 2666//1626 
f 2666//1626 2726//1626 2727//1626 
f 2666//1626 2728//1626 2729//1626 
f 2717//1626 2730//1626 2666//1626 
f 2691//1626 2610//1626 2611//1626 
f 2694//1626 2614//1626 2615//1626 
f 2656//1626 2631//1626 2632//1626 
f 2699//1626 2635//1626 2636//1626 
f 2639//1626 2731//1626 2732//1626 
f 2676//1626 2720//1626 2675//1626 
f 2581//1626 2733//1626 2734//1626 
f 2582//1626 2735//1626 2733//1626 
f 2584//1626 2736//1626 2737//1626 
f 2585//1626 2738//1626 2736//1626 
f 2588//1626 2739//1626 2740//1626 
f 2589//1626 2741//1626 2739//1626 
f 2590//1626 2742//1626 2741//1626 
f 2591//1626 2743//1626 2742//1626 
f 2592//1626 2722//1626 2743//1626 
f 2721//1626 2593//1626 2594//1626 
f 2667//1626 2603//1626 2604//1626 
f 2706//1626 2608//1626 2609//1626 
f 2686//1626 2744//1626 2609//1626 
f 2681//1626 2670//1626 2661//1626 
f 2713//1626 2687//1626 2610//1626 
f 2727//1626 2715//1626 2666//1626 
f 2730//1626 2728//1626 2666//1626 
f 2692//1626 2612//1626 2613//1626 
f 2697//1626 2633//1626 2634//1626 
f 2638//1626 2732//1626 2701//1626 
f 2639//1626 2745//1626 2731//1626 
f 2639//1626 2580//1626 2746//1626 
f 2580//1626 2747//1626 2748//1626 
f 2580//1626 2734//1626 2702//1626 
f 2733//1626 2581//1626 2582//1626 
f 2583//1626 2737//1626 2735//1626 
f 2736//1626 2584//1626 2585//1626 
f 2587//1626 2740//1626 2749//1626 
f 2739//1626 2588//1626 2589//1626 
f 2742//1626 2590//1626 2591//1626 
f 2722//1626 2592//1626 2593//1626 
f 2704//1626 2606//1626 2607//1626 
f 2744//1626 2750//1626 2609//1626 
f 2724//1626 2684//1626 2686//1626 
f 2729//1626 2726//1626 2666//1626 
f 2674//1626 2616//1626 2617//1626 
f 2732//1626 2638//1626 2639//1626 
f 2580//1626 2751//1626 2746//1626 
f 2748//1626 2752//1626 2580//1626 
f 2734//1626 2580//1626 2581//1626 
f 2737//1626 2583//1626 2584//1626 
f 2586//1626 2749//1626 2738//1626 
f 2740//1626 2587//1626 2588//1626 
f 2743//1626 2591//1626 2592//1626 
f 2750//1626 2708//1626 2609//1626 
f 2689//1626 2682//1626 2666//1626 
f 2701//1626 2637//1626 2638//1626 
f 2639//1626 2753//1626 2754//1626 
f 2746//1626 2755//1626 2639//1626 
f 2719//1626 2747//1626 2580//1626 
f 2738//1626 2585//1626 2586//1626 
f 2741//1626 2589//1626 2590//1626 
f 2723//1626 2686//1626 2684//1626 
f 2754//1626 2745//1626 2639//1626 
f 2752//1626 2751//1626 2580//1626 
f 2749//1626 2586//1626 2587//1626 
f 2718//1626 2725//1626 2610//1626 
f 2735//1626 2582//1626 2583//1626 
f 2755//1626 2753//1626 2639//1626 
f 2678//1626 2594//1626 2595//1626 
f 2756//1627 2757//1627 2758//1627 
f 2758//1627 2759//1627 2756//1627 
f 2759//1627 2760//1627 2756//1627 
f 2760//1627 2761//1627 2756//1627 
f 2761//1627 2762//1627 2756//1627 
f 2762//1627 2763//1627 2756//1627 
f 2763//1627 2764//1627 2756//1627 
f 2764//1627 2765//1627 2756//1627 
f 2765//1627 2766//1627 2756//1627 
f 2766//1627 2767//1627 2756//1627 
f 2767//1627 2768//1627 2756//1627 
f 2768//1627 2769//1627 2756//1627 
f 2769//1627 2770//1627 2756//1627 
f 2770//1627 2771//1627 2756//1627 
f 2771//1627 2772//1627 2756//1627 
f 2772//1627 2773//1627 2756//1627 
f 2773//1627 2774//1627 2756//1627 
f 2774//1627 2775//1627 2756//1627 
f 2775//1627 2776//1627 2756//1627 
f 2776//1627 2777//1627 2756//1627 
f 2777//1627 2778//1627 2756//1627 
f 2778//1627 2779//1627 2756//1627 
f 2779//1627 2780//1627 2756//1627 
f 2780//1627 2781//1627 2756//1627 
f 2781//1627 2782//1627 2756//1627 
f 2782//1627 2783//1627 2756//1627 
f 2783//1627 2784//1627 2756//1627 
f 2784//1627 2785//1627 2756//1627 
f 2785//1627 2786//1627 2756//1627 
f 2786//1627 2787//1627 2756//1627 
f 2787//1627 2788//1627 2756//1627 
f 2788//1627 2789//1627 2756//1627 
f 2789//1627 2790//1627 2756//1627 
f 2790//1627 2791//1627 2756//1627 
f 2791//1627 2792//1627 2756//1627 
f 2792//1627 2793//1627 2756//1627 
f 2793//1627 2794//1627 2756//1627 
f 2794//1627 2795//1627 2756//1627 
f 2795//1627 2796//1627 2756//1627 
f 2796//1627 2797//1627 2756//1627 
f 2797//1627 2798//1627 2756//1627 
f 2798//1627 2799//1627 2756//1627 
f 2799//1627 2800//1627 2756//1627 
f 2800//1627 2801//1627 2756//1627 
f 2801//1627 2802//1627 2756//1627 
f 2802//1627 2803//1627 2756//1627 
f 2803//1627 2804//1627 2756//1627 
f 2804//1627 2805//1627 2756//1627 
f 2805//1627 2806//1627 2756//1627 
f 2806//1627 2807//1627 2756//1627 
f 2807//1627 2808//1627 2756//1627 
f 2808//1627 2809//1627 2756//1627 
f 2809//1627 2810//1627 2756//1627 
f 2810//1627 2811//1627 2756//1627 
f 2811//1627 2812//1627 2756//1627 
f 2812//1627 2813//1627 2756//1627 
f 2813//1627 2814//1627 2756//1627 
f 2814//1627 2757//1627 2756//1627 
f 2815//1628 2816//1628 2817//1628 
f 2817//1628 2818//1628 2815//1628 
f 2818//1628 2819//1628 2815//1628 
f 2819//1628 2820//1628 2815//1628 
f 2820//1628 2821//1628 2815//1628 
f 2821//1628 2822//1628 2815//1628 
f 2822//1628 2823//1628 2815//1628 
f 2823//1628 2824//1628 2815//1628 
f 2824//1628 2825//1628 2815//1628 
f 2825//1628 2826//1628 2815//1628 
f 2826//1628 2827//1628 2815//1628 
f 2827//1628 2828//1628 2815//1628 
f 2828//1628 2829//1628 2815//1628 
f 2829//1628 2830//1628 2815//1628 
f 2830//1628 2831//1628 2815//1628 
f 2831//1628 2832//1628 2815//1628 
f 2832//1628 2833//1628 2815//1628 
f 2833//1628 2834//1628 2815//1628 
f 2834//1628 2835//1628 2815//1628 
f 2835//1628 2836//1628 2815//1628 
f 2836//1628 2837//1628 2815//1628 
f 2837//1628 2838//1628 2815//1628 
f 2838//1628 2839//1628 2815//1628 
f 2839//1628 2840//1628 2815//1628 
f 2840//1628 2841//1628 2815//1628 
f 2841//1628 2842//1628 2815//1628 
f 2842//1628 2843//1628 2815//1628 
f 2843//1628 2844//1628 2815//1628 
f 2844//1628 2845//1628 2815//1628 
f 2845//1628 2846//1628 2815//1628 
f 2846//1628 2847//1628 2815//1628 
f 2847//1628 2848//1628 2815//1628 
f 2848//1628 2849//1628 2815//1628 
f 2849//1628 2850//1628 2815//1628 
f 2850//1628 2851//1628 2815//1628 
f 2851//1628 2852//1628 2815//1628 
f 2852//1628 2853//1628 2815//1628 
f 2853//1628 2854//1628 2815//1628 
f 2854//1628 2855//1628 2815//1628 
f 2855//1628 2856//1628 2815//1628 
f 2856//1628 2857//1628 2815//1628 
f 2857//1628 2858//1628 2815//1628 
f 2858//1628 2859//1628 2815//1628 
f 2859//1628 2860//1628 2815//1628 
f 2860//1628 2861//1628 2815//1628 
f 2861//1628 2862//1628 2815//1628 
f 2862//1628 2863//1628 2815//1628 
f 2863//1628 2864//1628 2815//1628 
f 2864//1628 2865//1628 2815//1628 
f 2865//1628 2866//1628 2815//1628 
f 2866//1628 2867//1628 2815//1628 
f 2867//1628 2868//1628 2815//1628 
f 2868//1628 2869//1628 2815//1628 
f 2869//1628 2870//1628 2815//1628 
f 2870//1628 2871//1628 2815//1628 
f 2871//1628 2872//1628 2815//1628 
f 2872//1628 2873//1628 2815//1628 
f 2873//1628 2816//1628 2815//1628 
f 2874//1629 2875//1629 2876//1630 
f 2877//1630 2876//1630 2878//1631 
f 2879//1631 2878//1631 2880//1632 
f 2881//1632 2880//1632 2882//1633 
f 2883//1633 2882//1633 2884//1634 
f 2885//1634 2884//1634 2886//1635 
f 2887//1635 2886//1635 2888//1636 
f 2889//1636 2888//1636 2890//1637 
f 2891//1637 2890//1637 2892//1638 
f 2893//1638 2892//1638 2894//1639 
f 2895//1639 2894//1639 2896//1640 
f 2897//1640 2896//1640 2898//1641 
f 2899//1641 2898//1641 2900//1642 
f 2901//1642 2900//1642 2902//1643 
f 2903//1643 2902//1643 2904//1644 
f 2905//1644 2904//1644 2906//1645 
f 2907//1645 2906//1645 2908//1646 
f 2909//1646 2908//1646 2910//1647 
f 2911//1647 2910//1647 2912//1648 
f 2913//1648 2912//1648 2914//1649 
f 2915//1649 2914//1649 2916//1650 
f 2917//1650 2916//1650 2918//1651 
f 2919//1651 2918//1651 2920//1652 
f 2921//1652 2920//1652 2922//1653 
f 2923//1653 2922//1653 2924//1654 
f 2925//1654 2924//1654 2926//1655 
f 2927//1655 2926//1655 2928//1656 
f 2929//1656 2928//1656 2930//1657 
f 2931//1657 2930//1657 2932//1658 
f 2933//1658 2932//1658 2934//1659 
f 2935//1659 2934//1659 2936//1660 
f 2937//1660 2936//1660 2938//1661 
f 2939//1661 2938//1661 2940//1662 
f 2941//1662 2940//1662 2942//1663 
f 2943//1663 2942//1663 2944//1664 
f 2945//1664 2944//1664 2946//1665 
f 2947//1665 2946//1665 2948//1666 
f 2949//1666 2948//1666 2950//1667 
f 2951//1667 2950//1667 2952//1668 
f 2953//1668 2952//1668 2954//1669 
f 2955//1669 2954//1669 2956//1670 
f 2957//1670 2956//1670 2958//1671 
f 2959//1671 2958//1671 2960//1672 
f 2961//1672 2960//1672 2962//1673 
f 2963//1673 2962//1673 2964//1674 
f 2965//1674 2964//1674 2966//1675 
f 2967//1675 2966//1675 2968//1676 
f 2969//1676 2968//1676 2970//1677 
f 2971//1677 2970//1677 2972//1678 
f 2973//1678 2972//1678 2974//1679 
f 2975//1679 2974//1679 2976//1680 
f 2977//1680 2976//1680 2978//1681 
f 2979//1681 2978//1681 2980//1682 
f 2981//1682 2980//1682 2982//1683 
f 2983//1683 2982//1683 2984//1684 
f 2985//1684 2984//1684 2986//1685 
f 2987//1685 2986//1685 2988//1686 
f 2989//1686 2988//1686 2875//1629 
f 2875//1629 2874//1629 2989//1686 
f 2988//1686 2989//1686 2987//1685 
f 2986//1685 2987//1685 2985//1684 
f 2984//1684 2985//1684 2983//1683 
f 2982//1683 2983//1683 2981//1682 
f 2980//1682 2981//1682 2979//1681 
f 2978//1681 2979//1681 2977//1680 
f 2976//1680 2977//1680 2975//1679 
f 2974//1679 2975//1679 2973//1678 
f 2972//1678 2973//1678 2971//1677 
f 2970//1677 2971//1677 2969//1676 
f 2968//1676 2969//1676 2967//1675 
f 2966//1675 2967//1675 2965//1674 
f 2964//1674 2965//1674 2963//1673 
f 2962//1673 2963//1673 2961//1672 
f 2960//1672 2961//1672 2959//1671 
f 2958//1671 2959//1671 2957//1670 
f 2956//1670 2957//1670 2955//1669 
f 2954//1669 2955//1669 2953//1668 
f 2952//1668 2953//1668 2951//1667 
f 2950//1667 2951//1667 2949//1666 
f 2948//1666 2949//1666 2947//1665 
f 2946//1665 2947//1665 2945//1664 
f 2944//1664 2945//1664 2943//1663 
f 2942//1663 2943//1663 2941//1662 
f 2940//1662 2941//1662 2939//1661 
f 2938//1661 2939//1661 2937//1660 
f 2936//1660 2937//1660 2935//1659 
f 2934//1659 2935//1659 2933//1658 
f 2932//1658 2933//1658 2931//1657 
f 2930//1657 2931//1657 2929//1656 
f 2928//1656 2929//1656 2927//1655 
f 2926//1655 2927//1655 2925//1654 
f 2924//1654 2925//1654 2923//1653 
f 2922//1653 2923//1653 2921//1652 
f 2920//1652 2921//1652 2919//1651 
f 2918//1651 2919//1651 2917//1650 
f 2916//1650 2917//1650 2915//1649 
f 2914//1649 2915//1649 2913//1648 
f 2912//1648 2913//1648 2911//1647 
f 2910//1647 2911//1647 2909//1646 
f 2908//1646 2909//1646 2907//1645 
f 2906//1645 2907//1645 2905//1644 
f 2904//1644 2905//1644 2903//1643 
f 2902//1643 2903//1643 2901//1642 
f 2900//1642 2901//1642 2899//1641 
f 2898//1641 2899//1641 2897//1640 
f 2896//1640 2897//1640 2895//1639 
f 2894//1639 2895//1639 2893//1638 
f 2892//1638 2893//1638 2891//1637 
f 2890//1637 2891//1637 2889//1636 
f 2888//1636 2889//1636 2887//1635 
f 2886//1635 2887//1635 2885//1634 
f 2884//1634 2885//1634 2883//1633 
f 2882//1633 2883//1633 2881//1632 
f 2880//1632 2881//1632 2879//1631 
f 2878//1631 2879//1631 2877//1630 
f 2876//1630 2877//1630 2874//1629 
f 2990//1687 2991//1687 2992//1687 
f 2992//1687 2993//1687 2990//1687 
f 2994//1687 2995//1687 2996//1687 
f 2994//1687 2992//1687 2997//1687 
f 2991//1687 2998//1687 2992//1687 
f 2994//1687 2999//1687 2995//1687 
f 2998//1687 2997//1687 2992//1687 
f 2994//1687 3000//1687 3001//1687 
f 2994//1687 3002//1687 3003//1687 
f 2996//1687 3004//1687 2994//1687 
f 2997//1687 3005//1687 2994//1687 
f 2994//1687 3006//1687 3000//1687 
f 3003//1687 3007//1687 2994//1687 
f 2994//1687 3008//1687 3009//1687 
f 3004//1687 3010//1687 2994//1687 
f 3005//1687 3011//1687 2994//1687 
f 3012//1687 3013//1687 3014//1687 
f 3015//1687 3016//1687 3013//1687 
f 2994//1687 3017//1687 3006//1687 
f 3009//1687 3002//1687 2994//1687 
f 2994//1687 3018//1687 3019//1687 
f 3011//1687 2999//1687 2994//1687 
f 3020//1687 3021//1687 3022//1687 
f 3023//1687 3014//1687 3024//1687 
f 3013//1687 3012//1687 3015//1687 
f 3025//1687 3026//1687 3027//1687 
f 3028//1687 3029//1687 3026//1687 
f 3007//1687 3017//1687 2994//1687 
f 3010//1687 3018//1687 2994//1687 
f 3030//1687 3031//1687 3032//1687 
f 3020//1687 3033//1687 3034//1687 
f 3020//1687 3035//1687 3021//1687 
f 3036//1687 3037//1687 3038//1687 
f 3036//1687 3039//1687 3040//1687 
f 3041//1687 3042//1687 3043//1687 
f 3041//1687 3044//1687 3045//1687 
f 3046//1687 3047//1687 3048//1687 
f 3049//1687 3050//1687 3047//1687 
f 3051//1687 3052//1687 3053//1687 
f 3054//1687 3055//1687 3052//1687 
f 3056//1687 3057//1687 2894//1687 
f 3057//1687 3058//1687 2896//1687 
f 3058//1687 3059//1687 2898//1687 
f 3059//1687 3060//1687 2900//1687 
f 2994//1687 2972//1687 2970//1687 
f 3061//1687 2974//1687 2972//1687 
f 3062//1687 3063//1687 3064//1687 
f 3065//1687 3066//1687 3063//1687 
f 3014//1687 3023//1687 3012//1687 
f 3067//1687 3027//1687 3016//1687 
f 3026//1687 3025//1687 3028//1687 
f 3068//1687 3069//1687 3029//1687 
f 2990//1687 2993//1687 3070//1687 
f 3019//1687 3008//1687 2994//1687 
f 3071//1687 2994//1687 3072//1687 
f 3030//1687 3072//1687 3031//1687 
f 3020//1687 3073//1687 3033//1687 
f 3020//1687 3032//1687 3035//1687 
f 3040//1687 3037//1687 3036//1687 
f 3038//1687 3074//1687 3075//1687 
f 3045//1687 3042//1687 3041//1687 
f 3041//1687 3048//1687 3076//1687 
f 3047//1687 3046//1687 3049//1687 
f 3077//1687 3078//1687 3050//1687 
f 3079//1687 3080//1687 3078//1687 
f 3081//1687 3053//1687 3082//1687 
f 3052//1687 3051//1687 3054//1687 
f 2896//1687 2894//1687 3057//1687 
f 2900//1687 2898//1687 3059//1687 
f 3083//1687 3084//1687 2908//1687 
f 3084//1687 3085//1687 2910//1687 
f 3085//1687 3086//1687 2912//1687 
f 3086//1687 3087//1687 2914//1687 
f 2994//1687 2968//1687 2966//1687 
f 2972//1687 2994//1687 3061//1687 
f 3063//1687 3062//1687 3065//1687 
f 3088//1687 3089//1687 3066//1687 
f 3016//1687 3015//1687 3067//1687 
f 3029//1687 3028//1687 3068//1687 
f 2990//1687 3090//1687 3069//1687 
f 3001//1687 3061//1687 2994//1687 
f 2994//1687 3071//1687 3091//1687 
f 3032//1687 3020//1687 3030//1687 
f 3022//1687 3073//1687 3020//1687 
f 3036//1687 3034//1687 3039//1687 
f 3038//1687 3092//1687 3074//1687 
f 3041//1687 3093//1687 3044//1687 
f 3048//1687 3041//1687 3046//1687 
f 3078//1687 3077//1687 3079//1687 
f 3094//1687 3095//1687 3080//1687 
f 3096//1687 3082//1687 3095//1687 
f 3053//1687 3081//1687 3051//1687 
f 2898//1687 2896//1687 3058//1687 
f 3060//1687 3097//1687 2902//1687 
f 2910//1687 2908//1687 3084//1687 
f 2914//1687 2912//1687 3086//1687 
f 2994//1687 2954//1687 2952//1687 
f 2994//1687 2960//1687 2958//1687 
f 2970//1687 2968//1687 2994//1687 
f 3066//1687 3065//1687 3088//1687 
f 3098//1687 3024//1687 3089//1687 
f 3027//1687 3067//1687 3025//1687 
f 3070//1687 3090//1687 2990//1687 
f 3072//1687 3030//1687 3071//1687 
f 3038//1687 3099//1687 3036//1687 
f 3038//1687 3043//1687 3092//1687 
f 3076//1687 3093//1687 3041//1687 
f 3080//1687 3079//1687 3094//1687 
f 3082//1687 3096//1687 3081//1687 
f 3100//1687 3101//1687 2880//1687 
f 3101//1687 3102//1687 2882//1687 
f 3103//1687 3104//1687 2886//1687 
f 3104//1687 3105//1687 2888//1687 
f 3105//1687 3106//1687 2890//1687 
f 3106//1687 3056//1687 2892//1687 
f 2902//1687 2900//1687 3060//1687 
f 3097//1687 3107//1687 2904//1687 
f 3107//1687 3083//1687 2906//1687 
f 2912//1687 2910//1687 3085//1687 
f 2932//1687 2930//1687 3108//1687 
f 2952//1687 3109//1687 2994//1687 
f 2958//1687 2956//1687 2994//1687 
f 2966//1687 2964//1687 2994//1687 
f 3061//1687 3110//1687 2986//1687 
f 3110//1687 3111//1687 2988//1687 
f 3089//1687 3088//1687 3098//1687 
f 3069//1687 3068//1687 2990//1687 
f 2994//1687 3112//1687 3113//1687 
f 3034//1687 3036//1687 3020//1687 
f 3038//1687 3114//1687 3115//1687 
f 3043//1687 3038//1687 3041//1687 
f 3095//1687 3094//1687 3096//1687 
f 3116//1687 3100//1687 2878//1687 
f 2882//1687 2880//1687 3101//1687 
f 2888//1687 2886//1687 3104//1687 
f 2892//1687 2890//1687 3106//1687 
f 2904//1687 2902//1687 3097//1687 
f 2908//1687 2906//1687 3083//1687 
f 3087//1687 3117//1687 2916//1687 
f 3117//1687 3118//1687 2918//1687 
f 3118//1687 3119//1687 2920//1687 
f 3119//1687 3120//1687 2922//1687 
f 3108//1687 3121//1687 2932//1687 
f 3122//1687 3109//1687 2940//1687 
f 2956//1687 2954//1687 2994//1687 
f 2964//1687 2962//1687 2994//1687 
f 3061//1687 2978//1687 2976//1687 
f 2988//1687 2986//1687 3110//1687 
f 3111//1687 3123//1687 2875//1687 
f 3024//1687 3098//1687 3023//1687 
f 3113//1687 3124//1687 2994//1687 
f 2994//1687 3125//1687 3126//1687 
f 3115//1687 3099//1687 3038//1687 
f 3050//1687 3049//1687 3077//1687 
f 3127//1687 3128//1687 3055//1687 
f 3129//1687 3130//1687 3128//1687 
f 3123//1687 3116//1687 2876//1687 
f 2880//1687 2878//1687 3100//1687 
f 2890//1687 2888//1687 3105//1687 
f 2906//1687 2904//1687 3107//1687 
f 2918//1687 2916//1687 3117//1687 
f 2922//1687 2920//1687 3119//1687 
f 2928//1687 2926//1687 3131//1687 
f 2930//1687 3132//1687 3133//1687 
f 2930//1687 2928//1687 3134//1687 
f 2932//1687 3135//1687 3136//1687 
f 3121//1687 3137//1687 2932//1687 
f 2934//1687 3138//1687 3139//1687 
f 2934//1687 2932//1687 3140//1687 
f 3122//1687 2938//1687 2936//1687 
f 3109//1687 2942//1687 2940//1687 
f 3109//1687 2946//1687 2944//1687 
f 3109//1687 2950//1687 2948//1687 
f 2962//1687 2960//1687 2994//1687 
f 3061//1687 2980//1687 2978//1687 
f 3061//1687 2984//1687 2982//1687 
f 2875//1687 2988//1687 3111//1687 
f 3141//1687 3142//1687 3143//1687 
f 3144//1687 3145//1687 3142//1687 
f 3124//1687 2992//1687 2994//1687 
f 3126//1687 3146//1687 2994//1687 
f 3075//1687 3114//1687 3038//1687 
f 3128//1687 3127//1687 3129//1687 
f 3147//1687 3148//1687 3130//1687 
f 3149//1687 3150//1687 3148//1687 
f 2878//1687 2876//1687 3116//1687 
f 3102//1687 3103//1687 2884//1687 
f 2894//1687 2892//1687 3056//1687 
f 2920//1687 2918//1687 3118//1687 
f 3131//1687 3151//1687 2928//1687 
f 3134//1687 3132//1687 2930//1687 
f 3137//1687 3135//1687 2932//1687 
f 3140//1687 3138//1687 2934//1687 
f 2940//1687 2938//1687 3122//1687 
f 2948//1687 2946//1687 3109//1687 
f 2976//1687 2974//1687 3061//1687 
f 2986//1687 2984//1687 3061//1687 
f 3152//1687 3143//1687 3153//1687 
f 3142//1687 3141//1687 3144//1687 
f 3154//1687 3155//1687 3145//1687 
f 3156//1687 3064//1687 3155//1687 
f 3146//1687 3112//1687 2994//1687 
f 3055//1687 3054//1687 3127//1687 
f 3148//1687 3147//1687 3149//1687 
f 3157//1687 3153//1687 3150//1687 
f 2884//1687 2882//1687 3102//1687 
f 2916//1687 2914//1687 3087//1687 
f 3120//1687 3158//1687 2924//1687 
f 3158//1687 3131//1687 2926//1687 
f 3133//1687 3108//1687 2930//1687 
f 3139//1687 3122//1687 2934//1687 
f 2944//1687 2942//1687 3109//1687 
f 2982//1687 2980//1687 3061//1687 
f 3143//1687 3152//1687 3141//1687 
f 3155//1687 3154//1687 3156//1687 
f 3091//1687 3125//1687 2994//1687 
f 3150//1687 3149//1687 3157//1687 
f 2886//1687 2884//1687 3103//1687 
f 2926//1687 2924//1687 3158//1687 
f 3136//1687 3140//1687 2932//1687 
f 2952//1687 2950//1687 3109//1687 
f 3145//1687 3144//1687 3154//1687 
f 3130//1687 3129//1687 3147//1687 
f 2924//1687 2922//1687 3120//1687 
f 2936//1687 2934//1687 3122//1687 
f 3064//1687 3156//1687 3062//1687 
f 3151//1687 3134//1687 2928//1687 
f 2876//1687 2875//1687 3123//1687 
f 3153//1687 3157//1687 3152//1687 
f 3159//1688 3160//1689 3038//1689 
f 3161//1690 3159//1688 3037//1691 
f 3162//1692 3161//1690 3040//1693 
f 3163//1694 3162//1692 3039//1695 
f 3164//1696 3163//1694 3034//1697 
f 3165//1698 3164//1696 3033//1699 
f 3166//1700 3165//1698 3073//1701 
f 3167//1702 3166//1700 3022//1703 
f 3168//1704 3167//1702 3021//1705 
f 3169//1706 3168//1704 3035//1707 
f 3170//1708 3169//1706 3032//1709 
f 3171//1710 3170//1708 3031//1711 
f 3031//1711 3072//1710 3171//1710 
f 3032//1709 3031//1711 3170//1708 
f 3035//1707 3032//1709 3169//1706 
f 3021//1705 3035//1707 3168//1704 
f 3022//1703 3021//1705 3167//1702 
f 3073//1701 3022//1703 3166//1700 
f 3033//1699 3073//1701 3165//1698 
f 3034//1697 3033//1699 3164//1696 
f 3039//1695 3034//1697 3163//1694 
f 3040//1693 3039//1695 3162//1692 
f 3037//1691 3040//1693 3161//1690 
f 3038//1689 3037//1691 3159//1688 
f 3172//1712 3153//1712 3143//1713 
f 3173//1713 3143//1713 3142//1714 
f 3174//1714 3142//1714 3145//1715 
f 3175//1715 3145//1715 3155//1716 
f 3176//1716 3155//1716 3064//1717 
f 3177//1717 3064//1717 3063//1718 
f 3178//1718 3063//1718 3066//1719 
f 3179//1719 3066//1719 3089//1720 
f 3180//1720 3089//1720 3024//1721 
f 3181//1721 3024//1721 3014//1722 
f 3182//1722 3014//1722 3013//1723 
f 3183//1723 3013//1723 3016//1724 
f 3184//1724 3016//1724 3027//1725 
f 3185//1725 3027//1725 3026//1726 
f 3186//1726 3026//1726 3029//1727 
f 3187//1727 3029//1727 3069//1728 
f 3188//1728 3069//1728 3090//1729 
f 3189//1729 3090//1729 3070//1730 
f 3190//1730 3070//1730 2993//1731 
f 3191//1731 2993//1731 2992//1732 
f 3192//1732 2992//1732 3124//1733 
f 3193//1733 3124//1733 3113//1734 
f 3194//1734 3113//1734 3112//1735 
f 3195//1735 3112//1735 3146//1736 
f 3196//1736 3146//1736 3126//1737 
f 3197//1737 3126//1737 3125//1738 
f 3198//1738 3125//1738 3091//1739 
f 3199//1739 3091//1739 3071//1740 
f 3200//1740 3071//1740 3030//1741 
f 3201//1741 3030//1741 3020//1742 
f 3202//1742 3020//1742 3036//1743 
f 3203//1743 3036//1743 3099//1744 
f 3204//1744 3099//1744 3115//1745 
f 3205//1745 3115//1745 3114//1746 
f 3206//1746 3114//1746 3075//1747 
f 3207//1747 3075//1747 3074//1748 
f 3208//1748 3074//1748 3092//1749 
f 3209//1749 3092//1749 3043//1750 
f 3210//1750 3043//1750 3042//1751 
f 3211//1751 3042//1751 3045//1752 
f 3212//1752 3045//1752 3044//1753 
f 3213//1753 3044//1753 3093//1754 
f 3214//1754 3093//1754 3076//1755 
f 3215//1755 3076//1755 3048//1756 
f 3216//1756 3048//1756 3047//1757 
f 3217//1757 3047//1757 3050//1758 
f 3218//1758 3050//1758 3078//1759 
f 3219//1759 3078//1759 3080//1760 
f 3220//1760 3080//1760 3095//1761 
f 3221//1761 3095//1761 3082//1762 
f 3222//1762 3082//1762 3053//1763 
f 3223//1763 3053//1763 3052//1764 
f 3224//1764 3052//1764 3055//1765 
f 3225//1765 3055//1765 3128//1766 
f 3226//1766 3128//1766 3130//1767 
f 3227//1767 3130//1767 3148//1768 
f 3228//1768 3148//1768 3150//1769 
f 3229//1769 3150//1769 3153//1712 
f 3153//1712 3172//1712 3229//1769 
f 3150//1769 3229//1769 3228//1768 
f 3148//1768 3228//1768 3227//1767 
f 3130//1767 3227//1767 3226//1766 
f 3128//1766 3226//1766 3225//1765 
f 3055//1765 3225//1765 3224//1764 
f 3052//1764 3224//1764 3223//1763 
f 3053//1763 3223//1763 3222//1762 
f 3082//1762 3222//1762 3221//1761 
f 3095//1761 3221//1761 3220//1760 
f 3080//1760 3220//1760 3219//1759 
f 3078//1759 3219//1759 3218//1758 
f 3050//1758 3218//1758 3217//1757 
f 3047//1757 3217//1757 3216//1756 
f 3048//1756 3216//1756 3215//1755 
f 3076//1755 3215//1755 3214//1754 
f 3093//1754 3214//1754 3213//1753 
f 3044//1753 3213//1753 3212//1752 
f 3045//1752 3212//1752 3211//1751 
f 3042//1751 3211//1751 3210//1750 
f 3043//1750 3210//1750 3209//1749 
f 3092//1749 3209//1749 3208//1748 
f 3074//1748 3208//1748 3207//1747 
f 3075//1747 3207//1747 3206//1746 
f 3114//1746 3206//1746 3205//1745 
f 3115//1745 3205//1745 3204//1744 
f 3099//1744 3204//1744 3203//1743 
f 3036//1743 3203//1743 3202//1742 
f 3020//1742 3202//1742 3201//1741 
f 3030//1741 3201//1741 3200//1740 
f 3071//1740 3200//1740 3199//1739 
f 3091//1739 3199//1739 3198//1738 
f 3125//1738 3198//1738 3197//1737 
f 3126//1737 3197//1737 3196//1736 
f 3146//1736 3196//1736 3195//1735 
f 3112//1735 3195//1735 3194//1734 
f 3113//1734 3194//1734 3193//1733 
f 3124//1733 3193//1733 3192//1732 
f 2992//1732 3192//1732 3191//1731 
f 2993//1731 3191//1731 3190//1730 
f 3070//1730 3190//1730 3189//1729 
f 3090//1729 3189//1729 3188//1728 
f 3069//1728 3188//1728 3187//1727 
f 3029//1727 3187//1727 3186//1726 
f 3026//1726 3186//1726 3185//1725 
f 3027//1725 3185//1725 3184//1724 
f 3016//1724 3184//1724 3183//1723 
f 3013//1723 3183//1723 3182//1722 
f 3014//1722 3182//1722 3181//1721 
f 3024//1721 3181//1721 3180//1720 
f 3089//1720 3180//1720 3179//1719 
f 3066//1719 3179//1719 3178//1718 
f 3063//1718 3178//1718 3177//1717 
f 3064//1717 3177//1717 3176//1716 
f 3155//1716 3176//1716 3175//1715 
f 3145//1715 3175//1715 3174//1714 
f 3142//1714 3174//1714 3173//1713 
f 3143//1713 3173//1713 3172//1712 
f 3061//1770 3230//1770 3231//1771 
f 3110//1771 3231//1771 3232//1772 
f 3111//1772 3232//1772 3233//1773 
f 3123//1773 3233//1773 3234//1774 
f 3116//1774 3234//1774 3235//1775 
f 3100//1775 3235//1775 3236//1776 
f 3101//1776 3236//1776 3237//1777 
f 3102//1777 3237//1777 3238//1778 
f 3103//1778 3238//1778 3239//1779 
f 3104//1779 3239//1779 3240//1780 
f 3105//1780 3240//1780 3241//1781 
f 3106//1781 3241//1781 3242//1782 
f 3056//1782 3242//1782 3243//1783 
f 3057//1783 3243//1783 3244//1784 
f 3058//1784 3244//1784 3245//1785 
f 3059//1785 3245//1785 3246//1786 
f 3060//1786 3246//1786 3247//1787 
f 3097//1787 3247//1787 3248//1788 
f 3107//1788 3248//1788 3249//1789 
f 3083//1789 3249//1789 3250//1790 
f 3084//1790 3250//1790 3251//1791 
f 3085//1791 3251//1791 3252//1792 
f 3086//1792 3252//1792 3253//1793 
f 3087//1793 3253//1793 3254//1794 
f 3117//1794 3254//1794 3255//1795 
f 3118//1795 3255//1795 3256//1796 
f 3119//1796 3256//1796 3257//1797 
f 3120//1797 3257//1797 3258//1798 
f 3158//1798 3258//1798 3259//1799 
f 3259//1799 3131//1799 3158//1798 
f 3258//1798 3158//1798 3120//1797 
f 3257//1797 3120//1797 3119//1796 
f 3256//1796 3119//1796 3118//1795 
f 3255//1795 3118//1795 3117//1794 
f 3254//1794 3117//1794 3087//1793 
f 3253//1793 3087//1793 3086//1792 
f 3252//1792 3086//1792 3085//1791 
f 3251//1791 3085//1791 3084//1790 
f 3250//1790 3084//1790 3083//1789 
f 3249//1789 3083//1789 3107//1788 
f 3248//1788 3107//1788 3097//1787 
f 3247//1787 3097//1787 3060//1786 
f 3246//1786 3060//1786 3059//1785 
f 3245//1785 3059//1785 3058//1784 
f 3244//1784 3058//1784 3057//1783 
f 3243//1783 3057//1783 3056//1782 
f 3242//1782 3056//1782 3106//1781 
f 3241//1781 3106//1781 3105//1780 
f 3240//1780 3105//1780 3104//1779 
f 3239//1779 3104//1779 3103//1778 
f 3238//1778 3103//1778 3102//1777 
f 3237//1777 3102//1777 3101//1776 
f 3236//1776 3101//1776 3100//1775 
f 3235//1775 3100//1775 3116//1774 
f 3234//1774 3116//1774 3123//1773 
f 3233//1773 3123//1773 3111//1772 
f 3232//1772 3111//1772 3110//1771 
f 3231//1771 3110//1771 3061//1770 
f 3041//1800 3260//1800 3261//1801 
f 3046//1801 3261//1801 3262//1802 
f 3049//1802 3262//1802 3263//1803 
f 3077//1803 3263//1803 3264//1804 
f 3079//1804 3264//1804 3265//1805 
f 3094//1805 3265//1805 3266//1806 
f 3096//1806 3266//1806 3267//1807 
f 3081//1807 3267//1807 3268//1808 
f 3051//1808 3268//1808 3269//1809 
f 3054//1809 3269//1809 3270//1810 
f 3127//1810 3270//1810 3271//1811 
f 3129//1811 3271//1811 3272//1812 
f 3147//1812 3272//1812 3273//1813 
f 3149//1813 3273//1813 3274//1814 
f 3157//1814 3274//1814 3275//1815 
f 3152//1815 3275//1815 3276//1816 
f 3141//1816 3276//1816 3277//1817 
f 3144//1817 3277//1817 3278//1818 
f 3154//1818 3278//1818 3279//1819 
f 3156//1819 3279//1819 3280//1820 
f 3062//1820 3280//1820 3281//1821 
f 3065//1821 3281//1821 3282//1822 
f 3088//1822 3282//1822 3283//1823 
f 3098//1823 3283//1823 3284//1824 
f 3023//1824 3284//1824 3285//1825 
f 3012//1825 3285//1825 3286//1826 
f 3015//1826 3286//1826 3287//1827 
f 3067//1827 3287//1827 3288//1828 
f 3025//1828 3288//1828 3289//1829 
f 3028//1829 3289//1829 3290//1830 
f 3068//1830 3290//1830 3291//1831 
f 3291//1831 2990//1831 3068//1830 
f 3290//1830 3068//1830 3028//1829 
f 3289//1829 3028//1829 3025//1828 
f 3288//1828 3025//1828 3067//1827 
f 3287//1827 3067//1827 3015//1826 
f 3286//1826 3015//1826 3012//1825 
f 3285//1825 3012//1825 3023//1824 
f 3284//1824 3023//1824 3098//1823 
f 3283//1823 3098//1823 3088//1822 
f 3282//1822 3088//1822 3065//1821 
f 3281//1821 3065//1821 3062//1820 
f 3280//1820 3062//1820 3156//1819 
f 3279//1819 3156//1819 3154//1818 
f 3278//1818 3154//1818 3144//1817 
f 3277//1817 3144//1817 3141//1816 
f 3276//1816 3141//1816 3152//1815 
f 3275//1815 3152//1815 3157//1814 
f 3274//1814 3157//1814 3149//1813 
f 3273//1813 3149//1813 3147//1812 
f 3272//1812 3147//1812 3129//1811 
f 3271//1811 3129//1811 3127//1810 
f 3270//1810 3127//1810 3054//1809 
f 3269//1809 3054//1809 3051//1808 
f 3268//1808 3051//1808 3081//1807 
f 3267//1807 3081//1807 3096//1806 
f 3266//1806 3096//1806 3094//1805 
f 3265//1805 3094//1805 3079//1804 
f 3264//1804 3079//1804 3077//1803 
f 3263//1803 3077//1803 3049//1802 
f 3262//1802 3049//1802 3046//1801 
f 3261//1801 3046//1801 3041//1800 
f 3292//1831 2991//1831 2990//1831 
f 2990//1831 3291//1831 3292//1831 
f 2998//1832 2991//1831 3292//1831 
f 2997//1833 2998//1832 3293//1832 
f 3005//1834 2997//1833 3294//1833 
f 3011//1835 3005//1834 3295//1834 
f 2999//1836 3011//1835 3296//1835 
f 2995//1837 2999//1836 3297//1836 
f 2996//1838 2995//1837 3298//1837 
f 3004//1839 2996//1838 3299//1838 
f 3010//1840 3004//1839 3300//1839 
f 3018//1841 3010//1840 3301//1840 
f 3019//1842 3018//1841 3302//1841 
f 3008//1843 3019//1842 3303//1842 
f 3009//1844 3008//1843 3304//1843 
f 3002//1845 3009//1844 3305//1844 
f 3003//1846 3002//1845 3306//1845 
f 3007//1847 3003//1846 3307//1846 
f 3017//1848 3007//1847 3308//1847 
f 3006//1849 3017//1848 3309//1848 
f 3000//1850 3006//1849 3310//1849 
f 3001//1851 3000//1850 3311//1850 
f 3311//1850 3312//1851 3001//1851 
f 3310//1849 3311//1850 3000//1850 
f 3309//1848 3310//1849 3006//1849 
f 3308//1847 3309//1848 3017//1848 
f 3307//1846 3308//1847 3007//1847 
f 3306//1845 3307//1846 3003//1846 
f 3305//1844 3306//1845 3002//1845 
f 3304//1843 3305//1844 3009//1844 
f 3303//1842 3304//1843 3008//1843 
f 3302//1841 3303//1842 3019//1842 
f 3301//1840 3302//1841 3018//1841 
f 3300//1839 3301//1840 3010//1840 
f 3299//1838 3300//1839 3004//1839 
f 3298//1837 3299//1838 2996//1838 
f 3297//1836 3298//1837 2995//1837 
f 3296//1835 3297//1836 2999//1836 
f 3295//1834 3296//1835 3011//1835 
f 3294//1833 3295//1834 3005//1834 
f 3293//1832 3294//1833 2997//1833 
f 3292//1831 3293//1832 2998//1832 
f 3312//1851 3230//1851 3061//1851 
f 3061//1851 3001//1851 3312//1851 
f 3151//1852 3131//1853 3259//1853 
f 3134//1854 3151//1852 3313//1855 
f 3132//1856 3134//1854 3314//1857 
f 3133//1858 3132//1856 3315//1859 
f 3108//1860 3133//1858 3316//1861 
f 3121//1862 3108//1860 3317//1863 
f 3137//1864 3121//1862 3318//1865 
f 3135//1866 3137//1864 3319//1867 
f 3136//1868 3135//1866 3320//1869 
f 3140//1870 3136//1868 3321//1871 
f 3138//1872 3140//1870 3322//1873 
f 3139//1874 3138//1872 3323//1875 
f 3323//1875 3324//1874 3139//1874 
f 3322//1873 3323//1875 3138//1872 
f 3321//1871 3322//1873 3140//1870 
f 3320//1869 3321//1871 3136//1868 
f 3319//1867 3320//1869 3135//1866 
f 3318//1865 3319//1867 3137//1864 
f 3317//1863 3318//1865 3121//1862 
f 3316//1861 3317//1863 3108//1860 
f 3315//1859 3316//1861 3133//1858 
f 3314//1857 3315//1859 3132//1856 
f 3313//1855 3314//1857 3134//1854 
f 3259//1853 3313//1855 3151//1852 
f 3325//1876 3326//1876 3171//1876 
f 3327//1876 3328//1876 3171//1876 
f 3329//1876 3325//1876 3072//1876 
f 3171//1876 3326//1876 3327//1876 
f 3171//1876 3072//1876 3325//1876 
f 3072//1876 2994//1876 3329//1876 
f 3330//1877 3326//1877 3160//1877 
f 3325//1877 3038//1877 3160//1877 
f 3160//1877 3326//1877 3325//1877 
f 3260//1877 3041//1877 3038//1877 
f 3038//1877 3325//1877 3260//1877 
f 3160//1877 3331//1877 3330//1877 
f 3330//1877 3331//1877 3332//1878 
f 3333//1878 3332//1878 3334//1879 
f 3335//1879 3334//1879 3336//1880 
f 3337//1880 3336//1880 3338//1881 
f 3339//1881 3338//1881 3340//1882 
f 3341//1882 3340//1882 3342//1883 
f 3343//1883 3342//1883 3344//1884 
f 3345//1884 3344//1884 3346//1885 
f 3347//1885 3346//1885 3348//1886 
f 3349//1886 3348//1886 3350//1887 
f 3351//1887 3350//1887 3352//1888 
f 3353//1888 3352//1888 3354//1889 
f 3355//1889 3354//1889 3356//1890 
f 3357//1890 3356//1890 3358//1891 
f 3359//1891 3358//1891 3360//1892 
f 3361//1892 3360//1892 3362//1893 
f 3363//1893 3362//1893 3364//1894 
f 3365//1894 3364//1894 3366//1895 
f 3367//1895 3366//1895 3368//1896 
f 3369//1896 3368//1896 3370//1897 
f 3371//1897 3370//1897 3372//1898 
f 3373//1898 3372//1898 3374//1899 
f 3375//1899 3374//1899 3376//1900 
f 3377//1900 3376//1900 3378//1901 
f 3379//1901 3378//1901 3380//1902 
f 3381//1902 3380//1902 3382//1903 
f 3383//1903 3382//1903 3384//1904 
f 3385//1904 3384//1904 3386//1905 
f 3387//1905 3386//1905 3388//1906 
f 3389//1906 3388//1906 3390//1907 
f 3391//1907 3390//1907 3392//1908 
f 3392//1908 3393//1908 3391//1907 
f 3390//1907 3391//1907 3389//1906 
f 3388//1906 3389//1906 3387//1905 
f 3386//1905 3387//1905 3385//1904 
f 3384//1904 3385//1904 3383//1903 
f 3382//1903 3383//1903 3381//1902 
f 3380//1902 3381//1902 3379//1901 
f 3378//1901 3379//1901 3377//1900 
f 3376//1900 3377//1900 3375//1899 
f 3374//1899 3375//1899 3373//1898 
f 3372//1898 3373//1898 3371//1897 
f 3370//1897 3371//1897 3369//1896 
f 3368//1896 3369//1896 3367//1895 
f 3366//1895 3367//1895 3365//1894 
f 3364//1894 3365//1894 3363//1893 
f 3362//1893 3363//1893 3361//1892 
f 3360//1892 3361//1892 3359//1891 
f 3358//1891 3359//1891 3357//1890 
f 3356//1890 3357//1890 3355//1889 
f 3354//1889 3355//1889 3353//1888 
f 3352//1888 3353//1888 3351//1887 
f 3350//1887 3351//1887 3349//1886 
f 3348//1886 3349//1886 3347//1885 
f 3346//1885 3347//1885 3345//1884 
f 3344//1884 3345//1884 3343//1883 
f 3342//1883 3343//1883 3341//1882 
f 3340//1882 3341//1882 3339//1881 
f 3338//1881 3339//1881 3337//1880 
f 3336//1880 3337//1880 3335//1879 
f 3334//1879 3335//1879 3333//1878 
f 3332//1878 3333//1878 3330//1877 
f 3394//1909 3395//1909 3396//1910 
f 3397//1910 3396//1910 3398//1911 
f 3399//1911 3398//1911 3400//1912 
f 3401//1912 3400//1912 3402//1913 
f 3109//1914 3122//1914 3395//1909 
f 3403//1913 3402//1913 3404//1915 
f 3404//1915 3405//1915 3403//1913 
f 3395//1909 3394//1909 3109//1914 
f 3402//1913 3403//1913 3401//1912 
f 3400//1912 3401//1912 3399//1911 
f 3398//1911 3399//1911 3397//1910 
f 3396//1910 3397//1910 3394//1909 
f 3406//1915 3407//1915 3405//1915 
f 3405//1915 3404//1915 3406//1915 
f 3408//1916 3409//1916 3407//1916 
f 3407//1916 3406//1916 3408//1916 
f 3410//1917 3409//1916 3408//1916 
f 3411//1918 3410//1917 3412//1917 
f 3413//1919 3411//1918 3414//1918 
f 3415//1920 3413//1919 3416//1919 
f 3417//1921 3415//1920 3418//1920 
f 3419//1922 3417//1921 3420//1921 
f 3421//1923 3419//1922 3422//1922 
f 3423//1924 3421//1923 3424//1923 
f 3425//1925 3423//1924 3426//1924 
f 3427//1926 3425//1925 3428//1925 
f 3429//1927 3427//1926 3430//1926 
f 3431//1928 3429//1927 3432//1927 
f 3433//1929 3431//1928 3434//1928 
f 3435//1930 3433//1929 3436//1929 
f 3437//1931 3435//1930 3438//1930 
f 3439//1932 3437//1931 3440//1931 
f 3441//1933 3439//1932 3442//1932 
f 3443//1934 3441//1933 3444//1933 
f 3445//1935 3443//1934 3446//1934 
f 3447//1936 3445//1935 3448//1935 
f 3449//1937 3447//1936 3450//1936 
f 3451//1938 3449//1937 3452//1937 
f 3453//1939 3451//1938 3454//1938 
f 3455//1940 3453//1939 3456//1939 
f 3457//1941 3455//1940 3458//1940 
f 3459//1942 3457//1941 3460//1941 
f 3461//1943 3459//1942 3462//1942 
f 3463//1944 3461//1943 3464//1943 
f 3465//1945 3463//1944 3466//1944 
f 3466//1944 3467//1945 3465//1945 
f 3464//1943 3466//1944 3463//1944 
f 3462//1942 3464//1943 3461//1943 
f 3460//1941 3462//1942 3459//1942 
f 3458//1940 3460//1941 3457//1941 
f 3456//1939 3458//1940 3455//1940 
f 3454//1938 3456//1939 3453//1939 
f 3452//1937 3454//1938 3451//1938 
f 3450//1936 3452//1937 3449//1937 
f 3448//1935 3450//1936 3447//1936 
f 3446//1934 3448//1935 3445//1935 
f 3444//1933 3446//1934 3443//1934 
f 3442//1932 3444//1933 3441//1933 
f 3440//1931 3442//1932 3439//1932 
f 3438//1930 3440//1931 3437//1931 
f 3436//1929 3438//1930 3435//1930 
f 3434//1928 3436//1929 3433//1929 
f 3432//1927 3434//1928 3431//1928 
f 3430//1926 3432//1927 3429//1927 
f 3428//1925 3430//1926 3427//1926 
f 3426//1924 3428//1925 3425//1925 
f 3424//1923 3426//1924 3423//1924 
f 3422//1922 3424//1923 3421//1923 
f 3420//1921 3422//1922 3419//1922 
f 3418//1920 3420//1921 3417//1921 
f 3416//1919 3418//1920 3415//1920 
f 3414//1918 3416//1919 3413//1919 
f 3412//1917 3414//1918 3411//1918 
f 3408//1916 3412//1917 3410//1917 
f 3468//1945 3469//1945 3465//1945 
f 3465//1945 3467//1945 3468//1945 
f 3470//1946 3471//1946 3469//1946 
f 3469//1946 3468//1946 3470//1946 
f 3472//1947 3473//1947 3474//1948 
f 3475//1948 3474//1948 3476//1949 
f 3477//1949 3476//1949 3478//1950 
f 3479//1950 3478//1950 3480//1951 
f 3481//1951 3480//1951 3482//1952 
f 3471//1953 3470//1953 3473//1947 
f 3473//1947 3472//1947 3471//1953 
f 3482//1952 3483//1952 3481//1951 
f 3480//1951 3481//1951 3479//1950 
f 3478//1950 3479//1950 3477//1949 
f 3476//1949 3477//1949 3475//1948 
f 3474//1948 3475//1948 3472//1947 
f 3393//1954 3392//1954 3484//1954 
f 3484//1954 3485//1954 3393//1954 
f 3486//1955 3485//1954 3484//1954 
f 3487//1956 3486//1955 3488//1955 
f 3489//1957 3487//1956 3490//1956 
f 3491//1958 3489//1957 3492//1957 
f 3493//1959 3491//1958 3494//1958 
f 3495//1960 3493//1959 3496//1959 
f 3497//1961 3495//1960 3498//1960 
f 3499//1962 3497//1961 3500//1961 
f 3501//1963 3499//1962 3502//1962 
f 3503//1964 3501//1963 3504//1963 
f 3505//1965 3503//1964 3506//1964 
f 3507//1966 3505//1965 3508//1965 
f 3509//1967 3507//1966 3510//1966 
f 3511//1968 3509//1967 3512//1967 
f 3513//1969 3511//1968 3514//1968 
f 3515//1970 3513//1969 3516//1969 
f 3517//1971 3515//1970 3518//1970 
f 3519//1972 3517//1971 3520//1971 
f 3521//1973 3519//1972 3522//1972 
f 3523//1974 3521//1973 3524//1973 
f 3524//1973 3525//1974 3523//1974 
f 3522//1972 3524//1973 3521//1973 
f 3520//1971 3522//1972 3519//1972 
f 3518//1970 3520//1971 3517//1971 
f 3516//1969 3518//1970 3515//1970 
f 3514//1968 3516//1969 3513//1969 
f 3512//1967 3514//1968 3511//1968 
f 3510//1966 3512//1967 3509//1967 
f 3508//1965 3510//1966 3507//1966 
f 3506//1964 3508//1965 3505//1965 
f 3504//1963 3506//1964 3503//1964 
f 3502//1962 3504//1963 3501//1963 
f 3500//1961 3502//1962 3499//1962 
f 3498//1960 3500//1961 3497//1961 
f 3496//1959 3498//1960 3495//1960 
f 3494//1958 3496//1959 3493//1959 
f 3492//1957 3494//1958 3491//1958 
f 3490//1956 3492//1957 3489//1957 
f 3488//1955 3490//1956 3487//1956 
f 3484//1954 3488//1955 3486//1955 
f 3526//1974 3523//1974 3525//1974 
f 3525//1974 3527//1974 3526//1974 
f 3528//1975 2913//1975 2915//1975 
f 3529//1975 2911//1975 2913//1975 
f 3530//1975 2909//1975 2911//1975 
f 3531//1975 2907//1975 2909//1975 
f 2913//1975 3528//1975 3529//1975 
f 2909//1975 3530//1975 3531//1975 
f 3532//1975 2899//1975 2901//1975 
f 3533//1975 2897//1975 2899//1975 
f 3534//1975 2895//1975 2897//1975 
f 3535//1975 2893//1975 2895//1975 
f 3527//1975 3328//1975 2973//1975 
f 3328//1975 2969//1975 2971//1975 
f 3328//1975 3502//1975 3500//1975 
f 3334//1975 3332//1975 3217//1975 
f 3332//1975 3331//1975 3216//1975 
f 3202//1975 3165//1975 3166//1975 
f 2911//1975 3529//1975 3530//1975 
f 3536//1975 2905//1975 2907//1975 
f 2899//1975 3532//1975 3533//1975 
f 2895//1975 3534//1975 3535//1975 
f 2971//1975 2973//1975 3328//1975 
f 3328//1975 2965//1975 2967//1975 
f 3200//1975 3328//1975 3494//1975 
f 3500//1975 3498//1975 3328//1975 
f 3392//1975 3189//1975 3190//1975 
f 3390//1975 3388//1975 3187//1975 
f 3388//1975 3386//1975 3186//1975 
f 3382//1975 3380//1975 3183//1975 
f 3380//1975 3378//1975 3182//1975 
f 3348//1975 3346//1975 3224//1975 
f 3346//1975 3344//1975 3223//1975 
f 3216//1975 3217//1975 3332//1975 
f 3331//1975 3211//1975 3212//1975 
f 3331//1975 3160//1975 3210//1975 
f 3203//1975 3159//1975 3161//1975 
f 3203//1975 3204//1975 3160//1975 
f 3166//1975 3167//1975 3202//1975 
f 3202//1975 3203//1975 3163//1975 
f 3537//1975 2921//1975 2923//1975 
f 3538//1975 2919//1975 2921//1975 
f 3539//1975 2917//1975 2919//1975 
f 3540//1975 2915//1975 2917//1975 
f 2907//1975 3531//1975 3536//1975 
f 3541//1975 2903//1975 2905//1975 
f 3542//1975 2901//1975 2903//1975 
f 2897//1975 3533//1975 3534//1975 
f 2967//1975 2969//1975 3328//1975 
f 3328//1975 3496//1975 3494//1975 
f 3328//1975 3504//1975 3502//1975 
f 3328//1975 3514//1975 3512//1975 
f 3328//1975 3518//1975 3516//1975 
f 3328//1975 3527//1975 3525//1975 
f 3190//1975 3191//1975 3392//1975 
f 3392//1975 3390//1975 3188//1975 
f 3186//1975 3187//1975 3388//1975 
f 3386//1975 3384//1975 3185//1975 
f 3182//1975 3183//1975 3380//1975 
f 3378//1975 3376//1975 3181//1975 
f 3223//1975 3224//1975 3346//1975 
f 3344//1975 3342//1975 3222//1975 
f 3338//1975 3336//1975 3219//1975 
f 3336//1975 3334//1975 3218//1975 
f 3331//1975 3215//1975 3216//1975 
f 3210//1975 3211//1975 3331//1975 
f 3160//1975 3206//1975 3207//1975 
f 3160//1975 3159//1975 3203//1975 
f 3167//1975 3168//1975 3202//1975 
f 3163//1975 3164//1975 3202//1975 
f 2921//1975 3537//1975 3538//1975 
f 2917//1975 3539//1975 3540//1975 
f 2905//1975 3536//1975 3541//1975 
f 2901//1975 3542//1975 3532//1975 
f 3543//1975 2891//1975 2893//1975 
f 3544//1975 2889//1975 2891//1975 
f 3545//1975 2887//1975 2889//1975 
f 3546//1975 2885//1975 2887//1975 
f 3547//1975 2989//1975 2874//1975 
f 3548//1975 2987//1975 2989//1975 
f 3527//1975 2975//1975 2977//1975 
f 3328//1975 2963//1975 2965//1975 
f 3328//1975 2957//1975 2959//1975 
f 3328//1975 3483//1975 2953//1975 
f 2935//1975 3549//1975 3550//1975 
f 2935//1975 3482//1975 3551//1975 
f 3498//1975 3496//1975 3328//1975 
f 3516//1975 3514//1975 3328//1975 
f 3525//1975 3524//1975 3328//1975 
f 3197//1975 3490//1975 3488//1975 
f 3484//1975 3392//1975 3193//1975 
f 3188//1975 3189//1975 3392//1975 
f 3185//1975 3186//1975 3386//1975 
f 3384//1975 3382//1975 3184//1975 
f 3181//1975 3182//1975 3378//1975 
f 3372//1975 3370//1975 3178//1975 
f 3370//1975 3368//1975 3177//1975 
f 3222//1975 3223//1975 3344//1975 
f 3342//1975 3340//1975 3221//1975 
f 3340//1975 3338//1975 3220//1975 
f 3218//1975 3219//1975 3336//1975 
f 3331//1975 3214//1975 3215//1975 
f 3212//1975 3213//1975 3331//1975 
f 3207//1975 3208//1975 3160//1975 
f 3161//1975 3162//1975 3203//1975 
f 3164//1975 3165//1975 3202//1975 
f 3201//1975 3202//1975 3169//1975 
f 2919//1975 3538//1975 3539//1975 
f 2903//1975 3541//1975 3542//1975 
f 2891//1975 3543//1975 3544//1975 
f 2887//1975 3545//1975 3546//1975 
f 3552//1975 2881//1975 2883//1975 
f 3553//1975 2879//1975 2881//1975 
f 3554//1975 2877//1975 2879//1975 
f 3555//1975 2874//1975 2877//1975 
f 2989//1975 3547//1975 3548//1975 
f 3527//1975 2985//1975 2987//1975 
f 2977//1975 2979//1975 3527//1975 
f 3328//1975 2961//1975 2963//1975 
f 3328//1975 2955//1975 2957//1975 
f 3483//1975 2951//1975 2953//1975 
f 3482//1975 2939//1975 2941//1975 
f 3482//1975 2935//1975 2937//1975 
f 3551//1975 3549//1975 2935//1975 
f 3328//1975 3506//1975 3504//1975 
f 3328//1975 3510//1975 3508//1975 
f 3328//1975 3520//1975 3518//1975 
f 3524//1975 3522//1975 3328//1975 
f 3197//1975 3492//1975 3490//1975 
f 3198//1975 3494//1975 3492//1975 
f 3193//1975 3194//1975 3484//1975 
f 3187//1975 3188//1975 3390//1975 
f 3183//1975 3184//1975 3382//1975 
f 3374//1975 3372//1975 3179//1975 
f 3177//1975 3178//1975 3370//1975 
f 3360//1975 3358//1975 3172//1975 
f 3358//1975 3356//1975 3229//1975 
f 3356//1975 3354//1975 3228//1975 
f 3354//1975 3352//1975 3227//1975 
f 3221//1975 3222//1975 3342//1975 
f 3219//1975 3220//1975 3338//1975 
f 3213//1975 3214//1975 3331//1975 
f 3208//1975 3209//1975 3160//1975 
f 3168//1975 3169//1975 3202//1975 
f 3169//1975 3170//1975 3201//1975 
f 3556//1975 2925//1975 2927//1975 
f 3557//1975 2923//1975 2925//1975 
f 2915//1975 3540//1975 3528//1975 
f 2889//1975 3544//1975 3545//1975 
f 2881//1975 3552//1975 3553//1975 
f 2877//1975 3554//1975 3555//1975 
f 2987//1975 3548//1975 3527//1975 
f 3527//1975 2981//1975 2983//1975 
f 2973//1975 2975//1975 3527//1975 
f 2953//1975 2955//1975 3328//1975 
f 3483//1975 2947//1975 2949//1975 
f 3483//1975 2943//1975 2945//1975 
f 2941//1975 3483//1975 3482//1975 
f 3550//1975 2933//1975 2935//1975 
f 3508//1975 3506//1975 3328//1975 
f 3522//1975 3520//1975 3328//1975 
f 3492//1975 3197//1975 3198//1975 
f 3392//1975 3192//1975 3193//1975 
f 3184//1975 3185//1975 3384//1975 
f 3376//1975 3374//1975 3180//1975 
f 3178//1975 3179//1975 3372//1975 
f 3364//1975 3362//1975 3174//1975 
f 3362//1975 3360//1975 3173//1975 
f 3229//1975 3172//1975 3358//1975 
f 3227//1975 3228//1975 3354//1975 
f 3220//1975 3221//1975 3340//1975 
f 3209//1975 3210//1975 3160//1975 
f 3160//1975 3204//1975 3205//1975 
f 3170//1975 3171//1975 3201//1975 
f 2933//1975 3558//1975 3559//1975 
f 2933//1975 3550//1975 3560//1975 
f 2931//1975 3561//1975 3562//1975 
f 2931//1975 3563//1975 3564//1975 
f 2929//1975 3565//1975 3566//1975 
f 2925//1975 3556//1975 3557//1975 
f 2893//1975 3535//1975 3543//1975 
f 3567//1975 2883//1975 2885//1975 
f 2879//1975 3553//1975 3554//1975 
f 2983//1975 2985//1975 3527//1975 
f 2959//1975 2961//1975 3328//1975 
f 2945//1975 2947//1975 3483//1975 
f 2937//1975 2939//1975 3482//1975 
f 3512//1975 3510//1975 3328//1975 
f 3484//1975 3196//1975 3197//1975 
f 3191//1975 3192//1975 3392//1975 
f 3179//1975 3180//1975 3374//1975 
f 3368//1975 3366//1975 3176//1975 
f 3366//1975 3364//1975 3175//1975 
f 3173//1975 3174//1975 3362//1975 
f 3228//1975 3229//1975 3356//1975 
f 3352//1975 3350//1975 3226//1975 
f 3350//1975 3348//1975 3225//1975 
f 3217//1975 3218//1975 3334//1975 
f 3162//1975 3163//1975 3203//1975 
f 2933//1975 3568//1975 3563//1975 
f 3560//1975 3558//1975 2933//1975 
f 3564//1975 3561//1975 2931//1975 
f 2929//1975 3562//1975 3565//1975 
f 2923//1975 3557//1975 3537//1975 
f 2883//1975 3567//1975 3552//1975 
f 2979//1975 2981//1975 3527//1975 
f 2941//1975 2943//1975 3483//1975 
f 3200//1975 3201//1975 3171//1975 
f 3494//1975 3198//1975 3199//1975 
f 3484//1975 3195//1975 3196//1975 
f 3180//1975 3181//1975 3376//1975 
f 3175//1975 3176//1975 3366//1975 
f 3172//1975 3173//1975 3360//1975 
f 3225//1975 3226//1975 3350//1975 
f 3205//1975 3206//1975 3160//1975 
f 3559//1975 3568//1975 2933//1975 
f 3566//1975 2927//1975 2929//1975 
f 2885//1975 3546//1975 3567//1975 
f 2949//1975 2951//1975 3483//1975 
f 3494//1975 3199//1975 3200//1975 
f 3194//1975 3195//1975 3484//1975 
f 3174//1975 3175//1975 3364//1975 
f 3224//1975 3225//1975 3348//1975 
f 3562//1975 2929//1975 2931//1975 
f 2874//1975 3555//1975 3547//1975 
f 3488//1975 3484//1975 3197//1975 
f 3226//1975 3227//1975 3352//1975 
f 2927//1975 3566//1975 3556//1975 
f 3176//1975 3177//1975 3368//1975 
f 3171//1975 3328//1975 3200//1975 
f 3563//1975 2931//1975 2933//1975 
f 3526//1974 3527//1974 3548//1976 
f 3569//1976 3548//1976 3547//1977 
f 3570//1977 3547//1977 3555//1978 
f 3571//1978 3555//1978 3554//1979 
f 3572//1979 3554//1979 3553//1980 
f 3573//1980 3553//1980 3552//1981 
f 3574//1981 3552//1981 3567//1982 
f 3575//1982 3567//1982 3546//1983 
f 3576//1983 3546//1983 3545//1984 
f 3577//1984 3545//1984 3544//1985 
f 3578//1985 3544//1985 3543//1986 
f 3579//1986 3543//1986 3535//1987 
f 3580//1987 3535//1987 3534//1988 
f 3581//1988 3534//1988 3533//1989 
f 3582//1989 3533//1989 3532//1990 
f 3583//1990 3532//1990 3542//1991 
f 3584//1991 3542//1991 3541//1992 
f 3585//1992 3541//1992 3536//1993 
f 3586//1993 3536//1993 3531//1994 
f 3587//1994 3531//1994 3530//1995 
f 3588//1995 3530//1995 3529//1996 
f 3589//1996 3529//1996 3528//1997 
f 3590//1997 3528//1997 3540//1998 
f 3591//1998 3540//1998 3539//1999 
f 3592//1999 3539//1999 3538//2000 
f 3593//2000 3538//2000 3537//2001 
f 3594//2001 3537//2001 3557//2002 
f 3595//2002 3557//2002 3556//2003 
f 3596//2003 3556//2003 3566//2004 
f 3566//2004 3597//2004 3596//2003 
f 3556//2003 3596//2003 3595//2002 
f 3557//2002 3595//2002 3594//2001 
f 3537//2001 3594//2001 3593//2000 
f 3538//2000 3593//2000 3592//1999 
f 3539//1999 3592//1999 3591//1998 
f 3540//1998 3591//1998 3590//1997 
f 3528//1997 3590//1997 3589//1996 
f 3529//1996 3589//1996 3588//1995 
f 3530//1995 3588//1995 3587//1994 
f 3531//1994 3587//1994 3586//1993 
f 3536//1993 3586//1993 3585//1992 
f 3541//1992 3585//1992 3584//1991 
f 3542//1991 3584//1991 3583//1990 
f 3532//1990 3583//1990 3582//1989 
f 3533//1989 3582//1989 3581//1988 
f 3534//1988 3581//1988 3580//1987 
f 3535//1987 3580//1987 3579//1986 
f 3543//1986 3579//1986 3578//1985 
f 3544//1985 3578//1985 3577//1984 
f 3545//1984 3577//1984 3576//1983 
f 3546//1983 3576//1983 3575//1982 
f 3567//1982 3575//1982 3574//1981 
f 3552//1981 3574//1981 3573//1980 
f 3553//1980 3573//1980 3572//1979 
f 3554//1979 3572//1979 3571//1978 
f 3555//1978 3571//1978 3570//1977 
f 3547//1977 3570//1977 3569//1976 
f 3548//1976 3569//1976 3526//1974 
f 3598//2005 3597//2004 3566//2004 
f 3599//2006 3598//2005 3565//2005 
f 3600//2007 3599//2006 3562//2006 
f 3601//2008 3600//2007 3561//2007 
f 3602//2009 3601//2008 3564//2008 
f 3603//2010 3602//2009 3563//2009 
f 3604//2011 3603//2010 3568//2010 
f 3605//2012 3604//2011 3559//2011 
f 3606//2013 3605//2012 3558//2012 
f 3607//2014 3606//2013 3560//2013 
f 3608//2015 3607//2014 3550//2014 
f 3609//2016 3608//2015 3549//2015 
f 3549//2015 3551//2016 3609//2016 
f 3550//2014 3549//2015 3608//2015 
f 3560//2013 3550//2014 3607//2014 
f 3558//2012 3560//2013 3606//2013 
f 3559//2011 3558//2012 3605//2012 
f 3568//2010 3559//2011 3604//2011 
f 3563//2009 3568//2010 3603//2010 
f 3564//2008 3563//2009 3602//2009 
f 3561//2007 3564//2008 3601//2008 
f 3562//2006 3561//2007 3600//2007 
f 3565//2005 3562//2006 3599//2006 
f 3566//2004 3565//2005 3598//2005 
f 3610//2017 3611//2017 3485//2017 
f 3612//2017 3613//2017 3491//2017 
f 3485//2017 3614//2017 3615//2017 
f 3610//2017 3487//2017 3489//2017 
f 3485//2017 3486//2017 3610//2017 
f 3616//2017 3326//2017 3505//2017 
f 3326//2017 3497//2017 3499//2017 
f 3491//2017 3326//2017 3612//2017 
f 3377//2017 3617//2017 3618//2017 
f 3379//2017 3619//2017 3617//2017 
f 3385//2017 3620//2017 3621//2017 
f 3387//2017 3622//2017 3620//2017 
f 3389//2017 3623//2017 3622//2017 
f 3391//2017 3624//2017 3623//2017 
f 3485//2017 3625//2017 3614//2017 
f 3486//2017 3487//2017 3610//2017 
f 3326//2017 3503//2017 3505//2017 
f 3326//2017 3495//2017 3497//2017 
f 3491//2017 3493//2017 3326//2017 
f 3375//2017 3618//2017 3626//2017 
f 3617//2017 3377//2017 3379//2017 
f 3381//2017 3627//2017 3619//2017 
f 3383//2017 3621//2017 3627//2017 
f 3620//2017 3385//2017 3387//2017 
f 3623//2017 3389//2017 3391//2017 
f 3393//2017 3628//2017 3624//2017 
f 3393//2017 3629//2017 3630//2017 
f 3485//2017 3631//2017 3625//2017 
f 3489//2017 3491//2017 3610//2017 
f 3326//2017 3501//2017 3503//2017 
f 3493//2017 3495//2017 3326//2017 
f 3618//2017 3375//2017 3377//2017 
f 3627//2017 3381//2017 3383//2017 
f 3622//2017 3387//2017 3389//2017 
f 3630//2017 3628//2017 3393//2017 
f 3485//2017 3632//2017 3631//2017 
f 3611//2017 3633//2017 3485//2017 
f 3499//2017 3501//2017 3326//2017 
f 3634//2017 3505//2017 3507//2017 
f 3584//2017 3585//2017 3635//2017 
f 3585//2017 3586//2017 3636//2017 
f 3335//2017 3637//2017 3638//2017 
f 3337//2017 3639//2017 3637//2017 
f 3353//2017 3640//2017 3641//2017 
f 3355//2017 3642//2017 3640//2017 
f 3357//2017 3643//2017 3642//2017 
f 3359//2017 3644//2017 3643//2017 
f 3361//2017 3645//2017 3644//2017 
f 3363//2017 3646//2017 3645//2017 
f 3371//2017 3647//2017 3648//2017 
f 3373//2017 3626//2017 3647//2017 
f 3619//2017 3379//2017 3381//2017 
f 3624//2017 3391//2017 3393//2017 
f 3393//2017 3615//2017 3649//2017 
f 3633//2017 3632//2017 3485//2017 
f 3505//2017 3634//2017 3616//2017 
f 3507//2017 3650//2017 3651//2017 
f 3636//2017 3635//2017 3585//2017 
f 3586//2017 3587//2017 3652//2017 
f 3333//2017 3638//2017 3653//2017 
f 3637//2017 3335//2017 3337//2017 
f 3339//2017 3654//2017 3639//2017 
f 3341//2017 3655//2017 3654//2017 
f 3343//2017 3656//2017 3655//2017 
f 3345//2017 3657//2017 3656//2017 
f 3347//2017 3658//2017 3657//2017 
f 3349//2017 3659//2017 3658//2017 
f 3351//2017 3641//2017 3659//2017 
f 3640//2017 3353//2017 3355//2017 
f 3643//2017 3357//2017 3359//2017 
f 3645//2017 3361//2017 3363//2017 
f 3365//2017 3660//2017 3646//2017 
f 3367//2017 3661//2017 3660//2017 
f 3647//2017 3371//2017 3373//2017 
f 3621//2017 3383//2017 3385//2017 
f 3615//2017 3393//2017 3485//2017 
f 3507//2017 3651//2017 3634//2017 
f 3526//2017 3662//2017 3663//2017 
f 3580//2017 3581//2017 3664//2017 
f 3581//2017 3582//2017 3665//2017 
f 3583//2017 3584//2017 3666//2017 
f 3652//2017 3636//2017 3586//2017 
f 3594//2017 3595//2017 3667//2017 
f 3595//2017 3596//2017 3668//2017 
f 3638//2017 3333//2017 3335//2017 
f 3654//2017 3339//2017 3341//2017 
f 3656//2017 3343//2017 3345//2017 
f 3658//2017 3347//2017 3349//2017 
f 3641//2017 3351//2017 3353//2017 
f 3644//2017 3359//2017 3361//2017 
f 3660//2017 3365//2017 3367//2017 
f 3369//2017 3648//2017 3661//2017 
f 3626//2017 3373//2017 3375//2017 
f 3613//2017 3610//2017 3491//2017 
f 3650//2017 3507//2017 3509//2017 
f 3663//2017 3521//2017 3523//2017 
f 3663//2017 3513//2017 3515//2017 
f 3665//2017 3664//2017 3581//2017 
f 3582//2017 3583//2017 3669//2017 
f 3635//2017 3666//2017 3584//2017 
f 3587//2017 3588//2017 3670//2017 
f 3588//2017 3589//2017 3671//2017 
f 3589//2017 3590//2017 3672//2017 
f 3668//2017 3667//2017 3595//2017 
f 3596//2017 3597//2017 3673//2017 
f 3674//2017 3675//2017 3599//2017 
f 3676//2017 3677//2017 3678//2017 
f 3677//2017 3679//2017 3680//2017 
f 3639//2017 3337//2017 3339//2017 
f 3657//2017 3345//2017 3347//2017 
f 3642//2017 3355//2017 3357//2017 
f 3661//2017 3367//2017 3369//2017 
f 3326//2017 3616//2017 3681//2017 
f 3649//2017 3629//2017 3393//2017 
f 3509//2017 3682//2017 3683//2017 
f 3509//2017 3663//2017 3684//2017 
f 3326//2017 3685//2017 3686//2017 
f 3663//2017 3519//2017 3521//2017 
f 3663//2017 3511//2017 3513//2017 
f 3576//2017 3577//2017 3687//2017 
f 3577//2017 3578//2017 3688//2017 
f 3578//2017 3579//2017 3689//2017 
f 3579//2017 3580//2017 3690//2017 
f 3669//2017 3665//2017 3582//2017 
f 3670//2017 3652//2017 3587//2017 
f 3672//2017 3671//2017 3589//2017 
f 3590//2017 3591//2017 3691//2017 
f 3591//2017 3592//2017 3692//2017 
f 3592//2017 3593//2017 3693//2017 
f 3593//2017 3594//2017 3694//2017 
f 3673//2017 3668//2017 3596//2017 
f 3675//2017 3673//2017 3597//2017 
f 3599//2017 3600//2017 3674//2017 
f 3680//2017 3678//2017 3677//2017 
f 3327//2017 3695//2017 3696//2017 
f 3655//2017 3341//2017 3343//2017 
f 3646//2017 3363//2017 3365//2017 
f 3648//2017 3369//2017 3371//2017 
f 3684//2017 3682//2017 3509//2017 
f 3326//2017 3697//2017 3698//2017 
f 3686//2017 3699//2017 3326//2017 
f 3663//2017 3517//2017 3519//2017 
f 3663//2017 3509//2017 3511//2017 
f 3569//2017 3570//2017 3700//2017 
f 3570//2017 3571//2017 3701//2017 
f 3330//2017 3702//2017 3703//2017 
f 3574//2017 3575//2017 3704//2017 
f 3575//2017 3576//2017 3705//2017 
f 3688//2017 3687//2017 3577//2017 
f 3690//2017 3689//2017 3579//2017 
f 3666//2017 3669//2017 3583//2017 
f 3691//2017 3672//2017 3590//2017 
f 3693//2017 3692//2017 3592//2017 
f 3667//2017 3694//2017 3594//2017 
f 3597//2017 3598//2017 3675//2017 
f 3600//2017 3601//2017 3674//2017 
f 3706//2017 3605//2017 3606//2017 
f 3706//2017 3603//2017 3604//2017 
f 3676//2017 3707//2017 3708//2017 
f 3677//2017 3709//2017 3679//2017 
f 3327//2017 3710//2017 3695//2017 
f 3327//2017 3711//2017 3712//2017 
f 3659//2017 3349//2017 3351//2017 
f 3509//2017 3683//2017 3650//2017 
f 3326//2017 3713//2017 3697//2017 
f 3699//2017 3714//2017 3326//2017 
f 3515//2017 3517//2017 3663//2017 
f 3526//2017 3569//2017 3715//2017 
f 3701//2017 3700//2017 3570//2017 
f 3330//2017 3716//2017 3702//2017 
f 3571//2017 3572//2017 3717//2017 
f 3572//2017 3573//2017 3718//2017 
f 3573//2017 3574//2017 3719//2017 
f 3705//2017 3704//2017 3575//2017 
f 3689//2017 3688//2017 3578//2017 
f 3671//2017 3670//2017 3588//2017 
f 3694//2017 3693//2017 3593//2017 
f 3601//2017 3602//2017 3674//2017 
f 3604//2017 3605//2017 3706//2017 
f 3706//2017 3674//2017 3602//2017 
f 3720//2017 3608//2017 3609//2017 
f 3720//2017 3706//2017 3607//2017 
f 3678//2017 3707//2017 3676//2017 
f 3677//2017 3721//2017 3722//2017 
f 3696//2017 3677//2017 3327//2017 
f 3712//2017 3723//2017 3327//2017 
f 3681//2017 3711//2017 3326//2017 
f 3714//2017 3713//2017 3326//2017 
f 3526//2017 3724//2017 3662//2017 
f 3700//2017 3715//2017 3569//2017 
f 3703//2017 3326//2017 3330//2017 
f 3330//2017 3725//2017 3726//2017 
f 3718//2017 3717//2017 3572//2017 
f 3704//2017 3719//2017 3574//2017 
f 3664//2017 3690//2017 3580//2017 
f 3598//2017 3599//2017 3675//2017 
f 3602//2017 3603//2017 3706//2017 
f 3607//2017 3608//2017 3720//2017 
f 3722//2017 3709//2017 3677//2017 
f 3723//2017 3710//2017 3327//2017 
f 3698//2017 3612//2017 3326//2017 
f 3715//2017 3724//2017 3526//2017 
f 3726//2017 3716//2017 3330//2017 
f 3330//2017 3653//2017 3727//2017 
f 3719//2017 3718//2017 3573//2017 
f 3692//2017 3691//2017 3591//2017 
f 3609//2017 3676//2017 3720//2017 
f 3696//2017 3721//2017 3677//2017 
f 3663//2017 3523//2017 3526//2017 
f 3727//2017 3725//2017 3330//2017 
f 3687//2017 3705//2017 3576//2017 
f 3708//2017 3720//2017 3676//2017 
f 3703//2017 3685//2017 3326//2017 
f 3606//2017 3607//2017 3706//2017 
f 3717//2017 3701//2017 3571//2017 
f 3653//2017 3330//2017 3333//2017 
f 3327//2017 3326//2017 3711//2017 
f 3700//2018 3701//2019 3728//2019 
f 3715//2020 3700//2018 3729//2021 
f 3724//2022 3715//2020 3730//2023 
f 3662//2024 3724//2022 3731//2025 
f 3663//2026 3662//2024 3732//2027 
f 3684//2028 3663//2026 3733//2029 
f 3682//2030 3684//2028 3734//2031 
f 3683//2032 3682//2030 3735//2033 
f 3650//2034 3683//2032 3736//2035 
f 3651//2036 3650//2034 3737//2037 
f 3634//2038 3651//2036 3738//2039 
f 3616//2040 3634//2038 3739//2041 
f 3681//2042 3616//2040 3740//2043 
f 3711//2044 3681//2042 3741//2045 
f 3712//2046 3711//2044 3742//2047 
f 3723//2048 3712//2046 3743//2049 
f 3710//2050 3723//2048 3744//2051 
f 3695//2052 3710//2050 3745//2053 
f 3696//2054 3695//2052 3746//2055 
f 3721//2056 3696//2054 3747//2057 
f 3722//2058 3721//2056 3748//2059 
f 3709//2060 3722//2058 3749//2061 
f 3679//2062 3709//2060 3750//2063 
f 3680//2064 3679//2062 3751//2065 
f 3678//2066 3680//2064 3752//2067 
f 3707//2068 3678//2066 3753//2069 
f 3708//2070 3707//2068 3754//2071 
f 3720//2072 3708//2070 3755//2073 
f 3706//2074 3720//2072 3756//2075 
f 3674//2076 3706//2074 3757//2077 
f 3675//2078 3674//2076 3758//2079 
f 3673//2080 3675//2078 3759//2081 
f 3668//2082 3673//2080 3760//2083 
f 3667//2084 3668//2082 3761//2085 
f 3694//2086 3667//2084 3762//2087 
f 3693//2088 3694//2086 3763//2089 
f 3692//2090 3693//2088 3764//2091 
f 3691//2092 3692//2090 3765//2093 
f 3672//2094 3691//2092 3766//2095 
f 3671//2096 3672//2094 3767//2097 
f 3670//2098 3671//2096 3768//2099 
f 3652//2100 3670//2098 3769//2101 
f 3636//2102 3652//2100 3770//2103 
f 3635//2104 3636//2102 3771//2105 
f 3666//2106 3635//2104 3772//2107 
f 3669//2108 3666//2106 3773//2109 
f 3665//2110 3669//2108 3774//2111 
f 3664//2112 3665//2110 3775//2113 
f 3690//2114 3664//2112 3776//2115 
f 3689//2116 3690//2114 3777//2117 
f 3688//2118 3689//2116 3778//2119 
f 3687//2120 3688//2118 3779//2121 
f 3705//2122 3687//2120 3780//2123 
f 3704//2124 3705//2122 3781//2125 
f 3719//2126 3704//2124 3782//2127 
f 3718//2128 3719//2126 3783//2129 
f 3717//2130 3718//2128 3784//2131 
f 3701//2019 3717//2130 3785//2130 
f 3785//2130 3728//2019 3701//2019 
f 3784//2131 3785//2130 3717//2130 
f 3783//2129 3784//2131 3718//2128 
f 3782//2127 3783//2129 3719//2126 
f 3781//2125 3782//2127 3704//2124 
f 3780//2123 3781//2125 3705//2122 
f 3779//2121 3780//2123 3687//2120 
f 3778//2119 3779//2121 3688//2118 
f 3777//2117 3778//2119 3689//2116 
f 3776//2115 3777//2117 3690//2114 
f 3775//2113 3776//2115 3664//2112 
f 3774//2111 3775//2113 3665//2110 
f 3773//2109 3774//2111 3669//2108 
f 3772//2107 3773//2109 3666//2106 
f 3771//2105 3772//2107 3635//2104 
f 3770//2103 3771//2105 3636//2102 
f 3769//2101 3770//2103 3652//2100 
f 3768//2099 3769//2101 3670//2098 
f 3767//2097 3768//2099 3671//2096 
f 3766//2095 3767//2097 3672//2094 
f 3765//2093 3766//2095 3691//2092 
f 3764//2091 3765//2093 3692//2090 
f 3763//2089 3764//2091 3693//2088 
f 3762//2087 3763//2089 3694//2086 
f 3761//2085 3762//2087 3667//2084 
f 3760//2083 3761//2085 3668//2082 
f 3759//2081 3760//2083 3673//2080 
f 3758//2079 3759//2081 3675//2078 
f 3757//2077 3758//2079 3674//2076 
f 3756//2075 3757//2077 3706//2074 
f 3755//2073 3756//2075 3720//2072 
f 3754//2071 3755//2073 3708//2070 
f 3753//2069 3754//2071 3707//2068 
f 3752//2067 3753//2069 3678//2066 
f 3751//2065 3752//2067 3680//2064 
f 3750//2063 3751//2065 3679//2062 
f 3749//2061 3750//2063 3709//2060 
f 3748//2059 3749//2061 3722//2058 
f 3747//2057 3748//2059 3721//2056 
f 3746//2055 3747//2057 3696//2054 
f 3745//2053 3746//2055 3695//2052 
f 3744//2051 3745//2053 3710//2050 
f 3743//2049 3744//2051 3723//2048 
f 3742//2047 3743//2049 3712//2046 
f 3741//2045 3742//2047 3711//2044 
f 3740//2043 3741//2045 3681//2042 
f 3739//2041 3740//2043 3616//2040 
f 3738//2039 3739//2041 3634//2038 
f 3737//2037 3738//2039 3651//2036 
f 3736//2035 3737//2037 3650//2034 
f 3735//2033 3736//2035 3683//2032 
f 3734//2031 3735//2033 3682//2030 
f 3733//2029 3734//2031 3684//2028 
f 3732//2027 3733//2029 3663//2026 
f 3731//2025 3732//2027 3662//2024 
f 3730//2023 3731//2025 3724//2022 
f 3729//2021 3730//2023 3715//2020 
f 3728//2019 3729//2021 3700//2018 
f 3643//2132 3644//2133 3786//2133 
f 3642//2134 3643//2132 3787//2135 
f 3640//2136 3642//2134 3788//2137 
f 3641//2138 3640//2136 3789//2139 
f 3659//2140 3641//2138 3790//2141 
f 3658//2142 3659//2140 3791//2143 
f 3657//2144 3658//2142 3792//2145 
f 3656//2146 3657//2144 3793//2147 
f 3655//2148 3656//2146 3794//2149 
f 3654//2150 3655//2148 3795//2151 
f 3639//2152 3654//2150 3796//2153 
f 3637//2154 3639//2152 3797//2155 
f 3638//2156 3637//2154 3798//2157 
f 3653//2158 3638//2156 3799//2159 
f 3727//2160 3653//2158 3800//2161 
f 3725//2162 3727//2160 3801//2163 
f 3726//2164 3725//2162 3802//2165 
f 3716//2166 3726//2164 3803//2167 
f 3702//2168 3716//2166 3804//2169 
f 3703//2170 3702//2168 3805//2171 
f 3685//2172 3703//2170 3806//2173 
f 3686//2174 3685//2172 3807//2175 
f 3699//2176 3686//2174 3808//2177 
f 3714//2178 3699//2176 3809//2179 
f 3713//2180 3714//2178 3810//2181 
f 3697//2182 3713//2180 3811//2183 
f 3698//2184 3697//2182 3812//2185 
f 3612//2186 3698//2184 3813//2187 
f 3613//2188 3612//2186 3814//2189 
f 3610//2190 3613//2188 3815//2191 
f 3611//2192 3610//2190 3816//2193 
f 3633//2194 3611//2192 3817//2195 
f 3632//2196 3633//2194 3818//2197 
f 3631//2198 3632//2196 3819//2199 
f 3625//2200 3631//2198 3820//2201 
f 3614//2202 3625//2200 3821//2203 
f 3615//2204 3614//2202 3822//2205 
f 3649//2206 3615//2204 3823//2207 
f 3629//2208 3649//2206 3824//2209 
f 3630//2210 3629//2208 3825//2211 
f 3628//2212 3630//2210 3826//2213 
f 3624//2214 3628//2212 3827//2215 
f 3623//2216 3624//2214 3828//2217 
f 3622//2218 3623//2216 3829//2219 
f 3620//2220 3622//2218 3830//2221 
f 3621//2222 3620//2220 3831//2223 
f 3627//2224 3621//2222 3832//2225 
f 3619//2226 3627//2224 3833//2227 
f 3617//2228 3619//2226 3834//2229 
f 3618//2230 3617//2228 3835//2231 
f 3626//2232 3618//2230 3836//2233 
f 3647//2234 3626//2232 3837//2235 
f 3648//2236 3647//2234 3838//2237 
f 3661//2238 3648//2236 3839//2239 
f 3660//2240 3661//2238 3840//2241 
f 3646//2242 3660//2240 3841//2243 
f 3645//2244 3646//2242 3842//2245 
f 3644//2133 3645//2244 3843//2244 
f 3843//2244 3786//2133 3644//2133 
f 3842//2245 3843//2244 3645//2244 
f 3841//2243 3842//2245 3646//2242 
f 3840//2241 3841//2243 3660//2240 
f 3839//2239 3840//2241 3661//2238 
f 3838//2237 3839//2239 3648//2236 
f 3837//2235 3838//2237 3647//2234 
f 3836//2233 3837//2235 3626//2232 
f 3835//2231 3836//2233 3618//2230 
f 3834//2229 3835//2231 3617//2228 
f 3833//2227 3834//2229 3619//2226 
f 3832//2225 3833//2227 3627//2224 
f 3831//2223 3832//2225 3621//2222 
f 3830//2221 3831//2223 3620//2220 
f 3829//2219 3830//2221 3622//2218 
f 3828//2217 3829//2219 3623//2216 
f 3827//2215 3828//2217 3624//2214 
f 3826//2213 3827//2215 3628//2212 
f 3825//2211 3826//2213 3630//2210 
f 3824//2209 3825//2211 3629//2208 
f 3823//2207 3824//2209 3649//2206 
f 3822//2205 3823//2207 3615//2204 
f 3821//2203 3822//2205 3614//2202 
f 3820//2201 3821//2203 3625//2200 
f 3819//2199 3820//2201 3631//2198 
f 3818//2197 3819//2199 3632//2196 
f 3817//2195 3818//2197 3633//2194 
f 3816//2193 3817//2195 3611//2192 
f 3815//2191 3816//2193 3610//2190 
f 3814//2189 3815//2191 3613//2188 
f 3813//2187 3814//2189 3612//2186 
f 3812//2185 3813//2187 3698//2184 
f 3811//2183 3812//2185 3697//2182 
f 3810//2181 3811//2183 3713//2180 
f 3809//2179 3810//2181 3714//2178 
f 3808//2177 3809//2179 3699//2176 
f 3807//2175 3808//2177 3686//2174 
f 3806//2173 3807//2175 3685//2172 
f 3805//2171 3806//2173 3703//2170 
f 3804//2169 3805//2171 3702//2168 
f 3803//2167 3804//2169 3716//2166 
f 3802//2165 3803//2167 3726//2164 
f 3801//2163 3802//2165 3725//2162 
f 3800//2161 3801//2163 3727//2160 
f 3799//2159 3800//2161 3653//2158 
f 3798//2157 3799//2159 3638//2156 
f 3797//2155 3798//2157 3637//2154 
f 3796//2153 3797//2155 3639//2152 
f 3795//2151 3796//2153 3654//2150 
f 3794//2149 3795//2151 3655//2148 
f 3793//2147 3794//2149 3656//2146 
f 3792//2145 3793//2147 3657//2144 
f 3791//2143 3792//2145 3658//2142 
f 3790//2141 3791//2143 3659//2140 
f 3789//2139 3790//2141 3641//2138 
f 3788//2137 3789//2139 3640//2136 
f 3787//2135 3788//2137 3642//2134 
f 3786//2133 3787//2135 3643//2132 
f 3248//2246 3771//2246 3770//2246 
f 3247//2246 3772//2246 3771//2246 
f 3816//2246 3293//2246 3292//2246 
f 3257//2246 3762//2246 3761//2246 
f 3256//2246 3763//2246 3762//2246 
f 3771//2246 3248//2246 3247//2246 
f 3246//2246 3773//2246 3772//2246 
f 3329//2246 3743//2246 3742//2246 
f 3816//2246 3294//2246 3293//2246 
f 3816//2246 3296//2246 3295//2246 
f 3292//2246 3291//2246 3823//2246 
f 3258//2246 3761//2246 3760//2246 
f 3762//2246 3257//2246 3256//2246 
f 3251//2246 3768//2246 3767//2246 
f 3250//2246 3769//2246 3768//2246 
f 3249//2246 3770//2246 3769//2246 
f 3772//2246 3247//2246 3246//2246 
f 3329//2246 3744//2246 3743//2246 
f 3295//2246 3294//2246 3816//2246 
f 3823//2246 3822//2246 3292//2246 
f 3290//2246 3289//2246 3829//2246 
f 3289//2246 3288//2246 3830//2246 
f 3288//2246 3287//2246 3831//2246 
f 3287//2246 3286//2246 3832//2246 
f 3284//2246 3283//2246 3835//2246 
f 3283//2246 3282//2246 3836//2246 
f 3758//2246 3315//2246 3314//2246 
f 3758//2246 3317//2246 3316//2246 
f 3759//2246 3313//2246 3259//2246 
f 3761//2246 3258//2246 3257//2246 
f 3255//2246 3764//2246 3763//2246 
f 3254//2246 3765//2246 3764//2246 
f 3253//2246 3766//2246 3765//2246 
f 3252//2246 3767//2246 3766//2246 
f 3768//2246 3251//2246 3250//2246 
f 3770//2246 3249//2246 3248//2246 
f 3245//2246 3774//2246 3773//2246 
f 3243//2246 3776//2246 3775//2246 
f 3242//2246 3777//2246 3776//2246 
f 3329//2246 3739//2246 3738//2246 
f 3742//2246 3741//2246 3329//2246 
f 3329//2246 3844//2246 3747//2246 
f 3844//2246 3753//2246 3752//2246 
f 3845//2246 3754//2246 3753//2246 
f 3292//2246 3818//2246 3817//2246 
f 3822//2246 3821//2246 3292//2246 
f 3291//2246 3827//2246 3826//2246 
f 3291//2246 3290//2246 3828//2246 
f 3830//2246 3829//2246 3289//2246 
f 3832//2246 3831//2246 3287//2246 
f 3286//2246 3285//2246 3833//2246 
f 3285//2246 3284//2246 3834//2246 
f 3836//2246 3835//2246 3283//2246 
f 3282//2246 3281//2246 3837//2246 
f 3316//2246 3315//2246 3758//2246 
f 3759//2246 3314//2246 3313//2246 
f 3763//2246 3256//2246 3255//2246 
f 3765//2246 3254//2246 3253//2246 
f 3767//2246 3252//2246 3251//2246 
f 3773//2246 3246//2246 3245//2246 
f 3244//2246 3775//2246 3774//2246 
f 3776//2246 3243//2246 3242//2246 
f 3230//2246 3329//2246 3737//2246 
f 3329//2246 3740//2246 3739//2246 
f 3329//2246 3745//2246 3744//2246 
f 3747//2246 3746//2246 3329//2246 
f 3753//2246 3844//2246 3845//2246 
f 3292//2246 3819//2246 3818//2246 
f 3821//2246 3820//2246 3292//2246 
f 3828//2246 3827//2246 3291//2246 
f 3831//2246 3830//2246 3288//2246 
f 3834//2246 3833//2246 3285//2246 
f 3837//2246 3836//2246 3282//2246 
f 3278//2246 3277//2246 3841//2246 
f 3277//2246 3276//2246 3842//2246 
f 3276//2246 3275//2246 3843//2246 
f 3275//2246 3274//2246 3786//2246 
f 3274//2246 3273//2246 3787//2246 
f 3273//2246 3272//2246 3788//2246 
f 3263//2246 3262//2246 3798//2246 
f 3262//2246 3261//2246 3799//2246 
f 3261//2246 3260//2246 3800//2246 
f 3260//2246 3802//2246 3801//2246 
f 3329//2246 3305//2246 3304//2246 
f 3329//2246 3309//2246 3308//2246 
f 3259//2246 3760//2246 3759//2246 
f 3764//2246 3255//2246 3254//2246 
f 3769//2246 3250//2246 3249//2246 
f 3775//2246 3244//2246 3243//2246 
f 3241//2246 3778//2246 3777//2246 
f 3240//2246 3779//2246 3778//2246 
f 3239//2246 3780//2246 3779//2246 
f 3238//2246 3781//2246 3780//2246 
f 3237//2246 3782//2246 3781//2246 
f 3236//2246 3783//2246 3782//2246 
f 3230//2246 3735//2246 3734//2246 
f 3737//2246 3736//2246 3230//2246 
f 3741//2246 3740//2246 3329//2246 
f 3844//2246 3748//2246 3747//2246 
f 3752//2246 3751//2246 3844//2246 
f 3845//2246 3756//2246 3755//2246 
f 3820//2246 3819//2246 3292//2246 
f 3291//2246 3825//2246 3824//2246 
f 3829//2246 3828//2246 3290//2246 
f 3835//2246 3834//2246 3284//2246 
f 3281//2246 3280//2246 3838//2246 
f 3280//2246 3279//2246 3839//2246 
f 3279//2246 3278//2246 3840//2246 
f 3842//2246 3841//2246 3277//2246 
f 3786//2246 3843//2246 3275//2246 
f 3788//2246 3787//2246 3273//2246 
f 3272//2246 3271//2246 3789//2246 
f 3271//2246 3270//2246 3790//2246 
f 3269//2246 3268//2246 3792//2246 
f 3268//2246 3267//2246 3793//2246 
f 3267//2246 3266//2246 3794//2246 
f 3266//2246 3265//2246 3795//2246 
f 3265//2246 3264//2246 3796//2246 
f 3264//2246 3263//2246 3797//2246 
f 3799//2246 3798//2246 3262//2246 
f 3801//2246 3800//2246 3260//2246 
f 3260//2246 3325//2246 3806//2246 
f 3814//2246 3325//2246 3296//2246 
f 3325//2246 3329//2246 3303//2246 
f 3329//2246 3306//2246 3305//2246 
f 3308//2246 3307//2246 3329//2246 
f 3329//2246 3230//2246 3312//2246 
f 3760//2246 3259//2246 3258//2246 
f 3774//2246 3245//2246 3244//2246 
f 3778//2246 3241//2246 3240//2246 
f 3780//2246 3239//2246 3238//2246 
f 3782//2246 3237//2246 3236//2246 
f 3235//2246 3784//2246 3783//2246 
f 3234//2246 3785//2246 3784//2246 
f 3233//2246 3728//2246 3785//2246 
f 3232//2246 3729//2246 3728//2246 
f 3231//2246 3730//2246 3729//2246 
f 3736//2246 3735//2246 3230//2246 
f 3746//2246 3745//2246 3329//2246 
f 3844//2246 3750//2246 3749//2246 
f 3755//2246 3754//2246 3845//2246 
f 3824//2246 3823//2246 3291//2246 
f 3833//2246 3832//2246 3286//2246 
f 3839//2246 3838//2246 3280//2246 
f 3841//2246 3840//2246 3278//2246 
f 3787//2246 3786//2246 3274//2246 
f 3790//2246 3789//2246 3271//2246 
f 3270//2246 3269//2246 3791//2246 
f 3793//2246 3792//2246 3268//2246 
f 3795//2246 3794//2246 3266//2246 
f 3797//2246 3796//2246 3264//2246 
f 3800//2246 3799//2246 3261//2246 
f 3806//2246 3805//2246 3260//2246 
f 3325//2246 3809//2246 3808//2246 
f 3325//2246 3297//2246 3296//2246 
f 3325//2246 3301//2246 3300//2246 
f 3303//2246 3302//2246 3325//2246 
f 3307//2246 3306//2246 3329//2246 
f 3312//2246 3311//2246 3329//2246 
f 3757//2246 3318//2246 3317//2246 
f 3757//2246 3322//2246 3321//2246 
f 3766//2246 3253//2246 3252//2246 
f 3779//2246 3240//2246 3239//2246 
f 3783//2246 3236//2246 3235//2246 
f 3785//2246 3234//2246 3233//2246 
f 3729//2246 3232//2246 3231//2246 
f 3230//2246 3731//2246 3730//2246 
f 3738//2246 3737//2246 3329//2246 
f 3751//2246 3750//2246 3844//2246 
f 3756//2246 3323//2246 3322//2246 
f 3756//2246 3845//2246 3324//2246 
f 3292//2246 3817//2246 3816//2246 
f 3838//2246 3837//2246 3281//2246 
f 3843//2246 3842//2246 3276//2246 
f 3791//2246 3790//2246 3270//2246 
f 3794//2246 3793//2246 3267//2246 
f 3798//2246 3797//2246 3263//2246 
f 3260//2246 3804//2246 3803//2246 
f 3325//2246 3807//2246 3806//2246 
f 3325//2246 3810//2246 3809//2246 
f 3325//2246 3814//2246 3813//2246 
f 3325//2246 3298//2246 3297//2246 
f 3300//2246 3299//2246 3325//2246 
f 3304//2246 3303//2246 3329//2246 
f 3311//2246 3310//2246 3329//2246 
f 3757//2246 3319//2246 3318//2246 
f 3321//2246 3320//2246 3757//2246 
f 3777//2246 3242//2246 3241//2246 
f 3784//2246 3235//2246 3234//2246 
f 3730//2246 3231//2246 3230//2246 
f 3230//2246 3733//2246 3732//2246 
f 3749//2246 3748//2246 3844//2246 
f 3324//2246 3323//2246 3756//2246 
f 3826//2246 3825//2246 3291//2246 
f 3789//2246 3788//2246 3272//2246 
f 3796//2246 3795//2246 3265//2246 
f 3805//2246 3804//2246 3260//2246 
f 3325//2246 3811//2246 3810//2246 
f 3813//2246 3812//2246 3325//2246 
f 3299//2246 3298//2246 3325//2246 
f 3310//2246 3309//2246 3329//2246 
f 3320//2246 3319//2246 3757//2246 
f 3781//2246 3238//2246 3237//2246 
f 3732//2246 3731//2246 3230//2246 
f 3322//2246 3757//2246 3756//2246 
f 3840//2246 3839//2246 3279//2246 
f 3803//2246 3802//2246 3260//2246 
f 3812//2246 3811//2246 3325//2246 
f 3302//2246 3301//2246 3325//2246 
f 3314//2246 3759//2246 3758//2246 
f 3734//2246 3733//2246 3230//2246 
f 3792//2246 3791//2246 3269//2246 
f 3296//2246 3815//2246 3814//2246 
f 3728//2246 3233//2246 3232//2246 
f 3808//2246 3807//2246 3325//2246 
f 3816//2246 3815//2246 3296//2246 
f 3317//2246 3758//2246 3757//2246 
f 3676//2247 3846//2247 3847//2247 
f 3847//2247 3677//2247 3676//2247 
f 3847//2247 3846//2247 3848//2248 
f 3849//2248 3848//2248 3850//2249 
f 3851//2249 3850//2249 3852//2250 
f 3853//2250 3852//2250 3854//2251 
f 3854//2251 3855//2251 3853//2250 
f 3852//2250 3853//2250 3851//2249 
f 3850//2249 3851//2249 3849//2248 
f 3848//2248 3849//2248 3847//2247 
f 3854//2251 3856//2251 3857//2251 
f 3857//2251 3855//2251 3854//2251 
f 3857//2251 3856//2251 3858//2252 
f 3859//2252 3858//2252 3860//2253 
f 3861//2253 3860//2253 3862//2254 
f 3863//2254 3862//2254 3864//2255 
f 3865//2255 3864//2255 3866//2256 
f 3867//2256 3866//2256 3868//2257 
f 3869//2257 3868//2257 3870//2258 
f 3871//2258 3870//2258 3872//2259 
f 3873//2259 3872//2259 3874//2260 
f 3875//2260 3874//2260 3876//2261 
f 3877//2261 3876//2261 3878//2262 
f 3879//2262 3878//2262 3880//2263 
f 3881//2263 3880//2263 3882//2264 
f 3883//2264 3882//2264 3884//2265 
f 3885//2265 3884//2265 3886//2266 
f 3887//2266 3886//2266 3888//2267 
f 3889//2267 3888//2267 3890//2268 
f 3891//2268 3890//2268 3892//2269 
f 3893//2269 3892//2269 3894//2270 
f 3895//2270 3894//2270 3896//2271 
f 3897//2271 3896//2271 3898//2272 
f 3899//2272 3898//2272 3900//2273 
f 3901//2273 3900//2273 3902//2274 
f 3903//2274 3902//2274 3904//2275 
f 3905//2275 3904//2275 3906//2276 
f 3907//2276 3906//2276 3908//2277 
f 3909//2277 3908//2277 3910//2278 
f 3911//2278 3910//2278 3912//2279 
f 3913//2279 3912//2279 3914//2280 
f 3914//2280 3915//2280 3913//2279 
f 3912//2279 3913//2279 3911//2278 
f 3910//2278 3911//2278 3909//2277 
f 3908//2277 3909//2277 3907//2276 
f 3906//2276 3907//2276 3905//2275 
f 3904//2275 3905//2275 3903//2274 
f 3902//2274 3903//2274 3901//2273 
f 3900//2273 3901//2273 3899//2272 
f 3898//2272 3899//2272 3897//2271 
f 3896//2271 3897//2271 3895//2270 
f 3894//2270 3895//2270 3893//2269 
f 3892//2269 3893//2269 3891//2268 
f 3890//2268 3891//2268 3889//2267 
f 3888//2267 3889//2267 3887//2266 
f 3886//2266 3887//2266 3885//2265 
f 3884//2265 3885//2265 3883//2264 
f 3882//2264 3883//2264 3881//2263 
f 3880//2263 3881//2263 3879//2262 
f 3878//2262 3879//2262 3877//2261 
f 3876//2261 3877//2261 3875//2260 
f 3874//2260 3875//2260 3873//2259 
f 3872//2259 3873//2259 3871//2258 
f 3870//2258 3871//2258 3869//2257 
f 3868//2257 3869//2257 3867//2256 
f 3866//2256 3867//2256 3865//2255 
f 3864//2255 3865//2255 3863//2254 
f 3862//2254 3863//2254 3861//2253 
f 3860//2253 3861//2253 3859//2252 
f 3858//2252 3859//2252 3857//2251 
f 3468//2281 3854//2281 3852//2281 
f 3852//2281 3850//2281 3468//2281 
f 3850//2281 3848//2281 3468//2281 
f 3467//2281 3856//2281 3854//2281 
f 3858//2281 3856//2281 3467//2281 
f 3854//2281 3468//2281 3467//2281 
f 3902//2281 3422//2281 3420//2281 
f 3902//2281 3900//2281 3424//2281 
f 3894//2281 3430//2281 3428//2281 
f 3894//2281 3892//2281 3432//2281 
f 3888//2281 3436//2281 3434//2281 
f 3888//2281 3886//2281 3438//2281 
f 3860//2281 3858//2281 3466//2281 
f 3848//2281 3846//2281 3468//2281 
f 3910//2281 3414//2281 3412//2281 
f 3910//2281 3908//2281 3416//2281 
f 3424//2281 3422//2281 3902//2281 
f 3900//2281 3898//2281 3426//2281 
f 3432//2281 3430//2281 3894//2281 
f 3892//2281 3890//2281 3434//2281 
f 3438//2281 3436//2281 3888//2281 
f 3886//2281 3884//2281 3440//2281 
f 3882//2281 3442//2281 3440//2281 
f 3882//2281 3880//2281 3444//2281 
f 3876//2281 3448//2281 3446//2281 
f 3876//2281 3874//2281 3450//2281 
f 3870//2281 3454//2281 3452//2281 
f 3868//2281 3456//2281 3454//2281 
f 3864//2281 3460//2281 3458//2281 
f 3862//2281 3462//2281 3460//2281 
f 3860//2281 3464//2281 3462//2281 
f 3467//2281 3466//2281 3858//2281 
f 3406//2281 3916//2281 3917//2281 
f 3416//2281 3414//2281 3910//2281 
f 3908//2281 3906//2281 3418//2281 
f 3904//2281 3420//2281 3418//2281 
f 3426//2281 3424//2281 3900//2281 
f 3896//2281 3428//2281 3426//2281 
f 3434//2281 3432//2281 3892//2281 
f 3440//2281 3438//2281 3886//2281 
f 3444//2281 3442//2281 3882//2281 
f 3878//2281 3446//2281 3444//2281 
f 3450//2281 3448//2281 3876//2281 
f 3454//2281 3870//2281 3868//2281 
f 3868//2281 3866//2281 3458//2281 
f 3460//2281 3864//2281 3862//2281 
f 3466//2281 3464//2281 3860//2281 
f 3406//2281 3918//2281 3916//2281 
f 3418//2281 3416//2281 3908//2281 
f 3420//2281 3904//2281 3902//2281 
f 3428//2281 3896//2281 3894//2281 
f 3440//2281 3884//2281 3882//2281 
f 3446//2281 3878//2281 3876//2281 
f 3874//2281 3872//2281 3452//2281 
f 3458//2281 3456//2281 3868//2281 
f 3462//2281 3862//2281 3860//2281 
f 3408//2281 3406//2281 3919//2281 
f 3406//2281 3920//2281 3918//2281 
f 3418//2281 3906//2281 3904//2281 
f 3434//2281 3890//2281 3888//2281 
f 3452//2281 3450//2281 3874//2281 
f 3458//2281 3866//2281 3864//2281 
f 3676//2281 3480//2281 3478//2281 
f 3676//2281 3476//2281 3474//2281 
f 3845//2281 3402//2281 3400//2281 
f 3845//2281 3398//2281 3396//2281 
f 3917//2281 3919//2281 3406//2281 
f 3914//2281 3912//2281 3412//2281 
f 3426//2281 3898//2281 3896//2281 
f 3452//2281 3872//2281 3870//2281 
f 3676//2281 3482//2281 3480//2281 
f 3609//2281 3551//2281 3482//2281 
f 3676//2281 3470//2281 3468//2281 
f 3474//2281 3473//2281 3676//2281 
f 3845//2281 3404//2281 3402//2281 
f 3845//2281 3920//2281 3406//2281 
f 3324//2281 3845//2281 3122//2281 
f 3396//2281 3395//2281 3845//2281 
f 3412//2281 3408//2281 3914//2281 
f 3444//2281 3880//2281 3878//2281 
f 3482//2281 3676//2281 3609//2281 
f 3473//2281 3470//2281 3676//2281 
f 3406//2281 3404//2281 3845//2281 
f 3395//2281 3122//2281 3845//2281 
f 3412//2281 3912//2281 3910//2281 
f 3468//2281 3846//2281 3676//2281 
f 3122//2281 3139//2281 3324//2281 
f 3478//2281 3476//2281 3676//2281 
f 3919//2281 3914//2281 3408//2281 
f 3400//2281 3398//2281 3845//2281 
f 3469//2282 3851//2282 3853//2282 
f 3469//2282 3849//2282 3851//2282 
f 3465//2282 3469//2282 3855//2282 
f 3469//2282 3847//2282 3849//2282 
f 3853//2282 3855//2282 3469//2282 
f 3859//2282 3463//2282 3465//2282 
f 3465//2282 3857//2282 3859//2282 
f 3861//2282 3461//2282 3463//2282 
f 3889//2282 3433//2282 3435//2282 
f 3889//2282 3891//2282 3431//2282 
f 3895//2282 3427//2282 3429//2282 
f 3895//2282 3897//2282 3425//2282 
f 3903//2282 3419//2282 3421//2282 
f 3903//2282 3905//2282 3417//2282 
f 3463//2282 3859//2282 3861//2282 
f 3861//2282 3863//2282 3459//2282 
f 3863//2282 3865//2282 3457//2282 
f 3865//2282 3867//2282 3455//2282 
f 3869//2282 3871//2282 3451//2282 
f 3871//2282 3873//2282 3449//2282 
f 3877//2282 3445//2282 3447//2282 
f 3877//2282 3879//2282 3443//2282 
f 3883//2282 3439//2282 3441//2282 
f 3883//2282 3885//2282 3437//2282 
f 3887//2282 3435//2282 3437//2282 
f 3431//2282 3433//2282 3889//2282 
f 3893//2282 3429//2282 3431//2282 
f 3425//2282 3427//2282 3895//2282 
f 3901//2282 3421//2282 3423//2282 
f 3417//2282 3419//2282 3903//2282 
f 3911//2282 3411//2282 3413//2282 
f 3911//2282 3913//2282 3410//2282 
f 3459//2282 3461//2282 3861//2282 
f 3455//2282 3457//2282 3865//2282 
f 3867//2282 3869//2282 3453//2282 
f 3449//2282 3451//2282 3871//2282 
f 3443//2282 3445//2282 3877//2282 
f 3879//2282 3881//2282 3441//2282 
f 3437//2282 3439//2282 3883//2282 
f 3435//2282 3887//2282 3889//2282 
f 3429//2282 3893//2282 3895//2282 
f 3897//2282 3899//2282 3423//2282 
f 3421//2282 3901//2282 3903//2282 
f 3905//2282 3907//2282 3415//2282 
f 3909//2282 3413//2282 3415//2282 
f 3410//2282 3411//2282 3911//2282 
f 3407//2282 3921//2282 3922//2282 
f 3457//2282 3459//2282 3863//2282 
f 3451//2282 3453//2282 3869//2282 
f 3875//2282 3447//2282 3449//2282 
f 3441//2282 3443//2282 3879//2282 
f 3437//2282 3885//2282 3887//2282 
f 3423//2282 3425//2282 3897//2282 
f 3415//2282 3417//2282 3905//2282 
f 3413//2282 3909//2282 3911//2282 
f 3922//2282 3923//2282 3407//2282 
f 3677//2282 3472//2282 3475//2282 
f 3677//2282 3477//2282 3479//2282 
f 3453//2282 3455//2282 3867//2282 
f 3447//2282 3875//2282 3877//2282 
f 3431//2282 3891//2282 3893//2282 
f 3415//2282 3907//2282 3909//2282 
f 3923//2282 3924//2282 3407//2282 
f 3409//2282 3915//2282 3921//2282 
f 3677//2282 3471//2282 3472//2282 
f 3677//2282 3847//2282 3469//2282 
f 3327//2282 3677//2282 3483//2282 
f 3479//2282 3481//2282 3677//2282 
f 3449//2282 3873//2282 3875//2282 
f 3423//2282 3899//2282 3901//2282 
f 3915//2282 3409//2282 3410//2282 
f 3921//2282 3407//2282 3409//2282 
f 3844//2282 3394//2282 3397//2282 
f 3844//2282 3399//2282 3401//2282 
f 3469//2282 3471//2282 3677//2282 
f 3481//2282 3483//2282 3677//2282 
f 3441//2282 3881//2282 3883//2282 
f 3924//2282 3925//2282 3407//2282 
f 3844//2282 3109//2282 3394//2282 
f 3329//2282 2994//2282 3109//2282 
f 3844//2282 3405//2282 3407//2282 
f 3401//2282 3403//2282 3844//2282 
f 3483//2282 3328//2282 3327//2282 
f 3410//2282 3913//2282 3915//2282 
f 3109//2282 3844//2282 3329//2282 
f 3403//2282 3405//2282 3844//2282 
f 3855//2282 3857//2282 3465//2282 
f 3407//2282 3925//2282 3844//2282 
f 3397//2282 3399//2282 3844//2282 
f 3475//2282 3477//2282 3677//2282 
f 3920//2283 3845//2283 3844//2283 
f 3844//2283 3925//2283 3920//2283 
f 3921//2284 3919//2284 3917//2285 
f 3922//2285 3917//2285 3916//2286 
f 3923//2286 3916//2286 3918//2287 
f 3924//2287 3918//2287 3920//2288 
f 3920//2288 3925//2288 3924//2287 
f 3918//2287 3924//2287 3923//2286 
f 3916//2286 3923//2286 3922//2285 
f 3917//2285 3922//2285 3921//2284 
f 3914//2289 3919//2289 3921//2289 
f 3921//2289 3915//2289 3914//2289 
