# https://github.com/mikedh/trimesh
mtllib material.mtl
usemtl material_0
v 0.01081013 -0.01013097 0.00050246
v 0.01081013 -0.01009498 0.00610047
v 0.01081013 -0.01013097 0.00598748
v 0.01081013 -0.00999721 0.00668391
v 0.01081013 0.01000560 0.00050246
v 0.01081013 -0.00999440 0.00680246
v 0.01081013 -0.01000564 0.00656563
v 0.01081013 -0.01001967 0.00644788
v 0.01081013 -0.01003927 0.00633093
v 0.01081013 -0.01006439 0.00621504
v 0.01081013 0.01000560 0.01631297
v 0.01081013 -0.00999440 0.01631297
v 0.01081013 -0.01013097 0.00050246
v 0.01081013 -0.01013097 0.00598748
v 0.01080944 -0.01019023 0.00583425
v 0.01081013 -0.01013097 0.00050246
v 0.01080944 -0.01019023 0.00583425
v 0.01080793 -0.01023607 0.00573522
v 0.01080539 -0.01028478 0.00049772
v 0.01080793 -0.01023607 0.00573522
v 0.01080370 -0.01031024 0.00559941
v 0.01080539 -0.01028478 0.00049772
v 0.01080370 -0.01031024 0.00559941
v 0.01079603 -0.01039625 0.00546928
v 0.01080539 -0.01028478 0.00049772
v 0.01078357 -0.01049440 0.00480246
v 0.01079603 -0.01039625 0.00546928
v 0.01078357 -0.01049440 0.00534715
v 0.01079115 -0.01043842 0.00048348
v 0.01079115 -0.01043842 0.00048348
v 0.01076744 -0.01059099 0.00045977
v 0.01078357 -0.01049440 0.00480246
v 0.01076265 -0.01061588 0.00480246
v 0.01076744 -0.01059099 0.00045977
v 0.01079115 -0.01043842 0.00048348
v 0.01078357 -0.01049440 0.00480246
v 0.01074507 -0.01069758 0.00043740
v 0.01076265 -0.01061588 0.00480246
v 0.01073577 -0.01073618 0.00480246
v 0.01074507 -0.01069758 0.00043740
v 0.01076744 -0.01059099 0.00045977
v 0.01076265 -0.01061588 0.00480246
v 0.01070299 -0.01085501 0.00039532
v 0.01073577 -0.01073618 0.00480246
v 0.01070299 -0.01085501 0.00480246
v 0.01070299 -0.01085501 0.00039532
v 0.01074507 -0.01069758 0.00043740
v 0.01073577 -0.01073618 0.00480246
v 0.01070299 -0.01085501 0.00039532
v 0.01059176 -0.01121603 0.00028409
v 0.01031013 -0.01093440 0.00000246
v 0.01074507 -0.01069758 0.00043740
v 0.01076744 -0.01059099 0.00045977
v 0.01079115 -0.01043842 0.00048348
v 0.01080539 -0.01028478 0.00049772
v 0.01081013 -0.01013097 0.00050246
v 0.01031013 0.01050560 0.00000246
v 0.01081013 0.01000560 0.00050246
v 0.01081013 0.01000560 0.00050246
v 0.01031013 0.01050560 0.00000246
v 0.01031013 0.01050560 0.01631297
v 0.01081013 0.01000560 0.01631297
v 0.00953737 0.01000560 0.02106297
v 0.00953737 -0.00999440 0.02106297
v 0.00975407 -0.00999440 0.02066612
v 0.00975407 0.01000560 0.02066612
v 0.00995163 0.01000560 0.02025941
v 0.00975407 -0.00999440 0.02066612
v 0.00995163 -0.00999440 0.02025941
v 0.00995163 0.01000560 0.02025941
v 0.00995163 -0.00999440 0.02025941
v 0.01012963 -0.00999440 0.01984376
v 0.00975407 0.01000560 0.02066612
v 0.01012963 0.01000560 0.01984376
v 0.01028764 0.01000560 0.01942012
v 0.01012963 -0.00999440 0.01984376
v 0.01028764 -0.00999440 0.01942012
v 0.01012963 0.01000560 0.01984376
v 0.01042531 0.01000560 0.01898943
v 0.01028764 -0.00999440 0.01942012
v 0.01042531 -0.00999440 0.01898943
v 0.01028764 0.01000560 0.01942012
v 0.01054234 0.01000560 0.01855268
v 0.01042531 -0.00999440 0.01898943
v 0.01054234 -0.00999440 0.01855268
v 0.01042531 0.01000560 0.01898943
v 0.01063845 0.01000560 0.01811086
v 0.01054234 -0.00999440 0.01855268
v 0.01063845 -0.00999440 0.01811086
v 0.01063845 0.01000560 0.01811086
v 0.01063845 -0.00999440 0.01811086
v 0.01071343 -0.00999440 0.01766496
v 0.01054234 0.01000560 0.01855268
v 0.01071343 0.01000560 0.01766496
v 0.01076711 0.01000560 0.01721600
v 0.01071343 -0.00999440 0.01766496
v 0.01076711 -0.00999440 0.01721600
v 0.01071343 0.01000560 0.01766496
v 0.01079937 0.01000560 0.01676500
v 0.01076711 -0.00999440 0.01721600
v 0.01079937 -0.00999440 0.01676500
v 0.01079937 0.01000560 0.01676500
v 0.01079937 -0.00999440 0.01676500
v 0.01081013 -0.00999440 0.01631297
v 0.01076711 0.01000560 0.01721600
v 0.01081013 0.01000560 0.01631297
v 0.01081013 -0.00999440 0.00680246
v 0.01081013 -0.00999440 0.01631297
v 0.01031013 -0.01049440 0.01631297
v 0.01031013 -0.01049440 0.00680246
v 0.01078357 -0.01049440 0.00534715
v 0.01079603 -0.01039625 0.00546928
v 0.01065844 -0.01049440 0.00557139
v 0.01079603 -0.01039625 0.00546928
v 0.01080370 -0.01031024 0.00559941
v 0.01065844 -0.01049440 0.00557139
v 0.01051893 -0.01049440 0.00586466
v 0.01047680 -0.01046621 0.00604030
v 0.01045975 -0.01049440 0.00601449
v 0.01045975 -0.01049440 0.00601449
v 0.01047680 -0.01046621 0.00604030
v 0.01040268 -0.01049440 0.00618700
v 0.01065844 -0.01049440 0.00557139
v 0.01064346 -0.01039266 0.00578897
v 0.01057499 -0.01049440 0.00573910
v 0.01057499 -0.01049440 0.00573910
v 0.01064346 -0.01039266 0.00578897
v 0.01051893 -0.01049440 0.00586466
v 0.01080944 -0.01019023 0.00583425
v 0.01064346 -0.01039266 0.00578897
v 0.01080793 -0.01023607 0.00573522
v 0.01080793 -0.01023607 0.00573522
v 0.01080370 -0.01031024 0.00559941
v 0.01080370 -0.01031024 0.00559941
v 0.01064346 -0.01039266 0.00578897
v 0.01065844 -0.01049440 0.00557139
v 0.01040268 -0.01049440 0.00618700
v 0.01047680 -0.01040599 0.00622540
v 0.01037538 -0.01049440 0.00628743
v 0.01047680 -0.01046621 0.00604030
v 0.01047680 -0.01040599 0.00622540
v 0.01040268 -0.01049440 0.00618700
v 0.01081013 -0.01013097 0.00598748
v 0.01064346 -0.01031019 0.00598168
v 0.01080944 -0.01019023 0.00583425
v 0.01051893 -0.01049440 0.00586466
v 0.01064346 -0.01031019 0.00598168
v 0.01047680 -0.01046621 0.00604030
v 0.01080944 -0.01019023 0.00583425
v 0.01064346 -0.01031019 0.00598168
v 0.01064346 -0.01039266 0.00578897
v 0.01064346 -0.01039266 0.00578897
v 0.01064346 -0.01031019 0.00598168
v 0.01051893 -0.01049440 0.00586466
v 0.01037538 -0.01049440 0.00628743
v 0.01047680 -0.01036263 0.00641514
v 0.01033971 -0.01049440 0.00645726
v 0.01047680 -0.01040599 0.00622540
v 0.01047680 -0.01036263 0.00641514
v 0.01037538 -0.01049440 0.00628743
v 0.01081013 -0.01006439 0.00621504
v 0.01064346 -0.01024535 0.00618100
v 0.01081013 -0.01009498 0.00610047
v 0.01081013 -0.01009498 0.00610047
v 0.01064346 -0.01024535 0.00618100
v 0.01081013 -0.01013097 0.00598748
v 0.01047680 -0.01046621 0.00604030
v 0.01064346 -0.01024535 0.00618100
v 0.01047680 -0.01040599 0.00622540
v 0.01064346 -0.01031019 0.00598168
v 0.01081013 -0.01013097 0.00598748
v 0.01033971 -0.01049440 0.00645726
v 0.01047680 -0.01033648 0.00660802
v 0.01031765 -0.01049440 0.00662955
v 0.01031765 -0.01049440 0.00662955
v 0.01047680 -0.01033648 0.00660802
v 0.01031013 -0.01049440 0.00680246
v 0.01081013 -0.00999440 0.00680246
v 0.01047680 -0.01036263 0.00641514
v 0.01047680 -0.01033648 0.00660802
v 0.01033971 -0.01049440 0.00645726
v 0.01081013 -0.01001967 0.00644788
v 0.01064346 -0.01019865 0.00638535
v 0.01081013 -0.01003927 0.00633093
v 0.01081013 -0.01003927 0.00633093
v 0.01064346 -0.01019865 0.00638535
v 0.01081013 -0.01006439 0.00621504
v 0.01081013 -0.01006439 0.00621504
v 0.01064346 -0.01019865 0.00638535
v 0.01064346 -0.01024535 0.00618100
v 0.01064346 -0.01024535 0.00618100
v 0.01064346 -0.01019865 0.00638535
v 0.01047680 -0.01040599 0.00622540
v 0.01047680 -0.01036263 0.00641514
v 0.01081013 -0.00999440 0.00680246
v 0.01064346 -0.01017048 0.00659306
v 0.01081013 -0.00999721 0.00668391
v 0.01081013 -0.00999721 0.00668391
v 0.01064346 -0.01017048 0.00659306
v 0.01081013 -0.01000564 0.00656563
v 0.01081013 -0.01000564 0.00656563
v 0.01064346 -0.01017048 0.00659306
v 0.01081013 -0.01001967 0.00644788
v 0.01064346 -0.01019865 0.00638535
v 0.01064346 -0.01017048 0.00659306
v 0.01047680 -0.01036263 0.00641514
v 0.01081013 -0.01001967 0.00644788
v 0.01064346 -0.01017048 0.00659306
v 0.01064346 -0.01019865 0.00638535
v 0.01047680 -0.01033648 0.00660802
v 0.01064346 -0.01017048 0.00659306
v 0.00802895 -0.01739440 0.00480246
v 0.00802895 -0.01739440 0.00100246
v 0.00877048 -0.01589864 0.00100246
v 0.00881245 -0.01580870 0.00480246
v 0.00877048 -0.01589864 0.00100246
v 0.00944469 -0.01437136 0.00100246
v 0.00881245 -0.01580870 0.00480246
v 0.01070299 -0.01085501 0.00039532
v 0.01058599 -0.01123440 0.00030246
v 0.01059176 -0.01121603 0.00028409
v 0.01058599 -0.01123440 0.00100246
v 0.01058599 -0.01123440 0.00030246
v 0.01070299 -0.01085501 0.00039532
v 0.00952031 -0.01418782 0.00480246
v 0.00944469 -0.01437136 0.00100246
v 0.01005027 -0.01281559 0.00100246
v 0.00952031 -0.01418782 0.00480246
v 0.00881245 -0.01580870 0.00480246
v 0.00944469 -0.01437136 0.00100246
v 0.01015096 -0.01253536 0.00480246
v 0.01005027 -0.01281559 0.00100246
v 0.01058599 -0.01123440 0.00100246
v 0.01015096 -0.01253536 0.00480246
v 0.01070299 -0.01085501 0.00480246
v 0.01015096 -0.01253536 0.00480246
v 0.01058599 -0.01123440 0.00100246
v 0.01070299 -0.01085501 0.00480246
v 0.00551013 -0.01049440 0.02811015
v 0.00551013 -0.01049440 0.04350246
v 0.00101013 -0.01049440 0.04350246
v 0.00101013 -0.01049440 0.02650246
v 0.00551466 -0.01049440 0.02791983
v 0.00552824 -0.01049440 0.02772993
v 0.00555084 -0.01049440 0.02754089
v 0.00558242 -0.01049440 0.02735315
v 0.00562288 -0.01049440 0.02716712
v 0.00101296 -0.01049440 0.02638350
v 0.00102145 -0.01049440 0.02626482
v 0.00103558 -0.01049440 0.02614667
v 0.00105531 -0.01049440 0.02602933
v 0.00108060 -0.01049440 0.02591306
v 0.00111140 -0.01049440 0.02579813
v 0.00567216 -0.01049440 0.02698322
v 0.00114763 -0.01049440 0.02568479
v 0.00118921 -0.01049440 0.02557330
v 0.00123605 -0.01049440 0.02546392
v 0.00128804 -0.01049440 0.02535689
v 0.00134507 -0.01049440 0.02525246
v 0.00573013 -0.01049440 0.02680188
v 0.00579666 -0.01049440 0.02662350
v 0.00587160 -0.01049440 0.02644849
v 0.00595479 -0.01049440 0.02627725
v 0.00604603 -0.01049440 0.02611015
v 0.00520724 -0.01049440 0.01856297
v 0.00930965 -0.01049440 0.02043701
v 0.00910436 -0.01049440 0.02081297
v 0.00530989 -0.01049440 0.01837499
v 0.00540347 -0.01049440 0.01818234
v 0.00949682 -0.01049440 0.02005171
v 0.00966544 -0.01049440 0.01965793
v 0.00548779 -0.01049440 0.01798545
v 0.00556263 -0.01049440 0.01778478
v 0.00981514 -0.01049440 0.01925658
v 0.00994557 -0.01049440 0.01884856
v 0.00562785 -0.01049440 0.01758077
v 0.00568328 -0.01049440 0.01737389
v 0.01005643 -0.01049440 0.01843480
v 0.00572881 -0.01049440 0.01716460
v 0.01014749 -0.01049440 0.01801623
v 0.01021852 -0.01049440 0.01759380
v 0.00576433 -0.01049440 0.01695339
v 0.01026938 -0.01049440 0.01716847
v 0.00578975 -0.01049440 0.01674072
v 0.00580503 -0.01049440 0.01652709
v 0.01029994 -0.01049440 0.01674121
v 0.00581013 -0.01049440 0.01631297
v 0.01031013 -0.01049440 0.01631297
v 0.00581013 -0.01049440 0.01150246
v 0.01031013 -0.01049440 0.00680246
v 0.00580471 -0.01049440 0.01128165
v 0.00578846 -0.01049440 0.01106138
v 0.00576142 -0.01049440 0.01084217
v 0.00572366 -0.01049440 0.01062455
v 0.00567527 -0.01049440 0.01040905
v 0.00561636 -0.01049440 0.01019618
v 0.01078357 -0.01049440 0.00480246
v 0.01078357 -0.01049440 0.00534715
v 0.01065844 -0.01049440 0.00557139
v 0.01057499 -0.01049440 0.00573910
v 0.01051893 -0.01049440 0.00586466
v 0.00554708 -0.01049440 0.00998645
v 0.00546759 -0.01049440 0.00978038
v 0.00537808 -0.01049440 0.00957846
v 0.00527878 -0.01049440 0.00938117
v 0.00516991 -0.01049440 0.00918900
v 0.00505174 -0.01049440 0.00900239
v 0.00492456 -0.01049440 0.00882181
v 0.00478868 -0.01049440 0.00864769
v 0.01031765 -0.01049440 0.00662955
v 0.00464441 -0.01049440 0.00848044
v 0.01033971 -0.01049440 0.00645726
v 0.00449211 -0.01049440 0.00832048
v 0.00433215 -0.01049440 0.00816818
v 0.01040268 -0.01049440 0.00618700
v 0.01037538 -0.01049440 0.00628743
v 0.00416490 -0.01049440 0.00802391
v 0.01045975 -0.01049440 0.00601449
v 0.00399078 -0.01049440 0.00788802
v 0.00381020 -0.01049440 0.00776085
v 0.00362359 -0.01049440 0.00764268
v 0.00343141 -0.01049440 0.00753381
v 0.00323413 -0.01049440 0.00743451
v 0.00303220 -0.01049440 0.00734500
v 0.00282613 -0.01049440 0.00726551
v 0.00261641 -0.01049440 0.00719623
v 0.00240354 -0.01049440 0.00713732
v 0.00218804 -0.01049440 0.00708893
v -0.00227401 -0.01049440 0.00480246
v 0.00197042 -0.01049440 0.00705117
v 0.00175121 -0.01049440 0.00702413
v 0.00153093 -0.01049440 0.00700788
v 0.00131013 -0.01049440 0.00700246
v -0.00227401 -0.01049440 0.00700246
v 0.00759286 -0.01799137 0.00480246
v 0.00767756 -0.01790128 0.00480246
v 0.00750380 -0.01807717 0.00480246
v 0.00731352 -0.01823503 0.00480246
v 0.00741061 -0.01815845 0.00480246
v 0.00710858 -0.01837332 0.00480246
v 0.00721276 -0.01830671 0.00480246
v 0.00790354 -0.01760747 0.00480246
v 0.00796888 -0.01750249 0.00480246
v 0.00783309 -0.01770910 0.00480246
v 0.00700123 -0.01843470 0.00480246
v 0.00654553 -0.01862509 0.00480246
v 0.00677809 -0.01854118 0.00480246
v 0.00666285 -0.01858601 0.00480246
v 0.00689098 -0.01849070 0.00480246
v 0.00775770 -0.01780711 0.00480246
v 0.00642642 -0.01865832 0.00480246
v 0.00618401 -0.01870692 0.00480246
v 0.00630582 -0.01868562 0.00480246
v 0.00881245 -0.01580870 0.00480246
v 0.00581436 -0.01873440 0.00480246
v 0.00802895 -0.01739440 0.00480246
v 0.00606130 -0.01872217 0.00480246
v 0.00593798 -0.01873134 0.00480246
v 0.01073577 -0.01073618 0.00480246
v 0.01078357 -0.01049440 0.00480246
v 0.01070299 -0.01085501 0.00480246
v 0.01076265 -0.01061588 0.00480246
v -0.00379653 -0.01873068 0.00480246
v -0.00409367 -0.01870099 0.00480246
v -0.00394547 -0.01871954 0.00480246
v -0.00364722 -0.01873440 0.00480246
v -0.00424076 -0.01867510 0.00480246
v -0.00438639 -0.01864191 0.00480246
v -0.00453018 -0.01860152 0.00480246
v -0.00481084 -0.01849953 0.00480246
v -0.00467178 -0.01855402 0.00480246
v -0.00520938 -0.01829558 0.00480246
v -0.00545627 -0.01812758 0.00480246
v -0.00533492 -0.01821465 0.00480246
v -0.00507998 -0.01837015 0.00480246
v -0.00494702 -0.01843819 0.00480246
v -0.00568523 -0.01793588 0.00480246
v -0.00557314 -0.01803458 0.00480246
v -0.00579227 -0.01783172 0.00480246
v -0.00589400 -0.01772236 0.00480246
v -0.00599015 -0.01760807 0.00480246
v -0.00608050 -0.01748914 0.00480246
v -0.00616482 -0.01736586 0.00480246
v -0.00624290 -0.01723854 0.00480246
v -0.00637958 -0.01697304 0.00480246
v -0.00631454 -0.01710749 0.00480246
v -0.00653348 -0.01655262 0.00480246
v -0.00643784 -0.01683551 0.00480246
v -0.00648918 -0.01669526 0.00480246
v -0.00660053 -0.01626163 0.00480246
v -0.00657063 -0.01640796 0.00480246
v -0.00663831 -0.01596541 0.00480246
v -0.00662311 -0.01611399 0.00480246
v -0.00664646 -0.01566690 0.00480246
v -0.00664610 -0.01581625 0.00480246
v -0.00663938 -0.01551771 0.00480246
v -0.00662489 -0.01536906 0.00480246
v -0.00660302 -0.01522131 0.00480246
v -0.00653736 -0.01493000 0.00480246
v -0.00657382 -0.01507484 0.00480246
v -0.00227401 -0.01049440 0.00480246
v 0.01015096 -0.01253536 0.00480246
v 0.00952031 -0.01418782 0.00480246
v -0.00638547 -0.01450885 0.00480246
v -0.00649375 -0.01478715 0.00480246
v -0.00644307 -0.01464665 0.00480246
v -0.00237352 -0.01049109 0.00480246
v -0.00247259 -0.01048120 0.00480246
v -0.00257078 -0.01046475 0.00480246
v -0.00266767 -0.01044182 0.00480246
v -0.00276282 -0.01041252 0.00480246
v -0.00285582 -0.01037697 0.00480246
v -0.00294626 -0.01033533 0.00480246
v -0.00303373 -0.01028778 0.00480246
v -0.00311786 -0.01023453 0.00480246
v -0.00319827 -0.01017582 0.00480246
v -0.00327461 -0.01011190 0.00480246
v -0.00334654 -0.01004306 0.00480246
v -0.00341374 -0.00996960 0.00480246
v -0.00347592 -0.00989184 0.00480246
v -0.00353281 -0.00981013 0.00480246
v -0.00358415 -0.00972483 0.00480246
v -0.00362972 -0.00963631 0.00480246
v -0.00366932 -0.00954495 0.00480246
v -0.00370277 -0.00945118 0.00480246
v -0.00372993 -0.00935539 0.00480246
v -0.00375067 -0.00925801 0.00480246
v -0.00376490 -0.00915947 0.00480246
v -0.00377257 -0.00906020 0.00480246
v -0.00377363 -0.00896065 0.00480246
v -0.00376809 -0.00886124 0.00480246
v -0.00375596 -0.00876242 0.00480246
v -0.00373731 -0.00866462 0.00480246
v -0.00371221 -0.00856827 0.00480246
v -0.00364314 -0.00838162 0.00480246
v -0.00368077 -0.00847380 0.00480246
v 0.01031013 -0.01093440 0.00000246
v 0.01059176 -0.01121603 0.00028409
v 0.01058599 -0.01123440 0.00030246
v -0.00491994 -0.01123440 0.00030246
v -0.00478567 -0.01093440 0.00000246
v 0.00399996 0.00869543 0.00000246
v 0.00581013 0.01050560 0.00000246
v 0.01031013 0.01050560 0.00000246
v 0.01031013 -0.01093440 0.00000246
v -0.00478567 -0.01093440 0.00000246
v 0.00551013 0.01050560 0.04350246
v 0.00551013 0.01050560 0.02811015
v 0.00101013 0.01050560 0.04350246
v 0.00562288 0.01050560 0.02716712
v 0.00101013 0.01050560 0.02650246
v 0.00558242 0.01050560 0.02735315
v 0.00555084 0.01050560 0.02754089
v 0.00552824 0.01050560 0.02772993
v 0.00551466 0.01050560 0.02791983
v 0.00101296 0.01050560 0.02638350
v 0.00102145 0.01050560 0.02626482
v 0.00103558 0.01050560 0.02614667
v 0.00105531 0.01050560 0.02602933
v 0.00108060 0.01050560 0.02591306
v 0.00111140 0.01050560 0.02579813
v 0.00567216 0.01050560 0.02698322
v 0.00114763 0.01050560 0.02568479
v 0.00118921 0.01050560 0.02557330
v 0.00123605 0.01050560 0.02546392
v 0.00128804 0.01050560 0.02535689
v 0.00604603 0.01050560 0.02611015
v 0.00134507 0.01050560 0.02525246
v 0.00595479 0.01050560 0.02627725
v 0.00587160 0.01050560 0.02644849
v 0.00579666 0.01050560 0.02662350
v 0.00573013 0.01050560 0.02680188
v 0.00520724 0.01050560 0.01856297
v 0.00930965 0.01050560 0.02043701
v 0.00910436 0.01050560 0.02081297
v 0.00530989 0.01050560 0.01837499
v 0.00949682 0.01050560 0.02005171
v 0.00540347 0.01050560 0.01818234
v 0.00966544 0.01050560 0.01965793
v 0.00548779 0.01050560 0.01798545
v 0.00981514 0.01050560 0.01925658
v 0.00556263 0.01050560 0.01778478
v 0.01005643 0.01050560 0.01843480
v 0.00562785 0.01050560 0.01758077
v 0.00994557 0.01050560 0.01884856
v 0.01014749 0.01050560 0.01801623
v 0.00568328 0.01050560 0.01737389
v 0.00572881 0.01050560 0.01716460
v 0.01026938 0.01050560 0.01716847
v 0.00576433 0.01050560 0.01695339
v 0.01021852 0.01050560 0.01759380
v 0.01029994 0.01050560 0.01674121
v 0.00578975 0.01050560 0.01674072
v 0.00580503 0.01050560 0.01652709
v 0.01031013 0.01050560 0.01631297
v 0.00581013 0.01050560 0.01631297
v 0.00581013 0.01050560 0.01150246
v 0.01031013 0.01050560 0.00000246
v 0.00581013 0.01050560 0.00000246
v 0.01079937 0.01000560 0.01676500
v 0.01081013 0.01000560 0.01631297
v 0.01031013 0.01050560 0.01631297
v 0.01029994 0.01050560 0.01674121
v 0.01076711 0.01000560 0.01721600
v 0.01029994 0.01050560 0.01674121
v 0.01026938 0.01050560 0.01716847
v 0.01079937 0.01000560 0.01676500
v 0.01071343 0.01000560 0.01766496
v 0.01026938 0.01050560 0.01716847
v 0.01021852 0.01050560 0.01759380
v 0.01076711 0.01000560 0.01721600
v 0.01063845 0.01000560 0.01811086
v 0.01021852 0.01050560 0.01759380
v 0.01014749 0.01050560 0.01801623
v 0.01071343 0.01000560 0.01766496
v 0.01054234 0.01000560 0.01855268
v 0.01014749 0.01050560 0.01801623
v 0.01005643 0.01050560 0.01843480
v 0.01063845 0.01000560 0.01811086
v 0.01042531 0.01000560 0.01898943
v 0.01005643 0.01050560 0.01843480
v 0.00994557 0.01050560 0.01884856
v 0.01054234 0.01000560 0.01855268
v 0.01028764 0.01000560 0.01942012
v 0.00994557 0.01050560 0.01884856
v 0.00981514 0.01050560 0.01925658
v 0.01042531 0.01000560 0.01898943
v 0.01012963 0.01000560 0.01984376
v 0.00981514 0.01050560 0.01925658
v 0.00966544 0.01050560 0.01965793
v 0.01028764 0.01000560 0.01942012
v 0.00995163 0.01000560 0.02025941
v 0.00966544 0.01050560 0.01965793
v 0.00949682 0.01050560 0.02005171
v 0.01012963 0.01000560 0.01984376
v 0.00975407 0.01000560 0.02066612
v 0.00949682 0.01050560 0.02005171
v 0.00930965 0.01050560 0.02043701
v 0.00995163 0.01000560 0.02025941
v 0.00953737 0.01000560 0.02106297
v 0.00930965 0.01050560 0.02043701
v 0.00910436 0.01050560 0.02081297
v 0.00975407 0.01000560 0.02066612
v 0.00953737 -0.00999440 0.02106297
v 0.00647904 0.01000560 0.02636015
v 0.00647904 -0.00999440 0.02636015
v 0.00953737 0.01000560 0.02106297
v 0.00953737 -0.00999440 0.02106297
v 0.00910436 -0.01049440 0.02081297
v 0.00930965 -0.01049440 0.02043701
v 0.00975407 -0.00999440 0.02066612
v 0.00930965 -0.01049440 0.02043701
v 0.00949682 -0.01049440 0.02005171
v 0.00975407 -0.00999440 0.02066612
v 0.00995163 -0.00999440 0.02025941
v 0.00949682 -0.01049440 0.02005171
v 0.00966544 -0.01049440 0.01965793
v 0.00995163 -0.00999440 0.02025941
v 0.01012963 -0.00999440 0.01984376
v 0.00966544 -0.01049440 0.01965793
v 0.00981514 -0.01049440 0.01925658
v 0.01012963 -0.00999440 0.01984376
v 0.01028764 -0.00999440 0.01942012
v 0.01042531 -0.00999440 0.01898943
v 0.00981514 -0.01049440 0.01925658
v 0.00994557 -0.01049440 0.01884856
v 0.01028764 -0.00999440 0.01942012
v 0.01054234 -0.00999440 0.01855268
v 0.00994557 -0.01049440 0.01884856
v 0.01005643 -0.01049440 0.01843480
v 0.01042531 -0.00999440 0.01898943
v 0.01063845 -0.00999440 0.01811086
v 0.01005643 -0.01049440 0.01843480
v 0.01014749 -0.01049440 0.01801623
v 0.01063845 -0.00999440 0.01811086
v 0.01014749 -0.01049440 0.01801623
v 0.01021852 -0.01049440 0.01759380
v 0.01054234 -0.00999440 0.01855268
v 0.01071343 -0.00999440 0.01766496
v 0.01076711 -0.00999440 0.01721600
v 0.01021852 -0.01049440 0.01759380
v 0.01026938 -0.01049440 0.01716847
v 0.01071343 -0.00999440 0.01766496
v 0.01079937 -0.00999440 0.01676500
v 0.01026938 -0.01049440 0.01716847
v 0.01029994 -0.01049440 0.01674121
v 0.01076711 -0.00999440 0.01721600
v 0.01081013 -0.00999440 0.01631297
v 0.01029994 -0.01049440 0.01674121
v 0.01031013 -0.01049440 0.01631297
v 0.01079937 -0.00999440 0.01676500
v 0.00581436 -0.01873440 0.00480246
v 0.00581436 -0.01873440 0.00000246
v 0.00593597 -0.01873144 0.00000246
v 0.00593798 -0.01873134 0.00480246
v 0.00593597 -0.01873144 0.00000246
v 0.00605729 -0.01872257 0.00000246
v 0.00593798 -0.01873134 0.00480246
v 0.00606130 -0.01872217 0.00480246
v 0.00605729 -0.01872257 0.00000246
v 0.00617803 -0.01870781 0.00000246
v 0.00606130 -0.01872217 0.00480246
v 0.00618401 -0.01870692 0.00480246
v 0.00617803 -0.01870781 0.00000246
v 0.00629792 -0.01868719 0.00000246
v 0.00618401 -0.01870692 0.00480246
v 0.00630582 -0.01868562 0.00480246
v 0.00629792 -0.01868719 0.00000246
v 0.00641666 -0.01866076 0.00000246
v 0.00630582 -0.01868562 0.00480246
v 0.00642642 -0.01865832 0.00480246
v 0.00641666 -0.01866076 0.00000246
v 0.00653397 -0.01862859 0.00000246
v 0.00642642 -0.01865832 0.00480246
v 0.00654553 -0.01862509 0.00480246
v 0.00653397 -0.01862859 0.00000246
v 0.00664958 -0.01859076 0.00000246
v 0.00654553 -0.01862509 0.00480246
v 0.00642642 -0.01865832 0.00480246
v 0.00653397 -0.01862859 0.00000246
v 0.00666285 -0.01858601 0.00480246
v 0.00664958 -0.01859076 0.00000246
v 0.00676321 -0.01854734 0.00000246
v 0.00666285 -0.01858601 0.00480246
v 0.00654553 -0.01862509 0.00480246
v 0.00664958 -0.01859076 0.00000246
v 0.00677809 -0.01854118 0.00480246
v 0.00676321 -0.01854734 0.00000246
v 0.00687459 -0.01849845 0.00000246
v 0.00677809 -0.01854118 0.00480246
v 0.00689098 -0.01849070 0.00480246
v 0.00687459 -0.01849845 0.00000246
v 0.00698347 -0.01844419 0.00000246
v 0.00689098 -0.01849070 0.00480246
v 0.00677809 -0.01854118 0.00480246
v 0.00687459 -0.01849845 0.00000246
v 0.00700123 -0.01843470 0.00480246
v 0.00698347 -0.01844419 0.00000246
v 0.00708958 -0.01838471 0.00000246
v 0.00700123 -0.01843470 0.00480246
v 0.00689098 -0.01849070 0.00480246
v 0.00698347 -0.01844419 0.00000246
v 0.00710858 -0.01837332 0.00480246
v 0.00708958 -0.01838471 0.00000246
v 0.00719267 -0.01832013 0.00000246
v 0.00710858 -0.01837332 0.00480246
v 0.00700123 -0.01843470 0.00480246
v 0.00708958 -0.01838471 0.00000246
v 0.00721276 -0.01830671 0.00480246
v 0.00710858 -0.01837332 0.00480246
v 0.00719267 -0.01832013 0.00000246
v 0.00721276 -0.01830671 0.00480246
v 0.00719267 -0.01832013 0.00000246
v 0.00729249 -0.01825062 0.00000246
v 0.00731352 -0.01823503 0.00480246
v 0.00721276 -0.01830671 0.00480246
v 0.00729249 -0.01825062 0.00000246
v 0.00731352 -0.01823503 0.00480246
v 0.00729249 -0.01825062 0.00000246
v 0.00738882 -0.01817633 0.00000246
v 0.00741061 -0.01815845 0.00480246
v 0.00731352 -0.01823503 0.00480246
v 0.00738882 -0.01817633 0.00000246
v 0.00741061 -0.01815845 0.00480246
v 0.00738882 -0.01817633 0.00000246
v 0.00748141 -0.01809744 0.00000246
v 0.00750380 -0.01807717 0.00480246
v 0.00741061 -0.01815845 0.00480246
v 0.00748141 -0.01809744 0.00000246
v 0.00750380 -0.01807717 0.00480246
v 0.00748141 -0.01809744 0.00000246
v 0.00757007 -0.01801415 0.00000246
v 0.00759286 -0.01799137 0.00480246
v 0.00750380 -0.01807717 0.00480246
v 0.00757007 -0.01801415 0.00000246
v 0.00759286 -0.01799137 0.00480246
v 0.00757007 -0.01801415 0.00000246
v 0.00765456 -0.01792664 0.00000246
v 0.00767756 -0.01790128 0.00480246
v 0.00765456 -0.01792664 0.00000246
v 0.00773470 -0.01783512 0.00000246
v 0.00767756 -0.01790128 0.00480246
v 0.00759286 -0.01799137 0.00480246
v 0.00765456 -0.01792664 0.00000246
v 0.00775770 -0.01780711 0.00480246
v 0.00773470 -0.01783512 0.00000246
v 0.00781029 -0.01773982 0.00000246
v 0.00775770 -0.01780711 0.00480246
v 0.00767756 -0.01790128 0.00480246
v 0.00773470 -0.01783512 0.00000246
v 0.00783309 -0.01770910 0.00480246
v 0.00781029 -0.01773982 0.00000246
v 0.00788115 -0.01764095 0.00000246
v 0.00783309 -0.01770910 0.00480246
v 0.00775770 -0.01780711 0.00480246
v 0.00781029 -0.01773982 0.00000246
v 0.00794712 -0.01753875 0.00100246
v 0.00788115 -0.01764095 0.00000246
v 0.00794712 -0.01753875 0.00000246
v 0.00790354 -0.01760747 0.00480246
v 0.00790354 -0.01760747 0.00480246
v 0.00783309 -0.01770910 0.00480246
v 0.00788115 -0.01764095 0.00000246
v 0.00796888 -0.01750249 0.00480246
v 0.00794712 -0.01753875 0.00100246
v 0.00797546 -0.01749124 0.00100246
v 0.00796888 -0.01750249 0.00480246
v 0.00797546 -0.01749124 0.00100246
v 0.00800274 -0.01744312 0.00100246
v 0.00796888 -0.01750249 0.00480246
v 0.00790354 -0.01760747 0.00480246
v 0.00794712 -0.01753875 0.00100246
v 0.00802895 -0.01739440 0.00480246
v 0.00800274 -0.01744312 0.00100246
v 0.00802895 -0.01739440 0.00100246
v 0.00802895 -0.01739440 0.00480246
v 0.00797494 -0.01745932 0.00100246
v 0.00797546 -0.01749124 0.00100246
v 0.00794712 -0.01753875 0.00100246
v 0.00800274 -0.01744312 0.00100246
v 0.00796763 -0.01737549 0.00100246
v 0.00802895 -0.01739440 0.00100246
v 0.00792648 -0.01730208 0.00100246
v 0.00877048 -0.01589864 0.00100246
v 0.00785877 -0.01725210 0.00100246
v 0.00777650 -0.01723440 0.00100246
v -0.00611698 -0.01743741 0.00100246
v -0.00606649 -0.01738747 0.00100246
v -0.00606778 -0.01747566 0.00100246
v -0.00603100 -0.01755583 0.00100246
v -0.00619710 -0.01731495 0.00100246
v -0.00602740 -0.01730841 0.00100246
v -0.00627114 -0.01718871 0.00100246
v -0.00595811 -0.01725385 0.00100246
v -0.00633894 -0.01705902 0.00100246
v -0.00587208 -0.01723440 0.00100246
v -0.00640033 -0.01692618 0.00100246
v -0.00645518 -0.01679051 0.00100246
v -0.00650334 -0.01665232 0.00100246
v -0.00654471 -0.01651194 0.00100246
v -0.00657918 -0.01636971 0.00100246
v -0.00660667 -0.01622598 0.00100246
v -0.00662712 -0.01608107 0.00100246
v -0.00664048 -0.01593534 0.00100246
v -0.00664672 -0.01578913 0.00100246
v -0.00664582 -0.01564279 0.00100246
v -0.00663778 -0.01549667 0.00100246
v -0.00662263 -0.01535111 0.00100246
v -0.00660040 -0.01520647 0.00100246
v -0.00657114 -0.01506308 0.00100246
v -0.00653493 -0.01492129 0.00100246
v -0.00649184 -0.01478143 0.00100246
v -0.00644198 -0.01464384 0.00100246
v -0.00638547 -0.01450885 0.00100246
v -0.00491994 -0.01123440 0.00100246
v 0.01058599 -0.01123440 0.00100246
v 0.01005027 -0.01281559 0.00100246
v 0.00944469 -0.01437136 0.00100246
v -0.00491994 -0.01123440 0.00100246
v 0.01058599 -0.01123440 0.00030246
v 0.01058599 -0.01123440 0.00100246
v -0.00491994 -0.01123440 0.00030246
v 0.00910436 -0.01049440 0.02081297
v 0.00953737 -0.00999440 0.02106297
v 0.00647904 -0.00999440 0.02636015
v 0.00604603 -0.01049440 0.02611015
v 0.00551466 -0.01049440 0.02791983
v 0.00577440 -0.01024440 0.02778332
v 0.00551013 -0.01049440 0.02811015
v 0.00552824 -0.01049440 0.02772993
v 0.00577440 -0.01024440 0.02778332
v 0.00551466 -0.01049440 0.02791983
v 0.00555084 -0.01049440 0.02754089
v 0.00577440 -0.01024440 0.02778332
v 0.00552824 -0.01049440 0.02772993
v 0.00551013 -0.01049440 0.02811015
v 0.00577440 -0.01024440 0.02778332
v 0.00601013 -0.00999440 0.02811015
v 0.00601013 -0.00999440 0.02811015
v 0.00577440 -0.01024440 0.02778332
v 0.00601409 -0.00999440 0.02794362
v 0.00601409 -0.00999440 0.02794362
v 0.00577440 -0.01024440 0.02778332
v 0.00602598 -0.00999440 0.02777746
v 0.00602598 -0.00999440 0.02777746
v 0.00604575 -0.00999440 0.02761205
v 0.00558242 -0.01049440 0.02735315
v 0.00581710 -0.01024440 0.02745897
v 0.00555084 -0.01049440 0.02754089
v 0.00562288 -0.01049440 0.02716712
v 0.00581710 -0.01024440 0.02745897
v 0.00558242 -0.01049440 0.02735315
v 0.00604575 -0.00999440 0.02761205
v 0.00607338 -0.00999440 0.02744777
v 0.00607338 -0.00999440 0.02744777
v 0.00581710 -0.01024440 0.02745897
v 0.00610879 -0.00999440 0.02728500
v 0.00555084 -0.01049440 0.02754089
v 0.00581710 -0.01024440 0.02745897
v 0.00577440 -0.01024440 0.02778332
v 0.00577440 -0.01024440 0.02778332
v 0.00581710 -0.01024440 0.02745897
v 0.00604575 -0.00999440 0.02761205
v 0.00567216 -0.01049440 0.02698322
v 0.00588791 -0.01024440 0.02713958
v 0.00562288 -0.01049440 0.02716712
v 0.00610879 -0.00999440 0.02728500
v 0.00615190 -0.00999440 0.02712409
v 0.00588791 -0.01024440 0.02713958
v 0.00588791 -0.01024440 0.02713958
v 0.00573013 -0.01049440 0.02680188
v 0.00598628 -0.01024440 0.02682758
v 0.00567216 -0.01049440 0.02698322
v 0.00579666 -0.01049440 0.02662350
v 0.00598628 -0.01024440 0.02682758
v 0.00573013 -0.01049440 0.02680188
v 0.00615190 -0.00999440 0.02712409
v 0.00598628 -0.01024440 0.02682758
v 0.00620263 -0.00999440 0.02696542
v 0.00620263 -0.00999440 0.02696542
v 0.00626084 -0.00999440 0.02680934
v 0.00588791 -0.01024440 0.02713958
v 0.00598628 -0.01024440 0.02682758
v 0.00615190 -0.00999440 0.02712409
v 0.00588791 -0.01024440 0.02713958
v 0.00587160 -0.01049440 0.02644849
v 0.00611148 -0.01024440 0.02652534
v 0.00579666 -0.01049440 0.02662350
v 0.00595479 -0.01049440 0.02627725
v 0.00611148 -0.01024440 0.02652534
v 0.00587160 -0.01049440 0.02644849
v 0.00604603 -0.01049440 0.02611015
v 0.00611148 -0.01024440 0.02652534
v 0.00595479 -0.01049440 0.02627725
v 0.00626084 -0.00999440 0.02680934
v 0.00632642 -0.00999440 0.02665620
v 0.00632642 -0.00999440 0.02665620
v 0.00639921 -0.00999440 0.02650636
v 0.00639921 -0.00999440 0.02650636
v 0.00611148 -0.01024440 0.02652534
v 0.00647904 -0.00999440 0.02636015
v 0.00647904 -0.00999440 0.02636015
v 0.00611148 -0.01024440 0.02652534
v 0.00604603 -0.01049440 0.02611015
v 0.00598628 -0.01024440 0.02682758
v 0.00611148 -0.01024440 0.02652534
v 0.00626084 -0.00999440 0.02680934
v 0.00579666 -0.01049440 0.02662350
v 0.00611148 -0.01024440 0.02652534
v 0.00598628 -0.01024440 0.02682758
v 0.00551013 -0.01049440 0.02811015
v 0.00601013 -0.00999440 0.02811015
v 0.00601013 -0.00999440 0.04350246
v 0.00551013 -0.01049440 0.04350246
v 0.00101013 -0.01049440 0.04350246
v 0.00551013 -0.01049440 0.04350246
v 0.00551013 -0.01049079 0.04364966
v 0.00100588 -0.01049015 0.04366201
v 0.00551013 -0.01049079 0.04364966
v 0.00551013 -0.01047995 0.04379651
v 0.00100588 -0.01049015 0.04366201
v 0.00101013 -0.01049440 0.04350246
v 0.00551013 -0.01049079 0.04364966
v 0.00099299 -0.01047726 0.04382270
v 0.00551013 -0.01047995 0.04379651
v 0.00551013 -0.01046193 0.04394265
v 0.00099299 -0.01047726 0.04382270
v 0.00100588 -0.01049015 0.04366201
v 0.00551013 -0.01047995 0.04379651
v 0.00096808 -0.01045235 0.04400299
v 0.00551013 -0.01046193 0.04394265
v 0.00551013 -0.01043676 0.04408773
v 0.00096808 -0.01045235 0.04400299
v 0.00099299 -0.01047726 0.04382270
v 0.00551013 -0.01046193 0.04394265
v 0.00093540 -0.01041967 0.04416789
v 0.00551013 -0.01043676 0.04408773
v 0.00551013 -0.01040449 0.04423140
v 0.00093540 -0.01041967 0.04416789
v 0.00096808 -0.01045235 0.04400299
v 0.00551013 -0.01043676 0.04408773
v 0.00089715 -0.01038142 0.04431801
v 0.00551013 -0.01040449 0.04423140
v 0.00551013 -0.01036522 0.04437331
v 0.00089715 -0.01038142 0.04431801
v 0.00093540 -0.01041967 0.04416789
v 0.00551013 -0.01040449 0.04423140
v 0.00085515 -0.01033942 0.04445422
v 0.00551013 -0.01036522 0.04437331
v 0.00551013 -0.01031903 0.04451313
v 0.00085515 -0.01033942 0.04445422
v 0.00089715 -0.01038142 0.04431801
v 0.00551013 -0.01036522 0.04437331
v 0.00081091 -0.01029518 0.04457747
v 0.00551013 -0.01031903 0.04451313
v 0.00551013 -0.01026604 0.04465051
v 0.00081091 -0.01029518 0.04457747
v 0.00085515 -0.01033942 0.04445422
v 0.00551013 -0.01031903 0.04451313
v 0.00076560 -0.01024987 0.04468878
v 0.00551013 -0.01026604 0.04465051
v 0.00551013 -0.01020637 0.04478513
v 0.00076560 -0.01024987 0.04468878
v 0.00081091 -0.01029518 0.04457747
v 0.00551013 -0.01026604 0.04465051
v 0.00072018 -0.01020444 0.04478918
v 0.00067534 -0.01015961 0.04487965
v 0.00072018 -0.01020444 0.04478918
v 0.00551013 -0.01020637 0.04478513
v 0.00067534 -0.01015961 0.04487965
v 0.00551013 -0.01020637 0.04478513
v 0.00551013 -0.01014016 0.04491665
v 0.00059490 -0.01007917 0.04502528
v 0.00067534 -0.01015961 0.04487965
v 0.00551013 -0.01014016 0.04491665
v 0.00059490 -0.01007917 0.04502528
v 0.00551013 -0.01014016 0.04491665
v 0.00551013 -0.01006758 0.04504477
v 0.00051188 -0.00999615 0.04515813
v 0.00059490 -0.01007917 0.04502528
v 0.00551013 -0.01006758 0.04504477
v 0.00051188 -0.00999615 0.04515813
v 0.00551013 -0.01006758 0.04504477
v 0.00551013 -0.00998881 0.04516917
v 0.00042129 -0.00990556 0.04528749
v 0.00551013 -0.00990402 0.04528956
v 0.00551013 -0.00981343 0.04540564
v 0.00042129 -0.00990556 0.04528749
v 0.00551013 -0.00998881 0.04516917
v 0.00551013 -0.00990402 0.04528956
v 0.00042129 -0.00990556 0.04528749
v 0.00051188 -0.00999615 0.04515813
v 0.00551013 -0.00998881 0.04516917
v 0.00031826 -0.00980253 0.04541884
v 0.00031826 -0.00980253 0.04541884
v 0.00551013 -0.00981343 0.04540564
v 0.00551013 -0.00971725 0.04551714
v 0.00021058 -0.00969485 0.04554158
v 0.00031826 -0.00980253 0.04541884
v 0.00551013 -0.00971725 0.04551714
v 0.00021058 -0.00969485 0.04554158
v 0.00551013 -0.00971725 0.04551714
v 0.00551013 -0.00961572 0.04562378
v 0.00011222 -0.00959649 0.04564284
v 0.00551013 -0.00961572 0.04562378
v 0.00551013 -0.00950908 0.04572531
v 0.00011222 -0.00959649 0.04564284
v 0.00021058 -0.00969485 0.04554158
v 0.00551013 -0.00961572 0.04562378
v 0.00001013 -0.00949440 0.04573853
v 0.00551013 -0.00950908 0.04572531
v 0.00551013 -0.00939758 0.04582149
v 0.00001013 -0.00949440 0.04573853
v 0.00011222 -0.00959649 0.04564284
v 0.00551013 -0.00950908 0.04572531
v 0.00001013 -0.00938329 0.04583314
v 0.00551013 -0.00939758 0.04582149
v 0.00551013 -0.00928150 0.04591208
v 0.00001013 -0.00938329 0.04583314
v 0.00001013 -0.00926772 0.04592224
v 0.00551013 -0.00928150 0.04591208
v 0.00551013 -0.00916111 0.04599687
v 0.00001013 -0.00926772 0.04592224
v 0.00001013 -0.00938329 0.04583314
v 0.00551013 -0.00928150 0.04591208
v 0.00001013 -0.00914795 0.04600561
v 0.00551013 -0.00916111 0.04599687
v 0.00551013 -0.00903671 0.04607565
v 0.00001013 -0.00914795 0.04600561
v 0.00001013 -0.00926772 0.04592224
v 0.00551013 -0.00916111 0.04599687
v 0.00001013 -0.00902427 0.04608306
v 0.00551013 -0.00903671 0.04607565
v 0.00551013 -0.00890859 0.04614822
v 0.00001013 -0.00902427 0.04608306
v 0.00001013 -0.00914795 0.04600561
v 0.00551013 -0.00903671 0.04607565
v 0.00001013 -0.00889696 0.04615440
v 0.00551013 -0.00890859 0.04614822
v 0.00551013 -0.00877706 0.04621443
v 0.00001013 -0.00889696 0.04615440
v 0.00001013 -0.00876634 0.04621947
v 0.00551013 -0.00877706 0.04621443
v 0.00551013 -0.00864245 0.04627410
v 0.00001013 -0.00876634 0.04621947
v 0.00001013 -0.00889696 0.04615440
v 0.00551013 -0.00877706 0.04621443
v 0.00001013 -0.00863271 0.04627811
v 0.00551013 -0.00864245 0.04627410
v 0.00551013 -0.00850507 0.04632709
v 0.00001013 -0.00863271 0.04627811
v 0.00001013 -0.00876634 0.04621947
v 0.00551013 -0.00864245 0.04627410
v 0.00001013 -0.00849639 0.04633018
v 0.00551013 -0.00850507 0.04632709
v 0.00551013 -0.00836525 0.04637328
v 0.00001013 -0.00849639 0.04633018
v 0.00001013 -0.00835769 0.04637556
v 0.00551013 -0.00836525 0.04637328
v 0.00551013 -0.00822334 0.04641255
v 0.00001013 -0.00835769 0.04637556
v 0.00001013 -0.00821695 0.04641415
v 0.00551013 -0.00822334 0.04641255
v 0.00551013 -0.00807967 0.04644481
v 0.00001013 -0.00821695 0.04641415
v 0.00001013 -0.00835769 0.04637556
v 0.00551013 -0.00822334 0.04641255
v 0.00001013 -0.00807450 0.04644584
v 0.00551013 -0.00807967 0.04644481
v 0.00551013 -0.00793459 0.04646999
v 0.00001013 -0.00807450 0.04644584
v 0.00001013 -0.00793068 0.04647057
v 0.00551013 -0.00793459 0.04646999
v 0.00551013 -0.00778845 0.04648801
v 0.00001013 -0.00793068 0.04647057
v 0.00001013 -0.00778583 0.04648827
v 0.00551013 -0.00778845 0.04648801
v 0.00551013 -0.00764160 0.04649884
v 0.00001013 -0.00778583 0.04648827
v 0.00001013 -0.00764029 0.04649891
v 0.00551013 -0.00764160 0.04649884
v 0.00551013 -0.00749440 0.04650246
v 0.00001013 -0.00764029 0.04649891
v 0.00001013 -0.00749440 0.04650246
v 0.00101013 -0.01049440 0.04350246
v 0.00100588 -0.01049015 0.04366201
v 0.00099299 -0.01047726 0.04382270
v 0.00096808 -0.01045235 0.04400299
v 0.00093540 -0.01041967 0.04416789
v 0.00089715 -0.01038142 0.04431801
v 0.00085515 -0.01033942 0.04445422
v 0.00081091 -0.01029518 0.04457747
v 0.00076560 -0.01024987 0.04468878
v 0.00072018 -0.01020444 0.04478918
v 0.00067534 -0.01015961 0.04487965
v 0.00059490 -0.01007917 0.04502528
v 0.00051188 -0.00999615 0.04515813
v 0.00042129 -0.00990556 0.04528749
v 0.00031826 -0.00980253 0.04541884
v 0.00021058 -0.00969485 0.04554158
v 0.00011222 -0.00959649 0.04564284
v 0.00001013 -0.00949440 0.04573853
v 0.00001013 -0.00949440 0.02650246
v 0.00101013 -0.01049440 0.02650246
v 0.00094226 -0.01016107 0.02530504
v 0.00123605 -0.01049440 0.02546392
v 0.00118921 -0.01049440 0.02557330
v 0.00094226 -0.01016107 0.02530504
v 0.00128804 -0.01049440 0.02535689
v 0.00123605 -0.01049440 0.02546392
v 0.00094226 -0.01016107 0.02530504
v 0.00134507 -0.01049440 0.02525246
v 0.00128804 -0.01049440 0.02535689
v 0.00084767 -0.01016107 0.02553340
v 0.00114763 -0.01049440 0.02568479
v 0.00111140 -0.01049440 0.02579813
v 0.00084767 -0.01016107 0.02553340
v 0.00118921 -0.01049440 0.02557330
v 0.00114763 -0.01049440 0.02568479
v 0.00084767 -0.01016107 0.02553340
v 0.00094226 -0.01016107 0.02530504
v 0.00118921 -0.01049440 0.02557330
v 0.00064016 -0.00982773 0.02516417
v 0.00039921 -0.00949440 0.02489867
v 0.00047904 -0.00949440 0.02475246
v 0.00064016 -0.00982773 0.02516417
v 0.00032642 -0.00949440 0.02504851
v 0.00039921 -0.00949440 0.02489867
v 0.00064016 -0.00982773 0.02516417
v 0.00026084 -0.00949440 0.02520164
v 0.00032642 -0.00949440 0.02504851
v 0.00064016 -0.00982773 0.02516417
v 0.00047904 -0.00949440 0.02475246
v 0.00134507 -0.01049440 0.02525246
v 0.00094226 -0.01016107 0.02530504
v 0.00077334 -0.01016107 0.02576914
v 0.00111140 -0.01049440 0.02579813
v 0.00108060 -0.01049440 0.02591306
v 0.00077334 -0.01016107 0.02576914
v 0.00084767 -0.01016107 0.02553340
v 0.00111140 -0.01049440 0.02579813
v 0.00053444 -0.00982773 0.02541940
v 0.00020263 -0.00949440 0.02535772
v 0.00026084 -0.00949440 0.02520164
v 0.00053444 -0.00982773 0.02541940
v 0.00015190 -0.00949440 0.02551640
v 0.00020263 -0.00949440 0.02535772
v 0.00053444 -0.00982773 0.02541940
v 0.00026084 -0.00949440 0.02520164
v 0.00064016 -0.00982773 0.02516417
v 0.00094226 -0.01016107 0.02530504
v 0.00084767 -0.01016107 0.02553340
v 0.00071984 -0.01016107 0.02601046
v 0.00105531 -0.01049440 0.02602933
v 0.00103558 -0.01049440 0.02614667
v 0.00071984 -0.01016107 0.02601046
v 0.00108060 -0.01049440 0.02591306
v 0.00105531 -0.01049440 0.02602933
v 0.00071984 -0.01016107 0.02601046
v 0.00077334 -0.01016107 0.02576914
v 0.00108060 -0.01049440 0.02591306
v 0.00045136 -0.00982773 0.02568287
v 0.00010879 -0.00949440 0.02567730
v 0.00015190 -0.00949440 0.02551640
v 0.00045136 -0.00982773 0.02568287
v 0.00084767 -0.01016107 0.02553340
v 0.00077334 -0.01016107 0.02576914
v 0.00068758 -0.01016107 0.02625552
v 0.00101296 -0.01049440 0.02638350
v 0.00101013 -0.01049440 0.02650246
v 0.00068758 -0.01016107 0.02625552
v 0.00102145 -0.01049440 0.02626482
v 0.00101296 -0.01049440 0.02638350
v 0.00068758 -0.01016107 0.02625552
v 0.00103558 -0.01049440 0.02614667
v 0.00102145 -0.01049440 0.02626482
v 0.00068758 -0.01016107 0.02625552
v 0.00071984 -0.01016107 0.02601046
v 0.00103558 -0.01049440 0.02614667
v 0.00039157 -0.00982773 0.02595257
v 0.00007338 -0.00949440 0.02584008
v 0.00010879 -0.00949440 0.02567730
v 0.00039157 -0.00982773 0.02595257
v 0.00004575 -0.00949440 0.02600436
v 0.00007338 -0.00949440 0.02584008
v 0.00077334 -0.01016107 0.02576914
v 0.00045136 -0.00982773 0.02568287
v 0.00035551 -0.00982773 0.02622647
v 0.00101013 -0.01049440 0.02650246
v 0.00001013 -0.00949440 0.02650246
v 0.00035551 -0.00982773 0.02622647
v 0.00002598 -0.00949440 0.02616976
v 0.00004575 -0.00949440 0.02600436
v 0.00035551 -0.00982773 0.02622647
v 0.00001409 -0.00949440 0.02633592
v 0.00002598 -0.00949440 0.02616976
v 0.00035551 -0.00982773 0.02622647
v 0.00001013 -0.00949440 0.02650246
v 0.00001409 -0.00949440 0.02633592
v 0.00035551 -0.00982773 0.02622647
v 0.00071984 -0.01016107 0.02601046
v 0.00068758 -0.01016107 0.02625552
v 0.00039157 -0.00982773 0.02595257
v 0.00068758 -0.01016107 0.02625552
v 0.00004575 -0.00949440 0.02600436
v 0.00434122 -0.00949440 0.01806297
v 0.00134507 -0.01049440 0.02525246
v 0.00047904 -0.00949440 0.02475246
v 0.00520724 -0.01049440 0.01856297
v 0.00481013 -0.00949440 0.01631297
v 0.00512888 -0.00982773 0.01664707
v 0.00480617 -0.00949440 0.01647951
v 0.00480617 -0.00949440 0.01647951
v 0.00512888 -0.00982773 0.01664707
v 0.00479428 -0.00949440 0.01664567
v 0.00479428 -0.00949440 0.01664567
v 0.00512888 -0.00982773 0.01664707
v 0.00477450 -0.00949440 0.01681107
v 0.00477450 -0.00949440 0.01681107
v 0.00508523 -0.00982773 0.01697862
v 0.00474688 -0.00949440 0.01697535
v 0.00474688 -0.00949440 0.01697535
v 0.00508523 -0.00982773 0.01697862
v 0.00471147 -0.00949440 0.01713813
v 0.00512888 -0.00982773 0.01664707
v 0.00508523 -0.00982773 0.01697862
v 0.00477450 -0.00949440 0.01681107
v 0.00576433 -0.01049440 0.01695339
v 0.00546094 -0.01016107 0.01667612
v 0.00578975 -0.01049440 0.01674072
v 0.00578975 -0.01049440 0.01674072
v 0.00546094 -0.01016107 0.01667612
v 0.00580503 -0.01049440 0.01652709
v 0.00580503 -0.01049440 0.01652709
v 0.00546094 -0.01016107 0.01667612
v 0.00581013 -0.01049440 0.01631297
v 0.00581013 -0.01049440 0.01631297
v 0.00546094 -0.01016107 0.01667612
v 0.00481013 -0.00949440 0.01631297
v 0.00512888 -0.00982773 0.01664707
v 0.00471147 -0.00949440 0.01713813
v 0.00501285 -0.00982773 0.01730511
v 0.00466835 -0.00949440 0.01729903
v 0.00501285 -0.00982773 0.01730511
v 0.00568328 -0.01049440 0.01737389
v 0.00541350 -0.01016107 0.01703650
v 0.00572881 -0.01049440 0.01716460
v 0.00572881 -0.01049440 0.01716460
v 0.00541350 -0.01016107 0.01703650
v 0.00576433 -0.01049440 0.01695339
v 0.00512888 -0.00982773 0.01664707
v 0.00541350 -0.01016107 0.01703650
v 0.00508523 -0.00982773 0.01697862
v 0.00576433 -0.01049440 0.01695339
v 0.00546094 -0.01016107 0.01667612
v 0.00466835 -0.00949440 0.01729903
v 0.00491229 -0.00982773 0.01762405
v 0.00461763 -0.00949440 0.01745771
v 0.00461763 -0.00949440 0.01745771
v 0.00491229 -0.00982773 0.01762405
v 0.00455942 -0.00949440 0.01761379
v 0.00501285 -0.00982773 0.01730511
v 0.00491229 -0.00982773 0.01762405
v 0.00466835 -0.00949440 0.01729903
v 0.00562785 -0.01049440 0.01758077
v 0.00533482 -0.01016107 0.01739138
v 0.00568328 -0.01049440 0.01737389
v 0.00533482 -0.01016107 0.01739138
v 0.00508523 -0.00982773 0.01697862
v 0.00501285 -0.00982773 0.01730511
v 0.00455942 -0.00949440 0.01761379
v 0.00478431 -0.00982773 0.01793301
v 0.00449384 -0.00949440 0.01776692
v 0.00449384 -0.00949440 0.01776692
v 0.00478431 -0.00982773 0.01793301
v 0.00442105 -0.00949440 0.01791676
v 0.00442105 -0.00949440 0.01791676
v 0.00478431 -0.00982773 0.01793301
v 0.00434122 -0.00949440 0.01806297
v 0.00491229 -0.00982773 0.01762405
v 0.00478431 -0.00982773 0.01793301
v 0.00455942 -0.00949440 0.01761379
v 0.00548779 -0.01049440 0.01798545
v 0.00522552 -0.01016107 0.01773805
v 0.00556263 -0.01049440 0.01778478
v 0.00556263 -0.01049440 0.01778478
v 0.00522552 -0.01016107 0.01773805
v 0.00562785 -0.01049440 0.01758077
v 0.00533482 -0.01016107 0.01739138
v 0.00501285 -0.00982773 0.01730511
v 0.00491229 -0.00982773 0.01762405
v 0.00520724 -0.01049440 0.01856297
v 0.00508641 -0.01016107 0.01807388
v 0.00530989 -0.01049440 0.01837499
v 0.00530989 -0.01049440 0.01837499
v 0.00508641 -0.01016107 0.01807388
v 0.00540347 -0.01049440 0.01818234
v 0.00540347 -0.01049440 0.01818234
v 0.00508641 -0.01016107 0.01807388
v 0.00548779 -0.01049440 0.01798545
v 0.00434122 -0.00949440 0.01806297
v 0.00508641 -0.01016107 0.01807388
v 0.00520724 -0.01049440 0.01856297
v 0.00478431 -0.00982773 0.01793301
v 0.00548779 -0.01049440 0.01798545
v 0.00508641 -0.01016107 0.01807388
v 0.00522552 -0.01016107 0.01773805
v 0.00491229 -0.00982773 0.01762405
v 0.00478431 -0.00982773 0.01793301
v 0.00581013 -0.01049440 0.01150246
v 0.00581013 -0.01049440 0.01631297
v 0.00481013 -0.00949440 0.01631297
v 0.00481013 -0.00949440 0.01150246
v 0.00131013 -0.00949440 0.00800246
v 0.00168586 -0.00982773 0.00768758
v 0.00148187 -0.00949440 0.00800668
v 0.00148187 -0.00949440 0.00800668
v 0.00168586 -0.00982773 0.00768758
v 0.00165319 -0.00949440 0.00801931
v 0.00165319 -0.00949440 0.00801931
v 0.00168586 -0.00982773 0.00768758
v 0.00182369 -0.00949440 0.00804034
v 0.00182369 -0.00949440 0.00804034
v 0.00205798 -0.00982773 0.00774278
v 0.00199295 -0.00949440 0.00806971
v 0.00199295 -0.00949440 0.00806971
v 0.00205798 -0.00982773 0.00774278
v 0.00216056 -0.00949440 0.00810735
v 0.00168586 -0.00982773 0.00768758
v 0.00205798 -0.00982773 0.00774278
v 0.00182369 -0.00949440 0.00804034
v 0.00197042 -0.01049440 0.00705117
v 0.00171853 -0.01016107 0.00735585
v 0.00175121 -0.01049440 0.00702413
v 0.00175121 -0.01049440 0.00702413
v 0.00171853 -0.01016107 0.00735585
v 0.00153093 -0.01049440 0.00700788
v 0.00153093 -0.01049440 0.00700788
v 0.00171853 -0.01016107 0.00735585
v 0.00131013 -0.01049440 0.00700246
v 0.00131013 -0.01049440 0.00700246
v 0.00171853 -0.01016107 0.00735585
v 0.00131013 -0.00949440 0.00800246
v 0.00168586 -0.00982773 0.00768758
v 0.00205798 -0.00982773 0.00774278
v 0.00242289 -0.00982773 0.00783419
v 0.00216056 -0.00949440 0.00810735
v 0.00216056 -0.00949440 0.00810735
v 0.00242289 -0.00982773 0.00783419
v 0.00232613 -0.00949440 0.00815317
v 0.00232613 -0.00949440 0.00815317
v 0.00242289 -0.00982773 0.00783419
v 0.00248924 -0.00949440 0.00820705
v 0.00197042 -0.01049440 0.00705117
v 0.00212301 -0.01016107 0.00741585
v 0.00171853 -0.01016107 0.00735585
v 0.00171853 -0.01016107 0.00735585
v 0.00212301 -0.01016107 0.00741585
v 0.00168586 -0.00982773 0.00768758
v 0.00205798 -0.00982773 0.00774278
v 0.00240354 -0.01049440 0.00713732
v 0.00212301 -0.01016107 0.00741585
v 0.00218804 -0.01049440 0.00708893
v 0.00218804 -0.01049440 0.00708893
v 0.00212301 -0.01016107 0.00741585
v 0.00197042 -0.01049440 0.00705117
v 0.00248924 -0.00949440 0.00820705
v 0.00277708 -0.00982773 0.00796092
v 0.00264952 -0.00949440 0.00826888
v 0.00264952 -0.00949440 0.00826888
v 0.00277708 -0.00982773 0.00796092
v 0.00280657 -0.00949440 0.00833850
v 0.00242289 -0.00982773 0.00783419
v 0.00277708 -0.00982773 0.00796092
v 0.00248924 -0.00949440 0.00820705
v 0.00212301 -0.01016107 0.00741585
v 0.00251965 -0.01016107 0.00751521
v 0.00205798 -0.00982773 0.00774278
v 0.00240354 -0.01049440 0.00713732
v 0.00251965 -0.01016107 0.00751521
v 0.00212301 -0.01016107 0.00741585
v 0.00282613 -0.01049440 0.00726551
v 0.00251965 -0.01016107 0.00751521
v 0.00261641 -0.01049440 0.00719623
v 0.00261641 -0.01049440 0.00719623
v 0.00251965 -0.01016107 0.00751521
v 0.00240354 -0.01049440 0.00713732
v 0.00242289 -0.00982773 0.00783419
v 0.00280657 -0.00949440 0.00833850
v 0.00311715 -0.00982773 0.00812176
v 0.00296002 -0.00949440 0.00841573
v 0.00296002 -0.00949440 0.00841573
v 0.00311715 -0.00982773 0.00812176
v 0.00310949 -0.00949440 0.00850041
v 0.00277708 -0.00982773 0.00796092
v 0.00311715 -0.00982773 0.00812176
v 0.00280657 -0.00949440 0.00833850
v 0.00282613 -0.01049440 0.00726551
v 0.00290464 -0.01016107 0.00765296
v 0.00251965 -0.01016107 0.00751521
v 0.00323413 -0.01049440 0.00743451
v 0.00290464 -0.01016107 0.00765296
v 0.00303220 -0.01049440 0.00734500
v 0.00303220 -0.01049440 0.00734500
v 0.00290464 -0.01016107 0.00765296
v 0.00282613 -0.01049440 0.00726551
v 0.00242289 -0.00982773 0.00783419
v 0.00290464 -0.01016107 0.00765296
v 0.00277708 -0.00982773 0.00796092
v 0.00251965 -0.01016107 0.00751521
v 0.00310949 -0.00949440 0.00850041
v 0.00343982 -0.00982773 0.00831516
v 0.00325463 -0.00949440 0.00859232
v 0.00325463 -0.00949440 0.00859232
v 0.00343982 -0.00982773 0.00831516
v 0.00339508 -0.00949440 0.00869123
v 0.00311715 -0.00982773 0.00812176
v 0.00343982 -0.00982773 0.00831516
v 0.00310949 -0.00949440 0.00850041
v 0.00290464 -0.01016107 0.00765296
v 0.00327428 -0.01016107 0.00782779
v 0.00277708 -0.00982773 0.00796092
v 0.00362359 -0.01049440 0.00764268
v 0.00327428 -0.01016107 0.00782779
v 0.00343141 -0.01049440 0.00753381
v 0.00343141 -0.01049440 0.00753381
v 0.00327428 -0.01016107 0.00782779
v 0.00323413 -0.01049440 0.00743451
v 0.00311715 -0.00982773 0.00812176
v 0.00323413 -0.01049440 0.00743451
v 0.00327428 -0.01016107 0.00782779
v 0.00290464 -0.01016107 0.00765296
v 0.00339508 -0.00949440 0.00869123
v 0.00374197 -0.00982773 0.00853925
v 0.00353051 -0.00949440 0.00879692
v 0.00353051 -0.00949440 0.00879692
v 0.00374197 -0.00982773 0.00853925
v 0.00366059 -0.00949440 0.00890913
v 0.00343982 -0.00982773 0.00831516
v 0.00374197 -0.00982773 0.00853925
v 0.00339508 -0.00949440 0.00869123
v 0.00311715 -0.00982773 0.00812176
v 0.00362501 -0.01016107 0.00803800
v 0.00343982 -0.00982773 0.00831516
v 0.00327428 -0.01016107 0.00782779
v 0.00399078 -0.01049440 0.00788802
v 0.00362501 -0.01016107 0.00803800
v 0.00381020 -0.01049440 0.00776085
v 0.00381020 -0.01049440 0.00776085
v 0.00362501 -0.01016107 0.00803800
v 0.00362359 -0.01049440 0.00764268
v 0.00362359 -0.01049440 0.00764268
v 0.00362501 -0.01016107 0.00803800
v 0.00327428 -0.01016107 0.00782779
v 0.00343982 -0.00982773 0.00831516
v 0.00362501 -0.01016107 0.00803800
v 0.00374197 -0.00982773 0.00853925
v 0.00374197 -0.00982773 0.00853925
v 0.00402071 -0.00982773 0.00879188
v 0.00366059 -0.00949440 0.00890913
v 0.00366059 -0.00949440 0.00890913
v 0.00402071 -0.00982773 0.00879188
v 0.00378500 -0.00949440 0.00902759
v 0.00378500 -0.00949440 0.00902759
v 0.00402071 -0.00982773 0.00879188
v 0.00390346 -0.00949440 0.00915200
v 0.00433215 -0.01049440 0.00816818
v 0.00395343 -0.01016107 0.00828158
v 0.00416490 -0.01049440 0.00802391
v 0.00416490 -0.01049440 0.00802391
v 0.00395343 -0.01016107 0.00828158
v 0.00399078 -0.01049440 0.00788802
v 0.00395343 -0.01016107 0.00828158
v 0.00399078 -0.01049440 0.00788802
v 0.00395343 -0.01016107 0.00828158
v 0.00362501 -0.01016107 0.00803800
v 0.00374197 -0.00982773 0.00853925
v 0.00395343 -0.01016107 0.00828158
v 0.00402071 -0.00982773 0.00879188
v 0.00390346 -0.00949440 0.00915200
v 0.00427334 -0.00982773 0.00907062
v 0.00401567 -0.00949440 0.00928208
v 0.00401567 -0.00949440 0.00928208
v 0.00427334 -0.00982773 0.00907062
v 0.00412136 -0.00949440 0.00941751
v 0.00402071 -0.00982773 0.00879188
v 0.00427334 -0.00982773 0.00907062
v 0.00390346 -0.00949440 0.00915200
v 0.00425641 -0.01016107 0.00855618
v 0.00464441 -0.01049440 0.00848044
v 0.00425641 -0.01016107 0.00855618
v 0.00449211 -0.01049440 0.00832048
v 0.00449211 -0.01049440 0.00832048
v 0.00425641 -0.01016107 0.00855618
v 0.00433215 -0.01049440 0.00816818
v 0.00433215 -0.01049440 0.00816818
v 0.00425641 -0.01016107 0.00855618
v 0.00395343 -0.01016107 0.00828158
v 0.00427334 -0.00982773 0.00907062
v 0.00449743 -0.00982773 0.00937277
v 0.00412136 -0.00949440 0.00941751
v 0.00412136 -0.00949440 0.00941751
v 0.00449743 -0.00982773 0.00937277
v 0.00422027 -0.00949440 0.00955796
v 0.00422027 -0.00949440 0.00955796
v 0.00449743 -0.00982773 0.00937277
v 0.00431218 -0.00949440 0.00970310
v 0.00402071 -0.00982773 0.00879188
v 0.00453101 -0.01016107 0.00885915
v 0.00427334 -0.00982773 0.00907062
v 0.00492456 -0.01049440 0.00882181
v 0.00453101 -0.01016107 0.00885915
v 0.00478868 -0.01049440 0.00864769
v 0.00478868 -0.01049440 0.00864769
v 0.00453101 -0.01016107 0.00885915
v 0.00464441 -0.01049440 0.00848044
v 0.00464441 -0.01049440 0.00848044
v 0.00453101 -0.01016107 0.00885915
v 0.00425641 -0.01016107 0.00855618
v 0.00425641 -0.01016107 0.00855618
v 0.00449743 -0.00982773 0.00937277
v 0.00469083 -0.00982773 0.00969544
v 0.00431218 -0.00949440 0.00970310
v 0.00431218 -0.00949440 0.00970310
v 0.00469083 -0.00982773 0.00969544
v 0.00439685 -0.00949440 0.00985257
v 0.00439685 -0.00949440 0.00985257
v 0.00469083 -0.00982773 0.00969544
v 0.00447409 -0.00949440 0.01000602
v 0.00516991 -0.01049440 0.00918900
v 0.00477459 -0.01016107 0.00918758
v 0.00505174 -0.01049440 0.00900239
v 0.00505174 -0.01049440 0.00900239
v 0.00477459 -0.01016107 0.00918758
v 0.00492456 -0.01049440 0.00882181
v 0.00453101 -0.01016107 0.00885915
v 0.00477459 -0.01016107 0.00918758
v 0.00427334 -0.00982773 0.00907062
v 0.00492456 -0.01049440 0.00882181
v 0.00477459 -0.01016107 0.00918758
v 0.00453101 -0.01016107 0.00885915
v 0.00449743 -0.00982773 0.00937277
v 0.00447409 -0.00949440 0.01000602
v 0.00485167 -0.00982773 0.01003551
v 0.00454371 -0.00949440 0.01016307
v 0.00454371 -0.00949440 0.01016307
v 0.00485167 -0.00982773 0.01003551
v 0.00460553 -0.00949440 0.01032334
v 0.00469083 -0.00982773 0.00969544
v 0.00485167 -0.00982773 0.01003551
v 0.00447409 -0.00949440 0.01000602
v 0.00537808 -0.01049440 0.00957846
v 0.00498480 -0.01016107 0.00953830
v 0.00527878 -0.01049440 0.00938117
v 0.00527878 -0.01049440 0.00938117
v 0.00498480 -0.01016107 0.00953830
v 0.00516991 -0.01049440 0.00918900
v 0.00516991 -0.01049440 0.00918900
v 0.00498480 -0.01016107 0.00953830
v 0.00477459 -0.01016107 0.00918758
v 0.00477459 -0.01016107 0.00918758
v 0.00498480 -0.01016107 0.00953830
v 0.00449743 -0.00982773 0.00937277
v 0.00469083 -0.00982773 0.00969544
v 0.00460553 -0.00949440 0.01032334
v 0.00497840 -0.00982773 0.01038970
v 0.00465942 -0.00949440 0.01048646
v 0.00465942 -0.00949440 0.01048646
v 0.00497840 -0.00982773 0.01038970
v 0.00470524 -0.00949440 0.01065203
v 0.00485167 -0.00982773 0.01003551
v 0.00497840 -0.00982773 0.01038970
v 0.00460553 -0.00949440 0.01032334
v 0.00537808 -0.01049440 0.00957846
v 0.00515963 -0.01016107 0.00990795
v 0.00498480 -0.01016107 0.00953830
v 0.00554708 -0.01049440 0.00998645
v 0.00515963 -0.01016107 0.00990795
v 0.00546759 -0.01049440 0.00978038
v 0.00546759 -0.01049440 0.00978038
v 0.00515963 -0.01016107 0.00990795
v 0.00537808 -0.01049440 0.00957846
v 0.00469083 -0.00982773 0.00969544
v 0.00515963 -0.01016107 0.00990795
v 0.00485167 -0.00982773 0.01003551
v 0.00498480 -0.01016107 0.00953830
v 0.00470524 -0.00949440 0.01065203
v 0.00506981 -0.00982773 0.01075461
v 0.00474288 -0.00949440 0.01081964
v 0.00474288 -0.00949440 0.01081964
v 0.00506981 -0.00982773 0.01075461
v 0.00477225 -0.00949440 0.01098890
v 0.00497840 -0.00982773 0.01038970
v 0.00506981 -0.00982773 0.01075461
v 0.00470524 -0.00949440 0.01065203
v 0.00515963 -0.01016107 0.00990795
v 0.00529738 -0.01016107 0.01029294
v 0.00485167 -0.00982773 0.01003551
v 0.00567527 -0.01049440 0.01040905
v 0.00529738 -0.01016107 0.01029294
v 0.00561636 -0.01049440 0.01019618
v 0.00561636 -0.01049440 0.01019618
v 0.00529738 -0.01016107 0.01029294
v 0.00554708 -0.01049440 0.00998645
v 0.00554708 -0.01049440 0.00998645
v 0.00529738 -0.01016107 0.01029294
v 0.00515963 -0.01016107 0.00990795
v 0.00497840 -0.00982773 0.01038970
v 0.00506981 -0.00982773 0.01075461
v 0.00512500 -0.00982773 0.01112673
v 0.00477225 -0.00949440 0.01098890
v 0.00477225 -0.00949440 0.01098890
v 0.00512500 -0.00982773 0.01112673
v 0.00479328 -0.00949440 0.01115940
v 0.00479328 -0.00949440 0.01115940
v 0.00512500 -0.00982773 0.01112673
v 0.00480591 -0.00949440 0.01133072
v 0.00480591 -0.00949440 0.01133072
v 0.00512500 -0.00982773 0.01112673
v 0.00481013 -0.00949440 0.01150246
v 0.00567527 -0.01049440 0.01040905
v 0.00539673 -0.01016107 0.01068958
v 0.00529738 -0.01016107 0.01029294
v 0.00576142 -0.01049440 0.01084217
v 0.00539673 -0.01016107 0.01068958
v 0.00572366 -0.01049440 0.01062455
v 0.00572366 -0.01049440 0.01062455
v 0.00539673 -0.01016107 0.01068958
v 0.00567527 -0.01049440 0.01040905
v 0.00529738 -0.01016107 0.01029294
v 0.00539673 -0.01016107 0.01068958
v 0.00497840 -0.00982773 0.01038970
v 0.00506981 -0.00982773 0.01075461
v 0.00581013 -0.01049440 0.01150246
v 0.00545673 -0.01016107 0.01109405
v 0.00580471 -0.01049440 0.01128165
v 0.00580471 -0.01049440 0.01128165
v 0.00545673 -0.01016107 0.01109405
v 0.00578846 -0.01049440 0.01106138
v 0.00578846 -0.01049440 0.01106138
v 0.00545673 -0.01016107 0.01109405
v 0.00576142 -0.01049440 0.01084217
v 0.00576142 -0.01049440 0.01084217
v 0.00545673 -0.01016107 0.01109405
v 0.00539673 -0.01016107 0.01068958
v 0.00512500 -0.00982773 0.01112673
v 0.00545673 -0.01016107 0.01109405
v 0.00481013 -0.00949440 0.01150246
v 0.00539673 -0.01016107 0.01068958
v 0.00545673 -0.01016107 0.01109405
v 0.00506981 -0.00982773 0.01075461
v 0.00581013 -0.01049440 0.01150246
v 0.00512500 -0.00982773 0.01112673
v 0.00131013 -0.01049440 0.00700246
v -0.00227401 -0.00949440 0.00800246
v -0.00227401 -0.01049440 0.00700246
v 0.00131013 -0.00949440 0.00800246
v -0.00237352 -0.01049109 0.00480246
v -0.00227401 -0.01049440 0.00480246
v -0.00227401 -0.01049440 0.00700246
v -0.00237352 -0.01049109 0.00700246
v -0.00247259 -0.01048120 0.00480246
v -0.00237352 -0.01049109 0.00700246
v -0.00247259 -0.01048120 0.00700246
v -0.00237352 -0.01049109 0.00480246
v -0.00257078 -0.01046475 0.00480246
v -0.00247259 -0.01048120 0.00700246
v -0.00257078 -0.01046475 0.00700246
v -0.00247259 -0.01048120 0.00480246
v -0.00266767 -0.01044182 0.00480246
v -0.00257078 -0.01046475 0.00700246
v -0.00266767 -0.01044182 0.00700246
v -0.00257078 -0.01046475 0.00480246
v -0.00276282 -0.01041252 0.00480246
v -0.00266767 -0.01044182 0.00700246
v -0.00276282 -0.01041252 0.00700246
v -0.00266767 -0.01044182 0.00480246
v -0.00285582 -0.01037697 0.00480246
v -0.00276282 -0.01041252 0.00700246
v -0.00285582 -0.01037697 0.00700246
v -0.00276282 -0.01041252 0.00480246
v -0.00294626 -0.01033533 0.00480246
v -0.00285582 -0.01037697 0.00700246
v -0.00294626 -0.01033533 0.00700246
v -0.00285582 -0.01037697 0.00480246
v -0.00303373 -0.01028778 0.00480246
v -0.00294626 -0.01033533 0.00700246
v -0.00303373 -0.01028778 0.00700246
v -0.00303373 -0.01028778 0.00480246
v -0.00303373 -0.01028778 0.00700246
v -0.00311786 -0.01023453 0.00700246
v -0.00294626 -0.01033533 0.00480246
v -0.00311786 -0.01023453 0.00480246
v -0.00319827 -0.01017582 0.00480246
v -0.00311786 -0.01023453 0.00480246
v -0.00311786 -0.01023453 0.00700246
v -0.00319827 -0.01017582 0.00700246
v -0.00319827 -0.01017582 0.00480246
v -0.00319827 -0.01017582 0.00700246
v -0.00327461 -0.01011190 0.00700246
v -0.00327461 -0.01011190 0.00480246
v -0.00334654 -0.01004306 0.00480246
v -0.00327461 -0.01011190 0.00480246
v -0.00327461 -0.01011190 0.00700246
v -0.00334654 -0.01004306 0.00700246
v -0.00341374 -0.00996960 0.00480246
v -0.00334654 -0.01004306 0.00700246
v -0.00341374 -0.00996960 0.00700246
v -0.00334654 -0.01004306 0.00480246
v -0.00341374 -0.00996960 0.00480246
v -0.00341374 -0.00996960 0.00700246
v -0.00347592 -0.00989184 0.00700246
v -0.00347592 -0.00989184 0.00480246
v -0.00347592 -0.00989184 0.00700246
v -0.00353281 -0.00981013 0.00700246
v -0.00347592 -0.00989184 0.00480246
v -0.00353281 -0.00981013 0.00480246
v -0.00358415 -0.00972483 0.00480246
v -0.00353281 -0.00981013 0.00700246
v -0.00358415 -0.00972483 0.00700246
v -0.00358415 -0.00972483 0.00480246
v -0.00358415 -0.00972483 0.00700246
v -0.00362972 -0.00963631 0.00700246
v -0.00353281 -0.00981013 0.00480246
v -0.00362972 -0.00963631 0.00480246
v -0.00362972 -0.00963631 0.00700246
v -0.00366932 -0.00954495 0.00700246
v -0.00362972 -0.00963631 0.00480246
v -0.00366932 -0.00954495 0.00480246
v -0.00370277 -0.00945118 0.00480246
v -0.00366932 -0.00954495 0.00700246
v -0.00370277 -0.00945118 0.00700246
v -0.00370277 -0.00945118 0.00480246
v -0.00370277 -0.00945118 0.00700246
v -0.00372993 -0.00935539 0.00700246
v -0.00366932 -0.00954495 0.00480246
v -0.00372993 -0.00935539 0.00480246
v -0.00372993 -0.00935539 0.00700246
v -0.00375067 -0.00925801 0.00700246
v -0.00372993 -0.00935539 0.00480246
v -0.00375067 -0.00925801 0.00480246
v -0.00375067 -0.00925801 0.00700246
v -0.00376490 -0.00915947 0.00700246
v -0.00375067 -0.00925801 0.00480246
v -0.00376490 -0.00915947 0.00480246
v -0.00377257 -0.00906020 0.00480246
v -0.00376490 -0.00915947 0.00700246
v -0.00377257 -0.00906020 0.00700246
v -0.00376490 -0.00915947 0.00480246
v -0.00377363 -0.00896065 0.00480246
v -0.00377257 -0.00906020 0.00700246
v -0.00377363 -0.00896065 0.00700246
v -0.00377257 -0.00906020 0.00480246
v -0.00376809 -0.00886124 0.00480246
v -0.00377363 -0.00896065 0.00700246
v -0.00376809 -0.00886124 0.00700246
v -0.00377363 -0.00896065 0.00480246
v -0.00375596 -0.00876242 0.00480246
v -0.00376809 -0.00886124 0.00700246
v -0.00375596 -0.00876242 0.00700246
v -0.00376809 -0.00886124 0.00480246
v -0.00373731 -0.00866462 0.00480246
v -0.00375596 -0.00876242 0.00700246
v -0.00373731 -0.00866462 0.00700246
v -0.00373731 -0.00866462 0.00480246
v -0.00373731 -0.00866462 0.00700246
v -0.00371221 -0.00856827 0.00700246
v -0.00375596 -0.00876242 0.00480246
v -0.00371221 -0.00856827 0.00480246
v -0.00368077 -0.00847380 0.00480246
v -0.00371221 -0.00856827 0.00700246
v -0.00368077 -0.00847380 0.00700246
v -0.00371221 -0.00856827 0.00480246
v -0.00364314 -0.00838162 0.00480246
v -0.00368077 -0.00847380 0.00700246
v -0.00364314 -0.00838162 0.00700246
v -0.00368077 -0.00847380 0.00480246
v -0.00364722 -0.01873440 0.00000246
v 0.00581436 -0.01873440 0.00000246
v 0.00581436 -0.01873440 0.00480246
v -0.00364722 -0.01873440 0.00480246
v -0.00491994 -0.01123440 0.00100246
v -0.00638547 -0.01450885 0.00100246
v -0.00638547 -0.01450885 0.00480246
v -0.00364314 -0.00838162 0.00480246
v -0.00478567 -0.01093440 0.00000246
v -0.00491994 -0.01123440 0.00030246
v 0.00039738 0.00064614 0.00700246
v -0.00364314 -0.00838162 0.00700246
v 0.00399996 0.00869543 0.00000246
v 0.00090368 0.00177739 0.00703109
v 0.00140384 0.00289488 0.00711648
v 0.00173969 0.00364528 0.00720733
v 0.00209773 0.00444526 0.00733609
v 0.00241472 0.00515352 0.00747999
v 0.00269408 0.00577769 0.00763271
v 0.00296184 0.00637595 0.00780473
v 0.00321674 0.00694548 0.00799516
v 0.00345749 0.00748338 0.00820310
v 0.00368290 0.00798703 0.00842751
v 0.00384653 0.00835262 0.00861225
v 0.00399996 0.00869543 0.00880591
v -0.00638547 -0.01450885 0.00480246
v -0.00638547 -0.01450885 0.00100246
v -0.00644198 -0.01464384 0.00100246
v -0.00644307 -0.01464665 0.00480246
v -0.00644198 -0.01464384 0.00100246
v -0.00649184 -0.01478143 0.00100246
v -0.00644307 -0.01464665 0.00480246
v -0.00649375 -0.01478715 0.00480246
v -0.00649184 -0.01478143 0.00100246
v -0.00653493 -0.01492129 0.00100246
v -0.00649375 -0.01478715 0.00480246
v -0.00653736 -0.01493000 0.00480246
v -0.00653736 -0.01493000 0.00480246
v -0.00653493 -0.01492129 0.00100246
v -0.00657114 -0.01506308 0.00100246
v -0.00657382 -0.01507484 0.00480246
v -0.00657114 -0.01506308 0.00100246
v -0.00660040 -0.01520647 0.00100246
v -0.00657382 -0.01507484 0.00480246
v -0.00653736 -0.01493000 0.00480246
v -0.00657114 -0.01506308 0.00100246
v -0.00660302 -0.01522131 0.00480246
v -0.00660040 -0.01520647 0.00100246
v -0.00662263 -0.01535111 0.00100246
v -0.00660302 -0.01522131 0.00480246
v -0.00662489 -0.01536906 0.00480246
v -0.00662263 -0.01535111 0.00100246
v -0.00663778 -0.01549667 0.00100246
v -0.00662489 -0.01536906 0.00480246
v -0.00663938 -0.01551771 0.00480246
v -0.00663778 -0.01549667 0.00100246
v -0.00664582 -0.01564279 0.00100246
v -0.00663938 -0.01551771 0.00480246
v -0.00662489 -0.01536906 0.00480246
v -0.00663778 -0.01549667 0.00100246
v -0.00664646 -0.01566690 0.00480246
v -0.00664582 -0.01564279 0.00100246
v -0.00664672 -0.01578913 0.00100246
v -0.00664646 -0.01566690 0.00480246
v -0.00664610 -0.01581625 0.00480246
v -0.00664672 -0.01578913 0.00100246
v -0.00664048 -0.01593534 0.00100246
v -0.00664610 -0.01581625 0.00480246
v -0.00664646 -0.01566690 0.00480246
v -0.00664672 -0.01578913 0.00100246
v -0.00663831 -0.01596541 0.00480246
v -0.00664048 -0.01593534 0.00100246
v -0.00662712 -0.01608107 0.00100246
v -0.00663831 -0.01596541 0.00480246
v -0.00664610 -0.01581625 0.00480246
v -0.00664048 -0.01593534 0.00100246
v -0.00662311 -0.01611399 0.00480246
v -0.00662712 -0.01608107 0.00100246
v -0.00660667 -0.01622598 0.00100246
v -0.00662311 -0.01611399 0.00480246
v -0.00663831 -0.01596541 0.00480246
v -0.00662712 -0.01608107 0.00100246
v -0.00660053 -0.01626163 0.00480246
v -0.00660667 -0.01622598 0.00100246
v -0.00657918 -0.01636971 0.00100246
v -0.00660053 -0.01626163 0.00480246
v -0.00662311 -0.01611399 0.00480246
v -0.00660667 -0.01622598 0.00100246
v -0.00657063 -0.01640796 0.00480246
v -0.00657918 -0.01636971 0.00100246
v -0.00654471 -0.01651194 0.00100246
v -0.00657063 -0.01640796 0.00480246
v -0.00660053 -0.01626163 0.00480246
v -0.00657918 -0.01636971 0.00100246
v -0.00653348 -0.01655262 0.00480246
v -0.00654471 -0.01651194 0.00100246
v -0.00650334 -0.01665232 0.00100246
v -0.00653348 -0.01655262 0.00480246
v -0.00657063 -0.01640796 0.00480246
v -0.00654471 -0.01651194 0.00100246
v -0.00648918 -0.01669526 0.00480246
v -0.00650334 -0.01665232 0.00100246
v -0.00645518 -0.01679051 0.00100246
v -0.00648918 -0.01669526 0.00480246
v -0.00653348 -0.01655262 0.00480246
v -0.00650334 -0.01665232 0.00100246
v -0.00643784 -0.01683551 0.00480246
v -0.00645518 -0.01679051 0.00100246
v -0.00640033 -0.01692618 0.00100246
v -0.00643784 -0.01683551 0.00480246
v -0.00648918 -0.01669526 0.00480246
v -0.00645518 -0.01679051 0.00100246
v -0.00637958 -0.01697304 0.00480246
v -0.00640033 -0.01692618 0.00100246
v -0.00633894 -0.01705902 0.00100246
v -0.00637958 -0.01697304 0.00480246
v -0.00643784 -0.01683551 0.00480246
v -0.00640033 -0.01692618 0.00100246
v -0.00631454 -0.01710749 0.00480246
v -0.00633894 -0.01705902 0.00100246
v -0.00627114 -0.01718871 0.00100246
v -0.00631454 -0.01710749 0.00480246
v -0.00637958 -0.01697304 0.00480246
v -0.00633894 -0.01705902 0.00100246
v -0.00624290 -0.01723854 0.00480246
v -0.00627114 -0.01718871 0.00100246
v -0.00619710 -0.01731495 0.00100246
v -0.00624290 -0.01723854 0.00480246
v -0.00631454 -0.01710749 0.00480246
v -0.00627114 -0.01718871 0.00100246
v -0.00616482 -0.01736586 0.00480246
v -0.00619710 -0.01731495 0.00100246
v -0.00611698 -0.01743741 0.00100246
v -0.00616482 -0.01736586 0.00480246
v -0.00624290 -0.01723854 0.00480246
v -0.00619710 -0.01731495 0.00100246
v -0.00594021 -0.01766887 0.00000246
v -0.00603100 -0.01755583 0.00100246
v -0.00603100 -0.01755583 0.00000246
v -0.00608050 -0.01748914 0.00480246
v -0.00611698 -0.01743741 0.00100246
v -0.00603100 -0.01755583 0.00100246
v -0.00608050 -0.01748914 0.00480246
v -0.00616482 -0.01736586 0.00480246
v -0.00611698 -0.01743741 0.00100246
v -0.00599015 -0.01760807 0.00480246
v -0.00599015 -0.01760807 0.00480246
v -0.00608050 -0.01748914 0.00480246
v -0.00603100 -0.01755583 0.00100246
v -0.00589400 -0.01772236 0.00480246
v -0.00594021 -0.01766887 0.00000246
v -0.00584407 -0.01777740 0.00000246
v -0.00589400 -0.01772236 0.00480246
v -0.00599015 -0.01760807 0.00480246
v -0.00594021 -0.01766887 0.00000246
v -0.00579227 -0.01783172 0.00480246
v -0.00584407 -0.01777740 0.00000246
v -0.00574280 -0.01788115 0.00000246
v -0.00579227 -0.01783172 0.00480246
v -0.00589400 -0.01772236 0.00480246
v -0.00584407 -0.01777740 0.00000246
v -0.00568523 -0.01793588 0.00480246
v -0.00574280 -0.01788115 0.00000246
v -0.00563663 -0.01797989 0.00000246
v -0.00568523 -0.01793588 0.00480246
v -0.00579227 -0.01783172 0.00480246
v -0.00574280 -0.01788115 0.00000246
v -0.00557314 -0.01803458 0.00480246
v -0.00563663 -0.01797989 0.00000246
v -0.00552582 -0.01807339 0.00000246
v -0.00557314 -0.01803458 0.00480246
v -0.00568523 -0.01793588 0.00480246
v -0.00563663 -0.01797989 0.00000246
v -0.00545627 -0.01812758 0.00480246
v -0.00552582 -0.01807339 0.00000246
v -0.00541061 -0.01816142 0.00000246
v -0.00545627 -0.01812758 0.00480246
v -0.00557314 -0.01803458 0.00480246
v -0.00552582 -0.01807339 0.00000246
v -0.00533492 -0.01821465 0.00480246
v -0.00545627 -0.01812758 0.00480246
v -0.00541061 -0.01816142 0.00000246
v -0.00533492 -0.01821465 0.00480246
v -0.00541061 -0.01816142 0.00000246
v -0.00529129 -0.01824378 0.00000246
v -0.00520938 -0.01829558 0.00480246
v -0.00533492 -0.01821465 0.00480246
v -0.00529129 -0.01824378 0.00000246
v -0.00520938 -0.01829558 0.00480246
v -0.00529129 -0.01824378 0.00000246
v -0.00516813 -0.01832029 0.00000246
v -0.00507998 -0.01837015 0.00480246
v -0.00520938 -0.01829558 0.00480246
v -0.00516813 -0.01832029 0.00000246
v -0.00507998 -0.01837015 0.00480246
v -0.00516813 -0.01832029 0.00000246
v -0.00504142 -0.01839075 0.00000246
v -0.00494702 -0.01843819 0.00480246
v -0.00507998 -0.01837015 0.00480246
v -0.00504142 -0.01839075 0.00000246
v -0.00494702 -0.01843819 0.00480246
v -0.00504142 -0.01839075 0.00000246
v -0.00491145 -0.01845501 0.00000246
v -0.00481084 -0.01849953 0.00480246
v -0.00494702 -0.01843819 0.00480246
v -0.00491145 -0.01845501 0.00000246
v -0.00481084 -0.01849953 0.00480246
v -0.00491145 -0.01845501 0.00000246
v -0.00477853 -0.01851291 0.00000246
v -0.00467178 -0.01855402 0.00480246
v -0.00481084 -0.01849953 0.00480246
v -0.00477853 -0.01851291 0.00000246
v -0.00467178 -0.01855402 0.00480246
v -0.00477853 -0.01851291 0.00000246
v -0.00464297 -0.01856433 0.00000246
v -0.00453018 -0.01860152 0.00480246
v -0.00467178 -0.01855402 0.00480246
v -0.00464297 -0.01856433 0.00000246
v -0.00453018 -0.01860152 0.00480246
v -0.00464297 -0.01856433 0.00000246
v -0.00450508 -0.01860913 0.00000246
v -0.00438639 -0.01864191 0.00480246
v -0.00453018 -0.01860152 0.00480246
v -0.00450508 -0.01860913 0.00000246
v -0.00438639 -0.01864191 0.00480246
v -0.00450508 -0.01860913 0.00000246
v -0.00436518 -0.01864722 0.00000246
v -0.00424076 -0.01867510 0.00480246
v -0.00438639 -0.01864191 0.00480246
v -0.00436518 -0.01864722 0.00000246
v -0.00422361 -0.01867851 0.00000246
v -0.00409367 -0.01870099 0.00480246
v -0.00424076 -0.01867510 0.00480246
v -0.00422361 -0.01867851 0.00000246
v -0.00409367 -0.01870099 0.00480246
v -0.00422361 -0.01867851 0.00000246
v -0.00408070 -0.01870292 0.00000246
v -0.00394547 -0.01871954 0.00480246
v -0.00409367 -0.01870099 0.00480246
v -0.00408070 -0.01870292 0.00000246
v -0.00393677 -0.01872039 0.00000246
v -0.00379653 -0.01873068 0.00480246
v -0.00393677 -0.01872039 0.00000246
v -0.00379216 -0.01873090 0.00000246
v -0.00394547 -0.01871954 0.00480246
v -0.00364722 -0.01873440 0.00480246
v -0.00379216 -0.01873090 0.00000246
v -0.00364722 -0.01873440 0.00000246
v -0.00379653 -0.01873068 0.00480246
v 0.00399996 0.00869543 0.00880591
v 0.00581013 0.01050560 0.00000246
v 0.00399996 0.00869543 0.00000246
v 0.00413164 0.00882712 0.00910845
v 0.00446876 0.00916423 0.00999479
v 0.00431922 0.00901469 0.00961335
v 0.00439018 0.00908566 0.00984015
v 0.00581013 0.01050560 0.01150246
v 0.00423946 0.00893493 0.00938522
v 0.00480491 0.00950039 0.01131145
v 0.00481013 0.00950560 0.01150246
v 0.00479560 0.00949107 0.01118382
v 0.00478292 0.00947839 0.01106686
v 0.00476782 0.00946329 0.01095987
v 0.00475106 0.00944653 0.01086212
v 0.00471311 0.00940858 0.01068409
v 0.00467444 0.00936991 0.01053736
v 0.00463740 0.00933287 0.01041653
v 0.00460326 0.00929874 0.01031702
v 0.00453991 0.00923538 0.01015393
v 0.00581013 0.01050560 0.01631297
v 0.00481013 0.00950560 0.01631297
v 0.00434122 0.00950560 0.01806297
v 0.00478431 0.00983893 0.01793301
v 0.00442105 0.00950560 0.01791676
v 0.00442105 0.00950560 0.01791676
v 0.00478431 0.00983893 0.01793301
v 0.00449384 0.00950560 0.01776692
v 0.00449384 0.00950560 0.01776692
v 0.00478431 0.00983893 0.01793301
v 0.00455942 0.00950560 0.01761379
v 0.00455942 0.00950560 0.01761379
v 0.00491229 0.00983893 0.01762405
v 0.00461763 0.00950560 0.01745771
v 0.00461763 0.00950560 0.01745771
v 0.00491229 0.00983893 0.01762405
v 0.00466835 0.00950560 0.01729903
v 0.00478431 0.00983893 0.01793301
v 0.00491229 0.00983893 0.01762405
v 0.00455942 0.00950560 0.01761379
v 0.00548779 0.01050560 0.01798545
v 0.00508641 0.01017227 0.01807388
v 0.00540347 0.01050560 0.01818234
v 0.00540347 0.01050560 0.01818234
v 0.00508641 0.01017227 0.01807388
v 0.00530989 0.01050560 0.01837499
v 0.00530989 0.01050560 0.01837499
v 0.00508641 0.01017227 0.01807388
v 0.00520724 0.01050560 0.01856297
v 0.00520724 0.01050560 0.01856297
v 0.00508641 0.01017227 0.01807388
v 0.00434122 0.00950560 0.01806297
v 0.00478431 0.00983893 0.01793301
v 0.00466835 0.00950560 0.01729903
v 0.00501285 0.00983893 0.01730511
v 0.00471147 0.00950560 0.01713813
v 0.00491229 0.00983893 0.01762405
v 0.00501285 0.00983893 0.01730511
v 0.00466835 0.00950560 0.01729903
v 0.00562785 0.01050560 0.01758077
v 0.00522552 0.01017227 0.01773805
v 0.00556263 0.01050560 0.01778478
v 0.00556263 0.01050560 0.01778478
v 0.00522552 0.01017227 0.01773805
v 0.00548779 0.01050560 0.01798545
v 0.00478431 0.00983893 0.01793301
v 0.00522552 0.01017227 0.01773805
v 0.00491229 0.00983893 0.01762405
v 0.00548779 0.01050560 0.01798545
v 0.00508641 0.01017227 0.01807388
v 0.00471147 0.00950560 0.01713813
v 0.00508523 0.00983893 0.01697862
v 0.00474688 0.00950560 0.01697535
v 0.00474688 0.00950560 0.01697535
v 0.00508523 0.00983893 0.01697862
v 0.00477450 0.00950560 0.01681107
v 0.00501285 0.00983893 0.01730511
v 0.00568328 0.01050560 0.01737389
v 0.00533482 0.01017227 0.01739138
v 0.00562785 0.01050560 0.01758077
v 0.00491229 0.00983893 0.01762405
v 0.00533482 0.01017227 0.01739138
v 0.00501285 0.00983893 0.01730511
v 0.00477450 0.00950560 0.01681107
v 0.00512888 0.00983893 0.01664707
v 0.00479428 0.00950560 0.01664567
v 0.00479428 0.00950560 0.01664567
v 0.00512888 0.00983893 0.01664707
v 0.00480617 0.00950560 0.01647951
v 0.00480617 0.00950560 0.01647951
v 0.00512888 0.00983893 0.01664707
v 0.00481013 0.00950560 0.01631297
v 0.00508523 0.00983893 0.01697862
v 0.00512888 0.00983893 0.01664707
v 0.00477450 0.00950560 0.01681107
v 0.00576433 0.01050560 0.01695339
v 0.00541350 0.01017227 0.01703650
v 0.00572881 0.01050560 0.01716460
v 0.00572881 0.01050560 0.01716460
v 0.00541350 0.01017227 0.01703650
v 0.00568328 0.01050560 0.01737389
v 0.00501285 0.00983893 0.01730511
v 0.00508523 0.00983893 0.01697862
v 0.00533482 0.01017227 0.01739138
v 0.00481013 0.00950560 0.01631297
v 0.00546094 0.01017227 0.01667612
v 0.00581013 0.01050560 0.01631297
v 0.00581013 0.01050560 0.01631297
v 0.00546094 0.01017227 0.01667612
v 0.00580503 0.01050560 0.01652709
v 0.00580503 0.01050560 0.01652709
v 0.00546094 0.01017227 0.01667612
v 0.00578975 0.01050560 0.01674072
v 0.00578975 0.01050560 0.01674072
v 0.00546094 0.01017227 0.01667612
v 0.00576433 0.01050560 0.01695339
v 0.00512888 0.00983893 0.01664707
v 0.00508523 0.00983893 0.01697862
v 0.00546094 0.01017227 0.01667612
v 0.00512888 0.00983893 0.01664707
v 0.00541350 0.01017227 0.01703650
v 0.00576433 0.01050560 0.01695339
v 0.00047904 0.00950560 0.02475246
v 0.00520724 0.01050560 0.01856297
v 0.00434122 0.00950560 0.01806297
v 0.00134507 0.01050560 0.02525246
v 0.00068758 0.01017227 0.02625552
v 0.00001013 0.00950560 0.02650246
v 0.00101013 0.01050560 0.02650246
v 0.00068758 0.01017227 0.02625552
v 0.00102145 0.01050560 0.02626482
v 0.00103558 0.01050560 0.02614667
v 0.00068758 0.01017227 0.02625552
v 0.00101296 0.01050560 0.02638350
v 0.00102145 0.01050560 0.02626482
v 0.00068758 0.01017227 0.02625552
v 0.00101013 0.01050560 0.02650246
v 0.00101296 0.01050560 0.02638350
v 0.00071984 0.01017227 0.02601046
v 0.00105531 0.01050560 0.02602933
v 0.00108060 0.01050560 0.02591306
v 0.00071984 0.01017227 0.02601046
v 0.00103558 0.01050560 0.02614667
v 0.00105531 0.01050560 0.02602933
v 0.00071984 0.01017227 0.02601046
v 0.00068758 0.01017227 0.02625552
v 0.00103558 0.01050560 0.02614667
v 0.00035551 0.00983893 0.02622647
v 0.00001409 0.00950560 0.02633592
v 0.00001013 0.00950560 0.02650246
v 0.00035551 0.00983893 0.02622647
v 0.00002598 0.00950560 0.02616976
v 0.00001409 0.00950560 0.02633592
v 0.00035551 0.00983893 0.02622647
v 0.00004575 0.00950560 0.02600436
v 0.00002598 0.00950560 0.02616976
v 0.00035551 0.00983893 0.02622647
v 0.00077334 0.01017227 0.02576914
v 0.00108060 0.01050560 0.02591306
v 0.00111140 0.01050560 0.02579813
v 0.00077334 0.01017227 0.02576914
v 0.00071984 0.01017227 0.02601046
v 0.00108060 0.01050560 0.02591306
v 0.00039157 0.00983893 0.02595257
v 0.00007338 0.00950560 0.02584008
v 0.00004575 0.00950560 0.02600436
v 0.00039157 0.00983893 0.02595257
v 0.00010879 0.00950560 0.02567730
v 0.00007338 0.00950560 0.02584008
v 0.00039157 0.00983893 0.02595257
v 0.00035551 0.00983893 0.02622647
v 0.00068758 0.01017227 0.02625552
v 0.00004575 0.00950560 0.02600436
v 0.00071984 0.01017227 0.02601046
v 0.00084767 0.01017227 0.02553340
v 0.00114763 0.01050560 0.02568479
v 0.00118921 0.01050560 0.02557330
v 0.00084767 0.01017227 0.02553340
v 0.00111140 0.01050560 0.02579813
v 0.00114763 0.01050560 0.02568479
v 0.00084767 0.01017227 0.02553340
v 0.00077334 0.01017227 0.02576914
v 0.00111140 0.01050560 0.02579813
v 0.00045136 0.00983893 0.02568287
v 0.00015190 0.00950560 0.02551640
v 0.00010879 0.00950560 0.02567730
v 0.00045136 0.00983893 0.02568287
v 0.00077334 0.01017227 0.02576914
v 0.00094226 0.01017227 0.02530504
v 0.00128804 0.01050560 0.02535689
v 0.00134507 0.01050560 0.02525246
v 0.00094226 0.01017227 0.02530504
v 0.00123605 0.01050560 0.02546392
v 0.00128804 0.01050560 0.02535689
v 0.00094226 0.01017227 0.02530504
v 0.00118921 0.01050560 0.02557330
v 0.00123605 0.01050560 0.02546392
v 0.00094226 0.01017227 0.02530504
v 0.00134507 0.01050560 0.02525246
v 0.00047904 0.00950560 0.02475246
v 0.00094226 0.01017227 0.02530504
v 0.00084767 0.01017227 0.02553340
v 0.00118921 0.01050560 0.02557330
v 0.00053444 0.00983893 0.02541940
v 0.00020263 0.00950560 0.02535772
v 0.00015190 0.00950560 0.02551640
v 0.00053444 0.00983893 0.02541940
v 0.00026084 0.00950560 0.02520164
v 0.00020263 0.00950560 0.02535772
v 0.00045136 0.00983893 0.02568287
v 0.00077334 0.01017227 0.02576914
v 0.00084767 0.01017227 0.02553340
v 0.00064016 0.00983893 0.02516417
v 0.00032642 0.00950560 0.02504851
v 0.00026084 0.00950560 0.02520164
v 0.00064016 0.00983893 0.02516417
v 0.00039921 0.00950560 0.02489867
v 0.00032642 0.00950560 0.02504851
v 0.00064016 0.00983893 0.02516417
v 0.00047904 0.00950560 0.02475246
v 0.00039921 0.00950560 0.02489867
v 0.00064016 0.00983893 0.02516417
v 0.00053444 0.00983893 0.02541940
v 0.00084767 0.01017227 0.02553340
v 0.00026084 0.00950560 0.02520164
v 0.00094226 0.01017227 0.02530504
v 0.00064016 0.00983893 0.02516417
v 0.00001013 0.00950560 0.02650246
v 0.00101013 0.01050560 0.04350246
v 0.00101013 0.01050560 0.02650246
v 0.00098973 0.01048520 0.04385169
v 0.00100508 0.01050055 0.04367644
v 0.00096386 0.01045933 0.04402731
v 0.00094323 0.01043870 0.04413247
v 0.00091341 0.01040888 0.04425810
v 0.00087034 0.01036581 0.04440755
v 0.00080831 0.01030378 0.04458421
v 0.00076981 0.01026528 0.04467897
v 0.00072413 0.01021960 0.04478082
v 0.00067004 0.01016551 0.04488985
v 0.00060613 0.01010161 0.04500604
v 0.00053083 0.01002630 0.04512914
v 0.00044239 0.00993786 0.04525863
v 0.00033894 0.00983441 0.04539366
v 0.00023191 0.00972738 0.04551832
v 0.00011908 0.00961455 0.04563608
v 0.00001013 0.00950560 0.04573853
v 0.00551013 0.01050199 0.04364966
v 0.00551013 0.01050560 0.04350246
v 0.00101013 0.01050560 0.04350246
v 0.00551013 0.01050199 0.04364966
v 0.00101013 0.01050560 0.04350246
v 0.00100508 0.01050055 0.04367644
v 0.00551013 0.01049115 0.04379651
v 0.00100508 0.01050055 0.04367644
v 0.00098973 0.01048520 0.04385169
v 0.00551013 0.01049115 0.04379651
v 0.00551013 0.01050199 0.04364966
v 0.00100508 0.01050055 0.04367644
v 0.00551013 0.01047313 0.04394265
v 0.00098973 0.01048520 0.04385169
v 0.00096386 0.01045933 0.04402731
v 0.00551013 0.01047313 0.04394265
v 0.00551013 0.01049115 0.04379651
v 0.00098973 0.01048520 0.04385169
v 0.00551013 0.01044796 0.04408773
v 0.00096386 0.01045933 0.04402731
v 0.00094323 0.01043870 0.04413247
v 0.00551013 0.01044796 0.04408773
v 0.00551013 0.01047313 0.04394265
v 0.00096386 0.01045933 0.04402731
v 0.00551013 0.01041569 0.04423140
v 0.00094323 0.01043870 0.04413247
v 0.00091341 0.01040888 0.04425810
v 0.00551013 0.01041569 0.04423140
v 0.00551013 0.01044796 0.04408773
v 0.00094323 0.01043870 0.04413247
v 0.00551013 0.01037642 0.04437331
v 0.00091341 0.01040888 0.04425810
v 0.00087034 0.01036581 0.04440755
v 0.00551013 0.01037642 0.04437331
v 0.00551013 0.01041569 0.04423140
v 0.00091341 0.01040888 0.04425810
v 0.00551013 0.01033023 0.04451313
v 0.00087034 0.01036581 0.04440755
v 0.00080831 0.01030378 0.04458421
v 0.00551013 0.01033023 0.04451313
v 0.00551013 0.01037642 0.04437331
v 0.00087034 0.01036581 0.04440755
v 0.00551013 0.01027724 0.04465051
v 0.00551013 0.01033023 0.04451313
v 0.00080831 0.01030378 0.04458421
v 0.00551013 0.01027724 0.04465051
v 0.00080831 0.01030378 0.04458421
v 0.00076981 0.01026528 0.04467897
v 0.00551013 0.01021757 0.04478513
v 0.00551013 0.01027724 0.04465051
v 0.00076981 0.01026528 0.04467897
v 0.00551013 0.01021757 0.04478513
v 0.00072413 0.01021960 0.04478082
v 0.00067004 0.01016551 0.04488985
v 0.00072413 0.01021960 0.04478082
v 0.00551013 0.01015136 0.04491665
v 0.00551013 0.01021757 0.04478513
v 0.00067004 0.01016551 0.04488985
v 0.00551013 0.01015136 0.04491665
v 0.00067004 0.01016551 0.04488985
v 0.00060613 0.01010161 0.04500604
v 0.00551013 0.01007879 0.04504477
v 0.00551013 0.01015136 0.04491665
v 0.00060613 0.01010161 0.04500604
v 0.00551013 0.01007879 0.04504477
v 0.00060613 0.01010161 0.04500604
v 0.00053083 0.01002630 0.04512914
v 0.00551013 0.01000001 0.04516917
v 0.00551013 0.01007879 0.04504477
v 0.00053083 0.01002630 0.04512914
v 0.00551013 0.01000001 0.04516917
v 0.00053083 0.01002630 0.04512914
v 0.00044239 0.00993786 0.04525863
v 0.00551013 0.00991522 0.04528956
v 0.00551013 0.01000001 0.04516917
v 0.00044239 0.00993786 0.04525863
v 0.00551013 0.00991522 0.04528956
v 0.00044239 0.00993786 0.04525863
v 0.00033894 0.00983441 0.04539366
v 0.00551013 0.00982463 0.04540564
v 0.00551013 0.00991522 0.04528956
v 0.00033894 0.00983441 0.04539366
v 0.00551013 0.00982463 0.04540564
v 0.00033894 0.00983441 0.04539366
v 0.00023191 0.00972738 0.04551832
v 0.00551013 0.00972845 0.04551714
v 0.00551013 0.00962692 0.04562378
v 0.00551013 0.00972845 0.04551714
v 0.00023191 0.00972738 0.04551832
v 0.00011908 0.00961455 0.04563608
v 0.00551013 0.00952028 0.04572531
v 0.00551013 0.00962692 0.04562378
v 0.00011908 0.00961455 0.04563608
v 0.00551013 0.00952028 0.04572531
v 0.00011908 0.00961455 0.04563608
v 0.00001013 0.00950560 0.04573853
v 0.00551013 0.00940878 0.04582149
v 0.00551013 0.00952028 0.04572531
v 0.00001013 0.00950560 0.04573853
v 0.00001013 0.00939450 0.04583314
v 0.00551013 0.00929270 0.04591208
v 0.00551013 0.00940878 0.04582149
v 0.00001013 0.00939450 0.04583314
v 0.00551013 0.00929270 0.04591208
v 0.00001013 0.00939450 0.04583314
v 0.00001013 0.00927892 0.04592224
v 0.00551013 0.00917231 0.04599687
v 0.00551013 0.00929270 0.04591208
v 0.00001013 0.00927892 0.04592224
v 0.00551013 0.00917231 0.04599687
v 0.00001013 0.00927892 0.04592224
v 0.00001013 0.00915915 0.04600561
v 0.00551013 0.00904791 0.04607565
v 0.00551013 0.00917231 0.04599687
v 0.00001013 0.00915915 0.04600561
v 0.00551013 0.00904791 0.04607565
v 0.00001013 0.00915915 0.04600561
v 0.00001013 0.00903547 0.04608306
v 0.00551013 0.00891979 0.04614822
v 0.00551013 0.00904791 0.04607565
v 0.00001013 0.00903547 0.04608306
v 0.00001013 0.00890817 0.04615440
v 0.00551013 0.00878827 0.04621443
v 0.00551013 0.00891979 0.04614822
v 0.00001013 0.00890817 0.04615440
v 0.00551013 0.00878827 0.04621443
v 0.00001013 0.00890817 0.04615440
v 0.00001013 0.00877754 0.04621947
v 0.00551013 0.00865365 0.04627410
v 0.00001013 0.00877754 0.04621947
v 0.00001013 0.00864391 0.04627811
v 0.00551013 0.00865365 0.04627410
v 0.00551013 0.00878827 0.04621443
v 0.00001013 0.00877754 0.04621947
v 0.00551013 0.00851627 0.04632709
v 0.00001013 0.00864391 0.04627811
v 0.00001013 0.00850759 0.04633018
v 0.00551013 0.00865365 0.04627410
v 0.00551013 0.00837645 0.04637328
v 0.00001013 0.00850759 0.04633018
v 0.00001013 0.00836889 0.04637556
v 0.00551013 0.00851627 0.04632709
v 0.00551013 0.00823454 0.04641255
v 0.00001013 0.00836889 0.04637556
v 0.00001013 0.00822815 0.04641415
v 0.00551013 0.00823454 0.04641255
v 0.00551013 0.00837645 0.04637328
v 0.00001013 0.00836889 0.04637556
v 0.00551013 0.00809087 0.04644481
v 0.00001013 0.00822815 0.04641415
v 0.00001013 0.00808571 0.04644584
v 0.00551013 0.00823454 0.04641255
v 0.00551013 0.00794579 0.04646999
v 0.00001013 0.00808571 0.04644584
v 0.00001013 0.00794188 0.04647057
v 0.00551013 0.00809087 0.04644481
v 0.00551013 0.00779965 0.04648801
v 0.00001013 0.00794188 0.04647057
v 0.00001013 0.00779703 0.04648827
v 0.00551013 0.00794579 0.04646999
v 0.00551013 0.00765280 0.04649884
v 0.00001013 0.00779703 0.04648827
v 0.00001013 0.00765149 0.04649891
v 0.00551013 0.00779965 0.04648801
v 0.00551013 0.00750560 0.04650246
v 0.00001013 0.00765149 0.04649891
v 0.00001013 0.00750560 0.04650246
v 0.00551013 0.00765280 0.04649884
v 0.00601013 0.01000560 0.02811015
v 0.00551013 0.01050560 0.04350246
v 0.00601013 0.01000560 0.04350246
v 0.00551013 0.01050560 0.02811015
v 0.00595479 0.01050560 0.02627725
v 0.00611148 0.01025560 0.02652534
v 0.00604603 0.01050560 0.02611015
v 0.00587160 0.01050560 0.02644849
v 0.00611148 0.01025560 0.02652534
v 0.00595479 0.01050560 0.02627725
v 0.00579666 0.01050560 0.02662350
v 0.00611148 0.01025560 0.02652534
v 0.00587160 0.01050560 0.02644849
v 0.00604603 0.01050560 0.02611015
v 0.00611148 0.01025560 0.02652534
v 0.00647904 0.01000560 0.02636015
v 0.00647904 0.01000560 0.02636015
v 0.00611148 0.01025560 0.02652534
v 0.00639921 0.01000560 0.02650636
v 0.00639921 0.01000560 0.02650636
v 0.00632642 0.01000560 0.02665620
v 0.00632642 0.01000560 0.02665620
v 0.00626084 0.01000560 0.02680934
v 0.00573013 0.01050560 0.02680188
v 0.00598628 0.01025560 0.02682758
v 0.00579666 0.01050560 0.02662350
v 0.00567216 0.01050560 0.02698322
v 0.00598628 0.01025560 0.02682758
v 0.00573013 0.01050560 0.02680188
v 0.00626084 0.01000560 0.02680934
v 0.00620263 0.01000560 0.02696542
v 0.00620263 0.01000560 0.02696542
v 0.00598628 0.01025560 0.02682758
v 0.00615190 0.01000560 0.02712409
v 0.00579666 0.01050560 0.02662350
v 0.00598628 0.01025560 0.02682758
v 0.00611148 0.01025560 0.02652534
v 0.00611148 0.01025560 0.02652534
v 0.00598628 0.01025560 0.02682758
v 0.00626084 0.01000560 0.02680934
v 0.00562288 0.01050560 0.02716712
v 0.00588791 0.01025560 0.02713958
v 0.00567216 0.01050560 0.02698322
v 0.00615190 0.01000560 0.02712409
v 0.00610879 0.01000560 0.02728500
v 0.00588791 0.01025560 0.02713958
v 0.00598628 0.01025560 0.02682758
v 0.00588791 0.01025560 0.02713958
v 0.00615190 0.01000560 0.02712409
v 0.00558242 0.01050560 0.02735315
v 0.00581710 0.01025560 0.02745897
v 0.00562288 0.01050560 0.02716712
v 0.00555084 0.01050560 0.02754089
v 0.00581710 0.01025560 0.02745897
v 0.00558242 0.01050560 0.02735315
v 0.00610879 0.01000560 0.02728500
v 0.00581710 0.01025560 0.02745897
v 0.00607338 0.01000560 0.02744777
v 0.00607338 0.01000560 0.02744777
v 0.00604575 0.01000560 0.02761205
v 0.00588791 0.01025560 0.02713958
v 0.00588791 0.01025560 0.02713958
v 0.00552824 0.01050560 0.02772993
v 0.00577440 0.01025560 0.02778332
v 0.00555084 0.01050560 0.02754089
v 0.00551466 0.01050560 0.02791983
v 0.00577440 0.01025560 0.02778332
v 0.00552824 0.01050560 0.02772993
v 0.00551013 0.01050560 0.02811015
v 0.00577440 0.01025560 0.02778332
v 0.00551466 0.01050560 0.02791983
v 0.00604575 0.01000560 0.02761205
v 0.00602598 0.01000560 0.02777746
v 0.00602598 0.01000560 0.02777746
v 0.00577440 0.01025560 0.02778332
v 0.00601409 0.01000560 0.02794362
v 0.00601409 0.01000560 0.02794362
v 0.00577440 0.01025560 0.02778332
v 0.00601013 0.01000560 0.02811015
v 0.00601013 0.01000560 0.02811015
v 0.00577440 0.01025560 0.02778332
v 0.00551013 0.01050560 0.02811015
v 0.00555084 0.01050560 0.02754089
v 0.00577440 0.01025560 0.02778332
v 0.00581710 0.01025560 0.02745897
v 0.00581710 0.01025560 0.02745897
v 0.00577440 0.01025560 0.02778332
v 0.00604575 0.01000560 0.02761205
v 0.00953737 0.01000560 0.02106297
v 0.00604603 0.01050560 0.02611015
v 0.00647904 0.01000560 0.02636015
v 0.00910436 0.01050560 0.02081297
v 0.00601013 0.01000560 0.02811015
v 0.00601013 -0.00999440 0.02811015
v 0.00601409 0.01000560 0.02794362
v 0.00601409 0.01000560 0.02794362
v 0.00601409 -0.00999440 0.02794362
v 0.00602598 0.01000560 0.02777746
v 0.00601409 -0.00999440 0.02794362
v 0.00602598 0.01000560 0.02777746
v 0.00602598 -0.00999440 0.02777746
v 0.00604575 0.01000560 0.02761205
v 0.00602598 -0.00999440 0.02777746
v 0.00604575 0.01000560 0.02761205
v 0.00604575 -0.00999440 0.02761205
v 0.00607338 0.01000560 0.02744777
v 0.00604575 -0.00999440 0.02761205
v 0.00607338 0.01000560 0.02744777
v 0.00607338 -0.00999440 0.02744777
v 0.00610879 0.01000560 0.02728500
v 0.00607338 -0.00999440 0.02744777
v 0.00610879 0.01000560 0.02728500
v 0.00610879 -0.00999440 0.02728500
v 0.00615190 0.01000560 0.02712409
v 0.00610879 -0.00999440 0.02728500
v 0.00615190 0.01000560 0.02712409
v 0.00615190 -0.00999440 0.02712409
v 0.00620263 0.01000560 0.02696542
v 0.00615190 -0.00999440 0.02712409
v 0.00620263 -0.00999440 0.02696542
v 0.00620263 0.01000560 0.02696542
v 0.00626084 -0.00999440 0.02680934
v 0.00626084 0.01000560 0.02680934
v 0.00620263 -0.00999440 0.02696542
v 0.00626084 0.01000560 0.02680934
v 0.00632642 -0.00999440 0.02665620
v 0.00632642 0.01000560 0.02665620
v 0.00626084 -0.00999440 0.02680934
v 0.00632642 0.01000560 0.02665620
v 0.00639921 -0.00999440 0.02650636
v 0.00639921 0.01000560 0.02650636
v 0.00632642 -0.00999440 0.02665620
v 0.00639921 0.01000560 0.02650636
v 0.00647904 -0.00999440 0.02636015
v 0.00647904 0.01000560 0.02636015
v 0.00639921 -0.00999440 0.02650636
v 0.00794971 -0.01753440 0.00000246
v 0.00794886 -0.01753586 0.00000246
v 0.00794800 -0.01753731 0.00000246
v 0.00794712 -0.01753875 0.00000246
v 0.00729249 -0.01825062 0.00000246
v 0.00719267 -0.01832013 0.00000246
v 0.00738882 -0.01817633 0.00000246
v 0.00748141 -0.01809744 0.00000246
v 0.00757007 -0.01801415 0.00000246
v 0.00765456 -0.01792664 0.00000246
v 0.00773470 -0.01783512 0.00000246
v 0.00781029 -0.01773982 0.00000246
v 0.00788115 -0.01764095 0.00000246
v 0.00708958 -0.01838471 0.00000246
v 0.00698347 -0.01844419 0.00000246
v 0.00687459 -0.01849845 0.00000246
v 0.00676321 -0.01854734 0.00000246
v 0.00664958 -0.01859076 0.00000246
v 0.00653397 -0.01862859 0.00000246
v 0.00641666 -0.01866076 0.00000246
v 0.00629792 -0.01868719 0.00000246
v 0.00617803 -0.01870781 0.00000246
v 0.00605729 -0.01872257 0.00000246
v 0.00593597 -0.01873144 0.00000246
v 0.00581436 -0.01873440 0.00000246
v -0.00604083 -0.01754174 0.00000246
v -0.00603100 -0.01755583 0.00000246
v -0.00603606 -0.01754889 0.00000246
v -0.00604528 -0.01753440 0.00000246
v -0.00594021 -0.01766887 0.00000246
v -0.00584407 -0.01777740 0.00000246
v -0.00574280 -0.01788115 0.00000246
v -0.00563663 -0.01797989 0.00000246
v -0.00552582 -0.01807339 0.00000246
v -0.00541061 -0.01816142 0.00000246
v -0.00529129 -0.01824378 0.00000246
v -0.00516813 -0.01832029 0.00000246
v -0.00504142 -0.01839075 0.00000246
v -0.00491145 -0.01845501 0.00000246
v -0.00477853 -0.01851291 0.00000246
v -0.00464297 -0.01856433 0.00000246
v -0.00450508 -0.01860913 0.00000246
v -0.00436518 -0.01864722 0.00000246
v -0.00422361 -0.01867851 0.00000246
v -0.00408070 -0.01870292 0.00000246
v -0.00393677 -0.01872039 0.00000246
v -0.00379216 -0.01873090 0.00000246
v -0.00364722 -0.01873440 0.00000246
v 0.00794712 -0.01753875 0.00100246
v 0.00794886 -0.01753586 0.00000246
v 0.00794971 -0.01753440 0.00000246
v 0.00794800 -0.01753731 0.00000246
v 0.00794886 -0.01753586 0.00000246
v 0.00794712 -0.01753875 0.00100246
v 0.00794712 -0.01753875 0.00000246
v 0.00794800 -0.01753731 0.00000246
v 0.00797494 -0.01745932 0.00100246
v 0.00794971 -0.01753440 0.00000246
v 0.00797650 -0.01743439 0.00010247
v 0.00797494 -0.01745932 0.00100246
v 0.00794712 -0.01753875 0.00100246
v 0.00794971 -0.01753440 0.00000246
v 0.00796763 -0.01737549 0.00100246
v 0.00797650 -0.01743439 0.00010247
v 0.00794971 -0.01733440 0.00020246
v 0.00796763 -0.01737549 0.00100246
v 0.00797494 -0.01745932 0.00100246
v 0.00797650 -0.01743439 0.00010247
v 0.00792648 -0.01730208 0.00100246
v 0.00794971 -0.01733440 0.00020246
v 0.00787652 -0.01726120 0.00027566
v 0.00792648 -0.01730208 0.00100246
v 0.00796763 -0.01737549 0.00100246
v 0.00794971 -0.01733440 0.00020246
v 0.00785877 -0.01725210 0.00100246
v 0.00792648 -0.01730208 0.00100246
v 0.00787652 -0.01726120 0.00027566
v 0.00777650 -0.01723440 0.00030246
v 0.00785877 -0.01725210 0.00100246
v 0.00787652 -0.01726120 0.00027566
v 0.00777650 -0.01723440 0.00100246
v 0.00785877 -0.01725210 0.00100246
v 0.00777650 -0.01723440 0.00030246
v -0.00595811 -0.01725385 0.00100246
v -0.00587208 -0.01723440 0.00100246
v -0.00587208 -0.01723440 0.00030246
v -0.00595811 -0.01725385 0.00100246
v -0.00587208 -0.01723440 0.00030246
v -0.00597209 -0.01726120 0.00027566
v -0.00602740 -0.01730841 0.00100246
v -0.00597209 -0.01726120 0.00027566
v -0.00604528 -0.01733440 0.00020246
v -0.00602740 -0.01730841 0.00100246
v -0.00595811 -0.01725385 0.00100246
v -0.00597209 -0.01726120 0.00027566
v -0.00606649 -0.01738747 0.00100246
v -0.00604528 -0.01733440 0.00020246
v -0.00607208 -0.01743439 0.00010247
v -0.00606649 -0.01738747 0.00100246
v -0.00602740 -0.01730841 0.00100246
v -0.00604528 -0.01733440 0.00020246
v -0.00606778 -0.01747566 0.00100246
v -0.00607208 -0.01743439 0.00010247
v -0.00604528 -0.01753440 0.00000246
v -0.00606778 -0.01747566 0.00100246
v -0.00606649 -0.01738747 0.00100246
v -0.00607208 -0.01743439 0.00010247
v -0.00603606 -0.01754889 0.00000246
v -0.00603100 -0.01755583 0.00000246
v -0.00603100 -0.01755583 0.00100246
v -0.00604083 -0.01754174 0.00000246
v -0.00603606 -0.01754889 0.00000246
v -0.00603100 -0.01755583 0.00100246
v -0.00604528 -0.01753440 0.00000246
v -0.00604083 -0.01754174 0.00000246
v -0.00603100 -0.01755583 0.00100246
v -0.00606778 -0.01747566 0.00100246
v -0.00604528 -0.01753440 0.00000246
v 0.00777650 -0.01723440 0.00030246
v -0.00587208 -0.01723440 0.00100246
v 0.00777650 -0.01723440 0.00100246
v -0.00587208 -0.01723440 0.00030246
v 0.00601013 -0.00934678 0.04518135
v 0.00601013 -0.00917330 0.04535484
v 0.00601013 -0.00926217 0.04527023
v 0.00601013 -0.00942693 0.04508844
v 0.00601013 -0.00950242 0.04499171
v 0.00601013 -0.00957307 0.04489138
v 0.00601013 -0.00908038 0.04543499
v 0.00601013 -0.00888333 0.04558113
v 0.00601013 -0.00898365 0.04551048
v 0.00601013 -0.00867289 0.04570726
v 0.00601013 -0.00877966 0.04564678
v 0.00601013 -0.00856329 0.04576243
v 0.00601013 -0.00969920 0.04468095
v 0.00601013 -0.00975437 0.04457135
v 0.00601013 -0.00963872 0.04478772
v 0.00601013 -0.00845111 0.04581216
v 0.00601013 -0.00980410 0.04445917
v 0.00601013 -0.00984826 0.04434468
v 0.00601013 -0.00988675 0.04422817
v 0.00601013 -0.00822011 0.04589481
v 0.00601013 -0.00833662 0.04585632
v 0.00601013 -0.00991948 0.04410991
v 0.00601013 -0.00994636 0.04399018
v 0.00601013 -0.00996734 0.04386929
v 0.00601013 -0.00798212 0.04595442
v 0.00601013 -0.00773944 0.04599042
v 0.00601013 -0.00786123 0.04597540
v 0.00601013 -0.00810185 0.04592754
v 0.00601013 -0.00998236 0.04374750
v 0.00601013 -0.00999139 0.04362513
v 0.00601013 -0.00749440 0.04600246
v 0.00601013 -0.00761707 0.04599945
v 0.00601013 -0.00999440 0.04350246
v 0.00601013 0.00762827 0.04599945
v 0.00601013 0.00787243 0.04597540
v 0.00601013 0.00775064 0.04599042
v 0.00601013 0.00750560 0.04600246
v 0.00601013 0.00799333 0.04595442
v 0.00601013 0.00811305 0.04592754
v 0.00601013 0.00823131 0.04589481
v 0.00601013 0.00834783 0.04585632
v 0.00601013 0.00857449 0.04576243
v 0.00601013 0.00846231 0.04581216
v 0.00601013 0.00879086 0.04564678
v 0.00601013 0.00868409 0.04570726
v 0.00601013 0.00899485 0.04551048
v 0.00601013 0.00889453 0.04558113
v 0.00601013 0.00909158 0.04543499
v 0.00601013 0.00918450 0.04535484
v 0.00601013 0.00935798 0.04518135
v 0.00601013 0.00927337 0.04527023
v 0.00601013 0.00951362 0.04499171
v 0.00601013 0.00943813 0.04508844
v 0.00601013 0.00958428 0.04489138
v 0.00601013 0.00964992 0.04478772
v 0.00601013 0.00971040 0.04468095
v 0.00601013 0.00981530 0.04445917
v 0.00601013 0.00976557 0.04457135
v 0.00601013 0.00989795 0.04422817
v 0.00601013 0.00995756 0.04399018
v 0.00601013 0.00993068 0.04410991
v 0.00601013 0.00985946 0.04434468
v 0.00601013 0.01000560 0.04350246
v 0.00601013 0.00999356 0.04374750
v 0.00601013 0.01000259 0.04362513
v 0.00601013 0.00997854 0.04386929
v 0.00601013 -0.00999440 0.02811015
v 0.00601013 0.01000560 0.02811015
v 0.00584346 -0.01014822 0.04376384
v 0.00601013 -0.00998236 0.04374750
v 0.00601013 -0.00996734 0.04386929
v 0.00584346 -0.01014822 0.04376384
v 0.00601013 -0.00999139 0.04362513
v 0.00601013 -0.00998236 0.04374750
v 0.00584346 -0.01014822 0.04376384
v 0.00601013 -0.00999440 0.04350246
v 0.00601013 -0.00999139 0.04362513
v 0.00567680 -0.01031409 0.04378017
v 0.00551013 -0.01049440 0.04350246
v 0.00601013 -0.00999440 0.04350246
v 0.00567680 -0.01031409 0.04378017
v 0.00551013 -0.01046193 0.04394265
v 0.00551013 -0.01047995 0.04379651
v 0.00567680 -0.01031409 0.04378017
v 0.00551013 -0.01047995 0.04379651
v 0.00551013 -0.01049079 0.04364966
v 0.00567680 -0.01031409 0.04378017
v 0.00551013 -0.01049079 0.04364966
v 0.00551013 -0.01049440 0.04350246
v 0.00584346 -0.01014822 0.04376384
v 0.00584346 -0.01010983 0.04402270
v 0.00601013 -0.00994636 0.04399018
v 0.00601013 -0.00991948 0.04410991
v 0.00584346 -0.01010983 0.04402270
v 0.00601013 -0.00996734 0.04386929
v 0.00601013 -0.00994636 0.04399018
v 0.00584346 -0.01010983 0.04402270
v 0.00584346 -0.01014822 0.04376384
v 0.00601013 -0.00996734 0.04386929
v 0.00567680 -0.01027329 0.04405521
v 0.00551013 -0.01046193 0.04394265
v 0.00567680 -0.01031409 0.04378017
v 0.00567680 -0.01027329 0.04405521
v 0.00551013 -0.01040449 0.04423140
v 0.00551013 -0.01043676 0.04408773
v 0.00567680 -0.01027329 0.04405521
v 0.00551013 -0.01043676 0.04408773
v 0.00551013 -0.01046193 0.04394265
v 0.00567680 -0.01027329 0.04405521
v 0.00584346 -0.01014822 0.04376384
v 0.00584346 -0.01010983 0.04402270
v 0.00567680 -0.01031409 0.04378017
v 0.00584346 -0.01004624 0.04427655
v 0.00601013 -0.00988675 0.04422817
v 0.00601013 -0.00984826 0.04434468
v 0.00584346 -0.01004624 0.04427655
v 0.00601013 -0.00991948 0.04410991
v 0.00601013 -0.00988675 0.04422817
v 0.00584346 -0.01004624 0.04427655
v 0.00584346 -0.01010983 0.04402270
v 0.00601013 -0.00991948 0.04410991
v 0.00567680 -0.01020573 0.04432493
v 0.00584346 -0.01010983 0.04402270
v 0.00584346 -0.01004624 0.04427655
v 0.00567680 -0.01020573 0.04432493
v 0.00551013 -0.01031903 0.04451313
v 0.00551013 -0.01036522 0.04437331
v 0.00567680 -0.01020573 0.04432493
v 0.00551013 -0.01036522 0.04437331
v 0.00551013 -0.01040449 0.04423140
v 0.00567680 -0.01027329 0.04405521
v 0.00567680 -0.01020573 0.04432493
v 0.00551013 -0.01040449 0.04423140
v 0.00567680 -0.01027329 0.04405521
v 0.00584346 -0.00995808 0.04452295
v 0.00601013 -0.00980410 0.04445917
v 0.00601013 -0.00975437 0.04457135
v 0.00584346 -0.00995808 0.04452295
v 0.00601013 -0.00984826 0.04434468
v 0.00601013 -0.00980410 0.04445917
v 0.00584346 -0.00995808 0.04452295
v 0.00584346 -0.01004624 0.04427655
v 0.00601013 -0.00984826 0.04434468
v 0.00567680 -0.01011206 0.04458673
v 0.00551013 -0.01020637 0.04478513
v 0.00551013 -0.01026604 0.04465051
v 0.00567680 -0.01011206 0.04458673
v 0.00551013 -0.01026604 0.04465051
v 0.00551013 -0.01031903 0.04451313
v 0.00567680 -0.01011206 0.04458673
v 0.00584346 -0.01004624 0.04427655
v 0.00584346 -0.00995808 0.04452295
v 0.00567680 -0.01020573 0.04432493
v 0.00567680 -0.01011206 0.04458673
v 0.00551013 -0.01031903 0.04451313
v 0.00567680 -0.01020573 0.04432493
v 0.00584346 -0.00984619 0.04475952
v 0.00584346 -0.00995808 0.04452295
v 0.00601013 -0.00975437 0.04457135
v 0.00584346 -0.00984619 0.04475952
v 0.00601013 -0.00969920 0.04468095
v 0.00601013 -0.00963872 0.04478772
v 0.00584346 -0.00984619 0.04475952
v 0.00601013 -0.00975437 0.04457135
v 0.00601013 -0.00969920 0.04468095
v 0.00567680 -0.00999318 0.04483808
v 0.00584346 -0.00995808 0.04452295
v 0.00584346 -0.00984619 0.04475952
v 0.00567680 -0.00999318 0.04483808
v 0.00551013 -0.01006758 0.04504477
v 0.00551013 -0.01014016 0.04491665
v 0.00567680 -0.00999318 0.04483808
v 0.00551013 -0.01014016 0.04491665
v 0.00551013 -0.01020637 0.04478513
v 0.00567680 -0.01011206 0.04458673
v 0.00567680 -0.00999318 0.04483808
v 0.00551013 -0.01020637 0.04478513
v 0.00567680 -0.01011206 0.04458673
v 0.00584346 -0.00971165 0.04498398
v 0.00601013 -0.00957307 0.04489138
v 0.00601013 -0.00950242 0.04499171
v 0.00584346 -0.00971165 0.04498398
v 0.00601013 -0.00963872 0.04478772
v 0.00601013 -0.00957307 0.04489138
v 0.00584346 -0.00971165 0.04498398
v 0.00584346 -0.00984619 0.04475952
v 0.00601013 -0.00963872 0.04478772
v 0.00567680 -0.00985023 0.04507658
v 0.00584346 -0.00984619 0.04475952
v 0.00584346 -0.00971165 0.04498398
v 0.00567680 -0.00985023 0.04507658
v 0.00551013 -0.00990402 0.04528956
v 0.00551013 -0.00998881 0.04516917
v 0.00567680 -0.00985023 0.04507658
v 0.00551013 -0.00998881 0.04516917
v 0.00551013 -0.01006758 0.04504477
v 0.00567680 -0.00985023 0.04507658
v 0.00551013 -0.01006758 0.04504477
v 0.00567680 -0.00999318 0.04483808
v 0.00567680 -0.00999318 0.04483808
v 0.00584346 -0.00955576 0.04519418
v 0.00601013 -0.00942693 0.04508844
v 0.00601013 -0.00934678 0.04518135
v 0.00584346 -0.00955576 0.04519418
v 0.00601013 -0.00950242 0.04499171
v 0.00601013 -0.00942693 0.04508844
v 0.00584346 -0.00955576 0.04519418
v 0.00584346 -0.00971165 0.04498398
v 0.00601013 -0.00950242 0.04499171
v 0.00567680 -0.00968460 0.04529991
v 0.00551013 -0.00971725 0.04551714
v 0.00551013 -0.00981343 0.04540564
v 0.00567680 -0.00968460 0.04529991
v 0.00551013 -0.00981343 0.04540564
v 0.00551013 -0.00990402 0.04528956
v 0.00567680 -0.00968460 0.04529991
v 0.00567680 -0.00985023 0.04507658
v 0.00584346 -0.00971165 0.04498398
v 0.00567680 -0.00968460 0.04529991
v 0.00551013 -0.00990402 0.04528956
v 0.00567680 -0.00985023 0.04507658
v 0.00584346 -0.00955576 0.04519418
v 0.00584346 -0.00938002 0.04538808
v 0.00601013 -0.00926217 0.04527023
v 0.00601013 -0.00917330 0.04535484
v 0.00584346 -0.00938002 0.04538808
v 0.00601013 -0.00934678 0.04518135
v 0.00601013 -0.00926217 0.04527023
v 0.00584346 -0.00938002 0.04538808
v 0.00584346 -0.00955576 0.04519418
v 0.00601013 -0.00934678 0.04518135
v 0.00567680 -0.00949787 0.04550593
v 0.00551013 -0.00971725 0.04551714
v 0.00567680 -0.00968460 0.04529991
v 0.00567680 -0.00949787 0.04550593
v 0.00584346 -0.00955576 0.04519418
v 0.00584346 -0.00938002 0.04538808
v 0.00567680 -0.00949787 0.04550593
v 0.00551013 -0.00950908 0.04572531
v 0.00551013 -0.00961572 0.04562378
v 0.00567680 -0.00949787 0.04550593
v 0.00551013 -0.00961572 0.04562378
v 0.00551013 -0.00971725 0.04551714
v 0.00567680 -0.00968460 0.04529991
v 0.00584346 -0.00918611 0.04556382
v 0.00584346 -0.00938002 0.04538808
v 0.00601013 -0.00917330 0.04535484
v 0.00584346 -0.00918611 0.04556382
v 0.00601013 -0.00908038 0.04543499
v 0.00601013 -0.00898365 0.04551048
v 0.00584346 -0.00918611 0.04556382
v 0.00601013 -0.00917330 0.04535484
v 0.00601013 -0.00908038 0.04543499
v 0.00567680 -0.00929185 0.04569265
v 0.00584346 -0.00938002 0.04538808
v 0.00584346 -0.00918611 0.04556382
v 0.00567680 -0.00929185 0.04569265
v 0.00551013 -0.00928150 0.04591208
v 0.00551013 -0.00939758 0.04582149
v 0.00567680 -0.00929185 0.04569265
v 0.00551013 -0.00939758 0.04582149
v 0.00551013 -0.00950908 0.04572531
v 0.00567680 -0.00949787 0.04550593
v 0.00567680 -0.00929185 0.04569265
v 0.00551013 -0.00950908 0.04572531
v 0.00567680 -0.00949787 0.04550593
v 0.00584346 -0.00897592 0.04571971
v 0.00601013 -0.00888333 0.04558113
v 0.00601013 -0.00877966 0.04564678
v 0.00584346 -0.00897592 0.04571971
v 0.00601013 -0.00898365 0.04551048
v 0.00601013 -0.00888333 0.04558113
v 0.00584346 -0.00897592 0.04571971
v 0.00584346 -0.00918611 0.04556382
v 0.00601013 -0.00898365 0.04551048
v 0.00567680 -0.00906852 0.04585829
v 0.00567680 -0.00929185 0.04569265
v 0.00584346 -0.00918611 0.04556382
v 0.00567680 -0.00906852 0.04585829
v 0.00551013 -0.00903671 0.04607565
v 0.00551013 -0.00916111 0.04599687
v 0.00567680 -0.00906852 0.04585829
v 0.00551013 -0.00916111 0.04599687
v 0.00551013 -0.00928150 0.04591208
v 0.00567680 -0.00906852 0.04585829
v 0.00551013 -0.00928150 0.04591208
v 0.00567680 -0.00929185 0.04569265
v 0.00584346 -0.00897592 0.04571971
v 0.00584346 -0.00875146 0.04585425
v 0.00601013 -0.00867289 0.04570726
v 0.00601013 -0.00856329 0.04576243
v 0.00584346 -0.00875146 0.04585425
v 0.00601013 -0.00877966 0.04564678
v 0.00601013 -0.00867289 0.04570726
v 0.00584346 -0.00875146 0.04585425
v 0.00584346 -0.00897592 0.04571971
v 0.00601013 -0.00877966 0.04564678
v 0.00567680 -0.00883002 0.04600124
v 0.00551013 -0.00903671 0.04607565
v 0.00567680 -0.00906852 0.04585829
v 0.00567680 -0.00883002 0.04600124
v 0.00584346 -0.00897592 0.04571971
v 0.00584346 -0.00875146 0.04585425
v 0.00567680 -0.00883002 0.04600124
v 0.00551013 -0.00877706 0.04621443
v 0.00551013 -0.00890859 0.04614822
v 0.00567680 -0.00883002 0.04600124
v 0.00551013 -0.00890859 0.04614822
v 0.00551013 -0.00903671 0.04607565
v 0.00567680 -0.00906852 0.04585829
v 0.00584346 -0.00851489 0.04596614
v 0.00601013 -0.00845111 0.04581216
v 0.00601013 -0.00833662 0.04585632
v 0.00584346 -0.00851489 0.04596614
v 0.00601013 -0.00856329 0.04576243
v 0.00601013 -0.00845111 0.04581216
v 0.00584346 -0.00851489 0.04596614
v 0.00584346 -0.00875146 0.04585425
v 0.00601013 -0.00856329 0.04576243
v 0.00567680 -0.00857867 0.04612012
v 0.00567680 -0.00883002 0.04600124
v 0.00584346 -0.00875146 0.04585425
v 0.00584346 -0.00851489 0.04596614
v 0.00567680 -0.00857867 0.04612012
v 0.00551013 -0.00850507 0.04632709
v 0.00551013 -0.00864245 0.04627410
v 0.00567680 -0.00857867 0.04612012
v 0.00551013 -0.00864245 0.04627410
v 0.00551013 -0.00877706 0.04621443
v 0.00567680 -0.00857867 0.04612012
v 0.00551013 -0.00877706 0.04621443
v 0.00567680 -0.00883002 0.04600124
v 0.00584346 -0.00826849 0.04605430
v 0.00601013 -0.00822011 0.04589481
v 0.00601013 -0.00810185 0.04592754
v 0.00584346 -0.00826849 0.04605430
v 0.00601013 -0.00833662 0.04585632
v 0.00601013 -0.00822011 0.04589481
v 0.00584346 -0.00826849 0.04605430
v 0.00584346 -0.00851489 0.04596614
v 0.00601013 -0.00833662 0.04585632
v 0.00567680 -0.00831687 0.04621379
v 0.00551013 -0.00850507 0.04632709
v 0.00567680 -0.00857867 0.04612012
v 0.00567680 -0.00831687 0.04621379
v 0.00551013 -0.00822334 0.04641255
v 0.00551013 -0.00836525 0.04637328
v 0.00567680 -0.00831687 0.04621379
v 0.00551013 -0.00836525 0.04637328
v 0.00551013 -0.00850507 0.04632709
v 0.00567680 -0.00831687 0.04621379
v 0.00567680 -0.00857867 0.04612012
v 0.00584346 -0.00851489 0.04596614
v 0.00584346 -0.00826849 0.04605430
v 0.00584346 -0.00801464 0.04611789
v 0.00567680 -0.00831687 0.04621379
v 0.00584346 -0.00826849 0.04605430
v 0.00584346 -0.00801464 0.04611789
v 0.00601013 -0.00798212 0.04595442
v 0.00601013 -0.00786123 0.04597540
v 0.00584346 -0.00801464 0.04611789
v 0.00601013 -0.00810185 0.04592754
v 0.00601013 -0.00798212 0.04595442
v 0.00584346 -0.00801464 0.04611789
v 0.00584346 -0.00826849 0.04605430
v 0.00601013 -0.00810185 0.04592754
v 0.00567680 -0.00804716 0.04628135
v 0.00551013 -0.00793459 0.04646999
v 0.00551013 -0.00807967 0.04644481
v 0.00567680 -0.00804716 0.04628135
v 0.00551013 -0.00807967 0.04644481
v 0.00551013 -0.00822334 0.04641255
v 0.00567680 -0.00804716 0.04628135
v 0.00567680 -0.00804716 0.04628135
v 0.00551013 -0.00822334 0.04641255
v 0.00567680 -0.00831687 0.04621379
v 0.00584346 -0.00775578 0.04615628
v 0.00601013 -0.00761707 0.04599945
v 0.00601013 -0.00749440 0.04600246
v 0.00584346 -0.00775578 0.04615628
v 0.00601013 -0.00773944 0.04599042
v 0.00601013 -0.00761707 0.04599945
v 0.00584346 -0.00775578 0.04615628
v 0.00601013 -0.00786123 0.04597540
v 0.00601013 -0.00773944 0.04599042
v 0.00584346 -0.00775578 0.04615628
v 0.00584346 -0.00801464 0.04611789
v 0.00601013 -0.00786123 0.04597540
v 0.00567680 -0.00777211 0.04632215
v 0.00584346 -0.00775578 0.04615628
v 0.00601013 -0.00749440 0.04600246
v 0.00567680 -0.00777211 0.04632215
v 0.00567680 -0.00804716 0.04628135
v 0.00584346 -0.00801464 0.04611789
v 0.00551013 -0.00749440 0.04650246
v 0.00567680 -0.00777211 0.04632215
v 0.00551013 -0.00749440 0.04650246
v 0.00551013 -0.00764160 0.04649884
v 0.00567680 -0.00777211 0.04632215
v 0.00551013 -0.00764160 0.04649884
v 0.00551013 -0.00778845 0.04648801
v 0.00567680 -0.00777211 0.04632215
v 0.00551013 -0.00778845 0.04648801
v 0.00551013 -0.00793459 0.04646999
v 0.00567680 -0.00777211 0.04632215
v 0.00551013 -0.00793459 0.04646999
v 0.00567680 -0.00804716 0.04628135
v 0.00584346 -0.00775578 0.04615628
v 0.00551013 -0.00749440 0.04650246
v 0.00001013 0.00750560 0.04650246
v 0.00001013 -0.00749440 0.04650246
v 0.00551013 0.00750560 0.04650246
v 0.00001013 -0.00938329 0.04583314
v 0.00001013 -0.00926772 0.04592224
v 0.00001013 -0.00949440 0.04573853
v 0.00001013 -0.00914795 0.04600561
v 0.00001013 -0.00902427 0.04608306
v 0.00001013 -0.00876634 0.04621947
v 0.00001013 -0.00863271 0.04627811
v 0.00001013 -0.00889696 0.04615440
v 0.00001013 -0.00821695 0.04641415
v 0.00001013 -0.00849639 0.04633018
v 0.00001013 -0.00835769 0.04637556
v 0.00001013 -0.00807450 0.04644584
v 0.00001013 -0.00793068 0.04647057
v 0.00001013 -0.00778583 0.04648827
v 0.00001013 -0.00764029 0.04649891
v 0.00001013 -0.00749440 0.04650246
v 0.00001013 0.00765149 0.04649891
v 0.00001013 0.00794188 0.04647057
v 0.00001013 0.00750560 0.04650246
v 0.00001013 0.00779703 0.04648827
v 0.00001013 0.00808571 0.04644584
v 0.00001013 0.00836889 0.04637556
v 0.00001013 0.00822815 0.04641415
v 0.00001013 0.00850759 0.04633018
v 0.00001013 0.00864391 0.04627811
v 0.00001013 0.00877754 0.04621947
v 0.00001013 0.00890817 0.04615440
v 0.00001013 0.00903547 0.04608306
v 0.00001013 0.00915915 0.04600561
v 0.00001013 0.00927892 0.04592224
v 0.00001013 0.00939450 0.04583314
v 0.00001013 0.00950560 0.04573853
v 0.00001013 -0.00949440 0.02650246
v 0.00001013 0.00950560 0.02650246
v 0.00039921 0.00950560 0.02489867
v 0.00047904 0.00950560 0.02475246
v 0.00047904 -0.00949440 0.02475246
v 0.00039921 -0.00949440 0.02489867
v 0.00032642 0.00950560 0.02504851
v 0.00039921 -0.00949440 0.02489867
v 0.00032642 -0.00949440 0.02504851
v 0.00039921 0.00950560 0.02489867
v 0.00026084 0.00950560 0.02520164
v 0.00032642 -0.00949440 0.02504851
v 0.00026084 -0.00949440 0.02520164
v 0.00032642 0.00950560 0.02504851
v 0.00020263 0.00950560 0.02535772
v 0.00026084 -0.00949440 0.02520164
v 0.00020263 -0.00949440 0.02535772
v 0.00020263 0.00950560 0.02535772
v 0.00020263 -0.00949440 0.02535772
v 0.00015190 -0.00949440 0.02551640
v 0.00026084 0.00950560 0.02520164
v 0.00015190 0.00950560 0.02551640
v 0.00015190 -0.00949440 0.02551640
v 0.00010879 -0.00949440 0.02567730
v 0.00015190 0.00950560 0.02551640
v 0.00010879 0.00950560 0.02567730
v 0.00010879 -0.00949440 0.02567730
v 0.00007338 -0.00949440 0.02584008
v 0.00010879 0.00950560 0.02567730
v 0.00007338 0.00950560 0.02584008
v 0.00007338 -0.00949440 0.02584008
v 0.00004575 -0.00949440 0.02600436
v 0.00007338 0.00950560 0.02584008
v 0.00004575 0.00950560 0.02600436
v 0.00004575 -0.00949440 0.02600436
v 0.00002598 -0.00949440 0.02616976
v 0.00004575 0.00950560 0.02600436
v 0.00002598 0.00950560 0.02616976
v 0.00002598 -0.00949440 0.02616976
v 0.00001409 -0.00949440 0.02633592
v 0.00002598 0.00950560 0.02616976
v 0.00001409 0.00950560 0.02633592
v 0.00001409 -0.00949440 0.02633592
v 0.00001013 -0.00949440 0.02650246
v 0.00001409 0.00950560 0.02633592
v 0.00001013 0.00950560 0.02650246
v 0.00047904 0.00950560 0.02475246
v 0.00434122 0.00950560 0.01806297
v 0.00047904 -0.00949440 0.02475246
v 0.00434122 -0.00949440 0.01806297
v 0.00434122 -0.00949440 0.01806297
v 0.00434122 0.00950560 0.01806297
v 0.00442105 -0.00949440 0.01791676
v 0.00442105 0.00950560 0.01791676
v 0.00442105 -0.00949440 0.01791676
v 0.00449384 0.00950560 0.01776692
v 0.00449384 -0.00949440 0.01776692
v 0.00442105 0.00950560 0.01791676
v 0.00449384 -0.00949440 0.01776692
v 0.00455942 0.00950560 0.01761379
v 0.00455942 -0.00949440 0.01761379
v 0.00449384 0.00950560 0.01776692
v 0.00455942 -0.00949440 0.01761379
v 0.00461763 0.00950560 0.01745771
v 0.00461763 -0.00949440 0.01745771
v 0.00455942 0.00950560 0.01761379
v 0.00461763 -0.00949440 0.01745771
v 0.00466835 0.00950560 0.01729903
v 0.00466835 -0.00949440 0.01729903
v 0.00461763 0.00950560 0.01745771
v 0.00466835 -0.00949440 0.01729903
v 0.00471147 0.00950560 0.01713813
v 0.00471147 -0.00949440 0.01713813
v 0.00466835 0.00950560 0.01729903
v 0.00471147 -0.00949440 0.01713813
v 0.00474688 0.00950560 0.01697535
v 0.00474688 -0.00949440 0.01697535
v 0.00471147 0.00950560 0.01713813
v 0.00474688 -0.00949440 0.01697535
v 0.00477450 0.00950560 0.01681107
v 0.00477450 -0.00949440 0.01681107
v 0.00474688 0.00950560 0.01697535
v 0.00477450 -0.00949440 0.01681107
v 0.00479428 0.00950560 0.01664567
v 0.00479428 -0.00949440 0.01664567
v 0.00477450 0.00950560 0.01681107
v 0.00479428 -0.00949440 0.01664567
v 0.00480617 0.00950560 0.01647951
v 0.00480617 -0.00949440 0.01647951
v 0.00479428 0.00950560 0.01664567
v 0.00480617 -0.00949440 0.01647951
v 0.00481013 0.00950560 0.01631297
v 0.00481013 -0.00949440 0.01631297
v 0.00480617 0.00950560 0.01647951
v 0.00481013 0.00950560 0.01631297
v 0.00481013 0.00950560 0.01150246
v 0.00481013 -0.00949440 0.01631297
v 0.00481013 -0.00949440 0.01150246
v 0.00481013 -0.00949440 0.01150246
v 0.00481013 0.00950560 0.01150246
v 0.00480591 -0.00949440 0.01133072
v 0.00481013 0.00950560 0.01150246
v 0.00480491 0.00950039 0.01131145
v 0.00480591 -0.00949440 0.01133072
v 0.00480591 -0.00949440 0.01133072
v 0.00479560 0.00949107 0.01118382
v 0.00479328 -0.00949440 0.01115940
v 0.00480491 0.00950039 0.01131145
v 0.00479328 -0.00949440 0.01115940
v 0.00478292 0.00947839 0.01106686
v 0.00477225 -0.00949440 0.01098890
v 0.00479560 0.00949107 0.01118382
v 0.00478292 0.00947839 0.01106686
v 0.00479328 -0.00949440 0.01115940
v 0.00478292 0.00947839 0.01106686
v 0.00476782 0.00946329 0.01095987
v 0.00477225 -0.00949440 0.01098890
v 0.00477225 -0.00949440 0.01098890
v 0.00475106 0.00944653 0.01086212
v 0.00474288 -0.00949440 0.01081964
v 0.00476782 0.00946329 0.01095987
v 0.00474288 -0.00949440 0.01081964
v 0.00471311 0.00940858 0.01068409
v 0.00470524 -0.00949440 0.01065203
v 0.00475106 0.00944653 0.01086212
v 0.00471311 0.00940858 0.01068409
v 0.00474288 -0.00949440 0.01081964
v 0.00470524 -0.00949440 0.01065203
v 0.00467444 0.00936991 0.01053736
v 0.00465942 -0.00949440 0.01048646
v 0.00471311 0.00940858 0.01068409
v 0.00467444 0.00936991 0.01053736
v 0.00470524 -0.00949440 0.01065203
v 0.00465942 -0.00949440 0.01048646
v 0.00463740 0.00933287 0.01041653
v 0.00460553 -0.00949440 0.01032334
v 0.00467444 0.00936991 0.01053736
v 0.00463740 0.00933287 0.01041653
v 0.00465942 -0.00949440 0.01048646
v 0.00460553 -0.00949440 0.01032334
v 0.00460326 0.00929874 0.01031702
v 0.00454371 -0.00949440 0.01016307
v 0.00463740 0.00933287 0.01041653
v 0.00460326 0.00929874 0.01031702
v 0.00460553 -0.00949440 0.01032334
v 0.00454371 -0.00949440 0.01016307
v 0.00453991 0.00923538 0.01015393
v 0.00447409 -0.00949440 0.01000602
v 0.00453991 0.00923538 0.01015393
v 0.00446876 0.00916423 0.00999479
v 0.00447409 -0.00949440 0.01000602
v 0.00446876 0.00916423 0.00999479
v 0.00439685 -0.00949440 0.00985257
v 0.00439018 0.00908566 0.00984015
v 0.00439685 -0.00949440 0.00985257
v 0.00439018 0.00908566 0.00984015
v 0.00431218 -0.00949440 0.00970310
v 0.00431335 0.00886491 0.00970505
v 0.00431335 0.00886491 0.00970505
v 0.00422978 0.00862485 0.00957227
v 0.00431218 -0.00949440 0.00970310
v 0.00431218 -0.00949440 0.00970310
v 0.00422978 0.00862485 0.00957227
v 0.00422027 -0.00949440 0.00955796
v 0.00422027 -0.00949440 0.00955796
v 0.00413949 0.00836548 0.00944218
v 0.00412136 -0.00949440 0.00941751
v 0.00422978 0.00862485 0.00957227
v 0.00413949 0.00836548 0.00944218
v 0.00422027 -0.00949440 0.00955796
v 0.00412136 -0.00949440 0.00941751
v 0.00404553 0.00809554 0.00931897
v 0.00401567 -0.00949440 0.00928208
v 0.00413949 0.00836548 0.00944218
v 0.00404553 0.00809554 0.00931897
v 0.00412136 -0.00949440 0.00941751
v 0.00401567 -0.00949440 0.00928208
v 0.00394493 0.00780656 0.00919858
v 0.00390346 -0.00949440 0.00915200
v 0.00404553 0.00809554 0.00931897
v 0.00394493 0.00780656 0.00919858
v 0.00401567 -0.00949440 0.00928208
v 0.00390346 -0.00949440 0.00915200
v 0.00383769 0.00749852 0.00908142
v 0.00378500 -0.00949440 0.00902759
v 0.00394493 0.00780656 0.00919858
v 0.00383769 0.00749852 0.00908142
v 0.00390346 -0.00949440 0.00915200
v 0.00378500 -0.00949440 0.00902759
v 0.00369063 0.00707603 0.00893668
v 0.00366059 -0.00949440 0.00890913
v 0.00383769 0.00749852 0.00908142
v 0.00369063 0.00707603 0.00893668
v 0.00378500 -0.00949440 0.00902759
v 0.00353051 -0.00949440 0.00879692
v 0.00351110 0.00656033 0.00878111
v 0.00339508 -0.00949440 0.00869123
v 0.00366059 -0.00949440 0.00890913
v 0.00351110 0.00656033 0.00878111
v 0.00353051 -0.00949440 0.00879692
v 0.00369063 0.00707603 0.00893668
v 0.00339508 -0.00949440 0.00869123
v 0.00332585 0.00602814 0.00864119
v 0.00325463 -0.00949440 0.00859232
v 0.00351110 0.00656033 0.00878111
v 0.00332585 0.00602814 0.00864119
v 0.00339508 -0.00949440 0.00869123
v 0.00310949 -0.00949440 0.00850041
v 0.00312651 0.00545550 0.00851067
v 0.00296002 -0.00949440 0.00841573
v 0.00325463 -0.00949440 0.00859232
v 0.00312651 0.00545550 0.00851067
v 0.00310949 -0.00949440 0.00850041
v 0.00332585 0.00602814 0.00864119
v 0.00312651 0.00545550 0.00851067
v 0.00325463 -0.00949440 0.00859232
v 0.00296002 -0.00949440 0.00841573
v 0.00292521 0.00487721 0.00839738
v 0.00280657 -0.00949440 0.00833850
v 0.00292521 0.00487721 0.00839738
v 0.00264952 -0.00949440 0.00826888
v 0.00263873 0.00405427 0.00826443
v 0.00248924 -0.00949440 0.00820705
v 0.00280657 -0.00949440 0.00833850
v 0.00263873 0.00405427 0.00826443
v 0.00264952 -0.00949440 0.00826888
v 0.00292521 0.00487721 0.00839738
v 0.00263873 0.00405427 0.00826443
v 0.00280657 -0.00949440 0.00833850
v 0.00232613 -0.00949440 0.00815317
v 0.00230652 0.00309995 0.00814728
v 0.00216056 -0.00949440 0.00810735
v 0.00248924 -0.00949440 0.00820705
v 0.00230652 0.00309995 0.00814728
v 0.00232613 -0.00949440 0.00815317
v 0.00263873 0.00405427 0.00826443
v 0.00230652 0.00309995 0.00814728
v 0.00248924 -0.00949440 0.00820705
v 0.00199295 -0.00949440 0.00806971
v 0.00197223 0.00213956 0.00806565
v 0.00182369 -0.00949440 0.00804034
v 0.00216056 -0.00949440 0.00810735
v 0.00197223 0.00213956 0.00806565
v 0.00199295 -0.00949440 0.00806971
v 0.00230652 0.00309995 0.00814728
v 0.00197223 0.00213956 0.00806565
v 0.00216056 -0.00949440 0.00810735
v 0.00165319 -0.00949440 0.00801931
v 0.00164264 0.00119282 0.00801829
v 0.00148187 -0.00949440 0.00800668
v 0.00182369 -0.00949440 0.00804034
v 0.00164264 0.00119282 0.00801829
v 0.00165319 -0.00949440 0.00801931
v 0.00197223 0.00213956 0.00806565
v 0.00164264 0.00119282 0.00801829
v 0.00182369 -0.00949440 0.00804034
v 0.00148187 -0.00949440 0.00800668
v 0.00131013 0.00023763 0.00800246
v 0.00131013 -0.00949440 0.00800246
v 0.00164264 0.00119282 0.00801829
v 0.00131013 0.00023763 0.00800246
v 0.00148187 -0.00949440 0.00800668
v -0.00237293 -0.00948451 0.00800246
v -0.00255529 -0.00940777 0.00800246
v -0.00246795 -0.00945526 0.00800246
v -0.00227401 -0.00949440 0.00800246
v -0.00269361 -0.00926631 0.00800246
v -0.00263152 -0.00934395 0.00800246
v -0.00273911 -0.00917792 0.00800246
v -0.00277388 -0.00898315 0.00800246
v -0.00276623 -0.00908227 0.00800246
v 0.00131013 -0.00949440 0.00800246
v -0.00273039 -0.00879014 0.00800246
v -0.00276178 -0.00888447 0.00800246
v 0.00131013 0.00023763 0.00800246
v -0.00234029 -0.00965776 0.00783579
v -0.00227401 -0.00949440 0.00800246
v -0.00237293 -0.00948451 0.00800246
v -0.00240591 -0.00964789 0.00783579
v -0.00234029 -0.00965776 0.00783579
v -0.00237293 -0.00948451 0.00800246
v -0.00247022 -0.00963154 0.00783579
v -0.00237293 -0.00948451 0.00800246
v -0.00246795 -0.00945526 0.00800246
v -0.00247022 -0.00963154 0.00783579
v -0.00240591 -0.00964789 0.00783579
v -0.00237293 -0.00948451 0.00800246
v -0.00235686 -0.00982360 0.00766913
v -0.00227401 -0.00949440 0.00800246
v -0.00234029 -0.00965776 0.00783579
v -0.00253259 -0.00960887 0.00783579
v -0.00247022 -0.00963154 0.00783579
v -0.00246795 -0.00945526 0.00800246
v -0.00243888 -0.00981126 0.00766913
v -0.00235686 -0.00982360 0.00766913
v -0.00259240 -0.00958012 0.00783579
v -0.00246795 -0.00945526 0.00800246
v -0.00255529 -0.00940777 0.00800246
v -0.00259240 -0.00958012 0.00783579
v -0.00253259 -0.00960887 0.00783579
v -0.00246795 -0.00945526 0.00800246
v -0.00251928 -0.00979082 0.00766913
v -0.00243888 -0.00981126 0.00766913
v -0.00237343 -0.00998945 0.00750246
v -0.00227401 -0.01049440 0.00700246
v -0.00264906 -0.00954557 0.00783579
v -0.00259240 -0.00958012 0.00783579
v -0.00255529 -0.00940777 0.00800246
v -0.00259724 -0.00976249 0.00766913
v -0.00251928 -0.00979082 0.00766913
v -0.00247186 -0.00997463 0.00750246
v -0.00237343 -0.00998945 0.00750246
v -0.00270199 -0.00950555 0.00783579
v -0.00255529 -0.00940777 0.00800246
v -0.00263152 -0.00934395 0.00800246
v -0.00270199 -0.00950555 0.00783579
v -0.00264906 -0.00954557 0.00783579
v -0.00255529 -0.00940777 0.00800246
v -0.00267200 -0.00972655 0.00766913
v -0.00259724 -0.00976249 0.00766913
v -0.00256833 -0.00995011 0.00750246
v -0.00247186 -0.00997463 0.00750246
v -0.00275069 -0.00946047 0.00783579
v -0.00270199 -0.00950555 0.00783579
v -0.00263152 -0.00934395 0.00800246
v -0.00239000 -0.01015529 0.00733579
v -0.00274282 -0.00968336 0.00766913
v -0.00267200 -0.00972655 0.00766913
v -0.00266189 -0.00991611 0.00750246
v -0.00256833 -0.00995011 0.00750246
v -0.00279466 -0.00941077 0.00783579
v -0.00263152 -0.00934395 0.00800246
v -0.00269361 -0.00926631 0.00800246
v -0.00279466 -0.00941077 0.00783579
v -0.00275069 -0.00946047 0.00783579
v -0.00263152 -0.00934395 0.00800246
v -0.00250483 -0.01013800 0.00733579
v -0.00239000 -0.01015529 0.00733579
v -0.00280899 -0.00963334 0.00766913
v -0.00274282 -0.00968336 0.00766913
v -0.00275160 -0.00987298 0.00750246
v -0.00266189 -0.00991611 0.00750246
v -0.00283348 -0.00935695 0.00783579
v -0.00279466 -0.00941077 0.00783579
v -0.00269361 -0.00926631 0.00800246
v -0.00261738 -0.01010939 0.00733579
v -0.00250483 -0.01013800 0.00733579
v -0.00286986 -0.00957699 0.00766913
v -0.00280899 -0.00963334 0.00766913
v -0.00240657 -0.01032113 0.00716913
v -0.00237352 -0.01049109 0.00700246
v -0.00227401 -0.01049440 0.00700246
v -0.00240657 -0.01032113 0.00716913
v -0.00247259 -0.01048120 0.00700246
v -0.00237352 -0.01049109 0.00700246
v -0.00240657 -0.01032113 0.00716913
v -0.00283658 -0.00982115 0.00750246
v -0.00275160 -0.00987298 0.00750246
v -0.00286675 -0.00929953 0.00783579
v -0.00269361 -0.00926631 0.00800246
v -0.00273911 -0.00917792 0.00800246
v -0.00286675 -0.00929953 0.00783579
v -0.00283348 -0.00935695 0.00783579
v -0.00269361 -0.00926631 0.00800246
v -0.00272653 -0.01006973 0.00733579
v -0.00261738 -0.01010939 0.00733579
v -0.00292483 -0.00951486 0.00766913
v -0.00286986 -0.00957699 0.00766913
v -0.00253781 -0.01030138 0.00716913
v -0.00257078 -0.01046475 0.00700246
v -0.00247259 -0.01048120 0.00700246
v -0.00253781 -0.01030138 0.00716913
v -0.00266767 -0.01044182 0.00700246
v -0.00257078 -0.01046475 0.00700246
v -0.00253781 -0.01030138 0.00716913
v -0.00240657 -0.01032113 0.00716913
v -0.00253781 -0.01030138 0.00716913
v -0.00247259 -0.01048120 0.00700246
v -0.00240657 -0.01032113 0.00716913
v -0.00291598 -0.00976113 0.00750246
v -0.00283658 -0.00982115 0.00750246
v -0.00289415 -0.00923909 0.00783579
v -0.00286675 -0.00929953 0.00783579
v -0.00273911 -0.00917792 0.00800246
v -0.00283120 -0.01001941 0.00733579
v -0.00272653 -0.01006973 0.00733579
v -0.00297335 -0.00944758 0.00766913
v -0.00292483 -0.00951486 0.00766913
v -0.00297335 -0.00944758 0.00766913
v -0.00266644 -0.01026867 0.00716913
v -0.00276282 -0.01041252 0.00700246
v -0.00266767 -0.01044182 0.00700246
v -0.00266644 -0.01026867 0.00716913
v -0.00266767 -0.01044182 0.00700246
v -0.00253781 -0.01030138 0.00716913
v -0.00266644 -0.01026867 0.00716913
v -0.00253781 -0.01030138 0.00716913
v -0.00298903 -0.00969351 0.00750246
v -0.00298903 -0.00969351 0.00750246
v -0.00291598 -0.00976113 0.00750246
v -0.00291540 -0.00917623 0.00783579
v -0.00273911 -0.00917792 0.00800246
v -0.00276623 -0.00908227 0.00800246
v -0.00291540 -0.00917623 0.00783579
v -0.00289415 -0.00923909 0.00783579
v -0.00273911 -0.00917792 0.00800246
v -0.00293034 -0.00995894 0.00733579
v -0.00283120 -0.01001941 0.00733579
v -0.00301493 -0.00937581 0.00766913
v -0.00279118 -0.01022335 0.00716913
v -0.00285582 -0.01037697 0.00700246
v -0.00276282 -0.01041252 0.00700246
v -0.00279118 -0.01022335 0.00716913
v -0.00294626 -0.01033533 0.00700246
v -0.00285582 -0.01037697 0.00700246
v -0.00279118 -0.01022335 0.00716913
v -0.00279118 -0.01022335 0.00716913
v -0.00276282 -0.01041252 0.00700246
v -0.00266644 -0.01026867 0.00716913
v -0.00266644 -0.01026867 0.00716913
v -0.00279118 -0.01022335 0.00716913
v -0.00305499 -0.00961896 0.00750246
v -0.00293030 -0.00911156 0.00783579
v -0.00291540 -0.00917623 0.00783579
v -0.00276623 -0.00908227 0.00800246
v -0.00302298 -0.00988892 0.00733579
v -0.00293034 -0.00995894 0.00733579
v -0.00304918 -0.00930026 0.00766913
v -0.00301493 -0.00937581 0.00766913
v -0.00291079 -0.01016584 0.00716913
v -0.00291079 -0.01016584 0.00716913
v -0.00303373 -0.01028778 0.00700246
v -0.00294626 -0.01033533 0.00700246
v -0.00291079 -0.01016584 0.00716913
v -0.00294626 -0.01033533 0.00700246
v -0.00279118 -0.01022335 0.00716913
v -0.00311321 -0.00953822 0.00750246
v -0.00305499 -0.00961896 0.00750246
v -0.00293870 -0.00904573 0.00783579
v -0.00276623 -0.00908227 0.00800246
v -0.00277388 -0.00898315 0.00800246
v -0.00293870 -0.00904573 0.00783579
v -0.00293030 -0.00911156 0.00783579
v -0.00276623 -0.00908227 0.00800246
v -0.00310820 -0.00981002 0.00733579
v -0.00302298 -0.00988892 0.00733579
v -0.00307575 -0.00922168 0.00766913
v -0.00304918 -0.00930026 0.00766913
v -0.00302410 -0.01009674 0.00716913
v -0.00311786 -0.01023453 0.00700246
v -0.00303373 -0.01028778 0.00700246
v -0.00302410 -0.01009674 0.00716913
v -0.00319827 -0.01017582 0.00700246
v -0.00311786 -0.01023453 0.00700246
v -0.00302410 -0.01009674 0.00716913
v -0.00303373 -0.01028778 0.00700246
v -0.00291079 -0.01016584 0.00716913
v -0.00316312 -0.00945210 0.00750246
v -0.00311321 -0.00953822 0.00750246
v -0.00294051 -0.00897940 0.00783579
v -0.00293870 -0.00904573 0.00783579
v -0.00277388 -0.00898315 0.00800246
v -0.00318515 -0.00972305 0.00733579
v -0.00310820 -0.00981002 0.00733579
v -0.00309437 -0.00914085 0.00766913
v -0.00307575 -0.00922168 0.00766913
v -0.00312997 -0.01001670 0.00716913
v -0.00312997 -0.01001670 0.00716913
v -0.00319827 -0.01017582 0.00700246
v -0.00302410 -0.01009674 0.00716913
v -0.00312997 -0.01001670 0.00716913
v -0.00327461 -0.01011190 0.00700246
v -0.00319827 -0.01017582 0.00700246
v -0.00302410 -0.01009674 0.00716913
v -0.00320422 -0.00936144 0.00750246
v -0.00316312 -0.00945210 0.00750246
v -0.00293572 -0.00891321 0.00783579
v -0.00277388 -0.00898315 0.00800246
v -0.00276178 -0.00888447 0.00800246
v -0.00293572 -0.00891321 0.00783579
v -0.00294051 -0.00897940 0.00783579
v -0.00277388 -0.00898315 0.00800246
v -0.00325308 -0.00962886 0.00733579
v -0.00325308 -0.00962886 0.00733579
v -0.00318515 -0.00972305 0.00733579
v -0.00310487 -0.00905857 0.00766913
v -0.00309437 -0.00914085 0.00766913
v -0.00322737 -0.00992654 0.00716913
v -0.00312997 -0.01001670 0.00716913
v -0.00322737 -0.00992654 0.00716913
v -0.00334654 -0.01004306 0.00700246
v -0.00327461 -0.01011190 0.00700246
v -0.00322737 -0.00992654 0.00716913
v -0.00341374 -0.00996960 0.00700246
v -0.00334654 -0.01004306 0.00700246
v -0.00327461 -0.01011190 0.00700246
v -0.00323610 -0.00926714 0.00750246
v -0.00320422 -0.00936144 0.00750246
v -0.00292437 -0.00884783 0.00783579
v -0.00293572 -0.00891321 0.00783579
v -0.00276178 -0.00888447 0.00800246
v -0.00331130 -0.00952838 0.00733579
v -0.00310713 -0.00897565 0.00766913
v -0.00310713 -0.00897565 0.00766913
v -0.00310487 -0.00905857 0.00766913
v -0.00331532 -0.00982714 0.00716913
v -0.00322737 -0.00992654 0.00716913
v -0.00331532 -0.00982714 0.00716913
v -0.00347592 -0.00989184 0.00700246
v -0.00341374 -0.00996960 0.00700246
v -0.00341374 -0.00996960 0.00700246
v -0.00325845 -0.00917014 0.00750246
v -0.00323610 -0.00926714 0.00750246
v -0.00290657 -0.00878390 0.00783579
v -0.00276178 -0.00888447 0.00800246
v -0.00273039 -0.00879014 0.00800246
v -0.00290657 -0.00878390 0.00783579
v -0.00292437 -0.00884783 0.00783579
v -0.00276178 -0.00888447 0.00800246
v -0.00335925 -0.00942261 0.00733579
v -0.00331130 -0.00952838 0.00733579
v -0.00310114 -0.00889292 0.00766913
v -0.00310114 -0.00889292 0.00766913
v -0.00339295 -0.00971949 0.00716913
v -0.00353281 -0.00981013 0.00700246
v -0.00347592 -0.00989184 0.00700246
v -0.00339295 -0.00971949 0.00716913
v -0.00358415 -0.00972483 0.00700246
v -0.00353281 -0.00981013 0.00700246
v -0.00339295 -0.00971949 0.00716913
v -0.00347592 -0.00989184 0.00700246
v -0.00331532 -0.00982714 0.00716913
v -0.00339295 -0.00971949 0.00716913
v -0.00327104 -0.00907140 0.00750246
v -0.00325845 -0.00917014 0.00750246
v -0.00339645 -0.00931260 0.00733579
v -0.00335925 -0.00942261 0.00733579
v -0.00308696 -0.00881119 0.00766913
v -0.00345949 -0.00960466 0.00716913
v -0.00362972 -0.00963631 0.00700246
v -0.00358415 -0.00972483 0.00700246
v -0.00345949 -0.00960466 0.00716913
v -0.00358415 -0.00972483 0.00700246
v -0.00327376 -0.00897190 0.00750246
v -0.00327104 -0.00907140 0.00750246
v -0.00342252 -0.00919943 0.00733579
v -0.00339645 -0.00931260 0.00733579
v -0.00306471 -0.00873127 0.00766913
v -0.00308696 -0.00881119 0.00766913
v -0.00306471 -0.00873127 0.00766913
v -0.00290657 -0.00878390 0.00783579
v -0.00273039 -0.00879014 0.00800246
v -0.00351429 -0.00948378 0.00716913
v -0.00345949 -0.00960466 0.00716913
v -0.00362972 -0.00963631 0.00700246
v -0.00351429 -0.00948378 0.00716913
v -0.00366932 -0.00954495 0.00700246
v -0.00362972 -0.00963631 0.00700246
v -0.00351429 -0.00948378 0.00716913
v -0.00370277 -0.00945118 0.00700246
v -0.00366932 -0.00954495 0.00700246
v -0.00326657 -0.00887262 0.00750246
v -0.00327376 -0.00897190 0.00750246
v -0.00343721 -0.00908423 0.00733579
v -0.00342252 -0.00919943 0.00733579
v -0.00343721 -0.00908423 0.00733579
v -0.00355679 -0.00935805 0.00716913
v -0.00351429 -0.00948378 0.00716913
v -0.00355679 -0.00935805 0.00716913
v -0.00372993 -0.00935539 0.00700246
v -0.00370277 -0.00945118 0.00700246
v -0.00370277 -0.00945118 0.00700246
v -0.00324954 -0.00877455 0.00750246
v -0.00326657 -0.00887262 0.00750246
v -0.00344038 -0.00896815 0.00733579
v -0.00358659 -0.00922872 0.00716913
v -0.00355679 -0.00935805 0.00716913
v -0.00372993 -0.00935539 0.00700246
v -0.00358659 -0.00922872 0.00716913
v -0.00375067 -0.00925801 0.00700246
v -0.00372993 -0.00935539 0.00700246
v -0.00358659 -0.00922872 0.00716913
v -0.00376490 -0.00915947 0.00700246
v -0.00375067 -0.00925801 0.00700246
v -0.00322285 -0.00867865 0.00750246
v -0.00364314 -0.00838162 0.00700246
v -0.00322285 -0.00867865 0.00750246
v -0.00324954 -0.00877455 0.00750246
v -0.00343199 -0.00885232 0.00733579
v -0.00344038 -0.00896815 0.00733579
v -0.00343199 -0.00885232 0.00733579
v -0.00360339 -0.00909707 0.00716913
v -0.00376490 -0.00915947 0.00700246
v -0.00358659 -0.00922872 0.00716913
v -0.00360339 -0.00909707 0.00716913
v -0.00377257 -0.00906020 0.00700246
v -0.00376490 -0.00915947 0.00700246
v -0.00341213 -0.00873790 0.00733579
v -0.00360701 -0.00896440 0.00716913
v -0.00360339 -0.00909707 0.00716913
v -0.00360701 -0.00896440 0.00716913
v -0.00377363 -0.00896065 0.00700246
v -0.00377257 -0.00906020 0.00700246
v -0.00360701 -0.00896440 0.00716913
v -0.00376809 -0.00886124 0.00700246
v -0.00377363 -0.00896065 0.00700246
v -0.00360701 -0.00896440 0.00716913
v -0.00377257 -0.00906020 0.00700246
v -0.00360339 -0.00909707 0.00716913
v -0.00338099 -0.00862603 0.00733579
v -0.00341213 -0.00873790 0.00733579
v -0.00338099 -0.00862603 0.00733579
v -0.00359742 -0.00883203 0.00716913
v -0.00359742 -0.00883203 0.00716913
v -0.00375596 -0.00876242 0.00700246
v -0.00376809 -0.00886124 0.00700246
v -0.00360701 -0.00896440 0.00716913
v -0.00359742 -0.00883203 0.00716913
v -0.00376809 -0.00886124 0.00700246
v -0.00360701 -0.00896440 0.00716913
v -0.00357472 -0.00870126 0.00716913
v -0.00373731 -0.00866462 0.00700246
v -0.00375596 -0.00876242 0.00700246
v -0.00357472 -0.00870126 0.00716913
v -0.00371221 -0.00856827 0.00700246
v -0.00373731 -0.00866462 0.00700246
v -0.00357472 -0.00870126 0.00716913
v -0.00357472 -0.00870126 0.00716913
v -0.00375596 -0.00876242 0.00700246
v -0.00359742 -0.00883203 0.00716913
v -0.00359742 -0.00883203 0.00716913
v -0.00353913 -0.00857340 0.00716913
v -0.00357472 -0.00870126 0.00716913
v -0.00353913 -0.00857340 0.00716913
v -0.00368077 -0.00847380 0.00700246
v -0.00371221 -0.00856827 0.00700246
v -0.00353913 -0.00857340 0.00716913
v -0.00364314 -0.00838162 0.00700246
v -0.00368077 -0.00847380 0.00700246
v -0.00353913 -0.00857340 0.00716913
v -0.00371221 -0.00856827 0.00700246
v -0.00273039 -0.00879014 0.00800246
v 0.00131013 0.00023763 0.00800246
v 0.00039738 0.00064614 0.00700246
v -0.00364314 -0.00838162 0.00700246
v 0.00431922 0.00901469 0.00961335
v 0.00431335 0.00886491 0.00970505
v 0.00439018 0.00908566 0.00984015
v 0.00423946 0.00893493 0.00938522
v 0.00422978 0.00862485 0.00957227
v 0.00431335 0.00886491 0.00970505
v 0.00423946 0.00893493 0.00938522
v 0.00431335 0.00886491 0.00970505
v 0.00431922 0.00901469 0.00961335
v 0.00413164 0.00882712 0.00910845
v 0.00413949 0.00836548 0.00944218
v 0.00422978 0.00862485 0.00957227
v 0.00413164 0.00882712 0.00910845
v 0.00404553 0.00809554 0.00931897
v 0.00413949 0.00836548 0.00944218
v 0.00413164 0.00882712 0.00910845
v 0.00422978 0.00862485 0.00957227
v 0.00423946 0.00893493 0.00938522
v 0.00399996 0.00869543 0.00880591
v 0.00404553 0.00809554 0.00931897
v 0.00413164 0.00882712 0.00910845
v 0.00384653 0.00835262 0.00861225
v 0.00394493 0.00780656 0.00919858
v 0.00404553 0.00809554 0.00931897
v 0.00384653 0.00835262 0.00861225
v 0.00404553 0.00809554 0.00931897
v 0.00399996 0.00869543 0.00880591
v 0.00368290 0.00798703 0.00842751
v 0.00383769 0.00749852 0.00908142
v 0.00394493 0.00780656 0.00919858
v 0.00368290 0.00798703 0.00842751
v 0.00394493 0.00780656 0.00919858
v 0.00384653 0.00835262 0.00861225
v 0.00345749 0.00748338 0.00820310
v 0.00369063 0.00707603 0.00893668
v 0.00383769 0.00749852 0.00908142
v 0.00345749 0.00748338 0.00820310
v 0.00351110 0.00656033 0.00878111
v 0.00369063 0.00707603 0.00893668
v 0.00345749 0.00748338 0.00820310
v 0.00383769 0.00749852 0.00908142
v 0.00368290 0.00798703 0.00842751
v 0.00321674 0.00694548 0.00799516
v 0.00332585 0.00602814 0.00864119
v 0.00351110 0.00656033 0.00878111
v 0.00321674 0.00694548 0.00799516
v 0.00351110 0.00656033 0.00878111
v 0.00345749 0.00748338 0.00820310
v 0.00296184 0.00637595 0.00780473
v 0.00312651 0.00545550 0.00851067
v 0.00332585 0.00602814 0.00864119
v 0.00296184 0.00637595 0.00780473
v 0.00332585 0.00602814 0.00864119
v 0.00321674 0.00694548 0.00799516
v 0.00269408 0.00577769 0.00763271
v 0.00292521 0.00487721 0.00839738
v 0.00312651 0.00545550 0.00851067
v 0.00269408 0.00577769 0.00763271
v 0.00312651 0.00545550 0.00851067
v 0.00296184 0.00637595 0.00780473
v 0.00241472 0.00515352 0.00747999
v 0.00263873 0.00405427 0.00826443
v 0.00292521 0.00487721 0.00839738
v 0.00241472 0.00515352 0.00747999
v 0.00292521 0.00487721 0.00839738
v 0.00269408 0.00577769 0.00763271
v 0.00209773 0.00444526 0.00733609
v 0.00263873 0.00405427 0.00826443
v 0.00241472 0.00515352 0.00747999
v 0.00173969 0.00364528 0.00720733
v 0.00230652 0.00309995 0.00814728
v 0.00263873 0.00405427 0.00826443
v 0.00173969 0.00364528 0.00720733
v 0.00263873 0.00405427 0.00826443
v 0.00209773 0.00444526 0.00733609
v 0.00140384 0.00289488 0.00711648
v 0.00197223 0.00213956 0.00806565
v 0.00230652 0.00309995 0.00814728
v 0.00140384 0.00289488 0.00711648
v 0.00230652 0.00309995 0.00814728
v 0.00173969 0.00364528 0.00720733
v 0.00090368 0.00177739 0.00703109
v 0.00164264 0.00119282 0.00801829
v 0.00197223 0.00213956 0.00806565
v 0.00090368 0.00177739 0.00703109
v 0.00197223 0.00213956 0.00806565
v 0.00140384 0.00289488 0.00711648
v 0.00039738 0.00064614 0.00700246
v 0.00131013 0.00023763 0.00800246
v 0.00164264 0.00119282 0.00801829
v 0.00039738 0.00064614 0.00700246
v 0.00164264 0.00119282 0.00801829
v 0.00090368 0.00177739 0.00703109
v 0.00584346 0.00776698 0.04615628
v 0.00601013 0.00775064 0.04599042
v 0.00601013 0.00787243 0.04597540
v 0.00584346 0.00776698 0.04615628
v 0.00601013 0.00762827 0.04599945
v 0.00601013 0.00775064 0.04599042
v 0.00584346 0.00776698 0.04615628
v 0.00601013 0.00750560 0.04600246
v 0.00601013 0.00762827 0.04599945
v 0.00567680 0.00778332 0.04632215
v 0.00551013 0.00750560 0.04650246
v 0.00601013 0.00750560 0.04600246
v 0.00567680 0.00778332 0.04632215
v 0.00551013 0.00794579 0.04646999
v 0.00551013 0.00779965 0.04648801
v 0.00567680 0.00778332 0.04632215
v 0.00551013 0.00779965 0.04648801
v 0.00551013 0.00765280 0.04649884
v 0.00567680 0.00778332 0.04632215
v 0.00551013 0.00765280 0.04649884
v 0.00551013 0.00750560 0.04650246
v 0.00584346 0.00776698 0.04615628
v 0.00584346 0.00802584 0.04611789
v 0.00601013 0.00799333 0.04595442
v 0.00601013 0.00811305 0.04592754
v 0.00584346 0.00802584 0.04611789
v 0.00601013 0.00787243 0.04597540
v 0.00601013 0.00799333 0.04595442
v 0.00584346 0.00802584 0.04611789
v 0.00584346 0.00776698 0.04615628
v 0.00601013 0.00787243 0.04597540
v 0.00567680 0.00805836 0.04628135
v 0.00551013 0.00794579 0.04646999
v 0.00567680 0.00778332 0.04632215
v 0.00567680 0.00805836 0.04628135
v 0.00551013 0.00823454 0.04641255
v 0.00551013 0.00809087 0.04644481
v 0.00567680 0.00805836 0.04628135
v 0.00551013 0.00809087 0.04644481
v 0.00551013 0.00794579 0.04646999
v 0.00567680 0.00805836 0.04628135
v 0.00584346 0.00776698 0.04615628
v 0.00584346 0.00802584 0.04611789
v 0.00567680 0.00778332 0.04632215
v 0.00584346 0.00827969 0.04605430
v 0.00601013 0.00823131 0.04589481
v 0.00601013 0.00834783 0.04585632
v 0.00584346 0.00827969 0.04605430
v 0.00601013 0.00811305 0.04592754
v 0.00601013 0.00823131 0.04589481
v 0.00584346 0.00827969 0.04605430
v 0.00584346 0.00802584 0.04611789
v 0.00601013 0.00811305 0.04592754
v 0.00567680 0.00832807 0.04621379
v 0.00584346 0.00802584 0.04611789
v 0.00584346 0.00827969 0.04605430
v 0.00567680 0.00832807 0.04621379
v 0.00551013 0.00851627 0.04632709
v 0.00551013 0.00837645 0.04637328
v 0.00567680 0.00832807 0.04621379
v 0.00551013 0.00837645 0.04637328
v 0.00551013 0.00823454 0.04641255
v 0.00567680 0.00805836 0.04628135
v 0.00567680 0.00832807 0.04621379
v 0.00551013 0.00823454 0.04641255
v 0.00567680 0.00805836 0.04628135
v 0.00584346 0.00852609 0.04596614
v 0.00601013 0.00846231 0.04581216
v 0.00601013 0.00857449 0.04576243
v 0.00584346 0.00852609 0.04596614
v 0.00601013 0.00834783 0.04585632
v 0.00601013 0.00846231 0.04581216
v 0.00584346 0.00852609 0.04596614
v 0.00584346 0.00827969 0.04605430
v 0.00601013 0.00834783 0.04585632
v 0.00567680 0.00858987 0.04612012
v 0.00551013 0.00878827 0.04621443
v 0.00551013 0.00865365 0.04627410
v 0.00567680 0.00858987 0.04612012
v 0.00551013 0.00865365 0.04627410
v 0.00551013 0.00851627 0.04632709
v 0.00567680 0.00858987 0.04612012
v 0.00584346 0.00827969 0.04605430
v 0.00584346 0.00852609 0.04596614
v 0.00567680 0.00832807 0.04621379
v 0.00567680 0.00858987 0.04612012
v 0.00551013 0.00851627 0.04632709
v 0.00567680 0.00832807 0.04621379
v 0.00584346 0.00876266 0.04585425
v 0.00584346 0.00852609 0.04596614
v 0.00601013 0.00857449 0.04576243
v 0.00584346 0.00876266 0.04585425
v 0.00601013 0.00868409 0.04570726
v 0.00601013 0.00879086 0.04564678
v 0.00584346 0.00876266 0.04585425
v 0.00601013 0.00857449 0.04576243
v 0.00601013 0.00868409 0.04570726
v 0.00567680 0.00884122 0.04600124
v 0.00584346 0.00852609 0.04596614
v 0.00584346 0.00876266 0.04585425
v 0.00567680 0.00884122 0.04600124
v 0.00551013 0.00904791 0.04607565
v 0.00551013 0.00891979 0.04614822
v 0.00567680 0.00884122 0.04600124
v 0.00551013 0.00891979 0.04614822
v 0.00551013 0.00878827 0.04621443
v 0.00567680 0.00884122 0.04600124
v 0.00551013 0.00878827 0.04621443
v 0.00567680 0.00858987 0.04612012
v 0.00567680 0.00858987 0.04612012
v 0.00584346 0.00898712 0.04571971
v 0.00601013 0.00889453 0.04558113
v 0.00601013 0.00899485 0.04551048
v 0.00584346 0.00898712 0.04571971
v 0.00601013 0.00879086 0.04564678
v 0.00601013 0.00889453 0.04558113
v 0.00584346 0.00898712 0.04571971
v 0.00584346 0.00876266 0.04585425
v 0.00601013 0.00879086 0.04564678
v 0.00567680 0.00907972 0.04585829
v 0.00584346 0.00876266 0.04585425
v 0.00584346 0.00898712 0.04571971
v 0.00567680 0.00907972 0.04585829
v 0.00551013 0.00929270 0.04591208
v 0.00551013 0.00917231 0.04599687
v 0.00567680 0.00907972 0.04585829
v 0.00551013 0.00917231 0.04599687
v 0.00551013 0.00904791 0.04607565
v 0.00567680 0.00884122 0.04600124
v 0.00567680 0.00907972 0.04585829
v 0.00551013 0.00904791 0.04607565
v 0.00567680 0.00884122 0.04600124
v 0.00584346 0.00919732 0.04556382
v 0.00567680 0.00907972 0.04585829
v 0.00584346 0.00898712 0.04571971
v 0.00584346 0.00919732 0.04556382
v 0.00601013 0.00909158 0.04543499
v 0.00601013 0.00918450 0.04535484
v 0.00584346 0.00919732 0.04556382
v 0.00601013 0.00899485 0.04551048
v 0.00601013 0.00909158 0.04543499
v 0.00584346 0.00919732 0.04556382
v 0.00584346 0.00898712 0.04571971
v 0.00601013 0.00899485 0.04551048
v 0.00567680 0.00930305 0.04569265
v 0.00567680 0.00930305 0.04569265
v 0.00551013 0.00952028 0.04572531
v 0.00551013 0.00940878 0.04582149
v 0.00567680 0.00930305 0.04569265
v 0.00551013 0.00940878 0.04582149
v 0.00551013 0.00929270 0.04591208
v 0.00567680 0.00930305 0.04569265
v 0.00551013 0.00929270 0.04591208
v 0.00567680 0.00907972 0.04585829
v 0.00584346 0.00939122 0.04538808
v 0.00601013 0.00927337 0.04527023
v 0.00601013 0.00935798 0.04518135
v 0.00584346 0.00939122 0.04538808
v 0.00601013 0.00918450 0.04535484
v 0.00601013 0.00927337 0.04527023
v 0.00584346 0.00939122 0.04538808
v 0.00567680 0.00930305 0.04569265
v 0.00584346 0.00919732 0.04556382
v 0.00584346 0.00939122 0.04538808
v 0.00584346 0.00919732 0.04556382
v 0.00601013 0.00918450 0.04535484
v 0.00567680 0.00950907 0.04550593
v 0.00567680 0.00950907 0.04550593
v 0.00551013 0.00972845 0.04551714
v 0.00551013 0.00962692 0.04562378
v 0.00567680 0.00950907 0.04550593
v 0.00551013 0.00962692 0.04562378
v 0.00551013 0.00952028 0.04572531
v 0.00567680 0.00950907 0.04550593
v 0.00551013 0.00952028 0.04572531
v 0.00567680 0.00930305 0.04569265
v 0.00584346 0.00956696 0.04519418
v 0.00601013 0.00943813 0.04508844
v 0.00601013 0.00951362 0.04499171
v 0.00584346 0.00956696 0.04519418
v 0.00601013 0.00935798 0.04518135
v 0.00601013 0.00943813 0.04508844
v 0.00584346 0.00956696 0.04519418
v 0.00584346 0.00939122 0.04538808
v 0.00601013 0.00935798 0.04518135
v 0.00567680 0.00969580 0.04529991
v 0.00584346 0.00939122 0.04538808
v 0.00584346 0.00956696 0.04519418
v 0.00567680 0.00950907 0.04550593
v 0.00567680 0.00969580 0.04529991
v 0.00551013 0.00991522 0.04528956
v 0.00551013 0.00982463 0.04540564
v 0.00567680 0.00969580 0.04529991
v 0.00551013 0.00982463 0.04540564
v 0.00551013 0.00972845 0.04551714
v 0.00567680 0.00969580 0.04529991
v 0.00551013 0.00972845 0.04551714
v 0.00567680 0.00950907 0.04550593
v 0.00584346 0.00972285 0.04498398
v 0.00584346 0.00956696 0.04519418
v 0.00601013 0.00951362 0.04499171
v 0.00584346 0.00972285 0.04498398
v 0.00601013 0.00958428 0.04489138
v 0.00601013 0.00964992 0.04478772
v 0.00584346 0.00972285 0.04498398
v 0.00601013 0.00951362 0.04499171
v 0.00601013 0.00958428 0.04489138
v 0.00567680 0.00986143 0.04507658
v 0.00584346 0.00956696 0.04519418
v 0.00584346 0.00972285 0.04498398
v 0.00567680 0.00969580 0.04529991
v 0.00567680 0.00986143 0.04507658
v 0.00551013 0.01007879 0.04504477
v 0.00551013 0.01000001 0.04516917
v 0.00567680 0.00986143 0.04507658
v 0.00551013 0.01000001 0.04516917
v 0.00551013 0.00991522 0.04528956
v 0.00567680 0.00986143 0.04507658
v 0.00551013 0.00991522 0.04528956
v 0.00567680 0.00969580 0.04529991
v 0.00584346 0.00985739 0.04475952
v 0.00601013 0.00971040 0.04468095
v 0.00601013 0.00976557 0.04457135
v 0.00584346 0.00985739 0.04475952
v 0.00601013 0.00964992 0.04478772
v 0.00601013 0.00971040 0.04468095
v 0.00584346 0.00985739 0.04475952
v 0.00584346 0.00972285 0.04498398
v 0.00601013 0.00964992 0.04478772
v 0.00567680 0.01000438 0.04483808
v 0.00551013 0.01007879 0.04504477
v 0.00567680 0.00986143 0.04507658
v 0.00567680 0.01000438 0.04483808
v 0.00567680 0.00986143 0.04507658
v 0.00584346 0.00972285 0.04498398
v 0.00584346 0.00985739 0.04475952
v 0.00567680 0.01000438 0.04483808
v 0.00551013 0.01021757 0.04478513
v 0.00551013 0.01015136 0.04491665
v 0.00567680 0.01000438 0.04483808
v 0.00551013 0.01015136 0.04491665
v 0.00551013 0.01007879 0.04504477
v 0.00584346 0.00996928 0.04452295
v 0.00601013 0.00981530 0.04445917
v 0.00601013 0.00985946 0.04434468
v 0.00584346 0.00996928 0.04452295
v 0.00601013 0.00976557 0.04457135
v 0.00601013 0.00981530 0.04445917
v 0.00584346 0.00996928 0.04452295
v 0.00584346 0.00985739 0.04475952
v 0.00601013 0.00976557 0.04457135
v 0.00567680 0.01012326 0.04458673
v 0.00567680 0.01000438 0.04483808
v 0.00584346 0.00985739 0.04475952
v 0.00567680 0.01012326 0.04458673
v 0.00551013 0.01033023 0.04451313
v 0.00551013 0.01027724 0.04465051
v 0.00567680 0.01012326 0.04458673
v 0.00551013 0.01027724 0.04465051
v 0.00551013 0.01021757 0.04478513
v 0.00567680 0.01012326 0.04458673
v 0.00551013 0.01021757 0.04478513
v 0.00567680 0.01000438 0.04483808
v 0.00584346 0.00996928 0.04452295
v 0.00584346 0.01005744 0.04427655
v 0.00601013 0.00989795 0.04422817
v 0.00601013 0.00993068 0.04410991
v 0.00584346 0.01005744 0.04427655
v 0.00601013 0.00985946 0.04434468
v 0.00601013 0.00989795 0.04422817
v 0.00584346 0.01005744 0.04427655
v 0.00584346 0.00996928 0.04452295
v 0.00601013 0.00985946 0.04434468
v 0.00567680 0.01021693 0.04432493
v 0.00551013 0.01041569 0.04423140
v 0.00551013 0.01037642 0.04437331
v 0.00567680 0.01021693 0.04432493
v 0.00551013 0.01037642 0.04437331
v 0.00551013 0.01033023 0.04451313
v 0.00567680 0.01021693 0.04432493
v 0.00551013 0.01033023 0.04451313
v 0.00567680 0.01012326 0.04458673
v 0.00567680 0.01021693 0.04432493
v 0.00567680 0.01012326 0.04458673
v 0.00584346 0.00996928 0.04452295
v 0.00584346 0.01005744 0.04427655
v 0.00584346 0.01012103 0.04402270
v 0.00601013 0.00995756 0.04399018
v 0.00601013 0.00997854 0.04386929
v 0.00584346 0.01012103 0.04402270
v 0.00601013 0.00993068 0.04410991
v 0.00601013 0.00995756 0.04399018
v 0.00584346 0.01012103 0.04402270
v 0.00584346 0.01005744 0.04427655
v 0.00601013 0.00993068 0.04410991
v 0.00567680 0.01028449 0.04405521
v 0.00551013 0.01041569 0.04423140
v 0.00567680 0.01021693 0.04432493
v 0.00567680 0.01028449 0.04405521
v 0.00567680 0.01021693 0.04432493
v 0.00584346 0.01005744 0.04427655
v 0.00567680 0.01028449 0.04405521
v 0.00551013 0.01047313 0.04394265
v 0.00551013 0.01044796 0.04408773
v 0.00567680 0.01028449 0.04405521
v 0.00551013 0.01044796 0.04408773
v 0.00551013 0.01041569 0.04423140
v 0.00584346 0.01012103 0.04402270
v 0.00584346 0.01015943 0.04376384
v 0.00601013 0.01000259 0.04362513
v 0.00601013 0.01000560 0.04350246
v 0.00584346 0.01015943 0.04376384
v 0.00601013 0.00999356 0.04374750
v 0.00601013 0.01000259 0.04362513
v 0.00584346 0.01015943 0.04376384
v 0.00601013 0.00997854 0.04386929
v 0.00601013 0.00999356 0.04374750
v 0.00584346 0.01015943 0.04376384
v 0.00584346 0.01012103 0.04402270
v 0.00601013 0.00997854 0.04386929
v 0.00567680 0.01032529 0.04378017
v 0.00551013 0.01047313 0.04394265
v 0.00567680 0.01028449 0.04405521
v 0.00567680 0.01032529 0.04378017
v 0.00567680 0.01028449 0.04405521
v 0.00584346 0.01012103 0.04402270
v 0.00584346 0.01015943 0.04376384
v 0.00567680 0.01032529 0.04378017
v 0.00601013 0.01000560 0.04350246
v 0.00551013 0.01050560 0.04350246
v 0.00567680 0.01032529 0.04378017
v 0.00551013 0.01050560 0.04350246
v 0.00551013 0.01050199 0.04364966
v 0.00567680 0.01032529 0.04378017
v 0.00551013 0.01050199 0.04364966
v 0.00551013 0.01049115 0.04379651
v 0.00567680 0.01032529 0.04378017
v 0.00551013 0.01049115 0.04379651
v 0.00551013 0.01047313 0.04394265
v 0.00584346 0.01015943 0.04376384
v -0.00587208 -0.01723440 0.00030246
v -0.00604528 -0.01733440 0.00020246
v -0.00597209 -0.01726120 0.00027566
v -0.00607208 -0.01743439 0.00010247
v -0.00604528 -0.01753440 0.00000246
v 0.00794971 -0.01733440 0.00020246
v 0.00777650 -0.01723440 0.00030246
v 0.00787652 -0.01726120 0.00027566
v 0.00797650 -0.01743439 0.00010247
v 0.00794971 -0.01753440 0.00000246
v 0.00601013 0.00750560 0.04600246
v 0.00551013 -0.00749440 0.04650246
v 0.00601013 -0.00749440 0.04600246
v 0.00551013 0.00750560 0.04650246
v 0.00818477 -0.01665051 0.00100246
v 0.00803943 -0.01678191 0.00100246
v 0.00811371 -0.01671799 0.00100246
v 0.00825244 -0.01657963 0.00100246
v 0.00843353 -0.01634832 0.00100246
v 0.00848610 -0.01626562 0.00100246
v 0.00837697 -0.01642835 0.00100246
v 0.00857878 -0.01609299 0.00100246
v 0.00796210 -0.01684211 0.00100246
v 0.00831656 -0.01650552 0.00100246
v 0.00853456 -0.01618044 0.00100246
v 0.00779908 -0.01695080 0.00100246
v 0.00762620 -0.01704302 0.00100246
v 0.00771377 -0.01699903 0.00100246
v 0.00788192 -0.01689845 0.00100246
v 0.00744513 -0.01711788 0.00100246
v 0.00753658 -0.01708267 0.00100246
v 0.00735206 -0.01714857 0.00100246
v 0.00716198 -0.01719610 0.00100246
v 0.00725760 -0.01717467 0.00100246
v 0.00677245 -0.01723440 0.00100246
v 0.00696815 -0.01722480 0.00100246
v 0.00687042 -0.01723200 0.00100246
v 0.00706542 -0.01721283 0.00100246
v 0.00890176 -0.01539514 0.00100246
v 0.00953864 -0.01388886 0.00100246
v 0.00956833 -0.01379584 0.00100246
v 0.00950444 -0.01398031 0.00100246
v 0.00959344 -0.01370149 0.00100246
v 0.00961392 -0.01360602 0.00100246
v 0.00962972 -0.01350966 0.00100246
v 0.00964079 -0.01341265 0.00100246
v 0.00964712 -0.01331522 0.00100246
v 0.00963751 -0.01302269 0.00100246
v 0.00964868 -0.01321759 0.00100246
v 0.00964547 -0.01312001 0.00100246
v 0.00962481 -0.01292588 0.00100246
v 0.00955862 -0.01264078 0.00100246
v 0.00960740 -0.01282981 0.00100246
v 0.00958532 -0.01273470 0.00100246
v 0.00952737 -0.01254827 0.00100246
v 0.00940711 -0.01228143 0.00100246
v 0.00949165 -0.01245740 0.00100246
v 0.00945153 -0.01236838 0.00100246
v 0.00935851 -0.01219675 0.00100246
v 0.00924920 -0.01203500 0.00100246
v 0.00930583 -0.01211454 0.00100246
v 0.00918875 -0.01195832 0.00100246
v 0.00912464 -0.01188468 0.00100246
v 0.00905701 -0.01181426 0.00100246
v 0.00891184 -0.01168372 0.00100246
v 0.00883466 -0.01162393 0.00100246
v 0.00898602 -0.01174722 0.00100246
v 0.00875464 -0.01156797 0.00100246
v 0.00858691 -0.01146809 0.00100246
v 0.00867199 -0.01151598 0.00100246
v 0.00849958 -0.01142440 0.00100246
v 0.00813216 -0.01129370 0.00100246
v 0.00841023 -0.01138504 0.00100246
v 0.00831906 -0.01135008 0.00100246
v 0.00822630 -0.01131961 0.00100246
v 0.00803687 -0.01127242 0.00100246
v 0.00794065 -0.01125582 0.00100246
v 0.00774636 -0.01123678 0.00100246
v 0.00784374 -0.01124393 0.00100246
v 0.00764875 -0.01123440 0.00100246
v 0.00921035 -0.01469082 0.00100246
v -0.02789464 -0.01723440 0.00100246
v -0.02865822 -0.01578181 0.00100246
v -0.02935386 -0.01429549 0.00100246
v -0.02998006 -0.01277860 0.00100246
v -0.03053549 -0.01123440 0.00100246
v 0.00677245 -0.01723440 0.00100246
v 0.00677245 -0.01723440 -0.00449754
v 0.00687042 -0.01723200 -0.00449754
v 0.00687042 -0.01723200 0.00100246
v 0.00687042 -0.01723200 -0.00449754
v 0.00696815 -0.01722480 -0.00449754
v 0.00687042 -0.01723200 0.00100246
v 0.00696815 -0.01722480 0.00100246
v 0.00696815 -0.01722480 -0.00449754
v 0.00706542 -0.01721283 -0.00449754
v 0.00696815 -0.01722480 0.00100246
v 0.00706542 -0.01721283 0.00100246
v 0.00706542 -0.01721283 -0.00449754
v 0.00716198 -0.01719610 -0.00449754
v 0.00706542 -0.01721283 0.00100246
v 0.00716198 -0.01719610 0.00100246
v 0.00716198 -0.01719610 -0.00449754
v 0.00725760 -0.01717467 -0.00449754
v 0.00716198 -0.01719610 0.00100246
v 0.00725760 -0.01717467 0.00100246
v 0.00725760 -0.01717467 -0.00449754
v 0.00735206 -0.01714857 -0.00449754
v 0.00725760 -0.01717467 0.00100246
v 0.00735206 -0.01714857 0.00100246
v 0.00735206 -0.01714857 -0.00449754
v 0.00744513 -0.01711788 -0.00449754
v 0.00735206 -0.01714857 0.00100246
v 0.00744513 -0.01711788 0.00100246
v 0.00744513 -0.01711788 -0.00449754
v 0.00753658 -0.01708267 -0.00449754
v 0.00744513 -0.01711788 0.00100246
v 0.00753658 -0.01708267 0.00100246
v 0.00753658 -0.01708267 -0.00449754
v 0.00762620 -0.01704302 -0.00449754
v 0.00753658 -0.01708267 0.00100246
v 0.00762620 -0.01704302 0.00100246
v 0.00762620 -0.01704302 -0.00449754
v 0.00771377 -0.01699903 -0.00449754
v 0.00762620 -0.01704302 0.00100246
v 0.00771377 -0.01699903 0.00100246
v 0.00771377 -0.01699903 -0.00449754
v 0.00779908 -0.01695080 -0.00449754
v 0.00771377 -0.01699903 0.00100246
v 0.00779908 -0.01695080 0.00100246
v 0.00779908 -0.01695080 -0.00449754
v 0.00788192 -0.01689845 -0.00449754
v 0.00779908 -0.01695080 0.00100246
v 0.00788192 -0.01689845 0.00100246
v 0.00788192 -0.01689845 0.00100246
v 0.00788192 -0.01689845 -0.00449754
v 0.00796210 -0.01684211 -0.00449754
v 0.00796210 -0.01684211 0.00100246
v 0.00796210 -0.01684211 0.00100246
v 0.00796210 -0.01684211 -0.00449754
v 0.00803943 -0.01678191 -0.00449754
v 0.00803943 -0.01678191 0.00100246
v 0.00803943 -0.01678191 -0.00449754
v 0.00811371 -0.01671799 -0.00449754
v 0.00803943 -0.01678191 0.00100246
v 0.00811371 -0.01671799 0.00100246
v 0.00811371 -0.01671799 -0.00449754
v 0.00818477 -0.01665051 -0.00449754
v 0.00811371 -0.01671799 0.00100246
v 0.00818477 -0.01665051 0.00100246
v 0.00818477 -0.01665051 -0.00449754
v 0.00825244 -0.01657963 -0.00449754
v 0.00818477 -0.01665051 0.00100246
v 0.00825244 -0.01657963 0.00100246
v 0.00825244 -0.01657963 -0.00449754
v 0.00831656 -0.01650552 -0.00449754
v 0.00825244 -0.01657963 0.00100246
v 0.00831656 -0.01650552 0.00100246
v 0.00831656 -0.01650552 -0.00449754
v 0.00837697 -0.01642835 -0.00449754
v 0.00831656 -0.01650552 0.00100246
v 0.00837697 -0.01642835 0.00100246
v 0.00837697 -0.01642835 -0.00449754
v 0.00843353 -0.01634832 -0.00449754
v 0.00837697 -0.01642835 0.00100246
v 0.00843353 -0.01634832 0.00100246
v 0.00843353 -0.01634832 -0.00449754
v 0.00848610 -0.01626562 -0.00449754
v 0.00843353 -0.01634832 0.00100246
v 0.00848610 -0.01626562 0.00100246
v 0.00848610 -0.01626562 -0.00449754
v 0.00853456 -0.01618044 -0.00449754
v 0.00848610 -0.01626562 0.00100246
v 0.00853456 -0.01618044 0.00100246
v 0.00853456 -0.01618044 -0.00449754
v 0.00857878 -0.01609299 -0.00449754
v 0.00853456 -0.01618044 0.00100246
v 0.00857878 -0.01609299 0.00100246
v -0.02789464 -0.01723440 0.00100246
v -0.03016401 -0.01723440 -0.00449754
v 0.00677245 -0.01723440 -0.00449754
v 0.00677245 -0.01723440 0.00100246
v -0.03016401 -0.01723440 -0.00099754
v -0.02808172 -0.01723440 0.00099589
v -0.02820522 -0.01723440 0.00098416
v -0.02833026 -0.01723440 0.00096605
v -0.02844911 -0.01723440 0.00094283
v -0.02856211 -0.01723440 0.00091513
v -0.03012329 -0.01723440 -0.00061901
v -0.03015367 -0.01723440 -0.00080656
v -0.02866955 -0.01723440 0.00088356
v -0.02877155 -0.01723440 0.00084870
v -0.03007384 -0.01723440 -0.00043727
v -0.02886736 -0.01723440 0.00081137
v -0.03003521 -0.01723440 -0.00033092
v -0.02998000 -0.01723440 -0.00020596
v -0.02904512 -0.01723440 0.00072905
v -0.02990190 -0.01723440 -0.00006132
v -0.02920100 -0.01723440 0.00064087
v -0.02933771 -0.01723440 0.00054912
v -0.02979338 -0.01723440 0.00010146
v -0.02972769 -0.01723440 0.00018522
v -0.02945763 -0.01723440 0.00045566
v -0.02965103 -0.01723440 0.00027252
v -0.02956166 -0.01723440 0.00036290
v 0.00738999 -0.01838671 -0.00449754
v 0.00738999 -0.01838671 -0.01249754
v 0.00760188 -0.01800503 -0.01249754
v 0.00872764 -0.01577601 -0.01539754
v 0.00801227 -0.01723440 -0.01249754
v 0.00801227 -0.01723440 -0.01539754
v 0.00780378 -0.01763130 -0.00449754
v 0.00760188 -0.01800503 -0.01249754
v 0.00780932 -0.01762091 -0.01249754
v 0.00780378 -0.01763130 -0.00449754
v 0.00780932 -0.01762091 -0.01249754
v 0.00801227 -0.01723440 -0.01249754
v 0.00738999 -0.01838671 -0.00449754
v 0.00820011 -0.01686660 -0.00449754
v 0.00857878 -0.01609299 -0.00449754
v 0.00820011 -0.01686660 -0.00449754
v 0.00890176 -0.01539514 0.00100246
v 0.00857878 -0.01609299 0.00100246
v 0.00857878 -0.01609299 -0.00449754
v 0.00950444 -0.01398031 -0.00449754
v 0.00872764 -0.01577601 -0.01539754
v 0.00937918 -0.01428801 -0.01539754
v 0.00950444 -0.01398031 -0.00449754
v 0.00937918 -0.01428801 -0.01539754
v 0.00996566 -0.01277320 -0.01539754
v 0.00857878 -0.01609299 -0.00449754
v 0.00921035 -0.01469082 0.00100246
v 0.00890176 -0.01539514 0.00100246
v 0.01048600 -0.01123440 -0.01249754
v 0.00996566 -0.01277320 -0.01539754
v 0.01048600 -0.01123440 -0.01539754
v 0.00950444 -0.01398031 0.00100246
v 0.00921035 -0.01469082 0.00100246
v 0.00950444 -0.01398031 -0.00449754
v 0.01010243 -0.01238936 -0.00449754
v 0.00950444 -0.01398031 -0.00449754
v 0.00996566 -0.01277320 -0.01539754
v 0.01010243 -0.01238936 -0.00449754
v 0.01062772 -0.01077295 -0.00449754
v 0.01048600 -0.01123440 -0.01249754
v 0.01069730 -0.01053828 -0.01249754
v 0.01062772 -0.01077295 -0.00449754
v 0.01069730 -0.01053828 -0.01249754
v 0.01089507 -0.00983819 -0.01249754
v 0.01062772 -0.01077295 -0.00449754
v 0.01010243 -0.01238936 -0.00449754
v 0.01048600 -0.01123440 -0.01249754
v 0.01107922 -0.00913440 -0.00449754
v 0.01089507 -0.00983819 -0.01249754
v 0.01107922 -0.00913440 -0.01249754
v 0.01107922 -0.00913440 -0.00449754
v 0.01131534 -0.00813744 -0.00458476
v 0.01107922 -0.00913440 -0.01249754
v 0.01131534 -0.00813744 -0.01241032
v 0.01107922 -0.00913440 -0.00449754
v 0.01152413 -0.00713440 -0.00467252
v 0.01131534 -0.00813744 -0.01241032
v 0.01152413 -0.00713440 -0.01232256
v 0.01131534 -0.00813744 -0.00458476
v -0.02819201 -0.01703313 0.00099575
v -0.02808172 -0.01723440 0.00099589
v -0.02789464 -0.01723440 0.00100246
v -0.02819201 -0.01703313 0.00099575
v -0.02820522 -0.01723440 0.00098416
v -0.02808172 -0.01723440 0.00099589
v -0.02828700 -0.01708479 0.00098391
v -0.02820522 -0.01723440 0.00098416
v -0.02819201 -0.01703313 0.00099575
v -0.02828700 -0.01708479 0.00098391
v -0.02833026 -0.01723440 0.00096605
v -0.02820522 -0.01723440 0.00098416
v -0.02836410 -0.01712672 0.00096988
v -0.02844911 -0.01723440 0.00094283
v -0.02833026 -0.01723440 0.00096605
v -0.02836410 -0.01712672 0.00096988
v -0.02847489 -0.01718697 0.00094260
v -0.02856211 -0.01723440 0.00091513
v -0.02844911 -0.01723440 0.00094283
v -0.02847489 -0.01718697 0.00094260
v -0.02844911 -0.01723440 0.00094283
v -0.02836410 -0.01712672 0.00096988
v -0.02836214 -0.01671651 0.00099575
v -0.02789464 -0.01723440 0.00100246
v -0.02865822 -0.01578181 0.00100246
v -0.02836214 -0.01671651 0.00099575
v -0.02845765 -0.01676721 0.00098391
v -0.02836214 -0.01671651 0.00099575
v -0.02853516 -0.01680836 0.00096988
v -0.02828700 -0.01708479 0.00098391
v -0.02845765 -0.01676721 0.00098391
v -0.02836410 -0.01712672 0.00096988
v -0.02850722 -0.01644031 0.00099575
v -0.02864655 -0.01686749 0.00094260
v -0.02853516 -0.01680836 0.00096988
v -0.02860317 -0.01649017 0.00098391
v -0.02850722 -0.01644031 0.00099575
v -0.02873420 -0.01691402 0.00091502
v -0.02866955 -0.01723440 0.00088356
v -0.02856211 -0.01723440 0.00091513
v -0.02873420 -0.01691402 0.00091502
v -0.02856211 -0.01723440 0.00091513
v -0.02847489 -0.01718697 0.00094260
v -0.02864655 -0.01686749 0.00094260
v -0.02868104 -0.01653064 0.00096988
v -0.02860317 -0.01649017 0.00098391
v -0.02881765 -0.01695832 0.00088354
v -0.02877155 -0.01723440 0.00084870
v -0.02866955 -0.01723440 0.00088356
v -0.02881765 -0.01695832 0.00088354
v -0.02889158 -0.01699757 0.00085117
v -0.02886736 -0.01723440 0.00081137
v -0.02877155 -0.01723440 0.00084870
v -0.02889158 -0.01699757 0.00085117
v -0.02879294 -0.01658880 0.00094260
v -0.02868104 -0.01653064 0.00096988
v -0.02897133 -0.01703990 0.00081127
v -0.02904512 -0.01723440 0.00072905
v -0.02886736 -0.01723440 0.00081137
v -0.02897133 -0.01703990 0.00081127
v -0.02888100 -0.01663456 0.00091502
v -0.02864655 -0.01686749 0.00094260
v -0.02879294 -0.01658880 0.00094260
v -0.02873420 -0.01691402 0.00091502
v -0.02896483 -0.01667812 0.00088354
v -0.02888100 -0.01663456 0.00091502
v -0.02910954 -0.01711327 0.00072879
v -0.02904512 -0.01723440 0.00072905
v -0.02897133 -0.01703990 0.00081127
v -0.02903910 -0.01671672 0.00085117
v -0.02896483 -0.01667812 0.00088354
v -0.02916321 -0.01714176 0.00069178
v -0.02920100 -0.01723440 0.00064087
v -0.02904512 -0.01723440 0.00072905
v -0.02916321 -0.01714176 0.00069178
v -0.02904512 -0.01723440 0.00072905
v -0.02910954 -0.01711327 0.00072879
v -0.02880479 -0.01585459 0.00099575
v -0.02850722 -0.01644031 0.00099575
v -0.02865822 -0.01578181 0.00100246
v -0.02911921 -0.01675836 0.00081127
v -0.02903910 -0.01671672 0.00085117
v -0.02923097 -0.01717773 0.00064065
v -0.02920100 -0.01723440 0.00064087
v -0.02916321 -0.01714176 0.00069178
v -0.02890164 -0.01590268 0.00098391
v -0.02880479 -0.01585459 0.00099575
v -0.02931945 -0.01722470 0.00056572
v -0.02933771 -0.01723440 0.00054912
v -0.02920100 -0.01723440 0.00064087
v -0.02931945 -0.01722470 0.00056572
v -0.02920100 -0.01723440 0.00064087
v -0.02923097 -0.01717773 0.00064065
v -0.02898025 -0.01594170 0.00096988
v -0.02890164 -0.01590268 0.00098391
v -0.02925806 -0.01683052 0.00072879
v -0.02911921 -0.01675836 0.00081127
v -0.02931198 -0.01685854 0.00069178
v -0.02925806 -0.01683052 0.00072879
v -0.02909321 -0.01599779 0.00094260
v -0.02898025 -0.01594170 0.00096988
v -0.02938005 -0.01689391 0.00064065
v -0.02931198 -0.01685854 0.00069178
v -0.02918209 -0.01604192 0.00091502
v -0.02909321 -0.01599779 0.00094260
v -0.02946894 -0.01694011 0.00056572
v -0.02945763 -0.01723440 0.00045566
v -0.02933771 -0.01723440 0.00054912
v -0.02946894 -0.01694011 0.00056572
v -0.02933771 -0.01723440 0.00054912
v -0.02931945 -0.01722470 0.00056572
v -0.02946894 -0.01694011 0.00056572
v -0.02938005 -0.01689391 0.00064065
v -0.02926671 -0.01608394 0.00088354
v -0.02888100 -0.01663456 0.00091502
v -0.02918209 -0.01604192 0.00091502
v -0.02896483 -0.01667812 0.00088354
v -0.02934167 -0.01612116 0.00085117
v -0.02903910 -0.01671672 0.00085117
v -0.02896483 -0.01667812 0.00088354
v -0.02926671 -0.01608394 0.00088354
v -0.02955274 -0.01698366 0.00048544
v -0.02956166 -0.01723440 0.00036290
v -0.02945763 -0.01723440 0.00045566
v -0.02955274 -0.01698366 0.00048544
v -0.02945763 -0.01723440 0.00045566
v -0.02946894 -0.01694011 0.00056572
v -0.02942254 -0.01616131 0.00081127
v -0.02903910 -0.01671672 0.00085117
v -0.02934167 -0.01612116 0.00085117
v -0.02911921 -0.01675836 0.00081127
v -0.02963909 -0.01702854 0.00039119
v -0.02965103 -0.01723440 0.00027252
v -0.02956166 -0.01723440 0.00036290
v -0.02963909 -0.01702854 0.00039119
v -0.02956166 -0.01723440 0.00036290
v -0.02955274 -0.01698366 0.00048544
v -0.02956270 -0.01623090 0.00072879
v -0.02911921 -0.01675836 0.00081127
v -0.02942254 -0.01616131 0.00081127
v -0.02925806 -0.01683052 0.00072879
v -0.02972727 -0.01707436 0.00028020
v -0.02965103 -0.01723440 0.00027252
v -0.02963909 -0.01702854 0.00039119
v -0.02972727 -0.01707436 0.00028020
v -0.02972769 -0.01723440 0.00018522
v -0.02965103 -0.01723440 0.00027252
v -0.02961712 -0.01625792 0.00069178
v -0.02956270 -0.01623090 0.00072879
v -0.02921356 -0.01500320 0.00099575
v -0.02935386 -0.01429549 0.00100246
v -0.02979316 -0.01710860 0.00018509
v -0.02979338 -0.01723440 0.00010146
v -0.02972769 -0.01723440 0.00018522
v -0.02979316 -0.01710860 0.00018509
v -0.02972769 -0.01723440 0.00018522
v -0.02972727 -0.01707436 0.00028020
v -0.02968583 -0.01629204 0.00064065
v -0.02931198 -0.01685854 0.00069178
v -0.02961712 -0.01625792 0.00069178
v -0.02938005 -0.01689391 0.00064065
v -0.02931165 -0.01504870 0.00098391
v -0.02921356 -0.01500320 0.00099575
v -0.02984480 -0.01713544 0.00010133
v -0.02939126 -0.01508564 0.00096988
v -0.02931165 -0.01504870 0.00098391
v -0.02977556 -0.01633659 0.00056572
v -0.02938005 -0.01689391 0.00064065
v -0.02968583 -0.01629204 0.00064065
v -0.02946894 -0.01694011 0.00056572
v -0.02990022 -0.01716424 -0.00000011
v -0.02990190 -0.01723440 -0.00006132
v -0.02979338 -0.01723440 0.00010146
v -0.02990022 -0.01716424 -0.00000011
v -0.02979338 -0.01723440 0.00010146
v -0.02984480 -0.01713544 0.00010133
v -0.02950566 -0.01513871 0.00094260
v -0.02898025 -0.01594170 0.00096988
v -0.02939126 -0.01508564 0.00096988
v -0.02909321 -0.01599779 0.00094260
v -0.02986015 -0.01637859 0.00048544
v -0.02946894 -0.01694011 0.00056572
v -0.02977556 -0.01633659 0.00056572
v -0.02955274 -0.01698366 0.00048544
v -0.02993023 -0.01717984 -0.00006134
v -0.02990190 -0.01723440 -0.00006132
v -0.02990022 -0.01716424 -0.00000011
v -0.02959568 -0.01518047 0.00091502
v -0.02950566 -0.01513871 0.00094260
v -0.02994731 -0.01642187 0.00039119
v -0.02955274 -0.01698366 0.00048544
v -0.02986015 -0.01637859 0.00048544
v -0.02963909 -0.01702854 0.00039119
v -0.02997896 -0.01720516 -0.00017333
v -0.02998000 -0.01723440 -0.00020596
v -0.02990190 -0.01723440 -0.00006132
v -0.02997896 -0.01720516 -0.00017333
v -0.02990190 -0.01723440 -0.00006132
v -0.02993023 -0.01717984 -0.00006134
v -0.02968139 -0.01522023 0.00088354
v -0.02918209 -0.01604192 0.00091502
v -0.02959568 -0.01518047 0.00091502
v -0.02926671 -0.01608394 0.00088354
v -0.03001423 -0.01722349 -0.00026753
v -0.03003521 -0.01723440 -0.00033092
v -0.02998000 -0.01723440 -0.00020596
v -0.03001423 -0.01722349 -0.00026753
v -0.02998000 -0.01723440 -0.00020596
v -0.02997896 -0.01720516 -0.00017333
v -0.02975731 -0.01525546 0.00085117
v -0.02926671 -0.01608394 0.00088354
v -0.02968139 -0.01522023 0.00088354
v -0.02934167 -0.01612116 0.00085117
v -0.03003632 -0.01646606 0.00028020
v -0.02972727 -0.01707436 0.00028020
v -0.02963909 -0.01702854 0.00039119
v -0.02994731 -0.01642187 0.00039119
v -0.02983922 -0.01529346 0.00081127
v -0.02934167 -0.01612116 0.00085117
v -0.02975731 -0.01525546 0.00085117
v -0.02942254 -0.01616131 0.00081127
v -0.02950363 -0.01436141 0.00099575
v -0.03010283 -0.01649908 0.00018509
v -0.03003632 -0.01646606 0.00028020
v -0.02960261 -0.01440497 0.00098391
v -0.02921356 -0.01500320 0.00099575
v -0.02950363 -0.01436141 0.00099575
v -0.02931165 -0.01504870 0.00098391
v -0.03015495 -0.01652496 0.00010133
v -0.02984480 -0.01713544 0.00010133
v -0.02979316 -0.01710860 0.00018509
v -0.03010283 -0.01649908 0.00018509
v -0.02998117 -0.01535931 0.00072879
v -0.02942254 -0.01616131 0.00081127
v -0.02983922 -0.01529346 0.00081127
v -0.02956270 -0.01623090 0.00072879
v -0.02968293 -0.01444033 0.00096988
v -0.02960261 -0.01440497 0.00098391
v -0.03021090 -0.01655274 -0.00000011
v -0.03015495 -0.01652496 0.00010133
v -0.03003629 -0.01538488 0.00069178
v -0.02961712 -0.01625792 0.00069178
v -0.02956270 -0.01623090 0.00072879
v -0.02998117 -0.01535931 0.00072879
v -0.03024118 -0.01656778 -0.00006134
v -0.03021090 -0.01655274 -0.00000011
v -0.02979836 -0.01449113 0.00094260
v -0.02968293 -0.01444033 0.00096988
v -0.03010588 -0.01541716 0.00064065
v -0.02968583 -0.01629204 0.00064065
v -0.02961712 -0.01625792 0.00069178
v -0.03003629 -0.01538488 0.00069178
v -0.02988918 -0.01453111 0.00091502
v -0.02959568 -0.01518047 0.00091502
v -0.02950566 -0.01513871 0.00094260
v -0.02979836 -0.01449113 0.00094260
v -0.03029038 -0.01659221 -0.00017333
v -0.03024118 -0.01656778 -0.00006134
v -0.03019675 -0.01545932 0.00056572
v -0.02968583 -0.01629204 0.00064065
v -0.03010588 -0.01541716 0.00064065
v -0.02977556 -0.01633659 0.00056572
v -0.02997565 -0.01456917 0.00088354
v -0.02959568 -0.01518047 0.00091502
v -0.02988918 -0.01453111 0.00091502
v -0.02968139 -0.01522023 0.00088354
v -0.03032597 -0.01660988 -0.00026753
v -0.02997896 -0.01720516 -0.00017333
v -0.03029038 -0.01659221 -0.00017333
v -0.03032597 -0.01660988 -0.00026753
v -0.03003521 -0.01723440 -0.00033092
v -0.03001423 -0.01722349 -0.00026753
v -0.03001423 -0.01722349 -0.00026753
v -0.03028242 -0.01549907 0.00048544
v -0.02994731 -0.01642187 0.00039119
v -0.02986015 -0.01637859 0.00048544
v -0.03028242 -0.01549907 0.00048544
v -0.02977556 -0.01633659 0.00056572
v -0.03019675 -0.01545932 0.00056572
v -0.02986015 -0.01637859 0.00048544
v -0.03005226 -0.01460289 0.00085117
v -0.02968139 -0.01522023 0.00088354
v -0.02997565 -0.01456917 0.00088354
v -0.02975731 -0.01525546 0.00085117
v -0.03035864 -0.01662610 -0.00036845
v -0.03007384 -0.01723440 -0.00043727
v -0.03003521 -0.01723440 -0.00033092
v -0.03035864 -0.01662610 -0.00036845
v -0.03003521 -0.01723440 -0.00033092
v -0.03032597 -0.01660988 -0.00026753
v -0.03037783 -0.01663563 -0.00043726
v -0.03012329 -0.01723440 -0.00061901
v -0.03007384 -0.01723440 -0.00043727
v -0.03037783 -0.01663563 -0.00043726
v -0.03007384 -0.01723440 -0.00043727
v -0.03035864 -0.01662610 -0.00036845
v -0.03013490 -0.01463926 0.00081127
v -0.02975731 -0.01525546 0.00085117
v -0.03005226 -0.01460289 0.00085117
v -0.02983922 -0.01529346 0.00081127
v -0.03037070 -0.01554002 0.00039119
v -0.02983319 -0.01358806 0.00099575
v -0.02935386 -0.01429549 0.00100246
v -0.02998006 -0.01277860 0.00100246
v -0.02983319 -0.01358806 0.00099575
v -0.03046085 -0.01558185 0.00028020
v -0.02994731 -0.01642187 0.00039119
v -0.03037070 -0.01554002 0.00039119
v -0.03003632 -0.01646606 0.00028020
v -0.03041145 -0.01665232 -0.00058716
v -0.03012329 -0.01723440 -0.00061901
v -0.03037783 -0.01663563 -0.00043726
v -0.03027812 -0.01470230 0.00072879
v -0.02983922 -0.01529346 0.00081127
v -0.03013490 -0.01463926 0.00081127
v -0.02998117 -0.01535931 0.00072879
v -0.03033374 -0.01472678 0.00069178
v -0.03003629 -0.01538488 0.00069178
v -0.02998117 -0.01535931 0.00072879
v -0.03027812 -0.01470230 0.00072879
v -0.02993316 -0.01362928 0.00098391
v -0.02983319 -0.01358806 0.00099575
v -0.03042968 -0.01666137 -0.00070038
v -0.03012329 -0.01723440 -0.00061901
v -0.03041145 -0.01665232 -0.00058716
v -0.03042968 -0.01666137 -0.00070038
v -0.03015367 -0.01723440 -0.00080656
v -0.03012329 -0.01723440 -0.00061901
v -0.03052821 -0.01561310 0.00018509
v -0.03010283 -0.01649908 0.00018509
v -0.03003632 -0.01646606 0.00028020
v -0.03046085 -0.01558185 0.00028020
v -0.03040395 -0.01475768 0.00064065
v -0.03010588 -0.01541716 0.00064065
v -0.03003629 -0.01538488 0.00069178
v -0.03033374 -0.01472678 0.00069178
v -0.03001430 -0.01366273 0.00096988
v -0.02968293 -0.01444033 0.00096988
v -0.02960261 -0.01440497 0.00098391
v -0.02993316 -0.01362928 0.00098391
v -0.03058099 -0.01563758 0.00010133
v -0.03010283 -0.01649908 0.00018509
v -0.03052821 -0.01561310 0.00018509
v -0.03015495 -0.01652496 0.00010133
v -0.03044138 -0.01666718 -0.00080655
v -0.03016401 -0.01723440 -0.00099754
v -0.03015367 -0.01723440 -0.00080656
v -0.03044138 -0.01666718 -0.00080655
v -0.03087938 -0.01577601 -0.00099754
v -0.03016401 -0.01723440 -0.00099754
v -0.03044138 -0.01666718 -0.00080655
v -0.03015367 -0.01723440 -0.00080656
v -0.03042968 -0.01666137 -0.00070038
v -0.03049564 -0.01479803 0.00056572
v -0.03010588 -0.01541716 0.00064065
v -0.03040395 -0.01475768 0.00064065
v -0.03019675 -0.01545932 0.00056572
v -0.03013089 -0.01371080 0.00094260
v -0.02979836 -0.01449113 0.00094260
v -0.02968293 -0.01444033 0.00096988
v -0.03013089 -0.01371080 0.00094260
v -0.02988918 -0.01453111 0.00091502
v -0.02979836 -0.01449113 0.00094260
v -0.03001430 -0.01366273 0.00096988
v -0.03063766 -0.01566387 -0.00000011
v -0.03021090 -0.01655274 -0.00000011
v -0.03015495 -0.01652496 0.00010133
v -0.03058099 -0.01563758 0.00010133
v -0.03066833 -0.01567810 -0.00006134
v -0.03024118 -0.01656778 -0.00006134
v -0.03021090 -0.01655274 -0.00000011
v -0.03063766 -0.01566387 -0.00000011
v -0.03022263 -0.01374863 0.00091502
v -0.03058208 -0.01483608 0.00048544
v -0.03028242 -0.01549907 0.00048544
v -0.03019675 -0.01545932 0.00056572
v -0.03049564 -0.01479803 0.00056572
v -0.03030998 -0.01378464 0.00088354
v -0.02997565 -0.01456917 0.00088354
v -0.02988918 -0.01453111 0.00091502
v -0.03030998 -0.01378464 0.00088354
v -0.03005226 -0.01460289 0.00085117
v -0.02997565 -0.01456917 0.00088354
v -0.03022263 -0.01374863 0.00091502
v -0.03071815 -0.01570122 -0.00017333
v -0.03029038 -0.01659221 -0.00017333
v -0.03024118 -0.01656778 -0.00006134
v -0.03071815 -0.01570122 -0.00017333
v -0.03032597 -0.01660988 -0.00026753
v -0.03029038 -0.01659221 -0.00017333
v -0.03066833 -0.01567810 -0.00006134
v -0.03067115 -0.01487529 0.00039119
v -0.03028242 -0.01549907 0.00048544
v -0.03058208 -0.01483608 0.00048544
v -0.03037070 -0.01554002 0.00039119
v -0.03038736 -0.01381654 0.00085117
v -0.03075421 -0.01571794 -0.00026753
v -0.03047083 -0.01385096 0.00081127
v -0.03005226 -0.01460289 0.00085117
v -0.03038736 -0.01381654 0.00085117
v -0.03013490 -0.01463926 0.00081127
v -0.03076211 -0.01491532 0.00028020
v -0.03052821 -0.01561310 0.00018509
v -0.03046085 -0.01558185 0.00028020
v -0.03076211 -0.01491532 0.00028020
v -0.03046085 -0.01558185 0.00028020
v -0.03037070 -0.01554002 0.00039119
v -0.03067115 -0.01487529 0.00039119
v -0.03078729 -0.01573329 -0.00036845
v -0.03035864 -0.01662610 -0.00036845
v -0.03032597 -0.01660988 -0.00026753
v -0.03075421 -0.01571794 -0.00026753
v -0.03080673 -0.01574231 -0.00043726
v -0.03037783 -0.01663563 -0.00043726
v -0.03035864 -0.01662610 -0.00036845
v -0.03078729 -0.01573329 -0.00036845
v -0.03013272 -0.01283753 0.00099575
v -0.02998006 -0.01277860 0.00100246
v -0.03083007 -0.01494523 0.00018509
v -0.03061550 -0.01391060 0.00072879
v -0.03013490 -0.01463926 0.00081127
v -0.03047083 -0.01385096 0.00081127
v -0.03027812 -0.01470230 0.00072879
v -0.03061550 -0.01391060 0.00072879
v -0.03033374 -0.01472678 0.00069178
v -0.03027812 -0.01470230 0.00072879
v -0.03023360 -0.01287648 0.00098391
v -0.03013272 -0.01283753 0.00099575
v -0.03088333 -0.01496867 0.00010133
v -0.03052821 -0.01561310 0.00018509
v -0.03083007 -0.01494523 0.00018509
v -0.03058099 -0.01563758 0.00010133
v -0.03088333 -0.01496867 0.00010133
v -0.03063766 -0.01566387 -0.00000011
v -0.03058099 -0.01563758 0.00010133
v -0.03067168 -0.01393376 0.00069178
v -0.03084077 -0.01575810 -0.00058716
v -0.03037783 -0.01663563 -0.00043726
v -0.03080673 -0.01574231 -0.00043726
v -0.03041145 -0.01665232 -0.00058716
v -0.03031548 -0.01290808 0.00096988
v -0.03023360 -0.01287648 0.00098391
v -0.03031548 -0.01290808 0.00096988
v -0.03013089 -0.01371080 0.00094260
v -0.03001430 -0.01366273 0.00096988
v -0.03074260 -0.01396300 0.00064065
v -0.03033374 -0.01472678 0.00069178
v -0.03067168 -0.01393376 0.00069178
v -0.03040395 -0.01475768 0.00064065
v -0.03094050 -0.01499384 -0.00000011
v -0.03085924 -0.01576667 -0.00070038
v -0.03042968 -0.01666137 -0.00070038
v -0.03041145 -0.01665232 -0.00058716
v -0.03084077 -0.01575810 -0.00058716
v -0.03097145 -0.01500746 -0.00006134
v -0.03063766 -0.01566387 -0.00000011
v -0.03094050 -0.01499384 -0.00000011
v -0.03066833 -0.01567810 -0.00006134
v -0.03043313 -0.01295350 0.00094260
v -0.03083521 -0.01400118 0.00056572
v -0.03040395 -0.01475768 0.00064065
v -0.03074260 -0.01396300 0.00064065
v -0.03049564 -0.01479803 0.00056572
v -0.03083521 -0.01400118 0.00056572
v -0.03058208 -0.01483608 0.00048544
v -0.03049564 -0.01479803 0.00056572
v -0.03087109 -0.01577217 -0.00080655
v -0.03042968 -0.01666137 -0.00070038
v -0.03085924 -0.01576667 -0.00070038
v -0.03087109 -0.01577217 -0.00080655
v -0.03087938 -0.01577601 -0.00099754
v -0.03044138 -0.01666718 -0.00080655
v -0.03044138 -0.01666718 -0.00080655
v -0.03052570 -0.01298923 0.00091502
v -0.03043313 -0.01295350 0.00094260
v -0.03102172 -0.01502959 -0.00017333
v -0.03071815 -0.01570122 -0.00017333
v -0.03066833 -0.01567810 -0.00006134
v -0.03097145 -0.01500746 -0.00006134
v -0.03092253 -0.01403718 0.00048544
v -0.03061384 -0.01302325 0.00088354
v -0.03052570 -0.01298923 0.00091502
v -0.03105809 -0.01504559 -0.00026753
v -0.03075421 -0.01571794 -0.00026753
v -0.03071815 -0.01570122 -0.00017333
v -0.03102172 -0.01502959 -0.00017333
v -0.03101250 -0.01407428 0.00039119
v -0.03067115 -0.01487529 0.00039119
v -0.03058208 -0.01483608 0.00048544
v -0.03092253 -0.01403718 0.00048544
v -0.03069193 -0.01305340 0.00085117
v -0.03038736 -0.01381654 0.00085117
v -0.03030998 -0.01378464 0.00088354
v -0.03061384 -0.01302325 0.00088354
v -0.03109147 -0.01506029 -0.00036845
v -0.03078729 -0.01573329 -0.00036845
v -0.03075421 -0.01571794 -0.00026753
v -0.03105809 -0.01504559 -0.00026753
v -0.03111109 -0.01506892 -0.00043726
v -0.03080673 -0.01574231 -0.00043726
v -0.03078729 -0.01573329 -0.00036845
v -0.03109147 -0.01506029 -0.00036845
v -0.03111109 -0.01506892 -0.00043726
v -0.03084077 -0.01575810 -0.00058716
v -0.03080673 -0.01574231 -0.00043726
v -0.03077616 -0.01308591 0.00081127
v -0.03038736 -0.01381654 0.00085117
v -0.03069193 -0.01305340 0.00085117
v -0.03047083 -0.01385096 0.00081127
v -0.03039096 -0.01214742 0.00099575
v -0.03013272 -0.01283753 0.00099575
v -0.03053549 -0.01123440 0.00100246
v -0.03039096 -0.01214742 0.00099575
v -0.03110437 -0.01411215 0.00028020
v -0.03076211 -0.01491532 0.00028020
v -0.03067115 -0.01487529 0.00039119
v -0.03101250 -0.01407428 0.00039119
v -0.03049262 -0.01218427 0.00098391
v -0.03114544 -0.01508404 -0.00058716
v -0.03117302 -0.01414046 0.00018509
v -0.03076211 -0.01491532 0.00028020
v -0.03110437 -0.01411215 0.00028020
v -0.03083007 -0.01494523 0.00018509
v -0.03092214 -0.01314226 0.00072879
v -0.03061550 -0.01391060 0.00072879
v -0.03047083 -0.01385096 0.00081127
v -0.03077616 -0.01308591 0.00081127
v -0.03057513 -0.01221418 0.00096988
v -0.03049262 -0.01218427 0.00098391
v -0.03097883 -0.01316415 0.00069178
v -0.03067168 -0.01393376 0.00069178
v -0.03061550 -0.01391060 0.00072879
v -0.03097883 -0.01316415 0.00069178
v -0.03074260 -0.01396300 0.00064065
v -0.03067168 -0.01393376 0.00069178
v -0.03092214 -0.01314226 0.00072879
v -0.03122682 -0.01416264 0.00010133
v -0.03088333 -0.01496867 0.00010133
v -0.03083007 -0.01494523 0.00018509
v -0.03117302 -0.01414046 0.00018509
v -0.03116407 -0.01509224 -0.00070038
v -0.03085924 -0.01576667 -0.00070038
v -0.03084077 -0.01575810 -0.00058716
v -0.03114544 -0.01508404 -0.00058716
v -0.03105039 -0.01319177 0.00064065
v -0.03069370 -0.01225716 0.00094260
v -0.03031548 -0.01290808 0.00096988
v -0.03057513 -0.01221418 0.00096988
v -0.03043313 -0.01295350 0.00094260
v -0.03117602 -0.01509750 -0.00080655
v -0.03085924 -0.01576667 -0.00070038
v -0.03116407 -0.01509224 -0.00070038
v -0.03117602 -0.01509750 -0.00080655
v -0.03087938 -0.01577601 -0.00099754
v -0.03087109 -0.01577217 -0.00080655
v -0.03117602 -0.01509750 -0.00080655
v -0.03153092 -0.01428801 -0.00099754
v -0.03087938 -0.01577601 -0.00099754
v -0.03087109 -0.01577217 -0.00080655
v -0.03128456 -0.01418645 -0.00000011
v -0.03088333 -0.01496867 0.00010133
v -0.03122682 -0.01416264 0.00010133
v -0.03094050 -0.01499384 -0.00000011
v -0.03131583 -0.01419934 -0.00006134
v -0.03097145 -0.01500746 -0.00006134
v -0.03094050 -0.01499384 -0.00000011
v -0.03128456 -0.01418645 -0.00000011
v -0.03114385 -0.01322785 0.00056572
v -0.03074260 -0.01396300 0.00064065
v -0.03105039 -0.01319177 0.00064065
v -0.03083521 -0.01400118 0.00056572
v -0.03078699 -0.01229097 0.00091502
v -0.03043313 -0.01295350 0.00094260
v -0.03069370 -0.01225716 0.00094260
v -0.03052570 -0.01298923 0.00091502
v -0.03087581 -0.01232316 0.00088354
v -0.03052570 -0.01298923 0.00091502
v -0.03078699 -0.01229097 0.00091502
v -0.03061384 -0.01302325 0.00088354
v -0.03087581 -0.01232316 0.00088354
v -0.03136661 -0.01422027 -0.00017333
v -0.03102172 -0.01502959 -0.00017333
v -0.03097145 -0.01500746 -0.00006134
v -0.03131583 -0.01419934 -0.00006134
v -0.03136661 -0.01422027 -0.00017333
v -0.03105809 -0.01504559 -0.00026753
v -0.03102172 -0.01502959 -0.00017333
v -0.03123195 -0.01326186 0.00048544
v -0.03083521 -0.01400118 0.00056572
v -0.03114385 -0.01322785 0.00056572
v -0.03092253 -0.01403718 0.00048544
v -0.03095450 -0.01235169 0.00085117
v -0.03140335 -0.01423542 -0.00026753
v -0.03132274 -0.01329690 0.00039119
v -0.03092253 -0.01403718 0.00048544
v -0.03123195 -0.01326186 0.00048544
v -0.03101250 -0.01407428 0.00039119
v -0.03103939 -0.01238245 0.00081127
v -0.03069193 -0.01305340 0.00085117
v -0.03095450 -0.01235169 0.00085117
v -0.03077616 -0.01308591 0.00081127
v -0.03143706 -0.01424932 -0.00036845
v -0.03105809 -0.01504559 -0.00026753
v -0.03140335 -0.01423542 -0.00026753
v -0.03109147 -0.01506029 -0.00036845
v -0.03145688 -0.01425749 -0.00043726
v -0.03109147 -0.01506029 -0.00036845
v -0.03143706 -0.01424932 -0.00036845
v -0.03111109 -0.01506892 -0.00043726
v -0.03141545 -0.01333269 0.00028020
v -0.03110437 -0.01411215 0.00028020
v -0.03101250 -0.01407428 0.00039119
v -0.03132274 -0.01329690 0.00039119
v -0.03141545 -0.01333269 0.00028020
v -0.03117302 -0.01414046 0.00018509
v -0.03110437 -0.01411215 0.00028020
v -0.03118650 -0.01243578 0.00072879
v -0.03077616 -0.01308591 0.00081127
v -0.03103939 -0.01238245 0.00081127
v -0.03092214 -0.01314226 0.00072879
v -0.03069072 -0.01128621 0.00099575
v -0.03069072 -0.01128621 0.00099575
v -0.03053549 -0.01123440 0.00100246
v -0.03072595 -0.01123440 0.00099430
v -0.03148472 -0.01335943 0.00018509
v -0.03124363 -0.01245649 0.00069178
v -0.03092214 -0.01314226 0.00072879
v -0.03118650 -0.01243578 0.00072879
v -0.03097883 -0.01316415 0.00069178
v -0.03149157 -0.01427179 -0.00058716
v -0.03111109 -0.01506892 -0.00043726
v -0.03145688 -0.01425749 -0.00043726
v -0.03114544 -0.01508404 -0.00058716
v -0.03079329 -0.01132045 0.00098391
v -0.03069072 -0.01128621 0.00099575
v -0.03079329 -0.01132045 0.00098391
v -0.03072595 -0.01123440 0.00099430
v -0.03091432 -0.01123440 0.00096988
v -0.03072595 -0.01123440 0.00099430
v -0.03153901 -0.01338039 0.00010133
v -0.03122682 -0.01416264 0.00010133
v -0.03117302 -0.01414046 0.00018509
v -0.03148472 -0.01335943 0.00018509
v -0.03131575 -0.01248263 0.00064065
v -0.03114385 -0.01322785 0.00056572
v -0.03105039 -0.01319177 0.00064065
v -0.03131575 -0.01248263 0.00064065
v -0.03097883 -0.01316415 0.00069178
v -0.03124363 -0.01245649 0.00069178
v -0.03105039 -0.01319177 0.00064065
v -0.03151039 -0.01427955 -0.00070038
v -0.03116407 -0.01509224 -0.00070038
v -0.03114544 -0.01508404 -0.00058716
v -0.03151039 -0.01427955 -0.00070038
v -0.03117602 -0.01509750 -0.00080655
v -0.03116407 -0.01509224 -0.00070038
v -0.03149157 -0.01427179 -0.00058716
v -0.03087653 -0.01134824 0.00096988
v -0.03049262 -0.01218427 0.00098391
v -0.03079329 -0.01132045 0.00098391
v -0.03057513 -0.01221418 0.00096988
v -0.03091432 -0.01123440 0.00096988
v -0.03159728 -0.01340288 -0.00000011
v -0.03122682 -0.01416264 0.00010133
v -0.03153901 -0.01338039 0.00010133
v -0.03128456 -0.01418645 -0.00000011
v -0.03159728 -0.01340288 -0.00000011
v -0.03131583 -0.01419934 -0.00006134
v -0.03128456 -0.01418645 -0.00000011
v -0.03140993 -0.01251676 0.00056572
v -0.03152246 -0.01428453 -0.00080655
v -0.03152246 -0.01428453 -0.00080655
v -0.03153092 -0.01428801 -0.00099754
v -0.03117602 -0.01509750 -0.00080655
v -0.03162883 -0.01341506 -0.00006134
v -0.03099616 -0.01138817 0.00094260
v -0.03087653 -0.01134824 0.00096988
v -0.03099616 -0.01138817 0.00094260
v -0.03091432 -0.01123440 0.00096988
v -0.03110045 -0.01123440 0.00092917
v -0.03091432 -0.01123440 0.00096988
v -0.03149872 -0.01254895 0.00048544
v -0.03114385 -0.01322785 0.00056572
v -0.03140993 -0.01251676 0.00056572
v -0.03123195 -0.01326186 0.00048544
v -0.03109029 -0.01141959 0.00091502
v -0.03099616 -0.01138817 0.00094260
v -0.03109029 -0.01141959 0.00091502
v -0.03110045 -0.01123440 0.00092917
v -0.03121024 -0.01123440 0.00089704
v -0.03110045 -0.01123440 0.00092917
v -0.03168007 -0.01343484 -0.00017333
v -0.03131583 -0.01419934 -0.00006134
v -0.03162883 -0.01341506 -0.00006134
v -0.03136661 -0.01422027 -0.00017333
v -0.03159021 -0.01258211 0.00039119
v -0.03123195 -0.01326186 0.00048544
v -0.03149872 -0.01254895 0.00048544
v -0.03132274 -0.01329690 0.00039119
v -0.03117990 -0.01144950 0.00088354
v -0.03109029 -0.01141959 0.00091502
v -0.03121024 -0.01123440 0.00089704
v -0.03087581 -0.01232316 0.00088354
v -0.03078699 -0.01229097 0.00091502
v -0.03171714 -0.01344915 -0.00026753
v -0.03136661 -0.01422027 -0.00017333
v -0.03168007 -0.01343484 -0.00017333
v -0.03140335 -0.01423542 -0.00026753
v -0.03125930 -0.01147600 0.00085117
v -0.03087581 -0.01232316 0.00088354
v -0.03117990 -0.01144950 0.00088354
v -0.03125930 -0.01147600 0.00085117
v -0.03117990 -0.01144950 0.00088354
v -0.03121024 -0.01123440 0.00089704
v -0.03125930 -0.01147600 0.00085117
v -0.03121024 -0.01123440 0.00089704
v -0.03133899 -0.01123440 0.00085117
v -0.03125930 -0.01147600 0.00085117
v -0.03103939 -0.01238245 0.00081127
v -0.03095450 -0.01235169 0.00085117
v -0.03095450 -0.01235169 0.00085117
v -0.03175117 -0.01346228 -0.00036845
v -0.03140335 -0.01423542 -0.00026753
v -0.03171714 -0.01344915 -0.00026753
v -0.03143706 -0.01424932 -0.00036845
v -0.03168364 -0.01261597 0.00028020
v -0.03132274 -0.01329690 0.00039119
v -0.03159021 -0.01258211 0.00039119
v -0.03168364 -0.01261597 0.00028020
v -0.03148472 -0.01335943 0.00018509
v -0.03141545 -0.01333269 0.00028020
v -0.03141545 -0.01333269 0.00028020
v -0.03177116 -0.01347000 -0.00043726
v -0.03143706 -0.01424932 -0.00036845
v -0.03175117 -0.01346228 -0.00036845
v -0.03145688 -0.01425749 -0.00043726
v -0.03134494 -0.01150459 0.00081127
v -0.03133899 -0.01123440 0.00085117
v -0.03134494 -0.01150459 0.00081127
v -0.03133899 -0.01123440 0.00085117
v -0.03148906 -0.01123440 0.00078548
v -0.03175345 -0.01264128 0.00018509
v -0.03175345 -0.01264128 0.00018509
v -0.03153901 -0.01338039 0.00010133
v -0.03148472 -0.01335943 0.00018509
v -0.03180617 -0.01348351 -0.00058716
v -0.03151039 -0.01427955 -0.00070038
v -0.03149157 -0.01427179 -0.00058716
v -0.03180617 -0.01348351 -0.00058716
v -0.03145688 -0.01425749 -0.00043726
v -0.03177116 -0.01347000 -0.00043726
v -0.03149157 -0.01427179 -0.00058716
v -0.03180816 -0.01266111 0.00010133
v -0.03149337 -0.01155413 0.00072879
v -0.03148906 -0.01123440 0.00078548
v -0.03166220 -0.01123440 0.00069160
v -0.03149337 -0.01155413 0.00072879
v -0.03103939 -0.01238245 0.00081127
v -0.03134494 -0.01150459 0.00081127
v -0.03148906 -0.01123440 0.00078548
v -0.03118650 -0.01243578 0.00072879
v -0.03155101 -0.01157337 0.00069178
v -0.03149337 -0.01155413 0.00072879
v -0.03166220 -0.01123440 0.00069160
v -0.03155101 -0.01157337 0.00069178
v -0.03118650 -0.01243578 0.00072879
v -0.03149337 -0.01155413 0.00072879
v -0.03124363 -0.01245649 0.00069178
v -0.03155101 -0.01157337 0.00069178
v -0.03131575 -0.01248263 0.00064065
v -0.03124363 -0.01245649 0.00069178
v -0.03182516 -0.01349084 -0.00070038
v -0.03186688 -0.01268239 -0.00000011
v -0.03153901 -0.01338039 0.00010133
v -0.03180816 -0.01266111 0.00010133
v -0.03159728 -0.01340288 -0.00000011
v -0.03162377 -0.01159766 0.00064065
v -0.03155101 -0.01157337 0.00069178
v -0.03166220 -0.01123440 0.00069160
v -0.03162377 -0.01159766 0.00064065
v -0.03189868 -0.01269392 -0.00006134
v -0.03162883 -0.01341506 -0.00006134
v -0.03159728 -0.01340288 -0.00000011
v -0.03186688 -0.01268239 -0.00000011
v -0.03183734 -0.01349555 -0.00080655
v -0.03151039 -0.01427955 -0.00070038
v -0.03182516 -0.01349084 -0.00070038
v -0.03152246 -0.01428453 -0.00080655
v -0.03183734 -0.01349555 -0.00080655
v -0.03153092 -0.01428801 -0.00099754
v -0.03152246 -0.01428453 -0.00080655
v -0.03183734 -0.01349555 -0.00080655
v -0.03211740 -0.01277320 -0.00099754
v -0.03153092 -0.01428801 -0.00099754
v -0.03171880 -0.01162938 0.00056572
v -0.03131575 -0.01248263 0.00064065
v -0.03162377 -0.01159766 0.00064065
v -0.03140993 -0.01251676 0.00056572
v -0.03195031 -0.01271263 -0.00017333
v -0.03168007 -0.01343484 -0.00017333
v -0.03162883 -0.01341506 -0.00006134
v -0.03189868 -0.01269392 -0.00006134
v -0.03198767 -0.01272617 -0.00026753
v -0.03171714 -0.01344915 -0.00026753
v -0.03168007 -0.01343484 -0.00017333
v -0.03195031 -0.01271263 -0.00017333
v -0.03180838 -0.01165928 0.00048544
v -0.03149872 -0.01254895 0.00048544
v -0.03140993 -0.01251676 0.00056572
v -0.03171880 -0.01162938 0.00056572
v -0.03180838 -0.01165928 0.00048544
v -0.03159021 -0.01258211 0.00039119
v -0.03149872 -0.01254895 0.00048544
v -0.03202196 -0.01273860 -0.00036845
v -0.03175117 -0.01346228 -0.00036845
v -0.03171714 -0.01344915 -0.00026753
v -0.03202196 -0.01273860 -0.00036845
v -0.03177116 -0.01347000 -0.00043726
v -0.03175117 -0.01346228 -0.00036845
v -0.03198767 -0.01272617 -0.00026753
v -0.03173531 -0.01125801 0.00064065
v -0.03173531 -0.01125801 0.00064065
v -0.03166220 -0.01123440 0.00069160
v -0.03175280 -0.01123440 0.00063379
v -0.03173531 -0.01125801 0.00064065
v -0.03171880 -0.01162938 0.00056572
v -0.03162377 -0.01159766 0.00064065
v -0.03190069 -0.01169009 0.00039119
v -0.03204211 -0.01274591 -0.00043726
v -0.03183064 -0.01128880 0.00056572
v -0.03175280 -0.01123440 0.00063379
v -0.03183064 -0.01128880 0.00056572
v -0.03175280 -0.01123440 0.00063379
v -0.03184808 -0.01123440 0.00056562
v -0.03199496 -0.01172156 0.00028020
v -0.03159021 -0.01258211 0.00039119
v -0.03190069 -0.01169009 0.00039119
v -0.03168364 -0.01261597 0.00028020
v -0.03207739 -0.01275869 -0.00058716
v -0.03180617 -0.01348351 -0.00058716
v -0.03177116 -0.01347000 -0.00043726
v -0.03204211 -0.01274591 -0.00043726
v -0.03192051 -0.01131783 0.00048544
v -0.03180838 -0.01165928 0.00048544
v -0.03171880 -0.01162938 0.00056572
v -0.03183064 -0.01128880 0.00056572
v -0.03184808 -0.01123440 0.00056562
v -0.03192051 -0.01131783 0.00048544
v -0.03190069 -0.01169009 0.00039119
v -0.03180838 -0.01165928 0.00048544
v -0.03194732 -0.01123440 0.00048542
v -0.03206539 -0.01174507 0.00018509
v -0.03175345 -0.01264128 0.00018509
v -0.03168364 -0.01261597 0.00028020
v -0.03199496 -0.01172156 0.00028020
v -0.03209653 -0.01276563 -0.00070038
v -0.03180617 -0.01348351 -0.00058716
v -0.03207739 -0.01275869 -0.00058716
v -0.03182516 -0.01349084 -0.00070038
v -0.03201311 -0.01134774 0.00039119
v -0.03192051 -0.01131783 0.00048544
v -0.03194732 -0.01123440 0.00048542
v -0.03204951 -0.01123440 0.00039118
v -0.03201311 -0.01134774 0.00039119
v -0.03212059 -0.01176349 0.00010133
v -0.03175345 -0.01264128 0.00018509
v -0.03206539 -0.01174507 0.00018509
v -0.03180816 -0.01266111 0.00010133
v -0.03210881 -0.01277008 -0.00080655
v -0.03182516 -0.01349084 -0.00070038
v -0.03209653 -0.01276563 -0.00070038
v -0.03183734 -0.01349555 -0.00080655
v -0.03210881 -0.01277008 -0.00080655
v -0.03211740 -0.01277320 -0.00099754
v -0.03183734 -0.01349555 -0.00080655
v -0.03217984 -0.01178327 -0.00000011
v -0.03180816 -0.01266111 0.00010133
v -0.03212059 -0.01176349 0.00010133
v -0.03186688 -0.01268239 -0.00000011
v -0.03210768 -0.01137828 0.00028020
v -0.03206539 -0.01174507 0.00018509
v -0.03199496 -0.01172156 0.00028020
v -0.03210768 -0.01137828 0.00028020
v -0.03199496 -0.01172156 0.00028020
v -0.03190069 -0.01169009 0.00039119
v -0.03201311 -0.01134774 0.00039119
v -0.03204951 -0.01123440 0.00039118
v -0.03215380 -0.01123440 0.00028018
v -0.03221191 -0.01179398 -0.00006134
v -0.03186688 -0.01268239 -0.00000011
v -0.03217984 -0.01178327 -0.00000011
v -0.03189868 -0.01269392 -0.00006134
v -0.03217834 -0.01140111 0.00018509
v -0.03217834 -0.01140111 0.00018509
v -0.03215380 -0.01123440 0.00028018
v -0.03225792 -0.01123440 0.00015029
v -0.03217834 -0.01140111 0.00018509
v -0.03210768 -0.01137828 0.00028020
v -0.03215380 -0.01123440 0.00028018
v -0.03226401 -0.01181137 -0.00017333
v -0.03189868 -0.01269392 -0.00006134
v -0.03221191 -0.01179398 -0.00006134
v -0.03195031 -0.01271263 -0.00017333
v -0.03223371 -0.01141899 0.00010133
v -0.03212059 -0.01176349 0.00010133
v -0.03206539 -0.01174507 0.00018509
v -0.03217834 -0.01140111 0.00018509
v -0.03223371 -0.01141899 0.00010133
v -0.03225792 -0.01123440 0.00015029
v -0.03235835 -0.01123440 -0.00000010
v -0.03223371 -0.01141899 0.00010133
v -0.03217834 -0.01140111 0.00018509
v -0.03225792 -0.01123440 0.00015029
v -0.03223371 -0.01141899 0.00010133
v -0.03217984 -0.01178327 -0.00000011
v -0.03212059 -0.01176349 0.00010133
v -0.03230170 -0.01182395 -0.00026753
v -0.03195031 -0.01271263 -0.00017333
v -0.03226401 -0.01181137 -0.00017333
v -0.03198767 -0.01272617 -0.00026753
v -0.03229316 -0.01143819 -0.00000011
v -0.03223371 -0.01141899 0.00010133
v -0.03235835 -0.01123440 -0.00000010
v -0.03229316 -0.01143819 -0.00000011
v -0.03233630 -0.01183550 -0.00036845
v -0.03202196 -0.01273860 -0.00036845
v -0.03198767 -0.01272617 -0.00026753
v -0.03230170 -0.01182395 -0.00026753
v -0.03232533 -0.01144858 -0.00006134
v -0.03235835 -0.01123440 -0.00000010
v -0.03245140 -0.01123440 -0.00017333
v -0.03232533 -0.01144858 -0.00006134
v -0.03229316 -0.01143819 -0.00000011
v -0.03235835 -0.01123440 -0.00000010
v -0.03217984 -0.01178327 -0.00000011
v -0.03221191 -0.01179398 -0.00006134
v -0.03235663 -0.01184228 -0.00043726
v -0.03204211 -0.01274591 -0.00043726
v -0.03202196 -0.01273860 -0.00036845
v -0.03233630 -0.01183550 -0.00036845
v -0.03237760 -0.01146546 -0.00017333
v -0.03232533 -0.01144858 -0.00006134
v -0.03245140 -0.01123440 -0.00017333
v -0.03237760 -0.01146546 -0.00017333
v -0.03226401 -0.01181137 -0.00017333
v -0.03221191 -0.01179398 -0.00006134
v -0.03237760 -0.01146546 -0.00017333
v -0.03230170 -0.01182395 -0.00026753
v -0.03226401 -0.01181137 -0.00017333
v -0.03232533 -0.01144858 -0.00006134
v -0.03239223 -0.01185417 -0.00058716
v -0.03207739 -0.01275869 -0.00058716
v -0.03204211 -0.01274591 -0.00043726
v -0.03235663 -0.01184228 -0.00043726
v -0.03241541 -0.01147768 -0.00026753
v -0.03245140 -0.01123440 -0.00017333
v -0.03249306 -0.01123440 -0.00026754
v -0.03241541 -0.01147768 -0.00026753
v -0.03237760 -0.01146546 -0.00017333
v -0.03241154 -0.01186061 -0.00070038
v -0.03207739 -0.01275869 -0.00058716
v -0.03239223 -0.01185417 -0.00058716
v -0.03209653 -0.01276563 -0.00070038
v -0.03245012 -0.01148889 -0.00036845
v -0.03249306 -0.01123440 -0.00026754
v -0.03253126 -0.01123440 -0.00036846
v -0.03245012 -0.01148889 -0.00036845
v -0.03233630 -0.01183550 -0.00036845
v -0.03230170 -0.01182395 -0.00026753
v -0.03241541 -0.01147768 -0.00026753
v -0.03245012 -0.01148889 -0.00036845
v -0.03235663 -0.01184228 -0.00043726
v -0.03233630 -0.01183550 -0.00036845
v -0.03241541 -0.01147768 -0.00026753
v -0.03247052 -0.01149547 -0.00043726
v -0.03253126 -0.01123440 -0.00036846
v -0.03256512 -0.01123440 -0.00047590
v -0.03247052 -0.01149547 -0.00043726
v -0.03245012 -0.01148889 -0.00036845
v -0.03253126 -0.01123440 -0.00036846
v -0.03247052 -0.01149547 -0.00043726
v -0.03242392 -0.01186474 -0.00080655
v -0.03210881 -0.01277008 -0.00080655
v -0.03209653 -0.01276563 -0.00070038
v -0.03242392 -0.01186474 -0.00080655
v -0.03211740 -0.01277320 -0.00099754
v -0.03210881 -0.01277008 -0.00080655
v -0.03241154 -0.01186061 -0.00070038
v -0.03242392 -0.01186474 -0.00080655
v -0.03263774 -0.01123440 -0.00099754
v -0.03211740 -0.01277320 -0.00099754
v -0.03250623 -0.01150701 -0.00058716
v -0.03256512 -0.01123440 -0.00047590
v -0.03259313 -0.01123440 -0.00058717
v -0.03250623 -0.01150701 -0.00058716
v -0.03239223 -0.01185417 -0.00058716
v -0.03235663 -0.01184228 -0.00043726
v -0.03247052 -0.01149547 -0.00043726
v -0.03256512 -0.01123440 -0.00047590
v -0.03252560 -0.01151326 -0.00070038
v -0.03259313 -0.01123440 -0.00058717
v -0.03261448 -0.01123440 -0.00070038
v -0.03252560 -0.01151326 -0.00070038
v -0.03239223 -0.01185417 -0.00058716
v -0.03250623 -0.01150701 -0.00058716
v -0.03250623 -0.01150701 -0.00058716
v -0.03241154 -0.01186061 -0.00070038
v -0.03253802 -0.01151728 -0.00080655
v -0.03262933 -0.01123440 -0.00081829
v -0.03263774 -0.01123440 -0.00099754
v -0.03253802 -0.01151728 -0.00080655
v -0.03261448 -0.01123440 -0.00070038
v -0.03262933 -0.01123440 -0.00081829
v -0.03252560 -0.01151326 -0.00070038
v -0.03253802 -0.01151728 -0.00080655
v -0.03263774 -0.01123440 -0.00099754
v -0.03242392 -0.01186474 -0.00080655
v -0.03253802 -0.01151728 -0.00080655
v -0.03242392 -0.01186474 -0.00080655
v -0.03241154 -0.01186061 -0.00070038
v -0.03252560 -0.01151326 -0.00070038
v 0.00950444 -0.01398031 0.00100246
v 0.00953795 -0.01389084 -0.00449754
v 0.00953864 -0.01388886 0.00100246
v 0.00953795 -0.01389084 -0.00449754
v 0.00956714 -0.01379987 -0.00449754
v 0.00953864 -0.01388886 0.00100246
v 0.00956833 -0.01379584 0.00100246
v 0.00956714 -0.01379987 -0.00449754
v 0.00959196 -0.01370761 -0.00449754
v 0.00956833 -0.01379584 0.00100246
v 0.00953864 -0.01388886 0.00100246
v 0.00956714 -0.01379987 -0.00449754
v 0.00959344 -0.01370149 0.00100246
v 0.00959196 -0.01370761 -0.00449754
v 0.00961234 -0.01361427 -0.00449754
v 0.00959344 -0.01370149 0.00100246
v 0.00961392 -0.01360602 0.00100246
v 0.00961234 -0.01361427 -0.00449754
v 0.00962824 -0.01352007 -0.00449754
v 0.00961392 -0.01360602 0.00100246
v 0.00962972 -0.01350966 0.00100246
v 0.00962824 -0.01352007 -0.00449754
v 0.00963963 -0.01342521 -0.00449754
v 0.00962972 -0.01350966 0.00100246
v 0.00961392 -0.01360602 0.00100246
v 0.00962824 -0.01352007 -0.00449754
v 0.00964079 -0.01341265 0.00100246
v 0.00963963 -0.01342521 -0.00449754
v 0.00964647 -0.01332991 -0.00449754
v 0.00964079 -0.01341265 0.00100246
v 0.00962972 -0.01350966 0.00100246
v 0.00963963 -0.01342521 -0.00449754
v 0.00964712 -0.01331522 0.00100246
v 0.00964647 -0.01332991 -0.00449754
v 0.00964875 -0.01323440 -0.00449754
v 0.00964712 -0.01331522 0.00100246
v 0.00964079 -0.01341265 0.00100246
v 0.00964647 -0.01332991 -0.00449754
v 0.00964868 -0.01321759 0.00100246
v 0.00964868 -0.01321759 0.00100246
v 0.00964875 -0.01323440 -0.00449754
v 0.00964634 -0.01313626 -0.00449754
v 0.00964547 -0.01312001 0.00100246
v 0.00964868 -0.01321759 0.00100246
v 0.00964634 -0.01313626 -0.00449754
v 0.00964547 -0.01312001 0.00100246
v 0.00964634 -0.01313626 -0.00449754
v 0.00963912 -0.01303837 -0.00449754
v 0.00963751 -0.01302269 0.00100246
v 0.00964547 -0.01312001 0.00100246
v 0.00963912 -0.01303837 -0.00449754
v 0.00963751 -0.01302269 0.00100246
v 0.00963912 -0.01303837 -0.00449754
v 0.00962710 -0.01294094 -0.00449754
v 0.00962481 -0.01292588 0.00100246
v 0.00963751 -0.01302269 0.00100246
v 0.00962710 -0.01294094 -0.00449754
v 0.00962481 -0.01292588 0.00100246
v 0.00962710 -0.01294094 -0.00449754
v 0.00961032 -0.01284422 -0.00449754
v 0.00960740 -0.01282981 0.00100246
v 0.00961032 -0.01284422 -0.00449754
v 0.00958881 -0.01274844 -0.00449754
v 0.00960740 -0.01282981 0.00100246
v 0.00962481 -0.01292588 0.00100246
v 0.00961032 -0.01284422 -0.00449754
v 0.00958532 -0.01273470 0.00100246
v 0.00958881 -0.01274844 -0.00449754
v 0.00956263 -0.01265383 -0.00449754
v 0.00958532 -0.01273470 0.00100246
v 0.00960740 -0.01282981 0.00100246
v 0.00958881 -0.01274844 -0.00449754
v 0.00955862 -0.01264078 0.00100246
v 0.00956263 -0.01265383 -0.00449754
v 0.00953184 -0.01256062 -0.00449754
v 0.00955862 -0.01264078 0.00100246
v 0.00952737 -0.01254827 0.00100246
v 0.00953184 -0.01256062 -0.00449754
v 0.00949651 -0.01246903 -0.00449754
v 0.00952737 -0.01254827 0.00100246
v 0.00955862 -0.01264078 0.00100246
v 0.00953184 -0.01256062 -0.00449754
v 0.00949165 -0.01245740 0.00100246
v 0.00949651 -0.01246903 -0.00449754
v 0.00945673 -0.01237929 -0.00449754
v 0.00949165 -0.01245740 0.00100246
v 0.00952737 -0.01254827 0.00100246
v 0.00949651 -0.01246903 -0.00449754
v 0.00945153 -0.01236838 0.00100246
v 0.00945673 -0.01237929 -0.00449754
v 0.00941259 -0.01229161 -0.00449754
v 0.00945153 -0.01236838 0.00100246
v 0.00940711 -0.01228143 0.00100246
v 0.00941259 -0.01229161 -0.00449754
v 0.00936421 -0.01220619 -0.00449754
v 0.00940711 -0.01228143 0.00100246
v 0.00935851 -0.01219675 0.00100246
v 0.00936421 -0.01220619 -0.00449754
v 0.00931169 -0.01212326 -0.00449754
v 0.00935851 -0.01219675 0.00100246
v 0.00940711 -0.01228143 0.00100246
v 0.00936421 -0.01220619 -0.00449754
v 0.00930583 -0.01211454 0.00100246
v 0.00931169 -0.01212326 -0.00449754
v 0.00925516 -0.01204300 -0.00449754
v 0.00930583 -0.01211454 0.00100246
v 0.00935851 -0.01219675 0.00100246
v 0.00931169 -0.01212326 -0.00449754
v 0.00924920 -0.01203500 0.00100246
v 0.00925516 -0.01204300 -0.00449754
v 0.00919477 -0.01196561 -0.00449754
v 0.00924920 -0.01203500 0.00100246
v 0.00930583 -0.01211454 0.00100246
v 0.00925516 -0.01204300 -0.00449754
v 0.00918875 -0.01195832 0.00100246
v 0.00919477 -0.01196561 -0.00449754
v 0.00913065 -0.01189128 -0.00449754
v 0.00918875 -0.01195832 0.00100246
v 0.00912464 -0.01188468 0.00100246
v 0.00913065 -0.01189128 -0.00449754
v 0.00906296 -0.01182019 -0.00449754
v 0.00912464 -0.01188468 0.00100246
v 0.00918875 -0.01195832 0.00100246
v 0.00913065 -0.01189128 -0.00449754
v 0.00905701 -0.01181426 0.00100246
v 0.00906296 -0.01182019 -0.00449754
v 0.00899187 -0.01175250 -0.00449754
v 0.00905701 -0.01181426 0.00100246
v 0.00898602 -0.01174722 0.00100246
v 0.00899187 -0.01175250 -0.00449754
v 0.00891753 -0.01168838 -0.00449754
v 0.00898602 -0.01174722 0.00100246
v 0.00905701 -0.01181426 0.00100246
v 0.00899187 -0.01175250 -0.00449754
v 0.00891184 -0.01168372 0.00100246
v 0.00891753 -0.01168838 -0.00449754
v 0.00884015 -0.01162798 -0.00449754
v 0.00891184 -0.01168372 0.00100246
v 0.00883466 -0.01162393 0.00100246
v 0.00884015 -0.01162798 -0.00449754
v 0.00875989 -0.01157146 -0.00449754
v 0.00883466 -0.01162393 0.00100246
v 0.00891184 -0.01168372 0.00100246
v 0.00884015 -0.01162798 -0.00449754
v 0.00875464 -0.01156797 0.00100246
v 0.00875989 -0.01157146 -0.00449754
v 0.00867695 -0.01151894 -0.00449754
v 0.00875464 -0.01156797 0.00100246
v 0.00883466 -0.01162393 0.00100246
v 0.00875989 -0.01157146 -0.00449754
v 0.00867199 -0.01151598 0.00100246
v 0.00875464 -0.01156797 0.00100246
v 0.00867695 -0.01151894 -0.00449754
v 0.00867199 -0.01151598 0.00100246
v 0.00867695 -0.01151894 -0.00449754
v 0.00859154 -0.01147056 -0.00449754
v 0.00858691 -0.01146809 0.00100246
v 0.00858691 -0.01146809 0.00100246
v 0.00859154 -0.01147056 -0.00449754
v 0.00850386 -0.01142642 -0.00449754
v 0.00849958 -0.01142440 0.00100246
v 0.00849958 -0.01142440 0.00100246
v 0.00850386 -0.01142642 -0.00449754
v 0.00841411 -0.01138664 -0.00449754
v 0.00841023 -0.01138504 0.00100246
v 0.00841411 -0.01138664 -0.00449754
v 0.00832253 -0.01135131 -0.00449754
v 0.00841023 -0.01138504 0.00100246
v 0.00849958 -0.01142440 0.00100246
v 0.00841411 -0.01138664 -0.00449754
v 0.00831906 -0.01135008 0.00100246
v 0.00832253 -0.01135131 -0.00449754
v 0.00822932 -0.01132052 -0.00449754
v 0.00831906 -0.01135008 0.00100246
v 0.00822630 -0.01131961 0.00100246
v 0.00822932 -0.01132052 -0.00449754
v 0.00813471 -0.01129434 -0.00449754
v 0.00822630 -0.01131961 0.00100246
v 0.00813216 -0.01129370 0.00100246
v 0.00813471 -0.01129434 -0.00449754
v 0.00803893 -0.01127283 -0.00449754
v 0.00813216 -0.01129370 0.00100246
v 0.00803687 -0.01127242 0.00100246
v 0.00803893 -0.01127283 -0.00449754
v 0.00794221 -0.01125605 -0.00449754
v 0.00803687 -0.01127242 0.00100246
v 0.00794065 -0.01125582 0.00100246
v 0.00794221 -0.01125605 -0.00449754
v 0.00784478 -0.01124403 -0.00449754
v 0.00794065 -0.01125582 0.00100246
v 0.00784374 -0.01124393 0.00100246
v 0.00784478 -0.01124403 -0.00449754
v 0.00774688 -0.01123681 -0.00449754
v 0.00784374 -0.01124393 0.00100246
v 0.00774636 -0.01123678 0.00100246
v 0.00774688 -0.01123681 -0.00449754
v 0.00764875 -0.01123440 -0.00449754
v 0.00774636 -0.01123678 0.00100246
v 0.00764875 -0.01123440 0.00100246
v -0.03053549 -0.01123440 0.00100246
v 0.00764875 -0.01123440 0.00100246
v 0.00764875 -0.01123440 -0.00449754
v -0.03263774 -0.01123440 -0.00099754
v -0.03262933 -0.01123440 -0.00081829
v -0.03261448 -0.01123440 -0.00070038
v -0.03259313 -0.01123440 -0.00058717
v -0.03256512 -0.01123440 -0.00047590
v -0.03253126 -0.01123440 -0.00036846
v -0.03249306 -0.01123440 -0.00026754
v -0.03245140 -0.01123440 -0.00017333
v -0.03235835 -0.01123440 -0.00000010
v -0.03225792 -0.01123440 0.00015029
v -0.03215380 -0.01123440 0.00028018
v -0.03204951 -0.01123440 0.00039118
v -0.03194732 -0.01123440 0.00048542
v -0.03184808 -0.01123440 0.00056562
v -0.03175280 -0.01123440 0.00063379
v -0.03166220 -0.01123440 0.00069160
v -0.03148906 -0.01123440 0.00078548
v -0.03133899 -0.01123440 0.00085117
v -0.03121024 -0.01123440 0.00089704
v -0.03110045 -0.01123440 0.00092917
v -0.03091432 -0.01123440 0.00096988
v -0.03072595 -0.01123440 0.00099430
v -0.03263774 -0.01123440 -0.00449754
v 0.00853456 -0.01618044 -0.00449754
v 0.00820011 -0.01686660 -0.00449754
v 0.00857878 -0.01609299 -0.00449754
v 0.00848610 -0.01626562 -0.00449754
v 0.00843353 -0.01634832 -0.00449754
v 0.00837697 -0.01642835 -0.00449754
v 0.00831656 -0.01650552 -0.00449754
v 0.00825244 -0.01657963 -0.00449754
v 0.00818477 -0.01665051 -0.00449754
v 0.00811371 -0.01671799 -0.00449754
v 0.00803943 -0.01678191 -0.00449754
v 0.00796210 -0.01684211 -0.00449754
v 0.00788192 -0.01689845 -0.00449754
v 0.00780378 -0.01763130 -0.00449754
v 0.00779908 -0.01695080 -0.00449754
v 0.00771377 -0.01699903 -0.00449754
v 0.00762620 -0.01704302 -0.00449754
v 0.00753658 -0.01708267 -0.00449754
v 0.00744513 -0.01711788 -0.00449754
v 0.00735206 -0.01714857 -0.00449754
v 0.00725760 -0.01717467 -0.00449754
v 0.00716198 -0.01719610 -0.00449754
v 0.00738999 -0.01838671 -0.00449754
v 0.00706542 -0.01721283 -0.00449754
v 0.00696815 -0.01722480 -0.00449754
v 0.00687042 -0.01723200 -0.00449754
v 0.00677245 -0.01723440 -0.00449754
v 0.00726704 -0.01859337 -0.00449754
v 0.00713430 -0.01879389 -0.00449754
v 0.00699207 -0.01898779 -0.00449754
v 0.00684068 -0.01917463 -0.00449754
v 0.00668049 -0.01935397 -0.00449754
v 0.00651185 -0.01952540 -0.00449754
v 0.00633517 -0.01968853 -0.00449754
v 0.00615086 -0.01984297 -0.00449754
v 0.00595932 -0.01998838 -0.00449754
v 0.00576102 -0.02012440 -0.00449754
v 0.00555641 -0.02025074 -0.00449754
v 0.00534596 -0.02036709 -0.00449754
v 0.00513016 -0.02047318 -0.00449754
v 0.00490951 -0.02056878 -0.00449754
v 0.00468451 -0.02065366 -0.00449754
v 0.00445570 -0.02072762 -0.00449754
v 0.00422359 -0.02079050 -0.00449754
v 0.00398873 -0.02084214 -0.00449754
v 0.00375166 -0.02088243 -0.00449754
v 0.00351292 -0.02091128 -0.00449754
v 0.00327308 -0.02092862 -0.00449754
v 0.00303268 -0.02093440 -0.00449754
v -0.02518442 -0.02093440 -0.00449754
v -0.02542482 -0.02092862 -0.00449754
v -0.02590340 -0.02088243 -0.00449754
v -0.02566466 -0.02091128 -0.00449754
v -0.02637533 -0.02079050 -0.00449754
v -0.02614047 -0.02084214 -0.00449754
v -0.02660744 -0.02072762 -0.00449754
v -0.03016401 -0.01723440 -0.00449754
v -0.02996106 -0.01762091 -0.00449754
v -0.02683625 -0.02065366 -0.00449754
v -0.02728190 -0.02047318 -0.00449754
v -0.02706124 -0.02056878 -0.00449754
v -0.02975362 -0.01800503 -0.00449754
v -0.02954173 -0.01838671 -0.00449754
v -0.02749770 -0.02036709 -0.00449754
v -0.02791276 -0.02012440 -0.00449754
v -0.02770815 -0.02025074 -0.00449754
v -0.02941878 -0.01859337 -0.00449754
v -0.02914381 -0.01898779 -0.00449754
v -0.02928604 -0.01879389 -0.00449754
v -0.02830260 -0.01984297 -0.00449754
v -0.02811106 -0.01998838 -0.00449754
v -0.02899242 -0.01917463 -0.00449754
v -0.02848691 -0.01968853 -0.00449754
v -0.02883223 -0.01935397 -0.00449754
v -0.02866360 -0.01952540 -0.00449754
v -0.03346708 -0.00813744 -0.00458476
v -0.03367587 -0.00713440 -0.01232256
v -0.03346708 -0.00813744 -0.01241032
v -0.03367587 -0.00713440 -0.00467252
v -0.03323096 -0.00913440 -0.00449754
v -0.03346708 -0.00813744 -0.01241032
v -0.03323096 -0.00913440 -0.01249754
v -0.03323096 -0.00913440 -0.00449754
v -0.03323096 -0.00913440 -0.01249754
v -0.03304681 -0.00983819 -0.01249754
v -0.03346708 -0.00813744 -0.00458476
v -0.03304681 -0.00983819 -0.00449754
v -0.03304681 -0.00983819 -0.01249754
v -0.03284904 -0.01053828 -0.01249754
v -0.03304681 -0.00983819 -0.00449754
v -0.03211740 -0.01277320 -0.01539754
v -0.03263774 -0.01123440 -0.01249754
v -0.03263774 -0.01123440 -0.01539754
v -0.03284904 -0.01053828 -0.00449754
v -0.03284904 -0.01053828 -0.01249754
v -0.03263774 -0.01123440 -0.01249754
v -0.03284904 -0.01053828 -0.00449754
v -0.03263774 -0.01123440 -0.00449754
v -0.03263774 -0.01123440 -0.00449754
v -0.03211740 -0.01277320 -0.01539754
v -0.03153092 -0.01428801 -0.01539754
v -0.03153092 -0.01428801 -0.01539754
v -0.03087938 -0.01577601 -0.01539754
v -0.03016401 -0.01723440 -0.01249754
v -0.03087938 -0.01577601 -0.01539754
v -0.03016401 -0.01723440 -0.01539754
v -0.03016401 -0.01723440 -0.00449754
v -0.03016401 -0.01723440 -0.01249754
v -0.02996106 -0.01762091 -0.01249754
v -0.03016401 -0.01723440 -0.00449754
v -0.02996106 -0.01762091 -0.00449754
v -0.02996106 -0.01762091 -0.01249754
v -0.02975362 -0.01800503 -0.01249754
v -0.02996106 -0.01762091 -0.00449754
v -0.02975362 -0.01800503 -0.00449754
v -0.02954173 -0.01838671 -0.00449754
v -0.02975362 -0.01800503 -0.01249754
v -0.02954173 -0.01838671 -0.01249754
v -0.02975362 -0.01800503 -0.00449754
v 0.01131534 -0.00813744 -0.00458476
v -0.03323096 -0.00913440 -0.00449754
v 0.01107922 -0.00913440 -0.00449754
v 0.01152413 -0.00713440 -0.00467252
v -0.03346708 -0.00813744 -0.00458476
v -0.03367587 -0.00713440 -0.00467252
v 0.00906296 -0.01182019 -0.00449754
v 0.00913065 -0.01189128 -0.00449754
v 0.01062772 -0.01077295 -0.00449754
v 0.00899187 -0.01175250 -0.00449754
v 0.00919477 -0.01196561 -0.00449754
v 0.00891753 -0.01168838 -0.00449754
v 0.00925516 -0.01204300 -0.00449754
v 0.01010243 -0.01238936 -0.00449754
v 0.00884015 -0.01162798 -0.00449754
v 0.00931169 -0.01212326 -0.00449754
v 0.00875989 -0.01157146 -0.00449754
v 0.00936421 -0.01220619 -0.00449754
v 0.00867695 -0.01151894 -0.00449754
v 0.00941259 -0.01229161 -0.00449754
v 0.00859154 -0.01147056 -0.00449754
v 0.00945673 -0.01237929 -0.00449754
v 0.00850386 -0.01142642 -0.00449754
v 0.00949651 -0.01246903 -0.00449754
v 0.00841411 -0.01138664 -0.00449754
v 0.00953184 -0.01256062 -0.00449754
v 0.01107922 -0.00913440 -0.00449754
v 0.00832253 -0.01135131 -0.00449754
v 0.00956263 -0.01265383 -0.00449754
v 0.00822932 -0.01132052 -0.00449754
v 0.00958881 -0.01274844 -0.00449754
v 0.00813471 -0.01129434 -0.00449754
v 0.00961032 -0.01284422 -0.00449754
v 0.00803893 -0.01127283 -0.00449754
v 0.00962710 -0.01294094 -0.00449754
v 0.00794221 -0.01125605 -0.00449754
v 0.00963912 -0.01303837 -0.00449754
v 0.00784478 -0.01124403 -0.00449754
v 0.00964634 -0.01313626 -0.00449754
v 0.00774688 -0.01123681 -0.00449754
v 0.00764875 -0.01123440 -0.00449754
v 0.00964875 -0.01323440 -0.00449754
v 0.00964647 -0.01332991 -0.00449754
v 0.00963963 -0.01342521 -0.00449754
v 0.00962824 -0.01352007 -0.00449754
v 0.00961234 -0.01361427 -0.00449754
v 0.00959196 -0.01370761 -0.00449754
v 0.00956714 -0.01379987 -0.00449754
v 0.00953795 -0.01389084 -0.00449754
v -0.03323096 -0.00913440 -0.00449754
v -0.03304681 -0.00983819 -0.00449754
v -0.03284904 -0.01053828 -0.00449754
v -0.03263774 -0.01123440 -0.00449754
v 0.00950444 -0.01398031 -0.00449754
v 0.00327308 -0.02092862 -0.00449754
v 0.00303268 -0.02093440 -0.00449754
v 0.00303268 -0.02093440 -0.01249754
v 0.00327308 -0.02092862 -0.01249754
v 0.00351292 -0.02091128 -0.00449754
v 0.00327308 -0.02092862 -0.01249754
v 0.00351292 -0.02091128 -0.01249754
v 0.00327308 -0.02092862 -0.00449754
v 0.00375166 -0.02088243 -0.00449754
v 0.00351292 -0.02091128 -0.01249754
v 0.00375166 -0.02088243 -0.01249754
v 0.00351292 -0.02091128 -0.00449754
v 0.00398873 -0.02084214 -0.00449754
v 0.00375166 -0.02088243 -0.01249754
v 0.00398873 -0.02084214 -0.01249754
v 0.00375166 -0.02088243 -0.00449754
v 0.00422359 -0.02079050 -0.00449754
v 0.00398873 -0.02084214 -0.01249754
v 0.00422359 -0.02079050 -0.01249754
v 0.00398873 -0.02084214 -0.00449754
v 0.00445570 -0.02072762 -0.00449754
v 0.00422359 -0.02079050 -0.01249754
v 0.00445570 -0.02072762 -0.01249754
v 0.00422359 -0.02079050 -0.00449754
v 0.00468451 -0.02065366 -0.00449754
v 0.00445570 -0.02072762 -0.01249754
v 0.00468451 -0.02065366 -0.01249754
v 0.00445570 -0.02072762 -0.00449754
v 0.00490951 -0.02056878 -0.00449754
v 0.00468451 -0.02065366 -0.01249754
v 0.00490951 -0.02056878 -0.01249754
v 0.00468451 -0.02065366 -0.00449754
v 0.00513016 -0.02047318 -0.00449754
v 0.00490951 -0.02056878 -0.01249754
v 0.00513016 -0.02047318 -0.01249754
v 0.00490951 -0.02056878 -0.00449754
v 0.00534596 -0.02036709 -0.00449754
v 0.00513016 -0.02047318 -0.01249754
v 0.00534596 -0.02036709 -0.01249754
v 0.00513016 -0.02047318 -0.00449754
v 0.00555641 -0.02025074 -0.00449754
v 0.00534596 -0.02036709 -0.01249754
v 0.00555641 -0.02025074 -0.01249754
v 0.00534596 -0.02036709 -0.00449754
v 0.00576102 -0.02012440 -0.00449754
v 0.00555641 -0.02025074 -0.01249754
v 0.00576102 -0.02012440 -0.01249754
v 0.00555641 -0.02025074 -0.00449754
v 0.00595932 -0.01998838 -0.00449754
v 0.00576102 -0.02012440 -0.00449754
v 0.00576102 -0.02012440 -0.01249754
v 0.00595932 -0.01998838 -0.01249754
v 0.00615086 -0.01984297 -0.00449754
v 0.00595932 -0.01998838 -0.00449754
v 0.00595932 -0.01998838 -0.01249754
v 0.00615086 -0.01984297 -0.01249754
v 0.00633517 -0.01968853 -0.00449754
v 0.00615086 -0.01984297 -0.00449754
v 0.00615086 -0.01984297 -0.01249754
v 0.00633517 -0.01968853 -0.01249754
v 0.00651185 -0.01952540 -0.00449754
v 0.00633517 -0.01968853 -0.00449754
v 0.00633517 -0.01968853 -0.01249754
v 0.00651185 -0.01952540 -0.01249754
v 0.00668049 -0.01935397 -0.00449754
v 0.00651185 -0.01952540 -0.00449754
v 0.00651185 -0.01952540 -0.01249754
v 0.00668049 -0.01935397 -0.01249754
v 0.00684068 -0.01917463 -0.00449754
v 0.00668049 -0.01935397 -0.00449754
v 0.00668049 -0.01935397 -0.01249754
v 0.00684068 -0.01917463 -0.00449754
v 0.00684068 -0.01917463 -0.01249754
v 0.00699207 -0.01898779 -0.01249754
v 0.00684068 -0.01917463 -0.01249754
v 0.00699207 -0.01898779 -0.00449754
v 0.00699207 -0.01898779 -0.01249754
v 0.00713430 -0.01879389 -0.01249754
v 0.00699207 -0.01898779 -0.00449754
v 0.00713430 -0.01879389 -0.00449754
v 0.00726704 -0.01859337 -0.00449754
v 0.00713430 -0.01879389 -0.01249754
v 0.00726704 -0.01859337 -0.01249754
v 0.00713430 -0.01879389 -0.00449754
v 0.00738999 -0.01838671 -0.00449754
v 0.00726704 -0.01859337 -0.01249754
v 0.00738999 -0.01838671 -0.01249754
v 0.00726704 -0.01859337 -0.00449754
v 0.00668049 -0.01935397 -0.01249754
v 0.00699207 -0.01898779 -0.01249754
v 0.00684068 -0.01917463 -0.01249754
v 0.00651185 -0.01952540 -0.01249754
v 0.00633517 -0.01968853 -0.01249754
v 0.00615086 -0.01984297 -0.01249754
v 0.00595932 -0.01998838 -0.01249754
v 0.00726704 -0.01859337 -0.01249754
v 0.00713430 -0.01879389 -0.01249754
v 0.00576102 -0.02012440 -0.01249754
v 0.00555641 -0.02025074 -0.01249754
v 0.00738999 -0.01838671 -0.01249754
v 0.00534596 -0.02036709 -0.01249754
v 0.00513016 -0.02047318 -0.01249754
v 0.00490951 -0.02056878 -0.01249754
v 0.00468451 -0.02065366 -0.01249754
v 0.00445570 -0.02072762 -0.01249754
v 0.00422359 -0.02079050 -0.01249754
v 0.00398873 -0.02084214 -0.01249754
v 0.00375166 -0.02088243 -0.01249754
v 0.00351292 -0.02091128 -0.01249754
v 0.00303268 -0.02093440 -0.01249754
v 0.00327308 -0.02092862 -0.01249754
v 0.00760188 -0.01800503 -0.01249754
v 0.00780932 -0.01762091 -0.01249754
v 0.00801227 -0.01723440 -0.01249754
v -0.02542482 -0.02092862 -0.01249754
v -0.02566466 -0.02091128 -0.01249754
v -0.02518442 -0.02093440 -0.01249754
v -0.02590340 -0.02088243 -0.01249754
v -0.02614047 -0.02084214 -0.01249754
v -0.02637533 -0.02079050 -0.01249754
v -0.02660744 -0.02072762 -0.01249754
v -0.02683625 -0.02065366 -0.01249754
v -0.02706124 -0.02056878 -0.01249754
v -0.02728190 -0.02047318 -0.01249754
v -0.02770815 -0.02025074 -0.01249754
v -0.02749770 -0.02036709 -0.01249754
v -0.02791276 -0.02012440 -0.01249754
v -0.02811106 -0.01998838 -0.01249754
v -0.02866360 -0.01952540 -0.01249754
v -0.02830260 -0.01984297 -0.01249754
v -0.02848691 -0.01968853 -0.01249754
v -0.02883223 -0.01935397 -0.01249754
v -0.02899242 -0.01917463 -0.01249754
v -0.02941878 -0.01859337 -0.01249754
v -0.02914381 -0.01898779 -0.01249754
v -0.02928604 -0.01879389 -0.01249754
v -0.02954173 -0.01838671 -0.01249754
v -0.02975362 -0.01800503 -0.01249754
v -0.02996106 -0.01762091 -0.01249754
v -0.03016401 -0.01723440 -0.01249754
v -0.03016401 -0.01723440 -0.01249754
v -0.03016401 -0.01723440 -0.01539754
v 0.00801227 -0.01723440 -0.01249754
v 0.00801227 -0.01723440 -0.01539754
v -0.03087938 -0.01577601 -0.01539754
v 0.00801227 -0.01723440 -0.01539754
v -0.03016401 -0.01723440 -0.01539754
v 0.00872764 -0.01577601 -0.01539754
v -0.03153092 -0.01428801 -0.01539754
v 0.00937918 -0.01428801 -0.01539754
v -0.03211740 -0.01277320 -0.01539754
v 0.00996566 -0.01277320 -0.01539754
v -0.03263774 -0.01123440 -0.01539754
v 0.01048600 -0.01123440 -0.01539754
v -0.03263774 -0.01123440 -0.01539754
v -0.03263774 -0.01123440 -0.01249754
v 0.01048600 -0.01123440 -0.01539754
v 0.01048600 -0.01123440 -0.01249754
v -0.03263774 -0.01123440 -0.01249754
v -0.03284904 -0.01053828 -0.01249754
v 0.01048600 -0.01123440 -0.01249754
v 0.01069730 -0.01053828 -0.01249754
v 0.01089507 -0.00983819 -0.01249754
v -0.03304681 -0.00983819 -0.01249754
v -0.03323096 -0.00913440 -0.01249754
v 0.01107922 -0.00913440 -0.01249754
v 0.01131534 -0.00813744 -0.01241032
v -0.03346708 -0.00813744 -0.01241032
v 0.01152413 -0.00713440 -0.01232256
v -0.03367587 -0.00713440 -0.01232256
v 0.01107922 -0.00913440 -0.01249754
v -0.03323096 -0.00913440 -0.01249754
v 0.01152413 -0.00713440 -0.01232256
v -0.03367587 -0.00713440 -0.01232256
v 0.01152413 -0.00713440 -0.00467252
v -0.03367587 -0.00713440 -0.00467252
v 0.00303268 -0.02093440 -0.00449754
v -0.02518442 -0.02093440 -0.00449754
v 0.00303268 -0.02093440 -0.01249754
v -0.02518442 -0.02093440 -0.01249754
v -0.02954173 -0.01838671 -0.00449754
v -0.02954173 -0.01838671 -0.01249754
v -0.02941878 -0.01859337 -0.01249754
v -0.02941878 -0.01859337 -0.00449754
v -0.02941878 -0.01859337 -0.01249754
v -0.02928604 -0.01879389 -0.01249754
v -0.02941878 -0.01859337 -0.00449754
v -0.02928604 -0.01879389 -0.00449754
v -0.02928604 -0.01879389 -0.01249754
v -0.02914381 -0.01898779 -0.01249754
v -0.02928604 -0.01879389 -0.00449754
v -0.02914381 -0.01898779 -0.00449754
v -0.02914381 -0.01898779 -0.01249754
v -0.02899242 -0.01917463 -0.01249754
v -0.02914381 -0.01898779 -0.00449754
v -0.02899242 -0.01917463 -0.00449754
v -0.02899242 -0.01917463 -0.01249754
v -0.02883223 -0.01935397 -0.01249754
v -0.02899242 -0.01917463 -0.00449754
v -0.02883223 -0.01935397 -0.00449754
v -0.02883223 -0.01935397 -0.01249754
v -0.02866360 -0.01952540 -0.01249754
v -0.02883223 -0.01935397 -0.00449754
v -0.02866360 -0.01952540 -0.00449754
v -0.02866360 -0.01952540 -0.01249754
v -0.02848691 -0.01968853 -0.01249754
v -0.02866360 -0.01952540 -0.00449754
v -0.02848691 -0.01968853 -0.00449754
v -0.02848691 -0.01968853 -0.01249754
v -0.02830260 -0.01984297 -0.01249754
v -0.02848691 -0.01968853 -0.00449754
v -0.02830260 -0.01984297 -0.00449754
v -0.02830260 -0.01984297 -0.01249754
v -0.02811106 -0.01998838 -0.01249754
v -0.02830260 -0.01984297 -0.00449754
v -0.02811106 -0.01998838 -0.00449754
v -0.02811106 -0.01998838 -0.01249754
v -0.02791276 -0.02012440 -0.01249754
v -0.02811106 -0.01998838 -0.00449754
v -0.02791276 -0.02012440 -0.00449754
v -0.02791276 -0.02012440 -0.01249754
v -0.02770815 -0.02025074 -0.01249754
v -0.02791276 -0.02012440 -0.00449754
v -0.02770815 -0.02025074 -0.00449754
v -0.02770815 -0.02025074 -0.01249754
v -0.02749770 -0.02036709 -0.01249754
v -0.02770815 -0.02025074 -0.00449754
v -0.02749770 -0.02036709 -0.00449754
v -0.02749770 -0.02036709 -0.01249754
v -0.02728190 -0.02047318 -0.01249754
v -0.02749770 -0.02036709 -0.00449754
v -0.02728190 -0.02047318 -0.00449754
v -0.02728190 -0.02047318 -0.01249754
v -0.02706124 -0.02056878 -0.01249754
v -0.02728190 -0.02047318 -0.00449754
v -0.02706124 -0.02056878 -0.00449754
v -0.02706124 -0.02056878 -0.00449754
v -0.02706124 -0.02056878 -0.01249754
v -0.02683625 -0.02065366 -0.01249754
v -0.02683625 -0.02065366 -0.00449754
v -0.02683625 -0.02065366 -0.01249754
v -0.02660744 -0.02072762 -0.01249754
v -0.02683625 -0.02065366 -0.00449754
v -0.02660744 -0.02072762 -0.00449754
v -0.02660744 -0.02072762 -0.01249754
v -0.02637533 -0.02079050 -0.01249754
v -0.02660744 -0.02072762 -0.00449754
v -0.02637533 -0.02079050 -0.00449754
v -0.02637533 -0.02079050 -0.01249754
v -0.02614047 -0.02084214 -0.01249754
v -0.02637533 -0.02079050 -0.00449754
v -0.02614047 -0.02084214 -0.00449754
v -0.02614047 -0.02084214 -0.01249754
v -0.02590340 -0.02088243 -0.01249754
v -0.02614047 -0.02084214 -0.00449754
v -0.02590340 -0.02088243 -0.00449754
v -0.02590340 -0.02088243 -0.01249754
v -0.02566466 -0.02091128 -0.01249754
v -0.02590340 -0.02088243 -0.00449754
v -0.02566466 -0.02091128 -0.00449754
v -0.02566466 -0.02091128 -0.01249754
v -0.02542482 -0.02092862 -0.01249754
v -0.02566466 -0.02091128 -0.00449754
v -0.02542482 -0.02092862 -0.00449754
v -0.02542482 -0.02092862 -0.01249754
v -0.02518442 -0.02093440 -0.01249754
v -0.02542482 -0.02092862 -0.00449754
v -0.02518442 -0.02093440 -0.00449754
v 0.00500925 -0.01533894 -0.00591704
v 0.00519377 -0.01513812 -0.00564431
v 0.00508366 -0.01540295 -0.00591704
v 0.00703901 -0.01312986 -0.00291704
v 0.00696379 -0.01306520 -0.00291704
v 0.00686986 -0.01331395 -0.00316704
v 0.00696379 -0.01306520 -0.00291704
v 0.00688446 -0.01300565 -0.00291704
v 0.00686986 -0.01331395 -0.00316704
v 0.00493918 -0.01527020 -0.00591704
v 0.00519377 -0.01513812 -0.00564431
v 0.00500925 -0.01533894 -0.00591704
v 0.00717583 -0.01327336 -0.00291704
v 0.00710979 -0.01319934 -0.00291704
v 0.00686986 -0.01331395 -0.00316704
v 0.00710979 -0.01319934 -0.00291704
v 0.00703901 -0.01312986 -0.00291704
v 0.00686986 -0.01331395 -0.00316704
v 0.00508366 -0.01540295 -0.00591704
v 0.00528788 -0.01521630 -0.00564431
v 0.00516210 -0.01546196 -0.00591704
v 0.00519377 -0.01513812 -0.00564431
v 0.00528788 -0.01521630 -0.00564431
v 0.00508366 -0.01540295 -0.00591704
v 0.00528788 -0.01521630 -0.00564431
v 0.00538930 -0.01528473 -0.00564431
v 0.00516210 -0.01546196 -0.00591704
v 0.00516210 -0.01546196 -0.00591704
v 0.00538930 -0.01528473 -0.00564431
v 0.00524424 -0.01551571 -0.00591704
v 0.00524424 -0.01551571 -0.00591704
v 0.00538930 -0.01528473 -0.00564431
v 0.00532971 -0.01556398 -0.00591704
v 0.00538930 -0.01528473 -0.00564431
v 0.00549704 -0.01534272 -0.00564431
v 0.00532971 -0.01556398 -0.00591704
v 0.00532971 -0.01556398 -0.00591704
v 0.00549704 -0.01534272 -0.00564431
v 0.00541815 -0.01560655 -0.00591704
v 0.00541815 -0.01560655 -0.00591704
v 0.00561001 -0.01538969 -0.00564431
v 0.00550919 -0.01564324 -0.00591704
v 0.00550919 -0.01564324 -0.00591704
v 0.00561001 -0.01538969 -0.00564431
v 0.00560244 -0.01567390 -0.00591704
v 0.00549704 -0.01534272 -0.00564431
v 0.00561001 -0.01538969 -0.00564431
v 0.00541815 -0.01560655 -0.00591704
v 0.00537830 -0.01493729 -0.00537159
v 0.00545149 -0.01499810 -0.00537159
v 0.00561001 -0.01538969 -0.00564431
v 0.00572710 -0.01542519 -0.00564431
v 0.00560244 -0.01567390 -0.00591704
v 0.00560244 -0.01567390 -0.00591704
v 0.00572710 -0.01542519 -0.00564431
v 0.00569749 -0.01569840 -0.00591704
v 0.00545149 -0.01499810 -0.00537159
v 0.00553038 -0.01505132 -0.00537159
v 0.00528788 -0.01521630 -0.00564431
v 0.00538930 -0.01528473 -0.00564431
v 0.00569749 -0.01569840 -0.00591704
v 0.00584714 -0.01544884 -0.00564431
v 0.00579394 -0.01571663 -0.00591704
v 0.00579394 -0.01571663 -0.00591704
v 0.00584714 -0.01544884 -0.00564431
v 0.00589137 -0.01572851 -0.00591704
v 0.00572710 -0.01542519 -0.00564431
v 0.00584714 -0.01544884 -0.00564431
v 0.00569749 -0.01569840 -0.00591704
v 0.00553038 -0.01505132 -0.00537159
v 0.00561417 -0.01509643 -0.00537159
v 0.00538930 -0.01528473 -0.00564431
v 0.00549704 -0.01534272 -0.00564431
v 0.00584714 -0.01544884 -0.00564431
v 0.00596894 -0.01546043 -0.00564431
v 0.00589137 -0.01572851 -0.00591704
v 0.00589137 -0.01572851 -0.00591704
v 0.00596894 -0.01546043 -0.00564431
v 0.00598938 -0.01573400 -0.00591704
v 0.00570204 -0.01513296 -0.00537159
v 0.00561417 -0.01509643 -0.00537159
v 0.00598938 -0.01573400 -0.00591704
v 0.00609129 -0.01545983 -0.00564431
v 0.00608753 -0.01573306 -0.00591704
v 0.00608753 -0.01573306 -0.00591704
v 0.00609129 -0.01545983 -0.00564431
v 0.00618541 -0.01572570 -0.00591704
v 0.00596894 -0.01546043 -0.00564431
v 0.00609129 -0.01545983 -0.00564431
v 0.00598938 -0.01573400 -0.00591704
v 0.00556282 -0.01473646 -0.00509886
v 0.00561510 -0.01477990 -0.00509886
v 0.00570204 -0.01513296 -0.00537159
v 0.00579310 -0.01516057 -0.00537159
v 0.00561001 -0.01538969 -0.00564431
v 0.00572710 -0.01542519 -0.00564431
v 0.00618541 -0.01572570 -0.00591704
v 0.00621297 -0.01544706 -0.00564431
v 0.00628260 -0.01571196 -0.00591704
v 0.00609129 -0.01545983 -0.00564431
v 0.00621297 -0.01544706 -0.00564431
v 0.00618541 -0.01572570 -0.00591704
v 0.00567145 -0.01481792 -0.00509886
v 0.00561510 -0.01477990 -0.00509886
v 0.00579310 -0.01516057 -0.00537159
v 0.00588647 -0.01517897 -0.00537159
v 0.00621297 -0.01544706 -0.00564431
v 0.00633277 -0.01542223 -0.00564431
v 0.00628260 -0.01571196 -0.00591704
v 0.00637869 -0.01569189 -0.00591704
v 0.00637869 -0.01569189 -0.00591704
v 0.00633277 -0.01542223 -0.00564431
v 0.00647325 -0.01566558 -0.00591704
v 0.00567145 -0.01481792 -0.00509886
v 0.00573130 -0.01485013 -0.00509886
v 0.00588647 -0.01517897 -0.00537159
v 0.00598120 -0.01518798 -0.00537159
v 0.00647325 -0.01566558 -0.00591704
v 0.00644950 -0.01538560 -0.00564431
v 0.00656589 -0.01563315 -0.00591704
v 0.00656589 -0.01563315 -0.00591704
v 0.00644950 -0.01538560 -0.00564431
v 0.00665622 -0.01559472 -0.00591704
v 0.00633277 -0.01542223 -0.00564431
v 0.00644950 -0.01538560 -0.00564431
v 0.00647325 -0.01566558 -0.00591704
v 0.00579406 -0.01487623 -0.00509886
v 0.00573130 -0.01485013 -0.00509886
v 0.00598120 -0.01518798 -0.00537159
v 0.00607636 -0.01518751 -0.00537159
v 0.00665622 -0.01559472 -0.00591704
v 0.00656201 -0.01533752 -0.00564431
v 0.00674383 -0.01555046 -0.00591704
v 0.00656201 -0.01533752 -0.00564431
v 0.00574734 -0.01453564 -0.00482613
v 0.00577871 -0.01456170 -0.00482613
v 0.00579406 -0.01487623 -0.00509886
v 0.00585911 -0.01489595 -0.00509886
v 0.00607636 -0.01518751 -0.00537159
v 0.00617100 -0.01517758 -0.00537159
v 0.00656201 -0.01533752 -0.00564431
v 0.00666918 -0.01527848 -0.00564431
v 0.00674383 -0.01555046 -0.00591704
v 0.00674383 -0.01555046 -0.00591704
v 0.00666918 -0.01527848 -0.00564431
v 0.00682837 -0.01550058 -0.00591704
v 0.00682837 -0.01550058 -0.00591704
v 0.00666918 -0.01527848 -0.00564431
v 0.00690946 -0.01544527 -0.00591704
v 0.00581252 -0.01458451 -0.00482613
v 0.00577871 -0.01456170 -0.00482613
v 0.00592580 -0.01490909 -0.00509886
v 0.00585911 -0.01489595 -0.00509886
v 0.00617100 -0.01517758 -0.00537159
v 0.00626418 -0.01515827 -0.00537159
v 0.00676993 -0.01520907 -0.00564431
v 0.00690946 -0.01544527 -0.00591704
v 0.00676993 -0.01520907 -0.00564431
v 0.00698675 -0.01538477 -0.00591704
v 0.00584843 -0.01460384 -0.00482613
v 0.00581252 -0.01458451 -0.00482613
v 0.00592580 -0.01490909 -0.00509886
v 0.00599347 -0.01491553 -0.00509886
v 0.00626418 -0.01515827 -0.00537159
v 0.00635498 -0.01512978 -0.00537159
v 0.00633277 -0.01542223 -0.00564431
v 0.00644950 -0.01538560 -0.00564431
v 0.00698675 -0.01538477 -0.00591704
v 0.00686327 -0.01512997 -0.00564431
v 0.00705993 -0.01531935 -0.00591704
v 0.00705993 -0.01531935 -0.00591704
v 0.00686327 -0.01512997 -0.00564431
v 0.00712867 -0.01524928 -0.00591704
v 0.00676993 -0.01520907 -0.00564431
v 0.00686327 -0.01512997 -0.00564431
v 0.00698675 -0.01538477 -0.00591704
v 0.00584843 -0.01460384 -0.00482613
v 0.00588609 -0.01461950 -0.00482613
v 0.00599347 -0.01491553 -0.00509886
v 0.00606144 -0.01491520 -0.00509886
v 0.00644248 -0.01509238 -0.00537159
v 0.00635498 -0.01512978 -0.00537159
v 0.00686327 -0.01512997 -0.00564431
v 0.00694827 -0.01504197 -0.00564431
v 0.00712867 -0.01524928 -0.00591704
v 0.00712867 -0.01524928 -0.00591704
v 0.00694827 -0.01504197 -0.00564431
v 0.00719268 -0.01517487 -0.00591704
v 0.00593187 -0.01433481 -0.00455341
v 0.00594232 -0.01434350 -0.00455341
v 0.00588609 -0.01461950 -0.00482613
v 0.00592512 -0.01463133 -0.00482613
v 0.00612904 -0.01490810 -0.00509886
v 0.00606144 -0.01491520 -0.00509886
v 0.00644248 -0.01509238 -0.00537159
v 0.00652583 -0.01504647 -0.00537159
v 0.00719268 -0.01517487 -0.00591704
v 0.00702408 -0.01494594 -0.00564431
v 0.00725169 -0.01509643 -0.00591704
v 0.00725169 -0.01509643 -0.00591704
v 0.00702408 -0.01494594 -0.00564431
v 0.00730544 -0.01501429 -0.00591704
v 0.00694827 -0.01504197 -0.00564431
v 0.00702408 -0.01494594 -0.00564431
v 0.00719268 -0.01517487 -0.00591704
v 0.00594232 -0.01434350 -0.00455341
v 0.00595359 -0.01435110 -0.00455341
v 0.00592512 -0.01463133 -0.00482613
v 0.00596513 -0.01463921 -0.00482613
v 0.00619560 -0.01489431 -0.00509886
v 0.00612904 -0.01490810 -0.00509886
v 0.00660420 -0.01499248 -0.00537159
v 0.00652583 -0.01504647 -0.00537159
v 0.00702408 -0.01494594 -0.00564431
v 0.00708996 -0.01484284 -0.00564431
v 0.00730544 -0.01501429 -0.00591704
v 0.00730544 -0.01501429 -0.00591704
v 0.00708996 -0.01484284 -0.00564431
v 0.00735371 -0.01492882 -0.00591704
v 0.00596556 -0.01435755 -0.00455341
v 0.00595359 -0.01435110 -0.00455341
v 0.00600573 -0.01464308 -0.00482613
v 0.00600573 -0.01464308 -0.00482613
v 0.00596513 -0.01463921 -0.00482613
v 0.00626045 -0.01487395 -0.00509886
v 0.00619560 -0.01489431 -0.00509886
v 0.00660420 -0.01499248 -0.00537159
v 0.00667679 -0.01493095 -0.00537159
v 0.00667679 -0.01493095 -0.00537159
v 0.00735371 -0.01492882 -0.00591704
v 0.00714525 -0.01473370 -0.00564431
v 0.00739628 -0.01484038 -0.00591704
v 0.00739628 -0.01484038 -0.00591704
v 0.00714525 -0.01473370 -0.00564431
v 0.00743297 -0.01474934 -0.00591704
v 0.00708996 -0.01484284 -0.00564431
v 0.00714525 -0.01473370 -0.00564431
v 0.00735371 -0.01492882 -0.00591704
v 0.00596556 -0.01435755 -0.00455341
v 0.00597812 -0.01436277 -0.00455341
v 0.00604651 -0.01464288 -0.00482613
v 0.00632295 -0.01484725 -0.00509886
v 0.00626045 -0.01487395 -0.00509886
v 0.00674290 -0.01486251 -0.00537159
v 0.00743297 -0.01474934 -0.00591704
v 0.00718939 -0.01461959 -0.00564431
v 0.00746363 -0.01465609 -0.00591704
v 0.00714525 -0.01473370 -0.00564431
v 0.00718939 -0.01461959 -0.00564431
v 0.00743297 -0.01474934 -0.00591704
v 0.00611639 -0.01413399 -0.00428068
v 0.00610594 -0.01412530 -0.00428068
v 0.00593187 -0.01433481 -0.00455341
v 0.00610594 -0.01412530 -0.00428068
v 0.00599113 -0.01436671 -0.00455341
v 0.00597812 -0.01436277 -0.00455341
v 0.00599113 -0.01436671 -0.00455341
v 0.00604651 -0.01464288 -0.00482613
v 0.00608707 -0.01463862 -0.00482613
v 0.00638249 -0.01481445 -0.00509886
v 0.00638249 -0.01481445 -0.00509886
v 0.00632295 -0.01484725 -0.00509886
v 0.00674290 -0.01486251 -0.00537159
v 0.00680187 -0.01478782 -0.00537159
v 0.00694827 -0.01504197 -0.00564431
v 0.00702408 -0.01494594 -0.00564431
v 0.00718939 -0.01461959 -0.00564431
v 0.00722195 -0.01450165 -0.00564431
v 0.00746363 -0.01465609 -0.00591704
v 0.00746363 -0.01465609 -0.00591704
v 0.00722195 -0.01450165 -0.00564431
v 0.00748813 -0.01456104 -0.00591704
v 0.00748813 -0.01456104 -0.00591704
v 0.00722195 -0.01450165 -0.00564431
v 0.00750636 -0.01446459 -0.00591704
v 0.00609467 -0.01411770 -0.00428068
v 0.00610594 -0.01412530 -0.00428068
v 0.00609467 -0.01411770 -0.00428068
v 0.00594232 -0.01434350 -0.00455341
v 0.00600446 -0.01436934 -0.00455341
v 0.00608707 -0.01463862 -0.00482613
v 0.00612701 -0.01463034 -0.00482613
v 0.00643846 -0.01477588 -0.00509886
v 0.00702408 -0.01494594 -0.00564431
v 0.00685311 -0.01470763 -0.00537159
v 0.00708996 -0.01484284 -0.00564431
v 0.00685311 -0.01470763 -0.00537159
v 0.00680187 -0.01478782 -0.00537159
v 0.00750636 -0.01446459 -0.00591704
v 0.00724261 -0.01438106 -0.00564431
v 0.00751824 -0.01436716 -0.00591704
v 0.00722195 -0.01450165 -0.00564431
v 0.00724261 -0.01438106 -0.00564431
v 0.00750636 -0.01446459 -0.00591704
v 0.00608269 -0.01411125 -0.00428068
v 0.00609467 -0.01411770 -0.00428068
v 0.00608269 -0.01411125 -0.00428068
v 0.00595359 -0.01435110 -0.00455341
v 0.00600446 -0.01436934 -0.00455341
v 0.00601800 -0.01437062 -0.00455341
v 0.00616592 -0.01461813 -0.00482613
v 0.00612701 -0.01463034 -0.00482613
v 0.00649032 -0.01473194 -0.00509886
v 0.00643846 -0.01477588 -0.00509886
v 0.00689611 -0.01462274 -0.00537159
v 0.00718939 -0.01461959 -0.00564431
v 0.00689611 -0.01462274 -0.00537159
v 0.00751824 -0.01436716 -0.00591704
v 0.00725116 -0.01425901 -0.00564431
v 0.00752373 -0.01426915 -0.00591704
v 0.00752373 -0.01426915 -0.00591704
v 0.00725116 -0.01425901 -0.00564431
v 0.00752279 -0.01417100 -0.00591704
v 0.00724261 -0.01438106 -0.00564431
v 0.00725116 -0.01425901 -0.00564431
v 0.00751824 -0.01436716 -0.00591704
v 0.00608269 -0.01411125 -0.00428068
v 0.00607014 -0.01410603 -0.00428068
v 0.00596556 -0.01435755 -0.00455341
v 0.00607014 -0.01410603 -0.00428068
v 0.00601800 -0.01437062 -0.00455341
v 0.00603159 -0.01437056 -0.00455341
v 0.00620342 -0.01460211 -0.00482613
v 0.00616592 -0.01461813 -0.00482613
v 0.00649032 -0.01473194 -0.00509886
v 0.00653754 -0.01468305 -0.00509886
v 0.00653754 -0.01468305 -0.00509886
v 0.00693044 -0.01453399 -0.00537159
v 0.00725116 -0.01425901 -0.00564431
v 0.00724751 -0.01413671 -0.00564431
v 0.00752279 -0.01417100 -0.00591704
v 0.00752279 -0.01417100 -0.00591704
v 0.00724751 -0.01413671 -0.00564431
v 0.00751543 -0.01407312 -0.00591704
v 0.00630092 -0.01393316 -0.00400795
v 0.00626955 -0.01390710 -0.00400795
v 0.00607014 -0.01410603 -0.00428068
v 0.00605713 -0.01410209 -0.00428068
v 0.00597812 -0.01436277 -0.00455341
v 0.00605713 -0.01410209 -0.00428068
v 0.00603159 -0.01437056 -0.00455341
v 0.00604511 -0.01436914 -0.00455341
v 0.00620342 -0.01460211 -0.00482613
v 0.00623915 -0.01458243 -0.00482613
v 0.00657966 -0.01462970 -0.00509886
v 0.00693044 -0.01453399 -0.00537159
v 0.00695577 -0.01444226 -0.00537159
v 0.00751543 -0.01407312 -0.00591704
v 0.00723170 -0.01401539 -0.00564431
v 0.00750169 -0.01397593 -0.00591704
v 0.00750169 -0.01397593 -0.00591704
v 0.00723170 -0.01401539 -0.00564431
v 0.00748162 -0.01387984 -0.00591704
v 0.00724751 -0.01413671 -0.00564431
v 0.00723170 -0.01401539 -0.00564431
v 0.00751543 -0.01407312 -0.00591704
v 0.00626955 -0.01390710 -0.00400795
v 0.00623574 -0.01388429 -0.00400795
v 0.00604380 -0.01409946 -0.00428068
v 0.00605713 -0.01410209 -0.00428068
v 0.00604380 -0.01409946 -0.00428068
v 0.00599113 -0.01436671 -0.00455341
v 0.00604511 -0.01436914 -0.00455341
v 0.00605842 -0.01436638 -0.00455341
v 0.00623915 -0.01458243 -0.00482613
v 0.00627273 -0.01455929 -0.00482613
v 0.00661626 -0.01457242 -0.00509886
v 0.00657966 -0.01462970 -0.00509886
v 0.00697184 -0.01434847 -0.00537159
v 0.00724261 -0.01438106 -0.00564431
v 0.00697184 -0.01434847 -0.00537159
v 0.00725116 -0.01425901 -0.00564431
v 0.00695577 -0.01444226 -0.00537159
v 0.00748162 -0.01387984 -0.00591704
v 0.00720390 -0.01389624 -0.00564431
v 0.00745531 -0.01378528 -0.00591704
v 0.00723170 -0.01401539 -0.00564431
v 0.00720390 -0.01389624 -0.00564431
v 0.00748162 -0.01387984 -0.00591704
v 0.00619983 -0.01386496 -0.00400795
v 0.00623574 -0.01388429 -0.00400795
v 0.00604380 -0.01409946 -0.00428068
v 0.00603026 -0.01409817 -0.00428068
v 0.00600446 -0.01436934 -0.00455341
v 0.00603026 -0.01409817 -0.00428068
v 0.00607139 -0.01436231 -0.00455341
v 0.00605842 -0.01436638 -0.00455341
v 0.00627273 -0.01455929 -0.00482613
v 0.00630384 -0.01453292 -0.00482613
v 0.00664697 -0.01451179 -0.00509886
v 0.00661626 -0.01457242 -0.00509886
v 0.00697848 -0.01425354 -0.00537159
v 0.00720390 -0.01389624 -0.00564431
v 0.00716436 -0.01378046 -0.00564431
v 0.00745531 -0.01378528 -0.00591704
v 0.00742288 -0.01369263 -0.00591704
v 0.00742288 -0.01369263 -0.00591704
v 0.00716436 -0.01378046 -0.00564431
v 0.00738445 -0.01360231 -0.00591704
v 0.00619983 -0.01386496 -0.00400795
v 0.00616217 -0.01384930 -0.00400795
v 0.00603026 -0.01409817 -0.00428068
v 0.00601667 -0.01409824 -0.00428068
v 0.00601800 -0.01437062 -0.00455341
v 0.00601667 -0.01409824 -0.00428068
v 0.00607139 -0.01436231 -0.00455341
v 0.00608389 -0.01435697 -0.00455341
v 0.00630384 -0.01453292 -0.00482613
v 0.00633218 -0.01450359 -0.00482613
v 0.00664697 -0.01451179 -0.00509886
v 0.00667150 -0.01444839 -0.00509886
v 0.00697848 -0.01425354 -0.00537159
v 0.00697565 -0.01415842 -0.00537159
v 0.00725116 -0.01425901 -0.00564431
v 0.00724751 -0.01413671 -0.00564431
v 0.00738445 -0.01360231 -0.00591704
v 0.00711350 -0.01366918 -0.00564431
v 0.00734020 -0.01351470 -0.00591704
v 0.00716436 -0.01378046 -0.00564431
v 0.00711350 -0.01366918 -0.00564431
v 0.00738445 -0.01360231 -0.00591704
v 0.00648544 -0.01373233 -0.00373522
v 0.00643316 -0.01368890 -0.00373522
v 0.00616217 -0.01384930 -0.00400795
v 0.00612314 -0.01383747 -0.00400795
v 0.00601667 -0.01409824 -0.00428068
v 0.00600315 -0.01409966 -0.00428068
v 0.00603159 -0.01437056 -0.00455341
v 0.00600315 -0.01409966 -0.00428068
v 0.00609580 -0.01435041 -0.00455341
v 0.00608389 -0.01435697 -0.00455341
v 0.00633218 -0.01450359 -0.00482613
v 0.00635745 -0.01447158 -0.00482613
v 0.00667150 -0.01444839 -0.00509886
v 0.00668959 -0.01438287 -0.00509886
v 0.00697565 -0.01415842 -0.00537159
v 0.00696335 -0.01406406 -0.00537159
v 0.00711350 -0.01366918 -0.00564431
v 0.00705181 -0.01356352 -0.00564431
v 0.00734020 -0.01351470 -0.00591704
v 0.00729031 -0.01343016 -0.00591704
v 0.00729031 -0.01343016 -0.00591704
v 0.00705181 -0.01356352 -0.00564431
v 0.00723500 -0.01334907 -0.00591704
v 0.00637681 -0.01365088 -0.00373522
v 0.00643316 -0.01368890 -0.00373522
v 0.00612314 -0.01383747 -0.00400795
v 0.00608313 -0.01382959 -0.00400795
v 0.00598984 -0.01410242 -0.00428068
v 0.00600315 -0.01409966 -0.00428068
v 0.00598984 -0.01410242 -0.00428068
v 0.00604511 -0.01436914 -0.00455341
v 0.00598984 -0.01410242 -0.00428068
v 0.00609580 -0.01435041 -0.00455341
v 0.00610700 -0.01434270 -0.00455341
v 0.00637941 -0.01443721 -0.00482613
v 0.00635745 -0.01447158 -0.00482613
v 0.00637941 -0.01443721 -0.00482613
v 0.00668959 -0.01438287 -0.00509886
v 0.00670106 -0.01431588 -0.00509886
v 0.00694173 -0.01397139 -0.00537159
v 0.00694173 -0.01397139 -0.00537159
v 0.00696335 -0.01406406 -0.00537159
v 0.00705181 -0.01356352 -0.00564431
v 0.00697991 -0.01346453 -0.00564431
v 0.00723500 -0.01334907 -0.00591704
v 0.00723500 -0.01334907 -0.00591704
v 0.00697991 -0.01346453 -0.00564431
v 0.00717450 -0.01327177 -0.00591704
v 0.00631696 -0.01361867 -0.00373522
v 0.00637681 -0.01365088 -0.00373522
v 0.00608313 -0.01382959 -0.00400795
v 0.00604253 -0.01382572 -0.00400795
v 0.00598984 -0.01410242 -0.00428068
v 0.00597687 -0.01410649 -0.00428068
v 0.00607139 -0.01436231 -0.00455341
v 0.00611737 -0.01433391 -0.00455341
v 0.00611737 -0.01433391 -0.00455341
v 0.00610700 -0.01434270 -0.00455341
v 0.00639783 -0.01440083 -0.00482613
v 0.00670106 -0.01431588 -0.00509886
v 0.00670581 -0.01424807 -0.00509886
v 0.00691098 -0.01388133 -0.00537159
v 0.00717450 -0.01327177 -0.00591704
v 0.00689850 -0.01337320 -0.00564431
v 0.00710908 -0.01319860 -0.00591704
v 0.00710908 -0.01319860 -0.00591704
v 0.00689850 -0.01337320 -0.00564431
v 0.00703901 -0.01312986 -0.00591704
v 0.00697991 -0.01346453 -0.00564431
v 0.00631696 -0.01361867 -0.00373522
v 0.00625420 -0.01359257 -0.00373522
v 0.00600174 -0.01382592 -0.00400795
v 0.00604253 -0.01382572 -0.00400795
v 0.00597687 -0.01410649 -0.00428068
v 0.00596436 -0.01411183 -0.00428068
v 0.00607139 -0.01436231 -0.00455341
v 0.00596436 -0.01411183 -0.00428068
v 0.00612681 -0.01432413 -0.00455341
v 0.00639783 -0.01440083 -0.00482613
v 0.00641255 -0.01436279 -0.00482613
v 0.00670379 -0.01418013 -0.00509886
v 0.00670581 -0.01424807 -0.00509886
v 0.00687142 -0.01379479 -0.00537159
v 0.00691098 -0.01388133 -0.00537159
v 0.00689850 -0.01337320 -0.00564431
v 0.00680841 -0.01329042 -0.00564431
v 0.00703901 -0.01312986 -0.00591704
v 0.00703901 -0.01312986 -0.00591704
v 0.00680841 -0.01329042 -0.00564431
v 0.00696460 -0.01306584 -0.00591704
v 0.00696460 -0.01306584 -0.00591704
v 0.00680841 -0.01329042 -0.00564431
v 0.00688616 -0.01300684 -0.00591704
v 0.00666996 -0.01353151 -0.00346250
v 0.00659677 -0.01347070 -0.00346250
v 0.00618915 -0.01357285 -0.00373522
v 0.00625420 -0.01359257 -0.00373522
v 0.00600174 -0.01382592 -0.00400795
v 0.00596118 -0.01383018 -0.00400795
v 0.00595246 -0.01411839 -0.00428068
v 0.00596436 -0.01411183 -0.00428068
v 0.00595246 -0.01411839 -0.00428068
v 0.00608389 -0.01435697 -0.00455341
v 0.00613524 -0.01431346 -0.00455341
v 0.00612681 -0.01432413 -0.00455341
v 0.00642340 -0.01432348 -0.00482613
v 0.00641255 -0.01436279 -0.00482613
v 0.00670379 -0.01418013 -0.00509886
v 0.00669500 -0.01411273 -0.00509886
v 0.00687142 -0.01379479 -0.00537159
v 0.00682344 -0.01371261 -0.00537159
v 0.00705181 -0.01356352 -0.00564431
v 0.00682344 -0.01371261 -0.00537159
v 0.00697991 -0.01346453 -0.00564431
v 0.00688616 -0.01300684 -0.00591704
v 0.00671052 -0.01321702 -0.00564431
v 0.00680402 -0.01295309 -0.00591704
v 0.00671052 -0.01321702 -0.00564431
v 0.00659677 -0.01347070 -0.00346250
v 0.00651788 -0.01341747 -0.00346250
v 0.00618915 -0.01357285 -0.00373522
v 0.00612246 -0.01355971 -0.00373522
v 0.00592125 -0.01383846 -0.00400795
v 0.00596118 -0.01383018 -0.00400795
v 0.00594126 -0.01412610 -0.00428068
v 0.00594126 -0.01412610 -0.00428068
v 0.00595246 -0.01411839 -0.00428068
v 0.00594126 -0.01412610 -0.00428068
v 0.00609580 -0.01435041 -0.00455341
v 0.00613524 -0.01431346 -0.00455341
v 0.00614255 -0.01430200 -0.00455341
v 0.00642340 -0.01432348 -0.00482613
v 0.00643029 -0.01428329 -0.00482613
v 0.00667955 -0.01404653 -0.00509886
v 0.00669500 -0.01411273 -0.00509886
v 0.00676751 -0.01363562 -0.00537159
v 0.00671052 -0.01321702 -0.00564431
v 0.00660581 -0.01315373 -0.00564431
v 0.00680402 -0.01295309 -0.00591704
v 0.00680402 -0.01295309 -0.00591704
v 0.00660581 -0.01315373 -0.00564431
v 0.00671855 -0.01290482 -0.00591704
v 0.00671855 -0.01290482 -0.00591704
v 0.00660581 -0.01315373 -0.00564431
v 0.00663011 -0.01286225 -0.00591704
v 0.00643409 -0.01337237 -0.00346250
v 0.00651788 -0.01341747 -0.00346250
v 0.00605479 -0.01355327 -0.00373522
v 0.00612246 -0.01355971 -0.00373522
v 0.00592125 -0.01383846 -0.00400795
v 0.00588234 -0.01385067 -0.00400795
v 0.00593089 -0.01413489 -0.00428068
v 0.00594126 -0.01412610 -0.00428068
v 0.00593089 -0.01413489 -0.00428068
v 0.00611737 -0.01433391 -0.00455341
v 0.00614870 -0.01428988 -0.00455341
v 0.00614255 -0.01430200 -0.00455341
v 0.00643314 -0.01424260 -0.00482613
v 0.00643029 -0.01428329 -0.00482613
v 0.00665759 -0.01398221 -0.00509886
v 0.00665759 -0.01398221 -0.00509886
v 0.00667955 -0.01404653 -0.00509886
v 0.00670420 -0.01356457 -0.00537159
v 0.00670420 -0.01356457 -0.00537159
v 0.00676751 -0.01363562 -0.00537159
v 0.00660581 -0.01315373 -0.00564431
v 0.00649532 -0.01310118 -0.00564431
v 0.00663011 -0.01286225 -0.00591704
v 0.00663011 -0.01286225 -0.00591704
v 0.00649532 -0.01310118 -0.00564431
v 0.00653907 -0.01282556 -0.00591704
v 0.00643409 -0.01337237 -0.00346250
v 0.00634622 -0.01333584 -0.00346250
v 0.00605479 -0.01355327 -0.00373522
v 0.00598682 -0.01355360 -0.00373522
v 0.00588234 -0.01385067 -0.00400795
v 0.00584484 -0.01386669 -0.00400795
v 0.00584484 -0.01386669 -0.00400795
v 0.00593089 -0.01413489 -0.00428068
v 0.00592145 -0.01414467 -0.00428068
v 0.00612681 -0.01432413 -0.00455341
v 0.00592145 -0.01414467 -0.00428068
v 0.00615360 -0.01427720 -0.00455341
v 0.00614870 -0.01428988 -0.00455341
v 0.00643192 -0.01420184 -0.00482613
v 0.00643314 -0.01424260 -0.00482613
v 0.00662934 -0.01392039 -0.00509886
v 0.00663412 -0.01350019 -0.00537159
v 0.00685449 -0.01333068 -0.00318977
v 0.00676038 -0.01325250 -0.00318977
v 0.00686986 -0.01331395 -0.00316704
v 0.00688446 -0.01300565 -0.00291704
v 0.00676038 -0.01325250 -0.00318977
v 0.00686986 -0.01331395 -0.00316704
v 0.00676038 -0.01325250 -0.00318977
v 0.00649532 -0.01310118 -0.00564431
v 0.00638015 -0.01305990 -0.00564431
v 0.00653907 -0.01282556 -0.00591704
v 0.00653907 -0.01282556 -0.00591704
v 0.00638015 -0.01305990 -0.00564431
v 0.00644582 -0.01279489 -0.00591704
v 0.00644582 -0.01279489 -0.00591704
v 0.00638015 -0.01305990 -0.00564431
v 0.00635077 -0.01277040 -0.00591704
v 0.00634622 -0.01333584 -0.00346250
v 0.00625515 -0.01330823 -0.00346250
v 0.00591922 -0.01356070 -0.00373522
v 0.00598682 -0.01355360 -0.00373522
v 0.00591922 -0.01356070 -0.00373522
v 0.00580911 -0.01388637 -0.00400795
v 0.00580911 -0.01388637 -0.00400795
v 0.00592145 -0.01414467 -0.00428068
v 0.00591302 -0.01415534 -0.00428068
v 0.00613524 -0.01431346 -0.00455341
v 0.00615360 -0.01427720 -0.00455341
v 0.00615722 -0.01426409 -0.00455341
v 0.00615722 -0.01426409 -0.00455341
v 0.00642665 -0.01416140 -0.00482613
v 0.00643192 -0.01420184 -0.00482613
v 0.00659506 -0.01386169 -0.00509886
v 0.00659506 -0.01386169 -0.00509886
v 0.00662934 -0.01392039 -0.00509886
v 0.00671052 -0.01321702 -0.00564431
v 0.00655799 -0.01344310 -0.00537159
v 0.00660581 -0.01315373 -0.00564431
v 0.00663412 -0.01350019 -0.00537159
v 0.00655799 -0.01344310 -0.00537159
v 0.00680841 -0.01329042 -0.00564431
v 0.00671052 -0.01321702 -0.00564431
v 0.00688446 -0.01300565 -0.00291704
v 0.00665896 -0.01318407 -0.00318977
v 0.00676038 -0.01325250 -0.00318977
v 0.00680138 -0.01295148 -0.00291704
v 0.00665896 -0.01318407 -0.00318977
v 0.00688446 -0.01300565 -0.00291704
v 0.00671489 -0.01290291 -0.00291704
v 0.00665896 -0.01318407 -0.00318977
v 0.00680138 -0.01295148 -0.00291704
v 0.00665896 -0.01318407 -0.00318977
v 0.00665896 -0.01318407 -0.00318977
v 0.00635077 -0.01277040 -0.00591704
v 0.00626144 -0.01303029 -0.00564431
v 0.00625432 -0.01275217 -0.00591704
v 0.00638015 -0.01305990 -0.00564431
v 0.00626144 -0.01303029 -0.00564431
v 0.00635077 -0.01277040 -0.00591704
v 0.00625515 -0.01330823 -0.00346250
v 0.00616179 -0.01328983 -0.00346250
v 0.00585266 -0.01357449 -0.00373522
v 0.00577553 -0.01390951 -0.00400795
v 0.00591302 -0.01415534 -0.00428068
v 0.00590570 -0.01416679 -0.00428068
v 0.00613524 -0.01431346 -0.00455341
v 0.00590570 -0.01416679 -0.00428068
v 0.00615952 -0.01425069 -0.00455341
v 0.00641738 -0.01412168 -0.00482613
v 0.00642665 -0.01416140 -0.00482613
v 0.00641738 -0.01412168 -0.00482613
v 0.00655512 -0.01380670 -0.00509886
v 0.00647655 -0.01339388 -0.00537159
v 0.00662538 -0.01286017 -0.00291704
v 0.00655122 -0.01312608 -0.00318977
v 0.00671489 -0.01290291 -0.00291704
v 0.00671489 -0.01290291 -0.00291704
v 0.00655122 -0.01312608 -0.00318977
v 0.00665896 -0.01318407 -0.00318977
v 0.00655122 -0.01312608 -0.00318977
v 0.00626144 -0.01303029 -0.00564431
v 0.00614037 -0.01301264 -0.00564431
v 0.00625432 -0.01275217 -0.00591704
v 0.00625432 -0.01275217 -0.00591704
v 0.00614037 -0.01301264 -0.00564431
v 0.00615689 -0.01274029 -0.00591704
v 0.00615689 -0.01274029 -0.00591704
v 0.00614037 -0.01301264 -0.00564431
v 0.00605888 -0.01273480 -0.00591704
v 0.00606706 -0.01328082 -0.00346250
v 0.00616179 -0.01328983 -0.00346250
v 0.00585266 -0.01357449 -0.00373522
v 0.00578781 -0.01359484 -0.00373522
v 0.00574442 -0.01393588 -0.00400795
v 0.00577553 -0.01390951 -0.00400795
v 0.00589956 -0.01417892 -0.00428068
v 0.00589956 -0.01417892 -0.00428068
v 0.00590570 -0.01416679 -0.00428068
v 0.00589956 -0.01417892 -0.00428068
v 0.00614255 -0.01430200 -0.00455341
v 0.00615952 -0.01425069 -0.00455341
v 0.00616047 -0.01423713 -0.00455341
v 0.00640421 -0.01408309 -0.00482613
v 0.00650989 -0.01375595 -0.00509886
v 0.00655512 -0.01380670 -0.00509886
v 0.00650989 -0.01375595 -0.00509886
v 0.00647655 -0.01339388 -0.00537159
v 0.00639061 -0.01335301 -0.00537159
v 0.00649532 -0.01310118 -0.00564431
v 0.00639061 -0.01335301 -0.00537159
v 0.00638015 -0.01305990 -0.00564431
v 0.00655122 -0.01312608 -0.00318977
v 0.00643825 -0.01307911 -0.00318977
v 0.00653324 -0.01282344 -0.00291704
v 0.00643825 -0.01307911 -0.00318977
v 0.00662538 -0.01286017 -0.00291704
v 0.00643888 -0.01279288 -0.00291704
v 0.00643825 -0.01307911 -0.00318977
v 0.00653324 -0.01282344 -0.00291704
v 0.00662538 -0.01286017 -0.00291704
v 0.00605888 -0.01273480 -0.00591704
v 0.00601814 -0.01300714 -0.00564431
v 0.00596073 -0.01273574 -0.00591704
v 0.00614037 -0.01301264 -0.00564431
v 0.00601814 -0.01300714 -0.00564431
v 0.00605888 -0.01273480 -0.00591704
v 0.00597190 -0.01328128 -0.00346250
v 0.00606706 -0.01328082 -0.00346250
v 0.00572531 -0.01362155 -0.00373522
v 0.00578781 -0.01359484 -0.00373522
v 0.00574442 -0.01393588 -0.00400795
v 0.00571608 -0.01396521 -0.00400795
v 0.00571608 -0.01396521 -0.00400795
v 0.00589956 -0.01417892 -0.00428068
v 0.00589466 -0.01419160 -0.00428068
v 0.00615360 -0.01427720 -0.00455341
v 0.00616006 -0.01422355 -0.00455341
v 0.00616047 -0.01423713 -0.00455341
v 0.00638725 -0.01404599 -0.00482613
v 0.00640421 -0.01408309 -0.00482613
v 0.00638725 -0.01404599 -0.00482613
v 0.00645984 -0.01370996 -0.00509886
v 0.00630103 -0.01332090 -0.00537159
v 0.00632116 -0.01304361 -0.00318977
v 0.00643825 -0.01307911 -0.00318977
v 0.00634270 -0.01276862 -0.00291704
v 0.00632116 -0.01304361 -0.00318977
v 0.00643888 -0.01279288 -0.00291704
v 0.00643888 -0.01279288 -0.00291704
v 0.00632116 -0.01304361 -0.00318977
v 0.00643825 -0.01307911 -0.00318977
v 0.00632116 -0.01304361 -0.00318977
v 0.00601814 -0.01300714 -0.00564431
v 0.00589598 -0.01301384 -0.00564431
v 0.00596073 -0.01273574 -0.00591704
v 0.00596073 -0.01273574 -0.00591704
v 0.00589598 -0.01301384 -0.00564431
v 0.00586285 -0.01274310 -0.00591704
v 0.00586285 -0.01274310 -0.00591704
v 0.00589598 -0.01301384 -0.00564431
v 0.00576566 -0.01275684 -0.00591704
v 0.00587726 -0.01329122 -0.00346250
v 0.00597190 -0.01328128 -0.00346250
v 0.00572531 -0.01362155 -0.00373522
v 0.00566577 -0.01365435 -0.00373522
v 0.00569081 -0.01399722 -0.00400795
v 0.00589104 -0.01420470 -0.00428068
v 0.00589466 -0.01419160 -0.00428068
v 0.00589104 -0.01420470 -0.00428068
v 0.00615360 -0.01427720 -0.00455341
v 0.00616006 -0.01422355 -0.00455341
v 0.00615830 -0.01421006 -0.00455341
v 0.00636669 -0.01401077 -0.00482613
v 0.00640546 -0.01366919 -0.00509886
v 0.00645984 -0.01370996 -0.00509886
v 0.00640546 -0.01366919 -0.00509886
v 0.00638015 -0.01305990 -0.00564431
v 0.00620870 -0.01329787 -0.00537159
v 0.00626144 -0.01303029 -0.00564431
v 0.00630103 -0.01332090 -0.00537159
v 0.00620870 -0.01329787 -0.00537159
v 0.00624513 -0.01275077 -0.00291704
v 0.00620112 -0.01301996 -0.00318977
v 0.00634270 -0.01276862 -0.00291704
v 0.00614659 -0.01273941 -0.00291704
v 0.00620112 -0.01301996 -0.00318977
v 0.00624513 -0.01275077 -0.00291704
v 0.00634270 -0.01276862 -0.00291704
v 0.00620112 -0.01301996 -0.00318977
v 0.00576566 -0.01275684 -0.00591704
v 0.00577508 -0.01303266 -0.00564431
v 0.00566957 -0.01277691 -0.00591704
v 0.00589598 -0.01301384 -0.00564431
v 0.00577508 -0.01303266 -0.00564431
v 0.00576566 -0.01275684 -0.00591704
v 0.00578408 -0.01331053 -0.00346250
v 0.00587726 -0.01329122 -0.00346250
v 0.00566577 -0.01365435 -0.00373522
v 0.00560980 -0.01369291 -0.00373522
v 0.00566885 -0.01403158 -0.00400795
v 0.00569081 -0.01399722 -0.00400795
v 0.00589104 -0.01420470 -0.00428068
v 0.00588874 -0.01421810 -0.00428068
v 0.00615722 -0.01426409 -0.00455341
v 0.00588874 -0.01421810 -0.00428068
v 0.00615522 -0.01419683 -0.00455341
v 0.00615830 -0.01421006 -0.00455341
v 0.00634272 -0.01397778 -0.00482613
v 0.00634272 -0.01397778 -0.00482613
v 0.00636669 -0.01401077 -0.00482613
v 0.00634729 -0.01363403 -0.00509886
v 0.00611454 -0.01328414 -0.00537159
v 0.00604752 -0.01273458 -0.00291704
v 0.00607932 -0.01300837 -0.00318977
v 0.00614659 -0.01273941 -0.00291704
v 0.00607932 -0.01300837 -0.00318977
v 0.00607932 -0.01300837 -0.00318977
v 0.00620112 -0.01301996 -0.00318977
v 0.00614659 -0.01273941 -0.00291704
v 0.00577508 -0.01303266 -0.00564431
v 0.00565667 -0.01306343 -0.00564431
v 0.00566957 -0.01277691 -0.00591704
v 0.00566957 -0.01277691 -0.00591704
v 0.00565667 -0.01306343 -0.00564431
v 0.00557501 -0.01280321 -0.00591704
v 0.00557501 -0.01280321 -0.00591704
v 0.00565667 -0.01306343 -0.00564431
v 0.00548237 -0.01283565 -0.00591704
v 0.00569328 -0.01333902 -0.00346250
v 0.00578408 -0.01331053 -0.00346250
v 0.00560980 -0.01369291 -0.00373522
v 0.00555794 -0.01373686 -0.00373522
v 0.00555794 -0.01373686 -0.00373522
v 0.00566885 -0.01403158 -0.00400795
v 0.00565042 -0.01406797 -0.00400795
v 0.00588874 -0.01421810 -0.00428068
v 0.00588779 -0.01423166 -0.00428068
v 0.00615952 -0.01425069 -0.00455341
v 0.00588779 -0.01423166 -0.00428068
v 0.00588779 -0.01423166 -0.00428068
v 0.00615082 -0.01418396 -0.00455341
v 0.00615522 -0.01419683 -0.00455341
v 0.00631559 -0.01394733 -0.00482613
v 0.00628590 -0.01360484 -0.00509886
v 0.00628590 -0.01360484 -0.00509886
v 0.00634729 -0.01363403 -0.00509886
v 0.00614037 -0.01301264 -0.00564431
v 0.00601947 -0.01327987 -0.00537159
v 0.00601814 -0.01300714 -0.00564431
v 0.00611454 -0.01328414 -0.00537159
v 0.00594834 -0.01273631 -0.00291704
v 0.00595697 -0.01300897 -0.00318977
v 0.00604752 -0.01273458 -0.00291704
v 0.00584950 -0.01274460 -0.00291704
v 0.00595697 -0.01300897 -0.00318977
v 0.00594834 -0.01273631 -0.00291704
v 0.00595697 -0.01300897 -0.00318977
v 0.00604752 -0.01273458 -0.00291704
v 0.00565667 -0.01306343 -0.00564431
v 0.00554190 -0.01310584 -0.00564431
v 0.00548237 -0.01283565 -0.00591704
v 0.00548237 -0.01283565 -0.00591704
v 0.00554190 -0.01310584 -0.00564431
v 0.00539204 -0.01287408 -0.00591704
v 0.00569328 -0.01333902 -0.00346250
v 0.00560578 -0.01337641 -0.00346250
v 0.00560578 -0.01337641 -0.00346250
v 0.00551072 -0.01378575 -0.00373522
v 0.00563571 -0.01410600 -0.00400795
v 0.00565042 -0.01406797 -0.00400795
v 0.00588779 -0.01423166 -0.00428068
v 0.00588820 -0.01424525 -0.00428068
v 0.00616006 -0.01422355 -0.00455341
v 0.00614517 -0.01417160 -0.00455341
v 0.00615082 -0.01418396 -0.00455341
v 0.00631559 -0.01394733 -0.00482613
v 0.00628556 -0.01391974 -0.00482613
v 0.00628556 -0.01391974 -0.00482613
v 0.00622192 -0.01358190 -0.00509886
v 0.00601947 -0.01327987 -0.00537159
v 0.00592445 -0.01328507 -0.00537159
v 0.00601814 -0.01300714 -0.00564431
v 0.00589598 -0.01301384 -0.00564431
v 0.00595697 -0.01300897 -0.00318977
v 0.00583530 -0.01302174 -0.00318977
v 0.00575142 -0.01275940 -0.00291704
v 0.00583530 -0.01302174 -0.00318977
v 0.00584950 -0.01274460 -0.00291704
v 0.00584950 -0.01274460 -0.00291704
v 0.00554190 -0.01310584 -0.00564431
v 0.00543193 -0.01315946 -0.00564431
v 0.00539204 -0.01287408 -0.00591704
v 0.00539204 -0.01287408 -0.00591704
v 0.00543193 -0.01315946 -0.00564431
v 0.00530443 -0.01291833 -0.00591704
v 0.00530443 -0.01291833 -0.00591704
v 0.00543193 -0.01315946 -0.00564431
v 0.00521989 -0.01296822 -0.00591704
v 0.00552243 -0.01342233 -0.00346250
v 0.00551072 -0.01378575 -0.00373522
v 0.00546860 -0.01383910 -0.00373522
v 0.00546860 -0.01383910 -0.00373522
v 0.00562486 -0.01414532 -0.00400795
v 0.00563571 -0.01410600 -0.00400795
v 0.00588995 -0.01425873 -0.00428068
v 0.00588820 -0.01424525 -0.00428068
v 0.00588995 -0.01425873 -0.00428068
v 0.00616006 -0.01422355 -0.00455341
v 0.00613832 -0.01415986 -0.00455341
v 0.00614517 -0.01417160 -0.00455341
v 0.00625293 -0.01389527 -0.00482613
v 0.00625293 -0.01389527 -0.00482613
v 0.00615597 -0.01356545 -0.00509886
v 0.00622192 -0.01358190 -0.00509886
v 0.00583043 -0.01329971 -0.00537159
v 0.00583043 -0.01329971 -0.00537159
v 0.00592445 -0.01328507 -0.00537159
v 0.00565453 -0.01278065 -0.00291704
v 0.00571549 -0.01304657 -0.00318977
v 0.00575142 -0.01275940 -0.00291704
v 0.00555926 -0.01280825 -0.00291704
v 0.00571549 -0.01304657 -0.00318977
v 0.00565453 -0.01278065 -0.00291704
v 0.00571549 -0.01304657 -0.00318977
v 0.00575142 -0.01275940 -0.00291704
v 0.00583530 -0.01302174 -0.00318977
v 0.00543193 -0.01315946 -0.00564431
v 0.00532784 -0.01322376 -0.00564431
v 0.00521989 -0.01296822 -0.00591704
v 0.00521989 -0.01296822 -0.00591704
v 0.00532784 -0.01322376 -0.00564431
v 0.00513880 -0.01302353 -0.00591704
v 0.00552243 -0.01342233 -0.00346250
v 0.00544407 -0.01347632 -0.00346250
v 0.00543200 -0.01389638 -0.00373522
v 0.00561797 -0.01418551 -0.00400795
v 0.00562486 -0.01414532 -0.00400795
v 0.00561797 -0.01418551 -0.00400795
v 0.00588995 -0.01425873 -0.00428068
v 0.00589304 -0.01427197 -0.00428068
v 0.00615830 -0.01421006 -0.00455341
v 0.00589304 -0.01427197 -0.00428068
v 0.00613033 -0.01414886 -0.00455341
v 0.00613033 -0.01414886 -0.00455341
v 0.00613832 -0.01415986 -0.00455341
v 0.00621802 -0.01387418 -0.00482613
v 0.00608871 -0.01355565 -0.00509886
v 0.00615597 -0.01356545 -0.00509886
v 0.00573832 -0.01332365 -0.00537159
v 0.00555926 -0.01280825 -0.00291704
v 0.00559876 -0.01308320 -0.00318977
v 0.00571549 -0.01304657 -0.00318977
v 0.00571549 -0.01304657 -0.00318977
v 0.00559876 -0.01308320 -0.00318977
v 0.00546602 -0.01284209 -0.00291704
v 0.00559876 -0.01308320 -0.00318977
v 0.00555926 -0.01280825 -0.00291704
v 0.00532784 -0.01322376 -0.00564431
v 0.00523068 -0.01329811 -0.00564431
v 0.00513880 -0.01302353 -0.00591704
v 0.00513880 -0.01302353 -0.00591704
v 0.00523068 -0.01329811 -0.00564431
v 0.00506150 -0.01308403 -0.00591704
v 0.00506150 -0.01308403 -0.00591704
v 0.00523068 -0.01329811 -0.00564431
v 0.00498833 -0.01314945 -0.00591704
v 0.00544407 -0.01347632 -0.00346250
v 0.00537147 -0.01353784 -0.00346250
v 0.00543200 -0.01389638 -0.00373522
v 0.00540129 -0.01395701 -0.00373522
v 0.00561512 -0.01422620 -0.00400795
v 0.00589744 -0.01428484 -0.00428068
v 0.00589744 -0.01428484 -0.00428068
v 0.00589304 -0.01427197 -0.00428068
v 0.00589744 -0.01428484 -0.00428068
v 0.00615522 -0.01419683 -0.00455341
v 0.00612128 -0.01413871 -0.00455341
v 0.00618119 -0.01385666 -0.00482613
v 0.00621802 -0.01387418 -0.00482613
v 0.00618119 -0.01385666 -0.00482613
v 0.00608871 -0.01355565 -0.00509886
v 0.00602080 -0.01355259 -0.00509886
v 0.00602080 -0.01355259 -0.00509886
v 0.00573832 -0.01332365 -0.00537159
v 0.00564906 -0.01335663 -0.00537159
v 0.00565667 -0.01306343 -0.00564431
v 0.00554190 -0.01310584 -0.00564431
v 0.00554190 -0.01310584 -0.00564431
v 0.00564906 -0.01335663 -0.00537159
v 0.00543193 -0.01315946 -0.00564431
v 0.00548625 -0.01313128 -0.00318977
v 0.00546602 -0.01284209 -0.00291704
v 0.00559876 -0.01308320 -0.00318977
v 0.00537522 -0.01288202 -0.00291704
v 0.00528726 -0.01292787 -0.00291704
v 0.00548625 -0.01313128 -0.00318977
v 0.00537522 -0.01288202 -0.00291704
v 0.00548625 -0.01313128 -0.00318977
v 0.00523068 -0.01329811 -0.00564431
v 0.00514140 -0.01338177 -0.00564431
v 0.00498833 -0.01314945 -0.00591704
v 0.00498833 -0.01314945 -0.00591704
v 0.00514140 -0.01338177 -0.00564431
v 0.00491959 -0.01321952 -0.00591704
v 0.00537147 -0.01353784 -0.00346250
v 0.00530536 -0.01360629 -0.00346250
v 0.00537676 -0.01402041 -0.00373522
v 0.00540129 -0.01395701 -0.00373522
v 0.00561512 -0.01422620 -0.00400795
v 0.00561634 -0.01426696 -0.00400795
v 0.00589744 -0.01428484 -0.00428068
v 0.00590309 -0.01429720 -0.00428068
v 0.00614517 -0.01417160 -0.00455341
v 0.00612128 -0.01413871 -0.00455341
v 0.00611127 -0.01412951 -0.00455341
v 0.00611127 -0.01412951 -0.00455341
v 0.00614280 -0.01384290 -0.00482613
v 0.00595293 -0.01355631 -0.00509886
v 0.00556353 -0.01339833 -0.00537159
v 0.00556353 -0.01339833 -0.00537159
v 0.00520252 -0.01297942 -0.00291704
v 0.00537908 -0.01319031 -0.00318977
v 0.00528726 -0.01292787 -0.00291704
v 0.00537908 -0.01319031 -0.00318977
v 0.00528726 -0.01292787 -0.00291704
v 0.00514140 -0.01338177 -0.00564431
v 0.00506089 -0.01347390 -0.00564431
v 0.00491959 -0.01321952 -0.00591704
v 0.00491959 -0.01321952 -0.00591704
v 0.00506089 -0.01347390 -0.00564431
v 0.00485558 -0.01329393 -0.00591704
v 0.00485558 -0.01329393 -0.00591704
v 0.00506089 -0.01347390 -0.00564431
v 0.00479657 -0.01337237 -0.00591704
v 0.00524639 -0.01368098 -0.00346250
v 0.00524639 -0.01368098 -0.00346250
v 0.00530536 -0.01360629 -0.00346250
v 0.00535867 -0.01408593 -0.00373522
v 0.00535867 -0.01408593 -0.00373522
v 0.00537676 -0.01402041 -0.00373522
v 0.00562161 -0.01430740 -0.00400795
v 0.00561634 -0.01426696 -0.00400795
v 0.00590309 -0.01429720 -0.00428068
v 0.00590994 -0.01430894 -0.00428068
v 0.00614517 -0.01417160 -0.00455341
v 0.00590994 -0.01430894 -0.00428068
v 0.00610040 -0.01412136 -0.00455341
v 0.00614280 -0.01384290 -0.00482613
v 0.00610323 -0.01383303 -0.00482613
v 0.00610323 -0.01383303 -0.00482613
v 0.00595293 -0.01355631 -0.00509886
v 0.00588577 -0.01356677 -0.00509886
v 0.00588577 -0.01356677 -0.00509886
v 0.00548257 -0.01344835 -0.00537159
v 0.00527833 -0.01325973 -0.00318977
v 0.00512138 -0.01303647 -0.00291704
v 0.00527833 -0.01325973 -0.00318977
v 0.00520252 -0.01297942 -0.00291704
v 0.00504418 -0.01309875 -0.00291704
v 0.00527833 -0.01325973 -0.00318977
v 0.00512138 -0.01303647 -0.00291704
v 0.00537908 -0.01319031 -0.00318977
v 0.00520252 -0.01297942 -0.00291704
v 0.00506089 -0.01347390 -0.00564431
v 0.00498995 -0.01357359 -0.00564431
v 0.00479657 -0.01337237 -0.00591704
v 0.00479657 -0.01337237 -0.00591704
v 0.00498995 -0.01357359 -0.00564431
v 0.00474282 -0.01345450 -0.00591704
v 0.00519515 -0.01376117 -0.00346250
v 0.00534720 -0.01415292 -0.00373522
v 0.00563087 -0.01434712 -0.00400795
v 0.00562161 -0.01430740 -0.00400795
v 0.00591793 -0.01431994 -0.00428068
v 0.00590994 -0.01430894 -0.00428068
v 0.00591793 -0.01431994 -0.00428068
v 0.00613832 -0.01415986 -0.00455341
v 0.00591793 -0.01431994 -0.00428068
v 0.00610040 -0.01412136 -0.00455341
v 0.00608876 -0.01411432 -0.00455341
v 0.00608876 -0.01411432 -0.00455341
v 0.00606288 -0.01382715 -0.00482613
v 0.00581998 -0.01358386 -0.00509886
v 0.00540700 -0.01350618 -0.00537159
v 0.00548257 -0.01344835 -0.00537159
v 0.00518499 -0.01333883 -0.00318977
v 0.00527833 -0.01325973 -0.00318977
v 0.00497127 -0.01316600 -0.00291704
v 0.00518499 -0.01333883 -0.00318977
v 0.00504418 -0.01309875 -0.00291704
v 0.00504418 -0.01309875 -0.00291704
v 0.00498995 -0.01357359 -0.00564431
v 0.00492929 -0.01367984 -0.00564431
v 0.00474282 -0.01345450 -0.00591704
v 0.00474282 -0.01345450 -0.00591704
v 0.00492929 -0.01367984 -0.00564431
v 0.00469455 -0.01353998 -0.00591704
v 0.00469455 -0.01353998 -0.00591704
v 0.00492929 -0.01367984 -0.00564431
v 0.00465198 -0.01362842 -0.00591704
v 0.00515215 -0.01384606 -0.00346250
v 0.00519515 -0.01376117 -0.00346250
v 0.00534245 -0.01422073 -0.00373522
v 0.00534720 -0.01415292 -0.00373522
v 0.00564405 -0.01438571 -0.00400795
v 0.00564405 -0.01438571 -0.00400795
v 0.00563087 -0.01434712 -0.00400795
v 0.00591793 -0.01431994 -0.00428068
v 0.00592698 -0.01433009 -0.00428068
v 0.00612128 -0.01413871 -0.00455341
v 0.00607648 -0.01410849 -0.00455341
v 0.00602213 -0.01382531 -0.00482613
v 0.00606288 -0.01382715 -0.00482613
v 0.00581998 -0.01358386 -0.00509886
v 0.00575622 -0.01360742 -0.00509886
v 0.00540700 -0.01350618 -0.00537159
v 0.00533756 -0.01357124 -0.00537159
v 0.00523068 -0.01329811 -0.00564431
v 0.00514140 -0.01338177 -0.00564431
v 0.00514140 -0.01338177 -0.00564431
v 0.00533756 -0.01357124 -0.00537159
v 0.00506089 -0.01347390 -0.00564431
v 0.00497127 -0.01316600 -0.00291704
v 0.00509999 -0.01342683 -0.00318977
v 0.00518499 -0.01333883 -0.00318977
v 0.00490296 -0.01323792 -0.00291704
v 0.00483955 -0.01331420 -0.00291704
v 0.00509999 -0.01342683 -0.00318977
v 0.00490296 -0.01323792 -0.00291704
v 0.00492929 -0.01367984 -0.00564431
v 0.00487952 -0.01379161 -0.00564431
v 0.00465198 -0.01362842 -0.00591704
v 0.00465198 -0.01362842 -0.00591704
v 0.00487952 -0.01379161 -0.00564431
v 0.00461529 -0.01371946 -0.00591704
v 0.00515215 -0.01384606 -0.00346250
v 0.00511782 -0.01393481 -0.00346250
v 0.00534448 -0.01428867 -0.00373522
v 0.00534245 -0.01422073 -0.00373522
v 0.00566101 -0.01442280 -0.00400795
v 0.00592698 -0.01433009 -0.00428068
v 0.00593699 -0.01433929 -0.00428068
v 0.00612128 -0.01413871 -0.00455341
v 0.00593699 -0.01433929 -0.00428068
v 0.00606369 -0.01410390 -0.00455341
v 0.00607648 -0.01410849 -0.00455341
v 0.00598141 -0.01382755 -0.00482613
v 0.00602213 -0.01382531 -0.00482613
v 0.00569513 -0.01363721 -0.00509886
v 0.00569513 -0.01363721 -0.00509886
v 0.00575622 -0.01360742 -0.00509886
v 0.00506089 -0.01347390 -0.00564431
v 0.00527494 -0.01364290 -0.00537159
v 0.00498995 -0.01357359 -0.00564431
v 0.00527494 -0.01364290 -0.00537159
v 0.00502418 -0.01352286 -0.00318977
v 0.00478132 -0.01339450 -0.00291704
v 0.00502418 -0.01352286 -0.00318977
v 0.00483955 -0.01331420 -0.00291704
v 0.00483955 -0.01331420 -0.00291704
v 0.00502418 -0.01352286 -0.00318977
v 0.00509999 -0.01342683 -0.00318977
v 0.00509999 -0.01342683 -0.00318977
v 0.00487952 -0.01379161 -0.00564431
v 0.00484112 -0.01390777 -0.00564431
v 0.00461529 -0.01371946 -0.00591704
v 0.00458462 -0.01381271 -0.00591704
v 0.00458462 -0.01381271 -0.00591704
v 0.00484112 -0.01390777 -0.00564431
v 0.00456013 -0.01390776 -0.00591704
v 0.00509249 -0.01402654 -0.00346250
v 0.00511782 -0.01393481 -0.00346250
v 0.00509249 -0.01402654 -0.00346250
v 0.00535326 -0.01435607 -0.00373522
v 0.00534448 -0.01428867 -0.00373522
v 0.00568157 -0.01445802 -0.00400795
v 0.00566101 -0.01442280 -0.00400795
v 0.00594786 -0.01434744 -0.00428068
v 0.00594786 -0.01434744 -0.00428068
v 0.00593699 -0.01433929 -0.00428068
v 0.00594786 -0.01434744 -0.00428068
v 0.00611127 -0.01412951 -0.00455341
v 0.00606369 -0.01410390 -0.00455341
v 0.00605050 -0.01410061 -0.00455341
v 0.00605050 -0.01410061 -0.00455341
v 0.00594111 -0.01383382 -0.00482613
v 0.00594111 -0.01383382 -0.00482613
v 0.00598141 -0.01382755 -0.00482613
v 0.00563730 -0.01367294 -0.00509886
v 0.00521977 -0.01372043 -0.00537159
v 0.00478132 -0.01339450 -0.00291704
v 0.00495830 -0.01362596 -0.00318977
v 0.00502418 -0.01352286 -0.00318977
v 0.00472853 -0.01347847 -0.00291704
v 0.00495830 -0.01362596 -0.00318977
v 0.00478132 -0.01339450 -0.00291704
v 0.00468141 -0.01356575 -0.00291704
v 0.00495830 -0.01362596 -0.00318977
v 0.00472853 -0.01347847 -0.00291704
v 0.00502418 -0.01352286 -0.00318977
v 0.00484112 -0.01390777 -0.00564431
v 0.00481448 -0.01402719 -0.00564431
v 0.00456013 -0.01390776 -0.00591704
v 0.00456013 -0.01390776 -0.00591704
v 0.00481448 -0.01402719 -0.00564431
v 0.00454190 -0.01400421 -0.00591704
v 0.00454190 -0.01400421 -0.00591704
v 0.00481448 -0.01402719 -0.00564431
v 0.00453002 -0.01410164 -0.00591704
v 0.00507643 -0.01412033 -0.00346250
v 0.00535326 -0.01435607 -0.00373522
v 0.00536870 -0.01442226 -0.00373522
v 0.00536870 -0.01442226 -0.00373522
v 0.00568157 -0.01445802 -0.00400795
v 0.00570554 -0.01449102 -0.00400795
v 0.00570554 -0.01449102 -0.00400795
v 0.00594786 -0.01434744 -0.00428068
v 0.00595950 -0.01435447 -0.00428068
v 0.00608876 -0.01411432 -0.00455341
v 0.00603704 -0.01409865 -0.00455341
v 0.00590164 -0.01384408 -0.00482613
v 0.00563730 -0.01367294 -0.00509886
v 0.00558332 -0.01371424 -0.00509886
v 0.00517259 -0.01380308 -0.00537159
v 0.00492929 -0.01367984 -0.00564431
v 0.00517259 -0.01380308 -0.00537159
v 0.00487952 -0.01379161 -0.00564431
v 0.00521977 -0.01372043 -0.00537159
v 0.00468141 -0.01356575 -0.00291704
v 0.00490301 -0.01373510 -0.00318977
v 0.00495830 -0.01362596 -0.00318977
v 0.00464015 -0.01365596 -0.00291704
v 0.00490301 -0.01373510 -0.00318977
v 0.00468141 -0.01356575 -0.00291704
v 0.00490301 -0.01373510 -0.00318977
v 0.00453002 -0.01410164 -0.00591704
v 0.00479986 -0.01414866 -0.00564431
v 0.00452453 -0.01419965 -0.00591704
v 0.00481448 -0.01402719 -0.00564431
v 0.00479986 -0.01414866 -0.00564431
v 0.00453002 -0.01410164 -0.00591704
v 0.00506978 -0.01421526 -0.00346250
v 0.00506978 -0.01421526 -0.00346250
v 0.00507643 -0.01412033 -0.00346250
v 0.00539067 -0.01448659 -0.00373522
v 0.00573267 -0.01452147 -0.00400795
v 0.00573267 -0.01452147 -0.00400795
v 0.00597177 -0.01436031 -0.00428068
v 0.00595950 -0.01435447 -0.00428068
v 0.00597177 -0.01436031 -0.00428068
v 0.00608876 -0.01411432 -0.00455341
v 0.00603704 -0.01409865 -0.00455341
v 0.00602346 -0.01409804 -0.00455341
v 0.00602346 -0.01409804 -0.00455341
v 0.00586339 -0.01385821 -0.00482613
v 0.00590164 -0.01384408 -0.00482613
v 0.00586339 -0.01385821 -0.00482613
v 0.00553372 -0.01376072 -0.00509886
v 0.00558332 -0.01371424 -0.00509886
v 0.00513388 -0.01389000 -0.00537159
v 0.00513388 -0.01389000 -0.00537159
v 0.00460494 -0.01374869 -0.00291704
v 0.00485887 -0.01384921 -0.00318977
v 0.00464015 -0.01365596 -0.00291704
v 0.00457595 -0.01384354 -0.00291704
v 0.00485887 -0.01384921 -0.00318977
v 0.00460494 -0.01374869 -0.00291704
v 0.00490301 -0.01373510 -0.00318977
v 0.00485887 -0.01384921 -0.00318977
v 0.00452453 -0.01419965 -0.00591704
v 0.00479740 -0.01427098 -0.00564431
v 0.00452547 -0.01429780 -0.00591704
v 0.00452547 -0.01429780 -0.00591704
v 0.00479740 -0.01427098 -0.00564431
v 0.00453283 -0.01439568 -0.00591704
v 0.00479986 -0.01414866 -0.00564431
v 0.00479740 -0.01427098 -0.00564431
v 0.00452453 -0.01419965 -0.00591704
v 0.00507261 -0.01431038 -0.00346250
v 0.00541892 -0.01454841 -0.00373522
v 0.00539067 -0.01448659 -0.00373522
v 0.00576270 -0.01454906 -0.00400795
v 0.00598457 -0.01436490 -0.00428068
v 0.00597177 -0.01436031 -0.00428068
v 0.00598457 -0.01436490 -0.00428068
v 0.00607648 -0.01410849 -0.00455341
v 0.00598457 -0.01436490 -0.00428068
v 0.00600989 -0.01409878 -0.00455341
v 0.00582673 -0.01387609 -0.00482613
v 0.00548899 -0.01381190 -0.00509886
v 0.00553372 -0.01376072 -0.00509886
v 0.00548899 -0.01381190 -0.00509886
v 0.00510401 -0.01398036 -0.00537159
v 0.00485887 -0.01384921 -0.00318977
v 0.00482631 -0.01396715 -0.00318977
v 0.00455328 -0.01394011 -0.00291704
v 0.00482631 -0.01396715 -0.00318977
v 0.00457595 -0.01384354 -0.00291704
v 0.00457595 -0.01384354 -0.00291704
v 0.00453283 -0.01439568 -0.00591704
v 0.00480714 -0.01439294 -0.00564431
v 0.00454657 -0.01449287 -0.00591704
v 0.00479740 -0.01427098 -0.00564431
v 0.00480714 -0.01439294 -0.00564431
v 0.00453283 -0.01439568 -0.00591704
v 0.00508491 -0.01440474 -0.00346250
v 0.00507261 -0.01431038 -0.00346250
v 0.00545320 -0.01460711 -0.00373522
v 0.00541892 -0.01454841 -0.00373522
v 0.00579533 -0.01457353 -0.00400795
v 0.00579533 -0.01457353 -0.00400795
v 0.00576270 -0.01454906 -0.00400795
v 0.00598457 -0.01436490 -0.00428068
v 0.00599776 -0.01436819 -0.00428068
v 0.00605050 -0.01410061 -0.00455341
v 0.00599646 -0.01410087 -0.00455341
v 0.00599646 -0.01410087 -0.00455341
v 0.00600989 -0.01409878 -0.00455341
v 0.00579203 -0.01389752 -0.00482613
v 0.00582673 -0.01387609 -0.00482613
v 0.00544959 -0.01386728 -0.00509886
v 0.00510401 -0.01398036 -0.00537159
v 0.00508329 -0.01407323 -0.00537159
v 0.00508329 -0.01407323 -0.00537159
v 0.00455328 -0.01394011 -0.00291704
v 0.00480565 -0.01408774 -0.00318977
v 0.00482631 -0.01396715 -0.00318977
v 0.00453705 -0.01403796 -0.00291704
v 0.00452732 -0.01413667 -0.00291704
v 0.00480565 -0.01408774 -0.00318977
v 0.00453705 -0.01403796 -0.00291704
v 0.00480565 -0.01408774 -0.00318977
v 0.00454657 -0.01449287 -0.00591704
v 0.00482897 -0.01451333 -0.00564431
v 0.00456664 -0.01458896 -0.00591704
v 0.00456664 -0.01458896 -0.00591704
v 0.00482897 -0.01451333 -0.00564431
v 0.00459294 -0.01468352 -0.00591704
v 0.00480714 -0.01439294 -0.00564431
v 0.00482897 -0.01451333 -0.00564431
v 0.00454657 -0.01449287 -0.00591704
v 0.00508491 -0.01440474 -0.00346250
v 0.00510653 -0.01449741 -0.00346250
v 0.00510653 -0.01449741 -0.00346250
v 0.00549314 -0.01466210 -0.00373522
v 0.00549314 -0.01466210 -0.00373522
v 0.00545320 -0.01460711 -0.00373522
v 0.00583024 -0.01459462 -0.00400795
v 0.00599776 -0.01436819 -0.00428068
v 0.00601122 -0.01437015 -0.00428068
v 0.00605050 -0.01410061 -0.00455341
v 0.00601122 -0.01437015 -0.00428068
v 0.00601122 -0.01437015 -0.00428068
v 0.00598330 -0.01410429 -0.00455341
v 0.00579203 -0.01389752 -0.00482613
v 0.00575964 -0.01392230 -0.00482613
v 0.00544959 -0.01386728 -0.00509886
v 0.00541589 -0.01392631 -0.00509886
v 0.00507192 -0.01416771 -0.00537159
v 0.00452413 -0.01423581 -0.00291704
v 0.00479710 -0.01420979 -0.00318977
v 0.00452732 -0.01413667 -0.00291704
v 0.00479710 -0.01420979 -0.00318977
v 0.00452732 -0.01413667 -0.00291704
v 0.00479710 -0.01420979 -0.00318977
v 0.00480565 -0.01408774 -0.00318977
v 0.00459294 -0.01468352 -0.00591704
v 0.00486269 -0.01463094 -0.00564431
v 0.00462538 -0.01477616 -0.00591704
v 0.00486269 -0.01463094 -0.00564431
v 0.00513728 -0.01458747 -0.00346250
v 0.00553837 -0.01471285 -0.00373522
v 0.00583024 -0.01459462 -0.00400795
v 0.00586707 -0.01461214 -0.00400795
v 0.00601122 -0.01437015 -0.00428068
v 0.00602480 -0.01437076 -0.00428068
v 0.00602346 -0.01409804 -0.00455341
v 0.00597055 -0.01410900 -0.00455341
v 0.00598330 -0.01410429 -0.00455341
v 0.00572988 -0.01395019 -0.00482613
v 0.00572988 -0.01395019 -0.00482613
v 0.00575964 -0.01392230 -0.00482613
v 0.00538824 -0.01398840 -0.00509886
v 0.00541589 -0.01392631 -0.00509886
v 0.00479986 -0.01414866 -0.00564431
v 0.00507001 -0.01426285 -0.00537159
v 0.00479740 -0.01427098 -0.00564431
v 0.00507192 -0.01416771 -0.00537159
v 0.00479710 -0.01420979 -0.00318977
v 0.00480075 -0.01433208 -0.00318977
v 0.00452750 -0.01433495 -0.00291704
v 0.00452413 -0.01423581 -0.00291704
v 0.00453742 -0.01443364 -0.00291704
v 0.00480075 -0.01433208 -0.00318977
v 0.00452750 -0.01433495 -0.00291704
v 0.00462538 -0.01477616 -0.00591704
v 0.00490794 -0.01474461 -0.00564431
v 0.00466381 -0.01486649 -0.00591704
v 0.00466381 -0.01486649 -0.00591704
v 0.00490794 -0.01474461 -0.00564431
v 0.00470806 -0.01495410 -0.00591704
v 0.00486269 -0.01463094 -0.00564431
v 0.00490794 -0.01474461 -0.00564431
v 0.00462538 -0.01477616 -0.00591704
v 0.00513728 -0.01458747 -0.00346250
v 0.00517684 -0.01467401 -0.00346250
v 0.00558842 -0.01475883 -0.00373522
v 0.00553837 -0.01471285 -0.00373522
v 0.00590546 -0.01462590 -0.00400795
v 0.00586707 -0.01461214 -0.00400795
v 0.00603837 -0.01437002 -0.00428068
v 0.00602480 -0.01437076 -0.00428068
v 0.00603837 -0.01437002 -0.00428068
v 0.00602346 -0.01409804 -0.00455341
v 0.00597055 -0.01410900 -0.00455341
v 0.00595833 -0.01411496 -0.00455341
v 0.00570305 -0.01398090 -0.00482613
v 0.00538824 -0.01398840 -0.00509886
v 0.00536690 -0.01405294 -0.00509886
v 0.00479740 -0.01427098 -0.00564431
v 0.00507758 -0.01435771 -0.00537159
v 0.00480714 -0.01439294 -0.00564431
v 0.00507001 -0.01426285 -0.00537159
v 0.00480714 -0.01439294 -0.00564431
v 0.00507758 -0.01435771 -0.00537159
v 0.00482897 -0.01451333 -0.00564431
v 0.00480075 -0.01433208 -0.00318977
v 0.00481656 -0.01445341 -0.00318977
v 0.00455384 -0.01453146 -0.00291704
v 0.00481656 -0.01445341 -0.00318977
v 0.00453742 -0.01443364 -0.00291704
v 0.00453742 -0.01443364 -0.00291704
v 0.00470806 -0.01495410 -0.00591704
v 0.00496429 -0.01485321 -0.00564431
v 0.00475795 -0.01503864 -0.00591704
v 0.00496429 -0.01485321 -0.00564431
v 0.00517684 -0.01467401 -0.00346250
v 0.00522482 -0.01475619 -0.00346250
v 0.00564280 -0.01479961 -0.00373522
v 0.00558842 -0.01475883 -0.00373522
v 0.00594503 -0.01463577 -0.00400795
v 0.00594503 -0.01463577 -0.00400795
v 0.00590546 -0.01462590 -0.00400795
v 0.00605180 -0.01436793 -0.00428068
v 0.00603837 -0.01437002 -0.00428068
v 0.00605180 -0.01436793 -0.00428068
v 0.00600989 -0.01409878 -0.00455341
v 0.00605180 -0.01436793 -0.00428068
v 0.00594676 -0.01412211 -0.00455341
v 0.00595833 -0.01411496 -0.00455341
v 0.00570305 -0.01398090 -0.00482613
v 0.00567940 -0.01401413 -0.00482613
v 0.00535210 -0.01411928 -0.00509886
v 0.00536690 -0.01405294 -0.00509886
v 0.00509456 -0.01445134 -0.00537159
v 0.00484436 -0.01457256 -0.00318977
v 0.00481656 -0.01445341 -0.00318977
v 0.00457669 -0.01462798 -0.00291704
v 0.00455384 -0.01453146 -0.00291704
v 0.00460586 -0.01472279 -0.00291704
v 0.00484436 -0.01457256 -0.00318977
v 0.00457669 -0.01462798 -0.00291704
v 0.00475795 -0.01503864 -0.00591704
v 0.00503117 -0.01495567 -0.00564431
v 0.00481326 -0.01511973 -0.00591704
v 0.00481326 -0.01511973 -0.00591704
v 0.00503117 -0.01495567 -0.00564431
v 0.00487376 -0.01519702 -0.00591704
v 0.00496429 -0.01485321 -0.00564431
v 0.00503117 -0.01495567 -0.00564431
v 0.00475795 -0.01503864 -0.00591704
v 0.00528075 -0.01483318 -0.00346250
v 0.00522482 -0.01475619 -0.00346250
v 0.00528075 -0.01483318 -0.00346250
v 0.00570097 -0.01483477 -0.00373522
v 0.00564280 -0.01479961 -0.00373522
v 0.00570097 -0.01483477 -0.00373522
v 0.00598538 -0.01464165 -0.00400795
v 0.00605180 -0.01436793 -0.00428068
v 0.00606496 -0.01436451 -0.00428068
v 0.00598330 -0.01410429 -0.00455341
v 0.00593597 -0.01413037 -0.00455341
v 0.00594676 -0.01412211 -0.00455341
v 0.00565918 -0.01404955 -0.00482613
v 0.00565918 -0.01404955 -0.00482613
v 0.00567940 -0.01401413 -0.00482613
v 0.00534398 -0.01418677 -0.00509886
v 0.00535210 -0.01411928 -0.00509886
v 0.00512078 -0.01454282 -0.00537159
v 0.00509456 -0.01445134 -0.00537159
v 0.00488390 -0.01468834 -0.00318977
v 0.00460586 -0.01472279 -0.00291704
v 0.00484436 -0.01457256 -0.00318977
v 0.00464124 -0.01481545 -0.00291704
v 0.00488390 -0.01468834 -0.00318977
v 0.00460586 -0.01472279 -0.00291704
v 0.00488390 -0.01468834 -0.00318977
v 0.00503117 -0.01495567 -0.00564431
v 0.00510792 -0.01505095 -0.00564431
v 0.00487376 -0.01519702 -0.00591704
v 0.00487376 -0.01519702 -0.00591704
v 0.00510792 -0.01505095 -0.00564431
v 0.00493918 -0.01527020 -0.00591704
v 0.00493918 -0.01527020 -0.00591704
v 0.00510792 -0.01505095 -0.00564431
v 0.00519377 -0.01513812 -0.00564431
v 0.00534406 -0.01490422 -0.00346250
v 0.00576236 -0.01486396 -0.00373522
v 0.00602613 -0.01464349 -0.00400795
v 0.00598538 -0.01464165 -0.00400795
v 0.00607771 -0.01435979 -0.00428068
v 0.00606496 -0.01436451 -0.00428068
v 0.00607771 -0.01435979 -0.00428068
v 0.00598330 -0.01410429 -0.00455341
v 0.00592605 -0.01413966 -0.00455341
v 0.00593597 -0.01413037 -0.00455341
v 0.00564259 -0.01408680 -0.00482613
v 0.00534261 -0.01425472 -0.00509886
v 0.00534398 -0.01418677 -0.00509886
v 0.00512078 -0.01454282 -0.00537159
v 0.00515598 -0.01463123 -0.00537159
v 0.00468267 -0.01490558 -0.00291704
v 0.00493476 -0.01479962 -0.00318977
v 0.00464124 -0.01481545 -0.00291704
v 0.00472996 -0.01499277 -0.00291704
v 0.00493476 -0.01479962 -0.00318977
v 0.00468267 -0.01490558 -0.00291704
v 0.00464124 -0.01481545 -0.00291704
v 0.00493476 -0.01479962 -0.00318977
v 0.00534406 -0.01490422 -0.00346250
v 0.00541413 -0.01496861 -0.00346250
v 0.00582634 -0.01488690 -0.00373522
v 0.00576236 -0.01486396 -0.00373522
v 0.00606685 -0.01464125 -0.00400795
v 0.00602613 -0.01464349 -0.00400795
v 0.00607771 -0.01435979 -0.00428068
v 0.00608993 -0.01435384 -0.00428068
v 0.00597055 -0.01410900 -0.00455341
v 0.00608993 -0.01435384 -0.00428068
v 0.00592605 -0.01413966 -0.00455341
v 0.00591710 -0.01414990 -0.00455341
v 0.00562979 -0.01412552 -0.00482613
v 0.00564259 -0.01408680 -0.00482613
v 0.00534802 -0.01432248 -0.00509886
v 0.00534261 -0.01425472 -0.00509886
v 0.00515598 -0.01463123 -0.00537159
v 0.00519981 -0.01471570 -0.00537159
v 0.00490794 -0.01474461 -0.00564431
v 0.00496429 -0.01485321 -0.00564431
v 0.00472996 -0.01499277 -0.00291704
v 0.00499645 -0.01490527 -0.00318977
v 0.00493476 -0.01479962 -0.00318977
v 0.00478291 -0.01507664 -0.00291704
v 0.00499645 -0.01490527 -0.00318977
v 0.00472996 -0.01499277 -0.00291704
v 0.00541413 -0.01496861 -0.00346250
v 0.00549027 -0.01502570 -0.00346250
v 0.00589229 -0.01490335 -0.00373522
v 0.00589229 -0.01490335 -0.00373522
v 0.00582634 -0.01488690 -0.00373522
v 0.00606685 -0.01464125 -0.00400795
v 0.00610714 -0.01463498 -0.00400795
v 0.00608993 -0.01435384 -0.00428068
v 0.00610150 -0.01434669 -0.00428068
v 0.00595833 -0.01411496 -0.00455341
v 0.00610150 -0.01434669 -0.00428068
v 0.00590922 -0.01416098 -0.00455341
v 0.00591710 -0.01414990 -0.00455341
v 0.00562091 -0.01416533 -0.00482613
v 0.00562979 -0.01412552 -0.00482613
v 0.00534802 -0.01432248 -0.00509886
v 0.00536015 -0.01438936 -0.00509886
v 0.00536015 -0.01438936 -0.00509886
v 0.00525183 -0.01479538 -0.00537159
v 0.00519981 -0.01471570 -0.00537159
v 0.00506835 -0.01500426 -0.00318977
v 0.00499645 -0.01490527 -0.00318977
v 0.00484129 -0.01515683 -0.00291704
v 0.00478291 -0.01507664 -0.00291704
v 0.00490484 -0.01523299 -0.00291704
v 0.00506835 -0.01500426 -0.00318977
v 0.00484129 -0.01515683 -0.00291704
v 0.00478291 -0.01507664 -0.00291704
v 0.00506835 -0.01500426 -0.00318977
v 0.00499645 -0.01490527 -0.00318977
v 0.00557171 -0.01507492 -0.00346250
v 0.00549027 -0.01502570 -0.00346250
v 0.00557171 -0.01507492 -0.00346250
v 0.00595955 -0.01491315 -0.00373522
v 0.00614662 -0.01462472 -0.00400795
v 0.00610714 -0.01463498 -0.00400795
v 0.00611229 -0.01433843 -0.00428068
v 0.00610150 -0.01434669 -0.00428068
v 0.00611229 -0.01433843 -0.00428068
v 0.00594676 -0.01412211 -0.00455341
v 0.00590248 -0.01417278 -0.00455341
v 0.00590922 -0.01416098 -0.00455341
v 0.00590248 -0.01417278 -0.00455341
v 0.00561604 -0.01420582 -0.00482613
v 0.00562091 -0.01416533 -0.00482613
v 0.00537888 -0.01445470 -0.00509886
v 0.00537888 -0.01445470 -0.00509886
v 0.00531152 -0.01486949 -0.00537159
v 0.00537830 -0.01493729 -0.00537159
v 0.00525183 -0.01479538 -0.00537159
v 0.00531152 -0.01486949 -0.00537159
v 0.00510792 -0.01505095 -0.00564431
v 0.00514976 -0.01509560 -0.00318977
v 0.00490484 -0.01523299 -0.00291704
v 0.00506835 -0.01500426 -0.00318977
v 0.00497328 -0.01530478 -0.00291704
v 0.00514976 -0.01509560 -0.00318977
v 0.00490484 -0.01523299 -0.00291704
v 0.00565765 -0.01511579 -0.00346250
v 0.00595955 -0.01491315 -0.00373522
v 0.00602746 -0.01491621 -0.00373522
v 0.00618487 -0.01461059 -0.00400795
v 0.00618487 -0.01461059 -0.00400795
v 0.00614662 -0.01462472 -0.00400795
v 0.00612221 -0.01432914 -0.00428068
v 0.00611229 -0.01433843 -0.00428068
v 0.00612221 -0.01432914 -0.00428068
v 0.00593597 -0.01413037 -0.00455341
v 0.00589695 -0.01418520 -0.00455341
v 0.00561522 -0.01424659 -0.00482613
v 0.00561522 -0.01424659 -0.00482613
v 0.00561604 -0.01420582 -0.00482613
v 0.00540402 -0.01451785 -0.00509886
v 0.00523985 -0.01517838 -0.00318977
v 0.00497328 -0.01530478 -0.00291704
v 0.00514976 -0.01509560 -0.00318977
v 0.00504632 -0.01537189 -0.00291704
v 0.00512364 -0.01543403 -0.00291704
v 0.00523985 -0.01517838 -0.00318977
v 0.00504632 -0.01537189 -0.00291704
v 0.00574723 -0.01514790 -0.00346250
v 0.00565765 -0.01511579 -0.00346250
v 0.00602746 -0.01491621 -0.00373522
v 0.00609533 -0.01491249 -0.00373522
v 0.00609533 -0.01491249 -0.00373522
v 0.00622153 -0.01459271 -0.00400795
v 0.00613116 -0.01431890 -0.00428068
v 0.00612221 -0.01432914 -0.00428068
v 0.00613116 -0.01431890 -0.00428068
v 0.00592605 -0.01413966 -0.00455341
v 0.00589695 -0.01418520 -0.00455341
v 0.00589268 -0.01419811 -0.00455341
v 0.00561847 -0.01428725 -0.00482613
v 0.00540402 -0.01451785 -0.00509886
v 0.00543533 -0.01457819 -0.00509886
v 0.00512364 -0.01543403 -0.00291704
v 0.00533774 -0.01525178 -0.00318977
v 0.00523985 -0.01517838 -0.00318977
v 0.00523985 -0.01517838 -0.00318977
v 0.00533774 -0.01525178 -0.00318977
v 0.00520489 -0.01549092 -0.00291704
v 0.00533774 -0.01525178 -0.00318977
v 0.00512364 -0.01543403 -0.00291704
v 0.00528973 -0.01554232 -0.00291704
v 0.00533774 -0.01525178 -0.00318977
v 0.00520489 -0.01549092 -0.00291704
v 0.00583956 -0.01517093 -0.00346250
v 0.00583956 -0.01517093 -0.00346250
v 0.00574723 -0.01514790 -0.00346250
v 0.00616249 -0.01490203 -0.00373522
v 0.00625623 -0.01457128 -0.00400795
v 0.00622153 -0.01459271 -0.00400795
v 0.00613904 -0.01430782 -0.00428068
v 0.00613116 -0.01431890 -0.00428068
v 0.00613904 -0.01430782 -0.00428068
v 0.00591710 -0.01414990 -0.00455341
v 0.00589268 -0.01419811 -0.00455341
v 0.00588972 -0.01421138 -0.00455341
v 0.00588972 -0.01421138 -0.00455341
v 0.00562574 -0.01432738 -0.00482613
v 0.00561847 -0.01428725 -0.00482613
v 0.00547248 -0.01463510 -0.00509886
v 0.00543533 -0.01457819 -0.00509886
v 0.00544245 -0.01531507 -0.00318977
v 0.00544245 -0.01531507 -0.00318977
v 0.00544245 -0.01531507 -0.00318977
v 0.00537777 -0.01558800 -0.00291704
v 0.00544245 -0.01531507 -0.00318977
v 0.00528973 -0.01554232 -0.00291704
v 0.00533774 -0.01525178 -0.00318977
v 0.00593372 -0.01518465 -0.00346250
v 0.00622828 -0.01488494 -0.00373522
v 0.00616249 -0.01490203 -0.00373522
v 0.00628861 -0.01454649 -0.00400795
v 0.00625623 -0.01457128 -0.00400795
v 0.00613904 -0.01430782 -0.00428068
v 0.00614578 -0.01429602 -0.00428068
v 0.00590922 -0.01416098 -0.00455341
v 0.00614578 -0.01429602 -0.00428068
v 0.00588810 -0.01422487 -0.00455341
v 0.00562574 -0.01432738 -0.00482613
v 0.00563698 -0.01436658 -0.00482613
v 0.00551512 -0.01468804 -0.00509886
v 0.00556282 -0.01473646 -0.00509886
v 0.00547248 -0.01463510 -0.00509886
v 0.00551512 -0.01468804 -0.00509886
v 0.00546865 -0.01562775 -0.00291704
v 0.00555294 -0.01536761 -0.00318977
v 0.00537777 -0.01558800 -0.00291704
v 0.00556195 -0.01566142 -0.00291704
v 0.00555294 -0.01536761 -0.00318977
v 0.00546865 -0.01562775 -0.00291704
v 0.00537777 -0.01558800 -0.00291704
v 0.00555294 -0.01536761 -0.00318977
v 0.00593372 -0.01518465 -0.00346250
v 0.00602879 -0.01518893 -0.00346250
v 0.00629203 -0.01486138 -0.00373522
v 0.00629203 -0.01486138 -0.00373522
v 0.00622828 -0.01488494 -0.00373522
v 0.00631838 -0.01451861 -0.00400795
v 0.00628861 -0.01454649 -0.00400795
v 0.00615131 -0.01428360 -0.00428068
v 0.00615131 -0.01428360 -0.00428068
v 0.00614578 -0.01429602 -0.00428068
v 0.00615131 -0.01428360 -0.00428068
v 0.00590248 -0.01417278 -0.00455341
v 0.00588783 -0.01423846 -0.00455341
v 0.00588810 -0.01422487 -0.00455341
v 0.00565207 -0.01440447 -0.00482613
v 0.00563698 -0.01436658 -0.00482613
v 0.00566811 -0.01540890 -0.00318977
v 0.00555294 -0.01536761 -0.00318977
v 0.00566811 -0.01540890 -0.00318977
v 0.00566811 -0.01540890 -0.00318977
v 0.00565727 -0.01568885 -0.00291704
v 0.00566811 -0.01540890 -0.00318977
v 0.00556195 -0.01566142 -0.00291704
v 0.00602879 -0.01518893 -0.00346250
v 0.00612381 -0.01518373 -0.00346250
v 0.00635313 -0.01483159 -0.00373522
v 0.00635313 -0.01483159 -0.00373522
v 0.00631838 -0.01451861 -0.00400795
v 0.00634521 -0.01448790 -0.00400795
v 0.00615131 -0.01428360 -0.00428068
v 0.00615558 -0.01427069 -0.00428068
v 0.00589268 -0.01419811 -0.00455341
v 0.00588783 -0.01423846 -0.00455341
v 0.00588891 -0.01425202 -0.00455341
v 0.00565207 -0.01440447 -0.00482613
v 0.00567085 -0.01444067 -0.00482613
v 0.00578682 -0.01543851 -0.00318977
v 0.00578682 -0.01543851 -0.00318977
v 0.00575420 -0.01570991 -0.00291704
v 0.00578682 -0.01543851 -0.00318977
v 0.00565727 -0.01568885 -0.00291704
v 0.00565727 -0.01568885 -0.00291704
v 0.00578682 -0.01543851 -0.00318977
v 0.00566811 -0.01540890 -0.00318977
v 0.00585231 -0.01572453 -0.00291704
v 0.00575420 -0.01570991 -0.00291704
v 0.00621783 -0.01516908 -0.00346250
v 0.00612381 -0.01518373 -0.00346250
v 0.00641096 -0.01479586 -0.00373522
v 0.00634521 -0.01448790 -0.00400795
v 0.00636886 -0.01445467 -0.00400795
v 0.00615558 -0.01427069 -0.00428068
v 0.00615853 -0.01425742 -0.00428068
v 0.00589268 -0.01419811 -0.00455341
v 0.00615853 -0.01425742 -0.00428068
v 0.00589134 -0.01426539 -0.00455341
v 0.00588891 -0.01425202 -0.00455341
v 0.00569314 -0.01447482 -0.00482613
v 0.00567085 -0.01444067 -0.00482613
v 0.00569314 -0.01447482 -0.00482613
v 0.00590789 -0.01545615 -0.00318977
v 0.00595117 -0.01573262 -0.00291704
v 0.00590789 -0.01545615 -0.00318977
v 0.00585231 -0.01572453 -0.00291704
v 0.00630993 -0.01514515 -0.00346250
v 0.00621783 -0.01516908 -0.00346250
v 0.00646494 -0.01475456 -0.00373522
v 0.00641096 -0.01479586 -0.00373522
v 0.00646494 -0.01475456 -0.00373522
v 0.00638907 -0.01441925 -0.00400795
v 0.00638907 -0.01441925 -0.00400795
v 0.00636886 -0.01445467 -0.00400795
v 0.00615853 -0.01425742 -0.00428068
v 0.00616016 -0.01424393 -0.00428068
v 0.00588972 -0.01421138 -0.00455341
v 0.00616016 -0.01424393 -0.00428068
v 0.00589508 -0.01427846 -0.00455341
v 0.00589134 -0.01426539 -0.00455341
v 0.00571873 -0.01450658 -0.00482613
v 0.00574734 -0.01453564 -0.00482613
v 0.00571873 -0.01450658 -0.00482613
v 0.00595117 -0.01573262 -0.00291704
v 0.00603012 -0.01546166 -0.00318977
v 0.00590789 -0.01545615 -0.00318977
v 0.00605035 -0.01573417 -0.00291704
v 0.00603012 -0.01546166 -0.00318977
v 0.00595117 -0.01573262 -0.00291704
v 0.00614941 -0.01572916 -0.00291704
v 0.00603012 -0.01546166 -0.00318977
v 0.00605035 -0.01573417 -0.00291704
v 0.00603012 -0.01546166 -0.00318977
v 0.00590789 -0.01545615 -0.00318977
v 0.00639920 -0.01511217 -0.00346250
v 0.00630993 -0.01514515 -0.00346250
v 0.00651454 -0.01470808 -0.00373522
v 0.00651454 -0.01470808 -0.00373522
v 0.00640567 -0.01438200 -0.00400795
v 0.00616043 -0.01423033 -0.00428068
v 0.00616016 -0.01424393 -0.00428068
v 0.00616043 -0.01423033 -0.00428068
v 0.00588810 -0.01422487 -0.00455341
v 0.00589508 -0.01427846 -0.00455341
v 0.00590011 -0.01429109 -0.00455341
v 0.00614941 -0.01572916 -0.00291704
v 0.00615228 -0.01545496 -0.00318977
v 0.00603012 -0.01546166 -0.00318977
v 0.00615228 -0.01545496 -0.00318977
v 0.00624792 -0.01571761 -0.00291704
v 0.00615228 -0.01545496 -0.00318977
v 0.00614941 -0.01572916 -0.00291704
v 0.00648473 -0.01507046 -0.00346250
v 0.00639920 -0.01511217 -0.00346250
v 0.00655926 -0.01465690 -0.00373522
v 0.00640567 -0.01438200 -0.00400795
v 0.00641847 -0.01434328 -0.00400795
v 0.00641847 -0.01434328 -0.00400795
v 0.00616043 -0.01423033 -0.00428068
v 0.00615935 -0.01421678 -0.00428068
v 0.00588783 -0.01423846 -0.00455341
v 0.00615935 -0.01421678 -0.00428068
v 0.00615935 -0.01421678 -0.00428068
v 0.00590011 -0.01429109 -0.00455341
v 0.00590637 -0.01430316 -0.00455341
v 0.00624792 -0.01571761 -0.00291704
v 0.00627318 -0.01543614 -0.00318977
v 0.00615228 -0.01545496 -0.00318977
v 0.00634546 -0.01569958 -0.00291704
v 0.00627318 -0.01543614 -0.00318977
v 0.00624792 -0.01571761 -0.00291704
v 0.00644159 -0.01567514 -0.00291704
v 0.00627318 -0.01543614 -0.00318977
v 0.00634546 -0.01569958 -0.00291704
v 0.00648473 -0.01507046 -0.00346250
v 0.00656569 -0.01502045 -0.00346250
v 0.00655926 -0.01465690 -0.00373522
v 0.00659867 -0.01460152 -0.00373522
v 0.00659867 -0.01460152 -0.00373522
v 0.00642735 -0.01430347 -0.00400795
v 0.00615935 -0.01421678 -0.00428068
v 0.00615693 -0.01420341 -0.00428068
v 0.00589134 -0.01426539 -0.00455341
v 0.00591380 -0.01431454 -0.00455341
v 0.00591380 -0.01431454 -0.00455341
v 0.00590637 -0.01430316 -0.00455341
v 0.00653590 -0.01564440 -0.00291704
v 0.00639159 -0.01540537 -0.00318977
v 0.00644159 -0.01567514 -0.00291704
v 0.00627318 -0.01543614 -0.00318977
v 0.00639159 -0.01540537 -0.00318977
v 0.00644159 -0.01567514 -0.00291704
v 0.00656569 -0.01502045 -0.00346250
v 0.00664126 -0.01496262 -0.00346250
v 0.00664126 -0.01496262 -0.00346250
v 0.00663237 -0.01454249 -0.00373522
v 0.00663237 -0.01454249 -0.00373522
v 0.00643222 -0.01426298 -0.00400795
v 0.00642735 -0.01430347 -0.00400795
v 0.00615318 -0.01419034 -0.00428068
v 0.00615693 -0.01420341 -0.00428068
v 0.00615318 -0.01419034 -0.00428068
v 0.00589134 -0.01426539 -0.00455341
v 0.00592233 -0.01432513 -0.00455341
v 0.00593187 -0.01433481 -0.00455341
v 0.00592233 -0.01432513 -0.00455341
v 0.00639159 -0.01540537 -0.00318977
v 0.00650636 -0.01536296 -0.00318977
v 0.00653590 -0.01564440 -0.00291704
v 0.00650636 -0.01536296 -0.00318977
v 0.00639159 -0.01540537 -0.00318977
v 0.00662797 -0.01560749 -0.00291704
v 0.00650636 -0.01536296 -0.00318977
v 0.00653590 -0.01564440 -0.00291704
v 0.00671740 -0.01556458 -0.00291704
v 0.00650636 -0.01536296 -0.00318977
v 0.00662797 -0.01560749 -0.00291704
v 0.00671070 -0.01489756 -0.00346250
v 0.00666002 -0.01448040 -0.00373522
v 0.00666002 -0.01448040 -0.00373522
v 0.00643304 -0.01422221 -0.00400795
v 0.00643222 -0.01426298 -0.00400795
v 0.00614815 -0.01417771 -0.00428068
v 0.00615318 -0.01419034 -0.00428068
v 0.00614815 -0.01417771 -0.00428068
v 0.00589508 -0.01427846 -0.00455341
v 0.00661633 -0.01530934 -0.00318977
v 0.00671740 -0.01556458 -0.00291704
v 0.00661633 -0.01530934 -0.00318977
v 0.00650636 -0.01536296 -0.00318977
v 0.00680379 -0.01551585 -0.00291704
v 0.00661633 -0.01530934 -0.00318977
v 0.00671740 -0.01556458 -0.00291704
v 0.00677332 -0.01482590 -0.00346250
v 0.00677332 -0.01482590 -0.00346250
v 0.00671070 -0.01489756 -0.00346250
v 0.00668136 -0.01441586 -0.00373522
v 0.00643304 -0.01422221 -0.00400795
v 0.00642979 -0.01418155 -0.00400795
v 0.00642979 -0.01418155 -0.00400795
v 0.00614189 -0.01416564 -0.00428068
v 0.00614815 -0.01417771 -0.00428068
v 0.00614189 -0.01416564 -0.00428068
v 0.00590011 -0.01429109 -0.00455341
v 0.00672042 -0.01524503 -0.00318977
v 0.00680379 -0.01551585 -0.00291704
v 0.00661633 -0.01530934 -0.00318977
v 0.00688678 -0.01546152 -0.00291704
v 0.00672042 -0.01524503 -0.00318977
v 0.00680379 -0.01551585 -0.00291704
v 0.00696599 -0.01540183 -0.00291704
v 0.00672042 -0.01524503 -0.00318977
v 0.00688678 -0.01546152 -0.00291704
v 0.00682849 -0.01474837 -0.00346250
v 0.00669616 -0.01434952 -0.00373522
v 0.00668136 -0.01441586 -0.00373522
v 0.00642252 -0.01414142 -0.00400795
v 0.00613446 -0.01415426 -0.00428068
v 0.00614189 -0.01416564 -0.00428068
v 0.00613446 -0.01415426 -0.00428068
v 0.00590637 -0.01430316 -0.00455341
v 0.00681758 -0.01517068 -0.00318977
v 0.00704109 -0.01533703 -0.00291704
v 0.00681758 -0.01517068 -0.00318977
v 0.00696599 -0.01540183 -0.00291704
v 0.00682849 -0.01474837 -0.00346250
v 0.00687567 -0.01466572 -0.00346250
v 0.00669616 -0.01434952 -0.00373522
v 0.00670428 -0.01428203 -0.00373522
v 0.00670428 -0.01428203 -0.00373522
v 0.00642252 -0.01414142 -0.00400795
v 0.00641128 -0.01410222 -0.00400795
v 0.00593187 -0.01433481 -0.00455341
v 0.00612593 -0.01414367 -0.00428068
v 0.00611639 -0.01413399 -0.00428068
v 0.00612593 -0.01414367 -0.00428068
v 0.00613446 -0.01415426 -0.00428068
v 0.00612593 -0.01414367 -0.00428068
v 0.00591380 -0.01431454 -0.00455341
v 0.00612593 -0.01414367 -0.00428068
v 0.00681758 -0.01517068 -0.00318977
v 0.00690687 -0.01508703 -0.00318977
v 0.00704109 -0.01533703 -0.00291704
v 0.00690687 -0.01508703 -0.00318977
v 0.00681758 -0.01517068 -0.00318977
v 0.00711174 -0.01526740 -0.00291704
v 0.00690687 -0.01508703 -0.00318977
v 0.00704109 -0.01533703 -0.00291704
v 0.00717764 -0.01519326 -0.00291704
v 0.00690687 -0.01508703 -0.00318977
v 0.00711174 -0.01526740 -0.00291704
v 0.00691438 -0.01457879 -0.00346250
v 0.00687567 -0.01466572 -0.00346250
v 0.00670565 -0.01421408 -0.00373522
v 0.00639619 -0.01406433 -0.00400795
v 0.00641128 -0.01410222 -0.00400795
v 0.00717764 -0.01519326 -0.00291704
v 0.00698737 -0.01499490 -0.00318977
v 0.00690687 -0.01508703 -0.00318977
v 0.00698737 -0.01499490 -0.00318977
v 0.00698737 -0.01499490 -0.00318977
v 0.00723849 -0.01511493 -0.00291704
v 0.00698737 -0.01499490 -0.00318977
v 0.00717764 -0.01519326 -0.00291704
v 0.00691438 -0.01457879 -0.00346250
v 0.00694425 -0.01448844 -0.00346250
v 0.00670565 -0.01421408 -0.00373522
v 0.00670023 -0.01414632 -0.00373522
v 0.00637741 -0.01402813 -0.00400795
v 0.00637741 -0.01402813 -0.00400795
v 0.00639619 -0.01406433 -0.00400795
v 0.00723849 -0.01511493 -0.00291704
v 0.00705831 -0.01489521 -0.00318977
v 0.00698737 -0.01499490 -0.00318977
v 0.00705831 -0.01489521 -0.00318977
v 0.00729403 -0.01503275 -0.00291704
v 0.00705831 -0.01489521 -0.00318977
v 0.00723849 -0.01511493 -0.00291704
v 0.00734401 -0.01494708 -0.00291704
v 0.00705831 -0.01489521 -0.00318977
v 0.00729403 -0.01503275 -0.00291704
v 0.00696497 -0.01439557 -0.00346250
v 0.00694425 -0.01448844 -0.00346250
v 0.00668810 -0.01407944 -0.00373522
v 0.00670023 -0.01414632 -0.00373522
v 0.00635512 -0.01399398 -0.00400795
v 0.00734401 -0.01494708 -0.00291704
v 0.00711896 -0.01478896 -0.00318977
v 0.00705831 -0.01489521 -0.00318977
v 0.00711896 -0.01478896 -0.00318977
v 0.00738823 -0.01485829 -0.00291704
v 0.00711896 -0.01478896 -0.00318977
v 0.00734401 -0.01494708 -0.00291704
v 0.00696497 -0.01439557 -0.00346250
v 0.00697634 -0.01430109 -0.00346250
v 0.00666938 -0.01401410 -0.00373522
v 0.00666938 -0.01401410 -0.00373522
v 0.00668810 -0.01407944 -0.00373522
v 0.00632953 -0.01396222 -0.00400795
v 0.00630092 -0.01393316 -0.00400795
v 0.00632953 -0.01396222 -0.00400795
v 0.00635512 -0.01399398 -0.00400795
v 0.00738823 -0.01485829 -0.00291704
v 0.00716874 -0.01467719 -0.00318977
v 0.00711896 -0.01478896 -0.00318977
v 0.00716874 -0.01467719 -0.00318977
v 0.00742648 -0.01476677 -0.00291704
v 0.00716874 -0.01467719 -0.00318977
v 0.00738823 -0.01485829 -0.00291704
v 0.00745860 -0.01467292 -0.00291704
v 0.00716874 -0.01467719 -0.00318977
v 0.00742648 -0.01476677 -0.00291704
v 0.00697825 -0.01420595 -0.00346250
v 0.00697634 -0.01430109 -0.00346250
v 0.00664423 -0.01395095 -0.00373522
v 0.00720714 -0.01456103 -0.00318977
v 0.00720714 -0.01456103 -0.00318977
v 0.00745860 -0.01467292 -0.00291704
v 0.00716874 -0.01467719 -0.00318977
v 0.00748444 -0.01457716 -0.00291704
v 0.00720714 -0.01456103 -0.00318977
v 0.00745860 -0.01467292 -0.00291704
v 0.00697825 -0.01420595 -0.00346250
v 0.00697068 -0.01411109 -0.00346250
v 0.00697068 -0.01411109 -0.00346250
v 0.00664423 -0.01395095 -0.00373522
v 0.00661293 -0.01389061 -0.00373522
v 0.00723378 -0.01444161 -0.00318977
v 0.00750390 -0.01447990 -0.00291704
v 0.00723378 -0.01444161 -0.00318977
v 0.00748444 -0.01457716 -0.00291704
v 0.00751689 -0.01438156 -0.00291704
v 0.00723378 -0.01444161 -0.00318977
v 0.00750390 -0.01447990 -0.00291704
v 0.00748444 -0.01457716 -0.00291704
v 0.00695369 -0.01401745 -0.00346250
v 0.00661293 -0.01389061 -0.00373522
v 0.00657577 -0.01383370 -0.00373522
v 0.00657577 -0.01383370 -0.00373522
v 0.00724840 -0.01432014 -0.00318977
v 0.00723378 -0.01444161 -0.00318977
v 0.00752336 -0.01428258 -0.00291704
v 0.00724840 -0.01432014 -0.00318977
v 0.00751689 -0.01438156 -0.00291704
v 0.00751689 -0.01438156 -0.00291704
v 0.00692747 -0.01392598 -0.00346250
v 0.00695369 -0.01401745 -0.00346250
v 0.00692747 -0.01392598 -0.00346250
v 0.00653314 -0.01378076 -0.00373522
v 0.00648544 -0.01373233 -0.00373522
v 0.00653314 -0.01378076 -0.00373522
v 0.00724840 -0.01432014 -0.00318977
v 0.00725086 -0.01419782 -0.00318977
v 0.00752326 -0.01418339 -0.00291704
v 0.00725086 -0.01419782 -0.00318977
v 0.00752336 -0.01428258 -0.00291704
v 0.00751661 -0.01408442 -0.00291704
v 0.00725086 -0.01419782 -0.00318977
v 0.00752326 -0.01418339 -0.00291704
v 0.00752336 -0.01428258 -0.00291704
v 0.00689228 -0.01383757 -0.00346250
v 0.00724112 -0.01407586 -0.00318977
v 0.00724112 -0.01407586 -0.00318977
v 0.00751661 -0.01408442 -0.00291704
v 0.00724112 -0.01407586 -0.00318977
v 0.00725086 -0.01419782 -0.00318977
v 0.00725086 -0.01419782 -0.00318977
v 0.00750344 -0.01398611 -0.00291704
v 0.00724112 -0.01407586 -0.00318977
v 0.00751661 -0.01408442 -0.00291704
v 0.00684845 -0.01375310 -0.00346250
v 0.00689228 -0.01383757 -0.00346250
v 0.00750344 -0.01398611 -0.00291704
v 0.00721928 -0.01395547 -0.00318977
v 0.00724112 -0.01407586 -0.00318977
v 0.00721928 -0.01395547 -0.00318977
v 0.00748379 -0.01388889 -0.00291704
v 0.00721928 -0.01395547 -0.00318977
v 0.00750344 -0.01398611 -0.00291704
v 0.00745777 -0.01379317 -0.00291704
v 0.00721928 -0.01395547 -0.00318977
v 0.00748379 -0.01388889 -0.00291704
v 0.00684845 -0.01375310 -0.00346250
v 0.00679643 -0.01367341 -0.00346250
v 0.00718557 -0.01383786 -0.00318977
v 0.00742547 -0.01369939 -0.00291704
v 0.00718557 -0.01383786 -0.00318977
v 0.00745777 -0.01379317 -0.00291704
v 0.00673674 -0.01359931 -0.00346250
v 0.00666996 -0.01353151 -0.00346250
v 0.00673674 -0.01359931 -0.00346250
v 0.00679643 -0.01367341 -0.00346250
v 0.00738705 -0.01360794 -0.00291704
v 0.00714032 -0.01372418 -0.00318977
v 0.00742547 -0.01369939 -0.00291704
v 0.00734267 -0.01351923 -0.00291704
v 0.00714032 -0.01372418 -0.00318977
v 0.00738705 -0.01360794 -0.00291704
v 0.00718557 -0.01383786 -0.00318977
v 0.00714032 -0.01372418 -0.00318977
v 0.00742547 -0.01369939 -0.00291704
v 0.00729252 -0.01343366 -0.00291704
v 0.00708397 -0.01361558 -0.00318977
v 0.00734267 -0.01351923 -0.00291704
v 0.00708397 -0.01361558 -0.00318977
v 0.00714032 -0.01372418 -0.00318977
v 0.00708397 -0.01361558 -0.00318977
v 0.00708397 -0.01361558 -0.00318977
v 0.00723682 -0.01335158 -0.00291704
v 0.00701709 -0.01351313 -0.00318977
v 0.00729252 -0.01343366 -0.00291704
v 0.00717583 -0.01327336 -0.00291704
v 0.00701709 -0.01351313 -0.00318977
v 0.00723682 -0.01335158 -0.00291704
v 0.00729252 -0.01343366 -0.00291704
v 0.00701709 -0.01351313 -0.00318977
v 0.00694034 -0.01341785 -0.00318977
v 0.00685449 -0.01333068 -0.00318977
v 0.00717583 -0.01327336 -0.00291704
v 0.00694034 -0.01341785 -0.00318977
v 0.00701709 -0.01351313 -0.00318977
v 0.00686986 -0.01331395 -0.00316704
v 0.00694034 -0.01341785 -0.00318977
v 0.00717583 -0.01327336 -0.00291704
v 0.00703901 -0.01312986 -0.00291704
v 0.00703901 -0.01312986 -0.00591704
v 0.00696460 -0.01306584 -0.00591704
v 0.00696379 -0.01306520 -0.00291704
v 0.00696460 -0.01306584 -0.00591704
v 0.00688616 -0.01300684 -0.00591704
v 0.00696379 -0.01306520 -0.00291704
v 0.00688446 -0.01300565 -0.00291704
v 0.00688446 -0.01300565 -0.00291704
v 0.00688616 -0.01300684 -0.00591704
v 0.00680402 -0.01295309 -0.00591704
v 0.00680138 -0.01295148 -0.00291704
v 0.00680138 -0.01295148 -0.00291704
v 0.00680402 -0.01295309 -0.00591704
v 0.00671855 -0.01290482 -0.00591704
v 0.00671489 -0.01290291 -0.00291704
v 0.00671489 -0.01290291 -0.00291704
v 0.00671855 -0.01290482 -0.00591704
v 0.00663011 -0.01286225 -0.00591704
v 0.00662538 -0.01286017 -0.00291704
v 0.00662538 -0.01286017 -0.00291704
v 0.00663011 -0.01286225 -0.00591704
v 0.00653907 -0.01282556 -0.00591704
v 0.00653324 -0.01282344 -0.00291704
v 0.00653324 -0.01282344 -0.00291704
v 0.00653907 -0.01282556 -0.00591704
v 0.00644582 -0.01279489 -0.00591704
v 0.00643888 -0.01279288 -0.00291704
v 0.00643888 -0.01279288 -0.00291704
v 0.00644582 -0.01279489 -0.00591704
v 0.00635077 -0.01277040 -0.00591704
v 0.00634270 -0.01276862 -0.00291704
v 0.00643888 -0.01279288 -0.00291704
v 0.00635077 -0.01277040 -0.00591704
v 0.00634270 -0.01276862 -0.00291704
v 0.00635077 -0.01277040 -0.00591704
v 0.00625432 -0.01275217 -0.00591704
v 0.00624513 -0.01275077 -0.00291704
v 0.00634270 -0.01276862 -0.00291704
v 0.00625432 -0.01275217 -0.00591704
v 0.00624513 -0.01275077 -0.00291704
v 0.00625432 -0.01275217 -0.00591704
v 0.00615689 -0.01274029 -0.00591704
v 0.00614659 -0.01273941 -0.00291704
v 0.00624513 -0.01275077 -0.00291704
v 0.00615689 -0.01274029 -0.00591704
v 0.00614659 -0.01273941 -0.00291704
v 0.00615689 -0.01274029 -0.00591704
v 0.00605888 -0.01273480 -0.00591704
v 0.00604752 -0.01273458 -0.00291704
v 0.00614659 -0.01273941 -0.00291704
v 0.00605888 -0.01273480 -0.00591704
v 0.00604752 -0.01273458 -0.00291704
v 0.00605888 -0.01273480 -0.00591704
v 0.00596073 -0.01273574 -0.00591704
v 0.00594834 -0.01273631 -0.00291704
v 0.00604752 -0.01273458 -0.00291704
v 0.00596073 -0.01273574 -0.00591704
v 0.00594834 -0.01273631 -0.00291704
v 0.00596073 -0.01273574 -0.00591704
v 0.00586285 -0.01274310 -0.00591704
v 0.00584950 -0.01274460 -0.00291704
v 0.00594834 -0.01273631 -0.00291704
v 0.00586285 -0.01274310 -0.00591704
v 0.00584950 -0.01274460 -0.00291704
v 0.00586285 -0.01274310 -0.00591704
v 0.00576566 -0.01275684 -0.00591704
v 0.00575142 -0.01275940 -0.00291704
v 0.00584950 -0.01274460 -0.00291704
v 0.00576566 -0.01275684 -0.00591704
v 0.00575142 -0.01275940 -0.00291704
v 0.00576566 -0.01275684 -0.00591704
v 0.00566957 -0.01277691 -0.00591704
v 0.00565453 -0.01278065 -0.00291704
v 0.00575142 -0.01275940 -0.00291704
v 0.00566957 -0.01277691 -0.00591704
v 0.00565453 -0.01278065 -0.00291704
v 0.00566957 -0.01277691 -0.00591704
v 0.00557501 -0.01280321 -0.00591704
v 0.00555926 -0.01280825 -0.00291704
v 0.00565453 -0.01278065 -0.00291704
v 0.00557501 -0.01280321 -0.00591704
v 0.00555926 -0.01280825 -0.00291704
v 0.00557501 -0.01280321 -0.00591704
v 0.00548237 -0.01283565 -0.00591704
v 0.00546602 -0.01284209 -0.00291704
v 0.00548237 -0.01283565 -0.00591704
v 0.00539204 -0.01287408 -0.00591704
v 0.00546602 -0.01284209 -0.00291704
v 0.00555926 -0.01280825 -0.00291704
v 0.00548237 -0.01283565 -0.00591704
v 0.00537522 -0.01288202 -0.00291704
v 0.00539204 -0.01287408 -0.00591704
v 0.00530443 -0.01291833 -0.00591704
v 0.00537522 -0.01288202 -0.00291704
v 0.00546602 -0.01284209 -0.00291704
v 0.00539204 -0.01287408 -0.00591704
v 0.00528726 -0.01292787 -0.00291704
v 0.00530443 -0.01291833 -0.00591704
v 0.00521989 -0.01296822 -0.00591704
v 0.00528726 -0.01292787 -0.00291704
v 0.00537522 -0.01288202 -0.00291704
v 0.00530443 -0.01291833 -0.00591704
v 0.00520252 -0.01297942 -0.00291704
v 0.00521989 -0.01296822 -0.00591704
v 0.00513880 -0.01302353 -0.00591704
v 0.00520252 -0.01297942 -0.00291704
v 0.00528726 -0.01292787 -0.00291704
v 0.00521989 -0.01296822 -0.00591704
v 0.00512138 -0.01303647 -0.00291704
v 0.00513880 -0.01302353 -0.00591704
v 0.00506150 -0.01308403 -0.00591704
v 0.00512138 -0.01303647 -0.00291704
v 0.00520252 -0.01297942 -0.00291704
v 0.00513880 -0.01302353 -0.00591704
v 0.00504418 -0.01309875 -0.00291704
v 0.00506150 -0.01308403 -0.00591704
v 0.00498833 -0.01314945 -0.00591704
v 0.00504418 -0.01309875 -0.00291704
v 0.00512138 -0.01303647 -0.00291704
v 0.00506150 -0.01308403 -0.00591704
v 0.00497127 -0.01316600 -0.00291704
v 0.00498833 -0.01314945 -0.00591704
v 0.00491959 -0.01321952 -0.00591704
v 0.00497127 -0.01316600 -0.00291704
v 0.00504418 -0.01309875 -0.00291704
v 0.00498833 -0.01314945 -0.00591704
v 0.00490296 -0.01323792 -0.00291704
v 0.00491959 -0.01321952 -0.00591704
v 0.00485558 -0.01329393 -0.00591704
v 0.00490296 -0.01323792 -0.00291704
v 0.00497127 -0.01316600 -0.00291704
v 0.00491959 -0.01321952 -0.00591704
v 0.00483955 -0.01331420 -0.00291704
v 0.00485558 -0.01329393 -0.00591704
v 0.00479657 -0.01337237 -0.00591704
v 0.00483955 -0.01331420 -0.00291704
v 0.00490296 -0.01323792 -0.00291704
v 0.00485558 -0.01329393 -0.00591704
v 0.00478132 -0.01339450 -0.00291704
v 0.00479657 -0.01337237 -0.00591704
v 0.00474282 -0.01345450 -0.00591704
v 0.00478132 -0.01339450 -0.00291704
v 0.00483955 -0.01331420 -0.00291704
v 0.00479657 -0.01337237 -0.00591704
v 0.00472853 -0.01347847 -0.00291704
v 0.00478132 -0.01339450 -0.00291704
v 0.00474282 -0.01345450 -0.00591704
v 0.00472853 -0.01347847 -0.00291704
v 0.00474282 -0.01345450 -0.00591704
v 0.00469455 -0.01353998 -0.00591704
v 0.00468141 -0.01356575 -0.00291704
v 0.00472853 -0.01347847 -0.00291704
v 0.00469455 -0.01353998 -0.00591704
v 0.00468141 -0.01356575 -0.00291704
v 0.00469455 -0.01353998 -0.00591704
v 0.00465198 -0.01362842 -0.00591704
v 0.00464015 -0.01365596 -0.00291704
v 0.00468141 -0.01356575 -0.00291704
v 0.00465198 -0.01362842 -0.00591704
v 0.00464015 -0.01365596 -0.00291704
v 0.00465198 -0.01362842 -0.00591704
v 0.00461529 -0.01371946 -0.00591704
v 0.00460494 -0.01374869 -0.00291704
v 0.00464015 -0.01365596 -0.00291704
v 0.00461529 -0.01371946 -0.00591704
v 0.00460494 -0.01374869 -0.00291704
v 0.00461529 -0.01371946 -0.00591704
v 0.00458462 -0.01381271 -0.00591704
v 0.00457595 -0.01384354 -0.00291704
v 0.00460494 -0.01374869 -0.00291704
v 0.00458462 -0.01381271 -0.00591704
v 0.00457595 -0.01384354 -0.00291704
v 0.00458462 -0.01381271 -0.00591704
v 0.00456013 -0.01390776 -0.00591704
v 0.00455328 -0.01394011 -0.00291704
v 0.00457595 -0.01384354 -0.00291704
v 0.00456013 -0.01390776 -0.00591704
v 0.00455328 -0.01394011 -0.00291704
v 0.00456013 -0.01390776 -0.00591704
v 0.00454190 -0.01400421 -0.00591704
v 0.00453705 -0.01403796 -0.00291704
v 0.00455328 -0.01394011 -0.00291704
v 0.00454190 -0.01400421 -0.00591704
v 0.00453705 -0.01403796 -0.00291704
v 0.00454190 -0.01400421 -0.00591704
v 0.00453002 -0.01410164 -0.00591704
v 0.00452732 -0.01413667 -0.00291704
v 0.00453705 -0.01403796 -0.00291704
v 0.00453002 -0.01410164 -0.00591704
v 0.00452732 -0.01413667 -0.00291704
v 0.00453002 -0.01410164 -0.00591704
v 0.00452453 -0.01419965 -0.00591704
v 0.00452413 -0.01423581 -0.00291704
v 0.00452732 -0.01413667 -0.00291704
v 0.00452453 -0.01419965 -0.00591704
v 0.00452413 -0.01423581 -0.00291704
v 0.00452453 -0.01419965 -0.00591704
v 0.00452547 -0.01429780 -0.00591704
v 0.00452750 -0.01433495 -0.00291704
v 0.00452413 -0.01423581 -0.00291704
v 0.00452547 -0.01429780 -0.00591704
v 0.00452750 -0.01433495 -0.00291704
v 0.00452547 -0.01429780 -0.00591704
v 0.00453283 -0.01439568 -0.00591704
v 0.00453742 -0.01443364 -0.00291704
v 0.00452750 -0.01433495 -0.00291704
v 0.00453283 -0.01439568 -0.00591704
v 0.00453742 -0.01443364 -0.00291704
v 0.00453283 -0.01439568 -0.00591704
v 0.00454657 -0.01449287 -0.00591704
v 0.00455384 -0.01453146 -0.00291704
v 0.00453742 -0.01443364 -0.00291704
v 0.00454657 -0.01449287 -0.00591704
v 0.00455384 -0.01453146 -0.00291704
v 0.00454657 -0.01449287 -0.00591704
v 0.00456664 -0.01458896 -0.00591704
v 0.00457669 -0.01462798 -0.00291704
v 0.00455384 -0.01453146 -0.00291704
v 0.00456664 -0.01458896 -0.00591704
v 0.00457669 -0.01462798 -0.00291704
v 0.00456664 -0.01458896 -0.00591704
v 0.00459294 -0.01468352 -0.00591704
v 0.00460586 -0.01472279 -0.00291704
v 0.00457669 -0.01462798 -0.00291704
v 0.00459294 -0.01468352 -0.00591704
v 0.00460586 -0.01472279 -0.00291704
v 0.00459294 -0.01468352 -0.00591704
v 0.00462538 -0.01477616 -0.00591704
v 0.00464124 -0.01481545 -0.00291704
v 0.00460586 -0.01472279 -0.00291704
v 0.00462538 -0.01477616 -0.00591704
v 0.00464124 -0.01481545 -0.00291704
v 0.00462538 -0.01477616 -0.00591704
v 0.00466381 -0.01486649 -0.00591704
v 0.00468267 -0.01490558 -0.00291704
v 0.00464124 -0.01481545 -0.00291704
v 0.00466381 -0.01486649 -0.00591704
v 0.00468267 -0.01490558 -0.00291704
v 0.00466381 -0.01486649 -0.00591704
v 0.00470806 -0.01495410 -0.00591704
v 0.00472996 -0.01499277 -0.00291704
v 0.00468267 -0.01490558 -0.00291704
v 0.00470806 -0.01495410 -0.00591704
v 0.00472996 -0.01499277 -0.00291704
v 0.00470806 -0.01495410 -0.00591704
v 0.00475795 -0.01503864 -0.00591704
v 0.00478291 -0.01507664 -0.00291704
v 0.00472996 -0.01499277 -0.00291704
v 0.00475795 -0.01503864 -0.00591704
v 0.00478291 -0.01507664 -0.00291704
v 0.00475795 -0.01503864 -0.00591704
v 0.00481326 -0.01511973 -0.00591704
v 0.00484129 -0.01515683 -0.00291704
v 0.00478291 -0.01507664 -0.00291704
v 0.00481326 -0.01511973 -0.00591704
v 0.00484129 -0.01515683 -0.00291704
v 0.00481326 -0.01511973 -0.00591704
v 0.00487376 -0.01519702 -0.00591704
v 0.00490484 -0.01523299 -0.00291704
v 0.00484129 -0.01515683 -0.00291704
v 0.00487376 -0.01519702 -0.00591704
v 0.00490484 -0.01523299 -0.00291704
v 0.00487376 -0.01519702 -0.00591704
v 0.00493918 -0.01527020 -0.00591704
v 0.00497328 -0.01530478 -0.00291704
v 0.00490484 -0.01523299 -0.00291704
v 0.00493918 -0.01527020 -0.00591704
v 0.00497328 -0.01530478 -0.00291704
v 0.00493918 -0.01527020 -0.00591704
v 0.00500925 -0.01533894 -0.00591704
v 0.00504632 -0.01537189 -0.00291704
v 0.00500925 -0.01533894 -0.00591704
v 0.00508366 -0.01540295 -0.00591704
v 0.00504632 -0.01537189 -0.00291704
v 0.00497328 -0.01530478 -0.00291704
v 0.00500925 -0.01533894 -0.00591704
v 0.00512364 -0.01543403 -0.00291704
v 0.00508366 -0.01540295 -0.00591704
v 0.00516210 -0.01546196 -0.00591704
v 0.00512364 -0.01543403 -0.00291704
v 0.00504632 -0.01537189 -0.00291704
v 0.00508366 -0.01540295 -0.00591704
v 0.00520489 -0.01549092 -0.00291704
v 0.00516210 -0.01546196 -0.00591704
v 0.00524424 -0.01551571 -0.00591704
v 0.00520489 -0.01549092 -0.00291704
v 0.00512364 -0.01543403 -0.00291704
v 0.00516210 -0.01546196 -0.00591704
v 0.00528973 -0.01554232 -0.00291704
v 0.00524424 -0.01551571 -0.00591704
v 0.00532971 -0.01556398 -0.00591704
v 0.00528973 -0.01554232 -0.00291704
v 0.00520489 -0.01549092 -0.00291704
v 0.00524424 -0.01551571 -0.00591704
v 0.00537777 -0.01558800 -0.00291704
v 0.00532971 -0.01556398 -0.00591704
v 0.00541815 -0.01560655 -0.00591704
v 0.00537777 -0.01558800 -0.00291704
v 0.00528973 -0.01554232 -0.00291704
v 0.00532971 -0.01556398 -0.00591704
v 0.00546865 -0.01562775 -0.00291704
v 0.00537777 -0.01558800 -0.00291704
v 0.00541815 -0.01560655 -0.00591704
v 0.00546865 -0.01562775 -0.00291704
v 0.00541815 -0.01560655 -0.00591704
v 0.00550919 -0.01564324 -0.00591704
v 0.00556195 -0.01566142 -0.00291704
v 0.00550919 -0.01564324 -0.00591704
v 0.00560244 -0.01567390 -0.00591704
v 0.00556195 -0.01566142 -0.00291704
v 0.00546865 -0.01562775 -0.00291704
v 0.00550919 -0.01564324 -0.00591704
v 0.00565727 -0.01568885 -0.00291704
v 0.00560244 -0.01567390 -0.00591704
v 0.00569749 -0.01569840 -0.00591704
v 0.00565727 -0.01568885 -0.00291704
v 0.00556195 -0.01566142 -0.00291704
v 0.00560244 -0.01567390 -0.00591704
v 0.00575420 -0.01570991 -0.00291704
v 0.00569749 -0.01569840 -0.00591704
v 0.00579394 -0.01571663 -0.00591704
v 0.00575420 -0.01570991 -0.00291704
v 0.00565727 -0.01568885 -0.00291704
v 0.00569749 -0.01569840 -0.00591704
v 0.00585231 -0.01572453 -0.00291704
v 0.00579394 -0.01571663 -0.00591704
v 0.00589137 -0.01572851 -0.00591704
v 0.00585231 -0.01572453 -0.00291704
v 0.00575420 -0.01570991 -0.00291704
v 0.00579394 -0.01571663 -0.00591704
v 0.00595117 -0.01573262 -0.00291704
v 0.00589137 -0.01572851 -0.00591704
v 0.00598938 -0.01573400 -0.00591704
v 0.00595117 -0.01573262 -0.00291704
v 0.00585231 -0.01572453 -0.00291704
v 0.00589137 -0.01572851 -0.00591704
v 0.00605035 -0.01573417 -0.00291704
v 0.00598938 -0.01573400 -0.00591704
v 0.00608753 -0.01573306 -0.00591704
v 0.00605035 -0.01573417 -0.00291704
v 0.00595117 -0.01573262 -0.00291704
v 0.00598938 -0.01573400 -0.00591704
v 0.00614941 -0.01572916 -0.00291704
v 0.00608753 -0.01573306 -0.00591704
v 0.00618541 -0.01572570 -0.00591704
v 0.00614941 -0.01572916 -0.00291704
v 0.00605035 -0.01573417 -0.00291704
v 0.00608753 -0.01573306 -0.00591704
v 0.00624792 -0.01571761 -0.00291704
v 0.00618541 -0.01572570 -0.00591704
v 0.00628260 -0.01571196 -0.00591704
v 0.00624792 -0.01571761 -0.00291704
v 0.00614941 -0.01572916 -0.00291704
v 0.00618541 -0.01572570 -0.00591704
v 0.00634546 -0.01569958 -0.00291704
v 0.00628260 -0.01571196 -0.00591704
v 0.00637869 -0.01569189 -0.00591704
v 0.00634546 -0.01569958 -0.00291704
v 0.00624792 -0.01571761 -0.00291704
v 0.00628260 -0.01571196 -0.00591704
v 0.00644159 -0.01567514 -0.00291704
v 0.00637869 -0.01569189 -0.00591704
v 0.00647325 -0.01566558 -0.00591704
v 0.00644159 -0.01567514 -0.00291704
v 0.00634546 -0.01569958 -0.00291704
v 0.00637869 -0.01569189 -0.00591704
v 0.00653590 -0.01564440 -0.00291704
v 0.00647325 -0.01566558 -0.00591704
v 0.00656589 -0.01563315 -0.00591704
v 0.00653590 -0.01564440 -0.00291704
v 0.00644159 -0.01567514 -0.00291704
v 0.00647325 -0.01566558 -0.00591704
v 0.00662797 -0.01560749 -0.00291704
v 0.00656589 -0.01563315 -0.00591704
v 0.00665622 -0.01559472 -0.00591704
v 0.00662797 -0.01560749 -0.00291704
v 0.00653590 -0.01564440 -0.00291704
v 0.00656589 -0.01563315 -0.00591704
v 0.00671740 -0.01556458 -0.00291704
v 0.00665622 -0.01559472 -0.00591704
v 0.00674383 -0.01555046 -0.00591704
v 0.00671740 -0.01556458 -0.00291704
v 0.00662797 -0.01560749 -0.00291704
v 0.00665622 -0.01559472 -0.00591704
v 0.00680379 -0.01551585 -0.00291704
v 0.00674383 -0.01555046 -0.00591704
v 0.00682837 -0.01550058 -0.00591704
v 0.00680379 -0.01551585 -0.00291704
v 0.00671740 -0.01556458 -0.00291704
v 0.00674383 -0.01555046 -0.00591704
v 0.00688678 -0.01546152 -0.00291704
v 0.00682837 -0.01550058 -0.00591704
v 0.00690946 -0.01544527 -0.00591704
v 0.00688678 -0.01546152 -0.00291704
v 0.00680379 -0.01551585 -0.00291704
v 0.00682837 -0.01550058 -0.00591704
v 0.00696599 -0.01540183 -0.00291704
v 0.00690946 -0.01544527 -0.00591704
v 0.00698675 -0.01538477 -0.00591704
v 0.00696599 -0.01540183 -0.00291704
v 0.00688678 -0.01546152 -0.00291704
v 0.00690946 -0.01544527 -0.00591704
v 0.00704109 -0.01533703 -0.00291704
v 0.00698675 -0.01538477 -0.00591704
v 0.00705993 -0.01531935 -0.00591704
v 0.00704109 -0.01533703 -0.00291704
v 0.00696599 -0.01540183 -0.00291704
v 0.00698675 -0.01538477 -0.00591704
v 0.00711174 -0.01526740 -0.00291704
v 0.00705993 -0.01531935 -0.00591704
v 0.00712867 -0.01524928 -0.00591704
v 0.00711174 -0.01526740 -0.00291704
v 0.00704109 -0.01533703 -0.00291704
v 0.00705993 -0.01531935 -0.00591704
v 0.00717764 -0.01519326 -0.00291704
v 0.00712867 -0.01524928 -0.00591704
v 0.00719268 -0.01517487 -0.00591704
v 0.00717764 -0.01519326 -0.00291704
v 0.00711174 -0.01526740 -0.00291704
v 0.00712867 -0.01524928 -0.00591704
v 0.00723849 -0.01511493 -0.00291704
v 0.00719268 -0.01517487 -0.00591704
v 0.00725169 -0.01509643 -0.00591704
v 0.00723849 -0.01511493 -0.00291704
v 0.00717764 -0.01519326 -0.00291704
v 0.00719268 -0.01517487 -0.00591704
v 0.00729403 -0.01503275 -0.00291704
v 0.00725169 -0.01509643 -0.00591704
v 0.00730544 -0.01501429 -0.00591704
v 0.00729403 -0.01503275 -0.00291704
v 0.00723849 -0.01511493 -0.00291704
v 0.00725169 -0.01509643 -0.00591704
v 0.00734401 -0.01494708 -0.00291704
v 0.00730544 -0.01501429 -0.00591704
v 0.00735371 -0.01492882 -0.00591704
v 0.00734401 -0.01494708 -0.00291704
v 0.00729403 -0.01503275 -0.00291704
v 0.00730544 -0.01501429 -0.00591704
v 0.00738823 -0.01485829 -0.00291704
v 0.00735371 -0.01492882 -0.00591704
v 0.00739628 -0.01484038 -0.00591704
v 0.00738823 -0.01485829 -0.00291704
v 0.00734401 -0.01494708 -0.00291704
v 0.00735371 -0.01492882 -0.00591704
v 0.00742648 -0.01476677 -0.00291704
v 0.00738823 -0.01485829 -0.00291704
v 0.00739628 -0.01484038 -0.00591704
v 0.00742648 -0.01476677 -0.00291704
v 0.00739628 -0.01484038 -0.00591704
v 0.00743297 -0.01474934 -0.00591704
v 0.00745860 -0.01467292 -0.00291704
v 0.00742648 -0.01476677 -0.00291704
v 0.00743297 -0.01474934 -0.00591704
v 0.00745860 -0.01467292 -0.00291704
v 0.00743297 -0.01474934 -0.00591704
v 0.00746363 -0.01465609 -0.00591704
v 0.00748444 -0.01457716 -0.00291704
v 0.00745860 -0.01467292 -0.00291704
v 0.00746363 -0.01465609 -0.00591704
v 0.00748444 -0.01457716 -0.00291704
v 0.00746363 -0.01465609 -0.00591704
v 0.00748813 -0.01456104 -0.00591704
v 0.00750390 -0.01447990 -0.00291704
v 0.00748444 -0.01457716 -0.00291704
v 0.00748813 -0.01456104 -0.00591704
v 0.00750390 -0.01447990 -0.00291704
v 0.00748813 -0.01456104 -0.00591704
v 0.00750636 -0.01446459 -0.00591704
v 0.00751689 -0.01438156 -0.00291704
v 0.00750390 -0.01447990 -0.00291704
v 0.00750636 -0.01446459 -0.00591704
v 0.00751689 -0.01438156 -0.00291704
v 0.00750636 -0.01446459 -0.00591704
v 0.00751824 -0.01436716 -0.00591704
v 0.00752336 -0.01428258 -0.00291704
v 0.00751689 -0.01438156 -0.00291704
v 0.00751824 -0.01436716 -0.00591704
v 0.00752336 -0.01428258 -0.00291704
v 0.00751824 -0.01436716 -0.00591704
v 0.00752373 -0.01426915 -0.00591704
v 0.00752326 -0.01418339 -0.00291704
v 0.00752336 -0.01428258 -0.00291704
v 0.00752373 -0.01426915 -0.00591704
v 0.00752326 -0.01418339 -0.00291704
v 0.00752373 -0.01426915 -0.00591704
v 0.00752279 -0.01417100 -0.00591704
v 0.00751661 -0.01408442 -0.00291704
v 0.00752326 -0.01418339 -0.00291704
v 0.00752279 -0.01417100 -0.00591704
v 0.00751543 -0.01407312 -0.00591704
v 0.00750344 -0.01398611 -0.00291704
v 0.00751661 -0.01408442 -0.00291704
v 0.00751543 -0.01407312 -0.00591704
v 0.00750344 -0.01398611 -0.00291704
v 0.00751543 -0.01407312 -0.00591704
v 0.00750169 -0.01397593 -0.00591704
v 0.00748379 -0.01388889 -0.00291704
v 0.00750344 -0.01398611 -0.00291704
v 0.00750169 -0.01397593 -0.00591704
v 0.00748162 -0.01387984 -0.00591704
v 0.00745777 -0.01379317 -0.00291704
v 0.00748379 -0.01388889 -0.00291704
v 0.00748162 -0.01387984 -0.00591704
v 0.00745777 -0.01379317 -0.00291704
v 0.00748162 -0.01387984 -0.00591704
v 0.00745531 -0.01378528 -0.00591704
v 0.00742547 -0.01369939 -0.00291704
v 0.00745531 -0.01378528 -0.00591704
v 0.00742288 -0.01369263 -0.00591704
v 0.00742547 -0.01369939 -0.00291704
v 0.00745777 -0.01379317 -0.00291704
v 0.00745531 -0.01378528 -0.00591704
v 0.00738705 -0.01360794 -0.00291704
v 0.00742288 -0.01369263 -0.00591704
v 0.00738445 -0.01360231 -0.00591704
v 0.00742547 -0.01369939 -0.00291704
v 0.00734267 -0.01351923 -0.00291704
v 0.00738445 -0.01360231 -0.00591704
v 0.00734020 -0.01351470 -0.00591704
v 0.00738705 -0.01360794 -0.00291704
v 0.00729252 -0.01343366 -0.00291704
v 0.00734020 -0.01351470 -0.00591704
v 0.00729031 -0.01343016 -0.00591704
v 0.00734267 -0.01351923 -0.00291704
v 0.00723682 -0.01335158 -0.00291704
v 0.00729031 -0.01343016 -0.00591704
v 0.00723500 -0.01334907 -0.00591704
v 0.00729252 -0.01343366 -0.00291704
v 0.00717583 -0.01327336 -0.00291704
v 0.00723500 -0.01334907 -0.00591704
v 0.00717450 -0.01327177 -0.00591704
v 0.00717583 -0.01327336 -0.00291704
v 0.00723682 -0.01335158 -0.00291704
v 0.00723500 -0.01334907 -0.00591704
v 0.00710979 -0.01319934 -0.00291704
v 0.00717450 -0.01327177 -0.00591704
v 0.00710908 -0.01319860 -0.00591704
v 0.00717583 -0.01327336 -0.00291704
v 0.00703901 -0.01312986 -0.00291704
v 0.00710908 -0.01319860 -0.00591704
v 0.00703901 -0.01312986 -0.00591704
v 0.00710979 -0.01319934 -0.00291704
v -0.00183300 -0.01326289 -0.00291704
v -0.00183300 -0.01326289 -0.00591704
v -0.00189898 -0.01319022 -0.00591704
v -0.00189970 -0.01318948 -0.00291704
v -0.00189898 -0.01319022 -0.00591704
v -0.00196958 -0.01312202 -0.00591704
v -0.00189970 -0.01318948 -0.00291704
v -0.00197111 -0.01312064 -0.00291704
v -0.00197111 -0.01312064 -0.00291704
v -0.00196958 -0.01312202 -0.00591704
v -0.00204449 -0.01305859 -0.00591704
v -0.00204692 -0.01305667 -0.00291704
v -0.00197111 -0.01312064 -0.00291704
v -0.00204449 -0.01305859 -0.00591704
v -0.00204692 -0.01305667 -0.00291704
v -0.00204449 -0.01305859 -0.00591704
v -0.00212338 -0.01300019 -0.00591704
v -0.00212679 -0.01299785 -0.00291704
v -0.00204692 -0.01305667 -0.00291704
v -0.00212338 -0.01300019 -0.00591704
v -0.00212679 -0.01299785 -0.00291704
v -0.00212338 -0.01300019 -0.00591704
v -0.00220593 -0.01294708 -0.00591704
v -0.00221037 -0.01294443 -0.00291704
v -0.00221037 -0.01294443 -0.00291704
v -0.00220593 -0.01294708 -0.00591704
v -0.00229177 -0.01289948 -0.00591704
v -0.00229730 -0.01289666 -0.00291704
v -0.00221037 -0.01294443 -0.00291704
v -0.00229177 -0.01289948 -0.00591704
v -0.00229730 -0.01289666 -0.00291704
v -0.00229177 -0.01289948 -0.00591704
v -0.00238055 -0.01285759 -0.00591704
v -0.00238719 -0.01285474 -0.00291704
v -0.00229730 -0.01289666 -0.00291704
v -0.00238055 -0.01285759 -0.00591704
v -0.00238719 -0.01285474 -0.00291704
v -0.00238055 -0.01285759 -0.00591704
v -0.00247187 -0.01282161 -0.00591704
v -0.00247966 -0.01281885 -0.00291704
v -0.00238719 -0.01285474 -0.00291704
v -0.00247187 -0.01282161 -0.00591704
v -0.00247966 -0.01281885 -0.00291704
v -0.00247187 -0.01282161 -0.00591704
v -0.00256535 -0.01279167 -0.00591704
v -0.00257430 -0.01278915 -0.00291704
v -0.00247966 -0.01281885 -0.00291704
v -0.00256535 -0.01279167 -0.00591704
v -0.00257430 -0.01278915 -0.00291704
v -0.00256535 -0.01279167 -0.00591704
v -0.00266059 -0.01276791 -0.00591704
v -0.00267070 -0.01276577 -0.00291704
v -0.00267070 -0.01276577 -0.00291704
v -0.00266059 -0.01276791 -0.00591704
v -0.00275717 -0.01275043 -0.00591704
v -0.00276843 -0.01274881 -0.00291704
v -0.00267070 -0.01276577 -0.00291704
v -0.00275717 -0.01275043 -0.00591704
v -0.00276843 -0.01274881 -0.00291704
v -0.00275717 -0.01275043 -0.00591704
v -0.00285470 -0.01273930 -0.00591704
v -0.00286706 -0.01273835 -0.00291704
v -0.00286706 -0.01273835 -0.00291704
v -0.00285470 -0.01273930 -0.00591704
v -0.00295274 -0.01273458 -0.00591704
v -0.00296618 -0.01273443 -0.00291704
v -0.00286706 -0.01273835 -0.00291704
v -0.00295274 -0.01273458 -0.00591704
v -0.00296618 -0.01273443 -0.00291704
v -0.00295274 -0.01273458 -0.00591704
v -0.00305089 -0.01273628 -0.00591704
v -0.00306533 -0.01273707 -0.00291704
v -0.00296618 -0.01273443 -0.00291704
v -0.00305089 -0.01273628 -0.00591704
v -0.00306533 -0.01273707 -0.00291704
v -0.00305089 -0.01273628 -0.00591704
v -0.00314871 -0.01274439 -0.00591704
v -0.00316410 -0.01274626 -0.00291704
v -0.00306533 -0.01273707 -0.00291704
v -0.00314871 -0.01274439 -0.00591704
v -0.00316410 -0.01274626 -0.00291704
v -0.00314871 -0.01274439 -0.00591704
v -0.00324579 -0.01275888 -0.00591704
v -0.00326204 -0.01276195 -0.00291704
v -0.00316410 -0.01274626 -0.00291704
v -0.00324579 -0.01275888 -0.00591704
v -0.00326204 -0.01276195 -0.00291704
v -0.00324579 -0.01275888 -0.00591704
v -0.00334171 -0.01277970 -0.00591704
v -0.00335873 -0.01278408 -0.00291704
v -0.00334171 -0.01277970 -0.00591704
v -0.00343607 -0.01280674 -0.00591704
v -0.00335873 -0.01278408 -0.00291704
v -0.00326204 -0.01276195 -0.00291704
v -0.00334171 -0.01277970 -0.00591704
v -0.00345374 -0.01281256 -0.00291704
v -0.00343607 -0.01280674 -0.00591704
v -0.00352846 -0.01283989 -0.00591704
v -0.00345374 -0.01281256 -0.00291704
v -0.00335873 -0.01278408 -0.00291704
v -0.00343607 -0.01280674 -0.00591704
v -0.00354667 -0.01284725 -0.00291704
v -0.00352846 -0.01283989 -0.00591704
v -0.00361848 -0.01287902 -0.00591704
v -0.00354667 -0.01284725 -0.00291704
v -0.00345374 -0.01281256 -0.00291704
v -0.00352846 -0.01283989 -0.00591704
v -0.00363710 -0.01288800 -0.00291704
v -0.00361848 -0.01287902 -0.00591704
v -0.00370575 -0.01292395 -0.00591704
v -0.00363710 -0.01288800 -0.00291704
v -0.00354667 -0.01284725 -0.00291704
v -0.00361848 -0.01287902 -0.00591704
v -0.00372464 -0.01293465 -0.00291704
v -0.00370575 -0.01292395 -0.00591704
v -0.00378990 -0.01297449 -0.00591704
v -0.00372464 -0.01293465 -0.00291704
v -0.00363710 -0.01288800 -0.00291704
v -0.00370575 -0.01292395 -0.00591704
v -0.00380890 -0.01298698 -0.00291704
v -0.00378990 -0.01297449 -0.00591704
v -0.00387056 -0.01303043 -0.00591704
v -0.00380890 -0.01298698 -0.00291704
v -0.00372464 -0.01293465 -0.00291704
v -0.00378990 -0.01297449 -0.00591704
v -0.00388952 -0.01304476 -0.00291704
v -0.00387056 -0.01303043 -0.00591704
v -0.00394738 -0.01309153 -0.00591704
v -0.00388952 -0.01304476 -0.00291704
v -0.00380890 -0.01298698 -0.00291704
v -0.00387056 -0.01303043 -0.00591704
v -0.00396615 -0.01310774 -0.00291704
v -0.00394738 -0.01309153 -0.00591704
v -0.00402005 -0.01315751 -0.00591704
v -0.00396615 -0.01310774 -0.00291704
v -0.00388952 -0.01304476 -0.00291704
v -0.00394738 -0.01309153 -0.00591704
v -0.00403844 -0.01317566 -0.00291704
v -0.00402005 -0.01315751 -0.00591704
v -0.00408825 -0.01322811 -0.00591704
v -0.00403844 -0.01317566 -0.00291704
v -0.00396615 -0.01310774 -0.00291704
v -0.00402005 -0.01315751 -0.00591704
v -0.00410609 -0.01324820 -0.00291704
v -0.00408825 -0.01322811 -0.00591704
v -0.00415168 -0.01330302 -0.00591704
v -0.00410609 -0.01324820 -0.00291704
v -0.00403844 -0.01317566 -0.00291704
v -0.00408825 -0.01322811 -0.00591704
v -0.00416880 -0.01332505 -0.00291704
v -0.00410609 -0.01324820 -0.00291704
v -0.00415168 -0.01330302 -0.00591704
v -0.00416880 -0.01332505 -0.00291704
v -0.00415168 -0.01330302 -0.00591704
v -0.00421008 -0.01338191 -0.00591704
v -0.00422629 -0.01340588 -0.00291704
v -0.00416880 -0.01332505 -0.00291704
v -0.00421008 -0.01338191 -0.00591704
v -0.00422629 -0.01340588 -0.00291704
v -0.00421008 -0.01338191 -0.00591704
v -0.00426319 -0.01346446 -0.00591704
v -0.00427832 -0.01349033 -0.00291704
v -0.00422629 -0.01340588 -0.00291704
v -0.00426319 -0.01346446 -0.00591704
v -0.00427832 -0.01349033 -0.00291704
v -0.00426319 -0.01346446 -0.00591704
v -0.00431079 -0.01355030 -0.00591704
v -0.00432464 -0.01357804 -0.00291704
v -0.00427832 -0.01349033 -0.00291704
v -0.00431079 -0.01355030 -0.00591704
v -0.00432464 -0.01357804 -0.00291704
v -0.00431079 -0.01355030 -0.00591704
v -0.00435267 -0.01363908 -0.00591704
v -0.00436507 -0.01366861 -0.00291704
v -0.00432464 -0.01357804 -0.00291704
v -0.00435267 -0.01363908 -0.00591704
v -0.00436507 -0.01366861 -0.00291704
v -0.00435267 -0.01363908 -0.00591704
v -0.00438866 -0.01373040 -0.00591704
v -0.00439943 -0.01376166 -0.00291704
v -0.00436507 -0.01366861 -0.00291704
v -0.00438866 -0.01373040 -0.00591704
v -0.00439943 -0.01376166 -0.00291704
v -0.00438866 -0.01373040 -0.00591704
v -0.00441860 -0.01382388 -0.00591704
v -0.00442756 -0.01385678 -0.00291704
v -0.00439943 -0.01376166 -0.00291704
v -0.00441860 -0.01382388 -0.00591704
v -0.00442756 -0.01385678 -0.00291704
v -0.00441860 -0.01382388 -0.00591704
v -0.00444236 -0.01391912 -0.00591704
v -0.00444934 -0.01395355 -0.00291704
v -0.00442756 -0.01385678 -0.00291704
v -0.00444236 -0.01391912 -0.00591704
v -0.00444934 -0.01395355 -0.00291704
v -0.00444236 -0.01391912 -0.00591704
v -0.00445984 -0.01401570 -0.00591704
v -0.00446468 -0.01405155 -0.00291704
v -0.00444934 -0.01395355 -0.00291704
v -0.00445984 -0.01401570 -0.00591704
v -0.00446468 -0.01405155 -0.00291704
v -0.00445984 -0.01401570 -0.00591704
v -0.00447097 -0.01411323 -0.00591704
v -0.00447351 -0.01415034 -0.00291704
v -0.00446468 -0.01405155 -0.00291704
v -0.00447097 -0.01411323 -0.00591704
v -0.00447351 -0.01415034 -0.00291704
v -0.00447097 -0.01411323 -0.00591704
v -0.00447569 -0.01421127 -0.00591704
v -0.00447579 -0.01424951 -0.00291704
v -0.00447351 -0.01415034 -0.00291704
v -0.00447569 -0.01421127 -0.00591704
v -0.00447579 -0.01424951 -0.00291704
v -0.00447569 -0.01421127 -0.00591704
v -0.00447399 -0.01430941 -0.00591704
v -0.00447152 -0.01434861 -0.00291704
v -0.00447579 -0.01424951 -0.00291704
v -0.00447399 -0.01430941 -0.00591704
v -0.00447152 -0.01434861 -0.00291704
v -0.00447399 -0.01430941 -0.00591704
v -0.00446588 -0.01440724 -0.00591704
v -0.00446070 -0.01444720 -0.00291704
v -0.00447152 -0.01434861 -0.00291704
v -0.00446588 -0.01440724 -0.00591704
v -0.00446070 -0.01444720 -0.00291704
v -0.00446588 -0.01440724 -0.00591704
v -0.00445138 -0.01450432 -0.00591704
v -0.00444339 -0.01454487 -0.00291704
v -0.00446070 -0.01444720 -0.00291704
v -0.00445138 -0.01450432 -0.00591704
v -0.00444339 -0.01454487 -0.00291704
v -0.00445138 -0.01450432 -0.00591704
v -0.00443057 -0.01460024 -0.00591704
v -0.00441966 -0.01464118 -0.00291704
v -0.00444339 -0.01454487 -0.00291704
v -0.00443057 -0.01460024 -0.00591704
v -0.00441966 -0.01464118 -0.00291704
v -0.00443057 -0.01460024 -0.00591704
v -0.00440353 -0.01469460 -0.00591704
v -0.00438962 -0.01473571 -0.00291704
v -0.00441966 -0.01464118 -0.00291704
v -0.00440353 -0.01469460 -0.00591704
v -0.00438962 -0.01473571 -0.00291704
v -0.00440353 -0.01469460 -0.00591704
v -0.00437038 -0.01478699 -0.00591704
v -0.00435340 -0.01482805 -0.00291704
v -0.00438962 -0.01473571 -0.00291704
v -0.00437038 -0.01478699 -0.00591704
v -0.00435340 -0.01482805 -0.00291704
v -0.00437038 -0.01478699 -0.00591704
v -0.00433125 -0.01487701 -0.00591704
v -0.00431115 -0.01491780 -0.00291704
v -0.00435340 -0.01482805 -0.00291704
v -0.00433125 -0.01487701 -0.00591704
v -0.00431115 -0.01491780 -0.00291704
v -0.00433125 -0.01487701 -0.00591704
v -0.00428632 -0.01496428 -0.00591704
v -0.00426306 -0.01500455 -0.00291704
v -0.00431115 -0.01491780 -0.00291704
v -0.00428632 -0.01496428 -0.00591704
v -0.00426306 -0.01500455 -0.00291704
v -0.00428632 -0.01496428 -0.00591704
v -0.00423578 -0.01504843 -0.00591704
v -0.00420935 -0.01508794 -0.00291704
v -0.00426306 -0.01500455 -0.00291704
v -0.00423578 -0.01504843 -0.00591704
v -0.00420935 -0.01508794 -0.00291704
v -0.00423578 -0.01504843 -0.00591704
v -0.00417984 -0.01512909 -0.00591704
v -0.00415024 -0.01516759 -0.00291704
v -0.00420935 -0.01508794 -0.00291704
v -0.00417984 -0.01512909 -0.00591704
v -0.00415024 -0.01516759 -0.00291704
v -0.00417984 -0.01512909 -0.00591704
v -0.00411874 -0.01520591 -0.00591704
v -0.00408600 -0.01524317 -0.00291704
v -0.00411874 -0.01520591 -0.00591704
v -0.00405276 -0.01527858 -0.00591704
v -0.00408600 -0.01524317 -0.00291704
v -0.00415024 -0.01516759 -0.00291704
v -0.00411874 -0.01520591 -0.00591704
v -0.00401690 -0.01531433 -0.00291704
v -0.00405276 -0.01527858 -0.00591704
v -0.00398216 -0.01534678 -0.00591704
v -0.00401690 -0.01531433 -0.00291704
v -0.00408600 -0.01524317 -0.00291704
v -0.00405276 -0.01527858 -0.00591704
v -0.00394325 -0.01538077 -0.00291704
v -0.00398216 -0.01534678 -0.00591704
v -0.00390725 -0.01541021 -0.00591704
v -0.00394325 -0.01538077 -0.00291704
v -0.00401690 -0.01531433 -0.00291704
v -0.00398216 -0.01534678 -0.00591704
v -0.00386537 -0.01544220 -0.00291704
v -0.00390725 -0.01541021 -0.00591704
v -0.00382836 -0.01546861 -0.00591704
v -0.00386537 -0.01544220 -0.00291704
v -0.00394325 -0.01538077 -0.00291704
v -0.00390725 -0.01541021 -0.00591704
v -0.00378360 -0.01549835 -0.00291704
v -0.00382836 -0.01546861 -0.00591704
v -0.00374581 -0.01552172 -0.00591704
v -0.00378360 -0.01549835 -0.00291704
v -0.00386537 -0.01544220 -0.00291704
v -0.00382836 -0.01546861 -0.00591704
v -0.00369830 -0.01554897 -0.00291704
v -0.00378360 -0.01549835 -0.00291704
v -0.00374581 -0.01552172 -0.00591704
v -0.00369830 -0.01554897 -0.00291704
v -0.00374581 -0.01552172 -0.00591704
v -0.00365997 -0.01556932 -0.00591704
v -0.00360984 -0.01559384 -0.00291704
v -0.00365997 -0.01556932 -0.00591704
v -0.00357119 -0.01561120 -0.00591704
v -0.00360984 -0.01559384 -0.00291704
v -0.00369830 -0.01554897 -0.00291704
v -0.00365997 -0.01556932 -0.00591704
v -0.00351861 -0.01563277 -0.00291704
v -0.00357119 -0.01561120 -0.00591704
v -0.00347987 -0.01564719 -0.00591704
v -0.00351861 -0.01563277 -0.00291704
v -0.00360984 -0.01559384 -0.00291704
v -0.00357119 -0.01561120 -0.00591704
v -0.00342500 -0.01566558 -0.00291704
v -0.00347987 -0.01564719 -0.00591704
v -0.00338639 -0.01567713 -0.00591704
v -0.00342500 -0.01566558 -0.00291704
v -0.00351861 -0.01563277 -0.00291704
v -0.00347987 -0.01564719 -0.00591704
v -0.00332943 -0.01569213 -0.00291704
v -0.00338639 -0.01567713 -0.00591704
v -0.00329115 -0.01570089 -0.00591704
v -0.00332943 -0.01569213 -0.00291704
v -0.00342500 -0.01566558 -0.00291704
v -0.00338639 -0.01567713 -0.00591704
v -0.00323232 -0.01571231 -0.00291704
v -0.00329115 -0.01570089 -0.00591704
v -0.00319456 -0.01571837 -0.00591704
v -0.00323232 -0.01571231 -0.00291704
v -0.00332943 -0.01569213 -0.00291704
v -0.00329115 -0.01570089 -0.00591704
v -0.00313408 -0.01572603 -0.00291704
v -0.00319456 -0.01571837 -0.00591704
v -0.00309704 -0.01572950 -0.00591704
v -0.00313408 -0.01572603 -0.00291704
v -0.00323232 -0.01571231 -0.00291704
v -0.00319456 -0.01571837 -0.00591704
v -0.00303515 -0.01573323 -0.00291704
v -0.00309704 -0.01572950 -0.00591704
v -0.00299900 -0.01573422 -0.00591704
v -0.00303515 -0.01573323 -0.00291704
v -0.00313408 -0.01572603 -0.00291704
v -0.00309704 -0.01572950 -0.00591704
v -0.00293596 -0.01573387 -0.00291704
v -0.00299900 -0.01573422 -0.00591704
v -0.00290085 -0.01573252 -0.00591704
v -0.00293596 -0.01573387 -0.00291704
v -0.00303515 -0.01573323 -0.00291704
v -0.00299900 -0.01573422 -0.00591704
v -0.00283695 -0.01572795 -0.00291704
v -0.00290085 -0.01573252 -0.00591704
v -0.00280303 -0.01572441 -0.00591704
v -0.00283695 -0.01572795 -0.00291704
v -0.00293596 -0.01573387 -0.00291704
v -0.00290085 -0.01573252 -0.00591704
v -0.00273854 -0.01571551 -0.00291704
v -0.00280303 -0.01572441 -0.00591704
v -0.00270595 -0.01570991 -0.00591704
v -0.00273854 -0.01571551 -0.00291704
v -0.00283695 -0.01572795 -0.00291704
v -0.00280303 -0.01572441 -0.00591704
v -0.00264118 -0.01569658 -0.00291704
v -0.00270595 -0.01570991 -0.00591704
v -0.00261003 -0.01568910 -0.00591704
v -0.00264118 -0.01569658 -0.00291704
v -0.00273854 -0.01571551 -0.00291704
v -0.00270595 -0.01570991 -0.00591704
v -0.00254527 -0.01567127 -0.00291704
v -0.00261003 -0.01568910 -0.00591704
v -0.00251567 -0.01566206 -0.00591704
v -0.00254527 -0.01567127 -0.00291704
v -0.00264118 -0.01569658 -0.00291704
v -0.00261003 -0.01568910 -0.00591704
v -0.00245125 -0.01563967 -0.00291704
v -0.00251567 -0.01566206 -0.00591704
v -0.00242328 -0.01562890 -0.00591704
v -0.00245125 -0.01563967 -0.00291704
v -0.00254527 -0.01567127 -0.00291704
v -0.00251567 -0.01566206 -0.00591704
v -0.00235952 -0.01560192 -0.00291704
v -0.00242328 -0.01562890 -0.00591704
v -0.00233326 -0.01558978 -0.00591704
v -0.00235952 -0.01560192 -0.00291704
v -0.00245125 -0.01563967 -0.00291704
v -0.00242328 -0.01562890 -0.00591704
v -0.00227049 -0.01555820 -0.00291704
v -0.00233326 -0.01558978 -0.00591704
v -0.00224599 -0.01554485 -0.00591704
v -0.00227049 -0.01555820 -0.00291704
v -0.00235952 -0.01560192 -0.00291704
v -0.00233326 -0.01558978 -0.00591704
v -0.00218454 -0.01550868 -0.00291704
v -0.00224599 -0.01554485 -0.00591704
v -0.00216184 -0.01549430 -0.00591704
v -0.00218454 -0.01550868 -0.00291704
v -0.00227049 -0.01555820 -0.00291704
v -0.00224599 -0.01554485 -0.00591704
v -0.00210205 -0.01545360 -0.00291704
v -0.00216184 -0.01549430 -0.00591704
v -0.00208118 -0.01543837 -0.00591704
v -0.00210205 -0.01545360 -0.00291704
v -0.00218454 -0.01550868 -0.00291704
v -0.00216184 -0.01549430 -0.00591704
v -0.00202339 -0.01539318 -0.00291704
v -0.00208118 -0.01543837 -0.00591704
v -0.00200436 -0.01537727 -0.00591704
v -0.00202339 -0.01539318 -0.00291704
v -0.00210205 -0.01545360 -0.00291704
v -0.00208118 -0.01543837 -0.00591704
v -0.00194888 -0.01532770 -0.00291704
v -0.00200436 -0.01537727 -0.00591704
v -0.00193169 -0.01531129 -0.00591704
v -0.00194888 -0.01532770 -0.00291704
v -0.00202339 -0.01539318 -0.00291704
v -0.00200436 -0.01537727 -0.00591704
v -0.00187887 -0.01525743 -0.00291704
v -0.00193169 -0.01531129 -0.00591704
v -0.00186349 -0.01524069 -0.00591704
v -0.00187887 -0.01525743 -0.00291704
v -0.00194888 -0.01532770 -0.00291704
v -0.00193169 -0.01531129 -0.00591704
v -0.00181366 -0.01518269 -0.00291704
v -0.00186349 -0.01524069 -0.00591704
v -0.00180006 -0.01516578 -0.00591704
v -0.00181366 -0.01518269 -0.00291704
v -0.00187887 -0.01525743 -0.00291704
v -0.00186349 -0.01524069 -0.00591704
v -0.00175353 -0.01510381 -0.00291704
v -0.00180006 -0.01516578 -0.00591704
v -0.00174166 -0.01508688 -0.00591704
v -0.00175353 -0.01510381 -0.00291704
v -0.00181366 -0.01518269 -0.00291704
v -0.00180006 -0.01516578 -0.00591704
v -0.00169874 -0.01502112 -0.00291704
v -0.00174166 -0.01508688 -0.00591704
v -0.00168855 -0.01500434 -0.00591704
v -0.00169874 -0.01502112 -0.00291704
v -0.00175353 -0.01510381 -0.00291704
v -0.00174166 -0.01508688 -0.00591704
v -0.00164954 -0.01493500 -0.00291704
v -0.00169874 -0.01502112 -0.00291704
v -0.00168855 -0.01500434 -0.00591704
v -0.00164954 -0.01493500 -0.00291704
v -0.00168855 -0.01500434 -0.00591704
v -0.00164095 -0.01491850 -0.00591704
v -0.00160613 -0.01484581 -0.00291704
v -0.00164954 -0.01493500 -0.00291704
v -0.00164095 -0.01491850 -0.00591704
v -0.00160613 -0.01484581 -0.00291704
v -0.00164095 -0.01491850 -0.00591704
v -0.00159907 -0.01482972 -0.00591704
v -0.00156872 -0.01475394 -0.00291704
v -0.00160613 -0.01484581 -0.00291704
v -0.00159907 -0.01482972 -0.00591704
v -0.00156872 -0.01475394 -0.00291704
v -0.00159907 -0.01482972 -0.00591704
v -0.00156308 -0.01473840 -0.00591704
v -0.00153746 -0.01465981 -0.00291704
v -0.00156872 -0.01475394 -0.00291704
v -0.00156308 -0.01473840 -0.00591704
v -0.00153746 -0.01465981 -0.00291704
v -0.00156308 -0.01473840 -0.00591704
v -0.00153314 -0.01464492 -0.00591704
v -0.00151249 -0.01456381 -0.00291704
v -0.00153746 -0.01465981 -0.00291704
v -0.00153314 -0.01464492 -0.00591704
v -0.00151249 -0.01456381 -0.00291704
v -0.00153314 -0.01464492 -0.00591704
v -0.00150938 -0.01454968 -0.00591704
v -0.00149392 -0.01446638 -0.00291704
v -0.00151249 -0.01456381 -0.00291704
v -0.00150938 -0.01454968 -0.00591704
v -0.00149392 -0.01446638 -0.00291704
v -0.00150938 -0.01454968 -0.00591704
v -0.00149190 -0.01445309 -0.00591704
v -0.00148183 -0.01436793 -0.00291704
v -0.00149392 -0.01446638 -0.00291704
v -0.00149190 -0.01445309 -0.00591704
v -0.00148183 -0.01436793 -0.00291704
v -0.00149190 -0.01445309 -0.00591704
v -0.00148077 -0.01435557 -0.00591704
v -0.00147627 -0.01426889 -0.00291704
v -0.00148183 -0.01436793 -0.00291704
v -0.00148077 -0.01435557 -0.00591704
v -0.00147627 -0.01426889 -0.00291704
v -0.00148077 -0.01435557 -0.00591704
v -0.00147605 -0.01425753 -0.00591704
v -0.00147727 -0.01416971 -0.00291704
v -0.00147627 -0.01426889 -0.00291704
v -0.00147605 -0.01425753 -0.00591704
v -0.00147727 -0.01416971 -0.00291704
v -0.00147605 -0.01425753 -0.00591704
v -0.00147775 -0.01415938 -0.00591704
v -0.00148482 -0.01407080 -0.00291704
v -0.00147727 -0.01416971 -0.00291704
v -0.00147775 -0.01415938 -0.00591704
v -0.00148586 -0.01406156 -0.00591704
v -0.00149889 -0.01397262 -0.00291704
v -0.00148482 -0.01407080 -0.00291704
v -0.00148586 -0.01406156 -0.00591704
v -0.00149889 -0.01397262 -0.00291704
v -0.00148586 -0.01406156 -0.00591704
v -0.00150035 -0.01396448 -0.00591704
v -0.00151942 -0.01387558 -0.00291704
v -0.00150035 -0.01396448 -0.00591704
v -0.00152117 -0.01386856 -0.00591704
v -0.00149889 -0.01397262 -0.00291704
v -0.00154632 -0.01378010 -0.00291704
v -0.00152117 -0.01386856 -0.00591704
v -0.00154821 -0.01377420 -0.00591704
v -0.00154632 -0.01378010 -0.00291704
v -0.00151942 -0.01387558 -0.00291704
v -0.00152117 -0.01386856 -0.00591704
v -0.00157947 -0.01368662 -0.00291704
v -0.00154821 -0.01377420 -0.00591704
v -0.00158137 -0.01368181 -0.00591704
v -0.00157947 -0.01368662 -0.00291704
v -0.00154632 -0.01378010 -0.00291704
v -0.00154821 -0.01377420 -0.00591704
v -0.00161873 -0.01359552 -0.00291704
v -0.00158137 -0.01368181 -0.00591704
v -0.00162049 -0.01359179 -0.00591704
v -0.00157947 -0.01368662 -0.00291704
v -0.00166392 -0.01350723 -0.00291704
v -0.00162049 -0.01359179 -0.00591704
v -0.00166542 -0.01350452 -0.00591704
v -0.00161873 -0.01359552 -0.00291704
v -0.00171484 -0.01342211 -0.00291704
v -0.00166542 -0.01350452 -0.00591704
v -0.00171597 -0.01342037 -0.00591704
v -0.00166392 -0.01350723 -0.00291704
v -0.00177129 -0.01334054 -0.00291704
v -0.00171597 -0.01342037 -0.00591704
v -0.00177190 -0.01333971 -0.00591704
v -0.00171484 -0.01342211 -0.00291704
v -0.00183300 -0.01326289 -0.00291704
v -0.00177190 -0.01333971 -0.00591704
v -0.00183300 -0.01326289 -0.00591704
v -0.00177129 -0.01334054 -0.00291704
v -0.00411874 -0.01520591 -0.00591704
v -0.00391095 -0.01502927 -0.00564431
v -0.00405276 -0.01527858 -0.00591704
v -0.00183300 -0.01326289 -0.00291704
v -0.00189970 -0.01318948 -0.00291704
v -0.00202348 -0.01342480 -0.00316704
v -0.00189970 -0.01318948 -0.00291704
v -0.00197111 -0.01312064 -0.00291704
v -0.00202348 -0.01342480 -0.00316704
v -0.00417984 -0.01512909 -0.00591704
v -0.00391095 -0.01502927 -0.00564431
v -0.00411874 -0.01520591 -0.00591704
v -0.00171484 -0.01342211 -0.00291704
v -0.00177129 -0.01334054 -0.00291704
v -0.00202348 -0.01342480 -0.00316704
v -0.00177129 -0.01334054 -0.00291704
v -0.00183300 -0.01326289 -0.00291704
v -0.00202348 -0.01342480 -0.00316704
v -0.00405276 -0.01527858 -0.00591704
v -0.00382716 -0.01511843 -0.00564431
v -0.00398216 -0.01534678 -0.00591704
v -0.00391095 -0.01502927 -0.00564431
v -0.00382716 -0.01511843 -0.00564431
v -0.00405276 -0.01527858 -0.00591704
v -0.00382716 -0.01511843 -0.00564431
v -0.00373491 -0.01519880 -0.00564431
v -0.00398216 -0.01534678 -0.00591704
v -0.00398216 -0.01534678 -0.00591704
v -0.00373491 -0.01519880 -0.00564431
v -0.00390725 -0.01541021 -0.00591704
v -0.00390725 -0.01541021 -0.00591704
v -0.00373491 -0.01519880 -0.00564431
v -0.00382836 -0.01546861 -0.00591704
v -0.00373491 -0.01519880 -0.00564431
v -0.00363511 -0.01526958 -0.00564431
v -0.00382836 -0.01546861 -0.00591704
v -0.00382836 -0.01546861 -0.00591704
v -0.00363511 -0.01526958 -0.00564431
v -0.00374581 -0.01552172 -0.00591704
v -0.00374581 -0.01552172 -0.00591704
v -0.00352877 -0.01533007 -0.00564431
v -0.00365997 -0.01556932 -0.00591704
v -0.00365997 -0.01556932 -0.00591704
v -0.00352877 -0.01533007 -0.00564431
v -0.00357119 -0.01561120 -0.00591704
v -0.00363511 -0.01526958 -0.00564431
v -0.00352877 -0.01533007 -0.00564431
v -0.00374581 -0.01552172 -0.00591704
v -0.00370315 -0.01485264 -0.00537159
v -0.00363798 -0.01492198 -0.00537159
v -0.00382716 -0.01511843 -0.00564431
v -0.00357119 -0.01561120 -0.00591704
v -0.00341692 -0.01537968 -0.00564431
v -0.00347987 -0.01564719 -0.00591704
v -0.00352877 -0.01533007 -0.00564431
v -0.00341692 -0.01537968 -0.00564431
v -0.00357119 -0.01561120 -0.00591704
v -0.00356623 -0.01498449 -0.00537159
v -0.00363798 -0.01492198 -0.00537159
v -0.00347987 -0.01564719 -0.00591704
v -0.00330070 -0.01541790 -0.00564431
v -0.00338639 -0.01567713 -0.00591704
v -0.00338639 -0.01567713 -0.00591704
v -0.00330070 -0.01541790 -0.00564431
v -0.00329115 -0.01570089 -0.00591704
v -0.00341692 -0.01537968 -0.00564431
v -0.00356623 -0.01498449 -0.00537159
v -0.00348861 -0.01503954 -0.00537159
v -0.00329115 -0.01570089 -0.00591704
v -0.00318125 -0.01544437 -0.00564431
v -0.00319456 -0.01571837 -0.00591704
v -0.00330070 -0.01541790 -0.00564431
v -0.00318125 -0.01544437 -0.00564431
v -0.00329115 -0.01570089 -0.00591704
v -0.00348861 -0.01503954 -0.00537159
v -0.00340590 -0.01508659 -0.00537159
v -0.00363511 -0.01526958 -0.00564431
v -0.00352877 -0.01533007 -0.00564431
v -0.00319456 -0.01571837 -0.00591704
v -0.00305975 -0.01545880 -0.00564431
v -0.00309704 -0.01572950 -0.00591704
v -0.00309704 -0.01572950 -0.00591704
v -0.00305975 -0.01545880 -0.00564431
v -0.00299900 -0.01573422 -0.00591704
v -0.00318125 -0.01544437 -0.00564431
v -0.00344881 -0.01472553 -0.00509886
v -0.00349536 -0.01467600 -0.00509886
v -0.00352877 -0.01533007 -0.00564431
v -0.00331891 -0.01512517 -0.00537159
v -0.00341692 -0.01537968 -0.00564431
v -0.00340590 -0.01508659 -0.00537159
v -0.00299900 -0.01573422 -0.00591704
v -0.00293742 -0.01546107 -0.00564431
v -0.00290085 -0.01573252 -0.00591704
v -0.00305975 -0.01545880 -0.00564431
v -0.00293742 -0.01546107 -0.00564431
v -0.00299900 -0.01573422 -0.00591704
v -0.00344881 -0.01472553 -0.00509886
v -0.00339756 -0.01477017 -0.00509886
v -0.00331891 -0.01512517 -0.00537159
v -0.00322851 -0.01515490 -0.00537159
v -0.00293742 -0.01546107 -0.00564431
v -0.00281548 -0.01545115 -0.00564431
v -0.00290085 -0.01573252 -0.00591704
v -0.00280303 -0.01572441 -0.00591704
v -0.00280303 -0.01572441 -0.00591704
v -0.00281548 -0.01545115 -0.00564431
v -0.00270595 -0.01570991 -0.00591704
v -0.00339756 -0.01477017 -0.00509886
v -0.00334212 -0.01480950 -0.00509886
v -0.00313561 -0.01517548 -0.00537159
v -0.00322851 -0.01515490 -0.00537159
v -0.00270595 -0.01570991 -0.00591704
v -0.00269513 -0.01542913 -0.00564431
v -0.00261003 -0.01568910 -0.00591704
v -0.00261003 -0.01568910 -0.00591704
v -0.00269513 -0.01542913 -0.00564431
v -0.00251567 -0.01566206 -0.00591704
v -0.00281548 -0.01545115 -0.00564431
v -0.00269513 -0.01542913 -0.00564431
v -0.00270595 -0.01570991 -0.00591704
v -0.00334212 -0.01480950 -0.00509886
v -0.00328304 -0.01484311 -0.00509886
v -0.00304111 -0.01518671 -0.00537159
v -0.00313561 -0.01517548 -0.00537159
v -0.00251567 -0.01566206 -0.00591704
v -0.00257756 -0.01539524 -0.00564431
v -0.00242328 -0.01562890 -0.00591704
v -0.00269513 -0.01542913 -0.00564431
v -0.00257756 -0.01539524 -0.00564431
v -0.00251567 -0.01566206 -0.00591704
v -0.00328756 -0.01449936 -0.00482613
v -0.00325963 -0.01452908 -0.00482613
v -0.00328304 -0.01484311 -0.00509886
v -0.00322090 -0.01487067 -0.00509886
v -0.00304111 -0.01518671 -0.00537159
v -0.00294597 -0.01518848 -0.00537159
v -0.00242328 -0.01562890 -0.00591704
v -0.00246396 -0.01534981 -0.00564431
v -0.00233326 -0.01558978 -0.00591704
v -0.00233326 -0.01558978 -0.00591704
v -0.00246396 -0.01534981 -0.00564431
v -0.00224599 -0.01554485 -0.00591704
v -0.00257756 -0.01539524 -0.00564431
v -0.00246396 -0.01534981 -0.00564431
v -0.00242328 -0.01562890 -0.00591704
v -0.00322888 -0.01455586 -0.00482613
v -0.00325963 -0.01452908 -0.00482613
v -0.00315633 -0.01489190 -0.00509886
v -0.00322090 -0.01487067 -0.00509886
v -0.00293742 -0.01546107 -0.00564431
v -0.00285112 -0.01518076 -0.00537159
v -0.00281548 -0.01545115 -0.00564431
v -0.00294597 -0.01518848 -0.00537159
v -0.00246396 -0.01534981 -0.00564431
v -0.00235545 -0.01529330 -0.00564431
v -0.00224599 -0.01554485 -0.00591704
v -0.00224599 -0.01554485 -0.00591704
v -0.00235545 -0.01529330 -0.00564431
v -0.00216184 -0.01549430 -0.00591704
v -0.00322888 -0.01455586 -0.00482613
v -0.00319562 -0.01457946 -0.00482613
v -0.00308997 -0.01490660 -0.00509886
v -0.00315633 -0.01489190 -0.00509886
v -0.00281548 -0.01545115 -0.00564431
v -0.00275751 -0.01516363 -0.00537159
v -0.00269513 -0.01542913 -0.00564431
v -0.00285112 -0.01518076 -0.00537159
v -0.00216184 -0.01549430 -0.00591704
v -0.00225310 -0.01522626 -0.00564431
v -0.00208118 -0.01543837 -0.00591704
v -0.00208118 -0.01543837 -0.00591704
v -0.00225310 -0.01522626 -0.00564431
v -0.00200436 -0.01537727 -0.00591704
v -0.00235545 -0.01529330 -0.00564431
v -0.00225310 -0.01522626 -0.00564431
v -0.00216184 -0.01549430 -0.00591704
v -0.00319562 -0.01457946 -0.00482613
v -0.00316017 -0.01459962 -0.00482613
v -0.00308997 -0.01490660 -0.00509886
v -0.00302247 -0.01491462 -0.00509886
v -0.00266608 -0.01513728 -0.00537159
v -0.00275751 -0.01516363 -0.00537159
v -0.00215793 -0.01514937 -0.00564431
v -0.00200436 -0.01537727 -0.00591704
v -0.00215793 -0.01514937 -0.00564431
v -0.00193169 -0.01531129 -0.00591704
v -0.00307977 -0.01432272 -0.00455341
v -0.00307046 -0.01433262 -0.00455341
v -0.00312289 -0.01461616 -0.00482613
v -0.00316017 -0.01459962 -0.00482613
v -0.00302247 -0.01491462 -0.00509886
v -0.00295451 -0.01491588 -0.00509886
v -0.00266608 -0.01513728 -0.00537159
v -0.00257772 -0.01510194 -0.00537159
v -0.00257756 -0.01539524 -0.00564431
v -0.00246396 -0.01534981 -0.00564431
v -0.00215793 -0.01514937 -0.00564431
v -0.00207089 -0.01506338 -0.00564431
v -0.00193169 -0.01531129 -0.00591704
v -0.00193169 -0.01531129 -0.00591704
v -0.00207089 -0.01506338 -0.00564431
v -0.00186349 -0.01524069 -0.00591704
v -0.00186349 -0.01524069 -0.00591704
v -0.00207089 -0.01506338 -0.00564431
v -0.00180006 -0.01516578 -0.00591704
v -0.00307046 -0.01433262 -0.00455341
v -0.00306021 -0.01434155 -0.00455341
v -0.00308415 -0.01462890 -0.00482613
v -0.00312289 -0.01461616 -0.00482613
v -0.00288676 -0.01491037 -0.00509886
v -0.00295451 -0.01491588 -0.00509886
v -0.00249332 -0.01505799 -0.00537159
v -0.00257772 -0.01510194 -0.00537159
v -0.00180006 -0.01516578 -0.00591704
v -0.00199285 -0.01496916 -0.00564431
v -0.00174166 -0.01508688 -0.00591704
v -0.00207089 -0.01506338 -0.00564431
v -0.00199285 -0.01496916 -0.00564431
v -0.00180006 -0.01516578 -0.00591704
v -0.00306021 -0.01434155 -0.00455341
v -0.00304912 -0.01434942 -0.00455341
v -0.00304433 -0.01463772 -0.00482613
v -0.00308415 -0.01462890 -0.00482613
v -0.00281990 -0.01489814 -0.00509886
v -0.00288676 -0.01491037 -0.00509886
v -0.00281990 -0.01489814 -0.00509886
v -0.00249332 -0.01505799 -0.00537159
v -0.00241371 -0.01500585 -0.00537159
v -0.00174166 -0.01508688 -0.00591704
v -0.00192458 -0.01486763 -0.00564431
v -0.00168855 -0.01500434 -0.00591704
v -0.00168855 -0.01500434 -0.00591704
v -0.00192458 -0.01486763 -0.00564431
v -0.00164095 -0.01491850 -0.00591704
v -0.00199285 -0.01496916 -0.00564431
v -0.00192458 -0.01486763 -0.00564431
v -0.00174166 -0.01508688 -0.00591704
v -0.00304912 -0.01434942 -0.00455341
v -0.00303730 -0.01435614 -0.00455341
v -0.00303730 -0.01435614 -0.00455341
v -0.00300383 -0.01464253 -0.00482613
v -0.00304433 -0.01463772 -0.00482613
v -0.00275459 -0.01487931 -0.00509886
v -0.00241371 -0.01500585 -0.00537159
v -0.00233970 -0.01494604 -0.00537159
v -0.00164095 -0.01491850 -0.00591704
v -0.00186675 -0.01475981 -0.00564431
v -0.00159907 -0.01482972 -0.00591704
v -0.00192458 -0.01486763 -0.00564431
v -0.00186675 -0.01475981 -0.00564431
v -0.00164095 -0.01491850 -0.00591704
v -0.00287197 -0.01414608 -0.00428068
v -0.00288128 -0.01413617 -0.00428068
v -0.00307977 -0.01432272 -0.00455341
v -0.00288128 -0.01413617 -0.00428068
v -0.00302488 -0.01436165 -0.00455341
v -0.00300383 -0.01464253 -0.00482613
v -0.00296305 -0.01464329 -0.00482613
v -0.00269148 -0.01485407 -0.00509886
v -0.00269148 -0.01485407 -0.00509886
v -0.00275459 -0.01487931 -0.00509886
v -0.00227200 -0.01487916 -0.00537159
v -0.00233970 -0.01494604 -0.00537159
v -0.00159907 -0.01482972 -0.00591704
v -0.00181995 -0.01464676 -0.00564431
v -0.00156308 -0.01473840 -0.00591704
v -0.00156308 -0.01473840 -0.00591704
v -0.00181995 -0.01464676 -0.00564431
v -0.00153314 -0.01464492 -0.00591704
v -0.00186675 -0.01475981 -0.00564431
v -0.00181995 -0.01464676 -0.00564431
v -0.00159907 -0.01482972 -0.00591704
v -0.00289153 -0.01412724 -0.00428068
v -0.00288128 -0.01413617 -0.00428068
v -0.00289153 -0.01412724 -0.00428068
v -0.00307046 -0.01433262 -0.00455341
v -0.00301196 -0.01436590 -0.00455341
v -0.00302488 -0.01436165 -0.00455341
v -0.00292241 -0.01463998 -0.00482613
v -0.00296305 -0.01464329 -0.00482613
v -0.00263119 -0.01482268 -0.00509886
v -0.00221130 -0.01480588 -0.00537159
v -0.00227200 -0.01487916 -0.00537159
v -0.00153314 -0.01464492 -0.00591704
v -0.00178464 -0.01452962 -0.00564431
v -0.00150938 -0.01454968 -0.00591704
v -0.00181995 -0.01464676 -0.00564431
v -0.00178464 -0.01452962 -0.00564431
v -0.00153314 -0.01464492 -0.00591704
v -0.00289153 -0.01412724 -0.00428068
v -0.00290262 -0.01411938 -0.00428068
v -0.00306021 -0.01434155 -0.00455341
v -0.00290262 -0.01411938 -0.00428068
v -0.00299869 -0.01436884 -0.00455341
v -0.00301196 -0.01436590 -0.00455341
v -0.00288229 -0.01463264 -0.00482613
v -0.00292241 -0.01463998 -0.00482613
v -0.00288229 -0.01463264 -0.00482613
v -0.00257433 -0.01478544 -0.00509886
v -0.00257433 -0.01478544 -0.00509886
v -0.00263119 -0.01482268 -0.00509886
v -0.00215820 -0.01472691 -0.00537159
v -0.00221130 -0.01480588 -0.00537159
v -0.00178464 -0.01452962 -0.00564431
v -0.00176116 -0.01440955 -0.00564431
v -0.00150938 -0.01454968 -0.00591704
v -0.00150938 -0.01454968 -0.00591704
v -0.00176116 -0.01440955 -0.00564431
v -0.00149190 -0.01445309 -0.00591704
v -0.00149190 -0.01445309 -0.00591704
v -0.00176116 -0.01440955 -0.00564431
v -0.00148077 -0.01435557 -0.00591704
v -0.00291444 -0.01411266 -0.00428068
v -0.00290262 -0.01411938 -0.00428068
v -0.00291444 -0.01411266 -0.00428068
v -0.00304912 -0.01434942 -0.00455341
v -0.00299869 -0.01436884 -0.00455341
v -0.00298519 -0.01437044 -0.00455341
v -0.00284310 -0.01462135 -0.00482613
v -0.00252146 -0.01474272 -0.00509886
v -0.00211322 -0.01464305 -0.00537159
v -0.00215820 -0.01472691 -0.00537159
v -0.00148077 -0.01435557 -0.00591704
v -0.00174976 -0.01428773 -0.00564431
v -0.00147605 -0.01425753 -0.00591704
v -0.00176116 -0.01440955 -0.00564431
v -0.00174976 -0.01428773 -0.00564431
v -0.00148077 -0.01435557 -0.00591704
v -0.00269211 -0.01393972 -0.00400795
v -0.00266418 -0.01396944 -0.00400795
v -0.00269211 -0.01393972 -0.00400795
v -0.00292686 -0.01410715 -0.00428068
v -0.00291444 -0.01411266 -0.00428068
v -0.00292686 -0.01410715 -0.00428068
v -0.00303730 -0.01435614 -0.00455341
v -0.00297160 -0.01437070 -0.00455341
v -0.00298519 -0.01437044 -0.00455341
v -0.00284310 -0.01462135 -0.00482613
v -0.00280523 -0.01460620 -0.00482613
v -0.00280523 -0.01460620 -0.00482613
v -0.00252146 -0.01474272 -0.00509886
v -0.00247310 -0.01469495 -0.00509886
v -0.00247310 -0.01469495 -0.00509886
v -0.00211322 -0.01464305 -0.00537159
v -0.00207682 -0.01455513 -0.00537159
v -0.00174976 -0.01428773 -0.00564431
v -0.00175054 -0.01416538 -0.00564431
v -0.00147605 -0.01425753 -0.00591704
v -0.00147605 -0.01425753 -0.00591704
v -0.00175054 -0.01416538 -0.00564431
v -0.00147775 -0.01415938 -0.00591704
v -0.00147775 -0.01415938 -0.00591704
v -0.00175054 -0.01416538 -0.00564431
v -0.00148586 -0.01406156 -0.00591704
v -0.00272286 -0.01391293 -0.00400795
v -0.00293978 -0.01410290 -0.00428068
v -0.00292686 -0.01410715 -0.00428068
v -0.00293978 -0.01410290 -0.00428068
v -0.00302488 -0.01436165 -0.00455341
v -0.00297160 -0.01437070 -0.00455341
v -0.00295805 -0.01436959 -0.00455341
v -0.00276906 -0.01458737 -0.00482613
v -0.00242975 -0.01464260 -0.00509886
v -0.00207682 -0.01455513 -0.00537159
v -0.00204935 -0.01446402 -0.00537159
v -0.00175054 -0.01416538 -0.00564431
v -0.00176350 -0.01404372 -0.00564431
v -0.00148586 -0.01406156 -0.00591704
v -0.00148586 -0.01406156 -0.00591704
v -0.00176350 -0.01404372 -0.00564431
v -0.00150035 -0.01396448 -0.00591704
v -0.00272286 -0.01391293 -0.00400795
v -0.00275612 -0.01388934 -0.00400795
v -0.00295305 -0.01409996 -0.00428068
v -0.00293978 -0.01410290 -0.00428068
v -0.00295305 -0.01409996 -0.00428068
v -0.00301196 -0.01436590 -0.00455341
v -0.00295805 -0.01436959 -0.00455341
v -0.00294468 -0.01436715 -0.00455341
v -0.00273495 -0.01456502 -0.00482613
v -0.00276906 -0.01458737 -0.00482613
v -0.00242975 -0.01464260 -0.00509886
v -0.00239182 -0.01458619 -0.00509886
v -0.00204935 -0.01446402 -0.00537159
v -0.00203110 -0.01437062 -0.00537159
v -0.00203110 -0.01437062 -0.00537159
v -0.00150035 -0.01396448 -0.00591704
v -0.00178851 -0.01392396 -0.00564431
v -0.00152117 -0.01386856 -0.00591704
v -0.00152117 -0.01386856 -0.00591704
v -0.00178851 -0.01392396 -0.00564431
v -0.00154821 -0.01377420 -0.00591704
v -0.00176350 -0.01404372 -0.00564431
v -0.00178851 -0.01392396 -0.00564431
v -0.00150035 -0.01396448 -0.00591704
v -0.00275612 -0.01388934 -0.00400795
v -0.00279157 -0.01386917 -0.00400795
v -0.00296655 -0.01409835 -0.00428068
v -0.00295305 -0.01409996 -0.00428068
v -0.00296655 -0.01409835 -0.00428068
v -0.00299869 -0.01436884 -0.00455341
v -0.00294468 -0.01436715 -0.00455341
v -0.00293161 -0.01436338 -0.00455341
v -0.00273495 -0.01456502 -0.00482613
v -0.00270322 -0.01453939 -0.00482613
v -0.00235969 -0.01452629 -0.00509886
v -0.00239182 -0.01458619 -0.00509886
v -0.00202223 -0.01427588 -0.00537159
v -0.00178851 -0.01392396 -0.00564431
v -0.00182532 -0.01380728 -0.00564431
v -0.00154821 -0.01377420 -0.00591704
v -0.00154821 -0.01377420 -0.00591704
v -0.00182532 -0.01380728 -0.00564431
v -0.00158137 -0.01368181 -0.00591704
v -0.00245638 -0.01379280 -0.00373522
v -0.00250293 -0.01374327 -0.00373522
v -0.00279157 -0.01386917 -0.00400795
v -0.00282885 -0.01385264 -0.00400795
v -0.00298014 -0.01409810 -0.00428068
v -0.00296655 -0.01409835 -0.00428068
v -0.00298014 -0.01409810 -0.00428068
v -0.00298519 -0.01437044 -0.00455341
v -0.00293161 -0.01436338 -0.00455341
v -0.00291899 -0.01435833 -0.00455341
v -0.00270322 -0.01453939 -0.00482613
v -0.00267421 -0.01451073 -0.00482613
v -0.00235969 -0.01452629 -0.00509886
v -0.00233369 -0.01446349 -0.00509886
v -0.00202223 -0.01427588 -0.00537159
v -0.00202283 -0.01418072 -0.00537159
v -0.00182532 -0.01380728 -0.00564431
v -0.00187357 -0.01369484 -0.00564431
v -0.00158137 -0.01368181 -0.00591704
v -0.00162049 -0.01359179 -0.00591704
v -0.00162049 -0.01359179 -0.00591704
v -0.00187357 -0.01369484 -0.00564431
v -0.00166542 -0.01350452 -0.00591704
v -0.00250293 -0.01374327 -0.00373522
v -0.00255418 -0.01369862 -0.00373522
v -0.00286759 -0.01383990 -0.00400795
v -0.00282885 -0.01385264 -0.00400795
v -0.00299369 -0.01409921 -0.00428068
v -0.00298014 -0.01409810 -0.00428068
v -0.00299369 -0.01409921 -0.00428068
v -0.00297160 -0.01437070 -0.00455341
v -0.00290693 -0.01435205 -0.00455341
v -0.00291899 -0.01435833 -0.00455341
v -0.00267421 -0.01451073 -0.00482613
v -0.00264820 -0.01447932 -0.00482613
v -0.00231407 -0.01439841 -0.00509886
v -0.00233369 -0.01446349 -0.00509886
v -0.00203292 -0.01408610 -0.00537159
v -0.00202283 -0.01418072 -0.00537159
v -0.00187357 -0.01369484 -0.00564431
v -0.00193277 -0.01358777 -0.00564431
v -0.00166542 -0.01350452 -0.00591704
v -0.00166542 -0.01350452 -0.00591704
v -0.00193277 -0.01358777 -0.00564431
v -0.00171597 -0.01342037 -0.00591704
v -0.00255418 -0.01369862 -0.00373522
v -0.00260962 -0.01365930 -0.00373522
v -0.00286759 -0.01383990 -0.00400795
v -0.00290741 -0.01383108 -0.00400795
v -0.00300706 -0.01410165 -0.00428068
v -0.00300706 -0.01410165 -0.00428068
v -0.00299369 -0.01409921 -0.00428068
v -0.00300706 -0.01410165 -0.00428068
v -0.00295805 -0.01436959 -0.00455341
v -0.00289556 -0.01434461 -0.00455341
v -0.00290693 -0.01435205 -0.00455341
v -0.00264820 -0.01447932 -0.00482613
v -0.00262544 -0.01444548 -0.00482613
v -0.00230103 -0.01433170 -0.00509886
v -0.00231407 -0.01439841 -0.00509886
v -0.00230103 -0.01433170 -0.00509886
v -0.00205237 -0.01399294 -0.00537159
v -0.00203292 -0.01408610 -0.00537159
v -0.00171597 -0.01342037 -0.00591704
v -0.00200233 -0.01348712 -0.00564431
v -0.00177190 -0.01333971 -0.00591704
v -0.00177190 -0.01333971 -0.00591704
v -0.00200233 -0.01348712 -0.00564431
v -0.00183300 -0.01326289 -0.00591704
v -0.00193277 -0.01358777 -0.00564431
v -0.00266871 -0.01362569 -0.00373522
v -0.00260962 -0.01365930 -0.00373522
v -0.00294791 -0.01382627 -0.00400795
v -0.00290741 -0.01383108 -0.00400795
v -0.00300706 -0.01410165 -0.00428068
v -0.00302013 -0.01410542 -0.00428068
v -0.00293161 -0.01436338 -0.00455341
v -0.00288499 -0.01433606 -0.00455341
v -0.00289556 -0.01434461 -0.00455341
v -0.00260616 -0.01440954 -0.00482613
v -0.00262544 -0.01444548 -0.00482613
v -0.00229470 -0.01426403 -0.00509886
v -0.00205237 -0.01399294 -0.00537159
v -0.00208100 -0.01390219 -0.00537159
v -0.00200233 -0.01348712 -0.00564431
v -0.00208158 -0.01339390 -0.00564431
v -0.00183300 -0.01326289 -0.00591704
v -0.00183300 -0.01326289 -0.00591704
v -0.00208158 -0.01339390 -0.00564431
v -0.00189898 -0.01319022 -0.00591704
v -0.00189898 -0.01319022 -0.00591704
v -0.00208158 -0.01339390 -0.00564431
v -0.00196958 -0.01312202 -0.00591704
v -0.00224859 -0.01361616 -0.00346250
v -0.00231376 -0.01354682 -0.00346250
v -0.00231376 -0.01354682 -0.00346250
v -0.00273084 -0.01359813 -0.00373522
v -0.00266871 -0.01362569 -0.00373522
v -0.00294791 -0.01382627 -0.00400795
v -0.00298869 -0.01382551 -0.00400795
v -0.00298869 -0.01382551 -0.00400795
v -0.00302013 -0.01410542 -0.00428068
v -0.00303275 -0.01411046 -0.00428068
v -0.00293161 -0.01436338 -0.00455341
v -0.00303275 -0.01411046 -0.00428068
v -0.00288499 -0.01433606 -0.00455341
v -0.00287532 -0.01432651 -0.00455341
v -0.00287532 -0.01432651 -0.00455341
v -0.00259056 -0.01437185 -0.00482613
v -0.00260616 -0.01440954 -0.00482613
v -0.00229470 -0.01426403 -0.00509886
v -0.00229513 -0.01419606 -0.00509886
v -0.00208100 -0.01390219 -0.00537159
v -0.00211852 -0.01381474 -0.00537159
v -0.00196958 -0.01312202 -0.00591704
v -0.00216970 -0.01330904 -0.00564431
v -0.00204449 -0.01305859 -0.00591704
v -0.00216970 -0.01330904 -0.00564431
v -0.00238551 -0.01348431 -0.00346250
v -0.00238551 -0.01348431 -0.00346250
v -0.00273084 -0.01359813 -0.00373522
v -0.00279541 -0.01357690 -0.00373522
v -0.00302933 -0.01382882 -0.00400795
v -0.00303275 -0.01411046 -0.00428068
v -0.00304481 -0.01411674 -0.00428068
v -0.00291899 -0.01435833 -0.00455341
v -0.00304481 -0.01411674 -0.00428068
v -0.00286665 -0.01431604 -0.00455341
v -0.00259056 -0.01437185 -0.00482613
v -0.00257879 -0.01433281 -0.00482613
v -0.00229513 -0.01419606 -0.00509886
v -0.00230233 -0.01412847 -0.00509886
v -0.00216457 -0.01373146 -0.00537159
v -0.00211852 -0.01381474 -0.00537159
v -0.00216970 -0.01330904 -0.00564431
v -0.00226585 -0.01323337 -0.00564431
v -0.00204449 -0.01305859 -0.00591704
v -0.00204449 -0.01305859 -0.00591704
v -0.00226585 -0.01323337 -0.00564431
v -0.00212338 -0.01300019 -0.00591704
v -0.00212338 -0.01300019 -0.00591704
v -0.00226585 -0.01323337 -0.00564431
v -0.00220593 -0.01294708 -0.00591704
v -0.00246313 -0.01342926 -0.00346250
v -0.00286177 -0.01356220 -0.00373522
v -0.00279541 -0.01357690 -0.00373522
v -0.00302933 -0.01382882 -0.00400795
v -0.00306945 -0.01383616 -0.00400795
v -0.00304481 -0.01411674 -0.00428068
v -0.00305618 -0.01412419 -0.00428068
v -0.00290693 -0.01435205 -0.00455341
v -0.00305618 -0.01412419 -0.00428068
v -0.00285906 -0.01430476 -0.00455341
v -0.00286665 -0.01431604 -0.00455341
v -0.00257097 -0.01429278 -0.00482613
v -0.00257097 -0.01429278 -0.00482613
v -0.00257879 -0.01433281 -0.00482613
v -0.00231623 -0.01406193 -0.00509886
v -0.00230233 -0.01412847 -0.00509886
v -0.00221867 -0.01365318 -0.00537159
v -0.00216457 -0.01373146 -0.00537159
v -0.00220593 -0.01294708 -0.00591704
v -0.00236905 -0.01316765 -0.00564431
v -0.00229177 -0.01289948 -0.00591704
v -0.00226585 -0.01323337 -0.00564431
v -0.00236905 -0.01316765 -0.00564431
v -0.00220593 -0.01294708 -0.00591704
v -0.00246313 -0.01342926 -0.00346250
v -0.00254584 -0.01338221 -0.00346250
v -0.00254584 -0.01338221 -0.00346250
v -0.00286177 -0.01356220 -0.00373522
v -0.00292927 -0.01355418 -0.00373522
v -0.00310864 -0.01384745 -0.00400795
v -0.00306945 -0.01383616 -0.00400795
v -0.00305618 -0.01412419 -0.00428068
v -0.00306675 -0.01413274 -0.00428068
v -0.00289556 -0.01434461 -0.00455341
v -0.00306675 -0.01413274 -0.00428068
v -0.00285263 -0.01429278 -0.00455341
v -0.00285906 -0.01430476 -0.00455341
v -0.00256717 -0.01425218 -0.00482613
v -0.00231623 -0.01406193 -0.00509886
v -0.00233668 -0.01399711 -0.00509886
v -0.00228031 -0.01358068 -0.00537159
v -0.00228031 -0.01358068 -0.00537159
v -0.00221867 -0.01365318 -0.00537159
v -0.00204079 -0.01343952 -0.00318977
v -0.00212458 -0.01335037 -0.00318977
v -0.00197111 -0.01312064 -0.00291704
v -0.00212458 -0.01335037 -0.00318977
v -0.00202348 -0.01342480 -0.00316704
v -0.00236905 -0.01316765 -0.00564431
v -0.00247828 -0.01311253 -0.00564431
v -0.00229177 -0.01289948 -0.00591704
v -0.00229177 -0.01289948 -0.00591704
v -0.00247828 -0.01311253 -0.00564431
v -0.00238055 -0.01285759 -0.00591704
v -0.00238055 -0.01285759 -0.00591704
v -0.00247828 -0.01311253 -0.00564431
v -0.00247187 -0.01282161 -0.00591704
v -0.00263283 -0.01334363 -0.00346250
v -0.00299723 -0.01355292 -0.00373522
v -0.00292927 -0.01355418 -0.00373522
v -0.00314651 -0.01386259 -0.00400795
v -0.00314651 -0.01386259 -0.00400795
v -0.00310864 -0.01384745 -0.00400795
v -0.00307642 -0.01414229 -0.00428068
v -0.00306675 -0.01413274 -0.00428068
v -0.00307642 -0.01414229 -0.00428068
v -0.00288499 -0.01433606 -0.00455341
v -0.00285263 -0.01429278 -0.00455341
v -0.00284743 -0.01428022 -0.00455341
v -0.00256717 -0.01425218 -0.00482613
v -0.00256743 -0.01421139 -0.00482613
v -0.00233668 -0.01399711 -0.00509886
v -0.00236348 -0.01393464 -0.00509886
v -0.00234885 -0.01351467 -0.00537159
v -0.00212679 -0.01299785 -0.00291704
v -0.00221683 -0.01327000 -0.00318977
v -0.00204692 -0.01305667 -0.00291704
v -0.00204692 -0.01305667 -0.00291704
v -0.00221683 -0.01327000 -0.00318977
v -0.00197111 -0.01312064 -0.00291704
v -0.00197111 -0.01312064 -0.00291704
v -0.00221683 -0.01327000 -0.00318977
v -0.00212458 -0.01335037 -0.00318977
v -0.00247187 -0.01282161 -0.00591704
v -0.00259245 -0.01306856 -0.00564431
v -0.00256535 -0.01279167 -0.00591704
v -0.00247828 -0.01311253 -0.00564431
v -0.00259245 -0.01306856 -0.00564431
v -0.00247187 -0.01282161 -0.00591704
v -0.00263283 -0.01334363 -0.00346250
v -0.00272322 -0.01331390 -0.00346250
v -0.00299723 -0.01355292 -0.00373522
v -0.00306498 -0.01355843 -0.00373522
v -0.00318268 -0.01388143 -0.00400795
v -0.00307642 -0.01414229 -0.00428068
v -0.00308509 -0.01415276 -0.00428068
v -0.00287532 -0.01432651 -0.00455341
v -0.00308509 -0.01415276 -0.00428068
v -0.00284351 -0.01426720 -0.00455341
v -0.00284743 -0.01428022 -0.00455341
v -0.00256743 -0.01421139 -0.00482613
v -0.00257175 -0.01417084 -0.00482613
v -0.00239637 -0.01387516 -0.00509886
v -0.00236348 -0.01393464 -0.00509886
v -0.00216970 -0.01330904 -0.00564431
v -0.00242363 -0.01345582 -0.00537159
v -0.00226585 -0.01323337 -0.00564431
v -0.00234885 -0.01351467 -0.00537159
v -0.00221037 -0.01294443 -0.00291704
v -0.00231663 -0.01319922 -0.00318977
v -0.00212679 -0.01299785 -0.00291704
v -0.00221683 -0.01327000 -0.00318977
v -0.00231663 -0.01319922 -0.00318977
v -0.00212679 -0.01299785 -0.00291704
v -0.00259245 -0.01306856 -0.00564431
v -0.00271044 -0.01303617 -0.00564431
v -0.00256535 -0.01279167 -0.00591704
v -0.00256535 -0.01279167 -0.00591704
v -0.00271044 -0.01303617 -0.00564431
v -0.00266059 -0.01276791 -0.00591704
v -0.00266059 -0.01276791 -0.00591704
v -0.00271044 -0.01303617 -0.00564431
v -0.00275717 -0.01275043 -0.00591704
v -0.00272322 -0.01331390 -0.00346250
v -0.00281613 -0.01329331 -0.00346250
v -0.00313184 -0.01357066 -0.00373522
v -0.00306498 -0.01355843 -0.00373522
v -0.00318268 -0.01388143 -0.00400795
v -0.00321679 -0.01390378 -0.00400795
v -0.00308509 -0.01415276 -0.00428068
v -0.00309268 -0.01416404 -0.00428068
v -0.00286665 -0.01431604 -0.00455341
v -0.00309268 -0.01416404 -0.00428068
v -0.00284090 -0.01425386 -0.00455341
v -0.00284351 -0.01426720 -0.00455341
v -0.00258008 -0.01413092 -0.00482613
v -0.00257175 -0.01417084 -0.00482613
v -0.00239637 -0.01387516 -0.00509886
v -0.00243502 -0.01381925 -0.00509886
v -0.00243502 -0.01381925 -0.00509886
v -0.00250390 -0.01340470 -0.00537159
v -0.00242363 -0.01345582 -0.00537159
v -0.00238719 -0.01285474 -0.00291704
v -0.00242297 -0.01313872 -0.00318977
v -0.00229730 -0.01289666 -0.00291704
v -0.00229730 -0.01289666 -0.00291704
v -0.00242297 -0.01313872 -0.00318977
v -0.00221037 -0.01294443 -0.00291704
v -0.00242297 -0.01313872 -0.00318977
v -0.00231663 -0.01319922 -0.00318977
v -0.00221037 -0.01294443 -0.00291704
v -0.00242297 -0.01313872 -0.00318977
v -0.00231663 -0.01319922 -0.00318977
v -0.00275717 -0.01275043 -0.00591704
v -0.00283106 -0.01301570 -0.00564431
v -0.00285470 -0.01273930 -0.00591704
v -0.00271044 -0.01303617 -0.00564431
v -0.00283106 -0.01301570 -0.00564431
v -0.00275717 -0.01275043 -0.00591704
v -0.00291063 -0.01328209 -0.00346250
v -0.00291063 -0.01328209 -0.00346250
v -0.00281613 -0.01329331 -0.00346250
v -0.00319715 -0.01358949 -0.00373522
v -0.00313184 -0.01357066 -0.00373522
v -0.00321679 -0.01390378 -0.00400795
v -0.00324852 -0.01392941 -0.00400795
v -0.00309268 -0.01416404 -0.00428068
v -0.00309911 -0.01417602 -0.00428068
v -0.00285906 -0.01430476 -0.00455341
v -0.00309911 -0.01417602 -0.00428068
v -0.00283963 -0.01424032 -0.00455341
v -0.00283963 -0.01424032 -0.00455341
v -0.00284090 -0.01425386 -0.00455341
v -0.00259235 -0.01409202 -0.00482613
v -0.00259235 -0.01409202 -0.00482613
v -0.00258008 -0.01413092 -0.00482613
v -0.00247904 -0.01376746 -0.00509886
v -0.00258885 -0.01336183 -0.00537159
v -0.00250390 -0.01340470 -0.00537159
v -0.00253482 -0.01308912 -0.00318977
v -0.00242297 -0.01313872 -0.00318977
v -0.00253482 -0.01308912 -0.00318977
v -0.00238719 -0.01285474 -0.00291704
v -0.00253482 -0.01308912 -0.00318977
v -0.00242297 -0.01313872 -0.00318977
v -0.00247966 -0.01281885 -0.00291704
v -0.00253482 -0.01308912 -0.00318977
v -0.00238719 -0.01285474 -0.00291704
v -0.00283106 -0.01301570 -0.00564431
v -0.00295312 -0.01300734 -0.00564431
v -0.00285470 -0.01273930 -0.00591704
v -0.00285470 -0.01273930 -0.00591704
v -0.00295312 -0.01300734 -0.00564431
v -0.00295274 -0.01273458 -0.00591704
v -0.00295274 -0.01273458 -0.00591704
v -0.00295312 -0.01300734 -0.00564431
v -0.00305089 -0.01273628 -0.00591704
v -0.00300577 -0.01328032 -0.00346250
v -0.00300577 -0.01328032 -0.00346250
v -0.00326026 -0.01361473 -0.00373522
v -0.00319715 -0.01358949 -0.00373522
v -0.00324852 -0.01392941 -0.00400795
v -0.00327753 -0.01395807 -0.00400795
v -0.00327753 -0.01395807 -0.00400795
v -0.00309911 -0.01417602 -0.00428068
v -0.00310431 -0.01418858 -0.00428068
v -0.00285263 -0.01429278 -0.00455341
v -0.00310431 -0.01418858 -0.00428068
v -0.00283972 -0.01422673 -0.00455341
v -0.00283972 -0.01422673 -0.00455341
v -0.00260843 -0.01405455 -0.00482613
v -0.00247904 -0.01376746 -0.00509886
v -0.00252800 -0.01372031 -0.00509886
v -0.00267766 -0.01332763 -0.00537159
v -0.00258885 -0.01336183 -0.00537159
v -0.00265104 -0.01305089 -0.00318977
v -0.00247966 -0.01281885 -0.00291704
v -0.00267070 -0.01276577 -0.00291704
v -0.00265104 -0.01305089 -0.00318977
v -0.00257430 -0.01278915 -0.00291704
v -0.00257430 -0.01278915 -0.00291704
v -0.00265104 -0.01305089 -0.00318977
v -0.00247966 -0.01281885 -0.00291704
v -0.00295312 -0.01300734 -0.00564431
v -0.00307541 -0.01301117 -0.00564431
v -0.00305089 -0.01273628 -0.00591704
v -0.00305089 -0.01273628 -0.00591704
v -0.00307541 -0.01301117 -0.00564431
v -0.00314871 -0.01274439 -0.00591704
v -0.00310062 -0.01328804 -0.00346250
v -0.00326026 -0.01361473 -0.00373522
v -0.00332055 -0.01364612 -0.00373522
v -0.00330354 -0.01398948 -0.00400795
v -0.00310823 -0.01420160 -0.00428068
v -0.00310431 -0.01418858 -0.00428068
v -0.00310823 -0.01420160 -0.00428068
v -0.00284743 -0.01428022 -0.00455341
v -0.00284116 -0.01421321 -0.00455341
v -0.00262817 -0.01401886 -0.00482613
v -0.00260843 -0.01405455 -0.00482613
v -0.00258141 -0.01367827 -0.00509886
v -0.00252800 -0.01372031 -0.00509886
v -0.00267766 -0.01332763 -0.00537159
v -0.00276942 -0.01330245 -0.00537159
v -0.00267070 -0.01276577 -0.00291704
v -0.00277049 -0.01302443 -0.00318977
v -0.00265104 -0.01305089 -0.00318977
v -0.00276843 -0.01274881 -0.00291704
v -0.00277049 -0.01302443 -0.00318977
v -0.00267070 -0.01276577 -0.00291704
v -0.00314871 -0.01274439 -0.00591704
v -0.00319671 -0.01302716 -0.00564431
v -0.00324579 -0.01275888 -0.00591704
v -0.00324579 -0.01275888 -0.00591704
v -0.00319671 -0.01302716 -0.00564431
v -0.00334171 -0.01277970 -0.00591704
v -0.00307541 -0.01301117 -0.00564431
v -0.00319671 -0.01302716 -0.00564431
v -0.00314871 -0.01274439 -0.00591704
v -0.00319423 -0.01330516 -0.00346250
v -0.00310062 -0.01328804 -0.00346250
v -0.00337741 -0.01368336 -0.00373522
v -0.00337741 -0.01368336 -0.00373522
v -0.00332055 -0.01364612 -0.00373522
v -0.00332630 -0.01402332 -0.00400795
v -0.00330354 -0.01398948 -0.00400795
v -0.00311084 -0.01421494 -0.00428068
v -0.00311084 -0.01421494 -0.00428068
v -0.00310823 -0.01420160 -0.00428068
v -0.00311084 -0.01421494 -0.00428068
v -0.00284351 -0.01426720 -0.00455341
v -0.00284394 -0.01419991 -0.00455341
v -0.00284116 -0.01421321 -0.00455341
v -0.00265136 -0.01398531 -0.00482613
v -0.00262817 -0.01401886 -0.00482613
v -0.00263875 -0.01364176 -0.00509886
v -0.00263875 -0.01364176 -0.00509886
v -0.00258141 -0.01367827 -0.00509886
v -0.00286324 -0.01328652 -0.00537159
v -0.00276942 -0.01330245 -0.00537159
v -0.00289199 -0.01301000 -0.00318977
v -0.00276843 -0.01274881 -0.00291704
v -0.00277049 -0.01302443 -0.00318977
v -0.00296618 -0.01273443 -0.00291704
v -0.00289199 -0.01301000 -0.00318977
v -0.00286706 -0.01273835 -0.00291704
v -0.00286706 -0.01273835 -0.00291704
v -0.00289199 -0.01301000 -0.00318977
v -0.00276843 -0.01274881 -0.00291704
v -0.00319671 -0.01302716 -0.00564431
v -0.00331582 -0.01305515 -0.00564431
v -0.00334171 -0.01277970 -0.00591704
v -0.00334171 -0.01277970 -0.00591704
v -0.00331582 -0.01305515 -0.00564431
v -0.00343607 -0.01280674 -0.00591704
v -0.00319423 -0.01330516 -0.00346250
v -0.00328566 -0.01333152 -0.00346250
v -0.00328566 -0.01333152 -0.00346250
v -0.00343028 -0.01372608 -0.00373522
v -0.00332630 -0.01402332 -0.00400795
v -0.00334558 -0.01405926 -0.00400795
v -0.00334558 -0.01405926 -0.00400795
v -0.00311084 -0.01421494 -0.00428068
v -0.00311210 -0.01422847 -0.00428068
v -0.00283963 -0.01424032 -0.00455341
v -0.00284394 -0.01419991 -0.00455341
v -0.00284803 -0.01418694 -0.00455341
v -0.00265136 -0.01398531 -0.00482613
v -0.00267777 -0.01395423 -0.00482613
v -0.00269943 -0.01361114 -0.00509886
v -0.00283106 -0.01301570 -0.00564431
v -0.00295818 -0.01328002 -0.00537159
v -0.00295312 -0.01300734 -0.00564431
v -0.00286324 -0.01328652 -0.00537159
v -0.00289199 -0.01301000 -0.00318977
v -0.00301432 -0.01300773 -0.00318977
v -0.00296618 -0.01273443 -0.00291704
v -0.00306533 -0.01273707 -0.00291704
v -0.00301432 -0.01300773 -0.00318977
v -0.00296618 -0.01273443 -0.00291704
v -0.00331582 -0.01305515 -0.00564431
v -0.00343154 -0.01309486 -0.00564431
v -0.00343607 -0.01280674 -0.00591704
v -0.00343607 -0.01280674 -0.00591704
v -0.00343154 -0.01309486 -0.00564431
v -0.00352846 -0.01283989 -0.00591704
v -0.00352846 -0.01283989 -0.00591704
v -0.00343154 -0.01309486 -0.00564431
v -0.00361848 -0.01287902 -0.00591704
v -0.00337402 -0.01336685 -0.00346250
v -0.00343028 -0.01372608 -0.00373522
v -0.00347864 -0.01377385 -0.00373522
v -0.00336118 -0.01409694 -0.00400795
v -0.00311210 -0.01422847 -0.00428068
v -0.00311202 -0.01424207 -0.00428068
v -0.00283963 -0.01424032 -0.00455341
v -0.00311202 -0.01424207 -0.00428068
v -0.00285339 -0.01417445 -0.00455341
v -0.00284803 -0.01418694 -0.00455341
v -0.00267777 -0.01395423 -0.00482613
v -0.00270715 -0.01392595 -0.00482613
v -0.00276286 -0.01358671 -0.00509886
v -0.00269943 -0.01361114 -0.00509886
v -0.00276286 -0.01358671 -0.00509886
v -0.00295818 -0.01328002 -0.00537159
v -0.00305329 -0.01328300 -0.00537159
v -0.00305329 -0.01328300 -0.00537159
v -0.00301432 -0.01300773 -0.00318977
v -0.00313626 -0.01301765 -0.00318977
v -0.00326204 -0.01276195 -0.00291704
v -0.00313626 -0.01301765 -0.00318977
v -0.00316410 -0.01274626 -0.00291704
v -0.00316410 -0.01274626 -0.00291704
v -0.00313626 -0.01301765 -0.00318977
v -0.00306533 -0.01273707 -0.00291704
v -0.00306533 -0.01273707 -0.00291704
v -0.00313626 -0.01301765 -0.00318977
v -0.00301432 -0.01300773 -0.00318977
v -0.00343154 -0.01309486 -0.00564431
v -0.00354274 -0.01314589 -0.00564431
v -0.00361848 -0.01287902 -0.00591704
v -0.00361848 -0.01287902 -0.00591704
v -0.00354274 -0.01314589 -0.00564431
v -0.00370575 -0.01292395 -0.00591704
v -0.00337402 -0.01336685 -0.00346250
v -0.00345842 -0.01341081 -0.00346250
v -0.00347864 -0.01377385 -0.00373522
v -0.00352199 -0.01382620 -0.00373522
v -0.00336118 -0.01409694 -0.00400795
v -0.00337295 -0.01413599 -0.00400795
v -0.00311202 -0.01424207 -0.00428068
v -0.00311058 -0.01425559 -0.00428068
v -0.00283972 -0.01422673 -0.00455341
v -0.00311058 -0.01425559 -0.00428068
v -0.00285339 -0.01417445 -0.00455341
v -0.00285997 -0.01416255 -0.00455341
v -0.00273920 -0.01390072 -0.00482613
v -0.00270715 -0.01392595 -0.00482613
v -0.00282841 -0.01356872 -0.00509886
v -0.00314764 -0.01329543 -0.00537159
v -0.00326204 -0.01276195 -0.00291704
v -0.00325661 -0.01303967 -0.00318977
v -0.00313626 -0.01301765 -0.00318977
v -0.00325661 -0.01303967 -0.00318977
v -0.00335873 -0.01278408 -0.00291704
v -0.00325661 -0.01303967 -0.00318977
v -0.00326204 -0.01276195 -0.00291704
v -0.00313626 -0.01301765 -0.00318977
v -0.00354274 -0.01314589 -0.00564431
v -0.00364831 -0.01320774 -0.00564431
v -0.00370575 -0.01292395 -0.00591704
v -0.00378990 -0.01297449 -0.00591704
v -0.00378990 -0.01297449 -0.00591704
v -0.00364831 -0.01320774 -0.00564431
v -0.00387056 -0.01303043 -0.00591704
v -0.00353803 -0.01346295 -0.00346250
v -0.00353803 -0.01346295 -0.00346250
v -0.00345842 -0.01341081 -0.00346250
v -0.00352199 -0.01382620 -0.00373522
v -0.00355992 -0.01388260 -0.00373522
v -0.00337295 -0.01413599 -0.00400795
v -0.00338077 -0.01417602 -0.00400795
v -0.00311058 -0.01425559 -0.00428068
v -0.00310780 -0.01426889 -0.00428068
v -0.00284116 -0.01421321 -0.00455341
v -0.00310780 -0.01426889 -0.00428068
v -0.00286770 -0.01415137 -0.00455341
v -0.00286770 -0.01415137 -0.00455341
v -0.00285997 -0.01416255 -0.00455341
v -0.00277360 -0.01387881 -0.00482613
v -0.00273920 -0.01390072 -0.00482613
v -0.00289542 -0.01355734 -0.00509886
v -0.00282841 -0.01356872 -0.00509886
v -0.00289542 -0.01355734 -0.00509886
v -0.00324027 -0.01331720 -0.00537159
v -0.00314764 -0.01329543 -0.00537159
v -0.00337418 -0.01307356 -0.00318977
v -0.00335873 -0.01278408 -0.00291704
v -0.00325661 -0.01303967 -0.00318977
v -0.00354667 -0.01284725 -0.00291704
v -0.00337418 -0.01307356 -0.00318977
v -0.00345374 -0.01281256 -0.00291704
v -0.00345374 -0.01281256 -0.00291704
v -0.00364831 -0.01320774 -0.00564431
v -0.00374719 -0.01327979 -0.00564431
v -0.00387056 -0.01303043 -0.00591704
v -0.00387056 -0.01303043 -0.00591704
v -0.00374719 -0.01327979 -0.00564431
v -0.00394738 -0.01309153 -0.00591704
v -0.00361205 -0.01352275 -0.00346250
v -0.00355992 -0.01388260 -0.00373522
v -0.00359205 -0.01394251 -0.00373522
v -0.00338458 -0.01421662 -0.00400795
v -0.00338077 -0.01417602 -0.00400795
v -0.00310780 -0.01426889 -0.00428068
v -0.00310371 -0.01428186 -0.00428068
v -0.00284394 -0.01419991 -0.00455341
v -0.00310371 -0.01428186 -0.00428068
v -0.00287650 -0.01414101 -0.00455341
v -0.00281001 -0.01386044 -0.00482613
v -0.00277360 -0.01387881 -0.00482613
v -0.00296323 -0.01355270 -0.00509886
v -0.00333028 -0.01334809 -0.00537159
v -0.00324027 -0.01331720 -0.00537159
v -0.00343154 -0.01309486 -0.00564431
v -0.00333028 -0.01334809 -0.00537159
v -0.00354274 -0.01314589 -0.00564431
v -0.00337418 -0.01307356 -0.00318977
v -0.00348778 -0.01311899 -0.00318977
v -0.00354667 -0.01284725 -0.00291704
v -0.00348778 -0.01311899 -0.00318977
v -0.00337418 -0.01307356 -0.00318977
v -0.00363710 -0.01288800 -0.00291704
v -0.00348778 -0.01311899 -0.00318977
v -0.00354667 -0.01284725 -0.00291704
v -0.00374719 -0.01327979 -0.00564431
v -0.00383840 -0.01336134 -0.00564431
v -0.00394738 -0.01309153 -0.00591704
v -0.00394738 -0.01309153 -0.00591704
v -0.00383840 -0.01336134 -0.00564431
v -0.00402005 -0.01315751 -0.00591704
v -0.00402005 -0.01315751 -0.00591704
v -0.00383840 -0.01336134 -0.00564431
v -0.00408825 -0.01322811 -0.00591704
v -0.00367974 -0.01358963 -0.00346250
v -0.00361205 -0.01352275 -0.00346250
v -0.00367974 -0.01358963 -0.00346250
v -0.00359205 -0.01394251 -0.00373522
v -0.00361805 -0.01400531 -0.00373522
v -0.00338431 -0.01425740 -0.00400795
v -0.00338458 -0.01421662 -0.00400795
v -0.00309835 -0.01429435 -0.00428068
v -0.00310371 -0.01428186 -0.00428068
v -0.00309835 -0.01429435 -0.00428068
v -0.00284803 -0.01418694 -0.00455341
v -0.00288630 -0.01413158 -0.00455341
v -0.00287650 -0.01414101 -0.00455341
v -0.00288630 -0.01413158 -0.00455341
v -0.00284806 -0.01384579 -0.00482613
v -0.00281001 -0.01386044 -0.00482613
v -0.00296323 -0.01355270 -0.00509886
v -0.00303117 -0.01355483 -0.00509886
v -0.00303117 -0.01355483 -0.00509886
v -0.00341677 -0.01338778 -0.00537159
v -0.00363710 -0.01288800 -0.00291704
v -0.00359629 -0.01317550 -0.00318977
v -0.00348778 -0.01311899 -0.00318977
v -0.00380890 -0.01298698 -0.00291704
v -0.00359629 -0.01317550 -0.00318977
v -0.00372464 -0.01293465 -0.00291704
v -0.00372464 -0.01293465 -0.00291704
v -0.00359629 -0.01317550 -0.00318977
v -0.00363710 -0.01288800 -0.00291704
v -0.00383840 -0.01336134 -0.00564431
v -0.00392104 -0.01345156 -0.00564431
v -0.00408825 -0.01322811 -0.00591704
v -0.00408825 -0.01322811 -0.00591704
v -0.00392104 -0.01345156 -0.00564431
v -0.00415168 -0.01330302 -0.00591704
v -0.00374044 -0.01366292 -0.00346250
v -0.00374044 -0.01366292 -0.00346250
v -0.00361805 -0.01400531 -0.00373522
v -0.00363767 -0.01407039 -0.00373522
v -0.00337999 -0.01429796 -0.00400795
v -0.00338431 -0.01425740 -0.00400795
v -0.00309177 -0.01430625 -0.00428068
v -0.00309835 -0.01429435 -0.00428068
v -0.00309177 -0.01430625 -0.00428068
v -0.00285339 -0.01417445 -0.00455341
v -0.00289698 -0.01412317 -0.00455341
v -0.00288739 -0.01383499 -0.00482613
v -0.00284806 -0.01384579 -0.00482613
v -0.00309856 -0.01356371 -0.00509886
v -0.00341677 -0.01338778 -0.00537159
v -0.00349888 -0.01343589 -0.00537159
v -0.00369864 -0.01324253 -0.00318977
v -0.00380890 -0.01298698 -0.00291704
v -0.00359629 -0.01317550 -0.00318977
v -0.00388952 -0.01304476 -0.00291704
v -0.00369864 -0.01324253 -0.00318977
v -0.00380890 -0.01298698 -0.00291704
v -0.00392104 -0.01345156 -0.00564431
v -0.00399429 -0.01354955 -0.00564431
v -0.00415168 -0.01330302 -0.00591704
v -0.00421008 -0.01338191 -0.00591704
v -0.00421008 -0.01338191 -0.00591704
v -0.00399429 -0.01354955 -0.00564431
v -0.00426319 -0.01346446 -0.00591704
v -0.00379354 -0.01374189 -0.00346250
v -0.00379354 -0.01374189 -0.00346250
v -0.00363767 -0.01407039 -0.00373522
v -0.00365071 -0.01413710 -0.00373522
v -0.00365071 -0.01413710 -0.00373522
v -0.00337999 -0.01429796 -0.00400795
v -0.00337166 -0.01433788 -0.00400795
v -0.00308404 -0.01431743 -0.00428068
v -0.00308404 -0.01431743 -0.00428068
v -0.00309177 -0.01430625 -0.00428068
v -0.00308404 -0.01431743 -0.00428068
v -0.00285997 -0.01416255 -0.00455341
v -0.00289698 -0.01412317 -0.00455341
v -0.00290844 -0.01411587 -0.00455341
v -0.00292760 -0.01382817 -0.00482613
v -0.00288739 -0.01383499 -0.00482613
v -0.00309856 -0.01356371 -0.00509886
v -0.00316473 -0.01357926 -0.00509886
v -0.00357578 -0.01349193 -0.00537159
v -0.00349888 -0.01343589 -0.00537159
v -0.00379381 -0.01331943 -0.00318977
v -0.00369864 -0.01324253 -0.00318977
v -0.00388952 -0.01304476 -0.00291704
v -0.00403844 -0.01317566 -0.00291704
v -0.00379381 -0.01331943 -0.00318977
v -0.00396615 -0.01310774 -0.00291704
v -0.00396615 -0.01310774 -0.00291704
v -0.00379381 -0.01331943 -0.00318977
v -0.00388952 -0.01304476 -0.00291704
v -0.00399429 -0.01354955 -0.00564431
v -0.00405742 -0.01365436 -0.00564431
v -0.00426319 -0.01346446 -0.00591704
v -0.00426319 -0.01346446 -0.00591704
v -0.00405742 -0.01365436 -0.00564431
v -0.00431079 -0.01355030 -0.00591704
v -0.00383852 -0.01382575 -0.00346250
v -0.00365704 -0.01420477 -0.00373522
v -0.00337166 -0.01433788 -0.00400795
v -0.00335939 -0.01437677 -0.00400795
v -0.00308404 -0.01431743 -0.00428068
v -0.00307524 -0.01432779 -0.00428068
v -0.00287650 -0.01414101 -0.00455341
v -0.00292058 -0.01410975 -0.00455341
v -0.00290844 -0.01411587 -0.00455341
v -0.00292760 -0.01382817 -0.00482613
v -0.00296829 -0.01382538 -0.00482613
v -0.00322902 -0.01360132 -0.00509886
v -0.00322902 -0.01360132 -0.00509886
v -0.00316473 -0.01357926 -0.00509886
v -0.00364673 -0.01355535 -0.00537159
v -0.00357578 -0.01349193 -0.00537159
v -0.00364673 -0.01355535 -0.00537159
v -0.00403844 -0.01317566 -0.00291704
v -0.00388085 -0.01340541 -0.00318977
v -0.00379381 -0.01331943 -0.00318977
v -0.00410609 -0.01324820 -0.00291704
v -0.00388085 -0.01340541 -0.00318977
v -0.00403844 -0.01317566 -0.00291704
v -0.00405742 -0.01365436 -0.00564431
v -0.00410980 -0.01376493 -0.00564431
v -0.00431079 -0.01355030 -0.00591704
v -0.00435267 -0.01363908 -0.00591704
v -0.00435267 -0.01363908 -0.00591704
v -0.00410980 -0.01376493 -0.00564431
v -0.00438866 -0.01373040 -0.00591704
v -0.00387492 -0.01391367 -0.00346250
v -0.00383852 -0.01382575 -0.00346250
v -0.00365661 -0.01427274 -0.00373522
v -0.00365704 -0.01420477 -0.00373522
v -0.00334331 -0.01441425 -0.00400795
v -0.00335939 -0.01437677 -0.00400795
v -0.00306544 -0.01433722 -0.00428068
v -0.00307524 -0.01432779 -0.00428068
v -0.00306544 -0.01433722 -0.00428068
v -0.00287650 -0.01414101 -0.00455341
v -0.00293327 -0.01410486 -0.00455341
v -0.00292058 -0.01410975 -0.00455341
v -0.00300905 -0.01382666 -0.00482613
v -0.00300905 -0.01382666 -0.00482613
v -0.00296829 -0.01382538 -0.00482613
v -0.00329080 -0.01362967 -0.00509886
v -0.00329080 -0.01362967 -0.00509886
v -0.00371100 -0.01362552 -0.00537159
v -0.00371100 -0.01362552 -0.00537159
v -0.00410609 -0.01324820 -0.00291704
v -0.00395889 -0.01349964 -0.00318977
v -0.00388085 -0.01340541 -0.00318977
v -0.00422629 -0.01340588 -0.00291704
v -0.00395889 -0.01349964 -0.00318977
v -0.00416880 -0.01332505 -0.00291704
v -0.00416880 -0.01332505 -0.00291704
v -0.00395889 -0.01349964 -0.00318977
v -0.00410609 -0.01324820 -0.00291704
v -0.00410980 -0.01376493 -0.00564431
v -0.00415091 -0.01388017 -0.00564431
v -0.00438866 -0.01373040 -0.00591704
v -0.00438866 -0.01373040 -0.00591704
v -0.00415091 -0.01388017 -0.00564431
v -0.00441860 -0.01382388 -0.00591704
v -0.00441860 -0.01382388 -0.00591704
v -0.00415091 -0.01388017 -0.00564431
v -0.00444236 -0.01391912 -0.00591704
v -0.00387492 -0.01391367 -0.00346250
v -0.00390239 -0.01400478 -0.00346250
v -0.00364941 -0.01434033 -0.00373522
v -0.00365661 -0.01427274 -0.00373522
v -0.00334331 -0.01441425 -0.00400795
v -0.00332357 -0.01444994 -0.00400795
v -0.00305476 -0.01434562 -0.00428068
v -0.00306544 -0.01433722 -0.00428068
v -0.00305476 -0.01434562 -0.00428068
v -0.00288630 -0.01413158 -0.00455341
v -0.00293327 -0.01410486 -0.00455341
v -0.00294638 -0.01410126 -0.00455341
v -0.00304948 -0.01383199 -0.00482613
v -0.00334945 -0.01366403 -0.00509886
v -0.00376798 -0.01370174 -0.00537159
v -0.00395889 -0.01349964 -0.00318977
v -0.00402716 -0.01360117 -0.00318977
v -0.00422629 -0.01340588 -0.00291704
v -0.00427832 -0.01349033 -0.00291704
v -0.00402716 -0.01360117 -0.00318977
v -0.00422629 -0.01340588 -0.00291704
v -0.00444236 -0.01391912 -0.00591704
v -0.00418034 -0.01399892 -0.00564431
v -0.00445984 -0.01401570 -0.00591704
v -0.00418034 -0.01399892 -0.00564431
v -0.00390239 -0.01400478 -0.00346250
v -0.00392064 -0.01409817 -0.00346250
v -0.00392064 -0.01409817 -0.00346250
v -0.00364941 -0.01434033 -0.00373522
v -0.00363551 -0.01440687 -0.00373522
v -0.00330038 -0.01448349 -0.00400795
v -0.00332357 -0.01444994 -0.00400795
v -0.00304329 -0.01435293 -0.00428068
v -0.00305476 -0.01434562 -0.00428068
v -0.00304329 -0.01435293 -0.00428068
v -0.00289698 -0.01412317 -0.00455341
v -0.00294638 -0.01410126 -0.00455341
v -0.00295978 -0.01409899 -0.00455341
v -0.00304948 -0.01383199 -0.00482613
v -0.00308919 -0.01384132 -0.00482613
v -0.00340438 -0.01370406 -0.00509886
v -0.00334945 -0.01366403 -0.00509886
v -0.00399429 -0.01354955 -0.00564431
v -0.00381708 -0.01378326 -0.00537159
v -0.00405742 -0.01365436 -0.00564431
v -0.00376798 -0.01370174 -0.00537159
v -0.00436507 -0.01366861 -0.00291704
v -0.00408499 -0.01370899 -0.00318977
v -0.00432464 -0.01357804 -0.00291704
v -0.00432464 -0.01357804 -0.00291704
v -0.00408499 -0.01370899 -0.00318977
v -0.00427832 -0.01349033 -0.00291704
v -0.00402716 -0.01360117 -0.00318977
v -0.00445984 -0.01401570 -0.00591704
v -0.00419780 -0.01412002 -0.00564431
v -0.00447097 -0.01411323 -0.00591704
v -0.00447097 -0.01411323 -0.00591704
v -0.00419780 -0.01412002 -0.00564431
v -0.00447569 -0.01421127 -0.00591704
v -0.00418034 -0.01399892 -0.00564431
v -0.00419780 -0.01412002 -0.00564431
v -0.00445984 -0.01401570 -0.00591704
v -0.00392951 -0.01419292 -0.00346250
v -0.00392951 -0.01419292 -0.00346250
v -0.00361507 -0.01447169 -0.00373522
v -0.00363551 -0.01440687 -0.00373522
v -0.00327397 -0.01451456 -0.00400795
v -0.00330038 -0.01448349 -0.00400795
v -0.00304329 -0.01435293 -0.00428068
v -0.00303116 -0.01435905 -0.00428068
v -0.00290844 -0.01411587 -0.00455341
v -0.00303116 -0.01435905 -0.00428068
v -0.00297334 -0.01409806 -0.00455341
v -0.00295978 -0.01409899 -0.00455341
v -0.00312776 -0.01385455 -0.00482613
v -0.00308919 -0.01384132 -0.00482613
v -0.00345505 -0.01374936 -0.00509886
v -0.00340438 -0.01370406 -0.00509886
v -0.00381708 -0.01378326 -0.00537159
v -0.00385782 -0.01386926 -0.00537159
v -0.00410980 -0.01376493 -0.00564431
v -0.00385782 -0.01386926 -0.00537159
v -0.00415091 -0.01388017 -0.00564431
v -0.00413179 -0.01382203 -0.00318977
v -0.00436507 -0.01366861 -0.00291704
v -0.00408499 -0.01370899 -0.00318977
v -0.00439943 -0.01376166 -0.00291704
v -0.00413179 -0.01382203 -0.00318977
v -0.00436507 -0.01366861 -0.00291704
v -0.00447569 -0.01421127 -0.00591704
v -0.00420312 -0.01424225 -0.00564431
v -0.00447399 -0.01430941 -0.00591704
v -0.00420312 -0.01424225 -0.00564431
v -0.00392890 -0.01428808 -0.00346250
v -0.00392890 -0.01428808 -0.00346250
v -0.00358826 -0.01453415 -0.00373522
v -0.00361507 -0.01447169 -0.00373522
v -0.00324459 -0.01454285 -0.00400795
v -0.00327397 -0.01451456 -0.00400795
v -0.00303116 -0.01435905 -0.00428068
v -0.00301847 -0.01436394 -0.00428068
v -0.00292058 -0.01410975 -0.00455341
v -0.00301847 -0.01436394 -0.00428068
v -0.00301847 -0.01436394 -0.00428068
v -0.00297334 -0.01409806 -0.00455341
v -0.00298693 -0.01409848 -0.00455341
v -0.00316483 -0.01387156 -0.00482613
v -0.00312776 -0.01385455 -0.00482613
v -0.00345505 -0.01374936 -0.00509886
v -0.00350097 -0.01379949 -0.00509886
v -0.00350097 -0.01379949 -0.00509886
v -0.00388979 -0.01395888 -0.00537159
v -0.00413179 -0.01382203 -0.00318977
v -0.00416711 -0.01393918 -0.00318977
v -0.00439943 -0.01376166 -0.00291704
v -0.00444934 -0.01395355 -0.00291704
v -0.00416711 -0.01393918 -0.00318977
v -0.00442756 -0.01385678 -0.00291704
v -0.00442756 -0.01385678 -0.00291704
v -0.00447399 -0.01430941 -0.00591704
v -0.00419624 -0.01436441 -0.00564431
v -0.00446588 -0.01440724 -0.00591704
v -0.00446588 -0.01440724 -0.00591704
v -0.00419624 -0.01436441 -0.00564431
v -0.00445138 -0.01450432 -0.00591704
v -0.00420312 -0.01424225 -0.00564431
v -0.00419624 -0.01436441 -0.00564431
v -0.00447399 -0.01430941 -0.00591704
v -0.00391883 -0.01438270 -0.00346250
v -0.00355537 -0.01459364 -0.00373522
v -0.00358826 -0.01453415 -0.00373522
v -0.00321254 -0.01456808 -0.00400795
v -0.00324459 -0.01454285 -0.00400795
v -0.00301847 -0.01436394 -0.00428068
v -0.00300536 -0.01436754 -0.00428068
v -0.00294638 -0.01410126 -0.00455341
v -0.00298693 -0.01409848 -0.00455341
v -0.00300041 -0.01410026 -0.00455341
v -0.00316483 -0.01387156 -0.00482613
v -0.00320002 -0.01389218 -0.00482613
v -0.00354166 -0.01385393 -0.00509886
v -0.00388979 -0.01395888 -0.00537159
v -0.00391268 -0.01405125 -0.00537159
v -0.00416711 -0.01393918 -0.00318977
v -0.00419058 -0.01405925 -0.00318977
v -0.00446468 -0.01405155 -0.00291704
v -0.00419058 -0.01405925 -0.00318977
v -0.00444934 -0.01395355 -0.00291704
v -0.00444934 -0.01395355 -0.00291704
v -0.00445138 -0.01450432 -0.00591704
v -0.00417723 -0.01448527 -0.00564431
v -0.00443057 -0.01460024 -0.00591704
v -0.00419624 -0.01436441 -0.00564431
v -0.00417723 -0.01448527 -0.00564431
v -0.00445138 -0.01450432 -0.00591704
v -0.00389937 -0.01447585 -0.00346250
v -0.00391883 -0.01438270 -0.00346250
v -0.00351673 -0.01464955 -0.00373522
v -0.00355537 -0.01459364 -0.00373522
v -0.00317815 -0.01458998 -0.00400795
v -0.00321254 -0.01456808 -0.00400795
v -0.00299196 -0.01436981 -0.00428068
v -0.00300536 -0.01436754 -0.00428068
v -0.00299196 -0.01436981 -0.00428068
v -0.00294638 -0.01410126 -0.00455341
v -0.00301364 -0.01410337 -0.00455341
v -0.00300041 -0.01410026 -0.00455341
v -0.00320002 -0.01389218 -0.00482613
v -0.00323298 -0.01391620 -0.00482613
v -0.00354166 -0.01385393 -0.00509886
v -0.00357673 -0.01391216 -0.00509886
v -0.00392626 -0.01414544 -0.00537159
v -0.00391268 -0.01405125 -0.00537159
v -0.00392626 -0.01414544 -0.00537159
v -0.00420198 -0.01418107 -0.00318977
v -0.00446468 -0.01405155 -0.00291704
v -0.00419058 -0.01405925 -0.00318977
v -0.00420198 -0.01418107 -0.00318977
v -0.00447579 -0.01424951 -0.00291704
v -0.00420198 -0.01418107 -0.00318977
v -0.00447351 -0.01415034 -0.00291704
v -0.00447351 -0.01415034 -0.00291704
v -0.00420198 -0.01418107 -0.00318977
v -0.00446468 -0.01405155 -0.00291704
v -0.00443057 -0.01460024 -0.00591704
v -0.00414628 -0.01460364 -0.00564431
v -0.00440353 -0.01469460 -0.00591704
v -0.00440353 -0.01469460 -0.00591704
v -0.00414628 -0.01460364 -0.00564431
v -0.00437038 -0.01478699 -0.00591704
v -0.00417723 -0.01448527 -0.00564431
v -0.00414628 -0.01460364 -0.00564431
v -0.00443057 -0.01460024 -0.00591704
v -0.00387074 -0.01456661 -0.00346250
v -0.00389937 -0.01447585 -0.00346250
v -0.00347270 -0.01470134 -0.00373522
v -0.00351673 -0.01464955 -0.00373522
v -0.00314173 -0.01460836 -0.00400795
v -0.00317815 -0.01458998 -0.00400795
v -0.00299196 -0.01436981 -0.00428068
v -0.00297840 -0.01437074 -0.00428068
v -0.00295978 -0.01409899 -0.00455341
v -0.00297840 -0.01437074 -0.00428068
v -0.00302650 -0.01410778 -0.00455341
v -0.00302650 -0.01410778 -0.00455341
v -0.00301364 -0.01410337 -0.00455341
v -0.00323298 -0.01391620 -0.00482613
v -0.00326338 -0.01394338 -0.00482613
v -0.00360583 -0.01397358 -0.00509886
v -0.00360583 -0.01397358 -0.00509886
v -0.00357673 -0.01391216 -0.00509886
v -0.00393040 -0.01424051 -0.00537159
v -0.00420312 -0.01424225 -0.00564431
v -0.00393040 -0.01424051 -0.00537159
v -0.00419624 -0.01436441 -0.00564431
v -0.00447579 -0.01424951 -0.00291704
v -0.00420120 -0.01430342 -0.00318977
v -0.00447152 -0.01434861 -0.00291704
v -0.00420120 -0.01430342 -0.00318977
v -0.00447579 -0.01424951 -0.00291704
v -0.00437038 -0.01478699 -0.00591704
v -0.00410370 -0.01471834 -0.00564431
v -0.00433125 -0.01487701 -0.00591704
v -0.00414628 -0.01460364 -0.00564431
v -0.00410370 -0.01471834 -0.00564431
v -0.00437038 -0.01478699 -0.00591704
v -0.00383322 -0.01465405 -0.00346250
v -0.00383322 -0.01465405 -0.00346250
v -0.00387074 -0.01456661 -0.00346250
v -0.00342374 -0.01474849 -0.00373522
v -0.00347270 -0.01470134 -0.00373522
v -0.00314173 -0.01460836 -0.00400795
v -0.00310368 -0.01462301 -0.00400795
v -0.00296481 -0.01437031 -0.00428068
v -0.00296481 -0.01437031 -0.00428068
v -0.00297840 -0.01437074 -0.00428068
v -0.00296481 -0.01437031 -0.00428068
v -0.00297334 -0.01409806 -0.00455341
v -0.00303886 -0.01411345 -0.00455341
v -0.00329093 -0.01397345 -0.00482613
v -0.00326338 -0.01394338 -0.00482613
v -0.00329093 -0.01397345 -0.00482613
v -0.00362867 -0.01403760 -0.00509886
v -0.00392505 -0.01433552 -0.00537159
v -0.00420120 -0.01430342 -0.00318977
v -0.00418824 -0.01442508 -0.00318977
v -0.00444339 -0.01454487 -0.00291704
v -0.00418824 -0.01442508 -0.00318977
v -0.00446070 -0.01444720 -0.00291704
v -0.00446070 -0.01444720 -0.00291704
v -0.00418824 -0.01442508 -0.00318977
v -0.00447152 -0.01434861 -0.00291704
v -0.00447152 -0.01434861 -0.00291704
v -0.00433125 -0.01487701 -0.00591704
v -0.00404991 -0.01482823 -0.00564431
v -0.00428632 -0.01496428 -0.00591704
v -0.00428632 -0.01496428 -0.00591704
v -0.00404991 -0.01482823 -0.00564431
v -0.00423578 -0.01504843 -0.00591704
v -0.00410370 -0.01471834 -0.00564431
v -0.00404991 -0.01482823 -0.00564431
v -0.00433125 -0.01487701 -0.00591704
v -0.00378717 -0.01473733 -0.00346250
v -0.00337033 -0.01479053 -0.00373522
v -0.00342374 -0.01474849 -0.00373522
v -0.00337033 -0.01479053 -0.00373522
v -0.00310368 -0.01462301 -0.00400795
v -0.00306435 -0.01463381 -0.00400795
v -0.00296481 -0.01437031 -0.00428068
v -0.00295133 -0.01436854 -0.00428068
v -0.00300041 -0.01410026 -0.00455341
v -0.00305059 -0.01412033 -0.00455341
v -0.00305059 -0.01412033 -0.00455341
v -0.00303886 -0.01411345 -0.00455341
v -0.00331534 -0.01400612 -0.00482613
v -0.00364502 -0.01410358 -0.00509886
v -0.00362867 -0.01403760 -0.00509886
v -0.00391026 -0.01442952 -0.00537159
v -0.00392505 -0.01433552 -0.00537159
v -0.00418824 -0.01442508 -0.00318977
v -0.00416323 -0.01454484 -0.00318977
v -0.00441966 -0.01464118 -0.00291704
v -0.00416323 -0.01454484 -0.00318977
v -0.00444339 -0.01454487 -0.00291704
v -0.00444339 -0.01454487 -0.00291704
v -0.00404991 -0.01482823 -0.00564431
v -0.00398545 -0.01493222 -0.00564431
v -0.00423578 -0.01504843 -0.00591704
v -0.00423578 -0.01504843 -0.00591704
v -0.00398545 -0.01493222 -0.00564431
v -0.00417984 -0.01512909 -0.00591704
v -0.00417984 -0.01512909 -0.00591704
v -0.00398545 -0.01493222 -0.00564431
v -0.00391095 -0.01502927 -0.00564431
v -0.00373307 -0.01481561 -0.00346250
v -0.00373307 -0.01481561 -0.00346250
v -0.00378717 -0.01473733 -0.00346250
v -0.00331299 -0.01482704 -0.00373522
v -0.00302414 -0.01464063 -0.00400795
v -0.00306435 -0.01463381 -0.00400795
v -0.00293810 -0.01436543 -0.00428068
v -0.00295133 -0.01436854 -0.00428068
v -0.00293810 -0.01436543 -0.00428068
v -0.00300041 -0.01410026 -0.00455341
v -0.00306157 -0.01412833 -0.00455341
v -0.00333639 -0.01404105 -0.00482613
v -0.00331534 -0.01400612 -0.00482613
v -0.00365472 -0.01417085 -0.00509886
v -0.00365472 -0.01417085 -0.00509886
v -0.00364502 -0.01410358 -0.00509886
v -0.00391026 -0.01442952 -0.00537159
v -0.00388619 -0.01452159 -0.00537159
v -0.00441966 -0.01464118 -0.00291704
v -0.00412642 -0.01466152 -0.00318977
v -0.00416323 -0.01454484 -0.00318977
v -0.00435340 -0.01482805 -0.00291704
v -0.00412642 -0.01466152 -0.00318977
v -0.00438962 -0.01473571 -0.00291704
v -0.00438962 -0.01473571 -0.00291704
v -0.00367143 -0.01488812 -0.00346250
v -0.00367143 -0.01488812 -0.00346250
v -0.00331299 -0.01482704 -0.00373522
v -0.00325231 -0.01485766 -0.00373522
v -0.00325231 -0.01485766 -0.00373522
v -0.00298345 -0.01464342 -0.00400795
v -0.00302414 -0.01464063 -0.00400795
v -0.00293810 -0.01436543 -0.00428068
v -0.00292524 -0.01436102 -0.00428068
v -0.00301364 -0.01410337 -0.00455341
v -0.00292524 -0.01436102 -0.00428068
v -0.00292524 -0.01436102 -0.00428068
v -0.00307171 -0.01413739 -0.00455341
v -0.00306157 -0.01412833 -0.00455341
v -0.00335385 -0.01407791 -0.00482613
v -0.00333639 -0.01404105 -0.00482613
v -0.00335385 -0.01407791 -0.00482613
v -0.00365767 -0.01423876 -0.00509886
v -0.00365767 -0.01423876 -0.00509886
v -0.00410370 -0.01471834 -0.00564431
v -0.00385307 -0.01461080 -0.00537159
v -0.00404991 -0.01482823 -0.00564431
v -0.00388619 -0.01452159 -0.00537159
v -0.00385307 -0.01461080 -0.00537159
v -0.00412642 -0.01466152 -0.00318977
v -0.00407817 -0.01477396 -0.00318977
v -0.00435340 -0.01482805 -0.00291704
v -0.00431115 -0.01491780 -0.00291704
v -0.00407817 -0.01477396 -0.00318977
v -0.00435340 -0.01482805 -0.00291704
v -0.00360289 -0.01495413 -0.00346250
v -0.00318888 -0.01488209 -0.00373522
v -0.00294269 -0.01464214 -0.00400795
v -0.00298345 -0.01464342 -0.00400795
v -0.00294269 -0.01464214 -0.00400795
v -0.00292524 -0.01436102 -0.00428068
v -0.00291288 -0.01435534 -0.00428068
v -0.00303886 -0.01411345 -0.00455341
v -0.00307171 -0.01413739 -0.00455341
v -0.00308089 -0.01414742 -0.00455341
v -0.00336755 -0.01411632 -0.00482613
v -0.00365385 -0.01430663 -0.00509886
v -0.00381124 -0.01469627 -0.00537159
v -0.00407817 -0.01477396 -0.00318977
v -0.00401897 -0.01488103 -0.00318977
v -0.00420935 -0.01508794 -0.00291704
v -0.00401897 -0.01488103 -0.00318977
v -0.00426306 -0.01500455 -0.00291704
v -0.00426306 -0.01500455 -0.00291704
v -0.00431115 -0.01491780 -0.00291704
v -0.00352811 -0.01501298 -0.00346250
v -0.00360289 -0.01495413 -0.00346250
v -0.00312333 -0.01490008 -0.00373522
v -0.00318888 -0.01488209 -0.00373522
v -0.00290226 -0.01463681 -0.00400795
v -0.00290116 -0.01434847 -0.00428068
v -0.00291288 -0.01435534 -0.00428068
v -0.00290116 -0.01434847 -0.00428068
v -0.00303886 -0.01411345 -0.00455341
v -0.00308903 -0.01415831 -0.00455341
v -0.00308089 -0.01414742 -0.00455341
v -0.00337736 -0.01415591 -0.00482613
v -0.00336755 -0.01411632 -0.00482613
v -0.00364329 -0.01437377 -0.00509886
v -0.00365385 -0.01430663 -0.00509886
v -0.00376110 -0.01477715 -0.00537159
v -0.00370315 -0.01485264 -0.00537159
v -0.00381124 -0.01469627 -0.00537159
v -0.00376110 -0.01477715 -0.00537159
v -0.00401897 -0.01488103 -0.00318977
v -0.00394941 -0.01498168 -0.00318977
v -0.00394941 -0.01498168 -0.00318977
v -0.00415024 -0.01516759 -0.00291704
v -0.00394941 -0.01498168 -0.00318977
v -0.00420935 -0.01508794 -0.00291704
v -0.00420935 -0.01508794 -0.00291704
v -0.00344784 -0.01506410 -0.00346250
v -0.00352811 -0.01501298 -0.00346250
v -0.00305632 -0.01491145 -0.00373522
v -0.00312333 -0.01490008 -0.00373522
v -0.00286255 -0.01462748 -0.00400795
v -0.00290226 -0.01463681 -0.00400795
v -0.00289017 -0.01434047 -0.00428068
v -0.00290116 -0.01434847 -0.00428068
v -0.00289017 -0.01434047 -0.00428068
v -0.00305059 -0.01412033 -0.00455341
v -0.00308903 -0.01415831 -0.00455341
v -0.00309604 -0.01416995 -0.00455341
v -0.00337736 -0.01415591 -0.00482613
v -0.00338318 -0.01419627 -0.00482613
v -0.00364329 -0.01437377 -0.00509886
v -0.00362610 -0.01443953 -0.00509886
v -0.00387016 -0.01507490 -0.00318977
v -0.00415024 -0.01516759 -0.00291704
v -0.00401690 -0.01531433 -0.00291704
v -0.00387016 -0.01507490 -0.00318977
v -0.00408600 -0.01524317 -0.00291704
v -0.00408600 -0.01524317 -0.00291704
v -0.00344784 -0.01506410 -0.00346250
v -0.00336289 -0.01510697 -0.00346250
v -0.00298851 -0.01491610 -0.00373522
v -0.00305632 -0.01491145 -0.00373522
v -0.00282398 -0.01461425 -0.00400795
v -0.00286255 -0.01462748 -0.00400795
v -0.00282398 -0.01461425 -0.00400795
v -0.00289017 -0.01434047 -0.00428068
v -0.00288003 -0.01433141 -0.00428068
v -0.00306157 -0.01412833 -0.00455341
v -0.00288003 -0.01433141 -0.00428068
v -0.00288003 -0.01433141 -0.00428068
v -0.00310186 -0.01418224 -0.00455341
v -0.00309604 -0.01416995 -0.00455341
v -0.00310186 -0.01418224 -0.00455341
v -0.00338318 -0.01419627 -0.00482613
v -0.00338495 -0.01423702 -0.00482613
v -0.00362610 -0.01443953 -0.00509886
v -0.00360244 -0.01450326 -0.00509886
v -0.00386537 -0.01544220 -0.00291704
v -0.00378204 -0.01515976 -0.00318977
v -0.00394325 -0.01538077 -0.00291704
v -0.00394325 -0.01538077 -0.00291704
v -0.00378204 -0.01515976 -0.00318977
v -0.00401690 -0.01531433 -0.00291704
v -0.00387016 -0.01507490 -0.00318977
v -0.00378204 -0.01515976 -0.00318977
v -0.00401690 -0.01531433 -0.00291704
v -0.00336289 -0.01510697 -0.00346250
v -0.00327409 -0.01514117 -0.00346250
v -0.00292057 -0.01491397 -0.00373522
v -0.00298851 -0.01491610 -0.00373522
v -0.00292057 -0.01491397 -0.00373522
v -0.00278691 -0.01459724 -0.00400795
v -0.00287085 -0.01432138 -0.00428068
v -0.00288003 -0.01433141 -0.00428068
v -0.00287085 -0.01432138 -0.00428068
v -0.00308089 -0.01414742 -0.00455341
v -0.00310643 -0.01419504 -0.00455341
v -0.00338266 -0.01427773 -0.00482613
v -0.00338495 -0.01423702 -0.00482613
v -0.00360244 -0.01450326 -0.00509886
v -0.00357256 -0.01456431 -0.00509886
v -0.00378204 -0.01515976 -0.00318977
v -0.00368589 -0.01523543 -0.00318977
v -0.00368589 -0.01523543 -0.00318977
v -0.00378360 -0.01549835 -0.00291704
v -0.00368589 -0.01523543 -0.00318977
v -0.00386537 -0.01544220 -0.00291704
v -0.00318232 -0.01516635 -0.00346250
v -0.00327409 -0.01514117 -0.00346250
v -0.00285318 -0.01490509 -0.00373522
v -0.00278691 -0.01459724 -0.00400795
v -0.00275173 -0.01457662 -0.00400795
v -0.00287085 -0.01432138 -0.00428068
v -0.00286271 -0.01431049 -0.00428068
v -0.00308903 -0.01415831 -0.00455341
v -0.00310643 -0.01419504 -0.00455341
v -0.00310970 -0.01420823 -0.00455341
v -0.00338266 -0.01427773 -0.00482613
v -0.00337632 -0.01431802 -0.00482613
v -0.00353675 -0.01462208 -0.00509886
v -0.00349536 -0.01467600 -0.00509886
v -0.00357256 -0.01456431 -0.00509886
v -0.00353675 -0.01462208 -0.00509886
v -0.00378360 -0.01549835 -0.00291704
v -0.00358269 -0.01530115 -0.00318977
v -0.00368589 -0.01523543 -0.00318977
v -0.00358269 -0.01530115 -0.00318977
v -0.00360984 -0.01559384 -0.00291704
v -0.00358269 -0.01530115 -0.00318977
v -0.00369830 -0.01554897 -0.00291704
v -0.00369830 -0.01554897 -0.00291704
v -0.00358269 -0.01530115 -0.00318977
v -0.00378360 -0.01549835 -0.00291704
v -0.00368589 -0.01523543 -0.00318977
v -0.00318232 -0.01516635 -0.00346250
v -0.00308850 -0.01518228 -0.00346250
v -0.00285318 -0.01490509 -0.00373522
v -0.00278701 -0.01488954 -0.00373522
v -0.00275173 -0.01457662 -0.00400795
v -0.00271877 -0.01455260 -0.00400795
v -0.00286271 -0.01431049 -0.00428068
v -0.00285570 -0.01429885 -0.00428068
v -0.00308903 -0.01415831 -0.00455341
v -0.00285570 -0.01429885 -0.00428068
v -0.00311164 -0.01422169 -0.00455341
v -0.00310970 -0.01420823 -0.00455341
v -0.00311164 -0.01422169 -0.00455341
v -0.00337632 -0.01431802 -0.00482613
v -0.00336601 -0.01435748 -0.00482613
v -0.00347346 -0.01535627 -0.00318977
v -0.00351861 -0.01563277 -0.00291704
v -0.00347346 -0.01535627 -0.00318977
v -0.00360984 -0.01559384 -0.00291704
v -0.00308850 -0.01518228 -0.00346250
v -0.00299356 -0.01518878 -0.00346250
v -0.00272272 -0.01486748 -0.00373522
v -0.00278701 -0.01488954 -0.00373522
v -0.00272272 -0.01486748 -0.00373522
v -0.00271877 -0.01455260 -0.00400795
v -0.00268836 -0.01452542 -0.00400795
v -0.00284988 -0.01428656 -0.00428068
v -0.00285570 -0.01429885 -0.00428068
v -0.00284988 -0.01428656 -0.00428068
v -0.00309604 -0.01416995 -0.00455341
v -0.00284988 -0.01428656 -0.00428068
v -0.00311223 -0.01423527 -0.00455341
v -0.00335181 -0.01439571 -0.00482613
v -0.00336601 -0.01435748 -0.00482613
v -0.00335181 -0.01439571 -0.00482613
v -0.00347346 -0.01535627 -0.00318977
v -0.00335929 -0.01540024 -0.00318977
v -0.00332943 -0.01569213 -0.00291704
v -0.00335929 -0.01540024 -0.00318977
v -0.00342500 -0.01566558 -0.00291704
v -0.00342500 -0.01566558 -0.00291704
v -0.00335929 -0.01540024 -0.00318977
v -0.00351861 -0.01563277 -0.00291704
v -0.00351861 -0.01563277 -0.00291704
v -0.00289845 -0.01518580 -0.00346250
v -0.00299356 -0.01518878 -0.00346250
v -0.00289845 -0.01518580 -0.00346250
v -0.00266094 -0.01483913 -0.00373522
v -0.00266081 -0.01449535 -0.00400795
v -0.00266081 -0.01449535 -0.00400795
v -0.00268836 -0.01452542 -0.00400795
v -0.00284531 -0.01427376 -0.00428068
v -0.00284988 -0.01428656 -0.00428068
v -0.00284531 -0.01427376 -0.00428068
v -0.00310643 -0.01419504 -0.00455341
v -0.00311147 -0.01424884 -0.00455341
v -0.00311223 -0.01423527 -0.00455341
v -0.00333388 -0.01443234 -0.00482613
v -0.00324130 -0.01543262 -0.00318977
v -0.00323232 -0.01571231 -0.00291704
v -0.00324130 -0.01543262 -0.00318977
v -0.00332943 -0.01569213 -0.00291704
v -0.00280410 -0.01517336 -0.00346250
v -0.00260230 -0.01480477 -0.00373522
v -0.00266094 -0.01483913 -0.00373522
v -0.00260230 -0.01480477 -0.00373522
v -0.00263640 -0.01446268 -0.00400795
v -0.00284531 -0.01427376 -0.00428068
v -0.00284204 -0.01426056 -0.00428068
v -0.00310970 -0.01420823 -0.00455341
v -0.00310935 -0.01426227 -0.00455341
v -0.00310935 -0.01426227 -0.00455341
v -0.00311147 -0.01424884 -0.00455341
v -0.00331240 -0.01446701 -0.00482613
v -0.00328756 -0.01449936 -0.00482613
v -0.00331240 -0.01446701 -0.00482613
v -0.00333388 -0.01443234 -0.00482613
v -0.00324130 -0.01543262 -0.00318977
v -0.00312068 -0.01545310 -0.00318977
v -0.00303515 -0.01573323 -0.00291704
v -0.00312068 -0.01545310 -0.00318977
v -0.00313408 -0.01572603 -0.00291704
v -0.00313408 -0.01572603 -0.00291704
v -0.00312068 -0.01545310 -0.00318977
v -0.00323232 -0.01571231 -0.00291704
v -0.00323232 -0.01571231 -0.00291704
v -0.00280410 -0.01517336 -0.00346250
v -0.00271147 -0.01515160 -0.00346250
v -0.00254736 -0.01476474 -0.00373522
v -0.00263640 -0.01446268 -0.00400795
v -0.00261535 -0.01442775 -0.00400795
v -0.00284010 -0.01424711 -0.00428068
v -0.00284204 -0.01426056 -0.00428068
v -0.00284010 -0.01424711 -0.00428068
v -0.00310970 -0.01420823 -0.00455341
v -0.00310592 -0.01427543 -0.00455341
v -0.00299862 -0.01546146 -0.00318977
v -0.00299862 -0.01546146 -0.00318977
v -0.00293596 -0.01573387 -0.00291704
v -0.00299862 -0.01546146 -0.00318977
v -0.00303515 -0.01573323 -0.00291704
v -0.00312068 -0.01545310 -0.00318977
v -0.00299862 -0.01546146 -0.00318977
v -0.00271147 -0.01515160 -0.00346250
v -0.00262146 -0.01512071 -0.00346250
v -0.00262146 -0.01512071 -0.00346250
v -0.00254736 -0.01476474 -0.00373522
v -0.00249669 -0.01471943 -0.00373522
v -0.00259789 -0.01439089 -0.00400795
v -0.00261535 -0.01442775 -0.00400795
v -0.00259789 -0.01439089 -0.00400795
v -0.00284010 -0.01424711 -0.00428068
v -0.00283951 -0.01423353 -0.00428068
v -0.00311164 -0.01422169 -0.00455341
v -0.00283951 -0.01423353 -0.00428068
v -0.00283951 -0.01423353 -0.00428068
v -0.00310118 -0.01428817 -0.00455341
v -0.00310118 -0.01428817 -0.00455341
v -0.00310592 -0.01427543 -0.00455341
v -0.00293596 -0.01573387 -0.00291704
v -0.00287633 -0.01545763 -0.00318977
v -0.00299862 -0.01546146 -0.00318977
v -0.00287633 -0.01545763 -0.00318977
v -0.00273854 -0.01571551 -0.00291704
v -0.00287633 -0.01545763 -0.00318977
v -0.00283695 -0.01572795 -0.00291704
v -0.00283695 -0.01572795 -0.00291704
v -0.00287633 -0.01545763 -0.00318977
v -0.00293596 -0.01573387 -0.00291704
v -0.00253497 -0.01508102 -0.00346250
v -0.00245077 -0.01466931 -0.00373522
v -0.00249669 -0.01471943 -0.00373522
v -0.00245077 -0.01466931 -0.00373522
v -0.00258419 -0.01435248 -0.00400795
v -0.00283951 -0.01423353 -0.00428068
v -0.00284027 -0.01421995 -0.00428068
v -0.00311147 -0.01424884 -0.00455341
v -0.00309521 -0.01430038 -0.00455341
v -0.00264118 -0.01569658 -0.00291704
v -0.00275503 -0.01544164 -0.00318977
v -0.00273854 -0.01571551 -0.00291704
v -0.00275503 -0.01544164 -0.00318977
v -0.00253497 -0.01508102 -0.00346250
v -0.00245287 -0.01503291 -0.00346250
v -0.00241008 -0.01461487 -0.00373522
v -0.00258419 -0.01435248 -0.00400795
v -0.00257438 -0.01431289 -0.00400795
v -0.00284027 -0.01421995 -0.00428068
v -0.00284239 -0.01420652 -0.00428068
v -0.00311147 -0.01424884 -0.00455341
v -0.00284239 -0.01420652 -0.00428068
v -0.00308804 -0.01431193 -0.00455341
v -0.00307977 -0.01432272 -0.00455341
v -0.00308804 -0.01431193 -0.00455341
v -0.00309521 -0.01430038 -0.00455341
v -0.00264118 -0.01569658 -0.00291704
v -0.00263592 -0.01541365 -0.00318977
v -0.00275503 -0.01544164 -0.00318977
v -0.00245125 -0.01563967 -0.00291704
v -0.00263592 -0.01541365 -0.00318977
v -0.00254527 -0.01567127 -0.00291704
v -0.00254527 -0.01567127 -0.00291704
v -0.00263592 -0.01541365 -0.00318977
v -0.00264118 -0.01569658 -0.00291704
v -0.00237596 -0.01497687 -0.00346250
v -0.00245287 -0.01503291 -0.00346250
v -0.00237501 -0.01455664 -0.00373522
v -0.00241008 -0.01461487 -0.00373522
v -0.00256856 -0.01427253 -0.00400795
v -0.00256856 -0.01427253 -0.00400795
v -0.00257438 -0.01431289 -0.00400795
v -0.00284582 -0.01419337 -0.00428068
v -0.00284239 -0.01420652 -0.00428068
v -0.00284582 -0.01419337 -0.00428068
v -0.00310935 -0.01426227 -0.00455341
v -0.00252020 -0.01537394 -0.00318977
v -0.00235952 -0.01560192 -0.00291704
v -0.00252020 -0.01537394 -0.00318977
v -0.00245125 -0.01563967 -0.00291704
v -0.00230501 -0.01491345 -0.00346250
v -0.00237596 -0.01497687 -0.00346250
v -0.00237501 -0.01455664 -0.00373522
v -0.00234591 -0.01449522 -0.00373522
v -0.00234591 -0.01449522 -0.00373522
v -0.00256679 -0.01423178 -0.00400795
v -0.00285056 -0.01418063 -0.00428068
v -0.00284582 -0.01419337 -0.00428068
v -0.00285056 -0.01418063 -0.00428068
v -0.00310592 -0.01427543 -0.00455341
v -0.00240900 -0.01532291 -0.00318977
v -0.00252020 -0.01537394 -0.00318977
v -0.00218454 -0.01550868 -0.00291704
v -0.00240900 -0.01532291 -0.00318977
v -0.00227049 -0.01555820 -0.00291704
v -0.00227049 -0.01555820 -0.00291704
v -0.00240900 -0.01532291 -0.00318977
v -0.00235952 -0.01560192 -0.00291704
v -0.00235952 -0.01560192 -0.00291704
v -0.00240900 -0.01532291 -0.00318977
v -0.00252020 -0.01537394 -0.00318977
v -0.00224074 -0.01484328 -0.00346250
v -0.00230501 -0.01491345 -0.00346250
v -0.00224074 -0.01484328 -0.00346250
v -0.00232307 -0.01443120 -0.00373522
v -0.00256679 -0.01423178 -0.00400795
v -0.00256908 -0.01419106 -0.00400795
v -0.00256908 -0.01419106 -0.00400795
v -0.00285056 -0.01418063 -0.00428068
v -0.00285653 -0.01416842 -0.00428068
v -0.00310118 -0.01428817 -0.00455341
v -0.00285653 -0.01416842 -0.00428068
v -0.00240900 -0.01532291 -0.00318977
v -0.00230344 -0.01526106 -0.00318977
v -0.00210205 -0.01545360 -0.00291704
v -0.00230344 -0.01526106 -0.00318977
v -0.00218454 -0.01550868 -0.00291704
v -0.00218454 -0.01550868 -0.00291704
v -0.00218376 -0.01476706 -0.00346250
v -0.00232307 -0.01443120 -0.00373522
v -0.00230672 -0.01436522 -0.00373522
v -0.00257542 -0.01415078 -0.00400795
v -0.00307977 -0.01432272 -0.00455341
v -0.00286369 -0.01415686 -0.00428068
v -0.00287197 -0.01414608 -0.00428068
v -0.00285653 -0.01416842 -0.00428068
v -0.00286369 -0.01415686 -0.00428068
v -0.00309521 -0.01430038 -0.00455341
v -0.00286369 -0.01415686 -0.00428068
v -0.00286369 -0.01415686 -0.00428068
v -0.00210205 -0.01545360 -0.00291704
v -0.00220456 -0.01518900 -0.00318977
v -0.00230344 -0.01526106 -0.00318977
v -0.00194888 -0.01532770 -0.00291704
v -0.00220456 -0.01518900 -0.00318977
v -0.00202339 -0.01539318 -0.00291704
v -0.00202339 -0.01539318 -0.00291704
v -0.00220456 -0.01518900 -0.00318977
v -0.00210205 -0.01545360 -0.00291704
v -0.00218376 -0.01476706 -0.00346250
v -0.00213466 -0.01468554 -0.00346250
v -0.00230672 -0.01436522 -0.00373522
v -0.00229702 -0.01429794 -0.00373522
v -0.00257542 -0.01415078 -0.00400795
v -0.00258573 -0.01411132 -0.00400795
v -0.00211334 -0.01510746 -0.00318977
v -0.00187887 -0.01525743 -0.00291704
v -0.00211334 -0.01510746 -0.00318977
v -0.00194888 -0.01532770 -0.00291704
v -0.00209392 -0.01459954 -0.00346250
v -0.00213466 -0.01468554 -0.00346250
v -0.00209392 -0.01459954 -0.00346250
v -0.00229702 -0.01429794 -0.00373522
v -0.00229407 -0.01423004 -0.00373522
v -0.00259993 -0.01407309 -0.00400795
v -0.00259993 -0.01407309 -0.00400795
v -0.00258573 -0.01411132 -0.00400795
v -0.00175353 -0.01510381 -0.00291704
v -0.00203070 -0.01501724 -0.00318977
v -0.00181366 -0.01518269 -0.00291704
v -0.00181366 -0.01518269 -0.00291704
v -0.00203070 -0.01501724 -0.00318977
v -0.00187887 -0.01525743 -0.00291704
v -0.00187887 -0.01525743 -0.00291704
v -0.00203070 -0.01501724 -0.00318977
v -0.00211334 -0.01510746 -0.00318977
v -0.00206195 -0.01450991 -0.00346250
v -0.00229789 -0.01416217 -0.00373522
v -0.00229407 -0.01423004 -0.00373522
v -0.00261786 -0.01403646 -0.00400795
v -0.00261786 -0.01403646 -0.00400795
v -0.00169874 -0.01502112 -0.00291704
v -0.00195745 -0.01491924 -0.00318977
v -0.00175353 -0.01510381 -0.00291704
v -0.00175353 -0.01510381 -0.00291704
v -0.00195745 -0.01491924 -0.00318977
v -0.00203070 -0.01501724 -0.00318977
v -0.00206195 -0.01450991 -0.00346250
v -0.00203906 -0.01441755 -0.00346250
v -0.00230845 -0.01409503 -0.00373522
v -0.00229789 -0.01416217 -0.00373522
v -0.00263934 -0.01400179 -0.00400795
v -0.00266418 -0.01396944 -0.00400795
v -0.00263934 -0.01400179 -0.00400795
v -0.00169874 -0.01502112 -0.00291704
v -0.00189432 -0.01481444 -0.00318977
v -0.00195745 -0.01491924 -0.00318977
v -0.00189432 -0.01481444 -0.00318977
v -0.00160613 -0.01484581 -0.00291704
v -0.00189432 -0.01481444 -0.00318977
v -0.00164954 -0.01493500 -0.00291704
v -0.00164954 -0.01493500 -0.00291704
v -0.00189432 -0.01481444 -0.00318977
v -0.00169874 -0.01502112 -0.00291704
v -0.00195745 -0.01491924 -0.00318977
v -0.00202548 -0.01432336 -0.00346250
v -0.00203906 -0.01441755 -0.00346250
v -0.00202548 -0.01432336 -0.00346250
v -0.00232564 -0.01402927 -0.00373522
v -0.00230845 -0.01409503 -0.00373522
v -0.00184194 -0.01470387 -0.00318977
v -0.00156872 -0.01475394 -0.00291704
v -0.00184194 -0.01470387 -0.00318977
v -0.00160613 -0.01484581 -0.00291704
v -0.00189432 -0.01481444 -0.00318977
v -0.00184194 -0.01470387 -0.00318977
v -0.00160613 -0.01484581 -0.00291704
v -0.00202134 -0.01422829 -0.00346250
v -0.00232564 -0.01402927 -0.00373522
v -0.00234930 -0.01396554 -0.00373522
v -0.00234930 -0.01396554 -0.00373522
v -0.00156872 -0.01475394 -0.00291704
v -0.00180083 -0.01458863 -0.00318977
v -0.00184194 -0.01470387 -0.00318977
v -0.00151249 -0.01456381 -0.00291704
v -0.00180083 -0.01458863 -0.00318977
v -0.00153746 -0.01465981 -0.00291704
v -0.00153746 -0.01465981 -0.00291704
v -0.00180083 -0.01458863 -0.00318977
v -0.00156872 -0.01475394 -0.00291704
v -0.00180083 -0.01458863 -0.00318977
v -0.00202134 -0.01422829 -0.00346250
v -0.00202670 -0.01413328 -0.00346250
v -0.00202670 -0.01413328 -0.00346250
v -0.00237918 -0.01390449 -0.00373522
v -0.00180083 -0.01458863 -0.00318977
v -0.00177140 -0.01446988 -0.00318977
v -0.00149392 -0.01446638 -0.00291704
v -0.00177140 -0.01446988 -0.00318977
v -0.00151249 -0.01456381 -0.00291704
v -0.00151249 -0.01456381 -0.00291704
v -0.00177140 -0.01446988 -0.00318977
v -0.00180083 -0.01458863 -0.00318977
v -0.00204148 -0.01403928 -0.00346250
v -0.00204148 -0.01403928 -0.00346250
v -0.00241499 -0.01384672 -0.00373522
v -0.00245638 -0.01379280 -0.00373522
v -0.00237918 -0.01390449 -0.00373522
v -0.00241499 -0.01384672 -0.00373522
v -0.00149392 -0.01446638 -0.00291704
v -0.00175394 -0.01434878 -0.00318977
v -0.00177140 -0.01446988 -0.00318977
v -0.00147627 -0.01426889 -0.00291704
v -0.00175394 -0.01434878 -0.00318977
v -0.00148183 -0.01436793 -0.00291704
v -0.00148183 -0.01436793 -0.00291704
v -0.00175394 -0.01434878 -0.00318977
v -0.00149392 -0.01446638 -0.00291704
v -0.00175394 -0.01434878 -0.00318977
v -0.00206555 -0.01394721 -0.00346250
v -0.00147727 -0.01416971 -0.00291704
v -0.00174862 -0.01422655 -0.00318977
v -0.00147627 -0.01426889 -0.00291704
v -0.00174862 -0.01422655 -0.00318977
v -0.00147627 -0.01426889 -0.00291704
v -0.00174862 -0.01422655 -0.00318977
v -0.00175394 -0.01434878 -0.00318977
v -0.00209867 -0.01385800 -0.00346250
v -0.00209867 -0.01385800 -0.00346250
v -0.00206555 -0.01394721 -0.00346250
v -0.00147727 -0.01416971 -0.00291704
v -0.00175550 -0.01410439 -0.00318977
v -0.00174862 -0.01422655 -0.00318977
v -0.00149889 -0.01397262 -0.00291704
v -0.00175550 -0.01410439 -0.00318977
v -0.00148482 -0.01407080 -0.00291704
v -0.00148482 -0.01407080 -0.00291704
v -0.00175550 -0.01410439 -0.00318977
v -0.00147727 -0.01416971 -0.00291704
v -0.00175550 -0.01410439 -0.00318977
v -0.00174862 -0.01422655 -0.00318977
v -0.00175550 -0.01410439 -0.00318977
v -0.00214051 -0.01377253 -0.00346250
v -0.00149889 -0.01397262 -0.00291704
v -0.00177451 -0.01398353 -0.00318977
v -0.00151942 -0.01387558 -0.00291704
v -0.00177451 -0.01398353 -0.00318977
v -0.00149889 -0.01397262 -0.00291704
v -0.00219064 -0.01369165 -0.00346250
v -0.00224859 -0.01361616 -0.00346250
v -0.00219064 -0.01369165 -0.00346250
v -0.00214051 -0.01377253 -0.00346250
v -0.00180546 -0.01386516 -0.00318977
v -0.00157947 -0.01368662 -0.00291704
v -0.00180546 -0.01386516 -0.00318977
v -0.00154632 -0.01378010 -0.00291704
v -0.00154632 -0.01378010 -0.00291704
v -0.00180546 -0.01386516 -0.00318977
v -0.00151942 -0.01387558 -0.00291704
v -0.00151942 -0.01387558 -0.00291704
v -0.00177451 -0.01398353 -0.00318977
v -0.00161873 -0.01359552 -0.00291704
v -0.00184804 -0.01375046 -0.00318977
v -0.00157947 -0.01368662 -0.00291704
v -0.00157947 -0.01368662 -0.00291704
v -0.00184804 -0.01375046 -0.00318977
v -0.00180546 -0.01386516 -0.00318977
v -0.00184804 -0.01375046 -0.00318977
v -0.00171484 -0.01342211 -0.00291704
v -0.00190183 -0.01364057 -0.00318977
v -0.00166392 -0.01350723 -0.00291704
v -0.00166392 -0.01350723 -0.00291704
v -0.00190183 -0.01364057 -0.00318977
v -0.00161873 -0.01359552 -0.00291704
v -0.00161873 -0.01359552 -0.00291704
v -0.00190183 -0.01364057 -0.00318977
v -0.00184804 -0.01375046 -0.00318977
v -0.00190183 -0.01364057 -0.00318977
v -0.00190183 -0.01364057 -0.00318977
v -0.00196629 -0.01353658 -0.00318977
v -0.00204079 -0.01343952 -0.00318977
v -0.00202348 -0.01342480 -0.00316704
v -0.00202348 -0.01342480 -0.00316704
v -0.00196629 -0.01353658 -0.00318977
v -0.00171484 -0.01342211 -0.00291704
v -0.00171484 -0.01342211 -0.00291704
v -0.00196629 -0.01353658 -0.00318977
vt 0.50000000 0.50000000
vt 0.50000000 0.50000000
vt 0.50000000 0.50000000
vt 0.50000000 0.50000000
vt 0.50000000 0.50000000
vt 0.50000000 0.50000000
vt 0.50000000 0.50000000
vt 0.50000000 0.50000000
vt 0.50000000 0.50000000
vt 0.50000000 0.50000000
vt 0.50000000 0.50000000
vt 0.50000000 0.50000000
vt 0.50000000 0.50000000
vt 0.50000000 0.50000000
vt 0.50000000 0.50000000
vt 0.50000000 0.50000000
vt 0.50000000 0.50000000
vt 0.50000000 0.50000000
vt 0.50000000 0.50000000
vt 0.50000000 0.50000000
vt 0.50000000 0.50000000
vt 0.50000000 0.50000000
vt 0.50000000 0.50000000
vt 0.50000000 0.50000000
vt 0.50000000 0.50000000
vt 0.50000000 0.50000000
vt 0.50000000 0.50000000
vt 0.50000000 0.50000000
vt 0.50000000 0.50000000
vt 0.50000000 0.50000000
vt 0.50000000 0.50000000
vt 0.50000000 0.50000000
vt 0.50000000 0.50000000
vt 0.50000000 0.50000000
vt 0.50000000 0.50000000
vt 0.50000000 0.50000000
vt 0.50000000 0.50000000
vt 0.50000000 0.50000000
vt 0.50000000 0.50000000
vt 0.50000000 0.50000000
vt 0.50000000 0.50000000
vt 0.50000000 0.50000000
vt 0.50000000 0.50000000
vt 0.50000000 0.50000000
vt 0.50000000 0.50000000
vt 0.50000000 0.50000000
vt 0.50000000 0.50000000
vt 0.50000000 0.50000000
vt 0.50000000 0.50000000
vt 0.50000000 0.50000000
vt 0.50000000 0.50000000
vt 0.50000000 0.50000000
vt 0.50000000 0.50000000
vt 0.50000000 0.50000000
vt 0.50000000 0.50000000
vt 0.50000000 0.50000000
vt 0.50000000 0.50000000
vt 0.50000000 0.50000000
vt 0.50000000 0.50000000
vt 0.50000000 0.50000000
vt 0.50000000 0.50000000
vt 0.50000000 0.50000000
vt 0.50000000 0.50000000
vt 0.50000000 0.50000000
vt 0.50000000 0.50000000
vt 0.50000000 0.50000000
vt 0.50000000 0.50000000
vt 0.50000000 0.50000000
vt 0.50000000 0.50000000
vt 0.50000000 0.50000000
vt 0.50000000 0.50000000
vt 0.50000000 0.50000000
vt 0.50000000 0.50000000
vt 0.50000000 0.50000000
vt 0.50000000 0.50000000
vt 0.50000000 0.50000000
vt 0.50000000 0.50000000
vt 0.50000000 0.50000000
vt 0.50000000 0.50000000
vt 0.50000000 0.50000000
vt 0.50000000 0.50000000
vt 0.50000000 0.50000000
vt 0.50000000 0.50000000
vt 0.50000000 0.50000000
vt 0.50000000 0.50000000
vt 0.50000000 0.50000000
vt 0.50000000 0.50000000
vt 0.50000000 0.50000000
vt 0.50000000 0.50000000
vt 0.50000000 0.50000000
vt 0.50000000 0.50000000
vt 0.50000000 0.50000000
vt 0.50000000 0.50000000
vt 0.50000000 0.50000000
vt 0.50000000 0.50000000
vt 0.50000000 0.50000000
vt 0.50000000 0.50000000
vt 0.50000000 0.50000000
vt 0.50000000 0.50000000
vt 0.50000000 0.50000000
vt 0.50000000 0.50000000
vt 0.50000000 0.50000000
vt 0.50000000 0.50000000
vt 0.50000000 0.50000000
vt 0.50000000 0.50000000
vt 0.50000000 0.50000000
vt 0.50000000 0.50000000
vt 0.50000000 0.50000000
vt 0.50000000 0.50000000
vt 0.50000000 0.50000000
vt 0.50000000 0.50000000
vt 0.50000000 0.50000000
vt 0.50000000 0.50000000
vt 0.50000000 0.50000000
vt 0.50000000 0.50000000
vt 0.50000000 0.50000000
vt 0.50000000 0.50000000
vt 0.50000000 0.50000000
vt 0.50000000 0.50000000
vt 0.50000000 0.50000000
vt 0.50000000 0.50000000
vt 0.50000000 0.50000000
vt 0.50000000 0.50000000
vt 0.50000000 0.50000000
vt 0.50000000 0.50000000
vt 0.50000000 0.50000000
vt 0.50000000 0.50000000
vt 0.50000000 0.50000000
vt 0.50000000 0.50000000
vt 0.50000000 0.50000000
vt 0.50000000 0.50000000
vt 0.50000000 0.50000000
vt 0.50000000 0.50000000
vt 0.50000000 0.50000000
vt 0.50000000 0.50000000
vt 0.50000000 0.50000000
vt 0.50000000 0.50000000
vt 0.50000000 0.50000000
vt 0.50000000 0.50000000
vt 0.50000000 0.50000000
vt 0.50000000 0.50000000
vt 0.50000000 0.50000000
vt 0.50000000 0.50000000
vt 0.50000000 0.50000000
vt 0.50000000 0.50000000
vt 0.50000000 0.50000000
vt 0.50000000 0.50000000
vt 0.50000000 0.50000000
vt 0.50000000 0.50000000
vt 0.50000000 0.50000000
vt 0.50000000 0.50000000
vt 0.50000000 0.50000000
vt 0.50000000 0.50000000
vt 0.50000000 0.50000000
vt 0.50000000 0.50000000
vt 0.50000000 0.50000000
vt 0.50000000 0.50000000
vt 0.50000000 0.50000000
vt 0.50000000 0.50000000
vt 0.50000000 0.50000000
vt 0.50000000 0.50000000
vt 0.50000000 0.50000000
vt 0.50000000 0.50000000
vt 0.50000000 0.50000000
vt 0.50000000 0.50000000
vt 0.50000000 0.50000000
vt 0.50000000 0.50000000
vt 0.50000000 0.50000000
vt 0.50000000 0.50000000
vt 0.50000000 0.50000000
vt 0.50000000 0.50000000
vt 0.50000000 0.50000000
vt 0.50000000 0.50000000
vt 0.50000000 0.50000000
vt 0.50000000 0.50000000
vt 0.50000000 0.50000000
vt 0.50000000 0.50000000
vt 0.50000000 0.50000000
vt 0.50000000 0.50000000
vt 0.50000000 0.50000000
vt 0.50000000 0.50000000
vt 0.50000000 0.50000000
vt 0.50000000 0.50000000
vt 0.50000000 0.50000000
vt 0.50000000 0.50000000
vt 0.50000000 0.50000000
vt 0.50000000 0.50000000
vt 0.50000000 0.50000000
vt 0.50000000 0.50000000
vt 0.50000000 0.50000000
vt 0.50000000 0.50000000
vt 0.50000000 0.50000000
vt 0.50000000 0.50000000
vt 0.50000000 0.50000000
vt 0.50000000 0.50000000
vt 0.50000000 0.50000000
vt 0.50000000 0.50000000
vt 0.50000000 0.50000000
vt 0.50000000 0.50000000
vt 0.50000000 0.50000000
vt 0.50000000 0.50000000
vt 0.50000000 0.50000000
vt 0.50000000 0.50000000
vt 0.50000000 0.50000000
vt 0.50000000 0.50000000
vt 0.50000000 0.50000000
vt 0.50000000 0.50000000
vt 0.50000000 0.50000000
vt 0.50000000 0.50000000
vt 0.50000000 0.50000000
vt 0.50000000 0.50000000
vt 0.50000000 0.50000000
vt 0.50000000 0.50000000
vt 0.50000000 0.50000000
vt 0.50000000 0.50000000
vt 0.50000000 0.50000000
vt 0.50000000 0.50000000
vt 0.50000000 0.50000000
vt 0.50000000 0.50000000
vt 0.50000000 0.50000000
vt 0.50000000 0.50000000
vt 0.50000000 0.50000000
vt 0.50000000 0.50000000
vt 0.50000000 0.50000000
vt 0.50000000 0.50000000
vt 0.50000000 0.50000000
vt 0.50000000 0.50000000
vt 0.50000000 0.50000000
vt 0.50000000 0.50000000
vt 0.50000000 0.50000000
vt 0.50000000 0.50000000
vt 0.50000000 0.50000000
vt 0.50000000 0.50000000
vt 0.50000000 0.50000000
vt 0.50000000 0.50000000
vt 0.50000000 0.50000000
vt 0.50000000 0.50000000
vt 0.50000000 0.50000000
vt 0.50000000 0.50000000
vt 0.50000000 0.50000000
vt 0.50000000 0.50000000
vt 0.50000000 0.50000000
vt 0.50000000 0.50000000
vt 0.50000000 0.50000000
vt 0.50000000 0.50000000
vt 0.50000000 0.50000000
vt 0.50000000 0.50000000
vt 0.50000000 0.50000000
vt 0.50000000 0.50000000
vt 0.50000000 0.50000000
vt 0.50000000 0.50000000
vt 0.50000000 0.50000000
vt 0.50000000 0.50000000
vt 0.50000000 0.50000000
vt 0.50000000 0.50000000
vt 0.50000000 0.50000000
vt 0.50000000 0.50000000
vt 0.50000000 0.50000000
vt 0.50000000 0.50000000
vt 0.50000000 0.50000000
vt 0.50000000 0.50000000
vt 0.50000000 0.50000000
vt 0.50000000 0.50000000
vt 0.50000000 0.50000000
vt 0.50000000 0.50000000
vt 0.50000000 0.50000000
vt 0.50000000 0.50000000
vt 0.50000000 0.50000000
vt 0.50000000 0.50000000
vt 0.50000000 0.50000000
vt 0.50000000 0.50000000
vt 0.50000000 0.50000000
vt 0.50000000 0.50000000
vt 0.50000000 0.50000000
vt 0.50000000 0.50000000
vt 0.50000000 0.50000000
vt 0.50000000 0.50000000
vt 0.50000000 0.50000000
vt 0.50000000 0.50000000
vt 0.50000000 0.50000000
vt 0.50000000 0.50000000
vt 0.50000000 0.50000000
vt 0.50000000 0.50000000
vt 0.50000000 0.50000000
vt 0.50000000 0.50000000
vt 0.50000000 0.50000000
vt 0.50000000 0.50000000
vt 0.50000000 0.50000000
vt 0.50000000 0.50000000
vt 0.50000000 0.50000000
vt 0.50000000 0.50000000
vt 0.50000000 0.50000000
vt 0.50000000 0.50000000
vt 0.50000000 0.50000000
vt 0.50000000 0.50000000
vt 0.50000000 0.50000000
vt 0.50000000 0.50000000
vt 0.50000000 0.50000000
vt 0.50000000 0.50000000
vt 0.50000000 0.50000000
vt 0.50000000 0.50000000
vt 0.50000000 0.50000000
vt 0.50000000 0.50000000
vt 0.50000000 0.50000000
vt 0.50000000 0.50000000
vt 0.50000000 0.50000000
vt 0.50000000 0.50000000
vt 0.50000000 0.50000000
vt 0.50000000 0.50000000
vt 0.50000000 0.50000000
vt 0.50000000 0.50000000
vt 0.50000000 0.50000000
vt 0.50000000 0.50000000
vt 0.50000000 0.50000000
vt 0.50000000 0.50000000
vt 0.50000000 0.50000000
vt 0.50000000 0.50000000
vt 0.50000000 0.50000000
vt 0.50000000 0.50000000
vt 0.50000000 0.50000000
vt 0.50000000 0.50000000
vt 0.50000000 0.50000000
vt 0.50000000 0.50000000
vt 0.50000000 0.50000000
vt 0.50000000 0.50000000
vt 0.50000000 0.50000000
vt 0.50000000 0.50000000
vt 0.50000000 0.50000000
vt 0.50000000 0.50000000
vt 0.50000000 0.50000000
vt 0.50000000 0.50000000
vt 0.50000000 0.50000000
vt 0.50000000 0.50000000
vt 0.50000000 0.50000000
vt 0.50000000 0.50000000
vt 0.50000000 0.50000000
vt 0.50000000 0.50000000
vt 0.50000000 0.50000000
vt 0.50000000 0.50000000
vt 0.50000000 0.50000000
vt 0.50000000 0.50000000
vt 0.50000000 0.50000000
vt 0.50000000 0.50000000
vt 0.50000000 0.50000000
vt 0.50000000 0.50000000
vt 0.50000000 0.50000000
vt 0.50000000 0.50000000
vt 0.50000000 0.50000000
vt 0.50000000 0.50000000
vt 0.50000000 0.50000000
vt 0.50000000 0.50000000
vt 0.50000000 0.50000000
vt 0.50000000 0.50000000
vt 0.50000000 0.50000000
vt 0.50000000 0.50000000
vt 0.50000000 0.50000000
vt 0.50000000 0.50000000
vt 0.50000000 0.50000000
vt 0.50000000 0.50000000
vt 0.50000000 0.50000000
vt 0.50000000 0.50000000
vt 0.50000000 0.50000000
vt 0.50000000 0.50000000
vt 0.50000000 0.50000000
vt 0.50000000 0.50000000
vt 0.50000000 0.50000000
vt 0.50000000 0.50000000
vt 0.50000000 0.50000000
vt 0.50000000 0.50000000
vt 0.50000000 0.50000000
vt 0.50000000 0.50000000
vt 0.50000000 0.50000000
vt 0.50000000 0.50000000
vt 0.50000000 0.50000000
vt 0.50000000 0.50000000
vt 0.50000000 0.50000000
vt 0.50000000 0.50000000
vt 0.50000000 0.50000000
vt 0.50000000 0.50000000
vt 0.50000000 0.50000000
vt 0.50000000 0.50000000
vt 0.50000000 0.50000000
vt 0.50000000 0.50000000
vt 0.50000000 0.50000000
vt 0.50000000 0.50000000
vt 0.50000000 0.50000000
vt 0.50000000 0.50000000
vt 0.50000000 0.50000000
vt 0.50000000 0.50000000
vt 0.50000000 0.50000000
vt 0.50000000 0.50000000
vt 0.50000000 0.50000000
vt 0.50000000 0.50000000
vt 0.50000000 0.50000000
vt 0.50000000 0.50000000
vt 0.50000000 0.50000000
vt 0.50000000 0.50000000
vt 0.50000000 0.50000000
vt 0.50000000 0.50000000
vt 0.50000000 0.50000000
vt 0.50000000 0.50000000
vt 0.50000000 0.50000000
vt 0.50000000 0.50000000
vt 0.50000000 0.50000000
vt 0.50000000 0.50000000
vt 0.50000000 0.50000000
vt 0.50000000 0.50000000
vt 0.50000000 0.50000000
vt 0.50000000 0.50000000
vt 0.50000000 0.50000000
vt 0.50000000 0.50000000
vt 0.50000000 0.50000000
vt 0.50000000 0.50000000
vt 0.50000000 0.50000000
vt 0.50000000 0.50000000
vt 0.50000000 0.50000000
vt 0.50000000 0.50000000
vt 0.50000000 0.50000000
vt 0.50000000 0.50000000
vt 0.50000000 0.50000000
vt 0.50000000 0.50000000
vt 0.50000000 0.50000000
vt 0.50000000 0.50000000
vt 0.50000000 0.50000000
vt 0.50000000 0.50000000
vt 0.50000000 0.50000000
vt 0.50000000 0.50000000
vt 0.50000000 0.50000000
vt 0.50000000 0.50000000
vt 0.50000000 0.50000000
vt 0.50000000 0.50000000
vt 0.50000000 0.50000000
vt 0.50000000 0.50000000
vt 0.50000000 0.50000000
vt 0.50000000 0.50000000
vt 0.50000000 0.50000000
vt 0.50000000 0.50000000
vt 0.50000000 0.50000000
vt 0.50000000 0.50000000
vt 0.50000000 0.50000000
vt 0.50000000 0.50000000
vt 0.50000000 0.50000000
vt 0.50000000 0.50000000
vt 0.50000000 0.50000000
vt 0.50000000 0.50000000
vt 0.50000000 0.50000000
vt 0.50000000 0.50000000
vt 0.50000000 0.50000000
vt 0.50000000 0.50000000
vt 0.50000000 0.50000000
vt 0.50000000 0.50000000
vt 0.50000000 0.50000000
vt 0.50000000 0.50000000
vt 0.50000000 0.50000000
vt 0.50000000 0.50000000
vt 0.50000000 0.50000000
vt 0.50000000 0.50000000
vt 0.50000000 0.50000000
vt 0.50000000 0.50000000
vt 0.50000000 0.50000000
vt 0.50000000 0.50000000
vt 0.50000000 0.50000000
vt 0.50000000 0.50000000
vt 0.50000000 0.50000000
vt 0.50000000 0.50000000
vt 0.50000000 0.50000000
vt 0.50000000 0.50000000
vt 0.50000000 0.50000000
vt 0.50000000 0.50000000
vt 0.50000000 0.50000000
vt 0.50000000 0.50000000
vt 0.50000000 0.50000000
vt 0.50000000 0.50000000
vt 0.50000000 0.50000000
vt 0.50000000 0.50000000
vt 0.50000000 0.50000000
vt 0.50000000 0.50000000
vt 0.50000000 0.50000000
vt 0.50000000 0.50000000
vt 0.50000000 0.50000000
vt 0.50000000 0.50000000
vt 0.50000000 0.50000000
vt 0.50000000 0.50000000
vt 0.50000000 0.50000000
vt 0.50000000 0.50000000
vt 0.50000000 0.50000000
vt 0.50000000 0.50000000
vt 0.50000000 0.50000000
vt 0.50000000 0.50000000
vt 0.50000000 0.50000000
vt 0.50000000 0.50000000
vt 0.50000000 0.50000000
vt 0.50000000 0.50000000
vt 0.50000000 0.50000000
vt 0.50000000 0.50000000
vt 0.50000000 0.50000000
vt 0.50000000 0.50000000
vt 0.50000000 0.50000000
vt 0.50000000 0.50000000
vt 0.50000000 0.50000000
vt 0.50000000 0.50000000
vt 0.50000000 0.50000000
vt 0.50000000 0.50000000
vt 0.50000000 0.50000000
vt 0.50000000 0.50000000
vt 0.50000000 0.50000000
vt 0.50000000 0.50000000
vt 0.50000000 0.50000000
vt 0.50000000 0.50000000
vt 0.50000000 0.50000000
vt 0.50000000 0.50000000
vt 0.50000000 0.50000000
vt 0.50000000 0.50000000
vt 0.50000000 0.50000000
vt 0.50000000 0.50000000
vt 0.50000000 0.50000000
vt 0.50000000 0.50000000
vt 0.50000000 0.50000000
vt 0.50000000 0.50000000
vt 0.50000000 0.50000000
vt 0.50000000 0.50000000
vt 0.50000000 0.50000000
vt 0.50000000 0.50000000
vt 0.50000000 0.50000000
vt 0.50000000 0.50000000
vt 0.50000000 0.50000000
vt 0.50000000 0.50000000
vt 0.50000000 0.50000000
vt 0.50000000 0.50000000
vt 0.50000000 0.50000000
vt 0.50000000 0.50000000
vt 0.50000000 0.50000000
vt 0.50000000 0.50000000
vt 0.50000000 0.50000000
vt 0.50000000 0.50000000
vt 0.50000000 0.50000000
vt 0.50000000 0.50000000
vt 0.50000000 0.50000000
vt 0.50000000 0.50000000
vt 0.50000000 0.50000000
vt 0.50000000 0.50000000
vt 0.50000000 0.50000000
vt 0.50000000 0.50000000
vt 0.50000000 0.50000000
vt 0.50000000 0.50000000
vt 0.50000000 0.50000000
vt 0.50000000 0.50000000
vt 0.50000000 0.50000000
vt 0.50000000 0.50000000
vt 0.50000000 0.50000000
vt 0.50000000 0.50000000
vt 0.50000000 0.50000000
vt 0.50000000 0.50000000
vt 0.50000000 0.50000000
vt 0.50000000 0.50000000
vt 0.50000000 0.50000000
vt 0.50000000 0.50000000
vt 0.50000000 0.50000000
vt 0.50000000 0.50000000
vt 0.50000000 0.50000000
vt 0.50000000 0.50000000
vt 0.50000000 0.50000000
vt 0.50000000 0.50000000
vt 0.50000000 0.50000000
vt 0.50000000 0.50000000
vt 0.50000000 0.50000000
vt 0.50000000 0.50000000
vt 0.50000000 0.50000000
vt 0.50000000 0.50000000
vt 0.50000000 0.50000000
vt 0.50000000 0.50000000
vt 0.50000000 0.50000000
vt 0.50000000 0.50000000
vt 0.50000000 0.50000000
vt 0.50000000 0.50000000
vt 0.50000000 0.50000000
vt 0.50000000 0.50000000
vt 0.50000000 0.50000000
vt 0.50000000 0.50000000
vt 0.50000000 0.50000000
vt 0.50000000 0.50000000
vt 0.50000000 0.50000000
vt 0.50000000 0.50000000
vt 0.50000000 0.50000000
vt 0.50000000 0.50000000
vt 0.50000000 0.50000000
vt 0.50000000 0.50000000
vt 0.50000000 0.50000000
vt 0.50000000 0.50000000
vt 0.50000000 0.50000000
vt 0.50000000 0.50000000
vt 0.50000000 0.50000000
vt 0.50000000 0.50000000
vt 0.50000000 0.50000000
vt 0.50000000 0.50000000
vt 0.50000000 0.50000000
vt 0.50000000 0.50000000
vt 0.50000000 0.50000000
vt 0.50000000 0.50000000
vt 0.50000000 0.50000000
vt 0.50000000 0.50000000
vt 0.50000000 0.50000000
vt 0.50000000 0.50000000
vt 0.50000000 0.50000000
vt 0.50000000 0.50000000
vt 0.50000000 0.50000000
vt 0.50000000 0.50000000
vt 0.50000000 0.50000000
vt 0.50000000 0.50000000
vt 0.50000000 0.50000000
vt 0.50000000 0.50000000
vt 0.50000000 0.50000000
vt 0.50000000 0.50000000
vt 0.50000000 0.50000000
vt 0.50000000 0.50000000
vt 0.50000000 0.50000000
vt 0.50000000 0.50000000
vt 0.50000000 0.50000000
vt 0.50000000 0.50000000
vt 0.50000000 0.50000000
vt 0.50000000 0.50000000
vt 0.50000000 0.50000000
vt 0.50000000 0.50000000
vt 0.50000000 0.50000000
vt 0.50000000 0.50000000
vt 0.50000000 0.50000000
vt 0.50000000 0.50000000
vt 0.50000000 0.50000000
vt 0.50000000 0.50000000
vt 0.50000000 0.50000000
vt 0.50000000 0.50000000
vt 0.50000000 0.50000000
vt 0.50000000 0.50000000
vt 0.50000000 0.50000000
vt 0.50000000 0.50000000
vt 0.50000000 0.50000000
vt 0.50000000 0.50000000
vt 0.50000000 0.50000000
vt 0.50000000 0.50000000
vt 0.50000000 0.50000000
vt 0.50000000 0.50000000
vt 0.50000000 0.50000000
vt 0.50000000 0.50000000
vt 0.50000000 0.50000000
vt 0.50000000 0.50000000
vt 0.50000000 0.50000000
vt 0.50000000 0.50000000
vt 0.50000000 0.50000000
vt 0.50000000 0.50000000
vt 0.50000000 0.50000000
vt 0.50000000 0.50000000
vt 0.50000000 0.50000000
vt 0.50000000 0.50000000
vt 0.50000000 0.50000000
vt 0.50000000 0.50000000
vt 0.50000000 0.50000000
vt 0.50000000 0.50000000
vt 0.50000000 0.50000000
vt 0.50000000 0.50000000
vt 0.50000000 0.50000000
vt 0.50000000 0.50000000
vt 0.50000000 0.50000000
vt 0.50000000 0.50000000
vt 0.50000000 0.50000000
vt 0.50000000 0.50000000
vt 0.50000000 0.50000000
vt 0.50000000 0.50000000
vt 0.50000000 0.50000000
vt 0.50000000 0.50000000
vt 0.50000000 0.50000000
vt 0.50000000 0.50000000
vt 0.50000000 0.50000000
vt 0.50000000 0.50000000
vt 0.50000000 0.50000000
vt 0.50000000 0.50000000
vt 0.50000000 0.50000000
vt 0.50000000 0.50000000
vt 0.50000000 0.50000000
vt 0.50000000 0.50000000
vt 0.50000000 0.50000000
vt 0.50000000 0.50000000
vt 0.50000000 0.50000000
vt 0.50000000 0.50000000
vt 0.50000000 0.50000000
vt 0.50000000 0.50000000
vt 0.50000000 0.50000000
vt 0.50000000 0.50000000
vt 0.50000000 0.50000000
vt 0.50000000 0.50000000
vt 0.50000000 0.50000000
vt 0.50000000 0.50000000
vt 0.50000000 0.50000000
vt 0.50000000 0.50000000
vt 0.50000000 0.50000000
vt 0.50000000 0.50000000
vt 0.50000000 0.50000000
vt 0.50000000 0.50000000
vt 0.50000000 0.50000000
vt 0.50000000 0.50000000
vt 0.50000000 0.50000000
vt 0.50000000 0.50000000
vt 0.50000000 0.50000000
vt 0.50000000 0.50000000
vt 0.50000000 0.50000000
vt 0.50000000 0.50000000
vt 0.50000000 0.50000000
vt 0.50000000 0.50000000
vt 0.50000000 0.50000000
vt 0.50000000 0.50000000
vt 0.50000000 0.50000000
vt 0.50000000 0.50000000
vt 0.50000000 0.50000000
vt 0.50000000 0.50000000
vt 0.50000000 0.50000000
vt 0.50000000 0.50000000
vt 0.50000000 0.50000000
vt 0.50000000 0.50000000
vt 0.50000000 0.50000000
vt 0.50000000 0.50000000
vt 0.50000000 0.50000000
vt 0.50000000 0.50000000
vt 0.50000000 0.50000000
vt 0.50000000 0.50000000
vt 0.50000000 0.50000000
vt 0.50000000 0.50000000
vt 0.50000000 0.50000000
vt 0.50000000 0.50000000
vt 0.50000000 0.50000000
vt 0.50000000 0.50000000
vt 0.50000000 0.50000000
vt 0.50000000 0.50000000
vt 0.50000000 0.50000000
vt 0.50000000 0.50000000
vt 0.50000000 0.50000000
vt 0.50000000 0.50000000
vt 0.50000000 0.50000000
vt 0.50000000 0.50000000
vt 0.50000000 0.50000000
vt 0.50000000 0.50000000
vt 0.50000000 0.50000000
vt 0.50000000 0.50000000
vt 0.50000000 0.50000000
vt 0.50000000 0.50000000
vt 0.50000000 0.50000000
vt 0.50000000 0.50000000
vt 0.50000000 0.50000000
vt 0.50000000 0.50000000
vt 0.50000000 0.50000000
vt 0.50000000 0.50000000
vt 0.50000000 0.50000000
vt 0.50000000 0.50000000
vt 0.50000000 0.50000000
vt 0.50000000 0.50000000
vt 0.50000000 0.50000000
vt 0.50000000 0.50000000
vt 0.50000000 0.50000000
vt 0.50000000 0.50000000
vt 0.50000000 0.50000000
vt 0.50000000 0.50000000
vt 0.50000000 0.50000000
vt 0.50000000 0.50000000
vt 0.50000000 0.50000000
vt 0.50000000 0.50000000
vt 0.50000000 0.50000000
vt 0.50000000 0.50000000
vt 0.50000000 0.50000000
vt 0.50000000 0.50000000
vt 0.50000000 0.50000000
vt 0.50000000 0.50000000
vt 0.50000000 0.50000000
vt 0.50000000 0.50000000
vt 0.50000000 0.50000000
vt 0.50000000 0.50000000
vt 0.50000000 0.50000000
vt 0.50000000 0.50000000
vt 0.50000000 0.50000000
vt 0.50000000 0.50000000
vt 0.50000000 0.50000000
vt 0.50000000 0.50000000
vt 0.50000000 0.50000000
vt 0.50000000 0.50000000
vt 0.50000000 0.50000000
vt 0.50000000 0.50000000
vt 0.50000000 0.50000000
vt 0.50000000 0.50000000
vt 0.50000000 0.50000000
vt 0.50000000 0.50000000
vt 0.50000000 0.50000000
vt 0.50000000 0.50000000
vt 0.50000000 0.50000000
vt 0.50000000 0.50000000
vt 0.50000000 0.50000000
vt 0.50000000 0.50000000
vt 0.50000000 0.50000000
vt 0.50000000 0.50000000
vt 0.50000000 0.50000000
vt 0.50000000 0.50000000
vt 0.50000000 0.50000000
vt 0.50000000 0.50000000
vt 0.50000000 0.50000000
vt 0.50000000 0.50000000
vt 0.50000000 0.50000000
vt 0.50000000 0.50000000
vt 0.50000000 0.50000000
vt 0.50000000 0.50000000
vt 0.50000000 0.50000000
vt 0.50000000 0.50000000
vt 0.50000000 0.50000000
vt 0.50000000 0.50000000
vt 0.50000000 0.50000000
vt 0.50000000 0.50000000
vt 0.50000000 0.50000000
vt 0.50000000 0.50000000
vt 0.50000000 0.50000000
vt 0.50000000 0.50000000
vt 0.50000000 0.50000000
vt 0.50000000 0.50000000
vt 0.50000000 0.50000000
vt 0.50000000 0.50000000
vt 0.50000000 0.50000000
vt 0.50000000 0.50000000
vt 0.50000000 0.50000000
vt 0.50000000 0.50000000
vt 0.50000000 0.50000000
vt 0.50000000 0.50000000
vt 0.50000000 0.50000000
vt 0.50000000 0.50000000
vt 0.50000000 0.50000000
vt 0.50000000 0.50000000
vt 0.50000000 0.50000000
vt 0.50000000 0.50000000
vt 0.50000000 0.50000000
vt 0.50000000 0.50000000
vt 0.50000000 0.50000000
vt 0.50000000 0.50000000
vt 0.50000000 0.50000000
vt 0.50000000 0.50000000
vt 0.50000000 0.50000000
vt 0.50000000 0.50000000
vt 0.50000000 0.50000000
vt 0.50000000 0.50000000
vt 0.50000000 0.50000000
vt 0.50000000 0.50000000
vt 0.50000000 0.50000000
vt 0.50000000 0.50000000
vt 0.50000000 0.50000000
vt 0.50000000 0.50000000
vt 0.50000000 0.50000000
vt 0.50000000 0.50000000
vt 0.50000000 0.50000000
vt 0.50000000 0.50000000
vt 0.50000000 0.50000000
vt 0.50000000 0.50000000
vt 0.50000000 0.50000000
vt 0.50000000 0.50000000
vt 0.50000000 0.50000000
vt 0.50000000 0.50000000
vt 0.50000000 0.50000000
vt 0.50000000 0.50000000
vt 0.50000000 0.50000000
vt 0.50000000 0.50000000
vt 0.50000000 0.50000000
vt 0.50000000 0.50000000
vt 0.50000000 0.50000000
vt 0.50000000 0.50000000
vt 0.50000000 0.50000000
vt 0.50000000 0.50000000
vt 0.50000000 0.50000000
vt 0.50000000 0.50000000
vt 0.50000000 0.50000000
vt 0.50000000 0.50000000
vt 0.50000000 0.50000000
vt 0.50000000 0.50000000
vt 0.50000000 0.50000000
vt 0.50000000 0.50000000
vt 0.50000000 0.50000000
vt 0.50000000 0.50000000
vt 0.50000000 0.50000000
vt 0.50000000 0.50000000
vt 0.50000000 0.50000000
vt 0.50000000 0.50000000
vt 0.50000000 0.50000000
vt 0.50000000 0.50000000
vt 0.50000000 0.50000000
vt 0.50000000 0.50000000
vt 0.50000000 0.50000000
vt 0.50000000 0.50000000
vt 0.50000000 0.50000000
vt 0.50000000 0.50000000
vt 0.50000000 0.50000000
vt 0.50000000 0.50000000
vt 0.50000000 0.50000000
vt 0.50000000 0.50000000
vt 0.50000000 0.50000000
vt 0.50000000 0.50000000
vt 0.50000000 0.50000000
vt 0.50000000 0.50000000
vt 0.50000000 0.50000000
vt 0.50000000 0.50000000
vt 0.50000000 0.50000000
vt 0.50000000 0.50000000
vt 0.50000000 0.50000000
vt 0.50000000 0.50000000
vt 0.50000000 0.50000000
vt 0.50000000 0.50000000
vt 0.50000000 0.50000000
vt 0.50000000 0.50000000
vt 0.50000000 0.50000000
vt 0.50000000 0.50000000
vt 0.50000000 0.50000000
vt 0.50000000 0.50000000
vt 0.50000000 0.50000000
vt 0.50000000 0.50000000
vt 0.50000000 0.50000000
vt 0.50000000 0.50000000
vt 0.50000000 0.50000000
vt 0.50000000 0.50000000
vt 0.50000000 0.50000000
vt 0.50000000 0.50000000
vt 0.50000000 0.50000000
vt 0.50000000 0.50000000
vt 0.50000000 0.50000000
vt 0.50000000 0.50000000
vt 0.50000000 0.50000000
vt 0.50000000 0.50000000
vt 0.50000000 0.50000000
vt 0.50000000 0.50000000
vt 0.50000000 0.50000000
vt 0.50000000 0.50000000
vt 0.50000000 0.50000000
vt 0.50000000 0.50000000
vt 0.50000000 0.50000000
vt 0.50000000 0.50000000
vt 0.50000000 0.50000000
vt 0.50000000 0.50000000
vt 0.50000000 0.50000000
vt 0.50000000 0.50000000
vt 0.50000000 0.50000000
vt 0.50000000 0.50000000
vt 0.50000000 0.50000000
vt 0.50000000 0.50000000
vt 0.50000000 0.50000000
vt 0.50000000 0.50000000
vt 0.50000000 0.50000000
vt 0.50000000 0.50000000
vt 0.50000000 0.50000000
vt 0.50000000 0.50000000
vt 0.50000000 0.50000000
vt 0.50000000 0.50000000
vt 0.50000000 0.50000000
vt 0.50000000 0.50000000
vt 0.50000000 0.50000000
vt 0.50000000 0.50000000
vt 0.50000000 0.50000000
vt 0.50000000 0.50000000
vt 0.50000000 0.50000000
vt 0.50000000 0.50000000
vt 0.50000000 0.50000000
vt 0.50000000 0.50000000
vt 0.50000000 0.50000000
vt 0.50000000 0.50000000
vt 0.50000000 0.50000000
vt 0.50000000 0.50000000
vt 0.50000000 0.50000000
vt 0.50000000 0.50000000
vt 0.50000000 0.50000000
vt 0.50000000 0.50000000
vt 0.50000000 0.50000000
vt 0.50000000 0.50000000
vt 0.50000000 0.50000000
vt 0.50000000 0.50000000
vt 0.50000000 0.50000000
vt 0.50000000 0.50000000
vt 0.50000000 0.50000000
vt 0.50000000 0.50000000
vt 0.50000000 0.50000000
vt 0.50000000 0.50000000
vt 0.50000000 0.50000000
vt 0.50000000 0.50000000
vt 0.50000000 0.50000000
vt 0.50000000 0.50000000
vt 0.50000000 0.50000000
vt 0.50000000 0.50000000
vt 0.50000000 0.50000000
vt 0.50000000 0.50000000
vt 0.50000000 0.50000000
vt 0.50000000 0.50000000
vt 0.50000000 0.50000000
vt 0.50000000 0.50000000
vt 0.50000000 0.50000000
vt 0.50000000 0.50000000
vt 0.50000000 0.50000000
vt 0.50000000 0.50000000
vt 0.50000000 0.50000000
vt 0.50000000 0.50000000
vt 0.50000000 0.50000000
vt 0.50000000 0.50000000
vt 0.50000000 0.50000000
vt 0.50000000 0.50000000
vt 0.50000000 0.50000000
vt 0.50000000 0.50000000
vt 0.50000000 0.50000000
vt 0.50000000 0.50000000
vt 0.50000000 0.50000000
vt 0.50000000 0.50000000
vt 0.50000000 0.50000000
vt 0.50000000 0.50000000
vt 0.50000000 0.50000000
vt 0.50000000 0.50000000
vt 0.50000000 0.50000000
vt 0.50000000 0.50000000
vt 0.50000000 0.50000000
vt 0.50000000 0.50000000
vt 0.50000000 0.50000000
vt 0.50000000 0.50000000
vt 0.50000000 0.50000000
vt 0.50000000 0.50000000
vt 0.50000000 0.50000000
vt 0.50000000 0.50000000
vt 0.50000000 0.50000000
vt 0.50000000 0.50000000
vt 0.50000000 0.50000000
vt 0.50000000 0.50000000
vt 0.50000000 0.50000000
vt 0.50000000 0.50000000
vt 0.50000000 0.50000000
vt 0.50000000 0.50000000
vt 0.50000000 0.50000000
vt 0.50000000 0.50000000
vt 0.50000000 0.50000000
vt 0.50000000 0.50000000
vt 0.50000000 0.50000000
vt 0.50000000 0.50000000
vt 0.50000000 0.50000000
vt 0.50000000 0.50000000
vt 0.50000000 0.50000000
vt 0.50000000 0.50000000
vt 0.50000000 0.50000000
vt 0.50000000 0.50000000
vt 0.50000000 0.50000000
vt 0.50000000 0.50000000
vt 0.50000000 0.50000000
vt 0.50000000 0.50000000
vt 0.50000000 0.50000000
vt 0.50000000 0.50000000
vt 0.50000000 0.50000000
vt 0.50000000 0.50000000
vt 0.50000000 0.50000000
vt 0.50000000 0.50000000
vt 0.50000000 0.50000000
vt 0.50000000 0.50000000
vt 0.50000000 0.50000000
vt 0.50000000 0.50000000
vt 0.50000000 0.50000000
vt 0.50000000 0.50000000
vt 0.50000000 0.50000000
vt 0.50000000 0.50000000
vt 0.50000000 0.50000000
vt 0.50000000 0.50000000
vt 0.50000000 0.50000000
vt 0.50000000 0.50000000
vt 0.50000000 0.50000000
vt 0.50000000 0.50000000
vt 0.50000000 0.50000000
vt 0.50000000 0.50000000
vt 0.50000000 0.50000000
vt 0.50000000 0.50000000
vt 0.50000000 0.50000000
vt 0.50000000 0.50000000
vt 0.50000000 0.50000000
vt 0.50000000 0.50000000
vt 0.50000000 0.50000000
vt 0.50000000 0.50000000
vt 0.50000000 0.50000000
vt 0.50000000 0.50000000
vt 0.50000000 0.50000000
vt 0.50000000 0.50000000
vt 0.50000000 0.50000000
vt 0.50000000 0.50000000
vt 0.50000000 0.50000000
vt 0.50000000 0.50000000
vt 0.50000000 0.50000000
vt 0.50000000 0.50000000
vt 0.50000000 0.50000000
vt 0.50000000 0.50000000
vt 0.50000000 0.50000000
vt 0.50000000 0.50000000
vt 0.50000000 0.50000000
vt 0.50000000 0.50000000
vt 0.50000000 0.50000000
vt 0.50000000 0.50000000
vt 0.50000000 0.50000000
vt 0.50000000 0.50000000
vt 0.50000000 0.50000000
vt 0.50000000 0.50000000
vt 0.50000000 0.50000000
vt 0.50000000 0.50000000
vt 0.50000000 0.50000000
vt 0.50000000 0.50000000
vt 0.50000000 0.50000000
vt 0.50000000 0.50000000
vt 0.50000000 0.50000000
vt 0.50000000 0.50000000
vt 0.50000000 0.50000000
vt 0.50000000 0.50000000
vt 0.50000000 0.50000000
vt 0.50000000 0.50000000
vt 0.50000000 0.50000000
vt 0.50000000 0.50000000
vt 0.50000000 0.50000000
vt 0.50000000 0.50000000
vt 0.50000000 0.50000000
vt 0.50000000 0.50000000
vt 0.50000000 0.50000000
vt 0.50000000 0.50000000
vt 0.50000000 0.50000000
vt 0.50000000 0.50000000
vt 0.50000000 0.50000000
vt 0.50000000 0.50000000
vt 0.50000000 0.50000000
vt 0.50000000 0.50000000
vt 0.50000000 0.50000000
vt 0.50000000 0.50000000
vt 0.50000000 0.50000000
vt 0.50000000 0.50000000
vt 0.50000000 0.50000000
vt 0.50000000 0.50000000
vt 0.50000000 0.50000000
vt 0.50000000 0.50000000
vt 0.50000000 0.50000000
vt 0.50000000 0.50000000
vt 0.50000000 0.50000000
vt 0.50000000 0.50000000
vt 0.50000000 0.50000000
vt 0.50000000 0.50000000
vt 0.50000000 0.50000000
vt 0.50000000 0.50000000
vt 0.50000000 0.50000000
vt 0.50000000 0.50000000
vt 0.50000000 0.50000000
vt 0.50000000 0.50000000
vt 0.50000000 0.50000000
vt 0.50000000 0.50000000
vt 0.50000000 0.50000000
vt 0.50000000 0.50000000
vt 0.50000000 0.50000000
vt 0.50000000 0.50000000
vt 0.50000000 0.50000000
vt 0.50000000 0.50000000
vt 0.50000000 0.50000000
vt 0.50000000 0.50000000
vt 0.50000000 0.50000000
vt 0.50000000 0.50000000
vt 0.50000000 0.50000000
vt 0.50000000 0.50000000
vt 0.50000000 0.50000000
vt 0.50000000 0.50000000
vt 0.50000000 0.50000000
vt 0.50000000 0.50000000
vt 0.50000000 0.50000000
vt 0.50000000 0.50000000
vt 0.50000000 0.50000000
vt 0.50000000 0.50000000
vt 0.50000000 0.50000000
vt 0.50000000 0.50000000
vt 0.50000000 0.50000000
vt 0.50000000 0.50000000
vt 0.50000000 0.50000000
vt 0.50000000 0.50000000
vt 0.50000000 0.50000000
vt 0.50000000 0.50000000
vt 0.50000000 0.50000000
vt 0.50000000 0.50000000
vt 0.50000000 0.50000000
vt 0.50000000 0.50000000
vt 0.50000000 0.50000000
vt 0.50000000 0.50000000
vt 0.50000000 0.50000000
vt 0.50000000 0.50000000
vt 0.50000000 0.50000000
vt 0.50000000 0.50000000
vt 0.50000000 0.50000000
vt 0.50000000 0.50000000
vt 0.50000000 0.50000000
vt 0.50000000 0.50000000
vt 0.50000000 0.50000000
vt 0.50000000 0.50000000
vt 0.50000000 0.50000000
vt 0.50000000 0.50000000
vt 0.50000000 0.50000000
vt 0.50000000 0.50000000
vt 0.50000000 0.50000000
vt 0.50000000 0.50000000
vt 0.50000000 0.50000000
vt 0.50000000 0.50000000
vt 0.50000000 0.50000000
vt 0.50000000 0.50000000
vt 0.50000000 0.50000000
vt 0.50000000 0.50000000
vt 0.50000000 0.50000000
vt 0.50000000 0.50000000
vt 0.50000000 0.50000000
vt 0.50000000 0.50000000
vt 0.50000000 0.50000000
vt 0.50000000 0.50000000
vt 0.50000000 0.50000000
vt 0.50000000 0.50000000
vt 0.50000000 0.50000000
vt 0.50000000 0.50000000
vt 0.50000000 0.50000000
vt 0.50000000 0.50000000
vt 0.50000000 0.50000000
vt 0.50000000 0.50000000
vt 0.50000000 0.50000000
vt 0.50000000 0.50000000
vt 0.50000000 0.50000000
vt 0.50000000 0.50000000
vt 0.50000000 0.50000000
vt 0.50000000 0.50000000
vt 0.50000000 0.50000000
vt 0.50000000 0.50000000
vt 0.50000000 0.50000000
vt 0.50000000 0.50000000
vt 0.50000000 0.50000000
vt 0.50000000 0.50000000
vt 0.50000000 0.50000000
vt 0.50000000 0.50000000
vt 0.50000000 0.50000000
vt 0.50000000 0.50000000
vt 0.50000000 0.50000000
vt 0.50000000 0.50000000
vt 0.50000000 0.50000000
vt 0.50000000 0.50000000
vt 0.50000000 0.50000000
vt 0.50000000 0.50000000
vt 0.50000000 0.50000000
vt 0.50000000 0.50000000
vt 0.50000000 0.50000000
vt 0.50000000 0.50000000
vt 0.50000000 0.50000000
vt 0.50000000 0.50000000
vt 0.50000000 0.50000000
vt 0.50000000 0.50000000
vt 0.50000000 0.50000000
vt 0.50000000 0.50000000
vt 0.50000000 0.50000000
vt 0.50000000 0.50000000
vt 0.50000000 0.50000000
vt 0.50000000 0.50000000
vt 0.50000000 0.50000000
vt 0.50000000 0.50000000
vt 0.50000000 0.50000000
vt 0.50000000 0.50000000
vt 0.50000000 0.50000000
vt 0.50000000 0.50000000
vt 0.50000000 0.50000000
vt 0.50000000 0.50000000
vt 0.50000000 0.50000000
vt 0.50000000 0.50000000
vt 0.50000000 0.50000000
vt 0.50000000 0.50000000
vt 0.50000000 0.50000000
vt 0.50000000 0.50000000
vt 0.50000000 0.50000000
vt 0.50000000 0.50000000
vt 0.50000000 0.50000000
vt 0.50000000 0.50000000
vt 0.50000000 0.50000000
vt 0.50000000 0.50000000
vt 0.50000000 0.50000000
vt 0.50000000 0.50000000
vt 0.50000000 0.50000000
vt 0.50000000 0.50000000
vt 0.50000000 0.50000000
vt 0.50000000 0.50000000
vt 0.50000000 0.50000000
vt 0.50000000 0.50000000
vt 0.50000000 0.50000000
vt 0.50000000 0.50000000
vt 0.50000000 0.50000000
vt 0.50000000 0.50000000
vt 0.50000000 0.50000000
vt 0.50000000 0.50000000
vt 0.50000000 0.50000000
vt 0.50000000 0.50000000
vt 0.50000000 0.50000000
vt 0.50000000 0.50000000
vt 0.50000000 0.50000000
vt 0.50000000 0.50000000
vt 0.50000000 0.50000000
vt 0.50000000 0.50000000
vt 0.50000000 0.50000000
vt 0.50000000 0.50000000
vt 0.50000000 0.50000000
vt 0.50000000 0.50000000
vt 0.50000000 0.50000000
vt 0.50000000 0.50000000
vt 0.50000000 0.50000000
vt 0.50000000 0.50000000
vt 0.50000000 0.50000000
vt 0.50000000 0.50000000
vt 0.50000000 0.50000000
vt 0.50000000 0.50000000
vt 0.50000000 0.50000000
vt 0.50000000 0.50000000
vt 0.50000000 0.50000000
vt 0.50000000 0.50000000
vt 0.50000000 0.50000000
vt 0.50000000 0.50000000
vt 0.50000000 0.50000000
vt 0.50000000 0.50000000
vt 0.50000000 0.50000000
vt 0.50000000 0.50000000
vt 0.50000000 0.50000000
vt 0.50000000 0.50000000
vt 0.50000000 0.50000000
vt 0.50000000 0.50000000
vt 0.50000000 0.50000000
vt 0.50000000 0.50000000
vt 0.50000000 0.50000000
vt 0.50000000 0.50000000
vt 0.50000000 0.50000000
vt 0.50000000 0.50000000
vt 0.50000000 0.50000000
vt 0.50000000 0.50000000
vt 0.50000000 0.50000000
vt 0.50000000 0.50000000
vt 0.50000000 0.50000000
vt 0.50000000 0.50000000
vt 0.50000000 0.50000000
vt 0.50000000 0.50000000
vt 0.50000000 0.50000000
vt 0.50000000 0.50000000
vt 0.50000000 0.50000000
vt 0.50000000 0.50000000
vt 0.50000000 0.50000000
vt 0.50000000 0.50000000
vt 0.50000000 0.50000000
vt 0.50000000 0.50000000
vt 0.50000000 0.50000000
vt 0.50000000 0.50000000
vt 0.50000000 0.50000000
vt 0.50000000 0.50000000
vt 0.50000000 0.50000000
vt 0.50000000 0.50000000
vt 0.50000000 0.50000000
vt 0.50000000 0.50000000
vt 0.50000000 0.50000000
vt 0.50000000 0.50000000
vt 0.50000000 0.50000000
vt 0.50000000 0.50000000
vt 0.50000000 0.50000000
vt 0.50000000 0.50000000
vt 0.50000000 0.50000000
vt 0.50000000 0.50000000
vt 0.50000000 0.50000000
vt 0.50000000 0.50000000
vt 0.50000000 0.50000000
vt 0.50000000 0.50000000
vt 0.50000000 0.50000000
vt 0.50000000 0.50000000
vt 0.50000000 0.50000000
vt 0.50000000 0.50000000
vt 0.50000000 0.50000000
vt 0.50000000 0.50000000
vt 0.50000000 0.50000000
vt 0.50000000 0.50000000
vt 0.50000000 0.50000000
vt 0.50000000 0.50000000
vt 0.50000000 0.50000000
vt 0.50000000 0.50000000
vt 0.50000000 0.50000000
vt 0.50000000 0.50000000
vt 0.50000000 0.50000000
vt 0.50000000 0.50000000
vt 0.50000000 0.50000000
vt 0.50000000 0.50000000
vt 0.50000000 0.50000000
vt 0.50000000 0.50000000
vt 0.50000000 0.50000000
vt 0.50000000 0.50000000
vt 0.50000000 0.50000000
vt 0.50000000 0.50000000
vt 0.50000000 0.50000000
vt 0.50000000 0.50000000
vt 0.50000000 0.50000000
vt 0.50000000 0.50000000
vt 0.50000000 0.50000000
vt 0.50000000 0.50000000
vt 0.50000000 0.50000000
vt 0.50000000 0.50000000
vt 0.50000000 0.50000000
vt 0.50000000 0.50000000
vt 0.50000000 0.50000000
vt 0.50000000 0.50000000
vt 0.50000000 0.50000000
vt 0.50000000 0.50000000
vt 0.50000000 0.50000000
vt 0.50000000 0.50000000
vt 0.50000000 0.50000000
vt 0.50000000 0.50000000
vt 0.50000000 0.50000000
vt 0.50000000 0.50000000
vt 0.50000000 0.50000000
vt 0.50000000 0.50000000
vt 0.50000000 0.50000000
vt 0.50000000 0.50000000
vt 0.50000000 0.50000000
vt 0.50000000 0.50000000
vt 0.50000000 0.50000000
vt 0.50000000 0.50000000
vt 0.50000000 0.50000000
vt 0.50000000 0.50000000
vt 0.50000000 0.50000000
vt 0.50000000 0.50000000
vt 0.50000000 0.50000000
vt 0.50000000 0.50000000
vt 0.50000000 0.50000000
vt 0.50000000 0.50000000
vt 0.50000000 0.50000000
vt 0.50000000 0.50000000
vt 0.50000000 0.50000000
vt 0.50000000 0.50000000
vt 0.50000000 0.50000000
vt 0.50000000 0.50000000
vt 0.50000000 0.50000000
vt 0.50000000 0.50000000
vt 0.50000000 0.50000000
vt 0.50000000 0.50000000
vt 0.50000000 0.50000000
vt 0.50000000 0.50000000
vt 0.50000000 0.50000000
vt 0.50000000 0.50000000
vt 0.50000000 0.50000000
vt 0.50000000 0.50000000
vt 0.50000000 0.50000000
vt 0.50000000 0.50000000
vt 0.50000000 0.50000000
vt 0.50000000 0.50000000
vt 0.50000000 0.50000000
vt 0.50000000 0.50000000
vt 0.50000000 0.50000000
vt 0.50000000 0.50000000
vt 0.50000000 0.50000000
vt 0.50000000 0.50000000
vt 0.50000000 0.50000000
vt 0.50000000 0.50000000
vt 0.50000000 0.50000000
vt 0.50000000 0.50000000
vt 0.50000000 0.50000000
vt 0.50000000 0.50000000
vt 0.50000000 0.50000000
vt 0.50000000 0.50000000
vt 0.50000000 0.50000000
vt 0.50000000 0.50000000
vt 0.50000000 0.50000000
vt 0.50000000 0.50000000
vt 0.50000000 0.50000000
vt 0.50000000 0.50000000
vt 0.50000000 0.50000000
vt 0.50000000 0.50000000
vt 0.50000000 0.50000000
vt 0.50000000 0.50000000
vt 0.50000000 0.50000000
vt 0.50000000 0.50000000
vt 0.50000000 0.50000000
vt 0.50000000 0.50000000
vt 0.50000000 0.50000000
vt 0.50000000 0.50000000
vt 0.50000000 0.50000000
vt 0.50000000 0.50000000
vt 0.50000000 0.50000000
vt 0.50000000 0.50000000
vt 0.50000000 0.50000000
vt 0.50000000 0.50000000
vt 0.50000000 0.50000000
vt 0.50000000 0.50000000
vt 0.50000000 0.50000000
vt 0.50000000 0.50000000
vt 0.50000000 0.50000000
vt 0.50000000 0.50000000
vt 0.50000000 0.50000000
vt 0.50000000 0.50000000
vt 0.50000000 0.50000000
vt 0.50000000 0.50000000
vt 0.50000000 0.50000000
vt 0.50000000 0.50000000
vt 0.50000000 0.50000000
vt 0.50000000 0.50000000
vt 0.50000000 0.50000000
vt 0.50000000 0.50000000
vt 0.50000000 0.50000000
vt 0.50000000 0.50000000
vt 0.50000000 0.50000000
vt 0.50000000 0.50000000
vt 0.50000000 0.50000000
vt 0.50000000 0.50000000
vt 0.50000000 0.50000000
vt 0.50000000 0.50000000
vt 0.50000000 0.50000000
vt 0.50000000 0.50000000
vt 0.50000000 0.50000000
vt 0.50000000 0.50000000
vt 0.50000000 0.50000000
vt 0.50000000 0.50000000
vt 0.50000000 0.50000000
vt 0.50000000 0.50000000
vt 0.50000000 0.50000000
vt 0.50000000 0.50000000
vt 0.50000000 0.50000000
vt 0.50000000 0.50000000
vt 0.50000000 0.50000000
vt 0.50000000 0.50000000
vt 0.50000000 0.50000000
vt 0.50000000 0.50000000
vt 0.50000000 0.50000000
vt 0.50000000 0.50000000
vt 0.50000000 0.50000000
vt 0.50000000 0.50000000
vt 0.50000000 0.50000000
vt 0.50000000 0.50000000
vt 0.50000000 0.50000000
vt 0.50000000 0.50000000
vt 0.50000000 0.50000000
vt 0.50000000 0.50000000
vt 0.50000000 0.50000000
vt 0.50000000 0.50000000
vt 0.50000000 0.50000000
vt 0.50000000 0.50000000
vt 0.50000000 0.50000000
vt 0.50000000 0.50000000
vt 0.50000000 0.50000000
vt 0.50000000 0.50000000
vt 0.50000000 0.50000000
vt 0.50000000 0.50000000
vt 0.50000000 0.50000000
vt 0.50000000 0.50000000
vt 0.50000000 0.50000000
vt 0.50000000 0.50000000
vt 0.50000000 0.50000000
vt 0.50000000 0.50000000
vt 0.50000000 0.50000000
vt 0.50000000 0.50000000
vt 0.50000000 0.50000000
vt 0.50000000 0.50000000
vt 0.50000000 0.50000000
vt 0.50000000 0.50000000
vt 0.50000000 0.50000000
vt 0.50000000 0.50000000
vt 0.50000000 0.50000000
vt 0.50000000 0.50000000
vt 0.50000000 0.50000000
vt 0.50000000 0.50000000
vt 0.50000000 0.50000000
vt 0.50000000 0.50000000
vt 0.50000000 0.50000000
vt 0.50000000 0.50000000
vt 0.50000000 0.50000000
vt 0.50000000 0.50000000
vt 0.50000000 0.50000000
vt 0.50000000 0.50000000
vt 0.50000000 0.50000000
vt 0.50000000 0.50000000
vt 0.50000000 0.50000000
vt 0.50000000 0.50000000
vt 0.50000000 0.50000000
vt 0.50000000 0.50000000
vt 0.50000000 0.50000000
vt 0.50000000 0.50000000
vt 0.50000000 0.50000000
vt 0.50000000 0.50000000
vt 0.50000000 0.50000000
vt 0.50000000 0.50000000
vt 0.50000000 0.50000000
vt 0.50000000 0.50000000
vt 0.50000000 0.50000000
vt 0.50000000 0.50000000
vt 0.50000000 0.50000000
vt 0.50000000 0.50000000
vt 0.50000000 0.50000000
vt 0.50000000 0.50000000
vt 0.50000000 0.50000000
vt 0.50000000 0.50000000
vt 0.50000000 0.50000000
vt 0.50000000 0.50000000
vt 0.50000000 0.50000000
vt 0.50000000 0.50000000
vt 0.50000000 0.50000000
vt 0.50000000 0.50000000
vt 0.50000000 0.50000000
vt 0.50000000 0.50000000
vt 0.50000000 0.50000000
vt 0.50000000 0.50000000
vt 0.50000000 0.50000000
vt 0.50000000 0.50000000
vt 0.50000000 0.50000000
vt 0.50000000 0.50000000
vt 0.50000000 0.50000000
vt 0.50000000 0.50000000
vt 0.50000000 0.50000000
vt 0.50000000 0.50000000
vt 0.50000000 0.50000000
vt 0.50000000 0.50000000
vt 0.50000000 0.50000000
vt 0.50000000 0.50000000
vt 0.50000000 0.50000000
vt 0.50000000 0.50000000
vt 0.50000000 0.50000000
vt 0.50000000 0.50000000
vt 0.50000000 0.50000000
vt 0.50000000 0.50000000
vt 0.50000000 0.50000000
vt 0.50000000 0.50000000
vt 0.50000000 0.50000000
vt 0.50000000 0.50000000
vt 0.50000000 0.50000000
vt 0.50000000 0.50000000
vt 0.50000000 0.50000000
vt 0.50000000 0.50000000
vt 0.50000000 0.50000000
vt 0.50000000 0.50000000
vt 0.50000000 0.50000000
vt 0.50000000 0.50000000
vt 0.50000000 0.50000000
vt 0.50000000 0.50000000
vt 0.50000000 0.50000000
vt 0.50000000 0.50000000
vt 0.50000000 0.50000000
vt 0.50000000 0.50000000
vt 0.50000000 0.50000000
vt 0.50000000 0.50000000
vt 0.50000000 0.50000000
vt 0.50000000 0.50000000
vt 0.50000000 0.50000000
vt 0.50000000 0.50000000
vt 0.50000000 0.50000000
vt 0.50000000 0.50000000
vt 0.50000000 0.50000000
vt 0.50000000 0.50000000
vt 0.50000000 0.50000000
vt 0.50000000 0.50000000
vt 0.50000000 0.50000000
vt 0.50000000 0.50000000
vt 0.50000000 0.50000000
vt 0.50000000 0.50000000
vt 0.50000000 0.50000000
vt 0.50000000 0.50000000
vt 0.50000000 0.50000000
vt 0.50000000 0.50000000
vt 0.50000000 0.50000000
vt 0.50000000 0.50000000
vt 0.50000000 0.50000000
vt 0.50000000 0.50000000
vt 0.50000000 0.50000000
vt 0.50000000 0.50000000
vt 0.50000000 0.50000000
vt 0.50000000 0.50000000
vt 0.50000000 0.50000000
vt 0.50000000 0.50000000
vt 0.50000000 0.50000000
vt 0.50000000 0.50000000
vt 0.50000000 0.50000000
vt 0.50000000 0.50000000
vt 0.50000000 0.50000000
vt 0.50000000 0.50000000
vt 0.50000000 0.50000000
vt 0.50000000 0.50000000
vt 0.50000000 0.50000000
vt 0.50000000 0.50000000
vt 0.50000000 0.50000000
vt 0.50000000 0.50000000
vt 0.50000000 0.50000000
vt 0.50000000 0.50000000
vt 0.50000000 0.50000000
vt 0.50000000 0.50000000
vt 0.50000000 0.50000000
vt 0.50000000 0.50000000
vt 0.50000000 0.50000000
vt 0.50000000 0.50000000
vt 0.50000000 0.50000000
vt 0.50000000 0.50000000
vt 0.50000000 0.50000000
vt 0.50000000 0.50000000
vt 0.50000000 0.50000000
vt 0.50000000 0.50000000
vt 0.50000000 0.50000000
vt 0.50000000 0.50000000
vt 0.50000000 0.50000000
vt 0.50000000 0.50000000
vt 0.50000000 0.50000000
vt 0.50000000 0.50000000
vt 0.50000000 0.50000000
vt 0.50000000 0.50000000
vt 0.50000000 0.50000000
vt 0.50000000 0.50000000
vt 0.50000000 0.50000000
vt 0.50000000 0.50000000
vt 0.50000000 0.50000000
vt 0.50000000 0.50000000
vt 0.50000000 0.50000000
vt 0.50000000 0.50000000
vt 0.50000000 0.50000000
vt 0.50000000 0.50000000
vt 0.50000000 0.50000000
vt 0.50000000 0.50000000
vt 0.50000000 0.50000000
vt 0.50000000 0.50000000
vt 0.50000000 0.50000000
vt 0.50000000 0.50000000
vt 0.50000000 0.50000000
vt 0.50000000 0.50000000
vt 0.50000000 0.50000000
vt 0.50000000 0.50000000
vt 0.50000000 0.50000000
vt 0.50000000 0.50000000
vt 0.50000000 0.50000000
vt 0.50000000 0.50000000
vt 0.50000000 0.50000000
vt 0.50000000 0.50000000
vt 0.50000000 0.50000000
vt 0.50000000 0.50000000
vt 0.50000000 0.50000000
vt 0.50000000 0.50000000
vt 0.50000000 0.50000000
vt 0.50000000 0.50000000
vt 0.50000000 0.50000000
vt 0.50000000 0.50000000
vt 0.50000000 0.50000000
vt 0.50000000 0.50000000
vt 0.50000000 0.50000000
vt 0.50000000 0.50000000
vt 0.50000000 0.50000000
vt 0.50000000 0.50000000
vt 0.50000000 0.50000000
vt 0.50000000 0.50000000
vt 0.50000000 0.50000000
vt 0.50000000 0.50000000
vt 0.50000000 0.50000000
vt 0.50000000 0.50000000
vt 0.50000000 0.50000000
vt 0.50000000 0.50000000
vt 0.50000000 0.50000000
vt 0.50000000 0.50000000
vt 0.50000000 0.50000000
vt 0.50000000 0.50000000
vt 0.50000000 0.50000000
vt 0.50000000 0.50000000
vt 0.50000000 0.50000000
vt 0.50000000 0.50000000
vt 0.50000000 0.50000000
vt 0.50000000 0.50000000
vt 0.50000000 0.50000000
vt 0.50000000 0.50000000
vt 0.50000000 0.50000000
vt 0.50000000 0.50000000
vt 0.50000000 0.50000000
vt 0.50000000 0.50000000
vt 0.50000000 0.50000000
vt 0.50000000 0.50000000
vt 0.50000000 0.50000000
vt 0.50000000 0.50000000
vt 0.50000000 0.50000000
vt 0.50000000 0.50000000
vt 0.50000000 0.50000000
vt 0.50000000 0.50000000
vt 0.50000000 0.50000000
vt 0.50000000 0.50000000
vt 0.50000000 0.50000000
vt 0.50000000 0.50000000
vt 0.50000000 0.50000000
vt 0.50000000 0.50000000
vt 0.50000000 0.50000000
vt 0.50000000 0.50000000
vt 0.50000000 0.50000000
vt 0.50000000 0.50000000
vt 0.50000000 0.50000000
vt 0.50000000 0.50000000
vt 0.50000000 0.50000000
vt 0.50000000 0.50000000
vt 0.50000000 0.50000000
vt 0.50000000 0.50000000
vt 0.50000000 0.50000000
vt 0.50000000 0.50000000
vt 0.50000000 0.50000000
vt 0.50000000 0.50000000
vt 0.50000000 0.50000000
vt 0.50000000 0.50000000
vt 0.50000000 0.50000000
vt 0.50000000 0.50000000
vt 0.50000000 0.50000000
vt 0.50000000 0.50000000
vt 0.50000000 0.50000000
vt 0.50000000 0.50000000
vt 0.50000000 0.50000000
vt 0.50000000 0.50000000
vt 0.50000000 0.50000000
vt 0.50000000 0.50000000
vt 0.50000000 0.50000000
vt 0.50000000 0.50000000
vt 0.50000000 0.50000000
vt 0.50000000 0.50000000
vt 0.50000000 0.50000000
vt 0.50000000 0.50000000
vt 0.50000000 0.50000000
vt 0.50000000 0.50000000
vt 0.50000000 0.50000000
vt 0.50000000 0.50000000
vt 0.50000000 0.50000000
vt 0.50000000 0.50000000
vt 0.50000000 0.50000000
vt 0.50000000 0.50000000
vt 0.50000000 0.50000000
vt 0.50000000 0.50000000
vt 0.50000000 0.50000000
vt 0.50000000 0.50000000
vt 0.50000000 0.50000000
vt 0.50000000 0.50000000
vt 0.50000000 0.50000000
vt 0.50000000 0.50000000
vt 0.50000000 0.50000000
vt 0.50000000 0.50000000
vt 0.50000000 0.50000000
vt 0.50000000 0.50000000
vt 0.50000000 0.50000000
vt 0.50000000 0.50000000
vt 0.50000000 0.50000000
vt 0.50000000 0.50000000
vt 0.50000000 0.50000000
vt 0.50000000 0.50000000
vt 0.50000000 0.50000000
vt 0.50000000 0.50000000
vt 0.50000000 0.50000000
vt 0.50000000 0.50000000
vt 0.50000000 0.50000000
vt 0.50000000 0.50000000
vt 0.50000000 0.50000000
vt 0.50000000 0.50000000
vt 0.50000000 0.50000000
vt 0.50000000 0.50000000
vt 0.50000000 0.50000000
vt 0.50000000 0.50000000
vt 0.50000000 0.50000000
vt 0.50000000 0.50000000
vt 0.50000000 0.50000000
vt 0.50000000 0.50000000
vt 0.50000000 0.50000000
vt 0.50000000 0.50000000
vt 0.50000000 0.50000000
vt 0.50000000 0.50000000
vt 0.50000000 0.50000000
vt 0.50000000 0.50000000
vt 0.50000000 0.50000000
vt 0.50000000 0.50000000
vt 0.50000000 0.50000000
vt 0.50000000 0.50000000
vt 0.50000000 0.50000000
vt 0.50000000 0.50000000
vt 0.50000000 0.50000000
vt 0.50000000 0.50000000
vt 0.50000000 0.50000000
vt 0.50000000 0.50000000
vt 0.50000000 0.50000000
vt 0.50000000 0.50000000
vt 0.50000000 0.50000000
vt 0.50000000 0.50000000
vt 0.50000000 0.50000000
vt 0.50000000 0.50000000
vt 0.50000000 0.50000000
vt 0.50000000 0.50000000
vt 0.50000000 0.50000000
vt 0.50000000 0.50000000
vt 0.50000000 0.50000000
vt 0.50000000 0.50000000
vt 0.50000000 0.50000000
vt 0.50000000 0.50000000
vt 0.50000000 0.50000000
vt 0.50000000 0.50000000
vt 0.50000000 0.50000000
vt 0.50000000 0.50000000
vt 0.50000000 0.50000000
vt 0.50000000 0.50000000
vt 0.50000000 0.50000000
vt 0.50000000 0.50000000
vt 0.50000000 0.50000000
vt 0.50000000 0.50000000
vt 0.50000000 0.50000000
vt 0.50000000 0.50000000
vt 0.50000000 0.50000000
vt 0.50000000 0.50000000
vt 0.50000000 0.50000000
vt 0.50000000 0.50000000
vt 0.50000000 0.50000000
vt 0.50000000 0.50000000
vt 0.50000000 0.50000000
vt 0.50000000 0.50000000
vt 0.50000000 0.50000000
vt 0.50000000 0.50000000
vt 0.50000000 0.50000000
vt 0.50000000 0.50000000
vt 0.50000000 0.50000000
vt 0.50000000 0.50000000
vt 0.50000000 0.50000000
vt 0.50000000 0.50000000
vt 0.50000000 0.50000000
vt 0.50000000 0.50000000
vt 0.50000000 0.50000000
vt 0.50000000 0.50000000
vt 0.50000000 0.50000000
vt 0.50000000 0.50000000
vt 0.50000000 0.50000000
vt 0.50000000 0.50000000
vt 0.50000000 0.50000000
vt 0.50000000 0.50000000
vt 0.50000000 0.50000000
vt 0.50000000 0.50000000
vt 0.50000000 0.50000000
vt 0.50000000 0.50000000
vt 0.50000000 0.50000000
vt 0.50000000 0.50000000
vt 0.50000000 0.50000000
vt 0.50000000 0.50000000
vt 0.50000000 0.50000000
vt 0.50000000 0.50000000
vt 0.50000000 0.50000000
vt 0.50000000 0.50000000
vt 0.50000000 0.50000000
vt 0.50000000 0.50000000
vt 0.50000000 0.50000000
vt 0.50000000 0.50000000
vt 0.50000000 0.50000000
vt 0.50000000 0.50000000
vt 0.50000000 0.50000000
vt 0.50000000 0.50000000
vt 0.50000000 0.50000000
vt 0.50000000 0.50000000
vt 0.50000000 0.50000000
vt 0.50000000 0.50000000
vt 0.50000000 0.50000000
vt 0.50000000 0.50000000
vt 0.50000000 0.50000000
vt 0.50000000 0.50000000
vt 0.50000000 0.50000000
vt 0.50000000 0.50000000
vt 0.50000000 0.50000000
vt 0.50000000 0.50000000
vt 0.50000000 0.50000000
vt 0.50000000 0.50000000
vt 0.50000000 0.50000000
vt 0.50000000 0.50000000
vt 0.50000000 0.50000000
vt 0.50000000 0.50000000
vt 0.50000000 0.50000000
vt 0.50000000 0.50000000
vt 0.50000000 0.50000000
vt 0.50000000 0.50000000
vt 0.50000000 0.50000000
vt 0.50000000 0.50000000
vt 0.50000000 0.50000000
vt 0.50000000 0.50000000
vt 0.50000000 0.50000000
vt 0.50000000 0.50000000
vt 0.50000000 0.50000000
vt 0.50000000 0.50000000
vt 0.50000000 0.50000000
vt 0.50000000 0.50000000
vt 0.50000000 0.50000000
vt 0.50000000 0.50000000
vt 0.50000000 0.50000000
vt 0.50000000 0.50000000
vt 0.50000000 0.50000000
vt 0.50000000 0.50000000
vt 0.50000000 0.50000000
vt 0.50000000 0.50000000
vt 0.50000000 0.50000000
vt 0.50000000 0.50000000
vt 0.50000000 0.50000000
vt 0.50000000 0.50000000
vt 0.50000000 0.50000000
vt 0.50000000 0.50000000
vt 0.50000000 0.50000000
vt 0.50000000 0.50000000
vt 0.50000000 0.50000000
vt 0.50000000 0.50000000
vt 0.50000000 0.50000000
vt 0.50000000 0.50000000
vt 0.50000000 0.50000000
vt 0.50000000 0.50000000
vt 0.50000000 0.50000000
vt 0.50000000 0.50000000
vt 0.50000000 0.50000000
vt 0.50000000 0.50000000
vt 0.50000000 0.50000000
vt 0.50000000 0.50000000
vt 0.50000000 0.50000000
vt 0.50000000 0.50000000
vt 0.50000000 0.50000000
vt 0.50000000 0.50000000
vt 0.50000000 0.50000000
vt 0.50000000 0.50000000
vt 0.50000000 0.50000000
vt 0.50000000 0.50000000
vt 0.50000000 0.50000000
vt 0.50000000 0.50000000
vt 0.50000000 0.50000000
vt 0.50000000 0.50000000
vt 0.50000000 0.50000000
vt 0.50000000 0.50000000
vt 0.50000000 0.50000000
vt 0.50000000 0.50000000
vt 0.50000000 0.50000000
vt 0.50000000 0.50000000
vt 0.50000000 0.50000000
vt 0.50000000 0.50000000
vt 0.50000000 0.50000000
vt 0.50000000 0.50000000
vt 0.50000000 0.50000000
vt 0.50000000 0.50000000
vt 0.50000000 0.50000000
vt 0.50000000 0.50000000
vt 0.50000000 0.50000000
vt 0.50000000 0.50000000
vt 0.50000000 0.50000000
vt 0.50000000 0.50000000
vt 0.50000000 0.50000000
vt 0.50000000 0.50000000
vt 0.50000000 0.50000000
vt 0.50000000 0.50000000
vt 0.50000000 0.50000000
vt 0.50000000 0.50000000
vt 0.50000000 0.50000000
vt 0.50000000 0.50000000
vt 0.50000000 0.50000000
vt 0.50000000 0.50000000
vt 0.50000000 0.50000000
vt 0.50000000 0.50000000
vt 0.50000000 0.50000000
vt 0.50000000 0.50000000
vt 0.50000000 0.50000000
vt 0.50000000 0.50000000
vt 0.50000000 0.50000000
vt 0.50000000 0.50000000
vt 0.50000000 0.50000000
vt 0.50000000 0.50000000
vt 0.50000000 0.50000000
vt 0.50000000 0.50000000
vt 0.50000000 0.50000000
vt 0.50000000 0.50000000
vt 0.50000000 0.50000000
vt 0.50000000 0.50000000
vt 0.50000000 0.50000000
vt 0.50000000 0.50000000
vt 0.50000000 0.50000000
vt 0.50000000 0.50000000
vt 0.50000000 0.50000000
vt 0.50000000 0.50000000
vt 0.50000000 0.50000000
vt 0.50000000 0.50000000
vt 0.50000000 0.50000000
vt 0.50000000 0.50000000
vt 0.50000000 0.50000000
vt 0.50000000 0.50000000
vt 0.50000000 0.50000000
vt 0.50000000 0.50000000
vt 0.50000000 0.50000000
vt 0.50000000 0.50000000
vt 0.50000000 0.50000000
vt 0.50000000 0.50000000
vt 0.50000000 0.50000000
vt 0.50000000 0.50000000
vt 0.50000000 0.50000000
vt 0.50000000 0.50000000
vt 0.50000000 0.50000000
vt 0.50000000 0.50000000
vt 0.50000000 0.50000000
vt 0.50000000 0.50000000
vt 0.50000000 0.50000000
vt 0.50000000 0.50000000
vt 0.50000000 0.50000000
vt 0.50000000 0.50000000
vt 0.50000000 0.50000000
vt 0.50000000 0.50000000
vt 0.50000000 0.50000000
vt 0.50000000 0.50000000
vt 0.50000000 0.50000000
vt 0.50000000 0.50000000
vt 0.50000000 0.50000000
vt 0.50000000 0.50000000
vt 0.50000000 0.50000000
vt 0.50000000 0.50000000
vt 0.50000000 0.50000000
vt 0.50000000 0.50000000
vt 0.50000000 0.50000000
vt 0.50000000 0.50000000
vt 0.50000000 0.50000000
vt 0.50000000 0.50000000
vt 0.50000000 0.50000000
vt 0.50000000 0.50000000
vt 0.50000000 0.50000000
vt 0.50000000 0.50000000
vt 0.50000000 0.50000000
vt 0.50000000 0.50000000
vt 0.50000000 0.50000000
vt 0.50000000 0.50000000
vt 0.50000000 0.50000000
vt 0.50000000 0.50000000
vt 0.50000000 0.50000000
vt 0.50000000 0.50000000
vt 0.50000000 0.50000000
vt 0.50000000 0.50000000
vt 0.50000000 0.50000000
vt 0.50000000 0.50000000
vt 0.50000000 0.50000000
vt 0.50000000 0.50000000
vt 0.50000000 0.50000000
vt 0.50000000 0.50000000
vt 0.50000000 0.50000000
vt 0.50000000 0.50000000
vt 0.50000000 0.50000000
vt 0.50000000 0.50000000
vt 0.50000000 0.50000000
vt 0.50000000 0.50000000
vt 0.50000000 0.50000000
vt 0.50000000 0.50000000
vt 0.50000000 0.50000000
vt 0.50000000 0.50000000
vt 0.50000000 0.50000000
vt 0.50000000 0.50000000
vt 0.50000000 0.50000000
vt 0.50000000 0.50000000
vt 0.50000000 0.50000000
vt 0.50000000 0.50000000
vt 0.50000000 0.50000000
vt 0.50000000 0.50000000
vt 0.50000000 0.50000000
vt 0.50000000 0.50000000
vt 0.50000000 0.50000000
vt 0.50000000 0.50000000
vt 0.50000000 0.50000000
vt 0.50000000 0.50000000
vt 0.50000000 0.50000000
vt 0.50000000 0.50000000
vt 0.50000000 0.50000000
vt 0.50000000 0.50000000
vt 0.50000000 0.50000000
vt 0.50000000 0.50000000
vt 0.50000000 0.50000000
vt 0.50000000 0.50000000
vt 0.50000000 0.50000000
vt 0.50000000 0.50000000
vt 0.50000000 0.50000000
vt 0.50000000 0.50000000
vt 0.50000000 0.50000000
vt 0.50000000 0.50000000
vt 0.50000000 0.50000000
vt 0.50000000 0.50000000
vt 0.50000000 0.50000000
vt 0.50000000 0.50000000
vt 0.50000000 0.50000000
vt 0.50000000 0.50000000
vt 0.50000000 0.50000000
vt 0.50000000 0.50000000
vt 0.50000000 0.50000000
vt 0.50000000 0.50000000
vt 0.50000000 0.50000000
vt 0.50000000 0.50000000
vt 0.50000000 0.50000000
vt 0.50000000 0.50000000
vt 0.50000000 0.50000000
vt 0.50000000 0.50000000
vt 0.50000000 0.50000000
vt 0.50000000 0.50000000
vt 0.50000000 0.50000000
vt 0.50000000 0.50000000
vt 0.50000000 0.50000000
vt 0.50000000 0.50000000
vt 0.50000000 0.50000000
vt 0.50000000 0.50000000
vt 0.50000000 0.50000000
vt 0.50000000 0.50000000
vt 0.50000000 0.50000000
vt 0.50000000 0.50000000
vt 0.50000000 0.50000000
vt 0.50000000 0.50000000
vt 0.50000000 0.50000000
vt 0.50000000 0.50000000
vt 0.50000000 0.50000000
vt 0.50000000 0.50000000
vt 0.50000000 0.50000000
vt 0.50000000 0.50000000
vt 0.50000000 0.50000000
vt 0.50000000 0.50000000
vt 0.50000000 0.50000000
vt 0.50000000 0.50000000
vt 0.50000000 0.50000000
vt 0.50000000 0.50000000
vt 0.50000000 0.50000000
vt 0.50000000 0.50000000
vt 0.50000000 0.50000000
vt 0.50000000 0.50000000
vt 0.50000000 0.50000000
vt 0.50000000 0.50000000
vt 0.50000000 0.50000000
vt 0.50000000 0.50000000
vt 0.50000000 0.50000000
vt 0.50000000 0.50000000
vt 0.50000000 0.50000000
vt 0.50000000 0.50000000
vt 0.50000000 0.50000000
vt 0.50000000 0.50000000
vt 0.50000000 0.50000000
vt 0.50000000 0.50000000
vt 0.50000000 0.50000000
vt 0.50000000 0.50000000
vt 0.50000000 0.50000000
vt 0.50000000 0.50000000
vt 0.50000000 0.50000000
vt 0.50000000 0.50000000
vt 0.50000000 0.50000000
vt 0.50000000 0.50000000
vt 0.50000000 0.50000000
vt 0.50000000 0.50000000
vt 0.50000000 0.50000000
vt 0.50000000 0.50000000
vt 0.50000000 0.50000000
vt 0.50000000 0.50000000
vt 0.50000000 0.50000000
vt 0.50000000 0.50000000
vt 0.50000000 0.50000000
vt 0.50000000 0.50000000
vt 0.50000000 0.50000000
vt 0.50000000 0.50000000
vt 0.50000000 0.50000000
vt 0.50000000 0.50000000
vt 0.50000000 0.50000000
vt 0.50000000 0.50000000
vt 0.50000000 0.50000000
vt 0.50000000 0.50000000
vt 0.50000000 0.50000000
vt 0.50000000 0.50000000
vt 0.50000000 0.50000000
vt 0.50000000 0.50000000
vt 0.50000000 0.50000000
vt 0.50000000 0.50000000
vt 0.50000000 0.50000000
vt 0.50000000 0.50000000
vt 0.50000000 0.50000000
vt 0.50000000 0.50000000
vt 0.50000000 0.50000000
vt 0.50000000 0.50000000
vt 0.50000000 0.50000000
vt 0.50000000 0.50000000
vt 0.50000000 0.50000000
vt 0.50000000 0.50000000
vt 0.50000000 0.50000000
vt 0.50000000 0.50000000
vt 0.50000000 0.50000000
vt 0.50000000 0.50000000
vt 0.50000000 0.50000000
vt 0.50000000 0.50000000
vt 0.50000000 0.50000000
vt 0.50000000 0.50000000
vt 0.50000000 0.50000000
vt 0.50000000 0.50000000
vt 0.50000000 0.50000000
vt 0.50000000 0.50000000
vt 0.50000000 0.50000000
vt 0.50000000 0.50000000
vt 0.50000000 0.50000000
vt 0.50000000 0.50000000
vt 0.50000000 0.50000000
vt 0.50000000 0.50000000
vt 0.50000000 0.50000000
vt 0.50000000 0.50000000
vt 0.50000000 0.50000000
vt 0.50000000 0.50000000
vt 0.50000000 0.50000000
vt 0.50000000 0.50000000
vt 0.50000000 0.50000000
vt 0.50000000 0.50000000
vt 0.50000000 0.50000000
vt 0.50000000 0.50000000
vt 0.50000000 0.50000000
vt 0.50000000 0.50000000
vt 0.50000000 0.50000000
vt 0.50000000 0.50000000
vt 0.50000000 0.50000000
vt 0.50000000 0.50000000
vt 0.50000000 0.50000000
vt 0.50000000 0.50000000
vt 0.50000000 0.50000000
vt 0.50000000 0.50000000
vt 0.50000000 0.50000000
vt 0.50000000 0.50000000
vt 0.50000000 0.50000000
vt 0.50000000 0.50000000
vt 0.50000000 0.50000000
vt 0.50000000 0.50000000
vt 0.50000000 0.50000000
vt 0.50000000 0.50000000
vt 0.50000000 0.50000000
vt 0.50000000 0.50000000
vt 0.50000000 0.50000000
vt 0.50000000 0.50000000
vt 0.50000000 0.50000000
vt 0.50000000 0.50000000
vt 0.50000000 0.50000000
vt 0.50000000 0.50000000
vt 0.50000000 0.50000000
vt 0.50000000 0.50000000
vt 0.50000000 0.50000000
vt 0.50000000 0.50000000
vt 0.50000000 0.50000000
vt 0.50000000 0.50000000
vt 0.50000000 0.50000000
vt 0.50000000 0.50000000
vt 0.50000000 0.50000000
vt 0.50000000 0.50000000
vt 0.50000000 0.50000000
vt 0.50000000 0.50000000
vt 0.50000000 0.50000000
vt 0.50000000 0.50000000
vt 0.50000000 0.50000000
vt 0.50000000 0.50000000
vt 0.50000000 0.50000000
vt 0.50000000 0.50000000
vt 0.50000000 0.50000000
vt 0.50000000 0.50000000
vt 0.50000000 0.50000000
vt 0.50000000 0.50000000
vt 0.50000000 0.50000000
vt 0.50000000 0.50000000
vt 0.50000000 0.50000000
vt 0.50000000 0.50000000
vt 0.50000000 0.50000000
vt 0.50000000 0.50000000
vt 0.50000000 0.50000000
vt 0.50000000 0.50000000
vt 0.50000000 0.50000000
vt 0.50000000 0.50000000
vt 0.50000000 0.50000000
vt 0.50000000 0.50000000
vt 0.50000000 0.50000000
vt 0.50000000 0.50000000
vt 0.50000000 0.50000000
vt 0.50000000 0.50000000
vt 0.50000000 0.50000000
vt 0.50000000 0.50000000
vt 0.50000000 0.50000000
vt 0.50000000 0.50000000
vt 0.50000000 0.50000000
vt 0.50000000 0.50000000
vt 0.50000000 0.50000000
vt 0.50000000 0.50000000
vt 0.50000000 0.50000000
vt 0.50000000 0.50000000
vt 0.50000000 0.50000000
vt 0.50000000 0.50000000
vt 0.50000000 0.50000000
vt 0.50000000 0.50000000
vt 0.50000000 0.50000000
vt 0.50000000 0.50000000
vt 0.50000000 0.50000000
vt 0.50000000 0.50000000
vt 0.50000000 0.50000000
vt 0.50000000 0.50000000
vt 0.50000000 0.50000000
vt 0.50000000 0.50000000
vt 0.50000000 0.50000000
vt 0.50000000 0.50000000
vt 0.50000000 0.50000000
vt 0.50000000 0.50000000
vt 0.50000000 0.50000000
vt 0.50000000 0.50000000
vt 0.50000000 0.50000000
vt 0.50000000 0.50000000
vt 0.50000000 0.50000000
vt 0.50000000 0.50000000
vt 0.50000000 0.50000000
vt 0.50000000 0.50000000
vt 0.50000000 0.50000000
vt 0.50000000 0.50000000
vt 0.50000000 0.50000000
vt 0.50000000 0.50000000
vt 0.50000000 0.50000000
vt 0.50000000 0.50000000
vt 0.50000000 0.50000000
vt 0.50000000 0.50000000
vt 0.50000000 0.50000000
vt 0.50000000 0.50000000
vt 0.50000000 0.50000000
vt 0.50000000 0.50000000
vt 0.50000000 0.50000000
vt 0.50000000 0.50000000
vt 0.50000000 0.50000000
vt 0.50000000 0.50000000
vt 0.50000000 0.50000000
vt 0.50000000 0.50000000
vt 0.50000000 0.50000000
vt 0.50000000 0.50000000
vt 0.50000000 0.50000000
vt 0.50000000 0.50000000
vt 0.50000000 0.50000000
vt 0.50000000 0.50000000
vt 0.50000000 0.50000000
vt 0.50000000 0.50000000
vt 0.50000000 0.50000000
vt 0.50000000 0.50000000
vt 0.50000000 0.50000000
vt 0.50000000 0.50000000
vt 0.50000000 0.50000000
vt 0.50000000 0.50000000
vt 0.50000000 0.50000000
vt 0.50000000 0.50000000
vt 0.50000000 0.50000000
vt 0.50000000 0.50000000
vt 0.50000000 0.50000000
vt 0.50000000 0.50000000
vt 0.50000000 0.50000000
vt 0.50000000 0.50000000
vt 0.50000000 0.50000000
vt 0.50000000 0.50000000
vt 0.50000000 0.50000000
vt 0.50000000 0.50000000
vt 0.50000000 0.50000000
vt 0.50000000 0.50000000
vt 0.50000000 0.50000000
vt 0.50000000 0.50000000
vt 0.50000000 0.50000000
vt 0.50000000 0.50000000
vt 0.50000000 0.50000000
vt 0.50000000 0.50000000
vt 0.50000000 0.50000000
vt 0.50000000 0.50000000
vt 0.50000000 0.50000000
vt 0.50000000 0.50000000
vt 0.50000000 0.50000000
vt 0.50000000 0.50000000
vt 0.50000000 0.50000000
vt 0.50000000 0.50000000
vt 0.50000000 0.50000000
vt 0.50000000 0.50000000
vt 0.50000000 0.50000000
vt 0.50000000 0.50000000
vt 0.50000000 0.50000000
vt 0.50000000 0.50000000
vt 0.50000000 0.50000000
vt 0.50000000 0.50000000
vt 0.50000000 0.50000000
vt 0.50000000 0.50000000
vt 0.50000000 0.50000000
vt 0.50000000 0.50000000
vt 0.50000000 0.50000000
vt 0.50000000 0.50000000
vt 0.50000000 0.50000000
vt 0.50000000 0.50000000
vt 0.50000000 0.50000000
vt 0.50000000 0.50000000
vt 0.50000000 0.50000000
vt 0.50000000 0.50000000
vt 0.50000000 0.50000000
vt 0.50000000 0.50000000
vt 0.50000000 0.50000000
vt 0.50000000 0.50000000
vt 0.50000000 0.50000000
vt 0.50000000 0.50000000
vt 0.50000000 0.50000000
vt 0.50000000 0.50000000
vt 0.50000000 0.50000000
vt 0.50000000 0.50000000
vt 0.50000000 0.50000000
vt 0.50000000 0.50000000
vt 0.50000000 0.50000000
vt 0.50000000 0.50000000
vt 0.50000000 0.50000000
vt 0.50000000 0.50000000
vt 0.50000000 0.50000000
vt 0.50000000 0.50000000
vt 0.50000000 0.50000000
vt 0.50000000 0.50000000
vt 0.50000000 0.50000000
vt 0.50000000 0.50000000
vt 0.50000000 0.50000000
vt 0.50000000 0.50000000
vt 0.50000000 0.50000000
vt 0.50000000 0.50000000
vt 0.50000000 0.50000000
vt 0.50000000 0.50000000
vt 0.50000000 0.50000000
vt 0.50000000 0.50000000
vt 0.50000000 0.50000000
vt 0.50000000 0.50000000
vt 0.50000000 0.50000000
vt 0.50000000 0.50000000
vt 0.50000000 0.50000000
vt 0.50000000 0.50000000
vt 0.50000000 0.50000000
vt 0.50000000 0.50000000
vt 0.50000000 0.50000000
vt 0.50000000 0.50000000
vt 0.50000000 0.50000000
vt 0.50000000 0.50000000
vt 0.50000000 0.50000000
vt 0.50000000 0.50000000
vt 0.50000000 0.50000000
vt 0.50000000 0.50000000
vt 0.50000000 0.50000000
vt 0.50000000 0.50000000
vt 0.50000000 0.50000000
vt 0.50000000 0.50000000
vt 0.50000000 0.50000000
vt 0.50000000 0.50000000
vt 0.50000000 0.50000000
vt 0.50000000 0.50000000
vt 0.50000000 0.50000000
vt 0.50000000 0.50000000
vt 0.50000000 0.50000000
vt 0.50000000 0.50000000
vt 0.50000000 0.50000000
vt 0.50000000 0.50000000
vt 0.50000000 0.50000000
vt 0.50000000 0.50000000
vt 0.50000000 0.50000000
vt 0.50000000 0.50000000
vt 0.50000000 0.50000000
vt 0.50000000 0.50000000
vt 0.50000000 0.50000000
vt 0.50000000 0.50000000
vt 0.50000000 0.50000000
vt 0.50000000 0.50000000
vt 0.50000000 0.50000000
vt 0.50000000 0.50000000
vt 0.50000000 0.50000000
vt 0.50000000 0.50000000
vt 0.50000000 0.50000000
vt 0.50000000 0.50000000
vt 0.50000000 0.50000000
vt 0.50000000 0.50000000
vt 0.50000000 0.50000000
vt 0.50000000 0.50000000
vt 0.50000000 0.50000000
vt 0.50000000 0.50000000
vt 0.50000000 0.50000000
vt 0.50000000 0.50000000
vt 0.50000000 0.50000000
vt 0.50000000 0.50000000
vt 0.50000000 0.50000000
vt 0.50000000 0.50000000
vt 0.50000000 0.50000000
vt 0.50000000 0.50000000
vt 0.50000000 0.50000000
vt 0.50000000 0.50000000
vt 0.50000000 0.50000000
vt 0.50000000 0.50000000
vt 0.50000000 0.50000000
vt 0.50000000 0.50000000
vt 0.50000000 0.50000000
vt 0.50000000 0.50000000
vt 0.50000000 0.50000000
vt 0.50000000 0.50000000
vt 0.50000000 0.50000000
vt 0.50000000 0.50000000
vt 0.50000000 0.50000000
vt 0.50000000 0.50000000
vt 0.50000000 0.50000000
vt 0.50000000 0.50000000
vt 0.50000000 0.50000000
vt 0.50000000 0.50000000
vt 0.50000000 0.50000000
vt 0.50000000 0.50000000
vt 0.50000000 0.50000000
vt 0.50000000 0.50000000
vt 0.50000000 0.50000000
vt 0.50000000 0.50000000
vt 0.50000000 0.50000000
vt 0.50000000 0.50000000
vt 0.50000000 0.50000000
vt 0.50000000 0.50000000
vt 0.50000000 0.50000000
vt 0.50000000 0.50000000
vt 0.50000000 0.50000000
vt 0.50000000 0.50000000
vt 0.50000000 0.50000000
vt 0.50000000 0.50000000
vt 0.50000000 0.50000000
vt 0.50000000 0.50000000
vt 0.50000000 0.50000000
vt 0.50000000 0.50000000
vt 0.50000000 0.50000000
vt 0.50000000 0.50000000
vt 0.50000000 0.50000000
vt 0.50000000 0.50000000
vt 0.50000000 0.50000000
vt 0.50000000 0.50000000
vt 0.50000000 0.50000000
vt 0.50000000 0.50000000
vt 0.50000000 0.50000000
vt 0.50000000 0.50000000
vt 0.50000000 0.50000000
vt 0.50000000 0.50000000
vt 0.50000000 0.50000000
vt 0.50000000 0.50000000
vt 0.50000000 0.50000000
vt 0.50000000 0.50000000
vt 0.50000000 0.50000000
vt 0.50000000 0.50000000
vt 0.50000000 0.50000000
vt 0.50000000 0.50000000
vt 0.50000000 0.50000000
vt 0.50000000 0.50000000
vt 0.50000000 0.50000000
vt 0.50000000 0.50000000
vt 0.50000000 0.50000000
vt 0.50000000 0.50000000
vt 0.50000000 0.50000000
vt 0.50000000 0.50000000
vt 0.50000000 0.50000000
vt 0.50000000 0.50000000
vt 0.50000000 0.50000000
vt 0.50000000 0.50000000
vt 0.50000000 0.50000000
vt 0.50000000 0.50000000
vt 0.50000000 0.50000000
vt 0.50000000 0.50000000
vt 0.50000000 0.50000000
vt 0.50000000 0.50000000
vt 0.50000000 0.50000000
vt 0.50000000 0.50000000
vt 0.50000000 0.50000000
vt 0.50000000 0.50000000
vt 0.50000000 0.50000000
vt 0.50000000 0.50000000
vt 0.50000000 0.50000000
vt 0.50000000 0.50000000
vt 0.50000000 0.50000000
vt 0.50000000 0.50000000
vt 0.50000000 0.50000000
vt 0.50000000 0.50000000
vt 0.50000000 0.50000000
vt 0.50000000 0.50000000
vt 0.50000000 0.50000000
vt 0.50000000 0.50000000
vt 0.50000000 0.50000000
vt 0.50000000 0.50000000
vt 0.50000000 0.50000000
vt 0.50000000 0.50000000
vt 0.50000000 0.50000000
vt 0.50000000 0.50000000
vt 0.50000000 0.50000000
vt 0.50000000 0.50000000
vt 0.50000000 0.50000000
vt 0.50000000 0.50000000
vt 0.50000000 0.50000000
vt 0.50000000 0.50000000
vt 0.50000000 0.50000000
vt 0.50000000 0.50000000
vt 0.50000000 0.50000000
vt 0.50000000 0.50000000
vt 0.50000000 0.50000000
vt 0.50000000 0.50000000
vt 0.50000000 0.50000000
vt 0.50000000 0.50000000
vt 0.50000000 0.50000000
vt 0.50000000 0.50000000
vt 0.50000000 0.50000000
vt 0.50000000 0.50000000
vt 0.50000000 0.50000000
vt 0.50000000 0.50000000
vt 0.50000000 0.50000000
vt 0.50000000 0.50000000
vt 0.50000000 0.50000000
vt 0.50000000 0.50000000
vt 0.50000000 0.50000000
vt 0.50000000 0.50000000
vt 0.50000000 0.50000000
vt 0.50000000 0.50000000
vt 0.50000000 0.50000000
vt 0.50000000 0.50000000
vt 0.50000000 0.50000000
vt 0.50000000 0.50000000
vt 0.50000000 0.50000000
vt 0.50000000 0.50000000
vt 0.50000000 0.50000000
vt 0.50000000 0.50000000
vt 0.50000000 0.50000000
vt 0.50000000 0.50000000
vt 0.50000000 0.50000000
vt 0.50000000 0.50000000
vt 0.50000000 0.50000000
vt 0.50000000 0.50000000
vt 0.50000000 0.50000000
vt 0.50000000 0.50000000
vt 0.50000000 0.50000000
vt 0.50000000 0.50000000
vt 0.50000000 0.50000000
vt 0.50000000 0.50000000
vt 0.50000000 0.50000000
vt 0.50000000 0.50000000
vt 0.50000000 0.50000000
vt 0.50000000 0.50000000
vt 0.50000000 0.50000000
vt 0.50000000 0.50000000
vt 0.50000000 0.50000000
vt 0.50000000 0.50000000
vt 0.50000000 0.50000000
vt 0.50000000 0.50000000
vt 0.50000000 0.50000000
vt 0.50000000 0.50000000
vt 0.50000000 0.50000000
vt 0.50000000 0.50000000
vt 0.50000000 0.50000000
vt 0.50000000 0.50000000
vt 0.50000000 0.50000000
vt 0.50000000 0.50000000
vt 0.50000000 0.50000000
vt 0.50000000 0.50000000
vt 0.50000000 0.50000000
vt 0.50000000 0.50000000
vt 0.50000000 0.50000000
vt 0.50000000 0.50000000
vt 0.50000000 0.50000000
vt 0.50000000 0.50000000
vt 0.50000000 0.50000000
vt 0.50000000 0.50000000
vt 0.50000000 0.50000000
vt 0.50000000 0.50000000
vt 0.50000000 0.50000000
vt 0.50000000 0.50000000
vt 0.50000000 0.50000000
vt 0.50000000 0.50000000
vt 0.50000000 0.50000000
vt 0.50000000 0.50000000
vt 0.50000000 0.50000000
vt 0.50000000 0.50000000
vt 0.50000000 0.50000000
vt 0.50000000 0.50000000
vt 0.50000000 0.50000000
vt 0.50000000 0.50000000
vt 0.50000000 0.50000000
vt 0.50000000 0.50000000
vt 0.50000000 0.50000000
vt 0.50000000 0.50000000
vt 0.50000000 0.50000000
vt 0.50000000 0.50000000
vt 0.50000000 0.50000000
vt 0.50000000 0.50000000
vt 0.50000000 0.50000000
vt 0.50000000 0.50000000
vt 0.50000000 0.50000000
vt 0.50000000 0.50000000
vt 0.50000000 0.50000000
vt 0.50000000 0.50000000
vt 0.50000000 0.50000000
vt 0.50000000 0.50000000
vt 0.50000000 0.50000000
vt 0.50000000 0.50000000
vt 0.50000000 0.50000000
vt 0.50000000 0.50000000
vt 0.50000000 0.50000000
vt 0.50000000 0.50000000
vt 0.50000000 0.50000000
vt 0.50000000 0.50000000
vt 0.50000000 0.50000000
vt 0.50000000 0.50000000
vt 0.50000000 0.50000000
vt 0.50000000 0.50000000
vt 0.50000000 0.50000000
vt 0.50000000 0.50000000
vt 0.50000000 0.50000000
vt 0.50000000 0.50000000
vt 0.50000000 0.50000000
vt 0.50000000 0.50000000
vt 0.50000000 0.50000000
vt 0.50000000 0.50000000
vt 0.50000000 0.50000000
vt 0.50000000 0.50000000
vt 0.50000000 0.50000000
vt 0.50000000 0.50000000
vt 0.50000000 0.50000000
vt 0.50000000 0.50000000
vt 0.50000000 0.50000000
vt 0.50000000 0.50000000
vt 0.50000000 0.50000000
vt 0.50000000 0.50000000
vt 0.50000000 0.50000000
vt 0.50000000 0.50000000
vt 0.50000000 0.50000000
vt 0.50000000 0.50000000
vt 0.50000000 0.50000000
vt 0.50000000 0.50000000
vt 0.50000000 0.50000000
vt 0.50000000 0.50000000
vt 0.50000000 0.50000000
vt 0.50000000 0.50000000
vt 0.50000000 0.50000000
vt 0.50000000 0.50000000
vt 0.50000000 0.50000000
vt 0.50000000 0.50000000
vt 0.50000000 0.50000000
vt 0.50000000 0.50000000
vt 0.50000000 0.50000000
vt 0.50000000 0.50000000
vt 0.50000000 0.50000000
vt 0.50000000 0.50000000
vt 0.50000000 0.50000000
vt 0.50000000 0.50000000
vt 0.50000000 0.50000000
vt 0.50000000 0.50000000
vt 0.50000000 0.50000000
vt 0.50000000 0.50000000
vt 0.50000000 0.50000000
vt 0.50000000 0.50000000
vt 0.50000000 0.50000000
vt 0.50000000 0.50000000
vt 0.50000000 0.50000000
vt 0.50000000 0.50000000
vt 0.50000000 0.50000000
vt 0.50000000 0.50000000
vt 0.50000000 0.50000000
vt 0.50000000 0.50000000
vt 0.50000000 0.50000000
vt 0.50000000 0.50000000
vt 0.50000000 0.50000000
vt 0.50000000 0.50000000
vt 0.50000000 0.50000000
vt 0.50000000 0.50000000
vt 0.50000000 0.50000000
vt 0.50000000 0.50000000
vt 0.50000000 0.50000000
vt 0.50000000 0.50000000
vt 0.50000000 0.50000000
vt 0.50000000 0.50000000
vt 0.50000000 0.50000000
vt 0.50000000 0.50000000
vt 0.50000000 0.50000000
vt 0.50000000 0.50000000
vt 0.50000000 0.50000000
vt 0.50000000 0.50000000
vt 0.50000000 0.50000000
vt 0.50000000 0.50000000
vt 0.50000000 0.50000000
vt 0.50000000 0.50000000
vt 0.50000000 0.50000000
vt 0.50000000 0.50000000
vt 0.50000000 0.50000000
vt 0.50000000 0.50000000
vt 0.50000000 0.50000000
vt 0.50000000 0.50000000
vt 0.50000000 0.50000000
vt 0.50000000 0.50000000
vt 0.50000000 0.50000000
vt 0.50000000 0.50000000
vt 0.50000000 0.50000000
vt 0.50000000 0.50000000
vt 0.50000000 0.50000000
vt 0.50000000 0.50000000
vt 0.50000000 0.50000000
vt 0.50000000 0.50000000
vt 0.50000000 0.50000000
vt 0.50000000 0.50000000
vt 0.50000000 0.50000000
vt 0.50000000 0.50000000
vt 0.50000000 0.50000000
vt 0.50000000 0.50000000
vt 0.50000000 0.50000000
vt 0.50000000 0.50000000
vt 0.50000000 0.50000000
vt 0.50000000 0.50000000
vt 0.50000000 0.50000000
vt 0.50000000 0.50000000
vt 0.50000000 0.50000000
vt 0.50000000 0.50000000
vt 0.50000000 0.50000000
vt 0.50000000 0.50000000
vt 0.50000000 0.50000000
vt 0.50000000 0.50000000
vt 0.50000000 0.50000000
vt 0.50000000 0.50000000
vt 0.50000000 0.50000000
vt 0.50000000 0.50000000
vt 0.50000000 0.50000000
vt 0.50000000 0.50000000
vt 0.50000000 0.50000000
vt 0.50000000 0.50000000
vt 0.50000000 0.50000000
vt 0.50000000 0.50000000
vt 0.50000000 0.50000000
vt 0.50000000 0.50000000
vt 0.50000000 0.50000000
vt 0.50000000 0.50000000
vt 0.50000000 0.50000000
vt 0.50000000 0.50000000
vt 0.50000000 0.50000000
vt 0.50000000 0.50000000
vt 0.50000000 0.50000000
vt 0.50000000 0.50000000
vt 0.50000000 0.50000000
vt 0.50000000 0.50000000
vt 0.50000000 0.50000000
vt 0.50000000 0.50000000
vt 0.50000000 0.50000000
vt 0.50000000 0.50000000
vt 0.50000000 0.50000000
vt 0.50000000 0.50000000
vt 0.50000000 0.50000000
vt 0.50000000 0.50000000
vt 0.50000000 0.50000000
vt 0.50000000 0.50000000
vt 0.50000000 0.50000000
vt 0.50000000 0.50000000
vt 0.50000000 0.50000000
vt 0.50000000 0.50000000
vt 0.50000000 0.50000000
vt 0.50000000 0.50000000
vt 0.50000000 0.50000000
vt 0.50000000 0.50000000
vt 0.50000000 0.50000000
vt 0.50000000 0.50000000
vt 0.50000000 0.50000000
vt 0.50000000 0.50000000
vt 0.50000000 0.50000000
vt 0.50000000 0.50000000
vt 0.50000000 0.50000000
vt 0.50000000 0.50000000
vt 0.50000000 0.50000000
vt 0.50000000 0.50000000
vt 0.50000000 0.50000000
vt 0.50000000 0.50000000
vt 0.50000000 0.50000000
vt 0.50000000 0.50000000
vt 0.50000000 0.50000000
vt 0.50000000 0.50000000
vt 0.50000000 0.50000000
vt 0.50000000 0.50000000
vt 0.50000000 0.50000000
vt 0.50000000 0.50000000
vt 0.50000000 0.50000000
vt 0.50000000 0.50000000
vt 0.50000000 0.50000000
vt 0.50000000 0.50000000
vt 0.50000000 0.50000000
vt 0.50000000 0.50000000
vt 0.50000000 0.50000000
vt 0.50000000 0.50000000
vt 0.50000000 0.50000000
vt 0.50000000 0.50000000
vt 0.50000000 0.50000000
vt 0.50000000 0.50000000
vt 0.50000000 0.50000000
vt 0.50000000 0.50000000
vt 0.50000000 0.50000000
vt 0.50000000 0.50000000
vt 0.50000000 0.50000000
vt 0.50000000 0.50000000
vt 0.50000000 0.50000000
vt 0.50000000 0.50000000
vt 0.50000000 0.50000000
vt 0.50000000 0.50000000
vt 0.50000000 0.50000000
vt 0.50000000 0.50000000
vt 0.50000000 0.50000000
vt 0.50000000 0.50000000
vt 0.50000000 0.50000000
vt 0.50000000 0.50000000
vt 0.50000000 0.50000000
vt 0.50000000 0.50000000
vt 0.50000000 0.50000000
vt 0.50000000 0.50000000
vt 0.50000000 0.50000000
vt 0.50000000 0.50000000
vt 0.50000000 0.50000000
vt 0.50000000 0.50000000
vt 0.50000000 0.50000000
vt 0.50000000 0.50000000
vt 0.50000000 0.50000000
vt 0.50000000 0.50000000
vt 0.50000000 0.50000000
vt 0.50000000 0.50000000
vt 0.50000000 0.50000000
vt 0.50000000 0.50000000
vt 0.50000000 0.50000000
vt 0.50000000 0.50000000
vt 0.50000000 0.50000000
vt 0.50000000 0.50000000
vt 0.50000000 0.50000000
vt 0.50000000 0.50000000
vt 0.50000000 0.50000000
vt 0.50000000 0.50000000
vt 0.50000000 0.50000000
vt 0.50000000 0.50000000
vt 0.50000000 0.50000000
vt 0.50000000 0.50000000
vt 0.50000000 0.50000000
vt 0.50000000 0.50000000
vt 0.50000000 0.50000000
vt 0.50000000 0.50000000
vt 0.50000000 0.50000000
vt 0.50000000 0.50000000
vt 0.50000000 0.50000000
vt 0.50000000 0.50000000
vt 0.50000000 0.50000000
vt 0.50000000 0.50000000
vt 0.50000000 0.50000000
vt 0.50000000 0.50000000
vt 0.50000000 0.50000000
vt 0.50000000 0.50000000
vt 0.50000000 0.50000000
vt 0.50000000 0.50000000
vt 0.50000000 0.50000000
vt 0.50000000 0.50000000
vt 0.50000000 0.50000000
vt 0.50000000 0.50000000
vt 0.50000000 0.50000000
vt 0.50000000 0.50000000
vt 0.50000000 0.50000000
vt 0.50000000 0.50000000
vt 0.50000000 0.50000000
vt 0.50000000 0.50000000
vt 0.50000000 0.50000000
vt 0.50000000 0.50000000
vt 0.50000000 0.50000000
vt 0.50000000 0.50000000
vt 0.50000000 0.50000000
vt 0.50000000 0.50000000
vt 0.50000000 0.50000000
vt 0.50000000 0.50000000
vt 0.50000000 0.50000000
vt 0.50000000 0.50000000
vt 0.50000000 0.50000000
vt 0.50000000 0.50000000
vt 0.50000000 0.50000000
vt 0.50000000 0.50000000
vt 0.50000000 0.50000000
vt 0.50000000 0.50000000
vt 0.50000000 0.50000000
vt 0.50000000 0.50000000
vt 0.50000000 0.50000000
vt 0.50000000 0.50000000
vt 0.50000000 0.50000000
vt 0.50000000 0.50000000
vt 0.50000000 0.50000000
vt 0.50000000 0.50000000
vt 0.50000000 0.50000000
vt 0.50000000 0.50000000
vt 0.50000000 0.50000000
vt 0.50000000 0.50000000
vt 0.50000000 0.50000000
vt 0.50000000 0.50000000
vt 0.50000000 0.50000000
vt 0.50000000 0.50000000
vt 0.50000000 0.50000000
vt 0.50000000 0.50000000
vt 0.50000000 0.50000000
vt 0.50000000 0.50000000
vt 0.50000000 0.50000000
vt 0.50000000 0.50000000
vt 0.50000000 0.50000000
vt 0.50000000 0.50000000
vt 0.50000000 0.50000000
vt 0.50000000 0.50000000
vt 0.50000000 0.50000000
vt 0.50000000 0.50000000
vt 0.50000000 0.50000000
vt 0.50000000 0.50000000
vt 0.50000000 0.50000000
vt 0.50000000 0.50000000
vt 0.50000000 0.50000000
vt 0.50000000 0.50000000
vt 0.50000000 0.50000000
vt 0.50000000 0.50000000
vt 0.50000000 0.50000000
vt 0.50000000 0.50000000
vt 0.50000000 0.50000000
vt 0.50000000 0.50000000
vt 0.50000000 0.50000000
vt 0.50000000 0.50000000
vt 0.50000000 0.50000000
vt 0.50000000 0.50000000
vt 0.50000000 0.50000000
vt 0.50000000 0.50000000
vt 0.50000000 0.50000000
vt 0.50000000 0.50000000
vt 0.50000000 0.50000000
vt 0.50000000 0.50000000
vt 0.50000000 0.50000000
vt 0.50000000 0.50000000
vt 0.50000000 0.50000000
vt 0.50000000 0.50000000
vt 0.50000000 0.50000000
vt 0.50000000 0.50000000
vt 0.50000000 0.50000000
vt 0.50000000 0.50000000
vt 0.50000000 0.50000000
vt 0.50000000 0.50000000
vt 0.50000000 0.50000000
vt 0.50000000 0.50000000
vt 0.50000000 0.50000000
vt 0.50000000 0.50000000
vt 0.50000000 0.50000000
vt 0.50000000 0.50000000
vt 0.50000000 0.50000000
vt 0.50000000 0.50000000
vt 0.50000000 0.50000000
vt 0.50000000 0.50000000
vt 0.50000000 0.50000000
vt 0.50000000 0.50000000
vt 0.50000000 0.50000000
vt 0.50000000 0.50000000
vt 0.50000000 0.50000000
vt 0.50000000 0.50000000
vt 0.50000000 0.50000000
vt 0.50000000 0.50000000
vt 0.50000000 0.50000000
vt 0.50000000 0.50000000
vt 0.50000000 0.50000000
vt 0.50000000 0.50000000
vt 0.50000000 0.50000000
vt 0.50000000 0.50000000
vt 0.50000000 0.50000000
vt 0.50000000 0.50000000
vt 0.50000000 0.50000000
vt 0.50000000 0.50000000
vt 0.50000000 0.50000000
vt 0.50000000 0.50000000
vt 0.50000000 0.50000000
vt 0.50000000 0.50000000
vt 0.50000000 0.50000000
vt 0.50000000 0.50000000
vt 0.50000000 0.50000000
vt 0.50000000 0.50000000
vt 0.50000000 0.50000000
vt 0.50000000 0.50000000
vt 0.50000000 0.50000000
vt 0.50000000 0.50000000
vt 0.50000000 0.50000000
vt 0.50000000 0.50000000
vt 0.50000000 0.50000000
vt 0.50000000 0.50000000
vt 0.50000000 0.50000000
vt 0.50000000 0.50000000
vt 0.50000000 0.50000000
vt 0.50000000 0.50000000
vt 0.50000000 0.50000000
vt 0.50000000 0.50000000
vt 0.50000000 0.50000000
vt 0.50000000 0.50000000
vt 0.50000000 0.50000000
vt 0.50000000 0.50000000
vt 0.50000000 0.50000000
vt 0.50000000 0.50000000
vt 0.50000000 0.50000000
vt 0.50000000 0.50000000
vt 0.50000000 0.50000000
vt 0.50000000 0.50000000
vt 0.50000000 0.50000000
vt 0.50000000 0.50000000
vt 0.50000000 0.50000000
vt 0.50000000 0.50000000
vt 0.50000000 0.50000000
vt 0.50000000 0.50000000
vt 0.50000000 0.50000000
vt 0.50000000 0.50000000
vt 0.50000000 0.50000000
vt 0.50000000 0.50000000
vt 0.50000000 0.50000000
vt 0.50000000 0.50000000
vt 0.50000000 0.50000000
vt 0.50000000 0.50000000
vt 0.50000000 0.50000000
vt 0.50000000 0.50000000
vt 0.50000000 0.50000000
vt 0.50000000 0.50000000
vt 0.50000000 0.50000000
vt 0.50000000 0.50000000
vt 0.50000000 0.50000000
vt 0.50000000 0.50000000
vt 0.50000000 0.50000000
vt 0.50000000 0.50000000
vt 0.50000000 0.50000000
vt 0.50000000 0.50000000
vt 0.50000000 0.50000000
vt 0.50000000 0.50000000
vt 0.50000000 0.50000000
vt 0.50000000 0.50000000
vt 0.50000000 0.50000000
vt 0.50000000 0.50000000
vt 0.50000000 0.50000000
vt 0.50000000 0.50000000
vt 0.50000000 0.50000000
vt 0.50000000 0.50000000
vt 0.50000000 0.50000000
vt 0.50000000 0.50000000
vt 0.50000000 0.50000000
vt 0.50000000 0.50000000
vt 0.50000000 0.50000000
vt 0.50000000 0.50000000
vt 0.50000000 0.50000000
vt 0.50000000 0.50000000
vt 0.50000000 0.50000000
vt 0.50000000 0.50000000
vt 0.50000000 0.50000000
vt 0.50000000 0.50000000
vt 0.50000000 0.50000000
vt 0.50000000 0.50000000
vt 0.50000000 0.50000000
vt 0.50000000 0.50000000
vt 0.50000000 0.50000000
vt 0.50000000 0.50000000
vt 0.50000000 0.50000000
vt 0.50000000 0.50000000
vt 0.50000000 0.50000000
vt 0.50000000 0.50000000
vt 0.50000000 0.50000000
vt 0.50000000 0.50000000
vt 0.50000000 0.50000000
vt 0.50000000 0.50000000
vt 0.50000000 0.50000000
vt 0.50000000 0.50000000
vt 0.50000000 0.50000000
vt 0.50000000 0.50000000
vt 0.50000000 0.50000000
vt 0.50000000 0.50000000
vt 0.50000000 0.50000000
vt 0.50000000 0.50000000
vt 0.50000000 0.50000000
vt 0.50000000 0.50000000
vt 0.50000000 0.50000000
vt 0.50000000 0.50000000
vt 0.50000000 0.50000000
vt 0.50000000 0.50000000
vt 0.50000000 0.50000000
vt 0.50000000 0.50000000
vt 0.50000000 0.50000000
vt 0.50000000 0.50000000
vt 0.50000000 0.50000000
vt 0.50000000 0.50000000
vt 0.50000000 0.50000000
vt 0.50000000 0.50000000
vt 0.50000000 0.50000000
vt 0.50000000 0.50000000
vt 0.50000000 0.50000000
vt 0.50000000 0.50000000
vt 0.50000000 0.50000000
vt 0.50000000 0.50000000
vt 0.50000000 0.50000000
vt 0.50000000 0.50000000
vt 0.50000000 0.50000000
vt 0.50000000 0.50000000
vt 0.50000000 0.50000000
vt 0.50000000 0.50000000
vt 0.50000000 0.50000000
vt 0.50000000 0.50000000
vt 0.50000000 0.50000000
vt 0.50000000 0.50000000
vt 0.50000000 0.50000000
vt 0.50000000 0.50000000
vt 0.50000000 0.50000000
vt 0.50000000 0.50000000
vt 0.50000000 0.50000000
vt 0.50000000 0.50000000
vt 0.50000000 0.50000000
vt 0.50000000 0.50000000
vt 0.50000000 0.50000000
vt 0.50000000 0.50000000
vt 0.50000000 0.50000000
vt 0.50000000 0.50000000
vt 0.50000000 0.50000000
vt 0.50000000 0.50000000
vt 0.50000000 0.50000000
vt 0.50000000 0.50000000
vt 0.50000000 0.50000000
vt 0.50000000 0.50000000
vt 0.50000000 0.50000000
vt 0.50000000 0.50000000
vt 0.50000000 0.50000000
vt 0.50000000 0.50000000
vt 0.50000000 0.50000000
vt 0.50000000 0.50000000
vt 0.50000000 0.50000000
vt 0.50000000 0.50000000
vt 0.50000000 0.50000000
vt 0.50000000 0.50000000
vt 0.50000000 0.50000000
vt 0.50000000 0.50000000
vt 0.50000000 0.50000000
vt 0.50000000 0.50000000
vt 0.50000000 0.50000000
vt 0.50000000 0.50000000
vt 0.50000000 0.50000000
vt 0.50000000 0.50000000
vt 0.50000000 0.50000000
vt 0.50000000 0.50000000
vt 0.50000000 0.50000000
vt 0.50000000 0.50000000
vt 0.50000000 0.50000000
vt 0.50000000 0.50000000
vt 0.50000000 0.50000000
vt 0.50000000 0.50000000
vt 0.50000000 0.50000000
vt 0.50000000 0.50000000
vt 0.50000000 0.50000000
vt 0.50000000 0.50000000
vt 0.50000000 0.50000000
vt 0.50000000 0.50000000
vt 0.50000000 0.50000000
vt 0.50000000 0.50000000
vt 0.50000000 0.50000000
vt 0.50000000 0.50000000
vt 0.50000000 0.50000000
vt 0.50000000 0.50000000
vt 0.50000000 0.50000000
vt 0.50000000 0.50000000
vt 0.50000000 0.50000000
vt 0.50000000 0.50000000
vt 0.50000000 0.50000000
vt 0.50000000 0.50000000
vt 0.50000000 0.50000000
vt 0.50000000 0.50000000
vt 0.50000000 0.50000000
vt 0.50000000 0.50000000
vt 0.50000000 0.50000000
vt 0.50000000 0.50000000
vt 0.50000000 0.50000000
vt 0.50000000 0.50000000
vt 0.50000000 0.50000000
vt 0.50000000 0.50000000
vt 0.50000000 0.50000000
vt 0.50000000 0.50000000
vt 0.50000000 0.50000000
vt 0.50000000 0.50000000
vt 0.50000000 0.50000000
vt 0.50000000 0.50000000
vt 0.50000000 0.50000000
vt 0.50000000 0.50000000
vt 0.50000000 0.50000000
vt 0.50000000 0.50000000
vt 0.50000000 0.50000000
vt 0.50000000 0.50000000
vt 0.50000000 0.50000000
vt 0.50000000 0.50000000
vt 0.50000000 0.50000000
vt 0.50000000 0.50000000
vt 0.50000000 0.50000000
vt 0.50000000 0.50000000
vt 0.50000000 0.50000000
vt 0.50000000 0.50000000
vt 0.50000000 0.50000000
vt 0.50000000 0.50000000
vt 0.50000000 0.50000000
vt 0.50000000 0.50000000
vt 0.50000000 0.50000000
vt 0.50000000 0.50000000
vt 0.50000000 0.50000000
vt 0.50000000 0.50000000
vt 0.50000000 0.50000000
vt 0.50000000 0.50000000
vt 0.50000000 0.50000000
vt 0.50000000 0.50000000
vt 0.50000000 0.50000000
vt 0.50000000 0.50000000
vt 0.50000000 0.50000000
vt 0.50000000 0.50000000
vt 0.50000000 0.50000000
vt 0.50000000 0.50000000
vt 0.50000000 0.50000000
vt 0.50000000 0.50000000
vt 0.50000000 0.50000000
vt 0.50000000 0.50000000
vt 0.50000000 0.50000000
vt 0.50000000 0.50000000
vt 0.50000000 0.50000000
vt 0.50000000 0.50000000
vt 0.50000000 0.50000000
vt 0.50000000 0.50000000
vt 0.50000000 0.50000000
vt 0.50000000 0.50000000
vt 0.50000000 0.50000000
vt 0.50000000 0.50000000
vt 0.50000000 0.50000000
vt 0.50000000 0.50000000
vt 0.50000000 0.50000000
vt 0.50000000 0.50000000
vt 0.50000000 0.50000000
vt 0.50000000 0.50000000
vt 0.50000000 0.50000000
vt 0.50000000 0.50000000
vt 0.50000000 0.50000000
vt 0.50000000 0.50000000
vt 0.50000000 0.50000000
vt 0.50000000 0.50000000
vt 0.50000000 0.50000000
vt 0.50000000 0.50000000
vt 0.50000000 0.50000000
vt 0.50000000 0.50000000
vt 0.50000000 0.50000000
vt 0.50000000 0.50000000
vt 0.50000000 0.50000000
vt 0.50000000 0.50000000
vt 0.50000000 0.50000000
vt 0.50000000 0.50000000
vt 0.50000000 0.50000000
vt 0.50000000 0.50000000
vt 0.50000000 0.50000000
vt 0.50000000 0.50000000
vt 0.50000000 0.50000000
vt 0.50000000 0.50000000
vt 0.50000000 0.50000000
vt 0.50000000 0.50000000
vt 0.50000000 0.50000000
vt 0.50000000 0.50000000
vt 0.50000000 0.50000000
vt 0.50000000 0.50000000
vt 0.50000000 0.50000000
vt 0.50000000 0.50000000
vt 0.50000000 0.50000000
vt 0.50000000 0.50000000
vt 0.50000000 0.50000000
vt 0.50000000 0.50000000
vt 0.50000000 0.50000000
vt 0.50000000 0.50000000
vt 0.50000000 0.50000000
vt 0.50000000 0.50000000
vt 0.50000000 0.50000000
vt 0.50000000 0.50000000
vt 0.50000000 0.50000000
vt 0.50000000 0.50000000
vt 0.50000000 0.50000000
vt 0.50000000 0.50000000
vt 0.50000000 0.50000000
vt 0.50000000 0.50000000
vt 0.50000000 0.50000000
vt 0.50000000 0.50000000
vt 0.50000000 0.50000000
vt 0.50000000 0.50000000
vt 0.50000000 0.50000000
vt 0.50000000 0.50000000
vt 0.50000000 0.50000000
vt 0.50000000 0.50000000
vt 0.50000000 0.50000000
vt 0.50000000 0.50000000
vt 0.50000000 0.50000000
vt 0.50000000 0.50000000
vt 0.50000000 0.50000000
vt 0.50000000 0.50000000
vt 0.50000000 0.50000000
vt 0.50000000 0.50000000
vt 0.50000000 0.50000000
vt 0.50000000 0.50000000
vt 0.50000000 0.50000000
vt 0.50000000 0.50000000
vt 0.50000000 0.50000000
vt 0.50000000 0.50000000
vt 0.50000000 0.50000000
vt 0.50000000 0.50000000
vt 0.50000000 0.50000000
vt 0.50000000 0.50000000
vt 0.50000000 0.50000000
vt 0.50000000 0.50000000
vt 0.50000000 0.50000000
vt 0.50000000 0.50000000
vt 0.50000000 0.50000000
vt 0.50000000 0.50000000
vt 0.50000000 0.50000000
vt 0.50000000 0.50000000
vt 0.50000000 0.50000000
vt 0.50000000 0.50000000
vt 0.50000000 0.50000000
vt 0.50000000 0.50000000
vt 0.50000000 0.50000000
vt 0.50000000 0.50000000
vt 0.50000000 0.50000000
vt 0.50000000 0.50000000
vt 0.50000000 0.50000000
vt 0.50000000 0.50000000
vt 0.50000000 0.50000000
vt 0.50000000 0.50000000
vt 0.50000000 0.50000000
vt 0.50000000 0.50000000
vt 0.50000000 0.50000000
vt 0.50000000 0.50000000
vt 0.50000000 0.50000000
vt 0.50000000 0.50000000
vt 0.50000000 0.50000000
vt 0.50000000 0.50000000
vt 0.50000000 0.50000000
vt 0.50000000 0.50000000
vt 0.50000000 0.50000000
vt 0.50000000 0.50000000
vt 0.50000000 0.50000000
vt 0.50000000 0.50000000
vt 0.50000000 0.50000000
vt 0.50000000 0.50000000
vt 0.50000000 0.50000000
vt 0.50000000 0.50000000
vt 0.50000000 0.50000000
vt 0.50000000 0.50000000
vt 0.50000000 0.50000000
vt 0.50000000 0.50000000
vt 0.50000000 0.50000000
vt 0.50000000 0.50000000
vt 0.50000000 0.50000000
vt 0.50000000 0.50000000
vt 0.50000000 0.50000000
vt 0.50000000 0.50000000
vt 0.50000000 0.50000000
vt 0.50000000 0.50000000
vt 0.50000000 0.50000000
vt 0.50000000 0.50000000
vt 0.50000000 0.50000000
vt 0.50000000 0.50000000
vt 0.50000000 0.50000000
vt 0.50000000 0.50000000
vt 0.50000000 0.50000000
vt 0.50000000 0.50000000
vt 0.50000000 0.50000000
vt 0.50000000 0.50000000
vt 0.50000000 0.50000000
vt 0.50000000 0.50000000
vt 0.50000000 0.50000000
vt 0.50000000 0.50000000
vt 0.50000000 0.50000000
vt 0.50000000 0.50000000
vt 0.50000000 0.50000000
vt 0.50000000 0.50000000
vt 0.50000000 0.50000000
vt 0.50000000 0.50000000
vt 0.50000000 0.50000000
vt 0.50000000 0.50000000
vt 0.50000000 0.50000000
vt 0.50000000 0.50000000
vt 0.50000000 0.50000000
vt 0.50000000 0.50000000
vt 0.50000000 0.50000000
vt 0.50000000 0.50000000
vt 0.50000000 0.50000000
vt 0.50000000 0.50000000
vt 0.50000000 0.50000000
vt 0.50000000 0.50000000
vt 0.50000000 0.50000000
vt 0.50000000 0.50000000
vt 0.50000000 0.50000000
vt 0.50000000 0.50000000
vt 0.50000000 0.50000000
vt 0.50000000 0.50000000
vt 0.50000000 0.50000000
vt 0.50000000 0.50000000
vt 0.50000000 0.50000000
vt 0.50000000 0.50000000
vt 0.50000000 0.50000000
vt 0.50000000 0.50000000
vt 0.50000000 0.50000000
vt 0.50000000 0.50000000
vt 0.50000000 0.50000000
vt 0.50000000 0.50000000
vt 0.50000000 0.50000000
vt 0.50000000 0.50000000
vt 0.50000000 0.50000000
vt 0.50000000 0.50000000
vt 0.50000000 0.50000000
vt 0.50000000 0.50000000
vt 0.50000000 0.50000000
vt 0.50000000 0.50000000
vt 0.50000000 0.50000000
vt 0.50000000 0.50000000
vt 0.50000000 0.50000000
vt 0.50000000 0.50000000
vt 0.50000000 0.50000000
vt 0.50000000 0.50000000
vt 0.50000000 0.50000000
vt 0.50000000 0.50000000
vt 0.50000000 0.50000000
vt 0.50000000 0.50000000
vt 0.50000000 0.50000000
vt 0.50000000 0.50000000
vt 0.50000000 0.50000000
vt 0.50000000 0.50000000
vt 0.50000000 0.50000000
vt 0.50000000 0.50000000
vt 0.50000000 0.50000000
vt 0.50000000 0.50000000
vt 0.50000000 0.50000000
vt 0.50000000 0.50000000
vt 0.50000000 0.50000000
vt 0.50000000 0.50000000
vt 0.50000000 0.50000000
vt 0.50000000 0.50000000
vt 0.50000000 0.50000000
vt 0.50000000 0.50000000
vt 0.50000000 0.50000000
vt 0.50000000 0.50000000
vt 0.50000000 0.50000000
vt 0.50000000 0.50000000
vt 0.50000000 0.50000000
vt 0.50000000 0.50000000
vt 0.50000000 0.50000000
vt 0.50000000 0.50000000
vt 0.50000000 0.50000000
vt 0.50000000 0.50000000
vt 0.50000000 0.50000000
vt 0.50000000 0.50000000
vt 0.50000000 0.50000000
vt 0.50000000 0.50000000
vt 0.50000000 0.50000000
vt 0.50000000 0.50000000
vt 0.50000000 0.50000000
vt 0.50000000 0.50000000
vt 0.50000000 0.50000000
vt 0.50000000 0.50000000
vt 0.50000000 0.50000000
vt 0.50000000 0.50000000
vt 0.50000000 0.50000000
vt 0.50000000 0.50000000
vt 0.50000000 0.50000000
vt 0.50000000 0.50000000
vt 0.50000000 0.50000000
vt 0.50000000 0.50000000
vt 0.50000000 0.50000000
vt 0.50000000 0.50000000
vt 0.50000000 0.50000000
vt 0.50000000 0.50000000
vt 0.50000000 0.50000000
vt 0.50000000 0.50000000
vt 0.50000000 0.50000000
vt 0.50000000 0.50000000
vt 0.50000000 0.50000000
vt 0.50000000 0.50000000
vt 0.50000000 0.50000000
vt 0.50000000 0.50000000
vt 0.50000000 0.50000000
vt 0.50000000 0.50000000
vt 0.50000000 0.50000000
vt 0.50000000 0.50000000
vt 0.50000000 0.50000000
vt 0.50000000 0.50000000
vt 0.50000000 0.50000000
vt 0.50000000 0.50000000
vt 0.50000000 0.50000000
vt 0.50000000 0.50000000
vt 0.50000000 0.50000000
vt 0.50000000 0.50000000
vt 0.50000000 0.50000000
vt 0.50000000 0.50000000
vt 0.50000000 0.50000000
vt 0.50000000 0.50000000
vt 0.50000000 0.50000000
vt 0.50000000 0.50000000
vt 0.50000000 0.50000000
vt 0.50000000 0.50000000
vt 0.50000000 0.50000000
vt 0.50000000 0.50000000
vt 0.50000000 0.50000000
vt 0.50000000 0.50000000
vt 0.50000000 0.50000000
vt 0.50000000 0.50000000
vt 0.50000000 0.50000000
vt 0.50000000 0.50000000
vt 0.50000000 0.50000000
vt 0.50000000 0.50000000
vt 0.50000000 0.50000000
vt 0.50000000 0.50000000
vt 0.50000000 0.50000000
vt 0.50000000 0.50000000
vt 0.50000000 0.50000000
vt 0.50000000 0.50000000
vt 0.50000000 0.50000000
vt 0.50000000 0.50000000
vt 0.50000000 0.50000000
vt 0.50000000 0.50000000
vt 0.50000000 0.50000000
vt 0.50000000 0.50000000
vt 0.50000000 0.50000000
vt 0.50000000 0.50000000
vt 0.50000000 0.50000000
vt 0.50000000 0.50000000
vt 0.50000000 0.50000000
vt 0.50000000 0.50000000
vt 0.50000000 0.50000000
vt 0.50000000 0.50000000
vt 0.50000000 0.50000000
vt 0.50000000 0.50000000
vt 0.50000000 0.50000000
vt 0.50000000 0.50000000
vt 0.50000000 0.50000000
vt 0.50000000 0.50000000
vt 0.50000000 0.50000000
vt 0.50000000 0.50000000
vt 0.50000000 0.50000000
vt 0.50000000 0.50000000
vt 0.50000000 0.50000000
vt 0.50000000 0.50000000
vt 0.50000000 0.50000000
vt 0.50000000 0.50000000
vt 0.50000000 0.50000000
vt 0.50000000 0.50000000
vt 0.50000000 0.50000000
vt 0.50000000 0.50000000
vt 0.50000000 0.50000000
vt 0.50000000 0.50000000
vt 0.50000000 0.50000000
vt 0.50000000 0.50000000
vt 0.50000000 0.50000000
vt 0.50000000 0.50000000
vt 0.50000000 0.50000000
vt 0.50000000 0.50000000
vt 0.50000000 0.50000000
vt 0.50000000 0.50000000
vt 0.50000000 0.50000000
vt 0.50000000 0.50000000
vt 0.50000000 0.50000000
vt 0.50000000 0.50000000
vt 0.50000000 0.50000000
vt 0.50000000 0.50000000
vt 0.50000000 0.50000000
vt 0.50000000 0.50000000
vt 0.50000000 0.50000000
vt 0.50000000 0.50000000
vt 0.50000000 0.50000000
vt 0.50000000 0.50000000
vt 0.50000000 0.50000000
vt 0.50000000 0.50000000
vt 0.50000000 0.50000000
vt 0.50000000 0.50000000
vt 0.50000000 0.50000000
vt 0.50000000 0.50000000
vt 0.50000000 0.50000000
vt 0.50000000 0.50000000
vt 0.50000000 0.50000000
vt 0.50000000 0.50000000
vt 0.50000000 0.50000000
vt 0.50000000 0.50000000
vt 0.50000000 0.50000000
vt 0.50000000 0.50000000
vt 0.50000000 0.50000000
vt 0.50000000 0.50000000
vt 0.50000000 0.50000000
vt 0.50000000 0.50000000
vt 0.50000000 0.50000000
vt 0.50000000 0.50000000
vt 0.50000000 0.50000000
vt 0.50000000 0.50000000
vt 0.50000000 0.50000000
vt 0.50000000 0.50000000
vt 0.50000000 0.50000000
vt 0.50000000 0.50000000
vt 0.50000000 0.50000000
vt 0.50000000 0.50000000
vt 0.50000000 0.50000000
vt 0.50000000 0.50000000
vt 0.50000000 0.50000000
vt 0.50000000 0.50000000
vt 0.50000000 0.50000000
vt 0.50000000 0.50000000
vt 0.50000000 0.50000000
vt 0.50000000 0.50000000
vt 0.50000000 0.50000000
vt 0.50000000 0.50000000
vt 0.50000000 0.50000000
vt 0.50000000 0.50000000
vt 0.50000000 0.50000000
vt 0.50000000 0.50000000
vt 0.50000000 0.50000000
vt 0.50000000 0.50000000
vt 0.50000000 0.50000000
vt 0.50000000 0.50000000
vt 0.50000000 0.50000000
vt 0.50000000 0.50000000
vt 0.50000000 0.50000000
vt 0.50000000 0.50000000
vt 0.50000000 0.50000000
vt 0.50000000 0.50000000
vt 0.50000000 0.50000000
vt 0.50000000 0.50000000
vt 0.50000000 0.50000000
vt 0.50000000 0.50000000
vt 0.50000000 0.50000000
vt 0.50000000 0.50000000
vt 0.50000000 0.50000000
vt 0.50000000 0.50000000
vt 0.50000000 0.50000000
vt 0.50000000 0.50000000
vt 0.50000000 0.50000000
vt 0.50000000 0.50000000
vt 0.50000000 0.50000000
vt 0.50000000 0.50000000
vt 0.50000000 0.50000000
vt 0.50000000 0.50000000
vt 0.50000000 0.50000000
vt 0.50000000 0.50000000
vt 0.50000000 0.50000000
vt 0.50000000 0.50000000
vt 0.50000000 0.50000000
vt 0.50000000 0.50000000
vt 0.50000000 0.50000000
vt 0.50000000 0.50000000
vt 0.50000000 0.50000000
vt 0.50000000 0.50000000
vt 0.50000000 0.50000000
vt 0.50000000 0.50000000
vt 0.50000000 0.50000000
vt 0.50000000 0.50000000
vt 0.50000000 0.50000000
vt 0.50000000 0.50000000
vt 0.50000000 0.50000000
vt 0.50000000 0.50000000
vt 0.50000000 0.50000000
vt 0.50000000 0.50000000
vt 0.50000000 0.50000000
vt 0.50000000 0.50000000
vt 0.50000000 0.50000000
vt 0.50000000 0.50000000
vt 0.50000000 0.50000000
vt 0.50000000 0.50000000
vt 0.50000000 0.50000000
vt 0.50000000 0.50000000
vt 0.50000000 0.50000000
vt 0.50000000 0.50000000
vt 0.50000000 0.50000000
vt 0.50000000 0.50000000
vt 0.50000000 0.50000000
vt 0.50000000 0.50000000
vt 0.50000000 0.50000000
vt 0.50000000 0.50000000
vt 0.50000000 0.50000000
vt 0.50000000 0.50000000
vt 0.50000000 0.50000000
vt 0.50000000 0.50000000
vt 0.50000000 0.50000000
vt 0.50000000 0.50000000
vt 0.50000000 0.50000000
vt 0.50000000 0.50000000
vt 0.50000000 0.50000000
vt 0.50000000 0.50000000
vt 0.50000000 0.50000000
vt 0.50000000 0.50000000
vt 0.50000000 0.50000000
vt 0.50000000 0.50000000
vt 0.50000000 0.50000000
vt 0.50000000 0.50000000
vt 0.50000000 0.50000000
vt 0.50000000 0.50000000
vt 0.50000000 0.50000000
vt 0.50000000 0.50000000
vt 0.50000000 0.50000000
vt 0.50000000 0.50000000
vt 0.50000000 0.50000000
vt 0.50000000 0.50000000
vt 0.50000000 0.50000000
vt 0.50000000 0.50000000
vt 0.50000000 0.50000000
vt 0.50000000 0.50000000
vt 0.50000000 0.50000000
vt 0.50000000 0.50000000
vt 0.50000000 0.50000000
vt 0.50000000 0.50000000
vt 0.50000000 0.50000000
vt 0.50000000 0.50000000
vt 0.50000000 0.50000000
vt 0.50000000 0.50000000
vt 0.50000000 0.50000000
vt 0.50000000 0.50000000
vt 0.50000000 0.50000000
vt 0.50000000 0.50000000
vt 0.50000000 0.50000000
vt 0.50000000 0.50000000
vt 0.50000000 0.50000000
vt 0.50000000 0.50000000
vt 0.50000000 0.50000000
vt 0.50000000 0.50000000
vt 0.50000000 0.50000000
vt 0.50000000 0.50000000
vt 0.50000000 0.50000000
vt 0.50000000 0.50000000
vt 0.50000000 0.50000000
vt 0.50000000 0.50000000
vt 0.50000000 0.50000000
vt 0.50000000 0.50000000
vt 0.50000000 0.50000000
vt 0.50000000 0.50000000
vt 0.50000000 0.50000000
vt 0.50000000 0.50000000
vt 0.50000000 0.50000000
vt 0.50000000 0.50000000
vt 0.50000000 0.50000000
vt 0.50000000 0.50000000
vt 0.50000000 0.50000000
vt 0.50000000 0.50000000
vt 0.50000000 0.50000000
vt 0.50000000 0.50000000
vt 0.50000000 0.50000000
vt 0.50000000 0.50000000
vt 0.50000000 0.50000000
vt 0.50000000 0.50000000
vt 0.50000000 0.50000000
vt 0.50000000 0.50000000
vt 0.50000000 0.50000000
vt 0.50000000 0.50000000
vt 0.50000000 0.50000000
vt 0.50000000 0.50000000
vt 0.50000000 0.50000000
vt 0.50000000 0.50000000
vt 0.50000000 0.50000000
vt 0.50000000 0.50000000
vt 0.50000000 0.50000000
vt 0.50000000 0.50000000
vt 0.50000000 0.50000000
vt 0.50000000 0.50000000
vt 0.50000000 0.50000000
vt 0.50000000 0.50000000
vt 0.50000000 0.50000000
vt 0.50000000 0.50000000
vt 0.50000000 0.50000000
vt 0.50000000 0.50000000
vt 0.50000000 0.50000000
vt 0.50000000 0.50000000
vt 0.50000000 0.50000000
vt 0.50000000 0.50000000
vt 0.50000000 0.50000000
vt 0.50000000 0.50000000
vt 0.50000000 0.50000000
vt 0.50000000 0.50000000
vt 0.50000000 0.50000000
vt 0.50000000 0.50000000
vt 0.50000000 0.50000000
vt 0.50000000 0.50000000
vt 0.50000000 0.50000000
vt 0.50000000 0.50000000
vt 0.50000000 0.50000000
vt 0.50000000 0.50000000
vt 0.50000000 0.50000000
vt 0.50000000 0.50000000
vt 0.50000000 0.50000000
vt 0.50000000 0.50000000
vt 0.50000000 0.50000000
vt 0.50000000 0.50000000
vt 0.50000000 0.50000000
vt 0.50000000 0.50000000
vt 0.50000000 0.50000000
vt 0.50000000 0.50000000
vt 0.50000000 0.50000000
vt 0.50000000 0.50000000
vt 0.50000000 0.50000000
vt 0.50000000 0.50000000
vt 0.50000000 0.50000000
vt 0.50000000 0.50000000
vt 0.50000000 0.50000000
vt 0.50000000 0.50000000
vt 0.50000000 0.50000000
vt 0.50000000 0.50000000
vt 0.50000000 0.50000000
vt 0.50000000 0.50000000
vt 0.50000000 0.50000000
vt 0.50000000 0.50000000
vt 0.50000000 0.50000000
vt 0.50000000 0.50000000
vt 0.50000000 0.50000000
vt 0.50000000 0.50000000
vt 0.50000000 0.50000000
vt 0.50000000 0.50000000
vt 0.50000000 0.50000000
vt 0.50000000 0.50000000
vt 0.50000000 0.50000000
vt 0.50000000 0.50000000
vt 0.50000000 0.50000000
vt 0.50000000 0.50000000
vt 0.50000000 0.50000000
vt 0.50000000 0.50000000
vt 0.50000000 0.50000000
vt 0.50000000 0.50000000
vt 0.50000000 0.50000000
vt 0.50000000 0.50000000
vt 0.50000000 0.50000000
vt 0.50000000 0.50000000
vt 0.50000000 0.50000000
vt 0.50000000 0.50000000
vt 0.50000000 0.50000000
vt 0.50000000 0.50000000
vt 0.50000000 0.50000000
vt 0.50000000 0.50000000
vt 0.50000000 0.50000000
vt 0.50000000 0.50000000
vt 0.50000000 0.50000000
vt 0.50000000 0.50000000
vt 0.50000000 0.50000000
vt 0.50000000 0.50000000
vt 0.50000000 0.50000000
vt 0.50000000 0.50000000
vt 0.50000000 0.50000000
vt 0.50000000 0.50000000
vt 0.50000000 0.50000000
vt 0.50000000 0.50000000
vt 0.50000000 0.50000000
vt 0.50000000 0.50000000
vt 0.50000000 0.50000000
vt 0.50000000 0.50000000
vt 0.50000000 0.50000000
vt 0.50000000 0.50000000
vt 0.50000000 0.50000000
vt 0.50000000 0.50000000
vt 0.50000000 0.50000000
vt 0.50000000 0.50000000
vt 0.50000000 0.50000000
vt 0.50000000 0.50000000
vt 0.50000000 0.50000000
vt 0.50000000 0.50000000
vt 0.50000000 0.50000000
vt 0.50000000 0.50000000
vt 0.50000000 0.50000000
vt 0.50000000 0.50000000
vt 0.50000000 0.50000000
vt 0.50000000 0.50000000
vt 0.50000000 0.50000000
vt 0.50000000 0.50000000
vt 0.50000000 0.50000000
vt 0.50000000 0.50000000
vt 0.50000000 0.50000000
vt 0.50000000 0.50000000
vt 0.50000000 0.50000000
vt 0.50000000 0.50000000
vt 0.50000000 0.50000000
vt 0.50000000 0.50000000
vt 0.50000000 0.50000000
vt 0.50000000 0.50000000
vt 0.50000000 0.50000000
vt 0.50000000 0.50000000
vt 0.50000000 0.50000000
vt 0.50000000 0.50000000
vt 0.50000000 0.50000000
vt 0.50000000 0.50000000
vt 0.50000000 0.50000000
vt 0.50000000 0.50000000
vt 0.50000000 0.50000000
vt 0.50000000 0.50000000
vt 0.50000000 0.50000000
vt 0.50000000 0.50000000
vt 0.50000000 0.50000000
vt 0.50000000 0.50000000
vt 0.50000000 0.50000000
vt 0.50000000 0.50000000
vt 0.50000000 0.50000000
vt 0.50000000 0.50000000
vt 0.50000000 0.50000000
vt 0.50000000 0.50000000
vt 0.50000000 0.50000000
vt 0.50000000 0.50000000
vt 0.50000000 0.50000000
vt 0.50000000 0.50000000
vt 0.50000000 0.50000000
vt 0.50000000 0.50000000
vt 0.50000000 0.50000000
vt 0.50000000 0.50000000
vt 0.50000000 0.50000000
vt 0.50000000 0.50000000
vt 0.50000000 0.50000000
vt 0.50000000 0.50000000
vt 0.50000000 0.50000000
vt 0.50000000 0.50000000
vt 0.50000000 0.50000000
vt 0.50000000 0.50000000
vt 0.50000000 0.50000000
vt 0.50000000 0.50000000
vt 0.50000000 0.50000000
vt 0.50000000 0.50000000
vt 0.50000000 0.50000000
vt 0.50000000 0.50000000
vt 0.50000000 0.50000000
vt 0.50000000 0.50000000
vt 0.50000000 0.50000000
vt 0.50000000 0.50000000
vt 0.50000000 0.50000000
vt 0.50000000 0.50000000
vt 0.50000000 0.50000000
vt 0.50000000 0.50000000
vt 0.50000000 0.50000000
vt 0.50000000 0.50000000
vt 0.50000000 0.50000000
vt 0.50000000 0.50000000
vt 0.50000000 0.50000000
vt 0.50000000 0.50000000
vt 0.50000000 0.50000000
vt 0.50000000 0.50000000
vt 0.50000000 0.50000000
vt 0.50000000 0.50000000
vt 0.50000000 0.50000000
vt 0.50000000 0.50000000
vt 0.50000000 0.50000000
vt 0.50000000 0.50000000
vt 0.50000000 0.50000000
vt 0.50000000 0.50000000
vt 0.50000000 0.50000000
vt 0.50000000 0.50000000
vt 0.50000000 0.50000000
vt 0.50000000 0.50000000
vt 0.50000000 0.50000000
vt 0.50000000 0.50000000
vt 0.50000000 0.50000000
vt 0.50000000 0.50000000
vt 0.50000000 0.50000000
vt 0.50000000 0.50000000
vt 0.50000000 0.50000000
vt 0.50000000 0.50000000
vt 0.50000000 0.50000000
vt 0.50000000 0.50000000
vt 0.50000000 0.50000000
vt 0.50000000 0.50000000
vt 0.50000000 0.50000000
vt 0.50000000 0.50000000
vt 0.50000000 0.50000000
vt 0.50000000 0.50000000
vt 0.50000000 0.50000000
vt 0.50000000 0.50000000
vt 0.50000000 0.50000000
vt 0.50000000 0.50000000
vt 0.50000000 0.50000000
vt 0.50000000 0.50000000
vt 0.50000000 0.50000000
vt 0.50000000 0.50000000
vt 0.50000000 0.50000000
vt 0.50000000 0.50000000
vt 0.50000000 0.50000000
vt 0.50000000 0.50000000
vt 0.50000000 0.50000000
vt 0.50000000 0.50000000
vt 0.50000000 0.50000000
vt 0.50000000 0.50000000
vt 0.50000000 0.50000000
vt 0.50000000 0.50000000
vt 0.50000000 0.50000000
vt 0.50000000 0.50000000
vt 0.50000000 0.50000000
vt 0.50000000 0.50000000
vt 0.50000000 0.50000000
vt 0.50000000 0.50000000
vt 0.50000000 0.50000000
vt 0.50000000 0.50000000
vt 0.50000000 0.50000000
vt 0.50000000 0.50000000
vt 0.50000000 0.50000000
vt 0.50000000 0.50000000
vt 0.50000000 0.50000000
vt 0.50000000 0.50000000
vt 0.50000000 0.50000000
vt 0.50000000 0.50000000
vt 0.50000000 0.50000000
vt 0.50000000 0.50000000
vt 0.50000000 0.50000000
vt 0.50000000 0.50000000
vt 0.50000000 0.50000000
vt 0.50000000 0.50000000
vt 0.50000000 0.50000000
vt 0.50000000 0.50000000
vt 0.50000000 0.50000000
vt 0.50000000 0.50000000
vt 0.50000000 0.50000000
vt 0.50000000 0.50000000
vt 0.50000000 0.50000000
vt 0.50000000 0.50000000
vt 0.50000000 0.50000000
vt 0.50000000 0.50000000
vt 0.50000000 0.50000000
vt 0.50000000 0.50000000
vt 0.50000000 0.50000000
vt 0.50000000 0.50000000
vt 0.50000000 0.50000000
vt 0.50000000 0.50000000
vt 0.50000000 0.50000000
vt 0.50000000 0.50000000
vt 0.50000000 0.50000000
vt 0.50000000 0.50000000
vt 0.50000000 0.50000000
vt 0.50000000 0.50000000
vt 0.50000000 0.50000000
vt 0.50000000 0.50000000
vt 0.50000000 0.50000000
vt 0.50000000 0.50000000
vt 0.50000000 0.50000000
vt 0.50000000 0.50000000
vt 0.50000000 0.50000000
vt 0.50000000 0.50000000
vt 0.50000000 0.50000000
vt 0.50000000 0.50000000
vt 0.50000000 0.50000000
vt 0.50000000 0.50000000
vt 0.50000000 0.50000000
vt 0.50000000 0.50000000
vt 0.50000000 0.50000000
vt 0.50000000 0.50000000
vt 0.50000000 0.50000000
vt 0.50000000 0.50000000
vt 0.50000000 0.50000000
vt 0.50000000 0.50000000
vt 0.50000000 0.50000000
vt 0.50000000 0.50000000
vt 0.50000000 0.50000000
vt 0.50000000 0.50000000
vt 0.50000000 0.50000000
vt 0.50000000 0.50000000
vt 0.50000000 0.50000000
vt 0.50000000 0.50000000
vt 0.50000000 0.50000000
vt 0.50000000 0.50000000
vt 0.50000000 0.50000000
vt 0.50000000 0.50000000
vt 0.50000000 0.50000000
vt 0.50000000 0.50000000
vt 0.50000000 0.50000000
vt 0.50000000 0.50000000
vt 0.50000000 0.50000000
vt 0.50000000 0.50000000
vt 0.50000000 0.50000000
vt 0.50000000 0.50000000
vt 0.50000000 0.50000000
vt 0.50000000 0.50000000
vt 0.50000000 0.50000000
vt 0.50000000 0.50000000
vt 0.50000000 0.50000000
vt 0.50000000 0.50000000
vt 0.50000000 0.50000000
vt 0.50000000 0.50000000
vt 0.50000000 0.50000000
vt 0.50000000 0.50000000
vt 0.50000000 0.50000000
vt 0.50000000 0.50000000
vt 0.50000000 0.50000000
vt 0.50000000 0.50000000
vt 0.50000000 0.50000000
vt 0.50000000 0.50000000
vt 0.50000000 0.50000000
vt 0.50000000 0.50000000
vt 0.50000000 0.50000000
vt 0.50000000 0.50000000
vt 0.50000000 0.50000000
vt 0.50000000 0.50000000
vt 0.50000000 0.50000000
vt 0.50000000 0.50000000
vt 0.50000000 0.50000000
vt 0.50000000 0.50000000
vt 0.50000000 0.50000000
vt 0.50000000 0.50000000
vt 0.50000000 0.50000000
vt 0.50000000 0.50000000
vt 0.50000000 0.50000000
vt 0.50000000 0.50000000
vt 0.50000000 0.50000000
vt 0.50000000 0.50000000
vt 0.50000000 0.50000000
vt 0.50000000 0.50000000
vt 0.50000000 0.50000000
vt 0.50000000 0.50000000
vt 0.50000000 0.50000000
vt 0.50000000 0.50000000
vt 0.50000000 0.50000000
vt 0.50000000 0.50000000
vt 0.50000000 0.50000000
vt 0.50000000 0.50000000
vt 0.50000000 0.50000000
vt 0.50000000 0.50000000
vt 0.50000000 0.50000000
vt 0.50000000 0.50000000
vt 0.50000000 0.50000000
vt 0.50000000 0.50000000
vt 0.50000000 0.50000000
vt 0.50000000 0.50000000
vt 0.50000000 0.50000000
vt 0.50000000 0.50000000
vt 0.50000000 0.50000000
vt 0.50000000 0.50000000
vt 0.50000000 0.50000000
vt 0.50000000 0.50000000
vt 0.50000000 0.50000000
vt 0.50000000 0.50000000
vt 0.50000000 0.50000000
vt 0.50000000 0.50000000
vt 0.50000000 0.50000000
vt 0.50000000 0.50000000
vt 0.50000000 0.50000000
vt 0.50000000 0.50000000
vt 0.50000000 0.50000000
vt 0.50000000 0.50000000
vt 0.50000000 0.50000000
vt 0.50000000 0.50000000
vt 0.50000000 0.50000000
vt 0.50000000 0.50000000
vt 0.50000000 0.50000000
vt 0.50000000 0.50000000
vt 0.50000000 0.50000000
vt 0.50000000 0.50000000
vt 0.50000000 0.50000000
vt 0.50000000 0.50000000
vt 0.50000000 0.50000000
vt 0.50000000 0.50000000
vt 0.50000000 0.50000000
vt 0.50000000 0.50000000
vt 0.50000000 0.50000000
vt 0.50000000 0.50000000
vt 0.50000000 0.50000000
vt 0.50000000 0.50000000
vt 0.50000000 0.50000000
vt 0.50000000 0.50000000
vt 0.50000000 0.50000000
vt 0.50000000 0.50000000
vt 0.50000000 0.50000000
vt 0.50000000 0.50000000
vt 0.50000000 0.50000000
vt 0.50000000 0.50000000
vt 0.50000000 0.50000000
vt 0.50000000 0.50000000
vt 0.50000000 0.50000000
vt 0.50000000 0.50000000
vt 0.50000000 0.50000000
vt 0.50000000 0.50000000
vt 0.50000000 0.50000000
vt 0.50000000 0.50000000
vt 0.50000000 0.50000000
vt 0.50000000 0.50000000
vt 0.50000000 0.50000000
vt 0.50000000 0.50000000
vt 0.50000000 0.50000000
vt 0.50000000 0.50000000
vt 0.50000000 0.50000000
vt 0.50000000 0.50000000
vt 0.50000000 0.50000000
vt 0.50000000 0.50000000
vt 0.50000000 0.50000000
vt 0.50000000 0.50000000
vt 0.50000000 0.50000000
vt 0.50000000 0.50000000
vt 0.50000000 0.50000000
vt 0.50000000 0.50000000
vt 0.50000000 0.50000000
vt 0.50000000 0.50000000
vt 0.50000000 0.50000000
vt 0.50000000 0.50000000
vt 0.50000000 0.50000000
vt 0.50000000 0.50000000
vt 0.50000000 0.50000000
vt 0.50000000 0.50000000
vt 0.50000000 0.50000000
vt 0.50000000 0.50000000
vt 0.50000000 0.50000000
vt 0.50000000 0.50000000
vt 0.50000000 0.50000000
vt 0.50000000 0.50000000
vt 0.50000000 0.50000000
vt 0.50000000 0.50000000
vt 0.50000000 0.50000000
vt 0.50000000 0.50000000
vt 0.50000000 0.50000000
vt 0.50000000 0.50000000
vt 0.50000000 0.50000000
vt 0.50000000 0.50000000
vt 0.50000000 0.50000000
vt 0.50000000 0.50000000
vt 0.50000000 0.50000000
vt 0.50000000 0.50000000
vt 0.50000000 0.50000000
vt 0.50000000 0.50000000
vt 0.50000000 0.50000000
vt 0.50000000 0.50000000
vt 0.50000000 0.50000000
vt 0.50000000 0.50000000
vt 0.50000000 0.50000000
vt 0.50000000 0.50000000
vt 0.50000000 0.50000000
vt 0.50000000 0.50000000
vt 0.50000000 0.50000000
vt 0.50000000 0.50000000
vt 0.50000000 0.50000000
vt 0.50000000 0.50000000
vt 0.50000000 0.50000000
vt 0.50000000 0.50000000
vt 0.50000000 0.50000000
vt 0.50000000 0.50000000
vt 0.50000000 0.50000000
vt 0.50000000 0.50000000
vt 0.50000000 0.50000000
vt 0.50000000 0.50000000
vt 0.50000000 0.50000000
vt 0.50000000 0.50000000
vt 0.50000000 0.50000000
vt 0.50000000 0.50000000
vt 0.50000000 0.50000000
vt 0.50000000 0.50000000
vt 0.50000000 0.50000000
vt 0.50000000 0.50000000
vt 0.50000000 0.50000000
vt 0.50000000 0.50000000
vt 0.50000000 0.50000000
vt 0.50000000 0.50000000
vt 0.50000000 0.50000000
vt 0.50000000 0.50000000
vt 0.50000000 0.50000000
vt 0.50000000 0.50000000
vt 0.50000000 0.50000000
vt 0.50000000 0.50000000
vt 0.50000000 0.50000000
vt 0.50000000 0.50000000
vt 0.50000000 0.50000000
vt 0.50000000 0.50000000
vt 0.50000000 0.50000000
vt 0.50000000 0.50000000
vt 0.50000000 0.50000000
vt 0.50000000 0.50000000
vt 0.50000000 0.50000000
vt 0.50000000 0.50000000
vt 0.50000000 0.50000000
vt 0.50000000 0.50000000
vt 0.50000000 0.50000000
vt 0.50000000 0.50000000
vt 0.50000000 0.50000000
vt 0.50000000 0.50000000
vt 0.50000000 0.50000000
vt 0.50000000 0.50000000
vt 0.50000000 0.50000000
vt 0.50000000 0.50000000
vt 0.50000000 0.50000000
vt 0.50000000 0.50000000
vt 0.50000000 0.50000000
vt 0.50000000 0.50000000
vt 0.50000000 0.50000000
vt 0.50000000 0.50000000
vt 0.50000000 0.50000000
vt 0.50000000 0.50000000
vt 0.50000000 0.50000000
vt 0.50000000 0.50000000
vt 0.50000000 0.50000000
vt 0.50000000 0.50000000
vt 0.50000000 0.50000000
vt 0.50000000 0.50000000
vt 0.50000000 0.50000000
vt 0.50000000 0.50000000
vt 0.50000000 0.50000000
vt 0.50000000 0.50000000
vt 0.50000000 0.50000000
vt 0.50000000 0.50000000
vt 0.50000000 0.50000000
vt 0.50000000 0.50000000
vt 0.50000000 0.50000000
vt 0.50000000 0.50000000
vt 0.50000000 0.50000000
vt 0.50000000 0.50000000
vt 0.50000000 0.50000000
vt 0.50000000 0.50000000
vt 0.50000000 0.50000000
vt 0.50000000 0.50000000
vt 0.50000000 0.50000000
vt 0.50000000 0.50000000
vt 0.50000000 0.50000000
vt 0.50000000 0.50000000
vt 0.50000000 0.50000000
vt 0.50000000 0.50000000
vt 0.50000000 0.50000000
vt 0.50000000 0.50000000
vt 0.50000000 0.50000000
vt 0.50000000 0.50000000
vt 0.50000000 0.50000000
vt 0.50000000 0.50000000
vt 0.50000000 0.50000000
vt 0.50000000 0.50000000
vt 0.50000000 0.50000000
vt 0.50000000 0.50000000
vt 0.50000000 0.50000000
vt 0.50000000 0.50000000
vt 0.50000000 0.50000000
vt 0.50000000 0.50000000
vt 0.50000000 0.50000000
vt 0.50000000 0.50000000
vt 0.50000000 0.50000000
vt 0.50000000 0.50000000
vt 0.50000000 0.50000000
vt 0.50000000 0.50000000
vt 0.50000000 0.50000000
vt 0.50000000 0.50000000
vt 0.50000000 0.50000000
vt 0.50000000 0.50000000
vt 0.50000000 0.50000000
vt 0.50000000 0.50000000
vt 0.50000000 0.50000000
vt 0.50000000 0.50000000
vt 0.50000000 0.50000000
vt 0.50000000 0.50000000
vt 0.50000000 0.50000000
vt 0.50000000 0.50000000
vt 0.50000000 0.50000000
vt 0.50000000 0.50000000
vt 0.50000000 0.50000000
vt 0.50000000 0.50000000
vt 0.50000000 0.50000000
vt 0.50000000 0.50000000
vt 0.50000000 0.50000000
vt 0.50000000 0.50000000
vt 0.50000000 0.50000000
vt 0.50000000 0.50000000
vt 0.50000000 0.50000000
vt 0.50000000 0.50000000
vt 0.50000000 0.50000000
vt 0.50000000 0.50000000
vt 0.50000000 0.50000000
vt 0.50000000 0.50000000
vt 0.50000000 0.50000000
vt 0.50000000 0.50000000
vt 0.50000000 0.50000000
vt 0.50000000 0.50000000
vt 0.50000000 0.50000000
vt 0.50000000 0.50000000
vt 0.50000000 0.50000000
vt 0.50000000 0.50000000
vt 0.50000000 0.50000000
vt 0.50000000 0.50000000
vt 0.50000000 0.50000000
vt 0.50000000 0.50000000
vt 0.50000000 0.50000000
vt 0.50000000 0.50000000
vt 0.50000000 0.50000000
vt 0.50000000 0.50000000
vt 0.50000000 0.50000000
vt 0.50000000 0.50000000
vt 0.50000000 0.50000000
vt 0.50000000 0.50000000
vt 0.50000000 0.50000000
vt 0.50000000 0.50000000
vt 0.50000000 0.50000000
vt 0.50000000 0.50000000
vt 0.50000000 0.50000000
vt 0.50000000 0.50000000
vt 0.50000000 0.50000000
vt 0.50000000 0.50000000
vt 0.50000000 0.50000000
vt 0.50000000 0.50000000
vt 0.50000000 0.50000000
vt 0.50000000 0.50000000
vt 0.50000000 0.50000000
vt 0.50000000 0.50000000
vt 0.50000000 0.50000000
vt 0.50000000 0.50000000
vt 0.50000000 0.50000000
vt 0.50000000 0.50000000
vt 0.50000000 0.50000000
vt 0.50000000 0.50000000
vt 0.50000000 0.50000000
vt 0.50000000 0.50000000
vt 0.50000000 0.50000000
vt 0.50000000 0.50000000
vt 0.50000000 0.50000000
vt 0.50000000 0.50000000
vt 0.50000000 0.50000000
vt 0.50000000 0.50000000
vt 0.50000000 0.50000000
vt 0.50000000 0.50000000
vt 0.50000000 0.50000000
vt 0.50000000 0.50000000
vt 0.50000000 0.50000000
vt 0.50000000 0.50000000
vt 0.50000000 0.50000000
vt 0.50000000 0.50000000
vt 0.50000000 0.50000000
vt 0.50000000 0.50000000
vt 0.50000000 0.50000000
vt 0.50000000 0.50000000
vt 0.50000000 0.50000000
vt 0.50000000 0.50000000
vt 0.50000000 0.50000000
vt 0.50000000 0.50000000
vt 0.50000000 0.50000000
vt 0.50000000 0.50000000
vt 0.50000000 0.50000000
vt 0.50000000 0.50000000
vt 0.50000000 0.50000000
vt 0.50000000 0.50000000
vt 0.50000000 0.50000000
vt 0.50000000 0.50000000
vt 0.50000000 0.50000000
vt 0.50000000 0.50000000
vt 0.50000000 0.50000000
vt 0.50000000 0.50000000
vt 0.50000000 0.50000000
vt 0.50000000 0.50000000
vt 0.50000000 0.50000000
vt 0.50000000 0.50000000
vt 0.50000000 0.50000000
vt 0.50000000 0.50000000
vt 0.50000000 0.50000000
vt 0.50000000 0.50000000
vt 0.50000000 0.50000000
vt 0.50000000 0.50000000
vt 0.50000000 0.50000000
vt 0.50000000 0.50000000
vt 0.50000000 0.50000000
vt 0.50000000 0.50000000
vt 0.50000000 0.50000000
vt 0.50000000 0.50000000
vt 0.50000000 0.50000000
vt 0.50000000 0.50000000
vt 0.50000000 0.50000000
vt 0.50000000 0.50000000
vt 0.50000000 0.50000000
vt 0.50000000 0.50000000
vt 0.50000000 0.50000000
vt 0.50000000 0.50000000
vt 0.50000000 0.50000000
vt 0.50000000 0.50000000
vt 0.50000000 0.50000000
vt 0.50000000 0.50000000
vt 0.50000000 0.50000000
vt 0.50000000 0.50000000
vt 0.50000000 0.50000000
vt 0.50000000 0.50000000
vt 0.50000000 0.50000000
vt 0.50000000 0.50000000
vt 0.50000000 0.50000000
vt 0.50000000 0.50000000
vt 0.50000000 0.50000000
vt 0.50000000 0.50000000
vt 0.50000000 0.50000000
vt 0.50000000 0.50000000
vt 0.50000000 0.50000000
vt 0.50000000 0.50000000
vt 0.50000000 0.50000000
vt 0.50000000 0.50000000
vt 0.50000000 0.50000000
vt 0.50000000 0.50000000
vt 0.50000000 0.50000000
vt 0.50000000 0.50000000
vt 0.50000000 0.50000000
vt 0.50000000 0.50000000
vt 0.50000000 0.50000000
vt 0.50000000 0.50000000
vt 0.50000000 0.50000000
vt 0.50000000 0.50000000
vt 0.50000000 0.50000000
vt 0.50000000 0.50000000
vt 0.50000000 0.50000000
vt 0.50000000 0.50000000
vt 0.50000000 0.50000000
vt 0.50000000 0.50000000
vt 0.50000000 0.50000000
vt 0.50000000 0.50000000
vt 0.50000000 0.50000000
vt 0.50000000 0.50000000
vt 0.50000000 0.50000000
vt 0.50000000 0.50000000
vt 0.50000000 0.50000000
vt 0.50000000 0.50000000
vt 0.50000000 0.50000000
vt 0.50000000 0.50000000
vt 0.50000000 0.50000000
vt 0.50000000 0.50000000
vt 0.50000000 0.50000000
vt 0.50000000 0.50000000
vt 0.50000000 0.50000000
vt 0.50000000 0.50000000
vt 0.50000000 0.50000000
vt 0.50000000 0.50000000
vt 0.50000000 0.50000000
vt 0.50000000 0.50000000
vt 0.50000000 0.50000000
vt 0.50000000 0.50000000
vt 0.50000000 0.50000000
vt 0.50000000 0.50000000
vt 0.50000000 0.50000000
vt 0.50000000 0.50000000
vt 0.50000000 0.50000000
vt 0.50000000 0.50000000
vt 0.50000000 0.50000000
vt 0.50000000 0.50000000
vt 0.50000000 0.50000000
vt 0.50000000 0.50000000
vt 0.50000000 0.50000000
vt 0.50000000 0.50000000
vt 0.50000000 0.50000000
vt 0.50000000 0.50000000
vt 0.50000000 0.50000000
vt 0.50000000 0.50000000
vt 0.50000000 0.50000000
vt 0.50000000 0.50000000
vt 0.50000000 0.50000000
vt 0.50000000 0.50000000
vt 0.50000000 0.50000000
vt 0.50000000 0.50000000
vt 0.50000000 0.50000000
vt 0.50000000 0.50000000
vt 0.50000000 0.50000000
vt 0.50000000 0.50000000
vt 0.50000000 0.50000000
vt 0.50000000 0.50000000
vt 0.50000000 0.50000000
vt 0.50000000 0.50000000
vt 0.50000000 0.50000000
vt 0.50000000 0.50000000
vt 0.50000000 0.50000000
vt 0.50000000 0.50000000
vt 0.50000000 0.50000000
vt 0.50000000 0.50000000
vt 0.50000000 0.50000000
vt 0.50000000 0.50000000
vt 0.50000000 0.50000000
vt 0.50000000 0.50000000
vt 0.50000000 0.50000000
vt 0.50000000 0.50000000
vt 0.50000000 0.50000000
vt 0.50000000 0.50000000
vt 0.50000000 0.50000000
vt 0.50000000 0.50000000
vt 0.50000000 0.50000000
vt 0.50000000 0.50000000
vt 0.50000000 0.50000000
vt 0.50000000 0.50000000
vt 0.50000000 0.50000000
vt 0.50000000 0.50000000
vt 0.50000000 0.50000000
vt 0.50000000 0.50000000
vt 0.50000000 0.50000000
vt 0.50000000 0.50000000
vt 0.50000000 0.50000000
vt 0.50000000 0.50000000
vt 0.50000000 0.50000000
vt 0.50000000 0.50000000
vt 0.50000000 0.50000000
vt 0.50000000 0.50000000
vt 0.50000000 0.50000000
vt 0.50000000 0.50000000
vt 0.50000000 0.50000000
vt 0.50000000 0.50000000
vt 0.50000000 0.50000000
vt 0.50000000 0.50000000
vt 0.50000000 0.50000000
vt 0.50000000 0.50000000
vt 0.50000000 0.50000000
vt 0.50000000 0.50000000
vt 0.50000000 0.50000000
vt 0.50000000 0.50000000
vt 0.50000000 0.50000000
vt 0.50000000 0.50000000
vt 0.50000000 0.50000000
vt 0.50000000 0.50000000
vt 0.50000000 0.50000000
vt 0.50000000 0.50000000
vt 0.50000000 0.50000000
vt 0.50000000 0.50000000
vt 0.50000000 0.50000000
vt 0.50000000 0.50000000
vt 0.50000000 0.50000000
vt 0.50000000 0.50000000
vt 0.50000000 0.50000000
vt 0.50000000 0.50000000
vt 0.50000000 0.50000000
vt 0.50000000 0.50000000
vt 0.50000000 0.50000000
vt 0.50000000 0.50000000
vt 0.50000000 0.50000000
vt 0.50000000 0.50000000
vt 0.50000000 0.50000000
vt 0.50000000 0.50000000
vt 0.50000000 0.50000000
vt 0.50000000 0.50000000
vt 0.50000000 0.50000000
vt 0.50000000 0.50000000
vt 0.50000000 0.50000000
vt 0.50000000 0.50000000
vt 0.50000000 0.50000000
vt 0.50000000 0.50000000
vt 0.50000000 0.50000000
vt 0.50000000 0.50000000
vt 0.50000000 0.50000000
vt 0.50000000 0.50000000
vt 0.50000000 0.50000000
vt 0.50000000 0.50000000
vt 0.50000000 0.50000000
vt 0.50000000 0.50000000
vt 0.50000000 0.50000000
vt 0.50000000 0.50000000
vt 0.50000000 0.50000000
vt 0.50000000 0.50000000
vt 0.50000000 0.50000000
vt 0.50000000 0.50000000
vt 0.50000000 0.50000000
vt 0.50000000 0.50000000
vt 0.50000000 0.50000000
vt 0.50000000 0.50000000
vt 0.50000000 0.50000000
vt 0.50000000 0.50000000
vt 0.50000000 0.50000000
vt 0.50000000 0.50000000
vt 0.50000000 0.50000000
vt 0.50000000 0.50000000
vt 0.50000000 0.50000000
vt 0.50000000 0.50000000
vt 0.50000000 0.50000000
vt 0.50000000 0.50000000
vt 0.50000000 0.50000000
vt 0.50000000 0.50000000
vt 0.50000000 0.50000000
vt 0.50000000 0.50000000
vt 0.50000000 0.50000000
vt 0.50000000 0.50000000
vt 0.50000000 0.50000000
vt 0.50000000 0.50000000
vt 0.50000000 0.50000000
vt 0.50000000 0.50000000
vt 0.50000000 0.50000000
vt 0.50000000 0.50000000
vt 0.50000000 0.50000000
vt 0.50000000 0.50000000
vt 0.50000000 0.50000000
vt 0.50000000 0.50000000
vt 0.50000000 0.50000000
vt 0.50000000 0.50000000
vt 0.50000000 0.50000000
vt 0.50000000 0.50000000
vt 0.50000000 0.50000000
vt 0.50000000 0.50000000
vt 0.50000000 0.50000000
vt 0.50000000 0.50000000
vt 0.50000000 0.50000000
vt 0.50000000 0.50000000
vt 0.50000000 0.50000000
vt 0.50000000 0.50000000
vt 0.50000000 0.50000000
vt 0.50000000 0.50000000
vt 0.50000000 0.50000000
vt 0.50000000 0.50000000
vt 0.50000000 0.50000000
vt 0.50000000 0.50000000
vt 0.50000000 0.50000000
vt 0.50000000 0.50000000
vt 0.50000000 0.50000000
vt 0.50000000 0.50000000
vt 0.50000000 0.50000000
vt 0.50000000 0.50000000
vt 0.50000000 0.50000000
vt 0.50000000 0.50000000
vt 0.50000000 0.50000000
vt 0.50000000 0.50000000
vt 0.50000000 0.50000000
vt 0.50000000 0.50000000
vt 0.50000000 0.50000000
vt 0.50000000 0.50000000
vt 0.50000000 0.50000000
vt 0.50000000 0.50000000
vt 0.50000000 0.50000000
vt 0.50000000 0.50000000
vt 0.50000000 0.50000000
vt 0.50000000 0.50000000
vt 0.50000000 0.50000000
vt 0.50000000 0.50000000
vt 0.50000000 0.50000000
vt 0.50000000 0.50000000
vt 0.50000000 0.50000000
vt 0.50000000 0.50000000
vt 0.50000000 0.50000000
vt 0.50000000 0.50000000
vt 0.50000000 0.50000000
vt 0.50000000 0.50000000
vt 0.50000000 0.50000000
vt 0.50000000 0.50000000
vt 0.50000000 0.50000000
vt 0.50000000 0.50000000
vt 0.50000000 0.50000000
vt 0.50000000 0.50000000
vt 0.50000000 0.50000000
vt 0.50000000 0.50000000
vt 0.50000000 0.50000000
vt 0.50000000 0.50000000
vt 0.50000000 0.50000000
vt 0.50000000 0.50000000
vt 0.50000000 0.50000000
vt 0.50000000 0.50000000
vt 0.50000000 0.50000000
vt 0.50000000 0.50000000
vt 0.50000000 0.50000000
vt 0.50000000 0.50000000
vt 0.50000000 0.50000000
vt 0.50000000 0.50000000
vt 0.50000000 0.50000000
vt 0.50000000 0.50000000
vt 0.50000000 0.50000000
vt 0.50000000 0.50000000
vt 0.50000000 0.50000000
vt 0.50000000 0.50000000
vt 0.50000000 0.50000000
vt 0.50000000 0.50000000
vt 0.50000000 0.50000000
vt 0.50000000 0.50000000
vt 0.50000000 0.50000000
vt 0.50000000 0.50000000
vt 0.50000000 0.50000000
vt 0.50000000 0.50000000
vt 0.50000000 0.50000000
vt 0.50000000 0.50000000
vt 0.50000000 0.50000000
vt 0.50000000 0.50000000
vt 0.50000000 0.50000000
vt 0.50000000 0.50000000
vt 0.50000000 0.50000000
vt 0.50000000 0.50000000
vt 0.50000000 0.50000000
vt 0.50000000 0.50000000
vt 0.50000000 0.50000000
vt 0.50000000 0.50000000
vt 0.50000000 0.50000000
vt 0.50000000 0.50000000
vt 0.50000000 0.50000000
vt 0.50000000 0.50000000
vt 0.50000000 0.50000000
vt 0.50000000 0.50000000
vt 0.50000000 0.50000000
vt 0.50000000 0.50000000
vt 0.50000000 0.50000000
vt 0.50000000 0.50000000
vt 0.50000000 0.50000000
vt 0.50000000 0.50000000
vt 0.50000000 0.50000000
vt 0.50000000 0.50000000
vt 0.50000000 0.50000000
vt 0.50000000 0.50000000
vt 0.50000000 0.50000000
vt 0.50000000 0.50000000
vt 0.50000000 0.50000000
vt 0.50000000 0.50000000
vt 0.50000000 0.50000000
vt 0.50000000 0.50000000
vt 0.50000000 0.50000000
vt 0.50000000 0.50000000
vt 0.50000000 0.50000000
vt 0.50000000 0.50000000
vt 0.50000000 0.50000000
vt 0.50000000 0.50000000
vt 0.50000000 0.50000000
vt 0.50000000 0.50000000
vt 0.50000000 0.50000000
vt 0.50000000 0.50000000
vt 0.50000000 0.50000000
vt 0.50000000 0.50000000
vt 0.50000000 0.50000000
vt 0.50000000 0.50000000
vt 0.50000000 0.50000000
vt 0.50000000 0.50000000
vt 0.50000000 0.50000000
vt 0.50000000 0.50000000
vt 0.50000000 0.50000000
vt 0.50000000 0.50000000
vt 0.50000000 0.50000000
vt 0.50000000 0.50000000
vt 0.50000000 0.50000000
vt 0.50000000 0.50000000
vt 0.50000000 0.50000000
vt 0.50000000 0.50000000
vt 0.50000000 0.50000000
vt 0.50000000 0.50000000
vt 0.50000000 0.50000000
vt 0.50000000 0.50000000
vt 0.50000000 0.50000000
vt 0.50000000 0.50000000
vt 0.50000000 0.50000000
vt 0.50000000 0.50000000
vt 0.50000000 0.50000000
vt 0.50000000 0.50000000
vt 0.50000000 0.50000000
vt 0.50000000 0.50000000
vt 0.50000000 0.50000000
vt 0.50000000 0.50000000
vt 0.50000000 0.50000000
vt 0.50000000 0.50000000
vt 0.50000000 0.50000000
vt 0.50000000 0.50000000
vt 0.50000000 0.50000000
vt 0.50000000 0.50000000
vt 0.50000000 0.50000000
vt 0.50000000 0.50000000
vt 0.50000000 0.50000000
vt 0.50000000 0.50000000
vt 0.50000000 0.50000000
vt 0.50000000 0.50000000
vt 0.50000000 0.50000000
vt 0.50000000 0.50000000
vt 0.50000000 0.50000000
vt 0.50000000 0.50000000
vt 0.50000000 0.50000000
vt 0.50000000 0.50000000
vt 0.50000000 0.50000000
vt 0.50000000 0.50000000
vt 0.50000000 0.50000000
vt 0.50000000 0.50000000
vt 0.50000000 0.50000000
vt 0.50000000 0.50000000
vt 0.50000000 0.50000000
vt 0.50000000 0.50000000
vt 0.50000000 0.50000000
vt 0.50000000 0.50000000
vt 0.50000000 0.50000000
vt 0.50000000 0.50000000
vt 0.50000000 0.50000000
vt 0.50000000 0.50000000
vt 0.50000000 0.50000000
vt 0.50000000 0.50000000
vt 0.50000000 0.50000000
vt 0.50000000 0.50000000
vt 0.50000000 0.50000000
vt 0.50000000 0.50000000
vt 0.50000000 0.50000000
vt 0.50000000 0.50000000
vt 0.50000000 0.50000000
vt 0.50000000 0.50000000
vt 0.50000000 0.50000000
vt 0.50000000 0.50000000
vt 0.50000000 0.50000000
vt 0.50000000 0.50000000
vt 0.50000000 0.50000000
vt 0.50000000 0.50000000
vt 0.50000000 0.50000000
vt 0.50000000 0.50000000
vt 0.50000000 0.50000000
vt 0.50000000 0.50000000
vt 0.50000000 0.50000000
vt 0.50000000 0.50000000
vt 0.50000000 0.50000000
vt 0.50000000 0.50000000
vt 0.50000000 0.50000000
vt 0.50000000 0.50000000
vt 0.50000000 0.50000000
vt 0.50000000 0.50000000
vt 0.50000000 0.50000000
vt 0.50000000 0.50000000
vt 0.50000000 0.50000000
vt 0.50000000 0.50000000
vt 0.50000000 0.50000000
vt 0.50000000 0.50000000
vt 0.50000000 0.50000000
vt 0.50000000 0.50000000
vt 0.50000000 0.50000000
vt 0.50000000 0.50000000
vt 0.50000000 0.50000000
vt 0.50000000 0.50000000
vt 0.50000000 0.50000000
vt 0.50000000 0.50000000
vt 0.50000000 0.50000000
vt 0.50000000 0.50000000
vt 0.50000000 0.50000000
vt 0.50000000 0.50000000
vt 0.50000000 0.50000000
vt 0.50000000 0.50000000
vt 0.50000000 0.50000000
vt 0.50000000 0.50000000
vt 0.50000000 0.50000000
vt 0.50000000 0.50000000
vt 0.50000000 0.50000000
vt 0.50000000 0.50000000
vt 0.50000000 0.50000000
vt 0.50000000 0.50000000
vt 0.50000000 0.50000000
vt 0.50000000 0.50000000
vt 0.50000000 0.50000000
vt 0.50000000 0.50000000
vt 0.50000000 0.50000000
vt 0.50000000 0.50000000
vt 0.50000000 0.50000000
vt 0.50000000 0.50000000
vt 0.50000000 0.50000000
vt 0.50000000 0.50000000
vt 0.50000000 0.50000000
vt 0.50000000 0.50000000
vt 0.50000000 0.50000000
vt 0.50000000 0.50000000
vt 0.50000000 0.50000000
vt 0.50000000 0.50000000
vt 0.50000000 0.50000000
vt 0.50000000 0.50000000
vt 0.50000000 0.50000000
vt 0.50000000 0.50000000
vt 0.50000000 0.50000000
vt 0.50000000 0.50000000
vt 0.50000000 0.50000000
vt 0.50000000 0.50000000
vt 0.50000000 0.50000000
vt 0.50000000 0.50000000
vt 0.50000000 0.50000000
vt 0.50000000 0.50000000
vt 0.50000000 0.50000000
vt 0.50000000 0.50000000
vt 0.50000000 0.50000000
vt 0.50000000 0.50000000
vt 0.50000000 0.50000000
vt 0.50000000 0.50000000
vt 0.50000000 0.50000000
vt 0.50000000 0.50000000
vt 0.50000000 0.50000000
vt 0.50000000 0.50000000
vt 0.50000000 0.50000000
vt 0.50000000 0.50000000
vt 0.50000000 0.50000000
vt 0.50000000 0.50000000
vt 0.50000000 0.50000000
vt 0.50000000 0.50000000
vt 0.50000000 0.50000000
vt 0.50000000 0.50000000
vt 0.50000000 0.50000000
vt 0.50000000 0.50000000
vt 0.50000000 0.50000000
vt 0.50000000 0.50000000
vt 0.50000000 0.50000000
vt 0.50000000 0.50000000
vt 0.50000000 0.50000000
vt 0.50000000 0.50000000
vt 0.50000000 0.50000000
vt 0.50000000 0.50000000
vt 0.50000000 0.50000000
vt 0.50000000 0.50000000
vt 0.50000000 0.50000000
vt 0.50000000 0.50000000
vt 0.50000000 0.50000000
vt 0.50000000 0.50000000
vt 0.50000000 0.50000000
vt 0.50000000 0.50000000
vt 0.50000000 0.50000000
vt 0.50000000 0.50000000
vt 0.50000000 0.50000000
vt 0.50000000 0.50000000
vt 0.50000000 0.50000000
vt 0.50000000 0.50000000
vt 0.50000000 0.50000000
vt 0.50000000 0.50000000
vt 0.50000000 0.50000000
vt 0.50000000 0.50000000
vt 0.50000000 0.50000000
vt 0.50000000 0.50000000
vt 0.50000000 0.50000000
vt 0.50000000 0.50000000
vt 0.50000000 0.50000000
vt 0.50000000 0.50000000
vt 0.50000000 0.50000000
vt 0.50000000 0.50000000
vt 0.50000000 0.50000000
vt 0.50000000 0.50000000
vt 0.50000000 0.50000000
vt 0.50000000 0.50000000
vt 0.50000000 0.50000000
vt 0.50000000 0.50000000
vt 0.50000000 0.50000000
vt 0.50000000 0.50000000
vt 0.50000000 0.50000000
vt 0.50000000 0.50000000
vt 0.50000000 0.50000000
vt 0.50000000 0.50000000
vt 0.50000000 0.50000000
vt 0.50000000 0.50000000
vt 0.50000000 0.50000000
vt 0.50000000 0.50000000
vt 0.50000000 0.50000000
vt 0.50000000 0.50000000
vt 0.50000000 0.50000000
vt 0.50000000 0.50000000
vt 0.50000000 0.50000000
vt 0.50000000 0.50000000
vt 0.50000000 0.50000000
vt 0.50000000 0.50000000
vt 0.50000000 0.50000000
vt 0.50000000 0.50000000
vt 0.50000000 0.50000000
vt 0.50000000 0.50000000
vt 0.50000000 0.50000000
vt 0.50000000 0.50000000
vt 0.50000000 0.50000000
vt 0.50000000 0.50000000
vt 0.50000000 0.50000000
vt 0.50000000 0.50000000
vt 0.50000000 0.50000000
vt 0.50000000 0.50000000
vt 0.50000000 0.50000000
vt 0.50000000 0.50000000
vt 0.50000000 0.50000000
vt 0.50000000 0.50000000
vt 0.50000000 0.50000000
vt 0.50000000 0.50000000
vt 0.50000000 0.50000000
vt 0.50000000 0.50000000
vt 0.50000000 0.50000000
vt 0.50000000 0.50000000
vt 0.50000000 0.50000000
vt 0.50000000 0.50000000
vt 0.50000000 0.50000000
vt 0.50000000 0.50000000
vt 0.50000000 0.50000000
vt 0.50000000 0.50000000
vt 0.50000000 0.50000000
vt 0.50000000 0.50000000
vt 0.50000000 0.50000000
vt 0.50000000 0.50000000
vt 0.50000000 0.50000000
vt 0.50000000 0.50000000
vt 0.50000000 0.50000000
vt 0.50000000 0.50000000
vt 0.50000000 0.50000000
vt 0.50000000 0.50000000
vt 0.50000000 0.50000000
vt 0.50000000 0.50000000
vt 0.50000000 0.50000000
vt 0.50000000 0.50000000
vt 0.50000000 0.50000000
vt 0.50000000 0.50000000
vt 0.50000000 0.50000000
vt 0.50000000 0.50000000
vt 0.50000000 0.50000000
vt 0.50000000 0.50000000
vt 0.50000000 0.50000000
vt 0.50000000 0.50000000
vt 0.50000000 0.50000000
vt 0.50000000 0.50000000
vt 0.50000000 0.50000000
vt 0.50000000 0.50000000
vt 0.50000000 0.50000000
vt 0.50000000 0.50000000
vt 0.50000000 0.50000000
vt 0.50000000 0.50000000
vt 0.50000000 0.50000000
vt 0.50000000 0.50000000
vt 0.50000000 0.50000000
vt 0.50000000 0.50000000
vt 0.50000000 0.50000000
vt 0.50000000 0.50000000
vt 0.50000000 0.50000000
vt 0.50000000 0.50000000
vt 0.50000000 0.50000000
vt 0.50000000 0.50000000
vt 0.50000000 0.50000000
vt 0.50000000 0.50000000
vt 0.50000000 0.50000000
vt 0.50000000 0.50000000
vt 0.50000000 0.50000000
vt 0.50000000 0.50000000
vt 0.50000000 0.50000000
vt 0.50000000 0.50000000
vt 0.50000000 0.50000000
vt 0.50000000 0.50000000
vt 0.50000000 0.50000000
vt 0.50000000 0.50000000
vt 0.50000000 0.50000000
vt 0.50000000 0.50000000
vt 0.50000000 0.50000000
vt 0.50000000 0.50000000
vt 0.50000000 0.50000000
vt 0.50000000 0.50000000
vt 0.50000000 0.50000000
vt 0.50000000 0.50000000
vt 0.50000000 0.50000000
vt 0.50000000 0.50000000
vt 0.50000000 0.50000000
vt 0.50000000 0.50000000
vt 0.50000000 0.50000000
vt 0.50000000 0.50000000
vt 0.50000000 0.50000000
vt 0.50000000 0.50000000
vt 0.50000000 0.50000000
vt 0.50000000 0.50000000
vt 0.50000000 0.50000000
vt 0.50000000 0.50000000
vt 0.50000000 0.50000000
vt 0.50000000 0.50000000
vt 0.50000000 0.50000000
vt 0.50000000 0.50000000
vt 0.50000000 0.50000000
vt 0.50000000 0.50000000
vt 0.50000000 0.50000000
vt 0.50000000 0.50000000
vt 0.50000000 0.50000000
vt 0.50000000 0.50000000
vt 0.50000000 0.50000000
vt 0.50000000 0.50000000
vt 0.50000000 0.50000000
vt 0.50000000 0.50000000
vt 0.50000000 0.50000000
vt 0.50000000 0.50000000
vt 0.50000000 0.50000000
vt 0.50000000 0.50000000
vt 0.50000000 0.50000000
vt 0.50000000 0.50000000
vt 0.50000000 0.50000000
vt 0.50000000 0.50000000
vt 0.50000000 0.50000000
vt 0.50000000 0.50000000
vt 0.50000000 0.50000000
vt 0.50000000 0.50000000
vt 0.50000000 0.50000000
vt 0.50000000 0.50000000
vt 0.50000000 0.50000000
vt 0.50000000 0.50000000
vt 0.50000000 0.50000000
vt 0.50000000 0.50000000
vt 0.50000000 0.50000000
vt 0.50000000 0.50000000
vt 0.50000000 0.50000000
vt 0.50000000 0.50000000
vt 0.50000000 0.50000000
vt 0.50000000 0.50000000
vt 0.50000000 0.50000000
vt 0.50000000 0.50000000
vt 0.50000000 0.50000000
vt 0.50000000 0.50000000
vt 0.50000000 0.50000000
vt 0.50000000 0.50000000
vt 0.50000000 0.50000000
vt 0.50000000 0.50000000
vt 0.50000000 0.50000000
vt 0.50000000 0.50000000
vt 0.50000000 0.50000000
vt 0.50000000 0.50000000
vt 0.50000000 0.50000000
vt 0.50000000 0.50000000
vt 0.50000000 0.50000000
vt 0.50000000 0.50000000
vt 0.50000000 0.50000000
vt 0.50000000 0.50000000
vt 0.50000000 0.50000000
vt 0.50000000 0.50000000
vt 0.50000000 0.50000000
vt 0.50000000 0.50000000
vt 0.50000000 0.50000000
vt 0.50000000 0.50000000
vt 0.50000000 0.50000000
vt 0.50000000 0.50000000
vt 0.50000000 0.50000000
vt 0.50000000 0.50000000
vt 0.50000000 0.50000000
vt 0.50000000 0.50000000
vt 0.50000000 0.50000000
vt 0.50000000 0.50000000
vt 0.50000000 0.50000000
vt 0.50000000 0.50000000
vt 0.50000000 0.50000000
vt 0.50000000 0.50000000
vt 0.50000000 0.50000000
vt 0.50000000 0.50000000
vt 0.50000000 0.50000000
vt 0.50000000 0.50000000
vt 0.50000000 0.50000000
vt 0.50000000 0.50000000
vt 0.50000000 0.50000000
vt 0.50000000 0.50000000
vt 0.50000000 0.50000000
vt 0.50000000 0.50000000
vt 0.50000000 0.50000000
vt 0.50000000 0.50000000
vt 0.50000000 0.50000000
vt 0.50000000 0.50000000
vt 0.50000000 0.50000000
vt 0.50000000 0.50000000
vt 0.50000000 0.50000000
vt 0.50000000 0.50000000
vt 0.50000000 0.50000000
vt 0.50000000 0.50000000
vt 0.50000000 0.50000000
vt 0.50000000 0.50000000
vt 0.50000000 0.50000000
vt 0.50000000 0.50000000
vt 0.50000000 0.50000000
vt 0.50000000 0.50000000
vt 0.50000000 0.50000000
vt 0.50000000 0.50000000
vt 0.50000000 0.50000000
vt 0.50000000 0.50000000
vt 0.50000000 0.50000000
vt 0.50000000 0.50000000
vt 0.50000000 0.50000000
vt 0.50000000 0.50000000
vt 0.50000000 0.50000000
vt 0.50000000 0.50000000
vt 0.50000000 0.50000000
vt 0.50000000 0.50000000
vt 0.50000000 0.50000000
vt 0.50000000 0.50000000
vt 0.50000000 0.50000000
vt 0.50000000 0.50000000
vt 0.50000000 0.50000000
vt 0.50000000 0.50000000
vt 0.50000000 0.50000000
vt 0.50000000 0.50000000
vt 0.50000000 0.50000000
vt 0.50000000 0.50000000
vt 0.50000000 0.50000000
vt 0.50000000 0.50000000
vt 0.50000000 0.50000000
vt 0.50000000 0.50000000
vt 0.50000000 0.50000000
vt 0.50000000 0.50000000
vt 0.50000000 0.50000000
vt 0.50000000 0.50000000
vt 0.50000000 0.50000000
vt 0.50000000 0.50000000
vt 0.50000000 0.50000000
vt 0.50000000 0.50000000
vt 0.50000000 0.50000000
vt 0.50000000 0.50000000
vt 0.50000000 0.50000000
vt 0.50000000 0.50000000
vt 0.50000000 0.50000000
vt 0.50000000 0.50000000
vt 0.50000000 0.50000000
vt 0.50000000 0.50000000
vt 0.50000000 0.50000000
vt 0.50000000 0.50000000
vt 0.50000000 0.50000000
vt 0.50000000 0.50000000
vt 0.50000000 0.50000000
vt 0.50000000 0.50000000
vt 0.50000000 0.50000000
vt 0.50000000 0.50000000
vt 0.50000000 0.50000000
vt 0.50000000 0.50000000
vt 0.50000000 0.50000000
vt 0.50000000 0.50000000
vt 0.50000000 0.50000000
vt 0.50000000 0.50000000
vt 0.50000000 0.50000000
vt 0.50000000 0.50000000
vt 0.50000000 0.50000000
vt 0.50000000 0.50000000
vt 0.50000000 0.50000000
vt 0.50000000 0.50000000
vt 0.50000000 0.50000000
vt 0.50000000 0.50000000
vt 0.50000000 0.50000000
vt 0.50000000 0.50000000
vt 0.50000000 0.50000000
vt 0.50000000 0.50000000
vt 0.50000000 0.50000000
vt 0.50000000 0.50000000
vt 0.50000000 0.50000000
vt 0.50000000 0.50000000
vt 0.50000000 0.50000000
vt 0.50000000 0.50000000
vt 0.50000000 0.50000000
vt 0.50000000 0.50000000
vt 0.50000000 0.50000000
vt 0.50000000 0.50000000
vt 0.50000000 0.50000000
vt 0.50000000 0.50000000
vt 0.50000000 0.50000000
vt 0.50000000 0.50000000
vt 0.50000000 0.50000000
vt 0.50000000 0.50000000
vt 0.50000000 0.50000000
vt 0.50000000 0.50000000
vt 0.50000000 0.50000000
vt 0.50000000 0.50000000
vt 0.50000000 0.50000000
vt 0.50000000 0.50000000
vt 0.50000000 0.50000000
vt 0.50000000 0.50000000
vt 0.50000000 0.50000000
vt 0.50000000 0.50000000
vt 0.50000000 0.50000000
vt 0.50000000 0.50000000
vt 0.50000000 0.50000000
vt 0.50000000 0.50000000
vt 0.50000000 0.50000000
vt 0.50000000 0.50000000
vt 0.50000000 0.50000000
vt 0.50000000 0.50000000
vt 0.50000000 0.50000000
vt 0.50000000 0.50000000
vt 0.50000000 0.50000000
vt 0.50000000 0.50000000
vt 0.50000000 0.50000000
vt 0.50000000 0.50000000
vt 0.50000000 0.50000000
vt 0.50000000 0.50000000
vt 0.50000000 0.50000000
vt 0.50000000 0.50000000
vt 0.50000000 0.50000000
vt 0.50000000 0.50000000
vt 0.50000000 0.50000000
vt 0.50000000 0.50000000
vt 0.50000000 0.50000000
vt 0.50000000 0.50000000
vt 0.50000000 0.50000000
vt 0.50000000 0.50000000
vt 0.50000000 0.50000000
vt 0.50000000 0.50000000
vt 0.50000000 0.50000000
vt 0.50000000 0.50000000
vt 0.50000000 0.50000000
vt 0.50000000 0.50000000
vt 0.50000000 0.50000000
vt 0.50000000 0.50000000
vt 0.50000000 0.50000000
vt 0.50000000 0.50000000
vt 0.50000000 0.50000000
vt 0.50000000 0.50000000
vt 0.50000000 0.50000000
vt 0.50000000 0.50000000
vt 0.50000000 0.50000000
vt 0.50000000 0.50000000
vt 0.50000000 0.50000000
vt 0.50000000 0.50000000
vt 0.50000000 0.50000000
vt 0.50000000 0.50000000
vt 0.50000000 0.50000000
vt 0.50000000 0.50000000
vt 0.50000000 0.50000000
vt 0.50000000 0.50000000
vt 0.50000000 0.50000000
vt 0.50000000 0.50000000
vt 0.50000000 0.50000000
vt 0.50000000 0.50000000
vt 0.50000000 0.50000000
vt 0.50000000 0.50000000
vt 0.50000000 0.50000000
vt 0.50000000 0.50000000
vt 0.50000000 0.50000000
vt 0.50000000 0.50000000
vt 0.50000000 0.50000000
vt 0.50000000 0.50000000
vt 0.50000000 0.50000000
vt 0.50000000 0.50000000
vt 0.50000000 0.50000000
vt 0.50000000 0.50000000
vt 0.50000000 0.50000000
vt 0.50000000 0.50000000
vt 0.50000000 0.50000000
vt 0.50000000 0.50000000
vt 0.50000000 0.50000000
vt 0.50000000 0.50000000
vt 0.50000000 0.50000000
vt 0.50000000 0.50000000
vt 0.50000000 0.50000000
vt 0.50000000 0.50000000
vt 0.50000000 0.50000000
vt 0.50000000 0.50000000
vt 0.50000000 0.50000000
vt 0.50000000 0.50000000
vt 0.50000000 0.50000000
vt 0.50000000 0.50000000
vt 0.50000000 0.50000000
vt 0.50000000 0.50000000
vt 0.50000000 0.50000000
vt 0.50000000 0.50000000
vt 0.50000000 0.50000000
vt 0.50000000 0.50000000
vt 0.50000000 0.50000000
vt 0.50000000 0.50000000
vt 0.50000000 0.50000000
vt 0.50000000 0.50000000
vt 0.50000000 0.50000000
vt 0.50000000 0.50000000
vt 0.50000000 0.50000000
vt 0.50000000 0.50000000
vt 0.50000000 0.50000000
vt 0.50000000 0.50000000
vt 0.50000000 0.50000000
vt 0.50000000 0.50000000
vt 0.50000000 0.50000000
vt 0.50000000 0.50000000
vt 0.50000000 0.50000000
vt 0.50000000 0.50000000
vt 0.50000000 0.50000000
vt 0.50000000 0.50000000
vt 0.50000000 0.50000000
vt 0.50000000 0.50000000
vt 0.50000000 0.50000000
vt 0.50000000 0.50000000
vt 0.50000000 0.50000000
vt 0.50000000 0.50000000
vt 0.50000000 0.50000000
vt 0.50000000 0.50000000
vt 0.50000000 0.50000000
vt 0.50000000 0.50000000
vt 0.50000000 0.50000000
vt 0.50000000 0.50000000
vt 0.50000000 0.50000000
vt 0.50000000 0.50000000
vt 0.50000000 0.50000000
vt 0.50000000 0.50000000
vt 0.50000000 0.50000000
vt 0.50000000 0.50000000
vt 0.50000000 0.50000000
vt 0.50000000 0.50000000
vt 0.50000000 0.50000000
vt 0.50000000 0.50000000
vt 0.50000000 0.50000000
vt 0.50000000 0.50000000
vt 0.50000000 0.50000000
vt 0.50000000 0.50000000
vt 0.50000000 0.50000000
vt 0.50000000 0.50000000
vt 0.50000000 0.50000000
vt 0.50000000 0.50000000
vt 0.50000000 0.50000000
vt 0.50000000 0.50000000
vt 0.50000000 0.50000000
vt 0.50000000 0.50000000
vt 0.50000000 0.50000000
vt 0.50000000 0.50000000
vt 0.50000000 0.50000000
vt 0.50000000 0.50000000
vt 0.50000000 0.50000000
vt 0.50000000 0.50000000
vt 0.50000000 0.50000000
vt 0.50000000 0.50000000
vt 0.50000000 0.50000000
vt 0.50000000 0.50000000
vt 0.50000000 0.50000000
vt 0.50000000 0.50000000
vt 0.50000000 0.50000000
vt 0.50000000 0.50000000
vt 0.50000000 0.50000000
vt 0.50000000 0.50000000
vt 0.50000000 0.50000000
vt 0.50000000 0.50000000
vt 0.50000000 0.50000000
vt 0.50000000 0.50000000
vt 0.50000000 0.50000000
vt 0.50000000 0.50000000
vt 0.50000000 0.50000000
vt 0.50000000 0.50000000
vt 0.50000000 0.50000000
vt 0.50000000 0.50000000
vt 0.50000000 0.50000000
vt 0.50000000 0.50000000
vt 0.50000000 0.50000000
vt 0.50000000 0.50000000
vt 0.50000000 0.50000000
vt 0.50000000 0.50000000
vt 0.50000000 0.50000000
vt 0.50000000 0.50000000
vt 0.50000000 0.50000000
vt 0.50000000 0.50000000
vt 0.50000000 0.50000000
vt 0.50000000 0.50000000
vt 0.50000000 0.50000000
vt 0.50000000 0.50000000
vt 0.50000000 0.50000000
vt 0.50000000 0.50000000
vt 0.50000000 0.50000000
vt 0.50000000 0.50000000
vt 0.50000000 0.50000000
vt 0.50000000 0.50000000
vt 0.50000000 0.50000000
vt 0.50000000 0.50000000
vt 0.50000000 0.50000000
vt 0.50000000 0.50000000
vt 0.50000000 0.50000000
vt 0.50000000 0.50000000
vt 0.50000000 0.50000000
vt 0.50000000 0.50000000
vt 0.50000000 0.50000000
vt 0.50000000 0.50000000
vt 0.50000000 0.50000000
vt 0.50000000 0.50000000
vt 0.50000000 0.50000000
vt 0.50000000 0.50000000
vt 0.50000000 0.50000000
vt 0.50000000 0.50000000
vt 0.50000000 0.50000000
vt 0.50000000 0.50000000
vt 0.50000000 0.50000000
vt 0.50000000 0.50000000
vt 0.50000000 0.50000000
vt 0.50000000 0.50000000
vt 0.50000000 0.50000000
vt 0.50000000 0.50000000
vt 0.50000000 0.50000000
vt 0.50000000 0.50000000
vt 0.50000000 0.50000000
vt 0.50000000 0.50000000
vt 0.50000000 0.50000000
vt 0.50000000 0.50000000
vt 0.50000000 0.50000000
vt 0.50000000 0.50000000
vt 0.50000000 0.50000000
vt 0.50000000 0.50000000
vt 0.50000000 0.50000000
vt 0.50000000 0.50000000
vt 0.50000000 0.50000000
vt 0.50000000 0.50000000
vt 0.50000000 0.50000000
vt 0.50000000 0.50000000
vt 0.50000000 0.50000000
vt 0.50000000 0.50000000
vt 0.50000000 0.50000000
vt 0.50000000 0.50000000
vt 0.50000000 0.50000000
vt 0.50000000 0.50000000
vt 0.50000000 0.50000000
vt 0.50000000 0.50000000
vt 0.50000000 0.50000000
vt 0.50000000 0.50000000
vt 0.50000000 0.50000000
vt 0.50000000 0.50000000
vt 0.50000000 0.50000000
vt 0.50000000 0.50000000
vt 0.50000000 0.50000000
vt 0.50000000 0.50000000
vt 0.50000000 0.50000000
vt 0.50000000 0.50000000
vt 0.50000000 0.50000000
vt 0.50000000 0.50000000
vt 0.50000000 0.50000000
vt 0.50000000 0.50000000
vt 0.50000000 0.50000000
vt 0.50000000 0.50000000
vt 0.50000000 0.50000000
vt 0.50000000 0.50000000
vt 0.50000000 0.50000000
vt 0.50000000 0.50000000
vt 0.50000000 0.50000000
vt 0.50000000 0.50000000
vt 0.50000000 0.50000000
vt 0.50000000 0.50000000
vt 0.50000000 0.50000000
vt 0.50000000 0.50000000
vt 0.50000000 0.50000000
vt 0.50000000 0.50000000
vt 0.50000000 0.50000000
vt 0.50000000 0.50000000
vt 0.50000000 0.50000000
vt 0.50000000 0.50000000
vt 0.50000000 0.50000000
vt 0.50000000 0.50000000
vt 0.50000000 0.50000000
vt 0.50000000 0.50000000
vt 0.50000000 0.50000000
vt 0.50000000 0.50000000
vt 0.50000000 0.50000000
vt 0.50000000 0.50000000
vt 0.50000000 0.50000000
vt 0.50000000 0.50000000
vt 0.50000000 0.50000000
vt 0.50000000 0.50000000
vt 0.50000000 0.50000000
vt 0.50000000 0.50000000
vt 0.50000000 0.50000000
vt 0.50000000 0.50000000
vt 0.50000000 0.50000000
vt 0.50000000 0.50000000
vt 0.50000000 0.50000000
vt 0.50000000 0.50000000
vt 0.50000000 0.50000000
vt 0.50000000 0.50000000
vt 0.50000000 0.50000000
vt 0.50000000 0.50000000
vt 0.50000000 0.50000000
vt 0.50000000 0.50000000
vt 0.50000000 0.50000000
vt 0.50000000 0.50000000
vt 0.50000000 0.50000000
vt 0.50000000 0.50000000
vt 0.50000000 0.50000000
vt 0.50000000 0.50000000
vt 0.50000000 0.50000000
vt 0.50000000 0.50000000
vt 0.50000000 0.50000000
vt 0.50000000 0.50000000
vt 0.50000000 0.50000000
vt 0.50000000 0.50000000
vt 0.50000000 0.50000000
vt 0.50000000 0.50000000
vt 0.50000000 0.50000000
vt 0.50000000 0.50000000
vt 0.50000000 0.50000000
vt 0.50000000 0.50000000
vt 0.50000000 0.50000000
vt 0.50000000 0.50000000
vt 0.50000000 0.50000000
vt 0.50000000 0.50000000
vt 0.50000000 0.50000000
vt 0.50000000 0.50000000
vt 0.50000000 0.50000000
vt 0.50000000 0.50000000
vt 0.50000000 0.50000000
vt 0.50000000 0.50000000
vt 0.50000000 0.50000000
vt 0.50000000 0.50000000
vt 0.50000000 0.50000000
vt 0.50000000 0.50000000
vt 0.50000000 0.50000000
vt 0.50000000 0.50000000
vt 0.50000000 0.50000000
vt 0.50000000 0.50000000
vt 0.50000000 0.50000000
vt 0.50000000 0.50000000
vt 0.50000000 0.50000000
vt 0.50000000 0.50000000
vt 0.50000000 0.50000000
vt 0.50000000 0.50000000
vt 0.50000000 0.50000000
vt 0.50000000 0.50000000
vt 0.50000000 0.50000000
vt 0.50000000 0.50000000
vt 0.50000000 0.50000000
vt 0.50000000 0.50000000
vt 0.50000000 0.50000000
vt 0.50000000 0.50000000
vt 0.50000000 0.50000000
vt 0.50000000 0.50000000
vt 0.50000000 0.50000000
vt 0.50000000 0.50000000
vt 0.50000000 0.50000000
vt 0.50000000 0.50000000
vt 0.50000000 0.50000000
vt 0.50000000 0.50000000
vt 0.50000000 0.50000000
vt 0.50000000 0.50000000
vt 0.50000000 0.50000000
vt 0.50000000 0.50000000
vt 0.50000000 0.50000000
vt 0.50000000 0.50000000
vt 0.50000000 0.50000000
vt 0.50000000 0.50000000
vt 0.50000000 0.50000000
vt 0.50000000 0.50000000
vt 0.50000000 0.50000000
vt 0.50000000 0.50000000
vt 0.50000000 0.50000000
vt 0.50000000 0.50000000
vt 0.50000000 0.50000000
vt 0.50000000 0.50000000
vt 0.50000000 0.50000000
vt 0.50000000 0.50000000
vt 0.50000000 0.50000000
vt 0.50000000 0.50000000
vt 0.50000000 0.50000000
vt 0.50000000 0.50000000
vt 0.50000000 0.50000000
vt 0.50000000 0.50000000
vt 0.50000000 0.50000000
vt 0.50000000 0.50000000
vt 0.50000000 0.50000000
vt 0.50000000 0.50000000
vt 0.50000000 0.50000000
vt 0.50000000 0.50000000
vt 0.50000000 0.50000000
vt 0.50000000 0.50000000
vt 0.50000000 0.50000000
vt 0.50000000 0.50000000
vt 0.50000000 0.50000000
vt 0.50000000 0.50000000
vt 0.50000000 0.50000000
vt 0.50000000 0.50000000
vt 0.50000000 0.50000000
vt 0.50000000 0.50000000
vt 0.50000000 0.50000000
vt 0.50000000 0.50000000
vt 0.50000000 0.50000000
vt 0.50000000 0.50000000
vt 0.50000000 0.50000000
vt 0.50000000 0.50000000
vt 0.50000000 0.50000000
vt 0.50000000 0.50000000
vt 0.50000000 0.50000000
vt 0.50000000 0.50000000
vt 0.50000000 0.50000000
vt 0.50000000 0.50000000
vt 0.50000000 0.50000000
vt 0.50000000 0.50000000
vt 0.50000000 0.50000000
vt 0.50000000 0.50000000
vt 0.50000000 0.50000000
vt 0.50000000 0.50000000
vt 0.50000000 0.50000000
vt 0.50000000 0.50000000
vt 0.50000000 0.50000000
vt 0.50000000 0.50000000
vt 0.50000000 0.50000000
vt 0.50000000 0.50000000
vt 0.50000000 0.50000000
vt 0.50000000 0.50000000
vt 0.50000000 0.50000000
vt 0.50000000 0.50000000
vt 0.50000000 0.50000000
vt 0.50000000 0.50000000
vt 0.50000000 0.50000000
vt 0.50000000 0.50000000
vt 0.50000000 0.50000000
vt 0.50000000 0.50000000
vt 0.50000000 0.50000000
vt 0.50000000 0.50000000
vt 0.50000000 0.50000000
vt 0.50000000 0.50000000
vt 0.50000000 0.50000000
vt 0.50000000 0.50000000
vt 0.50000000 0.50000000
vt 0.50000000 0.50000000
vt 0.50000000 0.50000000
vt 0.50000000 0.50000000
vt 0.50000000 0.50000000
vt 0.50000000 0.50000000
vt 0.50000000 0.50000000
vt 0.50000000 0.50000000
vt 0.50000000 0.50000000
vt 0.50000000 0.50000000
vt 0.50000000 0.50000000
vt 0.50000000 0.50000000
vt 0.50000000 0.50000000
vt 0.50000000 0.50000000
vt 0.50000000 0.50000000
vt 0.50000000 0.50000000
vt 0.50000000 0.50000000
vt 0.50000000 0.50000000
vt 0.50000000 0.50000000
vt 0.50000000 0.50000000
vt 0.50000000 0.50000000
vt 0.50000000 0.50000000
vt 0.50000000 0.50000000
vt 0.50000000 0.50000000
vt 0.50000000 0.50000000
vt 0.50000000 0.50000000
vt 0.50000000 0.50000000
vt 0.50000000 0.50000000
vt 0.50000000 0.50000000
vt 0.50000000 0.50000000
vt 0.50000000 0.50000000
vt 0.50000000 0.50000000
vt 0.50000000 0.50000000
vt 0.50000000 0.50000000
vt 0.50000000 0.50000000
vt 0.50000000 0.50000000
vt 0.50000000 0.50000000
vt 0.50000000 0.50000000
vt 0.50000000 0.50000000
vt 0.50000000 0.50000000
vt 0.50000000 0.50000000
vt 0.50000000 0.50000000
vt 0.50000000 0.50000000
vt 0.50000000 0.50000000
vt 0.50000000 0.50000000
vt 0.50000000 0.50000000
vt 0.50000000 0.50000000
vt 0.50000000 0.50000000
vt 0.50000000 0.50000000
vt 0.50000000 0.50000000
vt 0.50000000 0.50000000
vt 0.50000000 0.50000000
vt 0.50000000 0.50000000
vt 0.50000000 0.50000000
vt 0.50000000 0.50000000
vt 0.50000000 0.50000000
vt 0.50000000 0.50000000
vt 0.50000000 0.50000000
vt 0.50000000 0.50000000
vt 0.50000000 0.50000000
vt 0.50000000 0.50000000
vt 0.50000000 0.50000000
vt 0.50000000 0.50000000
vt 0.50000000 0.50000000
vt 0.50000000 0.50000000
vt 0.50000000 0.50000000
vt 0.50000000 0.50000000
vt 0.50000000 0.50000000
vt 0.50000000 0.50000000
vt 0.50000000 0.50000000
vt 0.50000000 0.50000000
vt 0.50000000 0.50000000
vt 0.50000000 0.50000000
vt 0.50000000 0.50000000
vt 0.50000000 0.50000000
vt 0.50000000 0.50000000
vt 0.50000000 0.50000000
vt 0.50000000 0.50000000
vt 0.50000000 0.50000000
vt 0.50000000 0.50000000
vt 0.50000000 0.50000000
vt 0.50000000 0.50000000
vt 0.50000000 0.50000000
vt 0.50000000 0.50000000
vt 0.50000000 0.50000000
vt 0.50000000 0.50000000
vt 0.50000000 0.50000000
vt 0.50000000 0.50000000
vt 0.50000000 0.50000000
vt 0.50000000 0.50000000
vt 0.50000000 0.50000000
vt 0.50000000 0.50000000
vt 0.50000000 0.50000000
vt 0.50000000 0.50000000
vt 0.50000000 0.50000000
vt 0.50000000 0.50000000
vt 0.50000000 0.50000000
vt 0.50000000 0.50000000
vt 0.50000000 0.50000000
vt 0.50000000 0.50000000
vt 0.50000000 0.50000000
vt 0.50000000 0.50000000
vt 0.50000000 0.50000000
vt 0.50000000 0.50000000
vt 0.50000000 0.50000000
vt 0.50000000 0.50000000
vt 0.50000000 0.50000000
vt 0.50000000 0.50000000
vt 0.50000000 0.50000000
vt 0.50000000 0.50000000
vt 0.50000000 0.50000000
vt 0.50000000 0.50000000
vt 0.50000000 0.50000000
vt 0.50000000 0.50000000
vt 0.50000000 0.50000000
vt 0.50000000 0.50000000
vt 0.50000000 0.50000000
vt 0.50000000 0.50000000
vt 0.50000000 0.50000000
vt 0.50000000 0.50000000
vt 0.50000000 0.50000000
vt 0.50000000 0.50000000
vt 0.50000000 0.50000000
vt 0.50000000 0.50000000
vt 0.50000000 0.50000000
vt 0.50000000 0.50000000
vt 0.50000000 0.50000000
vt 0.50000000 0.50000000
vt 0.50000000 0.50000000
vt 0.50000000 0.50000000
vt 0.50000000 0.50000000
vt 0.50000000 0.50000000
vt 0.50000000 0.50000000
vt 0.50000000 0.50000000
vt 0.50000000 0.50000000
vt 0.50000000 0.50000000
vt 0.50000000 0.50000000
vt 0.50000000 0.50000000
vt 0.50000000 0.50000000
vt 0.50000000 0.50000000
vt 0.50000000 0.50000000
vt 0.50000000 0.50000000
vt 0.50000000 0.50000000
vt 0.50000000 0.50000000
vt 0.50000000 0.50000000
vt 0.50000000 0.50000000
vt 0.50000000 0.50000000
vt 0.50000000 0.50000000
vt 0.50000000 0.50000000
vt 0.50000000 0.50000000
vt 0.50000000 0.50000000
vt 0.50000000 0.50000000
vt 0.50000000 0.50000000
vt 0.50000000 0.50000000
vt 0.50000000 0.50000000
vt 0.50000000 0.50000000
vt 0.50000000 0.50000000
vt 0.50000000 0.50000000
vt 0.50000000 0.50000000
vt 0.50000000 0.50000000
vt 0.50000000 0.50000000
vt 0.50000000 0.50000000
vt 0.50000000 0.50000000
vt 0.50000000 0.50000000
vt 0.50000000 0.50000000
vt 0.50000000 0.50000000
vt 0.50000000 0.50000000
vt 0.50000000 0.50000000
vt 0.50000000 0.50000000
vt 0.50000000 0.50000000
vt 0.50000000 0.50000000
vt 0.50000000 0.50000000
vt 0.50000000 0.50000000
vt 0.50000000 0.50000000
vt 0.50000000 0.50000000
vt 0.50000000 0.50000000
vt 0.50000000 0.50000000
vt 0.50000000 0.50000000
vt 0.50000000 0.50000000
vt 0.50000000 0.50000000
vt 0.50000000 0.50000000
vt 0.50000000 0.50000000
vt 0.50000000 0.50000000
vt 0.50000000 0.50000000
vt 0.50000000 0.50000000
vt 0.50000000 0.50000000
vt 0.50000000 0.50000000
vt 0.50000000 0.50000000
vt 0.50000000 0.50000000
vt 0.50000000 0.50000000
vt 0.50000000 0.50000000
vt 0.50000000 0.50000000
vt 0.50000000 0.50000000
vt 0.50000000 0.50000000
vt 0.50000000 0.50000000
vt 0.50000000 0.50000000
vt 0.50000000 0.50000000
vt 0.50000000 0.50000000
vt 0.50000000 0.50000000
vt 0.50000000 0.50000000
vt 0.50000000 0.50000000
vt 0.50000000 0.50000000
vt 0.50000000 0.50000000
vt 0.50000000 0.50000000
vt 0.50000000 0.50000000
vt 0.50000000 0.50000000
vt 0.50000000 0.50000000
vt 0.50000000 0.50000000
vt 0.50000000 0.50000000
vt 0.50000000 0.50000000
vt 0.50000000 0.50000000
vt 0.50000000 0.50000000
vt 0.50000000 0.50000000
vt 0.50000000 0.50000000
vt 0.50000000 0.50000000
vt 0.50000000 0.50000000
vt 0.50000000 0.50000000
vt 0.50000000 0.50000000
vt 0.50000000 0.50000000
vt 0.50000000 0.50000000
vt 0.50000000 0.50000000
vt 0.50000000 0.50000000
vt 0.50000000 0.50000000
vt 0.50000000 0.50000000
vt 0.50000000 0.50000000
vt 0.50000000 0.50000000
vt 0.50000000 0.50000000
vt 0.50000000 0.50000000
vt 0.50000000 0.50000000
vt 0.50000000 0.50000000
vt 0.50000000 0.50000000
vt 0.50000000 0.50000000
vt 0.50000000 0.50000000
vt 0.50000000 0.50000000
vt 0.50000000 0.50000000
vt 0.50000000 0.50000000
vt 0.50000000 0.50000000
vt 0.50000000 0.50000000
vt 0.50000000 0.50000000
vt 0.50000000 0.50000000
vt 0.50000000 0.50000000
vt 0.50000000 0.50000000
vt 0.50000000 0.50000000
vt 0.50000000 0.50000000
vt 0.50000000 0.50000000
vt 0.50000000 0.50000000
vt 0.50000000 0.50000000
vt 0.50000000 0.50000000
vt 0.50000000 0.50000000
vt 0.50000000 0.50000000
vt 0.50000000 0.50000000
vt 0.50000000 0.50000000
vt 0.50000000 0.50000000
vt 0.50000000 0.50000000
vt 0.50000000 0.50000000
vt 0.50000000 0.50000000
vt 0.50000000 0.50000000
vt 0.50000000 0.50000000
vt 0.50000000 0.50000000
vt 0.50000000 0.50000000
vt 0.50000000 0.50000000
vt 0.50000000 0.50000000
vt 0.50000000 0.50000000
vt 0.50000000 0.50000000
vt 0.50000000 0.50000000
vt 0.50000000 0.50000000
vt 0.50000000 0.50000000
vt 0.50000000 0.50000000
vt 0.50000000 0.50000000
vt 0.50000000 0.50000000
vt 0.50000000 0.50000000
vt 0.50000000 0.50000000
vt 0.50000000 0.50000000
vt 0.50000000 0.50000000
vt 0.50000000 0.50000000
vt 0.50000000 0.50000000
vt 0.50000000 0.50000000
vt 0.50000000 0.50000000
vt 0.50000000 0.50000000
vt 0.50000000 0.50000000
vt 0.50000000 0.50000000
vt 0.50000000 0.50000000
vt 0.50000000 0.50000000
vt 0.50000000 0.50000000
vt 0.50000000 0.50000000
vt 0.50000000 0.50000000
vt 0.50000000 0.50000000
vt 0.50000000 0.50000000
vt 0.50000000 0.50000000
vt 0.50000000 0.50000000
vt 0.50000000 0.50000000
vt 0.50000000 0.50000000
vt 0.50000000 0.50000000
vt 0.50000000 0.50000000
vt 0.50000000 0.50000000
vt 0.50000000 0.50000000
vt 0.50000000 0.50000000
vt 0.50000000 0.50000000
vt 0.50000000 0.50000000
vt 0.50000000 0.50000000
vt 0.50000000 0.50000000
vt 0.50000000 0.50000000
vt 0.50000000 0.50000000
vt 0.50000000 0.50000000
vt 0.50000000 0.50000000
vt 0.50000000 0.50000000
vt 0.50000000 0.50000000
vt 0.50000000 0.50000000
vt 0.50000000 0.50000000
vt 0.50000000 0.50000000
vt 0.50000000 0.50000000
vt 0.50000000 0.50000000
vt 0.50000000 0.50000000
vt 0.50000000 0.50000000
vt 0.50000000 0.50000000
vt 0.50000000 0.50000000
vt 0.50000000 0.50000000
vt 0.50000000 0.50000000
vt 0.50000000 0.50000000
vt 0.50000000 0.50000000
vt 0.50000000 0.50000000
vt 0.50000000 0.50000000
vt 0.50000000 0.50000000
vt 0.50000000 0.50000000
vt 0.50000000 0.50000000
vt 0.50000000 0.50000000
vt 0.50000000 0.50000000
vt 0.50000000 0.50000000
vt 0.50000000 0.50000000
vt 0.50000000 0.50000000
vt 0.50000000 0.50000000
vt 0.50000000 0.50000000
vt 0.50000000 0.50000000
vt 0.50000000 0.50000000
vt 0.50000000 0.50000000
vt 0.50000000 0.50000000
vt 0.50000000 0.50000000
vt 0.50000000 0.50000000
vt 0.50000000 0.50000000
vt 0.50000000 0.50000000
vt 0.50000000 0.50000000
vt 0.50000000 0.50000000
vt 0.50000000 0.50000000
vt 0.50000000 0.50000000
vt 0.50000000 0.50000000
vt 0.50000000 0.50000000
vt 0.50000000 0.50000000
vt 0.50000000 0.50000000
vt 0.50000000 0.50000000
vt 0.50000000 0.50000000
vt 0.50000000 0.50000000
vt 0.50000000 0.50000000
vt 0.50000000 0.50000000
vt 0.50000000 0.50000000
vt 0.50000000 0.50000000
vt 0.50000000 0.50000000
vt 0.50000000 0.50000000
vt 0.50000000 0.50000000
vt 0.50000000 0.50000000
vt 0.50000000 0.50000000
vt 0.50000000 0.50000000
vt 0.50000000 0.50000000
vt 0.50000000 0.50000000
vt 0.50000000 0.50000000
vt 0.50000000 0.50000000
vt 0.50000000 0.50000000
vt 0.50000000 0.50000000
vt 0.50000000 0.50000000
vt 0.50000000 0.50000000
vt 0.50000000 0.50000000
vt 0.50000000 0.50000000
vt 0.50000000 0.50000000
vt 0.50000000 0.50000000
vt 0.50000000 0.50000000
vt 0.50000000 0.50000000
vt 0.50000000 0.50000000
vt 0.50000000 0.50000000
vt 0.50000000 0.50000000
vt 0.50000000 0.50000000
vt 0.50000000 0.50000000
vt 0.50000000 0.50000000
vt 0.50000000 0.50000000
vt 0.50000000 0.50000000
vt 0.50000000 0.50000000
vt 0.50000000 0.50000000
vt 0.50000000 0.50000000
vt 0.50000000 0.50000000
vt 0.50000000 0.50000000
vt 0.50000000 0.50000000
vt 0.50000000 0.50000000
vt 0.50000000 0.50000000
vt 0.50000000 0.50000000
vt 0.50000000 0.50000000
vt 0.50000000 0.50000000
vt 0.50000000 0.50000000
vt 0.50000000 0.50000000
vt 0.50000000 0.50000000
vt 0.50000000 0.50000000
vt 0.50000000 0.50000000
vt 0.50000000 0.50000000
vt 0.50000000 0.50000000
vt 0.50000000 0.50000000
vt 0.50000000 0.50000000
vt 0.50000000 0.50000000
vt 0.50000000 0.50000000
vt 0.50000000 0.50000000
vt 0.50000000 0.50000000
vt 0.50000000 0.50000000
vt 0.50000000 0.50000000
vt 0.50000000 0.50000000
vt 0.50000000 0.50000000
vt 0.50000000 0.50000000
vt 0.50000000 0.50000000
vt 0.50000000 0.50000000
vt 0.50000000 0.50000000
vt 0.50000000 0.50000000
vt 0.50000000 0.50000000
vt 0.50000000 0.50000000
vt 0.50000000 0.50000000
vt 0.50000000 0.50000000
vt 0.50000000 0.50000000
vt 0.50000000 0.50000000
vt 0.50000000 0.50000000
vt 0.50000000 0.50000000
vt 0.50000000 0.50000000
vt 0.50000000 0.50000000
vt 0.50000000 0.50000000
vt 0.50000000 0.50000000
vt 0.50000000 0.50000000
vt 0.50000000 0.50000000
vt 0.50000000 0.50000000
vt 0.50000000 0.50000000
vt 0.50000000 0.50000000
vt 0.50000000 0.50000000
vt 0.50000000 0.50000000
vt 0.50000000 0.50000000
vt 0.50000000 0.50000000
vt 0.50000000 0.50000000
vt 0.50000000 0.50000000
vt 0.50000000 0.50000000
vt 0.50000000 0.50000000
vt 0.50000000 0.50000000
vt 0.50000000 0.50000000
vt 0.50000000 0.50000000
vt 0.50000000 0.50000000
vt 0.50000000 0.50000000
vt 0.50000000 0.50000000
vt 0.50000000 0.50000000
vt 0.50000000 0.50000000
vt 0.50000000 0.50000000
vt 0.50000000 0.50000000
vt 0.50000000 0.50000000
vt 0.50000000 0.50000000
vt 0.50000000 0.50000000
vt 0.50000000 0.50000000
vt 0.50000000 0.50000000
vt 0.50000000 0.50000000
vt 0.50000000 0.50000000
vt 0.50000000 0.50000000
vt 0.50000000 0.50000000
vt 0.50000000 0.50000000
vt 0.50000000 0.50000000
vt 0.50000000 0.50000000
vt 0.50000000 0.50000000
vt 0.50000000 0.50000000
vt 0.50000000 0.50000000
vt 0.50000000 0.50000000
vt 0.50000000 0.50000000
vt 0.50000000 0.50000000
vt 0.50000000 0.50000000
vt 0.50000000 0.50000000
vt 0.50000000 0.50000000
vt 0.50000000 0.50000000
vt 0.50000000 0.50000000
vt 0.50000000 0.50000000
vt 0.50000000 0.50000000
vt 0.50000000 0.50000000
vt 0.50000000 0.50000000
vt 0.50000000 0.50000000
vt 0.50000000 0.50000000
vt 0.50000000 0.50000000
vt 0.50000000 0.50000000
vt 0.50000000 0.50000000
vt 0.50000000 0.50000000
vt 0.50000000 0.50000000
vt 0.50000000 0.50000000
vt 0.50000000 0.50000000
vt 0.50000000 0.50000000
vt 0.50000000 0.50000000
vt 0.50000000 0.50000000
vt 0.50000000 0.50000000
vt 0.50000000 0.50000000
vt 0.50000000 0.50000000
vt 0.50000000 0.50000000
vt 0.50000000 0.50000000
vt 0.50000000 0.50000000
vt 0.50000000 0.50000000
vt 0.50000000 0.50000000
vt 0.50000000 0.50000000
vt 0.50000000 0.50000000
vt 0.50000000 0.50000000
vt 0.50000000 0.50000000
vt 0.50000000 0.50000000
vt 0.50000000 0.50000000
vt 0.50000000 0.50000000
vt 0.50000000 0.50000000
vt 0.50000000 0.50000000
vt 0.50000000 0.50000000
vt 0.50000000 0.50000000
vt 0.50000000 0.50000000
vt 0.50000000 0.50000000
vt 0.50000000 0.50000000
vt 0.50000000 0.50000000
vt 0.50000000 0.50000000
vt 0.50000000 0.50000000
vt 0.50000000 0.50000000
vt 0.50000000 0.50000000
vt 0.50000000 0.50000000
vt 0.50000000 0.50000000
vt 0.50000000 0.50000000
vt 0.50000000 0.50000000
vt 0.50000000 0.50000000
vt 0.50000000 0.50000000
vt 0.50000000 0.50000000
vt 0.50000000 0.50000000
vt 0.50000000 0.50000000
vt 0.50000000 0.50000000
vt 0.50000000 0.50000000
vt 0.50000000 0.50000000
vt 0.50000000 0.50000000
vt 0.50000000 0.50000000
vt 0.50000000 0.50000000
vt 0.50000000 0.50000000
vt 0.50000000 0.50000000
vt 0.50000000 0.50000000
vt 0.50000000 0.50000000
vt 0.50000000 0.50000000
vt 0.50000000 0.50000000
vt 0.50000000 0.50000000
vt 0.50000000 0.50000000
vt 0.50000000 0.50000000
vt 0.50000000 0.50000000
vt 0.50000000 0.50000000
vt 0.50000000 0.50000000
vt 0.50000000 0.50000000
vt 0.50000000 0.50000000
vt 0.50000000 0.50000000
vt 0.50000000 0.50000000
vt 0.50000000 0.50000000
vt 0.50000000 0.50000000
vt 0.50000000 0.50000000
vt 0.50000000 0.50000000
vt 0.50000000 0.50000000
vt 0.50000000 0.50000000
vt 0.50000000 0.50000000
vt 0.50000000 0.50000000
vt 0.50000000 0.50000000
vt 0.50000000 0.50000000
vt 0.50000000 0.50000000
vt 0.50000000 0.50000000
vt 0.50000000 0.50000000
vt 0.50000000 0.50000000
vt 0.50000000 0.50000000
vt 0.50000000 0.50000000
vt 0.50000000 0.50000000
vt 0.50000000 0.50000000
vt 0.50000000 0.50000000
vt 0.50000000 0.50000000
vt 0.50000000 0.50000000
vt 0.50000000 0.50000000
vt 0.50000000 0.50000000
vt 0.50000000 0.50000000
vt 0.50000000 0.50000000
vt 0.50000000 0.50000000
vt 0.50000000 0.50000000
vt 0.50000000 0.50000000
vt 0.50000000 0.50000000
vt 0.50000000 0.50000000
vt 0.50000000 0.50000000
vt 0.50000000 0.50000000
vt 0.50000000 0.50000000
vt 0.50000000 0.50000000
vt 0.50000000 0.50000000
vt 0.50000000 0.50000000
vt 0.50000000 0.50000000
vt 0.50000000 0.50000000
vt 0.50000000 0.50000000
vt 0.50000000 0.50000000
vt 0.50000000 0.50000000
vt 0.50000000 0.50000000
vt 0.50000000 0.50000000
vt 0.50000000 0.50000000
vt 0.50000000 0.50000000
vt 0.50000000 0.50000000
vt 0.50000000 0.50000000
vt 0.50000000 0.50000000
vt 0.50000000 0.50000000
vt 0.50000000 0.50000000
vt 0.50000000 0.50000000
vt 0.50000000 0.50000000
vt 0.50000000 0.50000000
vt 0.50000000 0.50000000
vt 0.50000000 0.50000000
vt 0.50000000 0.50000000
vt 0.50000000 0.50000000
vt 0.50000000 0.50000000
vt 0.50000000 0.50000000
vt 0.50000000 0.50000000
vt 0.50000000 0.50000000
vt 0.50000000 0.50000000
vt 0.50000000 0.50000000
vt 0.50000000 0.50000000
vt 0.50000000 0.50000000
vt 0.50000000 0.50000000
vt 0.50000000 0.50000000
vt 0.50000000 0.50000000
vt 0.50000000 0.50000000
vt 0.50000000 0.50000000
vt 0.50000000 0.50000000
vt 0.50000000 0.50000000
vt 0.50000000 0.50000000
vt 0.50000000 0.50000000
vt 0.50000000 0.50000000
vt 0.50000000 0.50000000
vt 0.50000000 0.50000000
vt 0.50000000 0.50000000
vt 0.50000000 0.50000000
vt 0.50000000 0.50000000
vt 0.50000000 0.50000000
vt 0.50000000 0.50000000
vt 0.50000000 0.50000000
vt 0.50000000 0.50000000
vt 0.50000000 0.50000000
vt 0.50000000 0.50000000
vt 0.50000000 0.50000000
vt 0.50000000 0.50000000
vt 0.50000000 0.50000000
vt 0.50000000 0.50000000
vt 0.50000000 0.50000000
vt 0.50000000 0.50000000
vt 0.50000000 0.50000000
vt 0.50000000 0.50000000
vt 0.50000000 0.50000000
vt 0.50000000 0.50000000
vt 0.50000000 0.50000000
vt 0.50000000 0.50000000
vt 0.50000000 0.50000000
vt 0.50000000 0.50000000
vt 0.50000000 0.50000000
vt 0.50000000 0.50000000
vt 0.50000000 0.50000000
vt 0.50000000 0.50000000
vt 0.50000000 0.50000000
vt 0.50000000 0.50000000
vt 0.50000000 0.50000000
vt 0.50000000 0.50000000
vt 0.50000000 0.50000000
vt 0.50000000 0.50000000
vt 0.50000000 0.50000000
vt 0.50000000 0.50000000
vt 0.50000000 0.50000000
vt 0.50000000 0.50000000
vt 0.50000000 0.50000000
vt 0.50000000 0.50000000
vt 0.50000000 0.50000000
vt 0.50000000 0.50000000
vt 0.50000000 0.50000000
vt 0.50000000 0.50000000
vt 0.50000000 0.50000000
vt 0.50000000 0.50000000
vt 0.50000000 0.50000000
vt 0.50000000 0.50000000
vt 0.50000000 0.50000000
vt 0.50000000 0.50000000
vt 0.50000000 0.50000000
vt 0.50000000 0.50000000
vt 0.50000000 0.50000000
vt 0.50000000 0.50000000
vt 0.50000000 0.50000000
vt 0.50000000 0.50000000
vt 0.50000000 0.50000000
vt 0.50000000 0.50000000
vt 0.50000000 0.50000000
vt 0.50000000 0.50000000
vt 0.50000000 0.50000000
vt 0.50000000 0.50000000
vt 0.50000000 0.50000000
vt 0.50000000 0.50000000
vt 0.50000000 0.50000000
vt 0.50000000 0.50000000
vt 0.50000000 0.50000000
vt 0.50000000 0.50000000
vt 0.50000000 0.50000000
vt 0.50000000 0.50000000
vt 0.50000000 0.50000000
vt 0.50000000 0.50000000
vt 0.50000000 0.50000000
vt 0.50000000 0.50000000
vt 0.50000000 0.50000000
vt 0.50000000 0.50000000
vt 0.50000000 0.50000000
vt 0.50000000 0.50000000
vt 0.50000000 0.50000000
vt 0.50000000 0.50000000
vt 0.50000000 0.50000000
vt 0.50000000 0.50000000
vt 0.50000000 0.50000000
vt 0.50000000 0.50000000
vt 0.50000000 0.50000000
vt 0.50000000 0.50000000
vt 0.50000000 0.50000000
vt 0.50000000 0.50000000
vt 0.50000000 0.50000000
vt 0.50000000 0.50000000
vt 0.50000000 0.50000000
vt 0.50000000 0.50000000
vt 0.50000000 0.50000000
vt 0.50000000 0.50000000
vt 0.50000000 0.50000000
vt 0.50000000 0.50000000
vt 0.50000000 0.50000000
vt 0.50000000 0.50000000
vt 0.50000000 0.50000000
vt 0.50000000 0.50000000
vt 0.50000000 0.50000000
vt 0.50000000 0.50000000
vt 0.50000000 0.50000000
vt 0.50000000 0.50000000
vt 0.50000000 0.50000000
vt 0.50000000 0.50000000
vt 0.50000000 0.50000000
vt 0.50000000 0.50000000
vt 0.50000000 0.50000000
vt 0.50000000 0.50000000
vt 0.50000000 0.50000000
vt 0.50000000 0.50000000
vt 0.50000000 0.50000000
vt 0.50000000 0.50000000
vt 0.50000000 0.50000000
vt 0.50000000 0.50000000
vt 0.50000000 0.50000000
vt 0.50000000 0.50000000
vt 0.50000000 0.50000000
vt 0.50000000 0.50000000
vt 0.50000000 0.50000000
vt 0.50000000 0.50000000
vt 0.50000000 0.50000000
vt 0.50000000 0.50000000
vt 0.50000000 0.50000000
vt 0.50000000 0.50000000
vt 0.50000000 0.50000000
vt 0.50000000 0.50000000
vt 0.50000000 0.50000000
vt 0.50000000 0.50000000
vt 0.50000000 0.50000000
vt 0.50000000 0.50000000
vt 0.50000000 0.50000000
vt 0.50000000 0.50000000
vt 0.50000000 0.50000000
vt 0.50000000 0.50000000
vt 0.50000000 0.50000000
vt 0.50000000 0.50000000
vt 0.50000000 0.50000000
vt 0.50000000 0.50000000
vt 0.50000000 0.50000000
vt 0.50000000 0.50000000
vt 0.50000000 0.50000000
vt 0.50000000 0.50000000
vt 0.50000000 0.50000000
vt 0.50000000 0.50000000
vt 0.50000000 0.50000000
vt 0.50000000 0.50000000
vt 0.50000000 0.50000000
vt 0.50000000 0.50000000
vt 0.50000000 0.50000000
vt 0.50000000 0.50000000
vt 0.50000000 0.50000000
vt 0.50000000 0.50000000
vt 0.50000000 0.50000000
vt 0.50000000 0.50000000
vt 0.50000000 0.50000000
vt 0.50000000 0.50000000
vt 0.50000000 0.50000000
vt 0.50000000 0.50000000
vt 0.50000000 0.50000000
vt 0.50000000 0.50000000
vt 0.50000000 0.50000000
vt 0.50000000 0.50000000
vt 0.50000000 0.50000000
vt 0.50000000 0.50000000
vt 0.50000000 0.50000000
vt 0.50000000 0.50000000
vt 0.50000000 0.50000000
vt 0.50000000 0.50000000
vt 0.50000000 0.50000000
vt 0.50000000 0.50000000
vt 0.50000000 0.50000000
vt 0.50000000 0.50000000
vt 0.50000000 0.50000000
vt 0.50000000 0.50000000
vt 0.50000000 0.50000000
vt 0.50000000 0.50000000
vt 0.50000000 0.50000000
vt 0.50000000 0.50000000
vt 0.50000000 0.50000000
vt 0.50000000 0.50000000
vt 0.50000000 0.50000000
vt 0.50000000 0.50000000
vt 0.50000000 0.50000000
vt 0.50000000 0.50000000
vt 0.50000000 0.50000000
vt 0.50000000 0.50000000
vt 0.50000000 0.50000000
vt 0.50000000 0.50000000
vt 0.50000000 0.50000000
vt 0.50000000 0.50000000
vt 0.50000000 0.50000000
vt 0.50000000 0.50000000
vt 0.50000000 0.50000000
vt 0.50000000 0.50000000
vt 0.50000000 0.50000000
vt 0.50000000 0.50000000
vt 0.50000000 0.50000000
vt 0.50000000 0.50000000
vt 0.50000000 0.50000000
vt 0.50000000 0.50000000
vt 0.50000000 0.50000000
vt 0.50000000 0.50000000
vt 0.50000000 0.50000000
vt 0.50000000 0.50000000
vt 0.50000000 0.50000000
vt 0.50000000 0.50000000
vt 0.50000000 0.50000000
vt 0.50000000 0.50000000
vt 0.50000000 0.50000000
vt 0.50000000 0.50000000
vt 0.50000000 0.50000000
vt 0.50000000 0.50000000
vt 0.50000000 0.50000000
vt 0.50000000 0.50000000
vt 0.50000000 0.50000000
vt 0.50000000 0.50000000
vt 0.50000000 0.50000000
vt 0.50000000 0.50000000
vt 0.50000000 0.50000000
vt 0.50000000 0.50000000
vt 0.50000000 0.50000000
vt 0.50000000 0.50000000
vt 0.50000000 0.50000000
vt 0.50000000 0.50000000
vt 0.50000000 0.50000000
vt 0.50000000 0.50000000
vt 0.50000000 0.50000000
vt 0.50000000 0.50000000
vt 0.50000000 0.50000000
vt 0.50000000 0.50000000
vt 0.50000000 0.50000000
vt 0.50000000 0.50000000
vt 0.50000000 0.50000000
vt 0.50000000 0.50000000
vt 0.50000000 0.50000000
vt 0.50000000 0.50000000
vt 0.50000000 0.50000000
vt 0.50000000 0.50000000
vt 0.50000000 0.50000000
vt 0.50000000 0.50000000
vt 0.50000000 0.50000000
vt 0.50000000 0.50000000
vt 0.50000000 0.50000000
vt 0.50000000 0.50000000
vt 0.50000000 0.50000000
vt 0.50000000 0.50000000
vt 0.50000000 0.50000000
vt 0.50000000 0.50000000
vt 0.50000000 0.50000000
vt 0.50000000 0.50000000
vt 0.50000000 0.50000000
vt 0.50000000 0.50000000
vt 0.50000000 0.50000000
vt 0.50000000 0.50000000
vt 0.50000000 0.50000000
vt 0.50000000 0.50000000
vt 0.50000000 0.50000000
vt 0.50000000 0.50000000
vt 0.50000000 0.50000000
vt 0.50000000 0.50000000
vt 0.50000000 0.50000000
vt 0.50000000 0.50000000
vt 0.50000000 0.50000000
vt 0.50000000 0.50000000
vt 0.50000000 0.50000000
vt 0.50000000 0.50000000
vt 0.50000000 0.50000000
vt 0.50000000 0.50000000
vt 0.50000000 0.50000000
vt 0.50000000 0.50000000
vt 0.50000000 0.50000000
vt 0.50000000 0.50000000
vt 0.50000000 0.50000000
vt 0.50000000 0.50000000
vt 0.50000000 0.50000000
vt 0.50000000 0.50000000
vt 0.50000000 0.50000000
vt 0.50000000 0.50000000
vt 0.50000000 0.50000000
vt 0.50000000 0.50000000
vt 0.50000000 0.50000000
vt 0.50000000 0.50000000
vt 0.50000000 0.50000000
vt 0.50000000 0.50000000
vt 0.50000000 0.50000000
vt 0.50000000 0.50000000
vt 0.50000000 0.50000000
vt 0.50000000 0.50000000
vt 0.50000000 0.50000000
vt 0.50000000 0.50000000
vt 0.50000000 0.50000000
vt 0.50000000 0.50000000
vt 0.50000000 0.50000000
vt 0.50000000 0.50000000
vt 0.50000000 0.50000000
vt 0.50000000 0.50000000
vt 0.50000000 0.50000000
vt 0.50000000 0.50000000
vt 0.50000000 0.50000000
vt 0.50000000 0.50000000
vt 0.50000000 0.50000000
vt 0.50000000 0.50000000
vt 0.50000000 0.50000000
vt 0.50000000 0.50000000
vt 0.50000000 0.50000000
vt 0.50000000 0.50000000
vt 0.50000000 0.50000000
vt 0.50000000 0.50000000
vt 0.50000000 0.50000000
vt 0.50000000 0.50000000
vt 0.50000000 0.50000000
vt 0.50000000 0.50000000
vt 0.50000000 0.50000000
vt 0.50000000 0.50000000
vt 0.50000000 0.50000000
vt 0.50000000 0.50000000
vt 0.50000000 0.50000000
vt 0.50000000 0.50000000
vt 0.50000000 0.50000000
vt 0.50000000 0.50000000
vt 0.50000000 0.50000000
vt 0.50000000 0.50000000
vt 0.50000000 0.50000000
vt 0.50000000 0.50000000
vt 0.50000000 0.50000000
vt 0.50000000 0.50000000
vt 0.50000000 0.50000000
vt 0.50000000 0.50000000
vt 0.50000000 0.50000000
vt 0.50000000 0.50000000
vt 0.50000000 0.50000000
vt 0.50000000 0.50000000
vt 0.50000000 0.50000000
vt 0.50000000 0.50000000
vt 0.50000000 0.50000000
vt 0.50000000 0.50000000
vt 0.50000000 0.50000000
vt 0.50000000 0.50000000
vt 0.50000000 0.50000000
vt 0.50000000 0.50000000
vt 0.50000000 0.50000000
vt 0.50000000 0.50000000
vt 0.50000000 0.50000000
vt 0.50000000 0.50000000
vt 0.50000000 0.50000000
vt 0.50000000 0.50000000
vt 0.50000000 0.50000000
vt 0.50000000 0.50000000
vt 0.50000000 0.50000000
vt 0.50000000 0.50000000
vt 0.50000000 0.50000000
vt 0.50000000 0.50000000
vt 0.50000000 0.50000000
vt 0.50000000 0.50000000
vt 0.50000000 0.50000000
vt 0.50000000 0.50000000
vt 0.50000000 0.50000000
vt 0.50000000 0.50000000
vt 0.50000000 0.50000000
vt 0.50000000 0.50000000
vt 0.50000000 0.50000000
vt 0.50000000 0.50000000
vt 0.50000000 0.50000000
vt 0.50000000 0.50000000
vt 0.50000000 0.50000000
vt 0.50000000 0.50000000
vt 0.50000000 0.50000000
vt 0.50000000 0.50000000
vt 0.50000000 0.50000000
vt 0.50000000 0.50000000
vt 0.50000000 0.50000000
vt 0.50000000 0.50000000
vt 0.50000000 0.50000000
vt 0.50000000 0.50000000
vt 0.50000000 0.50000000
vt 0.50000000 0.50000000
vt 0.50000000 0.50000000
vt 0.50000000 0.50000000
vt 0.50000000 0.50000000
vt 0.50000000 0.50000000
vt 0.50000000 0.50000000
vt 0.50000000 0.50000000
vt 0.50000000 0.50000000
vt 0.50000000 0.50000000
vt 0.50000000 0.50000000
vt 0.50000000 0.50000000
vt 0.50000000 0.50000000
vt 0.50000000 0.50000000
vt 0.50000000 0.50000000
vt 0.50000000 0.50000000
vt 0.50000000 0.50000000
vt 0.50000000 0.50000000
vt 0.50000000 0.50000000
vt 0.50000000 0.50000000
vt 0.50000000 0.50000000
vt 0.50000000 0.50000000
vt 0.50000000 0.50000000
vt 0.50000000 0.50000000
vt 0.50000000 0.50000000
vt 0.50000000 0.50000000
vt 0.50000000 0.50000000
vt 0.50000000 0.50000000
vt 0.50000000 0.50000000
vt 0.50000000 0.50000000
vt 0.50000000 0.50000000
vt 0.50000000 0.50000000
vt 0.50000000 0.50000000
vt 0.50000000 0.50000000
vt 0.50000000 0.50000000
vt 0.50000000 0.50000000
vt 0.50000000 0.50000000
vt 0.50000000 0.50000000
vt 0.50000000 0.50000000
vt 0.50000000 0.50000000
vt 0.50000000 0.50000000
vt 0.50000000 0.50000000
vt 0.50000000 0.50000000
vt 0.50000000 0.50000000
vt 0.50000000 0.50000000
vt 0.50000000 0.50000000
vt 0.50000000 0.50000000
vt 0.50000000 0.50000000
vt 0.50000000 0.50000000
vt 0.50000000 0.50000000
vt 0.50000000 0.50000000
vt 0.50000000 0.50000000
vt 0.50000000 0.50000000
vt 0.50000000 0.50000000
vt 0.50000000 0.50000000
vt 0.50000000 0.50000000
vt 0.50000000 0.50000000
vt 0.50000000 0.50000000
vt 0.50000000 0.50000000
vt 0.50000000 0.50000000
vt 0.50000000 0.50000000
vt 0.50000000 0.50000000
vt 0.50000000 0.50000000
vt 0.50000000 0.50000000
vt 0.50000000 0.50000000
vt 0.50000000 0.50000000
vt 0.50000000 0.50000000
vt 0.50000000 0.50000000
vt 0.50000000 0.50000000
vt 0.50000000 0.50000000
vt 0.50000000 0.50000000
vt 0.50000000 0.50000000
vt 0.50000000 0.50000000
vt 0.50000000 0.50000000
vt 0.50000000 0.50000000
vt 0.50000000 0.50000000
vt 0.50000000 0.50000000
vt 0.50000000 0.50000000
vt 0.50000000 0.50000000
vt 0.50000000 0.50000000
vt 0.50000000 0.50000000
vt 0.50000000 0.50000000
vt 0.50000000 0.50000000
vt 0.50000000 0.50000000
vt 0.50000000 0.50000000
vt 0.50000000 0.50000000
vt 0.50000000 0.50000000
vt 0.50000000 0.50000000
vt 0.50000000 0.50000000
vt 0.50000000 0.50000000
vt 0.50000000 0.50000000
vt 0.50000000 0.50000000
vt 0.50000000 0.50000000
vt 0.50000000 0.50000000
vt 0.50000000 0.50000000
vt 0.50000000 0.50000000
vt 0.50000000 0.50000000
vt 0.50000000 0.50000000
vt 0.50000000 0.50000000
vt 0.50000000 0.50000000
vt 0.50000000 0.50000000
vt 0.50000000 0.50000000
vt 0.50000000 0.50000000
vt 0.50000000 0.50000000
vt 0.50000000 0.50000000
vt 0.50000000 0.50000000
vt 0.50000000 0.50000000
vt 0.50000000 0.50000000
vt 0.50000000 0.50000000
vt 0.50000000 0.50000000
vt 0.50000000 0.50000000
vt 0.50000000 0.50000000
vt 0.50000000 0.50000000
vt 0.50000000 0.50000000
vt 0.50000000 0.50000000
vt 0.50000000 0.50000000
vt 0.50000000 0.50000000
vt 0.50000000 0.50000000
vt 0.50000000 0.50000000
vt 0.50000000 0.50000000
vt 0.50000000 0.50000000
vt 0.50000000 0.50000000
vt 0.50000000 0.50000000
vt 0.50000000 0.50000000
vt 0.50000000 0.50000000
vt 0.50000000 0.50000000
vt 0.50000000 0.50000000
vt 0.50000000 0.50000000
vt 0.50000000 0.50000000
vt 0.50000000 0.50000000
vt 0.50000000 0.50000000
vt 0.50000000 0.50000000
vt 0.50000000 0.50000000
vt 0.50000000 0.50000000
vt 0.50000000 0.50000000
vt 0.50000000 0.50000000
vt 0.50000000 0.50000000
vt 0.50000000 0.50000000
vt 0.50000000 0.50000000
vt 0.50000000 0.50000000
vt 0.50000000 0.50000000
vt 0.50000000 0.50000000
vt 0.50000000 0.50000000
vt 0.50000000 0.50000000
vt 0.50000000 0.50000000
vt 0.50000000 0.50000000
vt 0.50000000 0.50000000
vt 0.50000000 0.50000000
vt 0.50000000 0.50000000
vt 0.50000000 0.50000000
vt 0.50000000 0.50000000
vt 0.50000000 0.50000000
vt 0.50000000 0.50000000
vt 0.50000000 0.50000000
vt 0.50000000 0.50000000
vt 0.50000000 0.50000000
vt 0.50000000 0.50000000
vt 0.50000000 0.50000000
vt 0.50000000 0.50000000
vt 0.50000000 0.50000000
vt 0.50000000 0.50000000
vt 0.50000000 0.50000000
vt 0.50000000 0.50000000
vt 0.50000000 0.50000000
vt 0.50000000 0.50000000
vt 0.50000000 0.50000000
vt 0.50000000 0.50000000
vt 0.50000000 0.50000000
vt 0.50000000 0.50000000
vt 0.50000000 0.50000000
vt 0.50000000 0.50000000
vt 0.50000000 0.50000000
vt 0.50000000 0.50000000
vt 0.50000000 0.50000000
vt 0.50000000 0.50000000
vt 0.50000000 0.50000000
vt 0.50000000 0.50000000
vt 0.50000000 0.50000000
vt 0.50000000 0.50000000
vt 0.50000000 0.50000000
vt 0.50000000 0.50000000
vt 0.50000000 0.50000000
vt 0.50000000 0.50000000
vt 0.50000000 0.50000000
vt 0.50000000 0.50000000
vt 0.50000000 0.50000000
vt 0.50000000 0.50000000
vt 0.50000000 0.50000000
vt 0.50000000 0.50000000
vt 0.50000000 0.50000000
vt 0.50000000 0.50000000
vt 0.50000000 0.50000000
vt 0.50000000 0.50000000
vt 0.50000000 0.50000000
vt 0.50000000 0.50000000
vt 0.50000000 0.50000000
vt 0.50000000 0.50000000
vt 0.50000000 0.50000000
vt 0.50000000 0.50000000
vt 0.50000000 0.50000000
vt 0.50000000 0.50000000
vt 0.50000000 0.50000000
vt 0.50000000 0.50000000
vt 0.50000000 0.50000000
vt 0.50000000 0.50000000
vt 0.50000000 0.50000000
vt 0.50000000 0.50000000
vt 0.50000000 0.50000000
vt 0.50000000 0.50000000
vt 0.50000000 0.50000000
vt 0.50000000 0.50000000
vt 0.50000000 0.50000000
vt 0.50000000 0.50000000
vt 0.50000000 0.50000000
vt 0.50000000 0.50000000
vt 0.50000000 0.50000000
vt 0.50000000 0.50000000
vt 0.50000000 0.50000000
vt 0.50000000 0.50000000
vt 0.50000000 0.50000000
vt 0.50000000 0.50000000
vt 0.50000000 0.50000000
vt 0.50000000 0.50000000
vt 0.50000000 0.50000000
vt 0.50000000 0.50000000
vt 0.50000000 0.50000000
vt 0.50000000 0.50000000
vt 0.50000000 0.50000000
vt 0.50000000 0.50000000
vt 0.50000000 0.50000000
vt 0.50000000 0.50000000
vt 0.50000000 0.50000000
vt 0.50000000 0.50000000
vt 0.50000000 0.50000000
vt 0.50000000 0.50000000
vt 0.50000000 0.50000000
vt 0.50000000 0.50000000
vt 0.50000000 0.50000000
vt 0.50000000 0.50000000
vt 0.50000000 0.50000000
vt 0.50000000 0.50000000
vt 0.50000000 0.50000000
vt 0.50000000 0.50000000
vt 0.50000000 0.50000000
vt 0.50000000 0.50000000
vt 0.50000000 0.50000000
vt 0.50000000 0.50000000
vt 0.50000000 0.50000000
vt 0.50000000 0.50000000
vt 0.50000000 0.50000000
vt 0.50000000 0.50000000
vt 0.50000000 0.50000000
vt 0.50000000 0.50000000
vt 0.50000000 0.50000000
vt 0.50000000 0.50000000
vt 0.50000000 0.50000000
vt 0.50000000 0.50000000
vt 0.50000000 0.50000000
vt 0.50000000 0.50000000
vt 0.50000000 0.50000000
vt 0.50000000 0.50000000
vt 0.50000000 0.50000000
vt 0.50000000 0.50000000
vt 0.50000000 0.50000000
vt 0.50000000 0.50000000
vt 0.50000000 0.50000000
vt 0.50000000 0.50000000
vt 0.50000000 0.50000000
vt 0.50000000 0.50000000
vt 0.50000000 0.50000000
vt 0.50000000 0.50000000
vt 0.50000000 0.50000000
vt 0.50000000 0.50000000
vt 0.50000000 0.50000000
vt 0.50000000 0.50000000
vt 0.50000000 0.50000000
vt 0.50000000 0.50000000
vt 0.50000000 0.50000000
vt 0.50000000 0.50000000
vt 0.50000000 0.50000000
vt 0.50000000 0.50000000
vt 0.50000000 0.50000000
vt 0.50000000 0.50000000
vt 0.50000000 0.50000000
vt 0.50000000 0.50000000
vt 0.50000000 0.50000000
vt 0.50000000 0.50000000
vt 0.50000000 0.50000000
vt 0.50000000 0.50000000
vt 0.50000000 0.50000000
vt 0.50000000 0.50000000
vt 0.50000000 0.50000000
vt 0.50000000 0.50000000
vt 0.50000000 0.50000000
vt 0.50000000 0.50000000
vt 0.50000000 0.50000000
vt 0.50000000 0.50000000
vt 0.50000000 0.50000000
vt 0.50000000 0.50000000
vt 0.50000000 0.50000000
vt 0.50000000 0.50000000
vt 0.50000000 0.50000000
vt 0.50000000 0.50000000
vt 0.50000000 0.50000000
vt 0.50000000 0.50000000
vt 0.50000000 0.50000000
vt 0.50000000 0.50000000
vt 0.50000000 0.50000000
vt 0.50000000 0.50000000
vt 0.50000000 0.50000000
vt 0.50000000 0.50000000
vt 0.50000000 0.50000000
vt 0.50000000 0.50000000
vt 0.50000000 0.50000000
vt 0.50000000 0.50000000
vt 0.50000000 0.50000000
vt 0.50000000 0.50000000
vt 0.50000000 0.50000000
vt 0.50000000 0.50000000
vt 0.50000000 0.50000000
vt 0.50000000 0.50000000
vt 0.50000000 0.50000000
vt 0.50000000 0.50000000
vt 0.50000000 0.50000000
vt 0.50000000 0.50000000
vt 0.50000000 0.50000000
vt 0.50000000 0.50000000
vt 0.50000000 0.50000000
vt 0.50000000 0.50000000
vt 0.50000000 0.50000000
vt 0.50000000 0.50000000
vt 0.50000000 0.50000000
vt 0.50000000 0.50000000
vt 0.50000000 0.50000000
vt 0.50000000 0.50000000
vt 0.50000000 0.50000000
vt 0.50000000 0.50000000
vt 0.50000000 0.50000000
vt 0.50000000 0.50000000
vt 0.50000000 0.50000000
vt 0.50000000 0.50000000
vt 0.50000000 0.50000000
vt 0.50000000 0.50000000
vt 0.50000000 0.50000000
vt 0.50000000 0.50000000
vt 0.50000000 0.50000000
vt 0.50000000 0.50000000
vt 0.50000000 0.50000000
vt 0.50000000 0.50000000
vt 0.50000000 0.50000000
vt 0.50000000 0.50000000
vt 0.50000000 0.50000000
vt 0.50000000 0.50000000
vt 0.50000000 0.50000000
vt 0.50000000 0.50000000
vt 0.50000000 0.50000000
vt 0.50000000 0.50000000
vt 0.50000000 0.50000000
vt 0.50000000 0.50000000
vt 0.50000000 0.50000000
vt 0.50000000 0.50000000
vt 0.50000000 0.50000000
vt 0.50000000 0.50000000
vt 0.50000000 0.50000000
vt 0.50000000 0.50000000
vt 0.50000000 0.50000000
vt 0.50000000 0.50000000
vt 0.50000000 0.50000000
vt 0.50000000 0.50000000
vt 0.50000000 0.50000000
vt 0.50000000 0.50000000
vt 0.50000000 0.50000000
vt 0.50000000 0.50000000
vt 0.50000000 0.50000000
vt 0.50000000 0.50000000
vt 0.50000000 0.50000000
vt 0.50000000 0.50000000
vt 0.50000000 0.50000000
vt 0.50000000 0.50000000
vt 0.50000000 0.50000000
vt 0.50000000 0.50000000
vt 0.50000000 0.50000000
vt 0.50000000 0.50000000
vt 0.50000000 0.50000000
vt 0.50000000 0.50000000
vt 0.50000000 0.50000000
vt 0.50000000 0.50000000
vt 0.50000000 0.50000000
vt 0.50000000 0.50000000
vt 0.50000000 0.50000000
vt 0.50000000 0.50000000
vt 0.50000000 0.50000000
vt 0.50000000 0.50000000
vt 0.50000000 0.50000000
vt 0.50000000 0.50000000
vt 0.50000000 0.50000000
vt 0.50000000 0.50000000
vt 0.50000000 0.50000000
vt 0.50000000 0.50000000
vt 0.50000000 0.50000000
vt 0.50000000 0.50000000
vt 0.50000000 0.50000000
vt 0.50000000 0.50000000
vt 0.50000000 0.50000000
vt 0.50000000 0.50000000
vt 0.50000000 0.50000000
vt 0.50000000 0.50000000
vt 0.50000000 0.50000000
vt 0.50000000 0.50000000
vt 0.50000000 0.50000000
vt 0.50000000 0.50000000
vt 0.50000000 0.50000000
vt 0.50000000 0.50000000
vt 0.50000000 0.50000000
vt 0.50000000 0.50000000
vt 0.50000000 0.50000000
vt 0.50000000 0.50000000
vt 0.50000000 0.50000000
vt 0.50000000 0.50000000
vt 0.50000000 0.50000000
vt 0.50000000 0.50000000
vt 0.50000000 0.50000000
vt 0.50000000 0.50000000
vt 0.50000000 0.50000000
vt 0.50000000 0.50000000
vt 0.50000000 0.50000000
vt 0.50000000 0.50000000
vt 0.50000000 0.50000000
vt 0.50000000 0.50000000
vt 0.50000000 0.50000000
vt 0.50000000 0.50000000
vt 0.50000000 0.50000000
vt 0.50000000 0.50000000
vt 0.50000000 0.50000000
vt 0.50000000 0.50000000
vt 0.50000000 0.50000000
vt 0.50000000 0.50000000
vt 0.50000000 0.50000000
vt 0.50000000 0.50000000
vt 0.50000000 0.50000000
vt 0.50000000 0.50000000
vt 0.50000000 0.50000000
vt 0.50000000 0.50000000
vt 0.50000000 0.50000000
vt 0.50000000 0.50000000
vt 0.50000000 0.50000000
vt 0.50000000 0.50000000
vt 0.50000000 0.50000000
vt 0.50000000 0.50000000
vt 0.50000000 0.50000000
vt 0.50000000 0.50000000
vt 0.50000000 0.50000000
vt 0.50000000 0.50000000
vt 0.50000000 0.50000000
vt 0.50000000 0.50000000
vt 0.50000000 0.50000000
vt 0.50000000 0.50000000
vt 0.50000000 0.50000000
vt 0.50000000 0.50000000
vt 0.50000000 0.50000000
vt 0.50000000 0.50000000
vt 0.50000000 0.50000000
vt 0.50000000 0.50000000
vt 0.50000000 0.50000000
vt 0.50000000 0.50000000
vt 0.50000000 0.50000000
vt 0.50000000 0.50000000
vt 0.50000000 0.50000000
vt 0.50000000 0.50000000
vt 0.50000000 0.50000000
vt 0.50000000 0.50000000
vt 0.50000000 0.50000000
vt 0.50000000 0.50000000
vt 0.50000000 0.50000000
vt 0.50000000 0.50000000
vt 0.50000000 0.50000000
vt 0.50000000 0.50000000
vt 0.50000000 0.50000000
vt 0.50000000 0.50000000
vt 0.50000000 0.50000000
vt 0.50000000 0.50000000
vt 0.50000000 0.50000000
vt 0.50000000 0.50000000
vt 0.50000000 0.50000000
vt 0.50000000 0.50000000
vt 0.50000000 0.50000000
vt 0.50000000 0.50000000
vt 0.50000000 0.50000000
vt 0.50000000 0.50000000
vt 0.50000000 0.50000000
vt 0.50000000 0.50000000
vt 0.50000000 0.50000000
vt 0.50000000 0.50000000
vt 0.50000000 0.50000000
vt 0.50000000 0.50000000
vt 0.50000000 0.50000000
vt 0.50000000 0.50000000
vt 0.50000000 0.50000000
vt 0.50000000 0.50000000
vt 0.50000000 0.50000000
vt 0.50000000 0.50000000
vt 0.50000000 0.50000000
vt 0.50000000 0.50000000
vt 0.50000000 0.50000000
vt 0.50000000 0.50000000
vt 0.50000000 0.50000000
vt 0.50000000 0.50000000
vt 0.50000000 0.50000000
vt 0.50000000 0.50000000
vt 0.50000000 0.50000000
vt 0.50000000 0.50000000
vt 0.50000000 0.50000000
vt 0.50000000 0.50000000
vt 0.50000000 0.50000000
vt 0.50000000 0.50000000
vt 0.50000000 0.50000000
vt 0.50000000 0.50000000
vt 0.50000000 0.50000000
vt 0.50000000 0.50000000
vt 0.50000000 0.50000000
vt 0.50000000 0.50000000
vt 0.50000000 0.50000000
vt 0.50000000 0.50000000
vt 0.50000000 0.50000000
vt 0.50000000 0.50000000
vt 0.50000000 0.50000000
vt 0.50000000 0.50000000
vt 0.50000000 0.50000000
vt 0.50000000 0.50000000
vt 0.50000000 0.50000000
vt 0.50000000 0.50000000
vt 0.50000000 0.50000000
vt 0.50000000 0.50000000
vt 0.50000000 0.50000000
vt 0.50000000 0.50000000
vt 0.50000000 0.50000000
vt 0.50000000 0.50000000
vt 0.50000000 0.50000000
vt 0.50000000 0.50000000
vt 0.50000000 0.50000000
vt 0.50000000 0.50000000
vt 0.50000000 0.50000000
vt 0.50000000 0.50000000
vt 0.50000000 0.50000000
vt 0.50000000 0.50000000
vt 0.50000000 0.50000000
vt 0.50000000 0.50000000
vt 0.50000000 0.50000000
vt 0.50000000 0.50000000
vt 0.50000000 0.50000000
vt 0.50000000 0.50000000
vt 0.50000000 0.50000000
vt 0.50000000 0.50000000
vt 0.50000000 0.50000000
vt 0.50000000 0.50000000
vt 0.50000000 0.50000000
vt 0.50000000 0.50000000
vt 0.50000000 0.50000000
vt 0.50000000 0.50000000
vt 0.50000000 0.50000000
vt 0.50000000 0.50000000
vt 0.50000000 0.50000000
vt 0.50000000 0.50000000
vt 0.50000000 0.50000000
vt 0.50000000 0.50000000
vt 0.50000000 0.50000000
vt 0.50000000 0.50000000
vt 0.50000000 0.50000000
vt 0.50000000 0.50000000
vt 0.50000000 0.50000000
vt 0.50000000 0.50000000
vt 0.50000000 0.50000000
vt 0.50000000 0.50000000
vt 0.50000000 0.50000000
vt 0.50000000 0.50000000
vt 0.50000000 0.50000000
vt 0.50000000 0.50000000
vt 0.50000000 0.50000000
vt 0.50000000 0.50000000
vt 0.50000000 0.50000000
vt 0.50000000 0.50000000
vt 0.50000000 0.50000000
vt 0.50000000 0.50000000
vt 0.50000000 0.50000000
vt 0.50000000 0.50000000
vt 0.50000000 0.50000000
vt 0.50000000 0.50000000
vt 0.50000000 0.50000000
vt 0.50000000 0.50000000
vt 0.50000000 0.50000000
vt 0.50000000 0.50000000
vt 0.50000000 0.50000000
vt 0.50000000 0.50000000
vt 0.50000000 0.50000000
vt 0.50000000 0.50000000
vt 0.50000000 0.50000000
vt 0.50000000 0.50000000
vt 0.50000000 0.50000000
vt 0.50000000 0.50000000
vt 0.50000000 0.50000000
vt 0.50000000 0.50000000
vt 0.50000000 0.50000000
vt 0.50000000 0.50000000
vt 0.50000000 0.50000000
vt 0.50000000 0.50000000
vt 0.50000000 0.50000000
vt 0.50000000 0.50000000
vt 0.50000000 0.50000000
vt 0.50000000 0.50000000
vt 0.50000000 0.50000000
vt 0.50000000 0.50000000
vt 0.50000000 0.50000000
vt 0.50000000 0.50000000
vt 0.50000000 0.50000000
vt 0.50000000 0.50000000
vt 0.50000000 0.50000000
vt 0.50000000 0.50000000
vt 0.50000000 0.50000000
vt 0.50000000 0.50000000
vt 0.50000000 0.50000000
vt 0.50000000 0.50000000
vt 0.50000000 0.50000000
vt 0.50000000 0.50000000
vt 0.50000000 0.50000000
vt 0.50000000 0.50000000
vt 0.50000000 0.50000000
vt 0.50000000 0.50000000
vt 0.50000000 0.50000000
vt 0.50000000 0.50000000
vt 0.50000000 0.50000000
vt 0.50000000 0.50000000
vt 0.50000000 0.50000000
vt 0.50000000 0.50000000
vt 0.50000000 0.50000000
vt 0.50000000 0.50000000
vt 0.50000000 0.50000000
vt 0.50000000 0.50000000
vt 0.50000000 0.50000000
vt 0.50000000 0.50000000
vt 0.50000000 0.50000000
vt 0.50000000 0.50000000
vt 0.50000000 0.50000000
vt 0.50000000 0.50000000
vt 0.50000000 0.50000000
vt 0.50000000 0.50000000
vt 0.50000000 0.50000000
vt 0.50000000 0.50000000
vt 0.50000000 0.50000000
vt 0.50000000 0.50000000
vt 0.50000000 0.50000000
vt 0.50000000 0.50000000
vt 0.50000000 0.50000000
vt 0.50000000 0.50000000
vt 0.50000000 0.50000000
vt 0.50000000 0.50000000
vt 0.50000000 0.50000000
vt 0.50000000 0.50000000
vt 0.50000000 0.50000000
vt 0.50000000 0.50000000
vt 0.50000000 0.50000000
vt 0.50000000 0.50000000
vt 0.50000000 0.50000000
vt 0.50000000 0.50000000
vt 0.50000000 0.50000000
vt 0.50000000 0.50000000
vt 0.50000000 0.50000000
vt 0.50000000 0.50000000
vt 0.50000000 0.50000000
vt 0.50000000 0.50000000
vt 0.50000000 0.50000000
vt 0.50000000 0.50000000
vt 0.50000000 0.50000000
vt 0.50000000 0.50000000
vt 0.50000000 0.50000000
vt 0.50000000 0.50000000
vt 0.50000000 0.50000000
vt 0.50000000 0.50000000
vt 0.50000000 0.50000000
vt 0.50000000 0.50000000
vt 0.50000000 0.50000000
vt 0.50000000 0.50000000
vt 0.50000000 0.50000000
vt 0.50000000 0.50000000
vt 0.50000000 0.50000000
vt 0.50000000 0.50000000
vt 0.50000000 0.50000000
vt 0.50000000 0.50000000
vt 0.50000000 0.50000000
vt 0.50000000 0.50000000
vt 0.50000000 0.50000000
vt 0.50000000 0.50000000
vt 0.50000000 0.50000000
vt 0.50000000 0.50000000
vt 0.50000000 0.50000000
vt 0.50000000 0.50000000
vt 0.50000000 0.50000000
vt 0.50000000 0.50000000
vt 0.50000000 0.50000000
vt 0.50000000 0.50000000
vt 0.50000000 0.50000000
vt 0.50000000 0.50000000
vt 0.50000000 0.50000000
vt 0.50000000 0.50000000
vt 0.50000000 0.50000000
vt 0.50000000 0.50000000
vt 0.50000000 0.50000000
vt 0.50000000 0.50000000
vt 0.50000000 0.50000000
vt 0.50000000 0.50000000
vt 0.50000000 0.50000000
vt 0.50000000 0.50000000
vt 0.50000000 0.50000000
vt 0.50000000 0.50000000
vt 0.50000000 0.50000000
vt 0.50000000 0.50000000
vt 0.50000000 0.50000000
vt 0.50000000 0.50000000
vt 0.50000000 0.50000000
vt 0.50000000 0.50000000
vt 0.50000000 0.50000000
vt 0.50000000 0.50000000
vt 0.50000000 0.50000000
vt 0.50000000 0.50000000
vt 0.50000000 0.50000000
vt 0.50000000 0.50000000
vt 0.50000000 0.50000000
vt 0.50000000 0.50000000
vt 0.50000000 0.50000000
vt 0.50000000 0.50000000
vt 0.50000000 0.50000000
vt 0.50000000 0.50000000
vt 0.50000000 0.50000000
vt 0.50000000 0.50000000
vt 0.50000000 0.50000000
vt 0.50000000 0.50000000
vt 0.50000000 0.50000000
vt 0.50000000 0.50000000
vt 0.50000000 0.50000000
vt 0.50000000 0.50000000
vt 0.50000000 0.50000000
vt 0.50000000 0.50000000
vt 0.50000000 0.50000000
vt 0.50000000 0.50000000
vt 0.50000000 0.50000000
vt 0.50000000 0.50000000
vt 0.50000000 0.50000000
vt 0.50000000 0.50000000
vt 0.50000000 0.50000000
vt 0.50000000 0.50000000
vt 0.50000000 0.50000000
vt 0.50000000 0.50000000
vt 0.50000000 0.50000000
vt 0.50000000 0.50000000
vt 0.50000000 0.50000000
vt 0.50000000 0.50000000
vt 0.50000000 0.50000000
vt 0.50000000 0.50000000
vt 0.50000000 0.50000000
vt 0.50000000 0.50000000
vt 0.50000000 0.50000000
vt 0.50000000 0.50000000
vt 0.50000000 0.50000000
vt 0.50000000 0.50000000
vt 0.50000000 0.50000000
vt 0.50000000 0.50000000
vt 0.50000000 0.50000000
vt 0.50000000 0.50000000
vt 0.50000000 0.50000000
vt 0.50000000 0.50000000
vt 0.50000000 0.50000000
vt 0.50000000 0.50000000
vt 0.50000000 0.50000000
vt 0.50000000 0.50000000
vt 0.50000000 0.50000000
vt 0.50000000 0.50000000
vt 0.50000000 0.50000000
vt 0.50000000 0.50000000
vt 0.50000000 0.50000000
vt 0.50000000 0.50000000
vt 0.50000000 0.50000000
vt 0.50000000 0.50000000
vt 0.50000000 0.50000000
vt 0.50000000 0.50000000
vt 0.50000000 0.50000000
vt 0.50000000 0.50000000
vt 0.50000000 0.50000000
vt 0.50000000 0.50000000
vt 0.50000000 0.50000000
vt 0.50000000 0.50000000
vt 0.50000000 0.50000000
vt 0.50000000 0.50000000
vt 0.50000000 0.50000000
vt 0.50000000 0.50000000
vt 0.50000000 0.50000000
vt 0.50000000 0.50000000
vt 0.50000000 0.50000000
vt 0.50000000 0.50000000
vt 0.50000000 0.50000000
vt 0.50000000 0.50000000
vt 0.50000000 0.50000000
vt 0.50000000 0.50000000
vt 0.50000000 0.50000000
vt 0.50000000 0.50000000
vt 0.50000000 0.50000000
vt 0.50000000 0.50000000
vt 0.50000000 0.50000000
vt 0.50000000 0.50000000
vt 0.50000000 0.50000000
vt 0.50000000 0.50000000
vt 0.50000000 0.50000000
vt 0.50000000 0.50000000
vt 0.50000000 0.50000000
vt 0.50000000 0.50000000
vt 0.50000000 0.50000000
vt 0.50000000 0.50000000
vt 0.50000000 0.50000000
vt 0.50000000 0.50000000
vt 0.50000000 0.50000000
vt 0.50000000 0.50000000
vt 0.50000000 0.50000000
vt 0.50000000 0.50000000
vt 0.50000000 0.50000000
vt 0.50000000 0.50000000
vt 0.50000000 0.50000000
vt 0.50000000 0.50000000
vt 0.50000000 0.50000000
vt 0.50000000 0.50000000
vt 0.50000000 0.50000000
vt 0.50000000 0.50000000
vt 0.50000000 0.50000000
vt 0.50000000 0.50000000
vt 0.50000000 0.50000000
vt 0.50000000 0.50000000
vt 0.50000000 0.50000000
vt 0.50000000 0.50000000
vt 0.50000000 0.50000000
vt 0.50000000 0.50000000
vt 0.50000000 0.50000000
vt 0.50000000 0.50000000
vt 0.50000000 0.50000000
vt 0.50000000 0.50000000
vt 0.50000000 0.50000000
vt 0.50000000 0.50000000
vt 0.50000000 0.50000000
vt 0.50000000 0.50000000
vt 0.50000000 0.50000000
vt 0.50000000 0.50000000
vt 0.50000000 0.50000000
vt 0.50000000 0.50000000
vt 0.50000000 0.50000000
vt 0.50000000 0.50000000
vt 0.50000000 0.50000000
vt 0.50000000 0.50000000
vt 0.50000000 0.50000000
vt 0.50000000 0.50000000
vt 0.50000000 0.50000000
vt 0.50000000 0.50000000
vt 0.50000000 0.50000000
vt 0.50000000 0.50000000
vt 0.50000000 0.50000000
vt 0.50000000 0.50000000
vt 0.50000000 0.50000000
vt 0.50000000 0.50000000
vt 0.50000000 0.50000000
vt 0.50000000 0.50000000
vt 0.50000000 0.50000000
vt 0.50000000 0.50000000
vt 0.50000000 0.50000000
vt 0.50000000 0.50000000
vt 0.50000000 0.50000000
vt 0.50000000 0.50000000
vt 0.50000000 0.50000000
vt 0.50000000 0.50000000
vt 0.50000000 0.50000000
vt 0.50000000 0.50000000
vt 0.50000000 0.50000000
vt 0.50000000 0.50000000
vt 0.50000000 0.50000000
vt 0.50000000 0.50000000
vt 0.50000000 0.50000000
vt 0.50000000 0.50000000
vt 0.50000000 0.50000000
vt 0.50000000 0.50000000
vt 0.50000000 0.50000000
vt 0.50000000 0.50000000
vt 0.50000000 0.50000000
vt 0.50000000 0.50000000
vt 0.50000000 0.50000000
vt 0.50000000 0.50000000
vt 0.50000000 0.50000000
vt 0.50000000 0.50000000
vt 0.50000000 0.50000000
vt 0.50000000 0.50000000
vt 0.50000000 0.50000000
vt 0.50000000 0.50000000
vt 0.50000000 0.50000000
vt 0.50000000 0.50000000
vt 0.50000000 0.50000000
vt 0.50000000 0.50000000
vt 0.50000000 0.50000000
vt 0.50000000 0.50000000
vt 0.50000000 0.50000000
vt 0.50000000 0.50000000
vt 0.50000000 0.50000000
vt 0.50000000 0.50000000
vt 0.50000000 0.50000000
vt 0.50000000 0.50000000
vt 0.50000000 0.50000000
vt 0.50000000 0.50000000
vt 0.50000000 0.50000000
vt 0.50000000 0.50000000
vt 0.50000000 0.50000000
vt 0.50000000 0.50000000
vt 0.50000000 0.50000000
vt 0.50000000 0.50000000
vt 0.50000000 0.50000000
vt 0.50000000 0.50000000
vt 0.50000000 0.50000000
vt 0.50000000 0.50000000
vt 0.50000000 0.50000000
vt 0.50000000 0.50000000
vt 0.50000000 0.50000000
vt 0.50000000 0.50000000
vt 0.50000000 0.50000000
vt 0.50000000 0.50000000
vt 0.50000000 0.50000000
vt 0.50000000 0.50000000
vt 0.50000000 0.50000000
vt 0.50000000 0.50000000
vt 0.50000000 0.50000000
vt 0.50000000 0.50000000
vt 0.50000000 0.50000000
vt 0.50000000 0.50000000
vt 0.50000000 0.50000000
vt 0.50000000 0.50000000
vt 0.50000000 0.50000000
vt 0.50000000 0.50000000
vt 0.50000000 0.50000000
vt 0.50000000 0.50000000
vt 0.50000000 0.50000000
vt 0.50000000 0.50000000
vt 0.50000000 0.50000000
vt 0.50000000 0.50000000
vt 0.50000000 0.50000000
vt 0.50000000 0.50000000
vt 0.50000000 0.50000000
vt 0.50000000 0.50000000
vt 0.50000000 0.50000000
vt 0.50000000 0.50000000
vt 0.50000000 0.50000000
vt 0.50000000 0.50000000
vt 0.50000000 0.50000000
vt 0.50000000 0.50000000
vt 0.50000000 0.50000000
vt 0.50000000 0.50000000
vt 0.50000000 0.50000000
vt 0.50000000 0.50000000
vt 0.50000000 0.50000000
vt 0.50000000 0.50000000
vt 0.50000000 0.50000000
vt 0.50000000 0.50000000
vt 0.50000000 0.50000000
vt 0.50000000 0.50000000
vt 0.50000000 0.50000000
vt 0.50000000 0.50000000
vt 0.50000000 0.50000000
vt 0.50000000 0.50000000
vt 0.50000000 0.50000000
vt 0.50000000 0.50000000
vt 0.50000000 0.50000000
vt 0.50000000 0.50000000
vt 0.50000000 0.50000000
vt 0.50000000 0.50000000
vt 0.50000000 0.50000000
vt 0.50000000 0.50000000
vt 0.50000000 0.50000000
vt 0.50000000 0.50000000
vt 0.50000000 0.50000000
vt 0.50000000 0.50000000
vt 0.50000000 0.50000000
vt 0.50000000 0.50000000
vt 0.50000000 0.50000000
vt 0.50000000 0.50000000
vt 0.50000000 0.50000000
vt 0.50000000 0.50000000
vt 0.50000000 0.50000000
vt 0.50000000 0.50000000
vt 0.50000000 0.50000000
vt 0.50000000 0.50000000
vt 0.50000000 0.50000000
vt 0.50000000 0.50000000
vt 0.50000000 0.50000000
vt 0.50000000 0.50000000
vt 0.50000000 0.50000000
vt 0.50000000 0.50000000
vt 0.50000000 0.50000000
vt 0.50000000 0.50000000
vt 0.50000000 0.50000000
vt 0.50000000 0.50000000
vt 0.50000000 0.50000000
vt 0.50000000 0.50000000
vt 0.50000000 0.50000000
vt 0.50000000 0.50000000
vt 0.50000000 0.50000000
vt 0.50000000 0.50000000
vt 0.50000000 0.50000000
vt 0.50000000 0.50000000
vt 0.50000000 0.50000000
vt 0.50000000 0.50000000
vt 0.50000000 0.50000000
vt 0.50000000 0.50000000
vt 0.50000000 0.50000000
vt 0.50000000 0.50000000
vt 0.50000000 0.50000000
vt 0.50000000 0.50000000
vt 0.50000000 0.50000000
vt 0.50000000 0.50000000
vt 0.50000000 0.50000000
vt 0.50000000 0.50000000
vt 0.50000000 0.50000000
vt 0.50000000 0.50000000
vt 0.50000000 0.50000000
vt 0.50000000 0.50000000
vt 0.50000000 0.50000000
vt 0.50000000 0.50000000
vt 0.50000000 0.50000000
vt 0.50000000 0.50000000
vt 0.50000000 0.50000000
vt 0.50000000 0.50000000
vt 0.50000000 0.50000000
vt 0.50000000 0.50000000
vt 0.50000000 0.50000000
vt 0.50000000 0.50000000
vt 0.50000000 0.50000000
vt 0.50000000 0.50000000
vt 0.50000000 0.50000000
vt 0.50000000 0.50000000
vt 0.50000000 0.50000000
vt 0.50000000 0.50000000
vt 0.50000000 0.50000000
vt 0.50000000 0.50000000
vt 0.50000000 0.50000000
vt 0.50000000 0.50000000
vt 0.50000000 0.50000000
vt 0.50000000 0.50000000
vt 0.50000000 0.50000000
vt 0.50000000 0.50000000
vt 0.50000000 0.50000000
vt 0.50000000 0.50000000
vt 0.50000000 0.50000000
vt 0.50000000 0.50000000
vt 0.50000000 0.50000000
vt 0.50000000 0.50000000
vt 0.50000000 0.50000000
vt 0.50000000 0.50000000
vt 0.50000000 0.50000000
vt 0.50000000 0.50000000
vt 0.50000000 0.50000000
vt 0.50000000 0.50000000
vt 0.50000000 0.50000000
vt 0.50000000 0.50000000
vt 0.50000000 0.50000000
vt 0.50000000 0.50000000
vt 0.50000000 0.50000000
vt 0.50000000 0.50000000
vt 0.50000000 0.50000000
vt 0.50000000 0.50000000
vt 0.50000000 0.50000000
vt 0.50000000 0.50000000
vt 0.50000000 0.50000000
vt 0.50000000 0.50000000
vt 0.50000000 0.50000000
vt 0.50000000 0.50000000
vt 0.50000000 0.50000000
vt 0.50000000 0.50000000
vt 0.50000000 0.50000000
vt 0.50000000 0.50000000
vt 0.50000000 0.50000000
vt 0.50000000 0.50000000
vt 0.50000000 0.50000000
vt 0.50000000 0.50000000
vt 0.50000000 0.50000000
vt 0.50000000 0.50000000
vt 0.50000000 0.50000000
vt 0.50000000 0.50000000
vt 0.50000000 0.50000000
vt 0.50000000 0.50000000
vt 0.50000000 0.50000000
vt 0.50000000 0.50000000
vt 0.50000000 0.50000000
vt 0.50000000 0.50000000
vt 0.50000000 0.50000000
vt 0.50000000 0.50000000
vt 0.50000000 0.50000000
vt 0.50000000 0.50000000
vt 0.50000000 0.50000000
vt 0.50000000 0.50000000
vt 0.50000000 0.50000000
vt 0.50000000 0.50000000
vt 0.50000000 0.50000000
vt 0.50000000 0.50000000
vt 0.50000000 0.50000000
vt 0.50000000 0.50000000
vt 0.50000000 0.50000000
vt 0.50000000 0.50000000
vt 0.50000000 0.50000000
vt 0.50000000 0.50000000
vt 0.50000000 0.50000000
vt 0.50000000 0.50000000
vt 0.50000000 0.50000000
vt 0.50000000 0.50000000
vt 0.50000000 0.50000000
vt 0.50000000 0.50000000
vt 0.50000000 0.50000000
vt 0.50000000 0.50000000
vt 0.50000000 0.50000000
vt 0.50000000 0.50000000
vt 0.50000000 0.50000000
vt 0.50000000 0.50000000
vt 0.50000000 0.50000000
vt 0.50000000 0.50000000
vt 0.50000000 0.50000000
vt 0.50000000 0.50000000
vt 0.50000000 0.50000000
vt 0.50000000 0.50000000
vt 0.50000000 0.50000000
vt 0.50000000 0.50000000
vt 0.50000000 0.50000000
vt 0.50000000 0.50000000
vt 0.50000000 0.50000000
vt 0.50000000 0.50000000
vt 0.50000000 0.50000000
vt 0.50000000 0.50000000
vt 0.50000000 0.50000000
vt 0.50000000 0.50000000
vt 0.50000000 0.50000000
vt 0.50000000 0.50000000
vt 0.50000000 0.50000000
vt 0.50000000 0.50000000
vt 0.50000000 0.50000000
vt 0.50000000 0.50000000
vt 0.50000000 0.50000000
vt 0.50000000 0.50000000
vt 0.50000000 0.50000000
vt 0.50000000 0.50000000
vt 0.50000000 0.50000000
vt 0.50000000 0.50000000
vt 0.50000000 0.50000000
vt 0.50000000 0.50000000
vt 0.50000000 0.50000000
vt 0.50000000 0.50000000
vt 0.50000000 0.50000000
vt 0.50000000 0.50000000
vt 0.50000000 0.50000000
vt 0.50000000 0.50000000
vt 0.50000000 0.50000000
vt 0.50000000 0.50000000
vt 0.50000000 0.50000000
vt 0.50000000 0.50000000
vt 0.50000000 0.50000000
vt 0.50000000 0.50000000
vt 0.50000000 0.50000000
vt 0.50000000 0.50000000
vt 0.50000000 0.50000000
vt 0.50000000 0.50000000
vt 0.50000000 0.50000000
vt 0.50000000 0.50000000
vt 0.50000000 0.50000000
vt 0.50000000 0.50000000
vt 0.50000000 0.50000000
vt 0.50000000 0.50000000
vt 0.50000000 0.50000000
vt 0.50000000 0.50000000
vt 0.50000000 0.50000000
vt 0.50000000 0.50000000
vt 0.50000000 0.50000000
vt 0.50000000 0.50000000
vt 0.50000000 0.50000000
vt 0.50000000 0.50000000
vt 0.50000000 0.50000000
vt 0.50000000 0.50000000
vt 0.50000000 0.50000000
vt 0.50000000 0.50000000
vt 0.50000000 0.50000000
vt 0.50000000 0.50000000
vt 0.50000000 0.50000000
vt 0.50000000 0.50000000
vt 0.50000000 0.50000000
vt 0.50000000 0.50000000
vt 0.50000000 0.50000000
vt 0.50000000 0.50000000
vt 0.50000000 0.50000000
vt 0.50000000 0.50000000
vt 0.50000000 0.50000000
vt 0.50000000 0.50000000
vt 0.50000000 0.50000000
vt 0.50000000 0.50000000
vt 0.50000000 0.50000000
vt 0.50000000 0.50000000
vt 0.50000000 0.50000000
vt 0.50000000 0.50000000
vt 0.50000000 0.50000000
vt 0.50000000 0.50000000
vt 0.50000000 0.50000000
vt 0.50000000 0.50000000
vt 0.50000000 0.50000000
vt 0.50000000 0.50000000
vt 0.50000000 0.50000000
vt 0.50000000 0.50000000
vt 0.50000000 0.50000000
vt 0.50000000 0.50000000
vt 0.50000000 0.50000000
vt 0.50000000 0.50000000
vt 0.50000000 0.50000000
vt 0.50000000 0.50000000
vt 0.50000000 0.50000000
vt 0.50000000 0.50000000
vt 0.50000000 0.50000000
vt 0.50000000 0.50000000
vt 0.50000000 0.50000000
vt 0.50000000 0.50000000
vt 0.50000000 0.50000000
vt 0.50000000 0.50000000
vt 0.50000000 0.50000000
vt 0.50000000 0.50000000
vt 0.50000000 0.50000000
vt 0.50000000 0.50000000
vt 0.50000000 0.50000000
vt 0.50000000 0.50000000
vt 0.50000000 0.50000000
vt 0.50000000 0.50000000
vt 0.50000000 0.50000000
vt 0.50000000 0.50000000
vt 0.50000000 0.50000000
vt 0.50000000 0.50000000
vt 0.50000000 0.50000000
vt 0.50000000 0.50000000
vt 0.50000000 0.50000000
vt 0.50000000 0.50000000
vt 0.50000000 0.50000000
vt 0.50000000 0.50000000
vt 0.50000000 0.50000000
vt 0.50000000 0.50000000
vt 0.50000000 0.50000000
vt 0.50000000 0.50000000
vt 0.50000000 0.50000000
vt 0.50000000 0.50000000
vt 0.50000000 0.50000000
vt 0.50000000 0.50000000
vt 0.50000000 0.50000000
vt 0.50000000 0.50000000
vt 0.50000000 0.50000000
vt 0.50000000 0.50000000
vt 0.50000000 0.50000000
vt 0.50000000 0.50000000
vt 0.50000000 0.50000000
vt 0.50000000 0.50000000
vt 0.50000000 0.50000000
vt 0.50000000 0.50000000
vt 0.50000000 0.50000000
vt 0.50000000 0.50000000
vt 0.50000000 0.50000000
vt 0.50000000 0.50000000
vt 0.50000000 0.50000000
vt 0.50000000 0.50000000
vt 0.50000000 0.50000000
vt 0.50000000 0.50000000
vt 0.50000000 0.50000000
vt 0.50000000 0.50000000
vt 0.50000000 0.50000000
vt 0.50000000 0.50000000
vt 0.50000000 0.50000000
vt 0.50000000 0.50000000
vt 0.50000000 0.50000000
vt 0.50000000 0.50000000
vt 0.50000000 0.50000000
vt 0.50000000 0.50000000
vt 0.50000000 0.50000000
vt 0.50000000 0.50000000
vt 0.50000000 0.50000000
vt 0.50000000 0.50000000
vt 0.50000000 0.50000000
vt 0.50000000 0.50000000
vt 0.50000000 0.50000000
vt 0.50000000 0.50000000
vt 0.50000000 0.50000000
vt 0.50000000 0.50000000
vt 0.50000000 0.50000000
vt 0.50000000 0.50000000
vt 0.50000000 0.50000000
vt 0.50000000 0.50000000
vt 0.50000000 0.50000000
vt 0.50000000 0.50000000
vt 0.50000000 0.50000000
vt 0.50000000 0.50000000
vt 0.50000000 0.50000000
vt 0.50000000 0.50000000
vt 0.50000000 0.50000000
vt 0.50000000 0.50000000
vt 0.50000000 0.50000000
vt 0.50000000 0.50000000
vt 0.50000000 0.50000000
vt 0.50000000 0.50000000
vt 0.50000000 0.50000000
vt 0.50000000 0.50000000
vt 0.50000000 0.50000000
vt 0.50000000 0.50000000
vt 0.50000000 0.50000000
vt 0.50000000 0.50000000
vt 0.50000000 0.50000000
vt 0.50000000 0.50000000
vt 0.50000000 0.50000000
vt 0.50000000 0.50000000
vt 0.50000000 0.50000000
vt 0.50000000 0.50000000
vt 0.50000000 0.50000000
vt 0.50000000 0.50000000
vt 0.50000000 0.50000000
vt 0.50000000 0.50000000
vt 0.50000000 0.50000000
vt 0.50000000 0.50000000
vt 0.50000000 0.50000000
vt 0.50000000 0.50000000
vt 0.50000000 0.50000000
vt 0.50000000 0.50000000
vt 0.50000000 0.50000000
vt 0.50000000 0.50000000
vt 0.50000000 0.50000000
vt 0.50000000 0.50000000
vt 0.50000000 0.50000000
vt 0.50000000 0.50000000
vt 0.50000000 0.50000000
vt 0.50000000 0.50000000
vt 0.50000000 0.50000000
vt 0.50000000 0.50000000
vt 0.50000000 0.50000000
vt 0.50000000 0.50000000
vt 0.50000000 0.50000000
vt 0.50000000 0.50000000
vt 0.50000000 0.50000000
vt 0.50000000 0.50000000
vt 0.50000000 0.50000000
vt 0.50000000 0.50000000
vt 0.50000000 0.50000000
vt 0.50000000 0.50000000
vt 0.50000000 0.50000000
vt 0.50000000 0.50000000
vt 0.50000000 0.50000000
vt 0.50000000 0.50000000
vt 0.50000000 0.50000000
vt 0.50000000 0.50000000
vt 0.50000000 0.50000000
vt 0.50000000 0.50000000
vt 0.50000000 0.50000000
vt 0.50000000 0.50000000
vt 0.50000000 0.50000000
vt 0.50000000 0.50000000
vt 0.50000000 0.50000000
vt 0.50000000 0.50000000
vt 0.50000000 0.50000000
vt 0.50000000 0.50000000
vt 0.50000000 0.50000000
vt 0.50000000 0.50000000
vt 0.50000000 0.50000000
vt 0.50000000 0.50000000
vt 0.50000000 0.50000000
vt 0.50000000 0.50000000
vt 0.50000000 0.50000000
vt 0.50000000 0.50000000
vt 0.50000000 0.50000000
vt 0.50000000 0.50000000
vt 0.50000000 0.50000000
vt 0.50000000 0.50000000
vt 0.50000000 0.50000000
vt 0.50000000 0.50000000
vt 0.50000000 0.50000000
vt 0.50000000 0.50000000
vt 0.50000000 0.50000000
vt 0.50000000 0.50000000
vt 0.50000000 0.50000000
vt 0.50000000 0.50000000
vt 0.50000000 0.50000000
vt 0.50000000 0.50000000
vt 0.50000000 0.50000000
vt 0.50000000 0.50000000
vt 0.50000000 0.50000000
vt 0.50000000 0.50000000
vt 0.50000000 0.50000000
vt 0.50000000 0.50000000
vt 0.50000000 0.50000000
vt 0.50000000 0.50000000
vt 0.50000000 0.50000000
vt 0.50000000 0.50000000
vt 0.50000000 0.50000000
vt 0.50000000 0.50000000
vt 0.50000000 0.50000000
vt 0.50000000 0.50000000
vt 0.50000000 0.50000000
vt 0.50000000 0.50000000
vt 0.50000000 0.50000000
vt 0.50000000 0.50000000
vt 0.50000000 0.50000000
vt 0.50000000 0.50000000
vt 0.50000000 0.50000000
vt 0.50000000 0.50000000
vt 0.50000000 0.50000000
vt 0.50000000 0.50000000
vt 0.50000000 0.50000000
vt 0.50000000 0.50000000
vt 0.50000000 0.50000000
vt 0.50000000 0.50000000
vt 0.50000000 0.50000000
vt 0.50000000 0.50000000
vt 0.50000000 0.50000000
vt 0.50000000 0.50000000
vt 0.50000000 0.50000000
vt 0.50000000 0.50000000
vt 0.50000000 0.50000000
vt 0.50000000 0.50000000
vt 0.50000000 0.50000000
vt 0.50000000 0.50000000
vt 0.50000000 0.50000000
vt 0.50000000 0.50000000
vt 0.50000000 0.50000000
vt 0.50000000 0.50000000
vt 0.50000000 0.50000000
vt 0.50000000 0.50000000
vt 0.50000000 0.50000000
vt 0.50000000 0.50000000
vt 0.50000000 0.50000000
vt 0.50000000 0.50000000
vt 0.50000000 0.50000000
vt 0.50000000 0.50000000
vt 0.50000000 0.50000000
vt 0.50000000 0.50000000
vt 0.50000000 0.50000000
vt 0.50000000 0.50000000
vt 0.50000000 0.50000000
vt 0.50000000 0.50000000
vt 0.50000000 0.50000000
vt 0.50000000 0.50000000
vt 0.50000000 0.50000000
vt 0.50000000 0.50000000
vt 0.50000000 0.50000000
vt 0.50000000 0.50000000
vt 0.50000000 0.50000000
vt 0.50000000 0.50000000
vt 0.50000000 0.50000000
vt 0.50000000 0.50000000
vt 0.50000000 0.50000000
vt 0.50000000 0.50000000
vt 0.50000000 0.50000000
vt 0.50000000 0.50000000
vt 0.50000000 0.50000000
vt 0.50000000 0.50000000
vt 0.50000000 0.50000000
vt 0.50000000 0.50000000
vt 0.50000000 0.50000000
vt 0.50000000 0.50000000
vt 0.50000000 0.50000000
vt 0.50000000 0.50000000
vt 0.50000000 0.50000000
vt 0.50000000 0.50000000
vt 0.50000000 0.50000000
vt 0.50000000 0.50000000
vt 0.50000000 0.50000000
vt 0.50000000 0.50000000
vt 0.50000000 0.50000000
vt 0.50000000 0.50000000
vt 0.50000000 0.50000000
vt 0.50000000 0.50000000
vt 0.50000000 0.50000000
vt 0.50000000 0.50000000
vt 0.50000000 0.50000000
vt 0.50000000 0.50000000
vt 0.50000000 0.50000000
vt 0.50000000 0.50000000
vt 0.50000000 0.50000000
vt 0.50000000 0.50000000
vt 0.50000000 0.50000000
vt 0.50000000 0.50000000
vt 0.50000000 0.50000000
vt 0.50000000 0.50000000
vt 0.50000000 0.50000000
vt 0.50000000 0.50000000
vt 0.50000000 0.50000000
vt 0.50000000 0.50000000
vt 0.50000000 0.50000000
vt 0.50000000 0.50000000
vt 0.50000000 0.50000000
vt 0.50000000 0.50000000
vt 0.50000000 0.50000000
vt 0.50000000 0.50000000
vt 0.50000000 0.50000000
vt 0.50000000 0.50000000
vt 0.50000000 0.50000000
vt 0.50000000 0.50000000
vt 0.50000000 0.50000000
vt 0.50000000 0.50000000
vt 0.50000000 0.50000000
vt 0.50000000 0.50000000
vt 0.50000000 0.50000000
vt 0.50000000 0.50000000
vt 0.50000000 0.50000000
vt 0.50000000 0.50000000
vt 0.50000000 0.50000000
vt 0.50000000 0.50000000
vt 0.50000000 0.50000000
vt 0.50000000 0.50000000
vt 0.50000000 0.50000000
vt 0.50000000 0.50000000
vt 0.50000000 0.50000000
vt 0.50000000 0.50000000
vt 0.50000000 0.50000000
vt 0.50000000 0.50000000
vt 0.50000000 0.50000000
vt 0.50000000 0.50000000
vt 0.50000000 0.50000000
vt 0.50000000 0.50000000
vt 0.50000000 0.50000000
vt 0.50000000 0.50000000
vt 0.50000000 0.50000000
vt 0.50000000 0.50000000
vt 0.50000000 0.50000000
vt 0.50000000 0.50000000
vt 0.50000000 0.50000000
vt 0.50000000 0.50000000
vt 0.50000000 0.50000000
vt 0.50000000 0.50000000
vt 0.50000000 0.50000000
vt 0.50000000 0.50000000
vt 0.50000000 0.50000000
vt 0.50000000 0.50000000
vt 0.50000000 0.50000000
vt 0.50000000 0.50000000
vt 0.50000000 0.50000000
vt 0.50000000 0.50000000
vt 0.50000000 0.50000000
vt 0.50000000 0.50000000
vt 0.50000000 0.50000000
vt 0.50000000 0.50000000
vt 0.50000000 0.50000000
vt 0.50000000 0.50000000
vt 0.50000000 0.50000000
vt 0.50000000 0.50000000
vt 0.50000000 0.50000000
vt 0.50000000 0.50000000
vt 0.50000000 0.50000000
vt 0.50000000 0.50000000
vt 0.50000000 0.50000000
vt 0.50000000 0.50000000
vt 0.50000000 0.50000000
vt 0.50000000 0.50000000
vt 0.50000000 0.50000000
vt 0.50000000 0.50000000
vt 0.50000000 0.50000000
vt 0.50000000 0.50000000
vt 0.50000000 0.50000000
vt 0.50000000 0.50000000
vt 0.50000000 0.50000000
vt 0.50000000 0.50000000
vt 0.50000000 0.50000000
vt 0.50000000 0.50000000
vt 0.50000000 0.50000000
vt 0.50000000 0.50000000
vt 0.50000000 0.50000000
vt 0.50000000 0.50000000
vt 0.50000000 0.50000000
vt 0.50000000 0.50000000
vt 0.50000000 0.50000000
vt 0.50000000 0.50000000
vt 0.50000000 0.50000000
vt 0.50000000 0.50000000
vt 0.50000000 0.50000000
vt 0.50000000 0.50000000
vt 0.50000000 0.50000000
vt 0.50000000 0.50000000
vt 0.50000000 0.50000000
vt 0.50000000 0.50000000
vt 0.50000000 0.50000000
vt 0.50000000 0.50000000
vt 0.50000000 0.50000000
vt 0.50000000 0.50000000
vt 0.50000000 0.50000000
vt 0.50000000 0.50000000
vt 0.50000000 0.50000000
vt 0.50000000 0.50000000
vt 0.50000000 0.50000000
vt 0.50000000 0.50000000
vt 0.50000000 0.50000000
vt 0.50000000 0.50000000
vt 0.50000000 0.50000000
vt 0.50000000 0.50000000
vt 0.50000000 0.50000000
vt 0.50000000 0.50000000
vt 0.50000000 0.50000000
vt 0.50000000 0.50000000
vt 0.50000000 0.50000000
vt 0.50000000 0.50000000
vt 0.50000000 0.50000000
vt 0.50000000 0.50000000
vt 0.50000000 0.50000000
vt 0.50000000 0.50000000
vt 0.50000000 0.50000000
vt 0.50000000 0.50000000
vt 0.50000000 0.50000000
vt 0.50000000 0.50000000
vt 0.50000000 0.50000000
vt 0.50000000 0.50000000
vt 0.50000000 0.50000000
vt 0.50000000 0.50000000
vt 0.50000000 0.50000000
vt 0.50000000 0.50000000
vt 0.50000000 0.50000000
vt 0.50000000 0.50000000
vt 0.50000000 0.50000000
vt 0.50000000 0.50000000
vt 0.50000000 0.50000000
vt 0.50000000 0.50000000
vt 0.50000000 0.50000000
vt 0.50000000 0.50000000
vt 0.50000000 0.50000000
vt 0.50000000 0.50000000
vt 0.50000000 0.50000000
vt 0.50000000 0.50000000
vt 0.50000000 0.50000000
vt 0.50000000 0.50000000
vt 0.50000000 0.50000000
vt 0.50000000 0.50000000
vt 0.50000000 0.50000000
vt 0.50000000 0.50000000
vt 0.50000000 0.50000000
vt 0.50000000 0.50000000
vt 0.50000000 0.50000000
vt 0.50000000 0.50000000
vt 0.50000000 0.50000000
vt 0.50000000 0.50000000
vt 0.50000000 0.50000000
vt 0.50000000 0.50000000
vt 0.50000000 0.50000000
vt 0.50000000 0.50000000
vt 0.50000000 0.50000000
vt 0.50000000 0.50000000
vt 0.50000000 0.50000000
vt 0.50000000 0.50000000
vt 0.50000000 0.50000000
vt 0.50000000 0.50000000
vt 0.50000000 0.50000000
vt 0.50000000 0.50000000
vt 0.50000000 0.50000000
vt 0.50000000 0.50000000
vt 0.50000000 0.50000000
vt 0.50000000 0.50000000
vt 0.50000000 0.50000000
vt 0.50000000 0.50000000
vt 0.50000000 0.50000000
vt 0.50000000 0.50000000
vt 0.50000000 0.50000000
vt 0.50000000 0.50000000
vt 0.50000000 0.50000000
vt 0.50000000 0.50000000
vt 0.50000000 0.50000000
vt 0.50000000 0.50000000
vt 0.50000000 0.50000000
vt 0.50000000 0.50000000
vt 0.50000000 0.50000000
vt 0.50000000 0.50000000
vt 0.50000000 0.50000000
vt 0.50000000 0.50000000
vt 0.50000000 0.50000000
vt 0.50000000 0.50000000
vt 0.50000000 0.50000000
vt 0.50000000 0.50000000
vt 0.50000000 0.50000000
vt 0.50000000 0.50000000
vt 0.50000000 0.50000000
vt 0.50000000 0.50000000
vt 0.50000000 0.50000000
vt 0.50000000 0.50000000
vt 0.50000000 0.50000000
vt 0.50000000 0.50000000
vt 0.50000000 0.50000000
vt 0.50000000 0.50000000
vt 0.50000000 0.50000000
vt 0.50000000 0.50000000
vt 0.50000000 0.50000000
vt 0.50000000 0.50000000
vt 0.50000000 0.50000000
vt 0.50000000 0.50000000
vt 0.50000000 0.50000000
vt 0.50000000 0.50000000
vt 0.50000000 0.50000000
vt 0.50000000 0.50000000
vt 0.50000000 0.50000000
vt 0.50000000 0.50000000
vt 0.50000000 0.50000000
vt 0.50000000 0.50000000
vt 0.50000000 0.50000000
vt 0.50000000 0.50000000
vt 0.50000000 0.50000000
vt 0.50000000 0.50000000
vt 0.50000000 0.50000000
vt 0.50000000 0.50000000
vt 0.50000000 0.50000000
vt 0.50000000 0.50000000
vt 0.50000000 0.50000000
vt 0.50000000 0.50000000
vt 0.50000000 0.50000000
vt 0.50000000 0.50000000
vt 0.50000000 0.50000000
vt 0.50000000 0.50000000
vt 0.50000000 0.50000000
vt 0.50000000 0.50000000
vt 0.50000000 0.50000000
vt 0.50000000 0.50000000
vt 0.50000000 0.50000000
vt 0.50000000 0.50000000
vt 0.50000000 0.50000000
vt 0.50000000 0.50000000
vt 0.50000000 0.50000000
vt 0.50000000 0.50000000
vt 0.50000000 0.50000000
vt 0.50000000 0.50000000
vt 0.50000000 0.50000000
vt 0.50000000 0.50000000
vt 0.50000000 0.50000000
vt 0.50000000 0.50000000
vt 0.50000000 0.50000000
vt 0.50000000 0.50000000
vt 0.50000000 0.50000000
vt 0.50000000 0.50000000
vt 0.50000000 0.50000000
vt 0.50000000 0.50000000
vt 0.50000000 0.50000000
vt 0.50000000 0.50000000
vt 0.50000000 0.50000000
vt 0.50000000 0.50000000
vt 0.50000000 0.50000000
vt 0.50000000 0.50000000
vt 0.50000000 0.50000000
vt 0.50000000 0.50000000
vt 0.50000000 0.50000000
vt 0.50000000 0.50000000
vt 0.50000000 0.50000000
vt 0.50000000 0.50000000
vt 0.50000000 0.50000000
vt 0.50000000 0.50000000
vt 0.50000000 0.50000000
vt 0.50000000 0.50000000
vt 0.50000000 0.50000000
vt 0.50000000 0.50000000
vt 0.50000000 0.50000000
vt 0.50000000 0.50000000
vt 0.50000000 0.50000000
vt 0.50000000 0.50000000
vt 0.50000000 0.50000000
vt 0.50000000 0.50000000
vt 0.50000000 0.50000000
vt 0.50000000 0.50000000
vt 0.50000000 0.50000000
vt 0.50000000 0.50000000
vt 0.50000000 0.50000000
vt 0.50000000 0.50000000
vt 0.50000000 0.50000000
vt 0.50000000 0.50000000
vt 0.50000000 0.50000000
vt 0.50000000 0.50000000
vt 0.50000000 0.50000000
vt 0.50000000 0.50000000
vt 0.50000000 0.50000000
vt 0.50000000 0.50000000
vt 0.50000000 0.50000000
vt 0.50000000 0.50000000
vt 0.50000000 0.50000000
vt 0.50000000 0.50000000
vt 0.50000000 0.50000000
vt 0.50000000 0.50000000
vt 0.50000000 0.50000000
vt 0.50000000 0.50000000
vt 0.50000000 0.50000000
vt 0.50000000 0.50000000
vt 0.50000000 0.50000000
vt 0.50000000 0.50000000
vt 0.50000000 0.50000000
vt 0.50000000 0.50000000
vt 0.50000000 0.50000000
vt 0.50000000 0.50000000
vt 0.50000000 0.50000000
vt 0.50000000 0.50000000
vt 0.50000000 0.50000000
vt 0.50000000 0.50000000
vt 0.50000000 0.50000000
vt 0.50000000 0.50000000
vt 0.50000000 0.50000000
vt 0.50000000 0.50000000
vt 0.50000000 0.50000000
vt 0.50000000 0.50000000
vt 0.50000000 0.50000000
vt 0.50000000 0.50000000
vt 0.50000000 0.50000000
vt 0.50000000 0.50000000
vt 0.50000000 0.50000000
vt 0.50000000 0.50000000
vt 0.50000000 0.50000000
vt 0.50000000 0.50000000
vt 0.50000000 0.50000000
vt 0.50000000 0.50000000
vt 0.50000000 0.50000000
vt 0.50000000 0.50000000
vt 0.50000000 0.50000000
vt 0.50000000 0.50000000
vt 0.50000000 0.50000000
vt 0.50000000 0.50000000
vt 0.50000000 0.50000000
vt 0.50000000 0.50000000
vt 0.50000000 0.50000000
vt 0.50000000 0.50000000
vt 0.50000000 0.50000000
vt 0.50000000 0.50000000
vt 0.50000000 0.50000000
vt 0.50000000 0.50000000
vt 0.50000000 0.50000000
vt 0.50000000 0.50000000
vt 0.50000000 0.50000000
vt 0.50000000 0.50000000
vt 0.50000000 0.50000000
vt 0.50000000 0.50000000
vt 0.50000000 0.50000000
vt 0.50000000 0.50000000
vt 0.50000000 0.50000000
vt 0.50000000 0.50000000
vt 0.50000000 0.50000000
vt 0.50000000 0.50000000
vt 0.50000000 0.50000000
vt 0.50000000 0.50000000
vt 0.50000000 0.50000000
vt 0.50000000 0.50000000
vt 0.50000000 0.50000000
vt 0.50000000 0.50000000
vt 0.50000000 0.50000000
vt 0.50000000 0.50000000
vt 0.50000000 0.50000000
vt 0.50000000 0.50000000
vt 0.50000000 0.50000000
vt 0.50000000 0.50000000
vt 0.50000000 0.50000000
vt 0.50000000 0.50000000
vt 0.50000000 0.50000000
vt 0.50000000 0.50000000
vt 0.50000000 0.50000000
vt 0.50000000 0.50000000
vt 0.50000000 0.50000000
vt 0.50000000 0.50000000
vt 0.50000000 0.50000000
vt 0.50000000 0.50000000
vt 0.50000000 0.50000000
vt 0.50000000 0.50000000
vt 0.50000000 0.50000000
vt 0.50000000 0.50000000
vt 0.50000000 0.50000000
vt 0.50000000 0.50000000
vt 0.50000000 0.50000000
vt 0.50000000 0.50000000
vt 0.50000000 0.50000000
vt 0.50000000 0.50000000
vt 0.50000000 0.50000000
vt 0.50000000 0.50000000
vt 0.50000000 0.50000000
vt 0.50000000 0.50000000
vt 0.50000000 0.50000000
vt 0.50000000 0.50000000
vt 0.50000000 0.50000000
vt 0.50000000 0.50000000
vt 0.50000000 0.50000000
vt 0.50000000 0.50000000
vt 0.50000000 0.50000000
vt 0.50000000 0.50000000
vt 0.50000000 0.50000000
vt 0.50000000 0.50000000
vt 0.50000000 0.50000000
vt 0.50000000 0.50000000
vt 0.50000000 0.50000000
vt 0.50000000 0.50000000
vt 0.50000000 0.50000000
vt 0.50000000 0.50000000
vt 0.50000000 0.50000000
vt 0.50000000 0.50000000
vt 0.50000000 0.50000000
vt 0.50000000 0.50000000
vt 0.50000000 0.50000000
vt 0.50000000 0.50000000
vt 0.50000000 0.50000000
vt 0.50000000 0.50000000
vt 0.50000000 0.50000000
vt 0.50000000 0.50000000
vt 0.50000000 0.50000000
vt 0.50000000 0.50000000
vt 0.50000000 0.50000000
vt 0.50000000 0.50000000
vt 0.50000000 0.50000000
vt 0.50000000 0.50000000
vt 0.50000000 0.50000000
vt 0.50000000 0.50000000
vt 0.50000000 0.50000000
vt 0.50000000 0.50000000
vt 0.50000000 0.50000000
vt 0.50000000 0.50000000
vt 0.50000000 0.50000000
vt 0.50000000 0.50000000
vt 0.50000000 0.50000000
vt 0.50000000 0.50000000
vt 0.50000000 0.50000000
vt 0.50000000 0.50000000
vt 0.50000000 0.50000000
vt 0.50000000 0.50000000
vt 0.50000000 0.50000000
vt 0.50000000 0.50000000
vt 0.50000000 0.50000000
vt 0.50000000 0.50000000
vt 0.50000000 0.50000000
vt 0.50000000 0.50000000
vt 0.50000000 0.50000000
vt 0.50000000 0.50000000
vt 0.50000000 0.50000000
vt 0.50000000 0.50000000
vt 0.50000000 0.50000000
vt 0.50000000 0.50000000
vt 0.50000000 0.50000000
vt 0.50000000 0.50000000
vt 0.50000000 0.50000000
vt 0.50000000 0.50000000
vt 0.50000000 0.50000000
vt 0.50000000 0.50000000
vt 0.50000000 0.50000000
vt 0.50000000 0.50000000
vt 0.50000000 0.50000000
vt 0.50000000 0.50000000
vt 0.50000000 0.50000000
vt 0.50000000 0.50000000
vt 0.50000000 0.50000000
vt 0.50000000 0.50000000
vt 0.50000000 0.50000000
vt 0.50000000 0.50000000
vt 0.50000000 0.50000000
vt 0.50000000 0.50000000
vt 0.50000000 0.50000000
vt 0.50000000 0.50000000
vt 0.50000000 0.50000000
vt 0.50000000 0.50000000
vt 0.50000000 0.50000000
vt 0.50000000 0.50000000
vt 0.50000000 0.50000000
vt 0.50000000 0.50000000
vt 0.50000000 0.50000000
vt 0.50000000 0.50000000
vt 0.50000000 0.50000000
vt 0.50000000 0.50000000
vt 0.50000000 0.50000000
vt 0.50000000 0.50000000
vt 0.50000000 0.50000000
vt 0.50000000 0.50000000
vt 0.50000000 0.50000000
vt 0.50000000 0.50000000
vt 0.50000000 0.50000000
vt 0.50000000 0.50000000
vt 0.50000000 0.50000000
vt 0.50000000 0.50000000
vt 0.50000000 0.50000000
vt 0.50000000 0.50000000
vt 0.50000000 0.50000000
vt 0.50000000 0.50000000
vt 0.50000000 0.50000000
vt 0.50000000 0.50000000
vt 0.50000000 0.50000000
vt 0.50000000 0.50000000
vt 0.50000000 0.50000000
vt 0.50000000 0.50000000
vt 0.50000000 0.50000000
vt 0.50000000 0.50000000
vt 0.50000000 0.50000000
vt 0.50000000 0.50000000
vt 0.50000000 0.50000000
vt 0.50000000 0.50000000
vt 0.50000000 0.50000000
vt 0.50000000 0.50000000
vt 0.50000000 0.50000000
vt 0.50000000 0.50000000
vt 0.50000000 0.50000000
vt 0.50000000 0.50000000
vt 0.50000000 0.50000000
vt 0.50000000 0.50000000
vt 0.50000000 0.50000000
vt 0.50000000 0.50000000
vt 0.50000000 0.50000000
vt 0.50000000 0.50000000
vt 0.50000000 0.50000000
vt 0.50000000 0.50000000
vt 0.50000000 0.50000000
vt 0.50000000 0.50000000
vt 0.50000000 0.50000000
vt 0.50000000 0.50000000
vt 0.50000000 0.50000000
vt 0.50000000 0.50000000
vt 0.50000000 0.50000000
vt 0.50000000 0.50000000
vt 0.50000000 0.50000000
vt 0.50000000 0.50000000
vt 0.50000000 0.50000000
vt 0.50000000 0.50000000
vt 0.50000000 0.50000000
vt 0.50000000 0.50000000
vt 0.50000000 0.50000000
vt 0.50000000 0.50000000
vt 0.50000000 0.50000000
vt 0.50000000 0.50000000
vt 0.50000000 0.50000000
vt 0.50000000 0.50000000
vt 0.50000000 0.50000000
vt 0.50000000 0.50000000
vt 0.50000000 0.50000000
vt 0.50000000 0.50000000
vt 0.50000000 0.50000000
vt 0.50000000 0.50000000
vt 0.50000000 0.50000000
vt 0.50000000 0.50000000
vt 0.50000000 0.50000000
vt 0.50000000 0.50000000
vt 0.50000000 0.50000000
vt 0.50000000 0.50000000
vt 0.50000000 0.50000000
vt 0.50000000 0.50000000
vt 0.50000000 0.50000000
vt 0.50000000 0.50000000
vt 0.50000000 0.50000000
vt 0.50000000 0.50000000
vt 0.50000000 0.50000000
vt 0.50000000 0.50000000
vt 0.50000000 0.50000000
vt 0.50000000 0.50000000
vt 0.50000000 0.50000000
vt 0.50000000 0.50000000
vt 0.50000000 0.50000000
vt 0.50000000 0.50000000
vt 0.50000000 0.50000000
vt 0.50000000 0.50000000
vt 0.50000000 0.50000000
vt 0.50000000 0.50000000
vt 0.50000000 0.50000000
vt 0.50000000 0.50000000
vt 0.50000000 0.50000000
vt 0.50000000 0.50000000
vt 0.50000000 0.50000000
vt 0.50000000 0.50000000
vt 0.50000000 0.50000000
vt 0.50000000 0.50000000
vt 0.50000000 0.50000000
vt 0.50000000 0.50000000
vt 0.50000000 0.50000000
vt 0.50000000 0.50000000
vt 0.50000000 0.50000000
vt 0.50000000 0.50000000
vt 0.50000000 0.50000000
vt 0.50000000 0.50000000
vt 0.50000000 0.50000000
vt 0.50000000 0.50000000
vt 0.50000000 0.50000000
vt 0.50000000 0.50000000
vt 0.50000000 0.50000000
vt 0.50000000 0.50000000
vt 0.50000000 0.50000000
vt 0.50000000 0.50000000
vt 0.50000000 0.50000000
vt 0.50000000 0.50000000
vt 0.50000000 0.50000000
vt 0.50000000 0.50000000
vt 0.50000000 0.50000000
vt 0.50000000 0.50000000
vt 0.50000000 0.50000000
vt 0.50000000 0.50000000
vt 0.50000000 0.50000000
vt 0.50000000 0.50000000
vt 0.50000000 0.50000000
vt 0.50000000 0.50000000
vt 0.50000000 0.50000000
vt 0.50000000 0.50000000
vt 0.50000000 0.50000000
vt 0.50000000 0.50000000
vt 0.50000000 0.50000000
vt 0.50000000 0.50000000
vt 0.50000000 0.50000000
vt 0.50000000 0.50000000
vt 0.50000000 0.50000000
vt 0.50000000 0.50000000
vt 0.50000000 0.50000000
vt 0.50000000 0.50000000
vt 0.50000000 0.50000000
vt 0.50000000 0.50000000
vt 0.50000000 0.50000000
vt 0.50000000 0.50000000
vt 0.50000000 0.50000000
vt 0.50000000 0.50000000
vt 0.50000000 0.50000000
vt 0.50000000 0.50000000
vt 0.50000000 0.50000000
vt 0.50000000 0.50000000
vt 0.50000000 0.50000000
vt 0.50000000 0.50000000
vt 0.50000000 0.50000000
vt 0.50000000 0.50000000
vt 0.50000000 0.50000000
vt 0.50000000 0.50000000
vt 0.50000000 0.50000000
vt 0.50000000 0.50000000
vt 0.50000000 0.50000000
vt 0.50000000 0.50000000
vt 0.50000000 0.50000000
vt 0.50000000 0.50000000
vt 0.50000000 0.50000000
vt 0.50000000 0.50000000
vt 0.50000000 0.50000000
vt 0.50000000 0.50000000
vt 0.50000000 0.50000000
vt 0.50000000 0.50000000
vt 0.50000000 0.50000000
vt 0.50000000 0.50000000
vt 0.50000000 0.50000000
vt 0.50000000 0.50000000
vt 0.50000000 0.50000000
vt 0.50000000 0.50000000
vt 0.50000000 0.50000000
vt 0.50000000 0.50000000
vt 0.50000000 0.50000000
vt 0.50000000 0.50000000
vt 0.50000000 0.50000000
vt 0.50000000 0.50000000
vt 0.50000000 0.50000000
vt 0.50000000 0.50000000
vt 0.50000000 0.50000000
vt 0.50000000 0.50000000
vt 0.50000000 0.50000000
vt 0.50000000 0.50000000
vt 0.50000000 0.50000000
vt 0.50000000 0.50000000
vt 0.50000000 0.50000000
vt 0.50000000 0.50000000
vt 0.50000000 0.50000000
vt 0.50000000 0.50000000
vt 0.50000000 0.50000000
vt 0.50000000 0.50000000
vt 0.50000000 0.50000000
vt 0.50000000 0.50000000
vt 0.50000000 0.50000000
vt 0.50000000 0.50000000
vt 0.50000000 0.50000000
vt 0.50000000 0.50000000
vt 0.50000000 0.50000000
vt 0.50000000 0.50000000
vt 0.50000000 0.50000000
vt 0.50000000 0.50000000
vt 0.50000000 0.50000000
vt 0.50000000 0.50000000
vt 0.50000000 0.50000000
vt 0.50000000 0.50000000
vt 0.50000000 0.50000000
vt 0.50000000 0.50000000
vt 0.50000000 0.50000000
vt 0.50000000 0.50000000
vt 0.50000000 0.50000000
vt 0.50000000 0.50000000
vt 0.50000000 0.50000000
vt 0.50000000 0.50000000
vt 0.50000000 0.50000000
vt 0.50000000 0.50000000
vt 0.50000000 0.50000000
vt 0.50000000 0.50000000
vt 0.50000000 0.50000000
vt 0.50000000 0.50000000
vt 0.50000000 0.50000000
vt 0.50000000 0.50000000
vt 0.50000000 0.50000000
vt 0.50000000 0.50000000
vt 0.50000000 0.50000000
vt 0.50000000 0.50000000
vt 0.50000000 0.50000000
vt 0.50000000 0.50000000
vt 0.50000000 0.50000000
vt 0.50000000 0.50000000
vt 0.50000000 0.50000000
vt 0.50000000 0.50000000
vt 0.50000000 0.50000000
vt 0.50000000 0.50000000
vt 0.50000000 0.50000000
vt 0.50000000 0.50000000
vt 0.50000000 0.50000000
vt 0.50000000 0.50000000
vt 0.50000000 0.50000000
vt 0.50000000 0.50000000
vt 0.50000000 0.50000000
vt 0.50000000 0.50000000
vt 0.50000000 0.50000000
vt 0.50000000 0.50000000
vt 0.50000000 0.50000000
vt 0.50000000 0.50000000
vt 0.50000000 0.50000000
vt 0.50000000 0.50000000
vt 0.50000000 0.50000000
vt 0.50000000 0.50000000
vt 0.50000000 0.50000000
vt 0.50000000 0.50000000
vt 0.50000000 0.50000000
vt 0.50000000 0.50000000
vt 0.50000000 0.50000000
vt 0.50000000 0.50000000
vt 0.50000000 0.50000000
vt 0.50000000 0.50000000
vt 0.50000000 0.50000000
vt 0.50000000 0.50000000
vt 0.50000000 0.50000000
vt 0.50000000 0.50000000
vt 0.50000000 0.50000000
vt 0.50000000 0.50000000
vt 0.50000000 0.50000000
vt 0.50000000 0.50000000
vt 0.50000000 0.50000000
vt 0.50000000 0.50000000
vt 0.50000000 0.50000000
vt 0.50000000 0.50000000
vt 0.50000000 0.50000000
vt 0.50000000 0.50000000
vt 0.50000000 0.50000000
vt 0.50000000 0.50000000
vt 0.50000000 0.50000000
vt 0.50000000 0.50000000
vt 0.50000000 0.50000000
vt 0.50000000 0.50000000
vt 0.50000000 0.50000000
vt 0.50000000 0.50000000
vt 0.50000000 0.50000000
vt 0.50000000 0.50000000
vt 0.50000000 0.50000000
vt 0.50000000 0.50000000
vt 0.50000000 0.50000000
vt 0.50000000 0.50000000
vt 0.50000000 0.50000000
vt 0.50000000 0.50000000
vt 0.50000000 0.50000000
vt 0.50000000 0.50000000
vt 0.50000000 0.50000000
vt 0.50000000 0.50000000
vt 0.50000000 0.50000000
vt 0.50000000 0.50000000
vt 0.50000000 0.50000000
vt 0.50000000 0.50000000
vt 0.50000000 0.50000000
vt 0.50000000 0.50000000
vt 0.50000000 0.50000000
vt 0.50000000 0.50000000
vt 0.50000000 0.50000000
vt 0.50000000 0.50000000
vt 0.50000000 0.50000000
vt 0.50000000 0.50000000
vt 0.50000000 0.50000000
vt 0.50000000 0.50000000
vt 0.50000000 0.50000000
vt 0.50000000 0.50000000
vt 0.50000000 0.50000000
vt 0.50000000 0.50000000
vt 0.50000000 0.50000000
vt 0.50000000 0.50000000
vt 0.50000000 0.50000000
vt 0.50000000 0.50000000
vt 0.50000000 0.50000000
vt 0.50000000 0.50000000
vt 0.50000000 0.50000000
vt 0.50000000 0.50000000
vt 0.50000000 0.50000000
vt 0.50000000 0.50000000
vt 0.50000000 0.50000000
vt 0.50000000 0.50000000
vt 0.50000000 0.50000000
vt 0.50000000 0.50000000
vt 0.50000000 0.50000000
vt 0.50000000 0.50000000
vt 0.50000000 0.50000000
vt 0.50000000 0.50000000
vt 0.50000000 0.50000000
vt 0.50000000 0.50000000
vt 0.50000000 0.50000000
vt 0.50000000 0.50000000
vt 0.50000000 0.50000000
vt 0.50000000 0.50000000
vt 0.50000000 0.50000000
vt 0.50000000 0.50000000
vt 0.50000000 0.50000000
vt 0.50000000 0.50000000
vt 0.50000000 0.50000000
vt 0.50000000 0.50000000
vt 0.50000000 0.50000000
vt 0.50000000 0.50000000
vt 0.50000000 0.50000000
vt 0.50000000 0.50000000
vt 0.50000000 0.50000000
vt 0.50000000 0.50000000
vt 0.50000000 0.50000000
vt 0.50000000 0.50000000
vt 0.50000000 0.50000000
vt 0.50000000 0.50000000
vt 0.50000000 0.50000000
vt 0.50000000 0.50000000
vt 0.50000000 0.50000000
vt 0.50000000 0.50000000
vt 0.50000000 0.50000000
vt 0.50000000 0.50000000
vt 0.50000000 0.50000000
vt 0.50000000 0.50000000
vt 0.50000000 0.50000000
vt 0.50000000 0.50000000
vt 0.50000000 0.50000000
vt 0.50000000 0.50000000
vt 0.50000000 0.50000000
vt 0.50000000 0.50000000
vt 0.50000000 0.50000000
vt 0.50000000 0.50000000
vt 0.50000000 0.50000000
vt 0.50000000 0.50000000
vt 0.50000000 0.50000000
vt 0.50000000 0.50000000
vt 0.50000000 0.50000000
vt 0.50000000 0.50000000
vt 0.50000000 0.50000000
vt 0.50000000 0.50000000
vt 0.50000000 0.50000000
vt 0.50000000 0.50000000
vt 0.50000000 0.50000000
vt 0.50000000 0.50000000
vt 0.50000000 0.50000000
vt 0.50000000 0.50000000
vt 0.50000000 0.50000000
vt 0.50000000 0.50000000
vt 0.50000000 0.50000000
vt 0.50000000 0.50000000
vt 0.50000000 0.50000000
vt 0.50000000 0.50000000
vt 0.50000000 0.50000000
vt 0.50000000 0.50000000
vt 0.50000000 0.50000000
vt 0.50000000 0.50000000
vt 0.50000000 0.50000000
vt 0.50000000 0.50000000
vt 0.50000000 0.50000000
vt 0.50000000 0.50000000
vt 0.50000000 0.50000000
vt 0.50000000 0.50000000
vt 0.50000000 0.50000000
vt 0.50000000 0.50000000
vt 0.50000000 0.50000000
vt 0.50000000 0.50000000
vt 0.50000000 0.50000000
vt 0.50000000 0.50000000
vt 0.50000000 0.50000000
vt 0.50000000 0.50000000
vt 0.50000000 0.50000000
vt 0.50000000 0.50000000
vt 0.50000000 0.50000000
vt 0.50000000 0.50000000
vt 0.50000000 0.50000000
vt 0.50000000 0.50000000
vt 0.50000000 0.50000000
vt 0.50000000 0.50000000
vt 0.50000000 0.50000000
vt 0.50000000 0.50000000
vt 0.50000000 0.50000000
vt 0.50000000 0.50000000
vt 0.50000000 0.50000000
vt 0.50000000 0.50000000
vt 0.50000000 0.50000000
vt 0.50000000 0.50000000
vt 0.50000000 0.50000000
vt 0.50000000 0.50000000
vt 0.50000000 0.50000000
vt 0.50000000 0.50000000
vt 0.50000000 0.50000000
vt 0.50000000 0.50000000
vt 0.50000000 0.50000000
vt 0.50000000 0.50000000
vt 0.50000000 0.50000000
vt 0.50000000 0.50000000
vt 0.50000000 0.50000000
vt 0.50000000 0.50000000
vt 0.50000000 0.50000000
vt 0.50000000 0.50000000
vt 0.50000000 0.50000000
vt 0.50000000 0.50000000
vt 0.50000000 0.50000000
vt 0.50000000 0.50000000
vt 0.50000000 0.50000000
vt 0.50000000 0.50000000
vt 0.50000000 0.50000000
vt 0.50000000 0.50000000
vt 0.50000000 0.50000000
vt 0.50000000 0.50000000
vt 0.50000000 0.50000000
vt 0.50000000 0.50000000
vt 0.50000000 0.50000000
vt 0.50000000 0.50000000
vt 0.50000000 0.50000000
vt 0.50000000 0.50000000
vt 0.50000000 0.50000000
vt 0.50000000 0.50000000
vt 0.50000000 0.50000000
vt 0.50000000 0.50000000
vt 0.50000000 0.50000000
vt 0.50000000 0.50000000
vt 0.50000000 0.50000000
vt 0.50000000 0.50000000
vt 0.50000000 0.50000000
vt 0.50000000 0.50000000
vt 0.50000000 0.50000000
vt 0.50000000 0.50000000
vt 0.50000000 0.50000000
vt 0.50000000 0.50000000
vt 0.50000000 0.50000000
vt 0.50000000 0.50000000
vt 0.50000000 0.50000000
vt 0.50000000 0.50000000
vt 0.50000000 0.50000000
vt 0.50000000 0.50000000
vt 0.50000000 0.50000000
vt 0.50000000 0.50000000
vt 0.50000000 0.50000000
vt 0.50000000 0.50000000
vt 0.50000000 0.50000000
vt 0.50000000 0.50000000
vt 0.50000000 0.50000000
vt 0.50000000 0.50000000
vt 0.50000000 0.50000000
vt 0.50000000 0.50000000
vt 0.50000000 0.50000000
vt 0.50000000 0.50000000
vt 0.50000000 0.50000000
vt 0.50000000 0.50000000
vt 0.50000000 0.50000000
vt 0.50000000 0.50000000
vt 0.50000000 0.50000000
vt 0.50000000 0.50000000
vt 0.50000000 0.50000000
vt 0.50000000 0.50000000
vt 0.50000000 0.50000000
vt 0.50000000 0.50000000
vt 0.50000000 0.50000000
vt 0.50000000 0.50000000
vt 0.50000000 0.50000000
vt 0.50000000 0.50000000
vt 0.50000000 0.50000000
vt 0.50000000 0.50000000
vt 0.50000000 0.50000000
vt 0.50000000 0.50000000
vt 0.50000000 0.50000000
vt 0.50000000 0.50000000
vt 0.50000000 0.50000000
vt 0.50000000 0.50000000
vt 0.50000000 0.50000000
vt 0.50000000 0.50000000
vt 0.50000000 0.50000000
vt 0.50000000 0.50000000
vt 0.50000000 0.50000000
vt 0.50000000 0.50000000
vt 0.50000000 0.50000000
vt 0.50000000 0.50000000
vt 0.50000000 0.50000000
vt 0.50000000 0.50000000
vt 0.50000000 0.50000000
vt 0.50000000 0.50000000
vt 0.50000000 0.50000000
vt 0.50000000 0.50000000
vt 0.50000000 0.50000000
vt 0.50000000 0.50000000
vt 0.50000000 0.50000000
vt 0.50000000 0.50000000
vt 0.50000000 0.50000000
vt 0.50000000 0.50000000
vt 0.50000000 0.50000000
vt 0.50000000 0.50000000
vt 0.50000000 0.50000000
vt 0.50000000 0.50000000
vt 0.50000000 0.50000000
vt 0.50000000 0.50000000
vt 0.50000000 0.50000000
vt 0.50000000 0.50000000
vt 0.50000000 0.50000000
vt 0.50000000 0.50000000
vt 0.50000000 0.50000000
vt 0.50000000 0.50000000
vt 0.50000000 0.50000000
vt 0.50000000 0.50000000
vt 0.50000000 0.50000000
vt 0.50000000 0.50000000
vt 0.50000000 0.50000000
vt 0.50000000 0.50000000
vt 0.50000000 0.50000000
vt 0.50000000 0.50000000
vt 0.50000000 0.50000000
vt 0.50000000 0.50000000
vt 0.50000000 0.50000000
vt 0.50000000 0.50000000
vt 0.50000000 0.50000000
vt 0.50000000 0.50000000
vt 0.50000000 0.50000000
vt 0.50000000 0.50000000
vt 0.50000000 0.50000000
vt 0.50000000 0.50000000
vt 0.50000000 0.50000000
vt 0.50000000 0.50000000
vt 0.50000000 0.50000000
vt 0.50000000 0.50000000
vt 0.50000000 0.50000000
vt 0.50000000 0.50000000
vt 0.50000000 0.50000000
vt 0.50000000 0.50000000
vt 0.50000000 0.50000000
vt 0.50000000 0.50000000
vt 0.50000000 0.50000000
vt 0.50000000 0.50000000
vt 0.50000000 0.50000000
vt 0.50000000 0.50000000
vt 0.50000000 0.50000000
vt 0.50000000 0.50000000
vt 0.50000000 0.50000000
vt 0.50000000 0.50000000
vt 0.50000000 0.50000000
vt 0.50000000 0.50000000
vt 0.50000000 0.50000000
vt 0.50000000 0.50000000
vt 0.50000000 0.50000000
vt 0.50000000 0.50000000
vt 0.50000000 0.50000000
vt 0.50000000 0.50000000
vt 0.50000000 0.50000000
vt 0.50000000 0.50000000
vt 0.50000000 0.50000000
vt 0.50000000 0.50000000
vt 0.50000000 0.50000000
vt 0.50000000 0.50000000
vt 0.50000000 0.50000000
vt 0.50000000 0.50000000
vt 0.50000000 0.50000000
vt 0.50000000 0.50000000
vt 0.50000000 0.50000000
vt 0.50000000 0.50000000
vt 0.50000000 0.50000000
vt 0.50000000 0.50000000
vt 0.50000000 0.50000000
vt 0.50000000 0.50000000
vt 0.50000000 0.50000000
vt 0.50000000 0.50000000
vt 0.50000000 0.50000000
vt 0.50000000 0.50000000
vt 0.50000000 0.50000000
vt 0.50000000 0.50000000
vt 0.50000000 0.50000000
vt 0.50000000 0.50000000
vt 0.50000000 0.50000000
vt 0.50000000 0.50000000
vt 0.50000000 0.50000000
vt 0.50000000 0.50000000
vt 0.50000000 0.50000000
vt 0.50000000 0.50000000
vt 0.50000000 0.50000000
vt 0.50000000 0.50000000
vt 0.50000000 0.50000000
vt 0.50000000 0.50000000
vt 0.50000000 0.50000000
vt 0.50000000 0.50000000
vt 0.50000000 0.50000000
vt 0.50000000 0.50000000
vt 0.50000000 0.50000000
vt 0.50000000 0.50000000
vt 0.50000000 0.50000000
vt 0.50000000 0.50000000
vt 0.50000000 0.50000000
vt 0.50000000 0.50000000
vt 0.50000000 0.50000000
vt 0.50000000 0.50000000
vt 0.50000000 0.50000000
vt 0.50000000 0.50000000
vt 0.50000000 0.50000000
vt 0.50000000 0.50000000
vt 0.50000000 0.50000000
vt 0.50000000 0.50000000
vt 0.50000000 0.50000000
vt 0.50000000 0.50000000
vt 0.50000000 0.50000000
vt 0.50000000 0.50000000
vt 0.50000000 0.50000000
vt 0.50000000 0.50000000
vt 0.50000000 0.50000000
vt 0.50000000 0.50000000
vt 0.50000000 0.50000000
vt 0.50000000 0.50000000
vt 0.50000000 0.50000000
vt 0.50000000 0.50000000
vt 0.50000000 0.50000000
vt 0.50000000 0.50000000
vt 0.50000000 0.50000000
vt 0.50000000 0.50000000
vt 0.50000000 0.50000000
vt 0.50000000 0.50000000
vt 0.50000000 0.50000000
vt 0.50000000 0.50000000
vt 0.50000000 0.50000000
vt 0.50000000 0.50000000
vt 0.50000000 0.50000000
vt 0.50000000 0.50000000
vt 0.50000000 0.50000000
vt 0.50000000 0.50000000
vt 0.50000000 0.50000000
vt 0.50000000 0.50000000
vt 0.50000000 0.50000000
vt 0.50000000 0.50000000
vt 0.50000000 0.50000000
vt 0.50000000 0.50000000
vt 0.50000000 0.50000000
vt 0.50000000 0.50000000
vt 0.50000000 0.50000000
vt 0.50000000 0.50000000
vt 0.50000000 0.50000000
vt 0.50000000 0.50000000
vt 0.50000000 0.50000000
vt 0.50000000 0.50000000
vt 0.50000000 0.50000000
vt 0.50000000 0.50000000
vt 0.50000000 0.50000000
vt 0.50000000 0.50000000
vt 0.50000000 0.50000000
vt 0.50000000 0.50000000
vt 0.50000000 0.50000000
vt 0.50000000 0.50000000
vt 0.50000000 0.50000000
vt 0.50000000 0.50000000
vt 0.50000000 0.50000000
vt 0.50000000 0.50000000
vt 0.50000000 0.50000000
vt 0.50000000 0.50000000
vt 0.50000000 0.50000000
vt 0.50000000 0.50000000
vt 0.50000000 0.50000000
vt 0.50000000 0.50000000
vt 0.50000000 0.50000000
vt 0.50000000 0.50000000
vt 0.50000000 0.50000000
vt 0.50000000 0.50000000
vt 0.50000000 0.50000000
vt 0.50000000 0.50000000
vt 0.50000000 0.50000000
vt 0.50000000 0.50000000
vt 0.50000000 0.50000000
vt 0.50000000 0.50000000
vt 0.50000000 0.50000000
vt 0.50000000 0.50000000
vt 0.50000000 0.50000000
vt 0.50000000 0.50000000
vt 0.50000000 0.50000000
vt 0.50000000 0.50000000
vt 0.50000000 0.50000000
vt 0.50000000 0.50000000
vt 0.50000000 0.50000000
vt 0.50000000 0.50000000
vt 0.50000000 0.50000000
vt 0.50000000 0.50000000
vt 0.50000000 0.50000000
vt 0.50000000 0.50000000
vt 0.50000000 0.50000000
vt 0.50000000 0.50000000
vt 0.50000000 0.50000000
vt 0.50000000 0.50000000
vt 0.50000000 0.50000000
vt 0.50000000 0.50000000
vt 0.50000000 0.50000000
vt 0.50000000 0.50000000
vt 0.50000000 0.50000000
vt 0.50000000 0.50000000
vt 0.50000000 0.50000000
vt 0.50000000 0.50000000
vt 0.50000000 0.50000000
vt 0.50000000 0.50000000
vt 0.50000000 0.50000000
vt 0.50000000 0.50000000
vt 0.50000000 0.50000000
vt 0.50000000 0.50000000
vt 0.50000000 0.50000000
vt 0.50000000 0.50000000
vt 0.50000000 0.50000000
vt 0.50000000 0.50000000
vt 0.50000000 0.50000000
vt 0.50000000 0.50000000
vt 0.50000000 0.50000000
vt 0.50000000 0.50000000
vt 0.50000000 0.50000000
vt 0.50000000 0.50000000
vt 0.50000000 0.50000000
vt 0.50000000 0.50000000
vt 0.50000000 0.50000000
vt 0.50000000 0.50000000
vt 0.50000000 0.50000000
vt 0.50000000 0.50000000
vt 0.50000000 0.50000000
vt 0.50000000 0.50000000
vt 0.50000000 0.50000000
vt 0.50000000 0.50000000
vt 0.50000000 0.50000000
vt 0.50000000 0.50000000
vt 0.50000000 0.50000000
vt 0.50000000 0.50000000
vt 0.50000000 0.50000000
vt 0.50000000 0.50000000
vt 0.50000000 0.50000000
vt 0.50000000 0.50000000
vt 0.50000000 0.50000000
vt 0.50000000 0.50000000
vt 0.50000000 0.50000000
vt 0.50000000 0.50000000
vt 0.50000000 0.50000000
vt 0.50000000 0.50000000
vt 0.50000000 0.50000000
vt 0.50000000 0.50000000
vt 0.50000000 0.50000000
vt 0.50000000 0.50000000
vt 0.50000000 0.50000000
vt 0.50000000 0.50000000
vt 0.50000000 0.50000000
vt 0.50000000 0.50000000
vt 0.50000000 0.50000000
vt 0.50000000 0.50000000
vt 0.50000000 0.50000000
vt 0.50000000 0.50000000
vt 0.50000000 0.50000000
vt 0.50000000 0.50000000
vt 0.50000000 0.50000000
vt 0.50000000 0.50000000
vt 0.50000000 0.50000000
vt 0.50000000 0.50000000
vt 0.50000000 0.50000000
vt 0.50000000 0.50000000
vt 0.50000000 0.50000000
vt 0.50000000 0.50000000
vt 0.50000000 0.50000000
vt 0.50000000 0.50000000
vt 0.50000000 0.50000000
vt 0.50000000 0.50000000
vt 0.50000000 0.50000000
vt 0.50000000 0.50000000
vt 0.50000000 0.50000000
vt 0.50000000 0.50000000
vt 0.50000000 0.50000000
vt 0.50000000 0.50000000
vt 0.50000000 0.50000000
vt 0.50000000 0.50000000
vt 0.50000000 0.50000000
vt 0.50000000 0.50000000
vt 0.50000000 0.50000000
vt 0.50000000 0.50000000
vt 0.50000000 0.50000000
vt 0.50000000 0.50000000
vt 0.50000000 0.50000000
vt 0.50000000 0.50000000
vt 0.50000000 0.50000000
vt 0.50000000 0.50000000
vt 0.50000000 0.50000000
vt 0.50000000 0.50000000
vt 0.50000000 0.50000000
vt 0.50000000 0.50000000
vt 0.50000000 0.50000000
vt 0.50000000 0.50000000
vt 0.50000000 0.50000000
vt 0.50000000 0.50000000
vt 0.50000000 0.50000000
vt 0.50000000 0.50000000
vt 0.50000000 0.50000000
vt 0.50000000 0.50000000
vt 0.50000000 0.50000000
vt 0.50000000 0.50000000
vt 0.50000000 0.50000000
vt 0.50000000 0.50000000
vt 0.50000000 0.50000000
vt 0.50000000 0.50000000
vt 0.50000000 0.50000000
vt 0.50000000 0.50000000
vt 0.50000000 0.50000000
vt 0.50000000 0.50000000
vt 0.50000000 0.50000000
vt 0.50000000 0.50000000
vt 0.50000000 0.50000000
vt 0.50000000 0.50000000
vt 0.50000000 0.50000000
vt 0.50000000 0.50000000
vt 0.50000000 0.50000000
vt 0.50000000 0.50000000
vt 0.50000000 0.50000000
vt 0.50000000 0.50000000
vt 0.50000000 0.50000000
vt 0.50000000 0.50000000
vt 0.50000000 0.50000000
vt 0.50000000 0.50000000
vt 0.50000000 0.50000000
vt 0.50000000 0.50000000
vt 0.50000000 0.50000000
vt 0.50000000 0.50000000
vt 0.50000000 0.50000000
vt 0.50000000 0.50000000
vt 0.50000000 0.50000000
vt 0.50000000 0.50000000
vt 0.50000000 0.50000000
vt 0.50000000 0.50000000
vt 0.50000000 0.50000000
vt 0.50000000 0.50000000
vt 0.50000000 0.50000000
vt 0.50000000 0.50000000
vt 0.50000000 0.50000000
vt 0.50000000 0.50000000
vt 0.50000000 0.50000000
vt 0.50000000 0.50000000
vt 0.50000000 0.50000000
vt 0.50000000 0.50000000
vt 0.50000000 0.50000000
vt 0.50000000 0.50000000
vt 0.50000000 0.50000000
vt 0.50000000 0.50000000
vt 0.50000000 0.50000000
vt 0.50000000 0.50000000
vt 0.50000000 0.50000000
vt 0.50000000 0.50000000
vt 0.50000000 0.50000000
vt 0.50000000 0.50000000
vt 0.50000000 0.50000000
vt 0.50000000 0.50000000
vt 0.50000000 0.50000000
vt 0.50000000 0.50000000
vt 0.50000000 0.50000000
vt 0.50000000 0.50000000
vt 0.50000000 0.50000000
vt 0.50000000 0.50000000
vt 0.50000000 0.50000000
vt 0.50000000 0.50000000
vt 0.50000000 0.50000000
vt 0.50000000 0.50000000
vt 0.50000000 0.50000000
vt 0.50000000 0.50000000
vt 0.50000000 0.50000000
vt 0.50000000 0.50000000
vt 0.50000000 0.50000000
vt 0.50000000 0.50000000
vt 0.50000000 0.50000000
vt 0.50000000 0.50000000
vt 0.50000000 0.50000000
vt 0.50000000 0.50000000
vt 0.50000000 0.50000000
vt 0.50000000 0.50000000
vt 0.50000000 0.50000000
vt 0.50000000 0.50000000
vt 0.50000000 0.50000000
vt 0.50000000 0.50000000
vt 0.50000000 0.50000000
vt 0.50000000 0.50000000
vt 0.50000000 0.50000000
vt 0.50000000 0.50000000
vt 0.50000000 0.50000000
vt 0.50000000 0.50000000
vt 0.50000000 0.50000000
vt 0.50000000 0.50000000
vt 0.50000000 0.50000000
vt 0.50000000 0.50000000
vt 0.50000000 0.50000000
vt 0.50000000 0.50000000
vt 0.50000000 0.50000000
vt 0.50000000 0.50000000
vt 0.50000000 0.50000000
vt 0.50000000 0.50000000
vt 0.50000000 0.50000000
vt 0.50000000 0.50000000
vt 0.50000000 0.50000000
vt 0.50000000 0.50000000
vt 0.50000000 0.50000000
vt 0.50000000 0.50000000
vt 0.50000000 0.50000000
vt 0.50000000 0.50000000
vt 0.50000000 0.50000000
vt 0.50000000 0.50000000
vt 0.50000000 0.50000000
vt 0.50000000 0.50000000
vt 0.50000000 0.50000000
vt 0.50000000 0.50000000
vt 0.50000000 0.50000000
vt 0.50000000 0.50000000
vt 0.50000000 0.50000000
vt 0.50000000 0.50000000
vt 0.50000000 0.50000000
vt 0.50000000 0.50000000
vt 0.50000000 0.50000000
vt 0.50000000 0.50000000
vt 0.50000000 0.50000000
vt 0.50000000 0.50000000
vt 0.50000000 0.50000000
vt 0.50000000 0.50000000
vt 0.50000000 0.50000000
vt 0.50000000 0.50000000
vt 0.50000000 0.50000000
vt 0.50000000 0.50000000
vt 0.50000000 0.50000000
vt 0.50000000 0.50000000
vt 0.50000000 0.50000000
vt 0.50000000 0.50000000
vt 0.50000000 0.50000000
vt 0.50000000 0.50000000
vt 0.50000000 0.50000000
vt 0.50000000 0.50000000
vt 0.50000000 0.50000000
vt 0.50000000 0.50000000
vt 0.50000000 0.50000000
vt 0.50000000 0.50000000
vt 0.50000000 0.50000000
vt 0.50000000 0.50000000
vt 0.50000000 0.50000000
vt 0.50000000 0.50000000
vt 0.50000000 0.50000000
vt 0.50000000 0.50000000
vt 0.50000000 0.50000000
vt 0.50000000 0.50000000
vt 0.50000000 0.50000000
vt 0.50000000 0.50000000
vt 0.50000000 0.50000000
vt 0.50000000 0.50000000
vt 0.50000000 0.50000000
vt 0.50000000 0.50000000
vt 0.50000000 0.50000000
vt 0.50000000 0.50000000
vt 0.50000000 0.50000000
vt 0.50000000 0.50000000
vt 0.50000000 0.50000000
vt 0.50000000 0.50000000
vt 0.50000000 0.50000000
vt 0.50000000 0.50000000
vt 0.50000000 0.50000000
vt 0.50000000 0.50000000
vt 0.50000000 0.50000000
vt 0.50000000 0.50000000
vt 0.50000000 0.50000000
vt 0.50000000 0.50000000
vt 0.50000000 0.50000000
vt 0.50000000 0.50000000
vt 0.50000000 0.50000000
vt 0.50000000 0.50000000
vt 0.50000000 0.50000000
vt 0.50000000 0.50000000
vt 0.50000000 0.50000000
vt 0.50000000 0.50000000
vt 0.50000000 0.50000000
vt 0.50000000 0.50000000
vt 0.50000000 0.50000000
vt 0.50000000 0.50000000
vt 0.50000000 0.50000000
vt 0.50000000 0.50000000
vt 0.50000000 0.50000000
vt 0.50000000 0.50000000
vt 0.50000000 0.50000000
vt 0.50000000 0.50000000
vt 0.50000000 0.50000000
vt 0.50000000 0.50000000
vt 0.50000000 0.50000000
vt 0.50000000 0.50000000
vt 0.50000000 0.50000000
vt 0.50000000 0.50000000
vt 0.50000000 0.50000000
vt 0.50000000 0.50000000
vt 0.50000000 0.50000000
vt 0.50000000 0.50000000
vt 0.50000000 0.50000000
vt 0.50000000 0.50000000
vt 0.50000000 0.50000000
vt 0.50000000 0.50000000
vt 0.50000000 0.50000000
vt 0.50000000 0.50000000
vt 0.50000000 0.50000000
vt 0.50000000 0.50000000
vt 0.50000000 0.50000000
vt 0.50000000 0.50000000
vt 0.50000000 0.50000000
vt 0.50000000 0.50000000
vt 0.50000000 0.50000000
vt 0.50000000 0.50000000
vt 0.50000000 0.50000000
vt 0.50000000 0.50000000
vt 0.50000000 0.50000000
vt 0.50000000 0.50000000
vt 0.50000000 0.50000000
vt 0.50000000 0.50000000
vt 0.50000000 0.50000000
vt 0.50000000 0.50000000
vt 0.50000000 0.50000000
vt 0.50000000 0.50000000
vt 0.50000000 0.50000000
vt 0.50000000 0.50000000
vt 0.50000000 0.50000000
vt 0.50000000 0.50000000
vt 0.50000000 0.50000000
vt 0.50000000 0.50000000
vt 0.50000000 0.50000000
vt 0.50000000 0.50000000
vt 0.50000000 0.50000000
vt 0.50000000 0.50000000
vt 0.50000000 0.50000000
vt 0.50000000 0.50000000
vt 0.50000000 0.50000000
vt 0.50000000 0.50000000
vt 0.50000000 0.50000000
vt 0.50000000 0.50000000
vt 0.50000000 0.50000000
vt 0.50000000 0.50000000
vt 0.50000000 0.50000000
vt 0.50000000 0.50000000
vt 0.50000000 0.50000000
vt 0.50000000 0.50000000
vt 0.50000000 0.50000000
vt 0.50000000 0.50000000
vt 0.50000000 0.50000000
vt 0.50000000 0.50000000
vt 0.50000000 0.50000000
vt 0.50000000 0.50000000
vt 0.50000000 0.50000000
vt 0.50000000 0.50000000
vt 0.50000000 0.50000000
vt 0.50000000 0.50000000
vt 0.50000000 0.50000000
vt 0.50000000 0.50000000
vt 0.50000000 0.50000000
vt 0.50000000 0.50000000
vt 0.50000000 0.50000000
vt 0.50000000 0.50000000
vt 0.50000000 0.50000000
vt 0.50000000 0.50000000
vt 0.50000000 0.50000000
vt 0.50000000 0.50000000
vt 0.50000000 0.50000000
vt 0.50000000 0.50000000
vt 0.50000000 0.50000000
vt 0.50000000 0.50000000
vt 0.50000000 0.50000000
vt 0.50000000 0.50000000
vt 0.50000000 0.50000000
vt 0.50000000 0.50000000
vt 0.50000000 0.50000000
vt 0.50000000 0.50000000
vt 0.50000000 0.50000000
vt 0.50000000 0.50000000
vt 0.50000000 0.50000000
vt 0.50000000 0.50000000
vt 0.50000000 0.50000000
vt 0.50000000 0.50000000
vt 0.50000000 0.50000000
vt 0.50000000 0.50000000
vt 0.50000000 0.50000000
vt 0.50000000 0.50000000
vt 0.50000000 0.50000000
vt 0.50000000 0.50000000
vt 0.50000000 0.50000000
vt 0.50000000 0.50000000
vt 0.50000000 0.50000000
vt 0.50000000 0.50000000
vt 0.50000000 0.50000000
vt 0.50000000 0.50000000
vt 0.50000000 0.50000000
vt 0.50000000 0.50000000
vt 0.50000000 0.50000000
vt 0.50000000 0.50000000
vt 0.50000000 0.50000000
vt 0.50000000 0.50000000
vt 0.50000000 0.50000000
vt 0.50000000 0.50000000
vt 0.50000000 0.50000000
vt 0.50000000 0.50000000
vt 0.50000000 0.50000000
vt 0.50000000 0.50000000
vt 0.50000000 0.50000000
vt 0.50000000 0.50000000
vt 0.50000000 0.50000000
vt 0.50000000 0.50000000
vt 0.50000000 0.50000000
vt 0.50000000 0.50000000
vt 0.50000000 0.50000000
vt 0.50000000 0.50000000
vt 0.50000000 0.50000000
vt 0.50000000 0.50000000
vt 0.50000000 0.50000000
vt 0.50000000 0.50000000
vt 0.50000000 0.50000000
vt 0.50000000 0.50000000
vt 0.50000000 0.50000000
vt 0.50000000 0.50000000
vt 0.50000000 0.50000000
vt 0.50000000 0.50000000
vt 0.50000000 0.50000000
vt 0.50000000 0.50000000
vt 0.50000000 0.50000000
vt 0.50000000 0.50000000
vt 0.50000000 0.50000000
vt 0.50000000 0.50000000
vt 0.50000000 0.50000000
vt 0.50000000 0.50000000
vt 0.50000000 0.50000000
vt 0.50000000 0.50000000
vt 0.50000000 0.50000000
vt 0.50000000 0.50000000
vt 0.50000000 0.50000000
vt 0.50000000 0.50000000
vt 0.50000000 0.50000000
vt 0.50000000 0.50000000
vt 0.50000000 0.50000000
vt 0.50000000 0.50000000
vt 0.50000000 0.50000000
vt 0.50000000 0.50000000
vt 0.50000000 0.50000000
vt 0.50000000 0.50000000
vt 0.50000000 0.50000000
vt 0.50000000 0.50000000
vt 0.50000000 0.50000000
vt 0.50000000 0.50000000
vt 0.50000000 0.50000000
vt 0.50000000 0.50000000
vt 0.50000000 0.50000000
vt 0.50000000 0.50000000
vt 0.50000000 0.50000000
vt 0.50000000 0.50000000
vt 0.50000000 0.50000000
vt 0.50000000 0.50000000
vt 0.50000000 0.50000000
vt 0.50000000 0.50000000
vt 0.50000000 0.50000000
vt 0.50000000 0.50000000
vt 0.50000000 0.50000000
vt 0.50000000 0.50000000
vt 0.50000000 0.50000000
vt 0.50000000 0.50000000
vt 0.50000000 0.50000000
vt 0.50000000 0.50000000
vt 0.50000000 0.50000000
vt 0.50000000 0.50000000
vt 0.50000000 0.50000000
vt 0.50000000 0.50000000
vt 0.50000000 0.50000000
vt 0.50000000 0.50000000
vt 0.50000000 0.50000000
vt 0.50000000 0.50000000
vt 0.50000000 0.50000000
vt 0.50000000 0.50000000
vt 0.50000000 0.50000000
vt 0.50000000 0.50000000
vt 0.50000000 0.50000000
vt 0.50000000 0.50000000
vt 0.50000000 0.50000000
vt 0.50000000 0.50000000
vt 0.50000000 0.50000000
vt 0.50000000 0.50000000
vt 0.50000000 0.50000000
vt 0.50000000 0.50000000
vt 0.50000000 0.50000000
vt 0.50000000 0.50000000
vt 0.50000000 0.50000000
vt 0.50000000 0.50000000
vt 0.50000000 0.50000000
vt 0.50000000 0.50000000
vt 0.50000000 0.50000000
vt 0.50000000 0.50000000
vt 0.50000000 0.50000000
vt 0.50000000 0.50000000
vt 0.50000000 0.50000000
vt 0.50000000 0.50000000
vt 0.50000000 0.50000000
vt 0.50000000 0.50000000
vt 0.50000000 0.50000000
vt 0.50000000 0.50000000
vt 0.50000000 0.50000000
vt 0.50000000 0.50000000
vt 0.50000000 0.50000000
vt 0.50000000 0.50000000
vt 0.50000000 0.50000000
vt 0.50000000 0.50000000
vt 0.50000000 0.50000000
vt 0.50000000 0.50000000
vt 0.50000000 0.50000000
vt 0.50000000 0.50000000
vt 0.50000000 0.50000000
vt 0.50000000 0.50000000
vt 0.50000000 0.50000000
vt 0.50000000 0.50000000
vt 0.50000000 0.50000000
vt 0.50000000 0.50000000
vt 0.50000000 0.50000000
vt 0.50000000 0.50000000
vt 0.50000000 0.50000000
vt 0.50000000 0.50000000
vt 0.50000000 0.50000000
vt 0.50000000 0.50000000
vt 0.50000000 0.50000000
vt 0.50000000 0.50000000
vt 0.50000000 0.50000000
vt 0.50000000 0.50000000
vt 0.50000000 0.50000000
vt 0.50000000 0.50000000
vt 0.50000000 0.50000000
vt 0.50000000 0.50000000
vt 0.50000000 0.50000000
vt 0.50000000 0.50000000
vt 0.50000000 0.50000000
vt 0.50000000 0.50000000
vt 0.50000000 0.50000000
vt 0.50000000 0.50000000
vt 0.50000000 0.50000000
vt 0.50000000 0.50000000
vt 0.50000000 0.50000000
vt 0.50000000 0.50000000
vt 0.50000000 0.50000000
vt 0.50000000 0.50000000
vt 0.50000000 0.50000000
vt 0.50000000 0.50000000
vt 0.50000000 0.50000000
vt 0.50000000 0.50000000
vt 0.50000000 0.50000000
vt 0.50000000 0.50000000
vt 0.50000000 0.50000000
vt 0.50000000 0.50000000
vt 0.50000000 0.50000000
vt 0.50000000 0.50000000
vt 0.50000000 0.50000000
vt 0.50000000 0.50000000
vt 0.50000000 0.50000000
vt 0.50000000 0.50000000
vt 0.50000000 0.50000000
vt 0.50000000 0.50000000
vt 0.50000000 0.50000000
vt 0.50000000 0.50000000
vt 0.50000000 0.50000000
vt 0.50000000 0.50000000
vt 0.50000000 0.50000000
vt 0.50000000 0.50000000
vt 0.50000000 0.50000000
vt 0.50000000 0.50000000
vt 0.50000000 0.50000000
vt 0.50000000 0.50000000
vt 0.50000000 0.50000000
vt 0.50000000 0.50000000
vt 0.50000000 0.50000000
vt 0.50000000 0.50000000
vt 0.50000000 0.50000000
vt 0.50000000 0.50000000
vt 0.50000000 0.50000000
vt 0.50000000 0.50000000
vt 0.50000000 0.50000000
vt 0.50000000 0.50000000
vt 0.50000000 0.50000000
vt 0.50000000 0.50000000
vt 0.50000000 0.50000000
vt 0.50000000 0.50000000
vt 0.50000000 0.50000000
vt 0.50000000 0.50000000
vt 0.50000000 0.50000000
vt 0.50000000 0.50000000
vt 0.50000000 0.50000000
vt 0.50000000 0.50000000
vt 0.50000000 0.50000000
vt 0.50000000 0.50000000
vt 0.50000000 0.50000000
vt 0.50000000 0.50000000
vt 0.50000000 0.50000000
vt 0.50000000 0.50000000
vt 0.50000000 0.50000000
vt 0.50000000 0.50000000
vt 0.50000000 0.50000000
vt 0.50000000 0.50000000
vt 0.50000000 0.50000000
vt 0.50000000 0.50000000
vt 0.50000000 0.50000000
vt 0.50000000 0.50000000
vt 0.50000000 0.50000000
vt 0.50000000 0.50000000
vt 0.50000000 0.50000000
vt 0.50000000 0.50000000
vt 0.50000000 0.50000000
vt 0.50000000 0.50000000
vt 0.50000000 0.50000000
vt 0.50000000 0.50000000
vt 0.50000000 0.50000000
vt 0.50000000 0.50000000
vt 0.50000000 0.50000000
vt 0.50000000 0.50000000
vt 0.50000000 0.50000000
vt 0.50000000 0.50000000
vt 0.50000000 0.50000000
vt 0.50000000 0.50000000
vt 0.50000000 0.50000000
vt 0.50000000 0.50000000
vt 0.50000000 0.50000000
vt 0.50000000 0.50000000
vt 0.50000000 0.50000000
vt 0.50000000 0.50000000
vt 0.50000000 0.50000000
vt 0.50000000 0.50000000
vt 0.50000000 0.50000000
vt 0.50000000 0.50000000
vt 0.50000000 0.50000000
vt 0.50000000 0.50000000
vt 0.50000000 0.50000000
vt 0.50000000 0.50000000
vt 0.50000000 0.50000000
vt 0.50000000 0.50000000
vt 0.50000000 0.50000000
vt 0.50000000 0.50000000
vt 0.50000000 0.50000000
vt 0.50000000 0.50000000
vt 0.50000000 0.50000000
vt 0.50000000 0.50000000
vt 0.50000000 0.50000000
vt 0.50000000 0.50000000
vt 0.50000000 0.50000000
vt 0.50000000 0.50000000
vt 0.50000000 0.50000000
vt 0.50000000 0.50000000
vt 0.50000000 0.50000000
vt 0.50000000 0.50000000
vt 0.50000000 0.50000000
vt 0.50000000 0.50000000
vt 0.50000000 0.50000000
vt 0.50000000 0.50000000
vt 0.50000000 0.50000000
vt 0.50000000 0.50000000
vt 0.50000000 0.50000000
vt 0.50000000 0.50000000
vt 0.50000000 0.50000000
vt 0.50000000 0.50000000
vt 0.50000000 0.50000000
vt 0.50000000 0.50000000
vt 0.50000000 0.50000000
vt 0.50000000 0.50000000
vt 0.50000000 0.50000000
vt 0.50000000 0.50000000
vt 0.50000000 0.50000000
vt 0.50000000 0.50000000
vt 0.50000000 0.50000000
vt 0.50000000 0.50000000
vt 0.50000000 0.50000000
vt 0.50000000 0.50000000
vt 0.50000000 0.50000000
vt 0.50000000 0.50000000
vt 0.50000000 0.50000000
vt 0.50000000 0.50000000
vt 0.50000000 0.50000000
vt 0.50000000 0.50000000
vt 0.50000000 0.50000000
vt 0.50000000 0.50000000
vt 0.50000000 0.50000000
vt 0.50000000 0.50000000
vt 0.50000000 0.50000000
vt 0.50000000 0.50000000
vt 0.50000000 0.50000000
vt 0.50000000 0.50000000
vt 0.50000000 0.50000000
vt 0.50000000 0.50000000
vt 0.50000000 0.50000000
vt 0.50000000 0.50000000
vt 0.50000000 0.50000000
vt 0.50000000 0.50000000
vt 0.50000000 0.50000000
vt 0.50000000 0.50000000
vt 0.50000000 0.50000000
vt 0.50000000 0.50000000
vt 0.50000000 0.50000000
vt 0.50000000 0.50000000
vt 0.50000000 0.50000000
vt 0.50000000 0.50000000
vt 0.50000000 0.50000000
vt 0.50000000 0.50000000
vt 0.50000000 0.50000000
vt 0.50000000 0.50000000
vt 0.50000000 0.50000000
vt 0.50000000 0.50000000
vt 0.50000000 0.50000000
vt 0.50000000 0.50000000
vt 0.50000000 0.50000000
vt 0.50000000 0.50000000
vt 0.50000000 0.50000000
vt 0.50000000 0.50000000
vt 0.50000000 0.50000000
vt 0.50000000 0.50000000
vt 0.50000000 0.50000000
vt 0.50000000 0.50000000
vt 0.50000000 0.50000000
vt 0.50000000 0.50000000
vt 0.50000000 0.50000000
vt 0.50000000 0.50000000
vt 0.50000000 0.50000000
vt 0.50000000 0.50000000
vt 0.50000000 0.50000000
vt 0.50000000 0.50000000
vt 0.50000000 0.50000000
vt 0.50000000 0.50000000
vt 0.50000000 0.50000000
vt 0.50000000 0.50000000
vt 0.50000000 0.50000000
vt 0.50000000 0.50000000
vt 0.50000000 0.50000000
vt 0.50000000 0.50000000
vt 0.50000000 0.50000000
vt 0.50000000 0.50000000
vt 0.50000000 0.50000000
vt 0.50000000 0.50000000
vt 0.50000000 0.50000000
vt 0.50000000 0.50000000
vt 0.50000000 0.50000000
vt 0.50000000 0.50000000
vt 0.50000000 0.50000000
vt 0.50000000 0.50000000
vt 0.50000000 0.50000000
vt 0.50000000 0.50000000
vt 0.50000000 0.50000000
vt 0.50000000 0.50000000
vt 0.50000000 0.50000000
vt 0.50000000 0.50000000
vt 0.50000000 0.50000000
vt 0.50000000 0.50000000
vt 0.50000000 0.50000000
vt 0.50000000 0.50000000
vt 0.50000000 0.50000000
vt 0.50000000 0.50000000
vt 0.50000000 0.50000000
vt 0.50000000 0.50000000
vt 0.50000000 0.50000000
vt 0.50000000 0.50000000
vt 0.50000000 0.50000000
vt 0.50000000 0.50000000
vt 0.50000000 0.50000000
vt 0.50000000 0.50000000
vt 0.50000000 0.50000000
vt 0.50000000 0.50000000
vt 0.50000000 0.50000000
vt 0.50000000 0.50000000
vt 0.50000000 0.50000000
vt 0.50000000 0.50000000
vt 0.50000000 0.50000000
vt 0.50000000 0.50000000
vt 0.50000000 0.50000000
vt 0.50000000 0.50000000
vt 0.50000000 0.50000000
vt 0.50000000 0.50000000
vt 0.50000000 0.50000000
vt 0.50000000 0.50000000
vt 0.50000000 0.50000000
vt 0.50000000 0.50000000
vt 0.50000000 0.50000000
vt 0.50000000 0.50000000
vt 0.50000000 0.50000000
vt 0.50000000 0.50000000
vt 0.50000000 0.50000000
vt 0.50000000 0.50000000
vt 0.50000000 0.50000000
vt 0.50000000 0.50000000
vt 0.50000000 0.50000000
vt 0.50000000 0.50000000
vt 0.50000000 0.50000000
vt 0.50000000 0.50000000
vt 0.50000000 0.50000000
vt 0.50000000 0.50000000
vt 0.50000000 0.50000000
vt 0.50000000 0.50000000
vt 0.50000000 0.50000000
vt 0.50000000 0.50000000
vt 0.50000000 0.50000000
vt 0.50000000 0.50000000
vt 0.50000000 0.50000000
vt 0.50000000 0.50000000
vt 0.50000000 0.50000000
vt 0.50000000 0.50000000
vt 0.50000000 0.50000000
vt 0.50000000 0.50000000
vt 0.50000000 0.50000000
vt 0.50000000 0.50000000
vt 0.50000000 0.50000000
vt 0.50000000 0.50000000
vt 0.50000000 0.50000000
vt 0.50000000 0.50000000
vt 0.50000000 0.50000000
vt 0.50000000 0.50000000
vt 0.50000000 0.50000000
vt 0.50000000 0.50000000
vt 0.50000000 0.50000000
vt 0.50000000 0.50000000
vt 0.50000000 0.50000000
vt 0.50000000 0.50000000
vt 0.50000000 0.50000000
vt 0.50000000 0.50000000
vt 0.50000000 0.50000000
vt 0.50000000 0.50000000
vt 0.50000000 0.50000000
vt 0.50000000 0.50000000
vt 0.50000000 0.50000000
vt 0.50000000 0.50000000
vt 0.50000000 0.50000000
vt 0.50000000 0.50000000
vt 0.50000000 0.50000000
vt 0.50000000 0.50000000
vt 0.50000000 0.50000000
vt 0.50000000 0.50000000
vt 0.50000000 0.50000000
vt 0.50000000 0.50000000
vt 0.50000000 0.50000000
vt 0.50000000 0.50000000
vt 0.50000000 0.50000000
vt 0.50000000 0.50000000
vt 0.50000000 0.50000000
vt 0.50000000 0.50000000
vt 0.50000000 0.50000000
vt 0.50000000 0.50000000
vt 0.50000000 0.50000000
vt 0.50000000 0.50000000
vt 0.50000000 0.50000000
vt 0.50000000 0.50000000
vt 0.50000000 0.50000000
vt 0.50000000 0.50000000
vt 0.50000000 0.50000000
vt 0.50000000 0.50000000
vt 0.50000000 0.50000000
vt 0.50000000 0.50000000
vt 0.50000000 0.50000000
vt 0.50000000 0.50000000
vt 0.50000000 0.50000000
vt 0.50000000 0.50000000
vt 0.50000000 0.50000000
vt 0.50000000 0.50000000
vt 0.50000000 0.50000000
vt 0.50000000 0.50000000
vt 0.50000000 0.50000000
vt 0.50000000 0.50000000
vt 0.50000000 0.50000000
vt 0.50000000 0.50000000
vt 0.50000000 0.50000000
vt 0.50000000 0.50000000
vt 0.50000000 0.50000000
vt 0.50000000 0.50000000
vt 0.50000000 0.50000000
vt 0.50000000 0.50000000
vt 0.50000000 0.50000000
vt 0.50000000 0.50000000
vt 0.50000000 0.50000000
vt 0.50000000 0.50000000
vt 0.50000000 0.50000000
vt 0.50000000 0.50000000
vt 0.50000000 0.50000000
vt 0.50000000 0.50000000
vt 0.50000000 0.50000000
vt 0.50000000 0.50000000
vt 0.50000000 0.50000000
vt 0.50000000 0.50000000
vt 0.50000000 0.50000000
vt 0.50000000 0.50000000
vt 0.50000000 0.50000000
vt 0.50000000 0.50000000
vt 0.50000000 0.50000000
vt 0.50000000 0.50000000
vt 0.50000000 0.50000000
vt 0.50000000 0.50000000
vt 0.50000000 0.50000000
vt 0.50000000 0.50000000
vt 0.50000000 0.50000000
vt 0.50000000 0.50000000
vt 0.50000000 0.50000000
vt 0.50000000 0.50000000
vt 0.50000000 0.50000000
vt 0.50000000 0.50000000
vt 0.50000000 0.50000000
vt 0.50000000 0.50000000
vt 0.50000000 0.50000000
vt 0.50000000 0.50000000
vt 0.50000000 0.50000000
vt 0.50000000 0.50000000
vt 0.50000000 0.50000000
vt 0.50000000 0.50000000
vt 0.50000000 0.50000000
vt 0.50000000 0.50000000
vt 0.50000000 0.50000000
vt 0.50000000 0.50000000
vt 0.50000000 0.50000000
vt 0.50000000 0.50000000
vt 0.50000000 0.50000000
vt 0.50000000 0.50000000
vt 0.50000000 0.50000000
vt 0.50000000 0.50000000
vt 0.50000000 0.50000000
vt 0.50000000 0.50000000
vt 0.50000000 0.50000000
vt 0.50000000 0.50000000
vt 0.50000000 0.50000000
vt 0.50000000 0.50000000
vt 0.50000000 0.50000000
vt 0.50000000 0.50000000
vt 0.50000000 0.50000000
vt 0.50000000 0.50000000
vt 0.50000000 0.50000000
vt 0.50000000 0.50000000
vt 0.50000000 0.50000000
vt 0.50000000 0.50000000
vt 0.50000000 0.50000000
vt 0.50000000 0.50000000
vt 0.50000000 0.50000000
vt 0.50000000 0.50000000
vt 0.50000000 0.50000000
vt 0.50000000 0.50000000
vt 0.50000000 0.50000000
vt 0.50000000 0.50000000
vt 0.50000000 0.50000000
vt 0.50000000 0.50000000
vt 0.50000000 0.50000000
vt 0.50000000 0.50000000
vt 0.50000000 0.50000000
vt 0.50000000 0.50000000
vt 0.50000000 0.50000000
vt 0.50000000 0.50000000
vt 0.50000000 0.50000000
vt 0.50000000 0.50000000
vt 0.50000000 0.50000000
vt 0.50000000 0.50000000
vt 0.50000000 0.50000000
vt 0.50000000 0.50000000
vt 0.50000000 0.50000000
vt 0.50000000 0.50000000
vt 0.50000000 0.50000000
vt 0.50000000 0.50000000
vt 0.50000000 0.50000000
vt 0.50000000 0.50000000
vt 0.50000000 0.50000000
vt 0.50000000 0.50000000
vt 0.50000000 0.50000000
vt 0.50000000 0.50000000
vt 0.50000000 0.50000000
vt 0.50000000 0.50000000
vt 0.50000000 0.50000000
vt 0.50000000 0.50000000
vt 0.50000000 0.50000000
vt 0.50000000 0.50000000
vt 0.50000000 0.50000000
vt 0.50000000 0.50000000
vt 0.50000000 0.50000000
vt 0.50000000 0.50000000
vt 0.50000000 0.50000000
vt 0.50000000 0.50000000
vt 0.50000000 0.50000000
vt 0.50000000 0.50000000
vt 0.50000000 0.50000000
vt 0.50000000 0.50000000
vt 0.50000000 0.50000000
vt 0.50000000 0.50000000
vt 0.50000000 0.50000000
vt 0.50000000 0.50000000
vt 0.50000000 0.50000000
vt 0.50000000 0.50000000
vt 0.50000000 0.50000000
vt 0.50000000 0.50000000
vt 0.50000000 0.50000000
vt 0.50000000 0.50000000
vt 0.50000000 0.50000000
vt 0.50000000 0.50000000
vt 0.50000000 0.50000000
vt 0.50000000 0.50000000
vt 0.50000000 0.50000000
vt 0.50000000 0.50000000
vt 0.50000000 0.50000000
vt 0.50000000 0.50000000
vt 0.50000000 0.50000000
vt 0.50000000 0.50000000
vt 0.50000000 0.50000000
vt 0.50000000 0.50000000
vt 0.50000000 0.50000000
vt 0.50000000 0.50000000
vt 0.50000000 0.50000000
vt 0.50000000 0.50000000
vt 0.50000000 0.50000000
vt 0.50000000 0.50000000
vt 0.50000000 0.50000000
vt 0.50000000 0.50000000
vt 0.50000000 0.50000000
vt 0.50000000 0.50000000
vt 0.50000000 0.50000000
vt 0.50000000 0.50000000
vt 0.50000000 0.50000000
vt 0.50000000 0.50000000
vt 0.50000000 0.50000000
vt 0.50000000 0.50000000
vt 0.50000000 0.50000000
vt 0.50000000 0.50000000
vt 0.50000000 0.50000000
vt 0.50000000 0.50000000
vt 0.50000000 0.50000000
vt 0.50000000 0.50000000
vt 0.50000000 0.50000000
vt 0.50000000 0.50000000
vt 0.50000000 0.50000000
vt 0.50000000 0.50000000
vt 0.50000000 0.50000000
vt 0.50000000 0.50000000
vt 0.50000000 0.50000000
vt 0.50000000 0.50000000
vt 0.50000000 0.50000000
vt 0.50000000 0.50000000
vt 0.50000000 0.50000000
vt 0.50000000 0.50000000
vt 0.50000000 0.50000000
vt 0.50000000 0.50000000
vt 0.50000000 0.50000000
vt 0.50000000 0.50000000
vt 0.50000000 0.50000000
vt 0.50000000 0.50000000
vt 0.50000000 0.50000000
vt 0.50000000 0.50000000
vt 0.50000000 0.50000000
vt 0.50000000 0.50000000
vt 0.50000000 0.50000000
vt 0.50000000 0.50000000
vt 0.50000000 0.50000000
vt 0.50000000 0.50000000
vt 0.50000000 0.50000000
vt 0.50000000 0.50000000
vt 0.50000000 0.50000000
vt 0.50000000 0.50000000
vt 0.50000000 0.50000000
vt 0.50000000 0.50000000
vt 0.50000000 0.50000000
vt 0.50000000 0.50000000
vt 0.50000000 0.50000000
vt 0.50000000 0.50000000
vt 0.50000000 0.50000000
vt 0.50000000 0.50000000
vt 0.50000000 0.50000000
vt 0.50000000 0.50000000
vt 0.50000000 0.50000000
vt 0.50000000 0.50000000
vt 0.50000000 0.50000000
vt 0.50000000 0.50000000
vt 0.50000000 0.50000000
vt 0.50000000 0.50000000
vt 0.50000000 0.50000000
vt 0.50000000 0.50000000
vt 0.50000000 0.50000000
vt 0.50000000 0.50000000
vt 0.50000000 0.50000000
vt 0.50000000 0.50000000
vt 0.50000000 0.50000000
vt 0.50000000 0.50000000
vt 0.50000000 0.50000000
vt 0.50000000 0.50000000
vt 0.50000000 0.50000000
vt 0.50000000 0.50000000
vt 0.50000000 0.50000000
vt 0.50000000 0.50000000
vt 0.50000000 0.50000000
vt 0.50000000 0.50000000
vt 0.50000000 0.50000000
vt 0.50000000 0.50000000
vt 0.50000000 0.50000000
vt 0.50000000 0.50000000
vt 0.50000000 0.50000000
vt 0.50000000 0.50000000
vt 0.50000000 0.50000000
vt 0.50000000 0.50000000
vt 0.50000000 0.50000000
vt 0.50000000 0.50000000
vt 0.50000000 0.50000000
vt 0.50000000 0.50000000
vt 0.50000000 0.50000000
vt 0.50000000 0.50000000
vt 0.50000000 0.50000000
vt 0.50000000 0.50000000
vt 0.50000000 0.50000000
vt 0.50000000 0.50000000
vt 0.50000000 0.50000000
vt 0.50000000 0.50000000
vt 0.50000000 0.50000000
vt 0.50000000 0.50000000
vt 0.50000000 0.50000000
vt 0.50000000 0.50000000
vt 0.50000000 0.50000000
vt 0.50000000 0.50000000
vt 0.50000000 0.50000000
vt 0.50000000 0.50000000
vt 0.50000000 0.50000000
vt 0.50000000 0.50000000
vt 0.50000000 0.50000000
vt 0.50000000 0.50000000
vt 0.50000000 0.50000000
vt 0.50000000 0.50000000
vt 0.50000000 0.50000000
vt 0.50000000 0.50000000
vt 0.50000000 0.50000000
vt 0.50000000 0.50000000
vt 0.50000000 0.50000000
vt 0.50000000 0.50000000
vt 0.50000000 0.50000000
vt 0.50000000 0.50000000
vt 0.50000000 0.50000000
vt 0.50000000 0.50000000
vt 0.50000000 0.50000000
vt 0.50000000 0.50000000
vt 0.50000000 0.50000000
vt 0.50000000 0.50000000
vt 0.50000000 0.50000000
vt 0.50000000 0.50000000
vt 0.50000000 0.50000000
vt 0.50000000 0.50000000
vt 0.50000000 0.50000000
vt 0.50000000 0.50000000
vt 0.50000000 0.50000000
vt 0.50000000 0.50000000
vt 0.50000000 0.50000000
vt 0.50000000 0.50000000
vt 0.50000000 0.50000000
vt 0.50000000 0.50000000
vt 0.50000000 0.50000000
vt 0.50000000 0.50000000
vt 0.50000000 0.50000000
vt 0.50000000 0.50000000
vt 0.50000000 0.50000000
vt 0.50000000 0.50000000
vt 0.50000000 0.50000000
vt 0.50000000 0.50000000
vt 0.50000000 0.50000000
vt 0.50000000 0.50000000
vt 0.50000000 0.50000000
vt 0.50000000 0.50000000
vt 0.50000000 0.50000000
vt 0.50000000 0.50000000
vt 0.50000000 0.50000000
vt 0.50000000 0.50000000
vt 0.50000000 0.50000000
vt 0.50000000 0.50000000
vt 0.50000000 0.50000000
vt 0.50000000 0.50000000
vt 0.50000000 0.50000000
vt 0.50000000 0.50000000
vt 0.50000000 0.50000000
vt 0.50000000 0.50000000
vt 0.50000000 0.50000000
vt 0.50000000 0.50000000
vt 0.50000000 0.50000000
vt 0.50000000 0.50000000
vt 0.50000000 0.50000000
vt 0.50000000 0.50000000
vt 0.50000000 0.50000000
vt 0.50000000 0.50000000
vt 0.50000000 0.50000000
vt 0.50000000 0.50000000
vt 0.50000000 0.50000000
vt 0.50000000 0.50000000
vt 0.50000000 0.50000000
vt 0.50000000 0.50000000
vt 0.50000000 0.50000000
vt 0.50000000 0.50000000
vt 0.50000000 0.50000000
vt 0.50000000 0.50000000
vt 0.50000000 0.50000000
vt 0.50000000 0.50000000
vt 0.50000000 0.50000000
vt 0.50000000 0.50000000
vt 0.50000000 0.50000000
vt 0.50000000 0.50000000
vt 0.50000000 0.50000000
vt 0.50000000 0.50000000
vt 0.50000000 0.50000000
vt 0.50000000 0.50000000
vt 0.50000000 0.50000000
vt 0.50000000 0.50000000
vt 0.50000000 0.50000000
vt 0.50000000 0.50000000
vt 0.50000000 0.50000000
vt 0.50000000 0.50000000
vt 0.50000000 0.50000000
vt 0.50000000 0.50000000
vt 0.50000000 0.50000000
vt 0.50000000 0.50000000
vt 0.50000000 0.50000000
vt 0.50000000 0.50000000
vt 0.50000000 0.50000000
vt 0.50000000 0.50000000
vt 0.50000000 0.50000000
vt 0.50000000 0.50000000
vt 0.50000000 0.50000000
vt 0.50000000 0.50000000
vt 0.50000000 0.50000000
vt 0.50000000 0.50000000
vt 0.50000000 0.50000000
vt 0.50000000 0.50000000
vt 0.50000000 0.50000000
vt 0.50000000 0.50000000
vt 0.50000000 0.50000000
vt 0.50000000 0.50000000
vt 0.50000000 0.50000000
vt 0.50000000 0.50000000
vt 0.50000000 0.50000000
vt 0.50000000 0.50000000
vt 0.50000000 0.50000000
vt 0.50000000 0.50000000
vt 0.50000000 0.50000000
vt 0.50000000 0.50000000
vt 0.50000000 0.50000000
vt 0.50000000 0.50000000
vt 0.50000000 0.50000000
vt 0.50000000 0.50000000
vt 0.50000000 0.50000000
vt 0.50000000 0.50000000
vt 0.50000000 0.50000000
vt 0.50000000 0.50000000
vt 0.50000000 0.50000000
vt 0.50000000 0.50000000
vt 0.50000000 0.50000000
vt 0.50000000 0.50000000
vt 0.50000000 0.50000000
vt 0.50000000 0.50000000
vt 0.50000000 0.50000000
vt 0.50000000 0.50000000
vt 0.50000000 0.50000000
vt 0.50000000 0.50000000
vt 0.50000000 0.50000000
vt 0.50000000 0.50000000
vt 0.50000000 0.50000000
vt 0.50000000 0.50000000
vt 0.50000000 0.50000000
vt 0.50000000 0.50000000
vt 0.50000000 0.50000000
vt 0.50000000 0.50000000
vt 0.50000000 0.50000000
vt 0.50000000 0.50000000
vt 0.50000000 0.50000000
vt 0.50000000 0.50000000
vt 0.50000000 0.50000000
vt 0.50000000 0.50000000
vt 0.50000000 0.50000000
vt 0.50000000 0.50000000
vt 0.50000000 0.50000000
vt 0.50000000 0.50000000
vt 0.50000000 0.50000000
vt 0.50000000 0.50000000
vt 0.50000000 0.50000000
vt 0.50000000 0.50000000
vt 0.50000000 0.50000000
vt 0.50000000 0.50000000
vt 0.50000000 0.50000000
vt 0.50000000 0.50000000
vt 0.50000000 0.50000000
vt 0.50000000 0.50000000
vt 0.50000000 0.50000000
vt 0.50000000 0.50000000
vt 0.50000000 0.50000000
vt 0.50000000 0.50000000
vt 0.50000000 0.50000000
vt 0.50000000 0.50000000
vt 0.50000000 0.50000000
vt 0.50000000 0.50000000
vt 0.50000000 0.50000000
vt 0.50000000 0.50000000
vt 0.50000000 0.50000000
vt 0.50000000 0.50000000
vt 0.50000000 0.50000000
vt 0.50000000 0.50000000
vt 0.50000000 0.50000000
vt 0.50000000 0.50000000
vt 0.50000000 0.50000000
vt 0.50000000 0.50000000
vt 0.50000000 0.50000000
vt 0.50000000 0.50000000
vt 0.50000000 0.50000000
vt 0.50000000 0.50000000
vt 0.50000000 0.50000000
vt 0.50000000 0.50000000
vt 0.50000000 0.50000000
vt 0.50000000 0.50000000
vt 0.50000000 0.50000000
vt 0.50000000 0.50000000
vt 0.50000000 0.50000000
vt 0.50000000 0.50000000
vt 0.50000000 0.50000000
vt 0.50000000 0.50000000
vt 0.50000000 0.50000000
vt 0.50000000 0.50000000
vt 0.50000000 0.50000000
vt 0.50000000 0.50000000
vt 0.50000000 0.50000000
vt 0.50000000 0.50000000
vt 0.50000000 0.50000000
vt 0.50000000 0.50000000
vt 0.50000000 0.50000000
vt 0.50000000 0.50000000
vt 0.50000000 0.50000000
vt 0.50000000 0.50000000
vt 0.50000000 0.50000000
vt 0.50000000 0.50000000
vt 0.50000000 0.50000000
vt 0.50000000 0.50000000
vt 0.50000000 0.50000000
vt 0.50000000 0.50000000
vt 0.50000000 0.50000000
vt 0.50000000 0.50000000
vt 0.50000000 0.50000000
vt 0.50000000 0.50000000
vt 0.50000000 0.50000000
vt 0.50000000 0.50000000
vt 0.50000000 0.50000000
vt 0.50000000 0.50000000
vt 0.50000000 0.50000000
vt 0.50000000 0.50000000
vt 0.50000000 0.50000000
vt 0.50000000 0.50000000
vt 0.50000000 0.50000000
vt 0.50000000 0.50000000
vt 0.50000000 0.50000000
vt 0.50000000 0.50000000
vt 0.50000000 0.50000000
vt 0.50000000 0.50000000
vt 0.50000000 0.50000000
vt 0.50000000 0.50000000
vt 0.50000000 0.50000000
vt 0.50000000 0.50000000
vt 0.50000000 0.50000000
vt 0.50000000 0.50000000
vt 0.50000000 0.50000000
vt 0.50000000 0.50000000
vt 0.50000000 0.50000000
vt 0.50000000 0.50000000
vt 0.50000000 0.50000000
vt 0.50000000 0.50000000
vt 0.50000000 0.50000000
vt 0.50000000 0.50000000
vt 0.50000000 0.50000000
vt 0.50000000 0.50000000
vt 0.50000000 0.50000000
vt 0.50000000 0.50000000
vt 0.50000000 0.50000000
vt 0.50000000 0.50000000
vt 0.50000000 0.50000000
vt 0.50000000 0.50000000
vt 0.50000000 0.50000000
vt 0.50000000 0.50000000
vt 0.50000000 0.50000000
vt 0.50000000 0.50000000
vt 0.50000000 0.50000000
vt 0.50000000 0.50000000
vt 0.50000000 0.50000000
vt 0.50000000 0.50000000
vt 0.50000000 0.50000000
vt 0.50000000 0.50000000
vt 0.50000000 0.50000000
vt 0.50000000 0.50000000
vt 0.50000000 0.50000000
vt 0.50000000 0.50000000
vt 0.50000000 0.50000000
vt 0.50000000 0.50000000
vt 0.50000000 0.50000000
vt 0.50000000 0.50000000
vt 0.50000000 0.50000000
vt 0.50000000 0.50000000
vt 0.50000000 0.50000000
vt 0.50000000 0.50000000
vt 0.50000000 0.50000000
vt 0.50000000 0.50000000
vt 0.50000000 0.50000000
vt 0.50000000 0.50000000
vt 0.50000000 0.50000000
vt 0.50000000 0.50000000
vt 0.50000000 0.50000000
vt 0.50000000 0.50000000
vt 0.50000000 0.50000000
vt 0.50000000 0.50000000
vt 0.50000000 0.50000000
vt 0.50000000 0.50000000
vt 0.50000000 0.50000000
vt 0.50000000 0.50000000
vt 0.50000000 0.50000000
vt 0.50000000 0.50000000
vt 0.50000000 0.50000000
vt 0.50000000 0.50000000
vt 0.50000000 0.50000000
vt 0.50000000 0.50000000
vt 0.50000000 0.50000000
vt 0.50000000 0.50000000
vt 0.50000000 0.50000000
vt 0.50000000 0.50000000
vt 0.50000000 0.50000000
vt 0.50000000 0.50000000
vt 0.50000000 0.50000000
vt 0.50000000 0.50000000
vt 0.50000000 0.50000000
vt 0.50000000 0.50000000
vt 0.50000000 0.50000000
vt 0.50000000 0.50000000
vt 0.50000000 0.50000000
vt 0.50000000 0.50000000
vt 0.50000000 0.50000000
vt 0.50000000 0.50000000
vt 0.50000000 0.50000000
vt 0.50000000 0.50000000
vt 0.50000000 0.50000000
vt 0.50000000 0.50000000
vt 0.50000000 0.50000000
vt 0.50000000 0.50000000
vt 0.50000000 0.50000000
vt 0.50000000 0.50000000
vt 0.50000000 0.50000000
vt 0.50000000 0.50000000
vt 0.50000000 0.50000000
vt 0.50000000 0.50000000
vt 0.50000000 0.50000000
vt 0.50000000 0.50000000
vt 0.50000000 0.50000000
vt 0.50000000 0.50000000
vt 0.50000000 0.50000000
vt 0.50000000 0.50000000
vt 0.50000000 0.50000000
vt 0.50000000 0.50000000
vt 0.50000000 0.50000000
vt 0.50000000 0.50000000
vt 0.50000000 0.50000000
vt 0.50000000 0.50000000
vt 0.50000000 0.50000000
vt 0.50000000 0.50000000
vt 0.50000000 0.50000000
vt 0.50000000 0.50000000
vt 0.50000000 0.50000000
vt 0.50000000 0.50000000
vt 0.50000000 0.50000000
vt 0.50000000 0.50000000
vt 0.50000000 0.50000000
vt 0.50000000 0.50000000
vt 0.50000000 0.50000000
vt 0.50000000 0.50000000
vt 0.50000000 0.50000000
vt 0.50000000 0.50000000
vt 0.50000000 0.50000000
vt 0.50000000 0.50000000
vt 0.50000000 0.50000000
vt 0.50000000 0.50000000
vt 0.50000000 0.50000000
vt 0.50000000 0.50000000
vt 0.50000000 0.50000000
vt 0.50000000 0.50000000
vt 0.50000000 0.50000000
vt 0.50000000 0.50000000
vt 0.50000000 0.50000000
vt 0.50000000 0.50000000
vt 0.50000000 0.50000000
vt 0.50000000 0.50000000
vt 0.50000000 0.50000000
vt 0.50000000 0.50000000
vt 0.50000000 0.50000000
vt 0.50000000 0.50000000
vt 0.50000000 0.50000000
vt 0.50000000 0.50000000
vt 0.50000000 0.50000000
vt 0.50000000 0.50000000
vt 0.50000000 0.50000000
vt 0.50000000 0.50000000
vt 0.50000000 0.50000000
vt 0.50000000 0.50000000
vt 0.50000000 0.50000000
vt 0.50000000 0.50000000
vt 0.50000000 0.50000000
vt 0.50000000 0.50000000
vt 0.50000000 0.50000000
vt 0.50000000 0.50000000
vt 0.50000000 0.50000000
vt 0.50000000 0.50000000
vt 0.50000000 0.50000000
vt 0.50000000 0.50000000
vt 0.50000000 0.50000000
vt 0.50000000 0.50000000
vt 0.50000000 0.50000000
vt 0.50000000 0.50000000
vt 0.50000000 0.50000000
vt 0.50000000 0.50000000
vt 0.50000000 0.50000000
vt 0.50000000 0.50000000
vt 0.50000000 0.50000000
vt 0.50000000 0.50000000
vt 0.50000000 0.50000000
vt 0.50000000 0.50000000
vt 0.50000000 0.50000000
vt 0.50000000 0.50000000
vt 0.50000000 0.50000000
vt 0.50000000 0.50000000
vt 0.50000000 0.50000000
vt 0.50000000 0.50000000
vt 0.50000000 0.50000000
vt 0.50000000 0.50000000
vt 0.50000000 0.50000000
vt 0.50000000 0.50000000
vt 0.50000000 0.50000000
vt 0.50000000 0.50000000
vt 0.50000000 0.50000000
vt 0.50000000 0.50000000
vt 0.50000000 0.50000000
vt 0.50000000 0.50000000
vt 0.50000000 0.50000000
vt 0.50000000 0.50000000
vt 0.50000000 0.50000000
vt 0.50000000 0.50000000
vt 0.50000000 0.50000000
vt 0.50000000 0.50000000
vt 0.50000000 0.50000000
vt 0.50000000 0.50000000
vt 0.50000000 0.50000000
vt 0.50000000 0.50000000
vt 0.50000000 0.50000000
vt 0.50000000 0.50000000
vt 0.50000000 0.50000000
vt 0.50000000 0.50000000
vt 0.50000000 0.50000000
vt 0.50000000 0.50000000
vt 0.50000000 0.50000000
vt 0.50000000 0.50000000
vt 0.50000000 0.50000000
vt 0.50000000 0.50000000
vt 0.50000000 0.50000000
vt 0.50000000 0.50000000
vt 0.50000000 0.50000000
vt 0.50000000 0.50000000
vt 0.50000000 0.50000000
vt 0.50000000 0.50000000
vt 0.50000000 0.50000000
vt 0.50000000 0.50000000
vt 0.50000000 0.50000000
vt 0.50000000 0.50000000
vt 0.50000000 0.50000000
vt 0.50000000 0.50000000
vt 0.50000000 0.50000000
vt 0.50000000 0.50000000
vt 0.50000000 0.50000000
vt 0.50000000 0.50000000
vt 0.50000000 0.50000000
vt 0.50000000 0.50000000
vt 0.50000000 0.50000000
vt 0.50000000 0.50000000
vt 0.50000000 0.50000000
vt 0.50000000 0.50000000
vt 0.50000000 0.50000000
vt 0.50000000 0.50000000
vt 0.50000000 0.50000000
vt 0.50000000 0.50000000
vt 0.50000000 0.50000000
vt 0.50000000 0.50000000
vt 0.50000000 0.50000000
vt 0.50000000 0.50000000
vt 0.50000000 0.50000000
vt 0.50000000 0.50000000
vt 0.50000000 0.50000000
vt 0.50000000 0.50000000
vt 0.50000000 0.50000000
vt 0.50000000 0.50000000
vt 0.50000000 0.50000000
vt 0.50000000 0.50000000
vt 0.50000000 0.50000000
vt 0.50000000 0.50000000
vt 0.50000000 0.50000000
vt 0.50000000 0.50000000
vt 0.50000000 0.50000000
vt 0.50000000 0.50000000
vt 0.50000000 0.50000000
vt 0.50000000 0.50000000
vt 0.50000000 0.50000000
vt 0.50000000 0.50000000
vt 0.50000000 0.50000000
vt 0.50000000 0.50000000
vt 0.50000000 0.50000000
vt 0.50000000 0.50000000
vt 0.50000000 0.50000000
vt 0.50000000 0.50000000
vt 0.50000000 0.50000000
vt 0.50000000 0.50000000
vt 0.50000000 0.50000000
vt 0.50000000 0.50000000
vt 0.50000000 0.50000000
vt 0.50000000 0.50000000
vt 0.50000000 0.50000000
vt 0.50000000 0.50000000
vt 0.50000000 0.50000000
vt 0.50000000 0.50000000
vt 0.50000000 0.50000000
vt 0.50000000 0.50000000
vt 0.50000000 0.50000000
vt 0.50000000 0.50000000
vt 0.50000000 0.50000000
vt 0.50000000 0.50000000
vt 0.50000000 0.50000000
vt 0.50000000 0.50000000
vt 0.50000000 0.50000000
vt 0.50000000 0.50000000
vt 0.50000000 0.50000000
vt 0.50000000 0.50000000
vt 0.50000000 0.50000000
vt 0.50000000 0.50000000
vt 0.50000000 0.50000000
vt 0.50000000 0.50000000
vt 0.50000000 0.50000000
vt 0.50000000 0.50000000
vt 0.50000000 0.50000000
vt 0.50000000 0.50000000
vt 0.50000000 0.50000000
vt 0.50000000 0.50000000
vt 0.50000000 0.50000000
vt 0.50000000 0.50000000
vt 0.50000000 0.50000000
vt 0.50000000 0.50000000
vt 0.50000000 0.50000000
vt 0.50000000 0.50000000
vt 0.50000000 0.50000000
vt 0.50000000 0.50000000
vt 0.50000000 0.50000000
vt 0.50000000 0.50000000
vt 0.50000000 0.50000000
vt 0.50000000 0.50000000
vt 0.50000000 0.50000000
vt 0.50000000 0.50000000
vt 0.50000000 0.50000000
vt 0.50000000 0.50000000
vt 0.50000000 0.50000000
vt 0.50000000 0.50000000
vt 0.50000000 0.50000000
vt 0.50000000 0.50000000
vt 0.50000000 0.50000000
vt 0.50000000 0.50000000
vt 0.50000000 0.50000000
vt 0.50000000 0.50000000
vt 0.50000000 0.50000000
vt 0.50000000 0.50000000
vt 0.50000000 0.50000000
vt 0.50000000 0.50000000
vt 0.50000000 0.50000000
vt 0.50000000 0.50000000
vt 0.50000000 0.50000000
vt 0.50000000 0.50000000
vt 0.50000000 0.50000000
vt 0.50000000 0.50000000
vt 0.50000000 0.50000000
vt 0.50000000 0.50000000
vt 0.50000000 0.50000000
vt 0.50000000 0.50000000
vt 0.50000000 0.50000000
vt 0.50000000 0.50000000
vt 0.50000000 0.50000000
vt 0.50000000 0.50000000
vt 0.50000000 0.50000000
vt 0.50000000 0.50000000
vt 0.50000000 0.50000000
vt 0.50000000 0.50000000
vt 0.50000000 0.50000000
vt 0.50000000 0.50000000
vt 0.50000000 0.50000000
vt 0.50000000 0.50000000
vt 0.50000000 0.50000000
vt 0.50000000 0.50000000
vt 0.50000000 0.50000000
vt 0.50000000 0.50000000
vt 0.50000000 0.50000000
vt 0.50000000 0.50000000
vt 0.50000000 0.50000000
vt 0.50000000 0.50000000
vt 0.50000000 0.50000000
vt 0.50000000 0.50000000
vt 0.50000000 0.50000000
vt 0.50000000 0.50000000
vt 0.50000000 0.50000000
vt 0.50000000 0.50000000
vt 0.50000000 0.50000000
vt 0.50000000 0.50000000
vt 0.50000000 0.50000000
vt 0.50000000 0.50000000
vt 0.50000000 0.50000000
vt 0.50000000 0.50000000
vt 0.50000000 0.50000000
vt 0.50000000 0.50000000
vt 0.50000000 0.50000000
vt 0.50000000 0.50000000
vt 0.50000000 0.50000000
vt 0.50000000 0.50000000
vt 0.50000000 0.50000000
vt 0.50000000 0.50000000
vt 0.50000000 0.50000000
vt 0.50000000 0.50000000
vt 0.50000000 0.50000000
vt 0.50000000 0.50000000
vt 0.50000000 0.50000000
vt 0.50000000 0.50000000
vt 0.50000000 0.50000000
vt 0.50000000 0.50000000
vt 0.50000000 0.50000000
vt 0.50000000 0.50000000
vt 0.50000000 0.50000000
vt 0.50000000 0.50000000
vt 0.50000000 0.50000000
vt 0.50000000 0.50000000
vt 0.50000000 0.50000000
vt 0.50000000 0.50000000
vt 0.50000000 0.50000000
vt 0.50000000 0.50000000
vt 0.50000000 0.50000000
vt 0.50000000 0.50000000
vt 0.50000000 0.50000000
vt 0.50000000 0.50000000
vt 0.50000000 0.50000000
vt 0.50000000 0.50000000
vt 0.50000000 0.50000000
vt 0.50000000 0.50000000
vt 0.50000000 0.50000000
vt 0.50000000 0.50000000
vt 0.50000000 0.50000000
vt 0.50000000 0.50000000
vt 0.50000000 0.50000000
vt 0.50000000 0.50000000
vt 0.50000000 0.50000000
vt 0.50000000 0.50000000
vt 0.50000000 0.50000000
vt 0.50000000 0.50000000
vt 0.50000000 0.50000000
vt 0.50000000 0.50000000
vt 0.50000000 0.50000000
vt 0.50000000 0.50000000
vt 0.50000000 0.50000000
vt 0.50000000 0.50000000
vt 0.50000000 0.50000000
vt 0.50000000 0.50000000
vt 0.50000000 0.50000000
vt 0.50000000 0.50000000
vt 0.50000000 0.50000000
vt 0.50000000 0.50000000
vt 0.50000000 0.50000000
vt 0.50000000 0.50000000
vt 0.50000000 0.50000000
vt 0.50000000 0.50000000
vt 0.50000000 0.50000000
vt 0.50000000 0.50000000
vt 0.50000000 0.50000000
vt 0.50000000 0.50000000
vt 0.50000000 0.50000000
vt 0.50000000 0.50000000
vt 0.50000000 0.50000000
vt 0.50000000 0.50000000
vt 0.50000000 0.50000000
vt 0.50000000 0.50000000
vt 0.50000000 0.50000000
vt 0.50000000 0.50000000
vt 0.50000000 0.50000000
vt 0.50000000 0.50000000
vt 0.50000000 0.50000000
vt 0.50000000 0.50000000
vt 0.50000000 0.50000000
vt 0.50000000 0.50000000
vt 0.50000000 0.50000000
vt 0.50000000 0.50000000
vt 0.50000000 0.50000000
vt 0.50000000 0.50000000
vt 0.50000000 0.50000000
vt 0.50000000 0.50000000
vt 0.50000000 0.50000000
vt 0.50000000 0.50000000
vt 0.50000000 0.50000000
vt 0.50000000 0.50000000
vt 0.50000000 0.50000000
vt 0.50000000 0.50000000
vt 0.50000000 0.50000000
vt 0.50000000 0.50000000
vt 0.50000000 0.50000000
vt 0.50000000 0.50000000
vt 0.50000000 0.50000000
vt 0.50000000 0.50000000
vt 0.50000000 0.50000000
vt 0.50000000 0.50000000
vt 0.50000000 0.50000000
vt 0.50000000 0.50000000
vt 0.50000000 0.50000000
vt 0.50000000 0.50000000
vt 0.50000000 0.50000000
vt 0.50000000 0.50000000
vt 0.50000000 0.50000000
vt 0.50000000 0.50000000
vt 0.50000000 0.50000000
vt 0.50000000 0.50000000
vt 0.50000000 0.50000000
vt 0.50000000 0.50000000
vt 0.50000000 0.50000000
vt 0.50000000 0.50000000
vt 0.50000000 0.50000000
vt 0.50000000 0.50000000
vt 0.50000000 0.50000000
vt 0.50000000 0.50000000
vt 0.50000000 0.50000000
vt 0.50000000 0.50000000
vt 0.50000000 0.50000000
vt 0.50000000 0.50000000
vt 0.50000000 0.50000000
vt 0.50000000 0.50000000
vt 0.50000000 0.50000000
vt 0.50000000 0.50000000
vt 0.50000000 0.50000000
vt 0.50000000 0.50000000
vt 0.50000000 0.50000000
vt 0.50000000 0.50000000
vt 0.50000000 0.50000000
vt 0.50000000 0.50000000
vt 0.50000000 0.50000000
vt 0.50000000 0.50000000
vt 0.50000000 0.50000000
vt 0.50000000 0.50000000
vt 0.50000000 0.50000000
vt 0.50000000 0.50000000
vt 0.50000000 0.50000000
vt 0.50000000 0.50000000
vt 0.50000000 0.50000000
vt 0.50000000 0.50000000
vt 0.50000000 0.50000000
vt 0.50000000 0.50000000
vt 0.50000000 0.50000000
vt 0.50000000 0.50000000
vt 0.50000000 0.50000000
vt 0.50000000 0.50000000
vt 0.50000000 0.50000000
vt 0.50000000 0.50000000
vt 0.50000000 0.50000000
vt 0.50000000 0.50000000
vt 0.50000000 0.50000000
vt 0.50000000 0.50000000
vt 0.50000000 0.50000000
vt 0.50000000 0.50000000
vt 0.50000000 0.50000000
vt 0.50000000 0.50000000
vt 0.50000000 0.50000000
vt 0.50000000 0.50000000
vt 0.50000000 0.50000000
vt 0.50000000 0.50000000
vt 0.50000000 0.50000000
vt 0.50000000 0.50000000
vt 0.50000000 0.50000000
vt 0.50000000 0.50000000
vt 0.50000000 0.50000000
vt 0.50000000 0.50000000
vt 0.50000000 0.50000000
vt 0.50000000 0.50000000
vt 0.50000000 0.50000000
vt 0.50000000 0.50000000
vt 0.50000000 0.50000000
vt 0.50000000 0.50000000
vt 0.50000000 0.50000000
vt 0.50000000 0.50000000
vt 0.50000000 0.50000000
vt 0.50000000 0.50000000
vt 0.50000000 0.50000000
vt 0.50000000 0.50000000
vt 0.50000000 0.50000000
vt 0.50000000 0.50000000
vt 0.50000000 0.50000000
vt 0.50000000 0.50000000
vt 0.50000000 0.50000000
vt 0.50000000 0.50000000
f 1/1 2/2 3/3
f 4/4 5/5 6/6
f 7/7 5/5 4/4
f 8/8 5/5 7/7
f 9/9 5/5 8/8
f 10/10 5/5 9/9
f 2/2 5/5 10/10
f 1/1 5/5 2/2
f 6/6 11/11 12/12
f 5/5 11/11 6/6
f 13/13 14/14 15/15
f 16/16 17/17 18/18
f 19/19 20/20 21/21
f 22/22 23/23 24/24
f 25/25 16/16 18/18
f 26/26 27/27 28/28
f 29/29 22/22 24/24
f 30/30 27/27 26/26
f 31/31 32/32 33/33
f 34/34 35/35 36/36
f 37/37 38/38 39/39
f 40/40 41/41 42/42
f 43/43 44/44 45/45
f 46/46 47/47 48/48
f 49/49 50/50 51/51
f 52/52 49/49 51/51
f 53/53 52/52 51/51
f 54/54 53/53 51/51
f 55/55 54/54 51/51
f 56/56 55/55 51/51
f 57/57 56/56 51/51
f 58/58 56/56 57/57
f 59/59 60/60 61/61
f 59/59 61/61 62/62
f 63/63 64/64 65/65
f 66/66 63/63 65/65
f 67/67 68/68 69/69
f 70/70 71/71 72/72
f 67/67 73/73 68/68
f 74/74 70/70 72/72
f 75/75 76/76 77/77
f 75/75 78/78 76/76
f 79/79 80/80 81/81
f 79/79 82/82 80/80
f 83/83 84/84 85/85
f 83/83 86/86 84/84
f 87/87 88/88 89/89
f 90/90 91/91 92/92
f 87/87 93/93 88/88
f 94/94 90/90 92/92
f 95/95 96/96 97/97
f 95/95 98/98 96/96
f 99/99 100/100 101/101
f 102/102 103/103 104/104
f 99/99 105/105 100/100
f 106/106 102/102 104/104
f 107/107 108/108 109/109
f 110/110 107/107 109/109
f 111/111 112/112 113/113
f 114/114 115/115 116/116
f 117/117 118/118 119/119
f 120/120 121/121 122/122
f 123/123 124/124 125/125
f 126/126 127/127 128/128
f 129/129 130/130 131/131
f 132/132 127/127 133/133
f 134/134 135/135 136/136
f 137/137 138/138 139/139
f 140/140 141/141 142/142
f 143/143 144/144 145/145
f 146/146 147/147 148/148
f 149/149 150/150 151/151
f 152/152 153/153 154/154
f 155/155 156/156 157/157
f 158/158 159/159 160/160
f 161/161 162/162 163/163
f 164/164 165/165 166/166
f 167/167 168/168 169/169
f 170/170 168/168 167/167
f 171/171 168/168 170/170
f 172/172 173/173 174/174
f 175/175 176/176 177/177
f 177/177 176/176 178/178
f 179/179 180/180 181/181
f 182/182 183/183 184/184
f 185/185 186/186 187/187
f 188/188 189/189 190/190
f 191/191 192/192 193/193
f 193/193 192/192 194/194
f 195/195 196/196 197/197
f 198/198 199/199 200/200
f 201/201 202/202 203/203
f 204/204 205/205 206/206
f 207/207 208/208 209/209
f 206/206 205/205 210/210
f 176/176 211/211 178/178
f 212/212 213/213 214/214
f 215/215 216/216 217/217
f 218/218 212/212 214/214
f 219/219 220/220 221/221
f 222/222 223/223 224/224
f 225/225 226/226 227/227
f 228/228 229/229 230/230
f 231/231 232/232 233/233
f 234/234 225/225 227/227
f 235/235 236/236 237/237
f 238/238 222/222 224/224
f 239/239 240/240 241/241
f 242/242 239/239 241/241
f 242/242 243/243 239/239
f 242/242 244/244 243/243
f 242/242 245/245 244/244
f 242/242 246/246 245/245
f 242/242 247/247 246/246
f 248/248 247/247 242/242
f 249/249 247/247 248/248
f 250/250 247/247 249/249
f 251/251 247/247 250/250
f 252/252 247/247 251/251
f 253/253 247/247 252/252
f 253/253 254/254 247/247
f 255/255 254/254 253/253
f 256/256 254/254 255/255
f 257/257 254/254 256/256
f 258/258 254/254 257/257
f 259/259 260/260 254/254
f 259/259 261/261 260/260
f 259/259 262/262 261/261
f 259/259 263/263 262/262
f 259/259 264/264 263/263
f 259/259 254/254 258/258
f 265/265 266/266 267/267
f 265/265 267/267 264/264
f 265/265 264/264 259/259
f 268/268 266/266 265/265
f 269/269 270/270 266/266
f 269/269 271/271 270/270
f 269/269 266/266 268/268
f 272/272 271/271 269/269
f 273/273 274/274 271/271
f 273/273 275/275 274/274
f 273/273 271/271 272/272
f 276/276 275/275 273/273
f 277/277 278/278 275/275
f 277/277 275/275 276/276
f 279/279 280/280 278/278
f 279/279 281/281 280/280
f 279/279 278/278 277/277
f 282/282 283/283 281/281
f 282/282 281/281 279/279
f 284/284 283/283 282/282
f 285/285 286/286 283/283
f 285/285 283/283 284/284
f 287/287 288/288 286/286
f 287/287 286/286 285/285
f 289/289 288/288 287/287
f 290/290 288/288 289/289
f 291/291 290/290 289/289
f 292/292 290/290 291/291
f 293/293 290/290 292/292
f 294/294 290/290 293/293
f 295/295 290/290 294/294
f 296/296 290/290 295/295
f 297/297 298/298 299/299
f 297/297 299/299 300/300
f 297/297 300/300 301/301
f 302/302 290/290 296/296
f 303/303 290/290 302/302
f 304/304 290/290 303/303
f 305/305 290/290 304/304
f 306/306 290/290 305/305
f 307/307 290/290 306/306
f 308/308 290/290 307/307
f 309/309 310/310 290/290
f 309/309 290/290 308/308
f 311/311 312/312 310/310
f 311/311 310/310 309/309
f 313/313 312/312 311/311
f 314/314 315/315 316/316
f 314/314 316/316 312/312
f 314/314 312/312 313/313
f 317/317 318/318 315/315
f 317/317 315/315 314/314
f 319/319 301/301 318/318
f 319/319 297/297 301/301
f 319/319 318/318 317/317
f 320/320 297/297 319/319
f 321/321 297/297 320/320
f 322/322 297/297 321/321
f 323/323 297/297 322/322
f 324/324 297/297 323/323
f 325/325 297/297 324/324
f 326/326 297/297 325/325
f 327/327 297/297 326/326
f 328/328 297/297 327/327
f 329/329 297/297 328/328
f 329/329 328/328 330/330
f 329/329 330/330 331/331
f 329/329 331/331 332/332
f 329/329 332/332 333/333
f 329/329 333/333 334/334
f 335/335 336/336 337/337
f 337/337 338/338 339/339
f 337/337 340/340 338/338
f 338/338 340/340 341/341
f 342/342 343/343 344/344
f 337/337 345/345 340/340
f 336/336 346/346 337/337
f 347/347 346/346 348/348
f 349/349 346/346 347/347
f 345/345 346/346 349/349
f 337/337 346/346 345/345
f 350/350 346/346 336/336
f 351/351 352/352 353/353
f 346/346 352/352 351/351
f 354/354 355/355 356/356
f 357/357 355/355 358/358
f 352/352 355/355 357/357
f 350/350 355/355 346/346
f 344/344 355/355 350/350
f 343/343 355/355 344/344
f 356/356 355/355 343/343
f 346/346 355/355 352/352
f 359/359 360/360 361/361
f 362/362 360/360 359/359
f 363/363 364/364 365/365
f 366/366 364/364 363/363
f 366/366 367/367 364/364
f 366/366 368/368 367/367
f 369/369 370/370 371/371
f 368/368 370/370 369/369
f 366/366 370/370 368/368
f 372/372 373/373 374/374
f 375/375 373/373 372/372
f 376/376 373/373 375/375
f 370/370 373/373 376/376
f 366/366 373/373 370/370
f 373/373 377/377 378/378
f 373/373 379/379 377/377
f 373/373 380/380 379/379
f 373/373 381/381 380/380
f 373/373 382/382 381/381
f 373/373 383/383 382/382
f 366/366 383/383 373/373
f 384/384 385/385 386/386
f 383/383 385/385 384/384
f 383/383 387/387 385/385
f 388/388 387/387 389/389
f 385/385 387/387 388/388
f 383/383 390/390 387/387
f 387/387 390/390 391/391
f 390/390 392/392 393/393
f 390/390 394/394 392/392
f 392/392 394/394 395/395
f 390/390 396/396 394/394
f 383/383 397/397 390/390
f 390/390 397/397 396/396
f 398/398 399/399 400/400
f 397/397 399/399 398/398
f 361/361 401/401 402/402
f 402/402 401/401 403/403
f 403/403 401/401 354/354
f 355/355 401/401 366/366
f 354/354 401/401 355/355
f 360/360 401/401 361/361
f 366/366 404/404 383/383
f 383/383 404/404 397/397
f 405/405 404/404 406/406
f 399/399 404/404 405/405
f 401/401 404/404 366/366
f 397/397 404/404 399/399
f 401/401 407/407 404/404
f 407/407 408/408 404/404
f 408/408 409/409 404/404
f 409/409 410/410 404/404
f 410/410 411/411 404/404
f 411/411 412/412 404/404
f 412/412 413/413 404/404
f 413/413 414/414 404/404
f 414/414 415/415 404/404
f 415/415 416/416 404/404
f 416/416 417/417 404/404
f 417/417 418/418 404/404
f 418/418 419/419 404/404
f 419/419 420/420 404/404
f 420/420 421/421 404/404
f 421/421 422/422 404/404
f 422/422 423/423 404/404
f 423/423 424/424 404/404
f 424/424 425/425 404/404
f 425/425 426/426 404/404
f 426/426 427/427 404/404
f 427/427 428/428 404/404
f 428/428 429/429 404/404
f 429/429 430/430 404/404
f 430/430 431/431 404/404
f 431/431 432/432 404/404
f 432/432 433/433 404/404
f 433/433 434/434 404/404
f 435/435 404/404 436/436
f 436/436 404/404 434/434
f 437/437 438/438 439/439
f 440/440 437/437 439/439
f 441/441 437/437 440/440
f 442/442 443/443 444/444
f 442/442 444/444 445/445
f 442/442 445/445 446/446
f 447/447 448/448 449/449
f 450/450 451/451 452/452
f 452/452 451/451 453/453
f 453/453 451/451 454/454
f 454/454 451/451 455/455
f 455/455 451/451 448/448
f 448/448 451/451 449/449
f 450/450 456/456 451/451
f 450/450 457/457 456/456
f 450/450 458/458 457/457
f 450/450 459/459 458/458
f 450/450 460/460 459/459
f 450/450 461/461 460/460
f 462/462 461/461 450/450
f 462/462 463/463 461/461
f 462/462 464/464 463/463
f 462/462 465/465 464/464
f 462/462 466/466 465/465
f 467/467 468/468 469/469
f 469/469 468/468 470/470
f 470/470 468/468 471/471
f 471/471 468/468 472/472
f 472/472 468/468 462/462
f 462/462 468/468 466/466
f 467/467 473/473 468/468
f 474/474 473/473 475/475
f 475/475 473/473 467/467
f 474/474 476/476 473/473
f 477/477 478/478 474/474
f 474/474 478/478 476/476
f 479/479 480/480 477/477
f 477/477 480/480 478/478
f 481/481 482/482 479/479
f 479/479 482/482 480/480
f 483/483 484/484 485/485
f 485/485 484/484 481/481
f 481/481 484/484 482/482
f 486/486 487/487 483/483
f 483/483 487/487 484/484
f 486/486 488/488 487/487
f 489/489 490/490 491/491
f 491/491 490/490 486/486
f 486/486 490/490 488/488
f 492/492 493/493 489/489
f 489/489 493/493 490/490
f 492/492 494/494 493/493
f 495/495 496/496 492/492
f 492/492 496/496 494/494
f 495/495 497/497 496/496
f 495/495 498/498 497/497
f 498/498 499/499 497/497
f 500/500 501/501 502/502
f 500/500 502/502 503/503
f 504/504 505/505 506/506
f 504/504 507/507 505/505
f 508/508 509/509 510/510
f 508/508 511/511 509/509
f 512/512 513/513 514/514
f 512/512 515/515 513/513
f 516/516 517/517 518/518
f 516/516 519/519 517/517
f 520/520 521/521 522/522
f 520/520 523/523 521/521
f 524/524 525/525 526/526
f 524/524 527/527 525/525
f 528/528 529/529 530/530
f 528/528 531/531 529/529
f 532/532 533/533 534/534
f 532/532 535/535 533/533
f 536/536 537/537 538/538
f 536/536 539/539 537/537
f 540/540 541/541 542/542
f 540/540 543/543 541/541
f 544/544 545/545 546/546
f 547/547 545/545 544/544
f 548/548 549/549 550/550
f 551/551 552/552 553/553
f 554/554 548/548 550/550
f 555/555 556/556 557/557
f 558/558 551/551 553/553
f 559/559 560/560 561/561
f 562/562 555/555 557/557
f 563/563 559/559 561/561
f 564/564 565/565 566/566
f 564/564 567/567 565/565
f 568/568 569/569 570/570
f 568/568 571/571 569/569
f 572/572 573/573 574/574
f 575/575 576/576 577/577
f 572/572 578/578 573/573
f 579/579 575/575 577/577
f 580/580 581/581 582/582
f 580/580 583/583 581/581
f 584/584 585/585 586/586
f 584/584 587/587 585/585
f 588/588 589/589 590/590
f 588/588 591/591 589/589
f 592/592 593/593 594/594
f 595/595 596/596 597/597
f 598/598 592/592 594/594
f 599/599 600/600 601/601
f 602/602 595/595 597/597
f 603/603 604/604 605/605
f 606/606 599/599 601/601
f 607/607 608/608 609/609
f 610/610 603/603 605/605
f 611/611 612/612 613/613
f 614/614 607/607 609/609
f 615/615 616/616 617/617
f 618/618 619/619 620/620
f 621/621 622/622 623/623
f 624/624 625/625 626/626
f 627/627 628/628 629/629
f 630/630 621/621 623/623
f 631/631 632/632 633/633
f 634/634 635/635 636/636
f 637/637 638/638 639/639
f 640/640 641/641 642/642
f 643/643 644/644 645/645
f 646/646 647/647 648/648
f 649/649 650/650 651/651
f 652/652 653/653 654/654
f 655/655 656/656 657/657
f 658/658 659/659 660/660
f 661/661 662/662 663/663
f 664/664 665/665 666/666
f 667/667 668/668 669/669
f 670/670 671/671 672/672
f 673/673 674/674 675/675
f 676/676 677/677 678/678
f 679/679 680/680 681/681
f 682/682 683/683 684/684
f 685/685 686/686 687/687
f 688/688 689/689 690/690
f 691/691 692/692 693/693
f 694/694 695/695 696/696
f 697/697 698/698 699/699
f 700/700 698/698 697/697
f 701/701 702/702 703/703
f 704/704 705/705 706/706
f 707/707 708/708 709/709
f 710/710 711/711 712/712
f 713/713 714/714 715/715
f 716/716 707/707 709/709
f 717/717 718/718 719/719
f 717/717 720/720 718/718
f 721/721 722/722 720/720
f 721/721 720/720 717/717
f 723/723 722/722 721/721
f 724/724 723/723 725/725
f 724/724 725/725 726/726
f 724/724 722/722 723/723
f 727/727 728/728 729/729
f 727/727 729/729 730/730
f 731/731 732/732 728/728
f 731/731 728/728 727/727
f 733/733 734/734 732/732
f 733/733 732/732 731/731
f 735/735 736/736 734/734
f 735/735 734/734 733/733
f 737/737 736/736 735/735
f 738/738 736/736 737/737
f 739/739 736/736 738/738
f 740/740 736/736 739/739
f 741/741 736/736 740/740
f 742/742 736/736 741/741
f 743/743 736/736 742/742
f 744/744 736/736 743/743
f 745/745 736/736 744/744
f 746/746 736/736 745/745
f 747/747 736/736 746/746
f 748/748 736/736 747/747
f 749/749 736/736 748/748
f 750/750 736/736 749/749
f 751/751 736/736 750/750
f 752/752 736/736 751/751
f 753/753 736/736 752/752
f 754/754 736/736 753/753
f 755/755 756/756 757/757
f 755/755 757/757 758/758
f 755/755 758/758 724/724
f 755/755 726/726 736/736
f 755/755 736/736 754/754
f 755/755 724/724 726/726
f 759/759 760/760 761/761
f 762/762 760/760 759/759
f 763/763 764/764 765/765
f 763/763 765/765 766/766
f 767/767 768/768 769/769
f 770/770 771/771 772/772
f 773/773 774/774 775/775
f 776/776 777/777 778/778
f 779/779 780/780 781/781
f 782/782 783/783 784/784
f 785/785 774/774 786/786
f 787/787 788/788 789/789
f 790/790 791/791 792/792
f 793/793 788/788 794/794
f 795/795 796/796 797/797
f 798/798 799/799 800/800
f 801/801 802/802 803/803
f 804/804 805/805 806/806
f 807/807 805/805 808/808
f 790/790 809/809 791/791
f 796/796 810/810 797/797
f 811/811 812/812 813/813
f 814/814 815/815 816/816
f 817/817 818/818 819/819
f 820/820 815/815 821/821
f 822/822 823/823 824/824
f 813/813 812/812 825/825
f 826/826 827/827 828/828
f 829/829 830/830 831/831
f 832/832 833/833 834/834
f 835/835 827/827 836/836
f 837/837 830/830 838/838
f 839/839 840/840 841/841
f 842/842 843/843 844/844
f 845/845 846/846 847/847
f 848/848 849/849 850/850
f 851/851 852/852 853/853
f 851/851 853/853 854/854
f 855/855 856/856 857/857
f 858/858 859/859 860/860
f 861/861 862/862 863/863
f 864/864 865/865 866/866
f 867/867 868/868 869/869
f 870/870 871/871 872/872
f 873/873 874/874 875/875
f 876/876 877/877 878/878
f 879/879 880/880 881/881
f 882/882 883/883 884/884
f 885/885 886/886 887/887
f 888/888 889/889 890/890
f 891/891 892/892 893/893
f 894/894 895/895 896/896
f 897/897 898/898 899/899
f 900/900 901/901 902/902
f 903/903 904/904 905/905
f 906/906 900/900 902/902
f 907/907 908/908 909/909
f 910/910 911/911 912/912
f 913/913 914/914 915/915
f 916/916 917/917 918/918
f 919/919 920/920 921/921
f 922/922 923/923 924/924
f 925/925 926/926 927/927
f 928/928 929/929 930/930
f 931/931 932/932 933/933
f 934/934 925/925 927/927
f 935/935 936/936 937/937
f 938/938 939/939 940/940
f 941/941 942/942 943/943
f 944/944 945/945 946/946
f 947/947 948/948 949/949
f 950/950 951/951 952/952
f 953/953 954/954 955/955
f 956/956 957/957 958/958
f 959/959 950/950 952/952
f 960/960 961/961 962/962
f 963/963 964/964 965/965
f 966/966 967/967 968/968
f 969/969 970/970 971/971
f 972/972 973/973 974/974
f 975/975 976/976 977/977
f 978/978 979/979 980/980
f 981/981 972/972 974/974
f 982/982 983/983 984/984
f 985/985 986/986 987/987
f 988/988 989/989 990/990
f 991/991 992/992 993/993
f 994/994 995/995 996/996
f 997/997 988/988 990/990
f 998/998 999/999 1000/1000
f 1001/1001 994/994 996/996
f 1002/1002 1003/1003 1004/1004
f 1005/1005 1006/1006 1007/1007
f 1008/1008 1009/1009 1010/1010
f 1011/1011 1002/1002 1004/1004
f 1012/1012 1013/1013 1014/1014
f 1015/1015 1008/1008 1010/1010
f 1016/1016 1017/1017 1018/1018
f 1019/1019 1012/1012 1014/1014
f 1020/1020 1021/1021 1022/1022
f 1023/1023 1016/1016 1018/1018
f 1024/1024 1020/1020 1022/1022
f 1025/1025 1026/1026 1027/1027
f 1025/1025 1027/1027 1028/1028
f 1025/1025 1028/1028 1029/1029
f 1025/1025 1029/1029 1030/1030
f 1025/1025 1030/1030 1031/1031
f 1025/1025 1031/1031 1032/1032
f 1025/1025 1032/1032 1033/1033
f 1025/1025 1033/1033 1034/1034
f 1025/1025 1034/1034 1035/1035
f 1025/1025 1035/1035 1036/1036
f 1025/1025 1036/1036 1037/1037
f 1025/1025 1037/1037 1038/1038
f 1025/1025 1038/1038 1039/1039
f 1025/1025 1039/1039 1040/1040
f 1025/1025 1040/1040 1041/1041
f 1025/1025 1041/1041 1042/1042
f 1043/1043 1025/1025 1042/1042
f 1044/1044 1025/1025 1043/1043
f 1045/1045 1046/1046 1047/1047
f 1048/1048 1049/1049 1050/1050
f 1051/1051 1052/1052 1053/1053
f 1054/1054 1055/1055 1056/1056
f 1057/1057 1058/1058 1059/1059
f 1060/1060 1061/1061 1062/1062
f 1063/1063 1064/1064 1065/1065
f 1066/1066 1067/1067 1068/1068
f 1069/1069 1070/1070 1071/1071
f 1072/1072 1073/1073 1074/1074
f 1072/1072 1074/1074 1075/1075
f 1076/1076 1077/1077 1078/1078
f 1079/1079 1080/1080 1081/1081
f 1082/1082 1083/1083 1084/1084
f 1085/1085 1086/1086 1087/1087
f 1088/1088 1089/1089 1090/1090
f 1088/1088 1091/1091 1092/1092
f 1088/1088 1090/1090 1091/1091
f 1093/1093 1094/1094 1095/1095
f 1096/1096 1097/1097 1098/1098
f 1099/1099 1100/1100 1101/1101
f 1102/1102 1103/1103 1104/1104
f 1105/1105 1106/1106 1107/1107
f 1105/1105 1085/1085 1106/1106
f 1105/1105 1086/1086 1085/1085
f 1108/1108 1109/1109 1110/1110
f 1111/1111 1112/1112 1113/1113
f 1114/1114 1115/1115 1116/1116
f 1117/1117 1118/1118 1119/1119
f 1120/1120 1121/1121 1122/1122
f 1123/1123 1124/1124 1125/1125
f 1120/1120 1126/1126 1096/1096
f 1120/1120 1122/1122 1127/1127
f 1120/1120 1127/1127 1126/1126
f 1128/1128 1129/1129 1130/1130
f 1131/1131 1132/1132 1133/1133
f 1134/1134 1135/1135 1136/1136
f 1137/1137 1138/1138 1139/1139
f 1140/1140 1141/1141 1142/1142
f 1140/1140 1143/1143 1141/1141
f 1128/1128 1144/1144 1129/1129
f 1140/1140 1145/1145 1143/1143
f 1146/1146 1147/1147 1148/1148
f 1149/1149 1147/1147 1146/1146
f 1150/1150 1151/1151 1152/1152
f 1153/1153 1154/1154 1155/1155
f 1156/1156 1157/1157 1158/1158
f 1159/1159 1160/1160 1161/1161
f 1162/1162 1163/1163 1164/1164
f 1165/1165 1166/1166 1167/1167
f 1168/1168 1169/1169 1170/1170
f 1171/1171 1172/1172 1173/1173
f 1174/1174 1175/1175 1176/1176
f 1177/1177 1178/1178 1179/1179
f 1179/1179 1178/1178 1180/1180
f 1181/1181 1182/1182 1183/1183
f 1163/1163 1184/1184 1164/1164
f 1185/1185 1186/1186 1187/1187
f 1188/1188 1189/1189 1190/1190
f 1191/1191 1192/1192 1193/1193
f 1194/1194 1192/1192 1195/1195
f 1195/1195 1192/1192 1191/1191
f 1196/1196 1197/1197 1198/1198
f 1199/1199 1200/1200 1201/1201
f 1202/1202 1203/1203 1204/1204
f 1205/1205 1206/1206 1207/1207
f 1185/1185 1208/1208 1186/1186
f 1186/1186 1208/1208 1209/1209
f 1209/1209 1208/1208 1210/1210
f 1211/1211 1212/1212 1213/1213
f 1214/1214 1215/1215 1216/1216
f 1217/1217 1218/1218 1219/1219
f 1220/1220 1221/1221 1222/1222
f 1223/1223 1224/1224 1225/1225
f 1226/1226 1227/1227 1228/1228
f 1228/1228 1227/1227 1229/1229
f 1230/1230 1227/1227 1231/1231
f 1229/1229 1227/1227 1230/1230
f 1232/1232 1233/1233 1234/1234
f 1235/1235 1236/1236 1237/1237
f 1238/1238 1239/1239 1240/1240
f 1241/1241 1242/1242 1243/1243
f 1244/1244 1242/1242 1241/1241
f 1245/1245 1246/1246 1247/1247
f 1248/1248 1246/1246 1249/1249
f 1247/1247 1246/1246 1248/1248
f 1250/1250 1251/1251 1252/1252
f 1250/1250 1252/1252 1253/1253
f 1254/1254 1255/1255 1256/1256
f 1257/1257 1258/1258 1259/1259
f 1260/1260 1261/1261 1262/1262
f 1263/1263 1264/1264 1265/1265
f 1266/1266 1267/1267 1268/1268
f 1269/1269 1270/1270 1271/1271
f 1272/1272 1273/1273 1274/1274
f 1275/1275 1276/1276 1277/1277
f 1278/1278 1279/1279 1280/1280
f 1281/1281 1282/1282 1283/1283
f 1283/1283 1282/1282 1284/1284
f 1285/1285 1286/1286 1287/1287
f 1288/1288 1289/1289 1290/1290
f 1291/1291 1292/1292 1293/1293
f 1294/1294 1295/1295 1296/1296
f 1297/1297 1298/1298 1299/1299
f 1299/1299 1298/1298 1300/1300
f 1301/1301 1302/1302 1303/1303
f 1304/1304 1305/1305 1306/1306
f 1307/1307 1308/1308 1309/1309
f 1310/1310 1311/1311 1312/1312
f 1313/1313 1314/1314 1315/1315
f 1316/1316 1317/1317 1318/1318
f 1319/1319 1320/1320 1321/1321
f 1322/1322 1323/1323 1324/1324
f 1325/1325 1326/1326 1327/1327
f 1318/1318 1317/1317 1328/1328
f 1329/1329 1330/1330 1331/1331
f 1332/1332 1333/1333 1334/1334
f 1335/1335 1336/1336 1337/1337
f 1338/1338 1339/1339 1340/1340
f 1341/1341 1342/1342 1343/1343
f 1344/1344 1345/1345 1346/1346
f 1347/1347 1348/1348 1349/1349
f 1350/1350 1348/1348 1347/1347
f 1351/1351 1352/1352 1353/1353
f 1354/1354 1355/1355 1356/1356
f 1357/1357 1358/1358 1359/1359
f 1360/1360 1361/1361 1362/1362
f 1363/1363 1364/1364 1365/1365
f 1366/1366 1367/1367 1368/1368
f 1362/1362 1361/1361 1369/1369
f 1370/1370 1371/1371 1372/1372
f 1373/1373 1374/1374 1375/1375
f 1376/1376 1377/1377 1378/1378
f 1379/1379 1380/1380 1381/1381
f 1382/1382 1383/1383 1384/1384
f 1385/1385 1383/1383 1382/1382
f 1386/1386 1387/1387 1388/1388
f 1389/1389 1390/1390 1391/1391
f 1392/1392 1393/1393 1394/1394
f 1395/1395 1396/1396 1397/1397
f 1398/1398 1399/1399 1400/1400
f 1401/1401 1402/1402 1403/1403
f 1404/1404 1405/1405 1406/1406
f 1407/1407 1408/1408 1409/1409
f 1410/1410 1411/1411 1412/1412
f 1396/1396 1413/1413 1397/1397
f 1414/1414 1415/1415 1416/1416
f 1417/1417 1418/1418 1419/1419
f 1420/1420 1421/1421 1422/1422
f 1423/1423 1424/1424 1425/1425
f 1426/1426 1427/1427 1428/1428
f 1418/1418 1429/1429 1419/1419
f 1430/1430 1431/1431 1432/1432
f 1433/1433 1434/1434 1435/1435
f 1436/1436 1437/1437 1438/1438
f 1439/1439 1440/1440 1441/1441
f 1442/1442 1443/1443 1444/1444
f 1445/1445 1446/1446 1447/1447
f 1448/1448 1449/1449 1450/1450
f 1451/1451 1452/1452 1453/1453
f 1454/1454 1455/1455 1456/1456
f 1457/1457 1458/1458 1459/1459
f 1460/1460 1449/1449 1448/1448
f 1461/1461 1462/1462 1463/1463
f 1464/1464 1465/1465 1466/1466
f 1467/1467 1468/1468 1469/1469
f 1470/1470 1471/1471 1472/1472
f 1473/1473 1474/1474 1475/1475
f 1476/1476 1477/1477 1478/1478
f 1479/1479 1480/1480 1481/1481
f 1478/1478 1477/1477 1482/1482
f 1483/1483 1484/1484 1485/1485
f 1486/1486 1487/1487 1488/1488
f 1489/1489 1490/1490 1491/1491
f 1492/1492 1493/1493 1494/1494
f 1495/1495 1496/1496 1497/1497
f 1498/1498 1499/1499 1500/1500
f 1501/1501 1502/1502 1503/1503
f 1503/1503 1502/1502 1504/1504
f 1505/1505 1506/1506 1507/1507
f 1508/1508 1509/1509 1510/1510
f 1511/1511 1512/1512 1513/1513
f 1514/1514 1515/1515 1516/1516
f 1517/1517 1518/1518 1519/1519
f 1520/1520 1521/1521 1522/1522
f 1523/1523 1524/1524 1525/1525
f 1526/1526 1524/1524 1523/1523
f 1527/1527 1528/1528 1529/1529
f 1530/1530 1531/1531 1532/1532
f 1533/1533 1534/1534 1535/1535
f 1536/1536 1537/1537 1538/1538
f 1539/1539 1540/1540 1541/1541
f 1542/1542 1543/1543 1544/1544
f 1545/1545 1546/1546 1547/1547
f 1538/1538 1537/1537 1548/1548
f 1549/1549 1550/1550 1551/1551
f 1552/1552 1553/1553 1554/1554
f 1555/1555 1556/1556 1557/1557
f 1558/1558 1559/1559 1560/1560
f 1561/1561 1562/1562 1563/1563
f 1564/1564 1565/1565 1566/1566
f 1567/1567 1568/1568 1569/1569
f 1570/1570 1571/1571 1572/1572
f 1572/1572 1571/1571 1573/1573
f 1574/1574 1575/1575 1576/1576
f 1577/1577 1578/1578 1579/1579
f 1580/1580 1581/1581 1582/1582
f 1583/1583 1584/1584 1585/1585
f 1586/1586 1587/1587 1588/1588
f 1589/1589 1590/1590 1591/1591
f 1588/1588 1587/1587 1592/1592
f 1591/1591 1590/1590 1593/1593
f 1594/1594 1595/1595 1596/1596
f 1597/1597 1595/1595 1594/1594
f 1598/1598 1599/1599 1600/1600
f 1598/1598 1600/1600 1601/1601
f 1602/1602 1603/1603 1604/1604
f 1602/1602 1605/1605 1603/1603
f 1606/1606 1607/1607 1608/1608
f 1606/1606 1609/1609 1607/1607
f 1610/1610 1611/1611 1612/1612
f 1610/1610 1613/1613 1611/1611
f 1614/1614 1615/1615 1616/1616
f 1614/1614 1617/1617 1615/1615
f 1618/1618 1619/1619 1620/1620
f 1618/1618 1621/1621 1619/1619
f 1622/1622 1623/1623 1624/1624
f 1622/1622 1625/1625 1623/1623
f 1626/1626 1627/1627 1628/1628
f 1629/1629 1630/1630 1631/1631
f 1626/1626 1632/1632 1627/1627
f 1633/1633 1629/1629 1631/1631
f 1634/1634 1635/1635 1636/1636
f 1634/1634 1636/1636 1637/1637
f 1638/1638 1639/1639 1640/1640
f 1641/1641 1638/1638 1640/1640
f 1642/1642 1643/1643 1644/1644
f 1642/1642 1644/1644 1645/1645
f 1646/1646 1647/1647 1648/1648
f 1646/1646 1649/1649 1647/1647
f 1650/1650 1651/1651 1652/1652
f 1653/1653 1654/1654 1655/1655
f 1656/1656 1650/1650 1652/1652
f 1657/1657 1653/1653 1655/1655
f 1658/1658 1659/1659 1660/1660
f 1661/1661 1662/1662 1663/1663
f 1658/1658 1664/1664 1659/1659
f 1665/1665 1666/1666 1667/1667
f 1668/1668 1661/1661 1663/1663
f 1669/1669 1665/1665 1667/1667
f 1670/1670 1671/1671 1672/1672
f 1673/1673 1674/1674 1675/1675
f 1670/1670 1676/1676 1671/1671
f 1677/1677 1678/1678 1679/1679
f 1680/1680 1673/1673 1675/1675
f 1681/1681 1682/1682 1683/1683
f 1684/1684 1677/1677 1679/1679
f 1685/1685 1681/1681 1683/1683
f 1686/1686 1687/1687 1688/1688
f 1686/1686 1689/1689 1687/1687
f 1690/1690 1691/1691 1692/1692
f 1690/1690 1693/1693 1691/1691
f 1694/1694 1695/1695 1696/1696
f 1694/1694 1697/1697 1695/1695
f 1698/1698 1699/1699 1700/1700
f 1698/1698 1701/1701 1699/1699
f 1702/1702 1703/1703 1704/1704
f 1705/1705 1706/1706 1707/1707
f 1702/1702 1708/1708 1703/1703
f 1709/1709 1705/1705 1707/1707
f 1710/1710 1711/1711 1712/1712
f 1710/1710 1713/1713 1711/1711
f 1714/1714 1715/1715 1716/1716
f 1714/1714 1717/1717 1715/1715
f 1718/1718 1719/1719 1720/1720
f 1718/1718 1720/1720 1721/1721
f 1722/1722 1723/1723 1724/1724
f 1722/1722 1724/1724 1725/1725
f 1726/1726 1727/1727 1722/1722
f 1726/1726 1722/1722 1725/1725
f 1728/1728 1725/1725 1729/1729
f 1728/1728 1726/1726 1725/1725
f 1730/1730 1728/1728 1731/1731
f 1730/1730 1731/1731 1732/1732
f 1730/1730 1732/1732 1733/1733
f 1730/1730 1733/1733 1734/1734
f 1730/1730 1734/1734 1735/1735
f 1730/1730 1735/1735 1736/1736
f 1730/1730 1736/1736 1737/1737
f 1730/1730 1737/1737 1738/1738
f 1730/1730 1738/1738 1739/1739
f 1730/1730 1739/1739 1740/1740
f 1730/1730 1740/1740 1741/1741
f 1730/1730 1741/1741 1742/1742
f 1730/1730 1726/1726 1728/1728
f 1743/1743 1744/1744 1745/1745
f 1746/1746 1747/1747 1748/1748
f 1749/1749 1743/1743 1745/1745
f 1750/1750 1751/1751 1752/1752
f 1753/1753 1746/1746 1748/1748
f 1754/1754 1750/1750 1752/1752
f 1755/1755 1756/1756 1757/1757
f 1758/1758 1759/1759 1760/1760
f 1761/1761 1762/1762 1763/1763
f 1764/1764 1765/1765 1766/1766
f 1767/1767 1758/1758 1760/1760
f 1768/1768 1769/1769 1770/1770
f 1771/1771 1764/1764 1766/1766
f 1772/1772 1773/1773 1774/1774
f 1775/1775 1776/1776 1777/1777
f 1778/1778 1779/1779 1780/1780
f 1781/1781 1772/1772 1774/1774
f 1782/1782 1783/1783 1784/1784
f 1785/1785 1786/1786 1787/1787
f 1788/1788 1789/1789 1790/1790
f 1791/1791 1792/1792 1793/1793
f 1794/1794 1795/1795 1796/1796
f 1797/1797 1798/1798 1799/1799
f 1800/1800 1801/1801 1802/1802
f 1803/1803 1804/1804 1805/1805
f 1806/1806 1807/1807 1808/1808
f 1809/1809 1810/1810 1811/1811
f 1812/1812 1813/1813 1814/1814
f 1815/1815 1816/1816 1817/1817
f 1818/1818 1819/1819 1820/1820
f 1821/1821 1822/1822 1823/1823
f 1824/1824 1825/1825 1826/1826
f 1827/1827 1828/1828 1829/1829
f 1830/1830 1831/1831 1832/1832
f 1833/1833 1834/1834 1835/1835
f 1836/1836 1837/1837 1838/1838
f 1839/1839 1840/1840 1841/1841
f 1842/1842 1843/1843 1844/1844
f 1845/1845 1846/1846 1847/1847
f 1848/1848 1849/1849 1850/1850
f 1851/1851 1852/1852 1853/1853
f 1854/1854 1855/1855 1856/1856
f 1857/1857 1858/1858 1859/1859
f 1860/1860 1861/1861 1862/1862
f 1863/1863 1855/1855 1854/1854
f 1864/1864 1865/1865 1866/1866
f 1867/1867 1868/1868 1869/1869
f 1870/1870 1871/1871 1872/1872
f 1873/1873 1874/1874 1875/1875
f 1876/1876 1877/1877 1878/1878
f 1879/1879 1880/1880 1881/1881
f 1882/1882 1883/1883 1884/1884
f 1885/1885 1886/1886 1887/1887
f 1888/1888 1889/1889 1890/1890
f 1891/1891 1892/1892 1893/1893
f 1894/1894 1895/1895 1896/1896
f 1897/1897 1898/1898 1899/1899
f 1900/1900 1901/1901 1902/1902
f 1903/1903 1904/1904 1905/1905
f 1906/1906 1907/1907 1908/1908
f 1909/1909 1910/1910 1911/1911
f 1912/1912 1913/1913 1914/1914
f 1915/1915 1916/1916 1917/1917
f 1918/1918 1919/1919 1920/1920
f 1921/1921 1922/1922 1923/1923
f 1924/1924 1925/1925 1926/1926
f 1927/1927 1928/1928 1929/1929
f 1930/1930 1931/1931 1932/1932
f 1933/1933 1934/1934 1935/1935
f 1936/1936 1937/1937 1938/1938
f 1939/1939 1940/1940 1941/1941
f 1942/1942 1943/1943 1944/1944
f 1945/1945 1946/1946 1947/1947
f 1945/1945 1947/1947 1948/1948
f 1949/1949 1950/1950 1951/1951
f 1952/1952 1953/1953 1954/1954
f 1955/1955 1956/1956 1957/1957
f 1955/1955 1957/1957 1958/1958
f 1959/1959 1960/1960 1961/1961
f 1959/1959 1962/1962 1960/1960
f 1963/1963 1964/1964 1965/1965
f 1963/1963 1966/1966 1964/1964
f 1967/1967 1968/1968 1969/1969
f 1970/1970 1968/1968 1967/1967
f 1971/1971 1972/1972 1973/1973
f 1974/1974 1970/1970 1975/1975
f 1974/1974 1975/1975 1972/1972
f 1974/1974 1976/1976 1977/1977
f 1974/1974 1978/1978 1976/1976
f 1974/1974 1979/1979 1978/1978
f 1974/1974 1980/1980 1979/1979
f 1974/1974 1981/1981 1980/1980
f 1974/1974 1982/1982 1981/1981
f 1974/1974 1983/1983 1982/1982
f 1974/1974 1984/1984 1983/1983
f 1974/1974 1985/1985 1984/1984
f 1974/1974 1986/1986 1985/1985
f 1974/1974 1971/1971 1986/1986
f 1974/1974 1968/1968 1970/1970
f 1974/1974 1972/1972 1971/1971
f 1987/1987 1977/1977 1988/1988
f 1987/1987 1974/1974 1977/1977
f 1989/1989 1990/1990 1991/1991
f 1992/1992 1993/1993 1994/1994
f 1995/1995 1996/1996 1997/1997
f 1998/1998 1999/1999 2000/2000
f 2001/2001 2002/2002 2003/2003
f 2004/2004 2005/2005 2006/2006
f 2007/2007 2008/2008 2009/2009
f 2010/2010 2011/2011 2012/2012
f 2013/2013 2014/2014 2015/2015
f 2016/2016 2017/2017 2018/2018
f 2018/2018 2017/2017 2019/2019
f 2020/2020 2021/2021 2022/2022
f 2023/2023 2024/2024 2025/2025
f 2026/2026 2027/2027 2028/2028
f 2029/2029 2030/2030 2031/2031
f 2032/2032 2033/2033 2034/2034
f 2035/2035 2033/2033 2036/2036
f 2036/2036 2033/2033 2032/2032
f 2037/2037 2038/2038 2039/2039
f 2040/2040 2041/2041 2042/2042
f 2043/2043 2038/2038 2037/2037
f 2044/2044 2045/2045 2046/2046
f 2047/2047 2048/2048 2049/2049
f 2026/2026 2048/2048 2027/2027
f 2027/2027 2048/2048 2047/2047
f 2050/2050 2051/2051 2052/2052
f 2053/2053 2054/2054 2055/2055
f 2056/2056 2057/2057 2058/2058
f 2059/2059 2060/2060 2061/2061
f 2062/2062 2063/2063 2064/2064
f 2065/2065 2066/2066 2067/2067
f 2068/2068 2066/2066 2069/2069
f 2070/2070 2066/2066 2068/2068
f 2067/2067 2066/2066 2070/2070
f 2071/2071 2072/2072 2073/2073
f 2074/2074 2075/2075 2076/2076
f 2077/2077 2078/2078 2079/2079
f 2080/2080 2081/2081 2082/2082
f 2083/2083 2072/2072 2071/2071
f 2084/2084 2085/2085 2086/2086
f 2087/2087 2085/2085 2084/2084
f 2088/2088 2085/2085 2087/2087
f 2089/2089 2090/2090 2091/2091
f 2092/2092 2090/2090 2089/2089
f 2093/2093 2094/2094 2095/2095
f 2096/2096 2097/2097 2098/2098
f 2099/2099 2100/2100 2101/2101
f 2102/2102 2103/2103 2104/2104
f 2105/2105 2106/2106 2107/2107
f 2108/2108 2109/2109 2110/2110
f 2111/2111 2112/2112 2113/2113
f 2114/2114 2115/2115 2116/2116
f 2117/2117 2118/2118 2119/2119
f 2120/2120 2121/2121 2122/2122
f 2123/2123 2094/2094 2093/2093
f 2124/2124 2125/2125 2126/2126
f 2127/2127 2128/2128 2129/2129
f 2130/2130 2131/2131 2132/2132
f 2133/2133 2134/2134 2135/2135
f 2136/2136 2137/2137 2138/2138
f 2136/2136 2139/2139 2137/2137
f 2136/2136 2138/2138 2140/2140
f 2141/2141 2142/2142 2143/2143
f 2144/2144 2145/2145 2146/2146
f 2147/2147 2148/2148 2149/2149
f 2150/2150 2151/2151 2152/2152
f 2153/2153 2133/2133 2105/2105
f 2153/2153 2105/2105 2154/2154
f 2153/2153 2134/2134 2133/2133
f 2155/2155 2156/2156 2157/2157
f 2158/2158 2159/2159 2160/2160
f 2161/2161 2162/2162 2163/2163
f 2164/2164 2165/2165 2166/2166
f 2167/2167 2168/2168 2169/2169
f 2170/2170 2171/2171 2172/2172
f 2173/2173 2174/2174 2175/2175
f 2170/2170 2172/2172 2176/2176
f 2170/2170 2177/2177 2178/2178
f 2170/2170 2176/2176 2177/2177
f 2179/2179 2180/2180 2181/2181
f 2182/2182 2183/2183 2184/2184
f 2185/2185 2186/2186 2187/2187
f 2188/2188 2189/2189 2190/2190
f 2188/2188 2191/2191 2189/2189
f 2188/2188 2190/2190 2192/2192
f 2193/2193 2164/2164 2166/2166
f 2194/2194 2195/2195 2196/2196
f 2195/2195 2197/2197 2198/2198
f 2195/2195 2199/2199 2197/2197
f 2195/2195 2200/2200 2199/2199
f 2195/2195 2201/2201 2200/2200
f 2195/2195 2202/2202 2201/2201
f 2195/2195 2203/2203 2202/2202
f 2195/2195 2204/2204 2203/2203
f 2195/2195 2205/2205 2204/2204
f 2195/2195 2206/2206 2205/2205
f 2195/2195 2207/2207 2206/2206
f 2195/2195 2208/2208 2207/2207
f 2195/2195 2209/2209 2208/2208
f 2195/2195 2210/2210 2209/2209
f 2195/2195 2211/2211 2210/2210
f 2195/2195 2212/2212 2211/2211
f 2195/2195 2213/2213 2212/2212
f 2194/2194 2213/2213 2195/2195
f 2214/2214 2215/2215 2216/2216
f 2217/2217 2218/2218 2219/2219
f 2220/2220 2221/2221 2222/2222
f 2223/2223 2224/2224 2225/2225
f 2226/2226 2227/2227 2228/2228
f 2229/2229 2230/2230 2231/2231
f 2232/2232 2233/2233 2234/2234
f 2235/2235 2236/2236 2237/2237
f 2238/2238 2239/2239 2240/2240
f 2241/2241 2242/2242 2243/2243
f 2244/2244 2245/2245 2246/2246
f 2247/2247 2248/2248 2249/2249
f 2250/2250 2251/2251 2252/2252
f 2253/2253 2254/2254 2255/2255
f 2256/2256 2257/2257 2258/2258
f 2259/2259 2260/2260 2261/2261
f 2262/2262 2263/2263 2264/2264
f 2265/2265 2266/2266 2267/2267
f 2262/2262 2264/2264 2268/2268
f 2269/2269 2270/2270 2271/2271
f 2272/2272 2273/2273 2274/2274
f 2275/2275 2276/2276 2277/2277
f 2278/2278 2279/2279 2280/2280
f 2281/2281 2282/2282 2283/2283
f 2284/2284 2285/2285 2286/2286
f 2287/2287 2288/2288 2289/2289
f 2290/2290 2291/2291 2292/2292
f 2293/2293 2294/2294 2295/2295
f 2296/2296 2297/2297 2298/2298
f 2299/2299 2296/2296 2298/2298
f 2300/2300 2301/2301 2302/2302
f 2300/2300 2302/2302 2303/2303
f 2304/2304 2305/2305 2306/2306
f 2307/2307 2308/2308 2309/2309
f 2310/2310 2311/2311 2312/2312
f 2310/2310 2312/2312 2313/2313
f 2314/2314 2315/2315 2316/2316
f 2317/2317 2318/2318 2319/2319
f 2320/2320 2321/2321 2322/2322
f 2323/2323 2324/2324 2325/2325
f 2326/2326 2327/2327 2328/2328
f 2329/2329 2330/2330 2331/2331
f 2332/2332 2333/2333 2334/2334
f 2332/2332 2334/2334 2335/2335
f 2336/2336 2337/2337 2338/2338
f 2339/2339 2340/2340 2341/2341
f 2342/2342 2343/2343 2344/2344
f 2345/2345 2346/2346 2347/2347
f 2348/2348 2349/2349 2350/2350
f 2348/2348 2351/2351 2349/2349
f 2352/2352 2353/2353 2354/2354
f 2352/2352 2355/2355 2353/2353
f 2356/2356 2357/2357 2358/2358
f 2359/2359 2360/2360 2361/2361
f 2362/2362 2363/2363 2364/2364
f 2362/2362 2365/2365 2363/2363
f 2366/2366 2367/2367 2368/2368
f 2366/2366 2369/2369 2367/2367
f 2370/2370 2371/2371 2372/2372
f 2370/2370 2373/2373 2371/2371
f 2374/2374 2375/2375 2376/2376
f 2374/2374 2377/2377 2375/2375
f 2378/2378 2379/2379 2380/2380
f 2378/2378 2381/2381 2379/2379
f 2382/2382 2383/2383 2384/2384
f 2382/2382 2385/2385 2383/2383
f 2386/2386 2387/2387 2388/2388
f 2389/2389 2390/2390 2391/2391
f 2392/2392 2393/2393 2394/2394
f 2395/2395 2396/2396 2397/2397
f 2398/2398 2399/2399 2400/2400
f 2401/2401 2390/2390 2402/2402
f 2403/2403 2393/2393 2404/2404
f 2405/2405 2406/2406 2407/2407
f 2408/2408 2409/2409 2410/2410
f 2411/2411 2406/2406 2412/2412
f 2413/2413 2414/2414 2415/2415
f 2416/2416 2417/2417 2418/2418
f 2419/2419 2420/2420 2421/2421
f 2422/2422 2423/2423 2424/2424
f 2425/2425 2423/2423 2426/2426
f 2408/2408 2427/2427 2409/2409
f 2428/2428 2429/2429 2430/2430
f 2431/2431 2432/2432 2433/2433
f 2434/2434 2435/2435 2436/2436
f 2437/2437 2438/2438 2439/2439
f 2440/2440 2435/2435 2441/2441
f 2442/2442 2438/2438 2437/2437
f 2433/2433 2432/2432 2443/2443
f 2444/2444 2445/2445 2446/2446
f 2447/2447 2448/2448 2449/2449
f 2450/2450 2451/2451 2452/2452
f 2453/2453 2445/2445 2454/2454
f 2455/2455 2456/2456 2457/2457
f 2458/2458 2459/2459 2460/2460
f 2461/2461 2462/2462 2463/2463
f 2464/2464 2465/2465 2466/2466
f 2467/2467 2468/2468 2469/2469
f 2470/2470 2471/2471 2472/2472
f 2470/2470 2473/2473 2471/2471
f 2474/2474 2475/2475 2476/2476
f 2477/2477 2478/2478 2479/2479
f 2475/2475 2480/2480 2476/2476
f 2481/2481 2482/2482 2483/2483
f 2478/2478 2484/2484 2479/2479
f 2485/2485 2486/2486 2487/2487
f 2482/2482 2488/2488 2483/2483
f 2489/2489 2490/2490 2491/2491
f 2486/2486 2492/2492 2487/2487
f 2493/2493 2494/2494 2495/2495
f 2490/2490 2496/2496 2491/2491
f 2497/2497 2498/2498 2499/2499
f 2494/2494 2500/2500 2495/2495
f 2498/2498 2501/2501 2499/2499
f 2502/2502 2503/2503 2504/2504
f 2505/2505 2503/2503 2502/2502
f 2506/2506 2507/2507 2508/2508
f 2509/2509 2507/2507 2506/2506
f 2510/2510 2511/2511 2512/2512
f 2513/2513 2511/2511 2510/2510
f 2514/2514 2515/2515 2516/2516
f 2517/2517 2515/2515 2514/2514
f 2518/2518 2519/2519 2520/2520
f 2518/2518 2520/2520 2521/2521
f 2518/2518 2522/2522 2523/2523
f 2518/2518 2524/2524 2522/2522
f 2518/2518 2525/2525 2524/2524
f 2518/2518 2526/2526 2525/2525
f 2518/2518 2527/2527 2526/2526
f 2518/2518 2528/2528 2527/2527
f 2518/2518 2529/2529 2528/2528
f 2518/2518 2530/2530 2529/2529
f 2518/2518 2521/2521 2530/2530
f 2531/2531 2518/2518 2523/2523
f 2532/2532 2518/2518 2531/2531
f 2533/2533 2518/2518 2532/2532
f 2534/2534 2518/2518 2533/2533
f 2535/2535 2518/2518 2534/2534
f 2536/2536 2518/2518 2535/2535
f 2537/2537 2518/2518 2536/2536
f 2538/2538 2518/2518 2537/2537
f 2539/2539 2518/2518 2538/2538
f 2540/2540 2518/2518 2539/2539
f 2541/2541 2518/2518 2540/2540
f 2542/2542 2518/2518 2541/2541
f 2543/2543 2544/2544 2545/2545
f 2546/2546 2544/2544 2543/2543
f 2546/2546 2547/2547 2544/2544
f 2546/2546 2548/2548 2547/2547
f 2546/2546 2549/2549 2548/2548
f 2546/2546 2550/2550 2549/2549
f 2546/2546 2551/2551 2550/2550
f 2546/2546 2552/2552 2551/2551
f 2546/2546 2553/2553 2552/2552
f 2546/2546 2554/2554 2553/2553
f 2546/2546 2555/2555 2554/2554
f 2546/2546 2556/2556 2555/2555
f 2546/2546 2557/2557 2556/2556
f 2546/2546 2558/2558 2557/2557
f 2546/2546 2559/2559 2558/2558
f 2546/2546 2560/2560 2559/2559
f 2546/2546 2561/2561 2560/2560
f 2546/2546 2562/2562 2561/2561
f 2546/2546 2563/2563 2562/2562
f 2546/2546 2564/2564 2563/2563
f 2546/2546 2565/2565 2564/2564
f 2546/2546 2518/2518 2542/2542
f 2546/2546 2542/2542 2565/2565
f 2566/2566 2567/2567 2568/2568
f 705/705 2569/2569 2570/2570
f 2571/2571 2572/2572 2573/2573
f 2574/2574 2575/2575 2576/2576
f 2577/2577 2578/2578 2579/2579
f 2580/2580 2581/2581 2582/2582
f 2583/2583 2584/2584 2585/2585
f 2586/2586 2587/2587 2588/2588
f 2589/2589 2590/2590 2591/2591
f 2592/2592 2593/2593 2594/2594
f 2595/2595 2596/2596 2597/2597
f 2598/2598 2599/2599 2600/2600
f 2601/2601 2602/2602 2603/2603
f 2604/2604 2605/2605 2606/2606
f 2607/2607 2608/2608 2609/2609
f 2610/2610 2611/2611 2612/2612
f 2613/2613 2614/2614 2615/2615
f 2616/2616 2617/2617 2618/2618
f 2619/2619 2620/2620 2621/2621
f 2622/2622 2623/2623 2624/2624
f 1859/1859 2625/2625 2626/2626
f 2627/2627 2628/2628 2629/2629
f 2630/2630 2631/2631 2632/2632
f 2633/2633 2634/2634 2635/2635
f 2636/2636 2637/2637 2638/2638
f 2636/2636 2639/2639 2637/2637
f 2640/2640 2641/2641 2642/2642
f 2640/2640 2643/2643 2641/2641
f 2644/2644 2645/2645 2643/2643
f 2646/2646 2647/2647 2648/2648
f 2641/2641 2647/2647 2646/2646
f 2647/2647 2649/2649 2650/2650
f 2647/2647 2651/2651 2649/2649
f 2652/2652 2653/2653 2654/2654
f 2647/2647 2655/2655 2651/2651
f 2654/2654 2656/2656 2645/2645
f 2643/2643 2656/2656 2641/2641
f 2645/2645 2656/2656 2643/2643
f 2641/2641 2656/2656 2647/2647
f 2653/2653 2656/2656 2654/2654
f 2657/2657 2658/2658 2656/2656
f 2655/2655 2659/2659 2660/2660
f 2661/2661 2662/2662 2658/2658
f 2662/2662 2663/2663 2658/2658
f 2658/2658 2663/2663 2656/2656
f 2664/2664 2665/2665 2666/2666
f 2667/2667 2665/2665 2664/2664
f 2659/2659 2665/2665 2667/2667
f 2668/2668 2669/2669 2663/2663
f 2665/2665 2670/2670 2671/2671
f 2655/2655 2670/2670 2659/2659
f 2659/2659 2670/2670 2665/2665
f 2647/2647 2670/2670 2655/2655
f 2656/2656 2672/2672 2647/2647
f 2669/2669 2672/2672 2663/2663
f 2663/2663 2672/2672 2656/2656
f 2647/2647 2672/2672 2670/2670
f 2673/2673 2674/2674 2675/2675
f 2676/2676 2674/2674 2673/2673
f 2676/2676 2677/2677 2674/2674
f 2676/2676 2678/2678 2677/2677
f 2676/2676 2679/2679 2678/2678
f 2676/2676 2680/2680 2679/2679
f 2680/2680 2681/2681 2682/2682
f 2681/2681 2683/2683 2684/2684
f 2680/2680 2683/2683 2681/2681
f 2680/2680 2685/2685 2683/2683
f 2683/2683 2685/2685 2686/2686
f 2676/2676 2687/2687 2680/2680
f 2680/2680 2687/2687 2685/2685
f 2688/2688 2689/2689 2690/2690
f 2687/2687 2689/2689 2688/2688
f 2676/2676 2689/2689 2687/2687
f 2689/2689 2691/2691 2692/2692
f 2676/2676 2693/2693 2689/2689
f 2689/2689 2693/2693 2691/2691
f 2676/2676 2694/2694 2693/2693
f 2695/2695 2696/2696 2697/2697
f 2698/2698 2699/2699 2700/2700
f 2701/2701 2699/2699 2698/2698
f 2672/2672 2702/2702 2670/2670
f 2670/2670 2702/2702 2676/2676
f 2703/2703 2702/2702 2704/2704
f 2705/2705 2702/2702 2703/2703
f 2699/2699 2702/2702 2705/2705
f 2696/2696 2702/2702 2701/2701
f 2694/2694 2702/2702 2695/2695
f 2676/2676 2702/2702 2694/2694
f 2695/2695 2702/2702 2696/2696
f 2701/2701 2702/2702 2699/2699
f 2706/2706 2707/2707 2672/2672
f 2672/2672 2707/2707 2702/2702
f 2708/2708 2709/2709 2710/2710
f 2711/2711 2712/2712 2713/2713
f 2714/2714 2715/2715 2716/2716
f 2717/2717 2718/2718 2719/2719
f 2720/2720 2721/2721 2722/2722
f 2723/2723 2724/2724 2725/2725
f 2726/2726 2727/2727 2728/2728
f 2717/2717 2719/2719 2729/2729
f 2730/2730 2731/2731 2732/2732
f 2733/2733 2734/2734 2735/2735
f 2736/2736 2737/2737 2738/2738
f 2739/2739 2740/2740 2741/2741
f 2742/2742 2743/2743 2744/2744
f 2745/2745 2746/2746 2747/2747
f 2748/2748 2749/2749 2750/2750
f 2748/2748 2751/2751 2749/2749
f 2752/2752 2753/2753 2754/2754
f 2755/2755 2756/2756 2757/2757
f 2758/2758 2759/2759 2760/2760
f 2761/2761 2762/2762 2763/2763
f 2764/2764 2765/2765 2766/2766
f 2767/2767 2768/2768 2769/2769
f 2761/2761 2770/2770 2762/2762
f 2771/2771 2772/2772 2773/2773
f 2774/2774 2775/2775 2776/2776
f 2777/2777 2778/2778 2779/2779
f 2780/2780 2781/2781 2782/2782
f 2783/2783 2784/2784 2785/2785
f 2786/2786 2787/2787 2788/2788
f 2789/2789 2790/2790 2791/2791
f 2789/2789 2792/2792 2790/2790
f 2793/2793 2794/2794 2795/2795
f 2796/2796 2797/2797 2798/2798
f 2799/2799 2800/2800 2801/2801
f 2802/2802 2803/2803 2804/2804
f 2805/2805 2806/2806 2807/2807
f 2808/2808 2809/2809 2810/2810
f 2811/2811 2812/2812 2813/2813
f 2805/2805 2814/2814 2806/2806
f 2815/2815 2816/2816 2817/2817
f 2818/2818 2819/2819 2820/2820
f 2821/2821 2822/2822 2823/2823
f 2824/2824 2825/2825 2826/2826
f 2827/2827 2828/2828 2829/2829
f 2830/2830 2831/2831 2832/2832
f 2833/2833 2834/2834 2835/2835
f 2836/2836 2837/2837 2838/2838
f 2827/2827 2839/2839 2828/2828
f 2840/2840 2841/2841 2842/2842
f 2843/2843 2844/2844 2845/2845
f 2846/2846 2847/2847 2848/2848
f 2849/2849 2850/2850 2851/2851
f 2852/2852 2853/2853 2854/2854
f 2855/2855 2856/2856 2857/2857
f 2858/2858 2859/2859 2860/2860
f 2855/2855 2857/2857 2861/2861
f 2862/2862 2863/2863 2864/2864
f 2865/2865 2866/2866 2867/2867
f 2868/2868 2869/2869 2870/2870
f 2871/2871 2872/2872 2873/2873
f 2874/2874 2875/2875 2876/2876
f 2877/2877 2878/2878 2879/2879
f 2880/2880 2881/2881 2882/2882
f 2874/2874 2883/2883 2875/2875
f 2884/2884 2885/2885 2886/2886
f 2887/2887 2888/2888 2889/2889
f 2890/2890 2891/2891 2892/2892
f 2893/2893 2894/2894 2895/2895
f 2896/2896 2897/2897 2898/2898
f 2899/2899 2900/2900 2901/2901
f 2893/2893 2902/2902 2894/2894
f 2903/2903 2904/2904 2905/2905
f 2906/2906 2907/2907 2908/2908
f 2909/2909 2910/2910 2911/2911
f 2912/2912 2913/2913 2914/2914
f 2915/2915 2916/2916 2917/2917
f 2918/2918 2919/2919 2920/2920
f 2921/2921 2922/2922 2923/2923
f 2924/2924 2925/2925 2926/2926
f 2915/2915 2917/2917 2927/2927
f 2928/2928 2929/2929 2930/2930
f 2931/2931 2932/2932 2933/2933
f 2934/2934 2935/2935 2936/2936
f 2937/2937 2938/2938 2939/2939
f 2940/2940 2941/2941 2942/2942
f 2943/2943 2944/2944 2945/2945
f 2946/2946 2947/2947 2948/2948
f 2940/2940 2949/2949 2941/2941
f 2950/2950 2951/2951 2952/2952
f 2953/2953 2954/2954 2955/2955
f 2956/2956 2957/2957 2958/2958
f 2959/2959 2960/2960 2961/2961
f 2959/2959 2961/2961 2962/2962
f 2963/2963 2964/2964 2965/2965
f 2966/2966 2967/2967 2968/2968
f 2969/2969 2970/2970 2971/2971
f 2972/2972 2973/2973 2974/2974
f 2975/2975 2976/2976 2977/2977
f 2978/2978 2979/2979 2980/2980
f 2981/2981 2982/2982 2983/2983
f 2984/2984 2985/2985 2986/2986
f 2987/2987 2988/2988 2989/2989
f 2990/2990 2991/2991 2992/2992
f 2990/2990 2992/2992 2993/2993
f 2994/2994 2995/2995 2996/2996
f 2997/2997 2998/2998 2999/2999
f 3000/3000 3001/3001 3002/3002
f 3003/3003 3004/3004 3005/3005
f 3006/3006 3007/3007 3008/3008
f 3009/3009 3010/3010 3011/3011
f 3012/3012 2995/2995 2994/2994
f 3013/3013 3014/3014 3015/3015
f 3016/3016 3017/3017 3018/3018
f 3019/3019 3020/3020 3021/3021
f 3022/3022 3023/3023 3024/3024
f 3025/3025 3026/3026 3027/3027
f 3028/3028 3029/3029 3030/3030
f 3031/3031 3032/3032 3033/3033
f 3028/3028 3030/3030 3034/3034
f 3035/3035 3036/3036 3037/3037
f 3038/3038 3039/3039 3040/3040
f 3041/3041 3042/3042 3043/3043
f 3044/3044 3045/3045 3046/3046
f 3031/3031 3033/3033 3047/3047
f 3048/3048 3049/3049 3050/3050
f 3051/3051 3049/3049 3048/3048
f 3052/3052 3053/3053 3054/3054
f 3055/3055 3056/3056 3053/3053
f 3057/3057 3058/3058 3059/3059
f 3059/3059 3060/3060 3056/3056
f 3061/3061 3060/3060 3058/3058
f 3062/3062 3060/3060 3061/3061
f 3058/3058 3060/3060 3059/3059
f 3060/3060 3063/3063 3056/3056
f 3064/3064 3065/3065 3063/3063
f 3066/3066 3067/3067 3065/3065
f 3053/3053 3067/3067 3054/3054
f 3056/3056 3067/3067 3053/3053
f 3065/3065 3067/3067 3063/3063
f 3063/3063 3067/3067 3056/3056
f 3068/3068 3069/3069 3070/3070
f 3071/3071 3069/3069 3068/3068
f 3072/3072 3073/3073 3069/3069
f 3074/3074 3073/3073 3072/3072
f 3069/3069 3073/3073 3070/3070
f 3073/3073 3075/3075 3070/3070
f 3075/3075 3076/3076 3070/3070
f 3077/3077 3078/3078 3076/3076
f 3076/3076 3078/3078 3070/3070
f 3078/3078 3079/3079 3070/3070
f 3080/3080 3081/3081 3079/3079
f 3079/3079 3081/3081 3070/3070
f 3081/3081 3082/3082 3070/3070
f 3082/3082 3083/3083 3070/3070
f 3070/3070 3084/3084 3067/3067
f 3067/3067 3084/3084 3054/3054
f 3083/3083 3085/3085 3070/3070
f 3070/3070 3085/3085 3084/3084
f 3086/3086 3087/3087 3088/3088
f 3086/3086 3088/3088 3089/3089
f 3090/3090 3091/3091 3092/3092
f 3090/3090 3093/3093 3091/3091
f 3094/3094 3095/3095 3096/3096
f 3094/3094 3097/3097 3095/3095
f 3098/3098 3099/3099 3100/3100
f 3101/3101 3102/3102 3103/3103
f 3098/3098 3104/3104 3099/3099
f 3105/3105 3106/3106 3107/3107
f 3108/3108 3101/3101 3103/3103
f 3109/3109 3110/3110 3111/3111
f 3112/3112 3105/3105 3107/3107
f 3113/3113 3114/3114 3115/3115
f 3116/3116 3109/3109 3111/3111
f 3117/3117 3118/3118 3119/3119
f 3120/3120 3113/3113 3115/3115
f 3121/3121 3122/3122 3123/3123
f 3124/3124 3117/3117 3119/3119
f 3125/3125 3126/3126 3127/3127
f 3128/3128 3121/3121 3123/3123
f 3129/3129 3125/3125 3127/3127
f 3130/3130 3131/3131 3132/3132
f 3132/3132 3131/3131 3133/3133
f 3134/3134 3135/3135 3136/3136
f 3135/3135 3137/3137 3136/3136
f 3138/3138 3139/3139 3140/3140
f 3141/3141 3139/3139 3138/3138
f 3142/3142 3143/3143 3144/3144
f 3145/3145 3143/3143 3142/3142
f 3146/3146 3147/3147 3148/3148
f 3149/3149 3147/3147 3146/3146
f 3150/3150 3151/3151 3152/3152
f 3153/3153 3151/3151 3150/3150
f 3154/3154 3155/3155 3156/3156
f 3157/3157 3155/3155 3154/3154
f 3158/3158 3159/3159 3160/3160
f 3161/3161 3159/3159 3158/3158
f 3162/3162 3163/3163 3164/3164
f 3165/3165 3163/3163 3162/3162
f 3166/3166 3167/3167 3168/3168
f 3169/3169 3167/3167 3166/3166
f 3170/3170 3171/3171 3172/3172
f 3173/3173 3171/3171 3170/3170
f 3174/3174 3175/3175 3176/3176
f 3177/3177 3175/3175 3174/3174
f 3178/3178 3179/3179 3180/3180
f 3180/3180 3179/3179 3181/3181
f 3182/3182 3183/3183 3184/3184
f 3185/3185 3186/3186 3187/3187
f 3188/3188 3189/3189 3190/3190
f 3191/3191 3189/3189 3188/3188
f 3192/3192 3193/3193 3194/3194
f 3195/3195 3196/3196 3197/3197
f 3198/3198 3199/3199 3200/3200
f 3201/3201 3202/3202 3203/3203
f 3204/3204 3202/3202 3201/3201
f 3205/3205 3206/3206 3207/3207
f 3208/3208 3209/3209 3210/3210
f 3211/3211 3212/3212 3213/3213
f 3214/3214 3215/3215 3216/3216
f 3217/3217 3218/3218 3219/3219
f 3220/3220 3221/3221 3222/3222
f 3223/3223 3224/3224 3225/3225
f 3226/3226 3227/3227 3228/3228
f 3229/3229 3230/3230 3231/3231
f 3224/3224 3232/3232 3225/3225
f 3230/3230 3233/3233 3231/3231
f 3234/3234 3235/3235 3236/3236
f 3235/3235 3237/3237 3236/3236
f 3238/3238 3239/3239 3240/3240
f 3239/3239 3241/3241 3240/3240
f 3242/3242 3243/3243 3244/3244
f 3245/3245 3246/3246 3247/3247
f 3248/3248 3249/3249 3250/3250
f 3251/3251 3252/3252 3253/3253
f 3254/3254 3255/3255 3256/3256
f 3257/3257 3258/3258 3259/3259
f 3260/3260 3261/3261 3262/3262
f 3263/3263 3264/3264 3265/3265
f 3266/3266 3267/3267 3268/3268
f 3269/3269 3270/3270 3271/3271
f 3272/3272 3273/3273 3274/3274
f 3275/3275 3276/3276 3277/3277
f 3278/3278 3279/3279 3280/3280
f 3281/3281 3282/3282 3283/3283
f 3284/3284 3282/3282 3281/3281
f 3285/3285 3286/3286 3287/3287
f 3288/3288 3289/3289 3290/3290
f 3291/3291 3292/3292 3293/3293
f 3294/3294 3295/3295 3296/3296
f 3297/3297 3298/3298 3299/3299
f 3300/3300 3301/3301 3302/3302
f 3292/3292 3303/3303 3293/3293
f 3304/3304 3305/3305 3306/3306
f 3307/3307 3308/3308 3309/3309
f 3310/3310 3311/3311 3312/3312
f 3313/3313 3314/3314 3315/3315
f 3316/3316 3317/3317 3318/3318
f 3319/3319 3320/3320 3321/3321
f 3322/3322 3323/3323 3324/3324
f 3325/3325 3326/3326 3327/3327
f 3328/3328 3329/3329 3330/3330
f 3331/3331 3332/3332 3333/3333
f 3334/3334 3335/3335 3336/3336
f 3337/3337 3338/3338 3339/3339
f 3340/3340 3341/3341 3342/3342
f 3343/3343 3344/3344 3345/3345
f 3346/3346 3347/3347 3348/3348
f 3349/3349 3347/3347 3346/3346
f 3347/3347 3350/3350 3351/3351
f 3349/3349 3352/3352 3347/3347
f 3347/3347 3352/3352 3350/3350
f 3352/3352 3353/3353 3354/3354
f 3355/3355 3356/3356 3349/3349
f 3353/3353 3356/3356 3357/3357
f 3349/3349 3356/3356 3352/3352
f 3352/3352 3356/3356 3353/3353
f 3355/3355 3358/3358 3356/3356
f 3359/3359 3360/3360 3361/3361
f 3362/3362 3363/3363 3364/3364
f 3365/3365 3366/3366 3367/3367
f 3368/3368 3369/3369 3370/3370
f 3371/3371 3372/3372 3373/3373
f 3374/3374 3375/3375 3376/3376
f 3377/3377 3363/3363 3362/3362
f 3377/3377 3378/3378 3363/3363
f 3379/3379 3380/3380 3381/3381
f 3382/3382 3383/3383 3384/3384
f 3385/3385 3386/3386 3369/3369
f 3385/3385 3369/3369 3368/3368
f 3387/3387 3388/3388 3372/3372
f 3387/3387 3372/3372 3371/3371
f 3389/3389 3390/3390 3391/3391
f 3392/3392 3393/3393 3375/3375
f 3392/3392 3375/3375 3374/3374
f 3394/3394 3395/3395 3378/3378
f 3394/3394 3378/3378 3377/3377
f 3396/3396 3397/3397 3398/3398
f 3399/3399 3400/3400 3401/3401
f 3402/3402 3383/3383 3382/3382
f 3402/3402 3403/3403 3383/3383
f 3404/3404 3405/3405 3386/3386
f 3404/3404 3386/3386 3385/3385
f 3406/3406 3407/3407 3408/3408
f 3409/3409 3388/3388 3387/3387
f 3410/3410 3411/3411 3390/3390
f 3410/3410 3390/3390 3389/3389
f 3412/3412 3393/3393 3392/3392
f 3412/3412 3413/3413 3393/3393
f 3414/3414 3415/3415 3416/3416
f 3417/3417 3418/3418 3419/3419
f 3420/3420 3421/3421 3395/3395
f 3420/3420 3395/3395 3394/3394
f 3422/3422 3400/3400 3399/3399
f 3422/3422 3423/3423 3400/3400
f 3424/3424 3403/3403 3402/3402
f 3424/3424 3425/3425 3403/3403
f 3426/3426 3427/3427 3428/3428
f 3429/3429 3430/3430 3405/3405
f 3429/3429 3405/3405 3404/3404
f 3431/3431 3407/3407 3406/3406
f 3431/3431 3432/3432 3407/3407
f 3433/3433 3434/3434 3435/3435
f 3436/3436 3437/3437 3438/3438
f 3439/3439 3388/3388 3409/3409
f 3440/3440 3441/3441 3411/3411
f 3440/3440 3411/3411 3410/3410
f 3442/3442 3443/3443 3444/3444
f 3445/3445 3446/3446 3447/3447
f 3448/3448 3449/3449 3413/3413
f 3448/3448 3413/3413 3412/3412
f 3450/3450 3451/3451 3418/3418
f 3450/3450 3418/3418 3417/3417
f 3452/3452 3453/3453 3454/3454
f 3455/3455 3456/3456 3457/3457
f 3458/3458 3459/3459 3421/3421
f 3458/3458 3421/3421 3420/3420
f 3460/3460 3461/3461 3462/3462
f 3463/3463 3423/3423 3422/3422
f 3463/3463 3464/3464 3423/3423
f 3465/3465 3466/3466 3467/3467
f 3468/3468 3425/3425 3424/3424
f 3468/3468 3469/3469 3425/3425
f 3470/3470 3427/3427 3426/3426
f 3470/3470 3471/3471 3427/3427
f 3472/3472 3446/3446 3445/3445
f 3473/3473 3474/3474 3475/3475
f 3476/3476 3477/3477 3478/3478
f 3479/3479 3480/3480 3430/3430
f 3479/3479 3430/3430 3429/3429
f 3481/3481 3432/3432 3431/3431
f 3482/3482 3451/3451 3450/3450
f 3481/3481 3483/3483 3432/3432
f 3484/3484 3485/3485 3486/3486
f 3487/3487 3488/3488 3489/3489
f 3490/3490 3441/3441 3440/3440
f 3490/3490 3491/3491 3441/3441
f 3492/3492 3472/3472 3445/3445
f 3493/3493 3494/3494 3495/3495
f 3496/3496 3497/3497 3498/3498
f 3499/3499 3449/3449 3448/3448
f 3500/3500 3501/3501 3502/3502
f 3499/3499 3503/3503 3449/3449
f 3504/3504 3469/3469 3468/3468
f 3505/3505 3482/3482 3450/3450
f 3506/3506 3507/3507 3508/3508
f 3509/3509 3510/3510 3464/3464
f 3509/3509 3464/3464 3463/3463
f 3511/3511 3512/3512 3466/3466
f 3511/3511 3466/3466 3465/3465
f 3513/3513 3504/3504 3468/3468
f 3514/3514 3515/3515 3516/3516
f 3517/3517 3518/3518 3519/3519
f 3520/3520 3521/3521 3471/3471
f 3520/3520 3471/3471 3470/3470
f 3522/3522 3523/3523 3524/3524
f 3525/3525 3526/3526 3527/3527
f 3528/3528 3529/3529 3483/3483
f 3528/3528 3483/3483 3481/3481
f 3530/3530 3531/3531 3488/3488
f 3530/3530 3488/3488 3487/3487
f 3532/3532 3533/3533 3534/3534
f 3535/3535 3536/3536 3537/3537
f 3538/3538 3539/3539 3540/3540
f 3538/3538 3491/3491 3490/3490
f 3538/3538 3540/3540 3491/3491
f 3541/3541 3472/3472 3492/3492
f 3541/3541 3542/3542 3472/3472
f 3543/3543 3544/3544 3545/3545
f 3546/3546 3482/3482 3505/3505
f 3546/3546 3547/3547 3482/3482
f 3548/3548 3507/3507 3506/3506
f 3548/3548 3549/3549 3507/3507
f 3550/3550 3510/3510 3509/3509
f 3551/3551 3552/3552 3553/3553
f 3554/3554 3555/3555 3556/3556
f 3550/3550 3557/3557 3510/3510
f 3558/3558 3559/3559 3512/3512
f 3558/3558 3512/3512 3511/3511
f 3560/3560 3561/3561 3562/3562
f 3563/3563 3564/3564 3565/3565
f 3566/3566 3542/3542 3541/3541
f 3567/3567 3568/3568 3521/3521
f 3567/3567 3521/3521 3520/3520
f 3569/3569 3526/3526 3525/3525
f 3569/3569 3570/3570 3526/3526
f 3571/3571 3572/3572 3529/3529
f 3573/3573 3574/3574 3575/3575
f 3576/3576 3577/3577 3578/3578
f 3571/3571 3529/3529 3528/3528
f 3571/3571 3579/3579 3572/3572
f 3580/3580 3531/3531 3530/3530
f 3580/3580 3581/3581 3531/3531
f 3582/3582 3583/3583 3584/3584
f 3585/3585 3566/3566 3541/3541
f 3586/3586 3544/3544 3543/3543
f 3587/3587 3564/3564 3563/3563
f 3586/3586 3588/3588 3544/3544
f 3589/3589 3590/3590 3547/3547
f 3591/3591 3592/3592 3593/3593
f 3589/3589 3547/3547 3546/3546
f 3589/3589 3594/3594 3590/3590
f 3595/3595 3596/3596 3549/3549
f 3595/3595 3549/3549 3548/3548
f 3597/3597 3598/3598 3599/3599
f 3600/3600 3601/3601 3602/3602
f 3603/3603 3559/3559 3558/3558
f 3603/3603 3604/3604 3559/3559
f 3605/3605 3587/3587 3563/3563
f 3606/3606 3583/3583 3582/3582
f 3607/3607 3608/3608 3609/3609
f 3610/3610 3611/3611 3612/3612
f 3613/3613 3568/3568 3567/3567
f 3613/3613 3614/3614 3615/3615
f 3613/3613 3615/3615 3568/3568
f 3616/3616 3566/3566 3585/3585
f 3617/3617 3570/3570 3569/3569
f 3617/3617 3618/3618 3570/3570
f 3619/3619 3581/3581 3580/3580
f 3619/3619 3620/3620 3581/3581
f 3621/3621 3606/3606 3582/3582
f 3622/3622 3623/3623 3624/3624
f 3625/3625 3626/3626 3616/3616
f 3625/3625 3616/3616 3585/3585
f 3627/3627 3628/3628 3588/3588
f 3627/3627 3588/3588 3586/3586
f 3629/3629 3596/3596 3595/3595
f 3629/3629 3630/3630 3596/3596
f 3631/3631 3632/3632 3601/3601
f 3633/3633 3634/3634 3635/3635
f 3631/3631 3601/3601 3600/3600
f 3636/3636 3637/3637 3604/3604
f 3636/3636 3638/3638 3637/3637
f 3639/3639 3640/3640 3641/3641
f 3642/3642 3643/3643 3644/3644
f 3636/3636 3604/3604 3603/3603
f 3645/3645 3646/3646 3587/3587
f 3645/3645 3587/3587 3605/3605
f 3647/3647 3648/3648 3618/3618
f 3649/3649 3628/3628 3627/3627
f 3647/3647 3618/3618 3617/3617
f 3650/3650 3651/3651 3620/3620
f 3652/3652 3653/3653 3654/3654
f 3650/3650 3655/3655 3651/3651
f 3650/3650 3620/3620 3619/3619
f 3656/3656 3606/3606 3621/3621
f 3656/3656 3657/3657 3606/3606
f 3658/3658 3649/3649 3627/3627
f 3659/3659 3660/3660 3630/3630
f 3659/3659 3630/3630 3629/3629
f 3659/3659 3661/3661 3660/3660
f 3662/3662 3663/3663 3664/3664
f 3665/3665 3666/3666 3667/3667
f 3668/3668 3635/3635 3669/3669
f 3670/3670 3671/3671 3632/3632
f 3670/3670 3632/3632 3631/3631
f 3668/3668 3633/3633 3635/3635
f 3672/3672 3646/3646 3645/3645
f 3672/3672 3673/3673 3646/3646
f 3674/3674 3657/3657 3656/3656
f 3675/3675 3676/3676 3677/3677
f 3675/3675 3677/3677 3648/3648
f 3678/3678 3679/3679 3680/3680
f 3675/3675 3648/3648 3647/3647
f 3681/3681 3674/3674 3656/3656
f 3682/3682 3683/3683 3649/3649
f 3682/3682 3649/3649 3658/3658
f 3684/3684 3685/3685 3686/3686
f 3687/3687 3688/3688 3689/3689
f 3690/3690 3691/3691 3692/3692
f 3693/3693 3694/3694 3671/3671
f 3695/3695 3668/3668 3669/3669
f 3693/3693 3671/3671 3670/3670
f 3696/3696 3673/3673 3672/3672
f 3697/3697 3698/3698 3699/3699
f 3696/3696 3700/3700 3673/3673
f 3701/3701 3702/3702 3703/3703
f 3704/3704 3705/3705 3706/3706
f 3707/3707 3708/3708 3709/3709
f 3710/3710 3674/3674 3681/3681
f 3711/3711 3712/3712 3713/3713
f 3710/3710 3714/3714 3674/3674
f 3715/3715 3716/3716 3694/3694
f 3715/3715 3694/3694 3693/3693
f 3717/3717 3718/3718 3719/3719
f 3720/3720 3721/3721 3722/3722
f 3723/3723 3695/3695 3669/3669
f 3715/3715 3724/3724 3716/3716
f 3725/3725 3726/3726 3727/3727
f 3725/3725 3727/3727 3728/3728
f 3729/3729 3730/3730 3731/3731
f 3732/3732 3733/3733 3734/3734
f 3735/3735 3736/3736 3737/3737
f 3738/3738 3739/3739 3740/3740
f 3741/3741 3742/3742 3743/3743
f 3744/3744 3745/3745 3746/3746
f 3747/3747 3748/3748 3749/3749
f 3750/3750 3751/3751 3752/3752
f 3753/3753 3754/3754 3755/3755
f 3756/3756 3757/3757 3758/3758
f 3759/3759 3760/3760 3761/3761
f 3762/3762 3763/3763 3764/3764
f 3765/3765 3766/3766 3767/3767
f 3768/3768 3769/3769 3770/3770
f 3771/3771 3772/3772 3773/3773
f 3774/3774 3775/3775 3776/3776
f 3777/3777 3778/3778 3779/3779
f 3780/3780 3781/3781 3782/3782
f 3783/3783 3784/3784 3785/3785
f 3786/3786 3787/3787 3788/3788
f 3789/3789 3790/3790 3791/3791
f 3792/3792 3793/3793 3794/3794
f 3795/3795 3796/3796 3797/3797
f 3798/3798 3799/3799 3800/3800
f 3801/3801 3802/3802 3803/3803
f 3804/3804 3805/3805 3806/3806
f 3807/3807 3808/3808 3809/3809
f 3810/3810 3811/3811 3812/3812
f 3813/3813 3814/3814 3815/3815
f 3816/3816 3817/3817 3818/3818
f 3819/3819 3820/3820 3821/3821
f 3822/3822 3823/3823 3824/3824
f 3825/3825 3826/3826 3827/3827
f 3828/3828 3829/3829 3830/3830
f 3831/3831 3832/3832 3833/3833
f 3834/3834 3835/3835 3836/3836
f 3837/3837 3838/3838 3839/3839
f 3840/3840 3841/3841 3842/3842
f 3831/3831 3833/3833 3843/3843
f 3844/3844 3845/3845 3846/3846
f 3847/3847 3848/3848 3849/3849
f 3850/3850 3851/3851 3852/3852
f 3853/3853 3854/3854 3855/3855
f 3856/3856 3857/3857 3858/3858
f 3859/3859 3860/3860 3861/3861
f 3862/3862 3863/3863 3864/3864
f 3862/3862 3865/3865 3863/3863
f 3866/3866 3867/3867 3868/3868
f 3869/3869 3870/3870 3871/3871
f 3872/3872 3873/3873 3874/3874
f 3875/3875 3876/3876 3877/3877
f 3878/3878 3879/3879 3880/3880
f 3881/3881 3882/3882 3883/3883
f 3875/3875 3884/3884 3876/3876
f 3885/3885 3886/3886 3887/3887
f 3888/3888 3889/3889 3890/3890
f 3891/3891 3892/3892 3893/3893
f 3894/3894 3895/3895 3896/3896
f 3897/3897 3898/3898 3899/3899
f 3900/3900 3901/3901 3902/3902
f 3903/3903 3904/3904 3905/3905
f 3903/3903 3906/3906 3904/3904
f 3907/3907 3908/3908 3909/3909
f 3910/3910 3911/3911 3912/3912
f 3913/3913 3914/3914 3915/3915
f 3916/3916 3917/3917 3918/3918
f 3919/3919 3920/3920 3921/3921
f 3922/3922 3923/3923 3924/3924
f 3925/3925 3926/3926 3927/3927
f 3928/3928 3929/3929 3930/3930
f 3919/3919 3931/3931 3920/3920
f 3932/3932 3933/3933 3934/3934
f 3935/3935 3936/3936 3937/3937
f 3938/3938 3939/3939 3940/3940
f 3941/3941 3942/3942 3943/3943
f 3944/3944 3945/3945 3946/3946
f 3947/3947 3948/3948 3949/3949
f 3941/3941 3950/3950 3942/3942
f 3951/3951 3952/3952 3953/3953
f 3954/3954 3955/3955 3956/3956
f 3957/3957 3958/3958 3959/3959
f 3960/3960 3961/3961 3962/3962
f 3963/3963 3964/3964 3965/3965
f 3966/3966 3955/3955 3954/3954
f 3967/3967 3968/3968 3969/3969
f 3970/3970 3971/3971 3972/3972
f 3973/3973 3974/3974 3975/3975
f 3976/3976 3977/3977 3978/3978
f 3979/3979 3980/3980 3981/3981
f 3982/3982 3983/3983 3984/3984
f 3985/3985 3986/3986 3987/3987
f 3988/3988 3983/3983 3982/3982
f 3989/3989 3990/3990 3991/3991
f 3992/3992 3993/3993 3994/3994
f 3995/3995 3996/3996 3997/3997
f 3998/3998 3999/3999 4000/4000
f 4001/4001 4002/4002 4003/4003
f 4004/4004 4005/4005 4006/4006
f 4007/4007 4008/4008 4009/4009
f 4007/4007 4010/4010 4008/4008
f 4011/4011 4012/4012 4013/4013
f 4014/4014 4015/4015 4016/4016
f 4017/4017 4018/4018 4019/4019
f 4020/4020 4021/4021 4022/4022
f 4023/4023 4024/4024 4025/4025
f 4026/4026 4027/4027 4028/4028
f 4029/4029 4030/4030 4031/4031
f 4029/4029 4032/4032 4030/4030
f 4033/4033 4034/4034 4035/4035
f 4036/4036 4037/4037 4038/4038
f 4039/4039 4040/4040 4041/4041
f 4042/4042 4043/4043 4044/4044
f 4045/4045 4046/4046 4047/4047
f 4048/4048 4049/4049 4050/4050
f 4051/4051 4052/4052 4053/4053
f 4054/4054 4055/4055 4056/4056
f 4054/4054 4056/4056 4057/4057
f 4058/4058 4059/4059 4060/4060
f 4061/4061 4062/4062 4063/4063
f 4064/4064 4065/4065 4066/4066
f 4067/4067 4068/4068 4069/4069
f 4070/4070 4071/4071 4072/4072
f 4073/4073 4074/4074 4075/4075
f 4076/4076 4077/4077 4078/4078
f 4079/4079 4080/4080 4081/4081
f 4082/4082 4083/4083 4084/4084
f 4073/4073 4075/4075 4085/4085
f 4086/4086 4087/4087 4088/4088
f 4089/4089 4090/4090 4091/4091
f 4092/4092 4093/4093 4094/4094
f 4095/4095 4096/4096 4097/4097
f 4098/4098 4099/4099 4100/4100
f 4101/4101 4102/4102 4103/4103
f 4104/4104 4105/4105 4106/4106
f 4104/4104 4106/4106 4107/4107
f 4108/4108 4109/4109 4110/4110
f 4111/4111 4112/4112 4113/4113
f 4114/4114 4115/4115 4116/4116
f 4117/4117 4118/4118 4119/4119
f 4120/4120 4121/4121 4122/4122
f 4123/4123 4124/4124 4125/4125
f 4126/4126 4127/4127 4128/4128
f 4120/4120 4122/4122 4129/4129
f 4130/4130 4131/4131 4132/4132
f 4133/4133 4134/4134 4135/4135
f 4136/4136 4137/4137 4138/4138
f 4139/4139 4140/4140 4141/4141
f 4142/4142 4143/4143 4144/4144
f 4145/4145 4146/4146 4147/4147
f 4145/4145 4147/4147 4148/4148
f 4149/4149 4150/4150 4151/4151
f 4152/4152 4153/4153 4154/4154
f 4155/4155 4156/4156 4157/4157
f 4158/4158 4159/4159 4160/4160
f 4149/4149 4161/4161 4150/4150
f 4162/4162 4163/4163 4164/4164
f 4165/4165 4163/4163 4162/4162
f 4166/4166 4165/4165 4162/4162
f 4167/4167 4168/4168 4169/4169
f 4170/4170 4168/4168 4167/4167
f 4171/4171 4162/4162 4168/4168
f 4171/4171 4166/4166 4162/4162
f 4171/4171 4168/4168 4170/4170
f 4172/4172 4173/4173 4174/4174
f 4172/4172 4175/4175 4173/4173
f 4176/4176 4177/4177 4178/4178
f 4179/4179 4177/4177 4176/4176
f 4180/4180 4181/4181 4182/4182
f 4177/4177 4183/4183 4184/4184
f 4185/4185 4183/4183 4179/4179
f 4182/4182 4183/4183 4185/4185
f 4186/4186 4183/4183 4181/4181
f 4179/4179 4183/4183 4177/4177
f 4181/4181 4183/4183 4182/4182
f 4187/4187 4188/4188 4189/4189
f 4190/4190 4188/4188 4187/4187
f 4188/4188 4191/4191 4192/4192
f 4193/4193 4194/4194 4195/4195
f 4191/4191 4194/4194 4193/4193
f 4190/4190 4196/4196 4188/4188
f 4197/4197 4196/4196 4198/4198
f 4199/4199 4196/4196 4197/4197
f 4194/4194 4196/4196 4199/4199
f 4191/4191 4196/4196 4194/4194
f 4184/4184 4196/4196 4190/4190
f 4200/4200 4196/4196 4183/4183
f 4183/4183 4196/4196 4184/4184
f 4188/4188 4196/4196 4191/4191
f 4201/4201 4202/4202 4203/4203
f 4202/4202 4204/4204 4203/4203
f 4204/4204 4205/4205 4203/4203
f 4206/4206 4207/4207 4205/4205
f 4208/4208 4209/4209 4207/4207
f 4205/4205 4209/4209 4203/4203
f 4210/4210 4209/4209 4208/4208
f 4211/4211 4209/4209 4210/4210
f 4207/4207 4209/4209 4205/4205
f 4212/4212 4213/4213 4209/4209
f 4214/4214 4213/4213 4212/4212
f 4215/4215 4213/4213 4214/4214
f 4216/4216 4217/4217 4213/4213
f 4218/4218 4217/4217 4216/4216
f 4219/4219 4217/4217 4218/4218
f 4213/4213 4217/4217 4209/4209
f 4220/4220 4221/4221 4217/4217
f 4222/4222 4221/4221 4220/4220
f 4223/4223 4224/4224 4221/4221
f 4221/4221 4224/4224 4217/4217
f 4224/4224 4225/4225 4217/4217
f 4226/4226 4227/4227 4228/4228
f 4229/4229 4230/4230 4227/4227
f 4231/4231 4230/4230 4229/4229
f 4225/4225 4232/4232 4217/4217
f 4228/4228 4232/4232 4225/4225
f 4227/4227 4232/4232 4228/4228
f 4230/4230 4232/4232 4227/4227
f 4217/4217 4233/4233 4209/4209
f 4234/4234 4233/4233 4232/4232
f 4235/4235 4233/4233 4234/4234
f 4236/4236 4233/4233 4235/4235
f 4232/4232 4233/4233 4217/4217
f 4237/4237 4238/4238 4233/4233
f 4209/4209 4239/4239 4203/4203
f 4240/4240 4239/4239 4238/4238
f 4233/4233 4239/4239 4209/4209
f 4238/4238 4239/4239 4233/4233
f 4200/4200 4241/4241 4196/4196
f 4203/4203 4241/4241 4242/4242
f 4242/4242 4241/4241 4200/4200
f 4239/4239 4241/4241 4203/4203
f 4241/4241 4243/4243 4196/4196
f 4241/4241 4244/4244 4243/4243
f 4241/4241 4245/4245 4244/4244
f 4241/4241 4246/4246 4245/4245
f 4241/4241 4247/4247 4246/4246
f 4248/4248 4249/4249 4250/4250
f 4251/4251 4252/4252 4253/4253
f 4254/4254 4248/4248 4250/4250
f 4255/4255 4256/4256 4257/4257
f 4258/4258 4251/4251 4253/4253
f 4259/4259 4260/4260 4261/4261
f 4262/4262 4255/4255 4257/4257
f 4263/4263 4264/4264 4265/4265
f 4266/4266 4259/4259 4261/4261
f 4267/4267 4268/4268 4269/4269
f 4270/4270 4263/4263 4265/4265
f 4271/4271 4272/4272 4273/4273
f 4274/4274 4267/4267 4269/4269
f 4275/4275 4276/4276 4277/4277
f 4278/4278 4271/4271 4273/4273
f 4279/4279 4280/4280 4281/4281
f 4282/4282 4275/4275 4277/4277
f 4283/4283 4284/4284 4285/4285
f 4286/4286 4279/4279 4281/4281
f 4287/4287 4288/4288 4289/4289
f 4290/4290 4283/4283 4285/4285
f 4291/4291 4292/4292 4293/4293
f 4294/4294 4287/4287 4289/4289
f 4295/4295 4291/4291 4293/4293
f 4296/4296 4297/4297 4298/4298
f 4299/4299 4296/4296 4298/4298
f 4300/4300 4301/4301 4302/4302
f 4303/4303 4304/4304 4305/4305
f 4306/4306 4300/4300 4302/4302
f 4307/4307 4308/4308 4309/4309
f 4310/4310 4303/4303 4305/4305
f 4311/4311 4312/4312 4313/4313
f 4314/4314 4307/4307 4309/4309
f 4315/4315 4316/4316 4317/4317
f 4318/4318 4311/4311 4313/4313
f 4319/4319 4320/4320 4321/4321
f 4322/4322 4315/4315 4317/4317
f 4323/4323 4324/4324 4325/4325
f 4326/4326 4319/4319 4321/4321
f 4327/4327 4328/4328 4329/4329
f 4330/4330 4323/4323 4325/4325
f 4331/4331 4332/4332 4333/4333
f 4334/4334 4327/4327 4329/4329
f 4335/4335 4336/4336 4337/4337
f 4338/4338 4331/4331 4333/4333
f 4339/4339 4335/4335 4337/4337
f 4340/4340 4341/4341 4342/4342
f 4340/4340 4342/4342 4343/4343
f 4344/4344 4340/4340 4345/4345
f 4344/4344 4341/4341 4340/4340
f 4346/4346 4344/4344 4345/4345
f 4347/4347 4344/4344 4346/4346
f 4348/4348 4344/4344 4347/4347
f 4349/4349 4344/4344 4348/4348
f 4350/4350 4351/4351 4344/4344
f 4352/4352 4344/4344 4349/4349
f 4353/4353 4344/4344 4352/4352
f 4354/4354 4350/4350 4344/4344
f 4355/4355 4344/4344 4353/4353
f 4356/4356 4354/4354 4344/4344
f 4357/4357 4356/4356 4344/4344
f 4358/4358 4344/4344 4355/4355
f 4359/4359 4357/4357 4344/4344
f 4360/4360 4344/4344 4358/4358
f 4361/4361 4344/4344 4360/4360
f 4362/4362 4359/4359 4344/4344
f 4363/4363 4362/4362 4344/4344
f 4364/4364 4344/4344 4361/4361
f 4365/4365 4363/4363 4344/4344
f 4366/4366 4344/4344 4364/4364
f 4366/4366 4365/4365 4344/4344
f 4367/4367 4368/4368 4369/4369
f 4370/4370 4371/4371 4372/4372
f 4373/4373 4374/4374 4375/4375
f 4376/4376 4377/4377 4378/4378
f 4373/4373 4379/4379 4374/4374
f 4380/4380 4376/4376 4378/4378
f 4381/4381 4371/4371 4370/4370
f 4381/4381 4382/4382 4371/4371
f 4383/4383 4384/4384 4385/4385
f 4386/4386 4387/4387 4388/4388
f 4389/4389 4390/4390 4391/4391
f 4386/4386 4392/4392 4387/4387
f 4393/4393 4394/4394 4392/4392
f 4393/4393 4392/4392 4386/4386
f 4395/4395 4396/4396 4397/4397
f 4398/4398 4399/4399 4400/4400
f 4401/4401 4402/4402 4403/4403
f 4404/4404 4396/4396 4395/4395
f 4405/4405 4406/4406 4407/4407
f 4408/4408 4409/4409 4410/4410
f 4411/4411 4412/4412 4413/4413
f 4414/4414 4415/4415 4416/4416
f 4417/4417 4408/4408 4410/4410
f 4418/4418 4419/4419 4420/4420
f 4418/4418 4421/4421 4419/4419
f 4422/4422 4423/4423 4424/4424
f 4422/4422 4425/4425 4423/4423
f 4426/4426 4427/4427 4428/4428
f 4429/4429 4430/4430 4431/4431
f 4432/4432 4433/4433 4434/4434
f 4435/4435 4436/4436 4437/4437
f 4438/4438 4439/4439 4440/4440
f 4441/4441 4436/4436 4435/4435
f 4442/4442 4443/4443 4444/4444
f 4445/4445 4446/4446 4447/4447
f 4448/4448 4449/4449 4450/4450
f 4451/4451 4426/4426 4428/4428
f 4452/4452 4434/4434 4453/4453
f 4452/4452 4432/4432 4434/4434
f 4454/4454 4455/4455 4456/4456
f 4454/4454 4457/4457 4455/4455
f 4458/4458 4448/4448 4450/4450
f 4459/4459 4445/4445 4447/4447
f 4459/4459 4447/4447 4460/4460
f 4461/4461 4452/4452 4453/4453
f 4461/4461 4453/4453 4462/4462
f 4463/4463 4464/4464 4465/4465
f 4466/4466 4467/4467 4468/4468
f 4466/4466 4468/4468 4469/4469
f 4470/4470 4454/4454 4456/4456
f 4470/4470 4456/4456 4471/4471
f 4472/4472 4473/4473 4474/4474
f 4475/4475 4464/4464 4463/4463
f 4476/4476 4477/4477 4478/4478
f 4479/4479 4473/4473 4472/4472
f 4480/4480 4460/4460 4481/4481
f 4480/4480 4459/4459 4460/4460
f 4482/4482 4483/4483 4484/4484
f 4485/4485 4477/4477 4476/4476
f 4486/4486 4487/4487 4488/4488
f 4486/4486 4489/4489 4487/4487
f 4490/4490 4463/4463 4491/4491
f 4490/4490 4475/4475 4463/4463
f 4492/4492 4493/4493 4494/4494
f 4495/4495 4479/4479 4472/4472
f 4495/4495 4472/4472 4496/4496
f 4497/4497 4498/4498 4499/4499
f 4500/4500 4501/4501 4502/4502
f 4503/4503 4504/4504 4505/4505
f 4506/4506 4485/4485 4476/4476
f 4506/4506 4476/4476 4507/4507
f 4508/4508 4509/4509 4510/4510
f 4511/4511 4461/4461 4462/4462
f 4511/4511 4462/4462 4512/4512
f 4513/4513 4514/4514 4515/4515
f 4516/4516 4517/4517 4518/4518
f 4519/4519 4471/4471 4520/4520
f 4519/4519 4470/4470 4471/4471
f 4521/4521 4494/4494 4522/4522
f 4521/4521 4492/4492 4494/4494
f 4523/4523 4500/4500 4502/4502
f 4523/4523 4502/4502 4524/4524
f 4525/4525 4480/4480 4481/4481
f 4525/4525 4481/4481 4526/4526
f 4527/4527 4510/4510 4528/4528
f 4527/4527 4508/4508 4510/4510
f 4529/4529 4486/4486 4488/4488
f 4529/4529 4488/4488 4530/4530
f 4531/4531 4532/4532 4533/4533
f 4534/4534 4535/4535 4536/4536
f 4537/4537 4516/4516 4518/4518
f 4537/4537 4518/4518 4538/4538
f 4539/4539 4540/4540 4541/4541
f 4539/4539 4542/4542 4540/4540
f 4543/4543 4544/4544 4545/4545
f 4543/4543 4545/4545 4546/4546
f 4547/4547 4548/4548 4549/4549
f 4550/4550 4551/4551 4552/4552
f 4553/4553 4554/4554 4555/4555
f 4553/4553 4556/4556 4554/4554
f 4557/4557 4558/4558 4559/4559
f 4560/4560 4561/4561 4562/4562
f 4563/4563 4564/4564 4565/4565
f 4563/4563 4566/4566 4564/4564
f 4567/4567 4568/4568 4569/4569
f 4570/4570 4571/4571 4572/4572
f 4573/4573 4523/4523 4524/4524
f 4573/4573 4524/4524 4574/4574
f 4575/4575 4505/4505 4576/4576
f 4575/4575 4503/4503 4505/4505
f 4577/4577 4578/4578 4579/4579
f 4580/4580 4581/4581 4582/4582
f 4583/4583 4584/4584 4585/4585
f 4583/4583 4586/4586 4584/4584
f 4587/4587 4512/4512 4588/4588
f 4587/4587 4511/4511 4512/4512
f 4589/4589 4578/4578 4577/4577
f 4590/4590 4520/4520 4591/4591
f 4590/4590 4519/4519 4520/4520
f 4592/4592 4593/4593 4594/4594
f 4592/4592 4595/4595 4593/4593
f 4596/4596 4597/4597 4598/4598
f 4599/4599 4600/4600 4601/4601
f 4602/4602 4603/4603 4604/4604
f 4602/4602 4605/4605 4603/4603
f 4606/4606 4607/4607 4608/4608
f 4606/4606 4609/4609 4607/4607
f 4610/4610 4611/4611 4612/4612
f 4613/4613 4530/4530 4614/4614
f 4613/4613 4529/4529 4530/4530
f 4615/4615 4616/4616 4617/4617
f 4615/4615 4618/4618 4616/4616
f 4619/4619 4620/4620 4621/4621
f 4622/4622 4623/4623 4624/4624
f 4625/4625 4626/4626 4627/4627
f 4625/4625 4628/4628 4626/4626
f 4629/4629 4630/4630 4631/4631
f 4632/4632 4633/4633 4634/4634
f 4635/4635 4636/4636 4637/4637
f 4635/4635 4638/4638 4636/4636
f 4639/4639 4640/4640 4641/4641
f 4639/4639 4641/4641 4642/4642
f 4643/4643 4644/4644 4645/4645
f 4643/4643 4646/4646 4644/4644
f 4647/4647 4575/4575 4576/4576
f 4648/4648 4580/4580 4582/4582
f 4648/4648 4582/4582 4649/4649
f 4650/4650 4651/4651 4652/4652
f 4650/4650 4653/4653 4651/4651
f 4654/4654 4655/4655 4656/4656
f 4654/4654 4656/4656 4657/4657
f 4658/4658 4659/4659 4660/4660
f 4658/4658 4661/4661 4659/4659
f 4662/4662 4590/4590 4591/4591
f 4662/4662 4591/4591 4663/4663
f 4664/4664 4599/4599 4601/4601
f 4664/4664 4601/4601 4665/4665
f 4666/4666 4667/4667 4668/4668
f 4666/4666 4668/4668 4669/4669
f 4670/4670 4610/4610 4612/4612
f 4670/4670 4612/4612 4671/4671
f 4672/4672 4602/4602 4604/4604
f 4672/4672 4604/4604 4673/4673
f 4674/4674 4675/4675 4676/4676
f 4674/4674 4676/4676 4677/4677
f 4678/4678 4679/4679 4680/4680
f 4678/4678 4680/4680 4681/4681
f 4682/4682 4622/4622 4624/4624
f 4682/4682 4624/4624 4683/4683
f 4684/4684 4685/4685 4686/4686
f 4684/4684 4687/4687 4685/4685
f 4688/4688 4689/4689 4690/4690
f 4688/4688 4691/4691 4689/4689
f 4692/4692 4693/4693 4694/4694
f 4695/4695 4696/4696 4697/4697
f 4692/4692 4698/4698 4693/4693
f 4699/4699 4700/4700 4701/4701
f 4702/4702 4703/4703 4704/4704
f 4702/4702 4705/4705 4703/4703
f 4706/4706 4707/4707 4708/4708
f 4706/4706 4709/4709 4707/4707
f 4710/4710 4711/4711 4712/4712
f 4713/4713 4714/4714 4715/4715
f 4716/4716 4717/4717 4718/4718
f 4719/4719 4720/4720 4721/4721
f 4722/4722 4723/4723 4724/4724
f 4722/4722 4725/4725 4723/4723
f 4726/4726 4700/4700 4699/4699
f 4727/4727 4728/4728 4729/4729
f 4730/4730 4647/4647 4576/4576
f 4731/4731 4732/4732 4733/4733
f 4731/4731 4734/4734 4732/4732
f 4735/4735 4736/4736 4737/4737
f 4738/4738 4739/4739 4740/4740
f 4738/4738 4741/4741 4739/4739
f 4742/4742 4743/4743 4744/4744
f 4742/4742 4744/4744 4745/4745
f 4746/4746 4652/4652 4747/4747
f 4746/4746 4650/4650 4652/4652
f 4748/4748 4749/4749 4750/4750
f 4751/4751 4752/4752 4753/4753
f 4754/4754 4755/4755 4756/4756
f 4754/4754 4756/4756 4757/4757
f 4758/4758 4759/4759 4760/4760
f 4758/4758 4760/4760 4761/4761
f 4762/4762 4763/4763 4764/4764
f 4762/4762 4764/4764 4765/4765
f 4766/4766 4767/4767 4768/4768
f 4766/4766 4769/4769 4767/4767
f 4770/4770 4771/4771 4772/4772
f 4773/4773 4774/4774 4775/4775
f 4776/4776 4777/4777 4778/4778
f 4779/4779 4780/4780 4781/4781
f 4779/4779 4782/4782 4780/4780
f 4783/4783 4784/4784 4785/4785
f 4786/4786 4787/4787 4788/4788
f 4783/4783 4785/4785 4789/4789
f 4790/4790 4791/4791 4792/4792
f 4790/4790 4792/4792 4793/4793
f 4794/4794 4795/4795 4796/4796
f 4794/4794 4796/4796 4797/4797
f 4798/4798 4787/4787 4786/4786
f 4799/4799 4800/4800 4801/4801
f 4799/4799 4801/4801 4802/4802
f 4803/4803 4804/4804 4805/4805
f 4806/4806 4807/4807 4808/4808
f 4803/4803 4805/4805 4809/4809
f 4810/4810 4811/4811 4812/4812
f 4813/4813 4814/4814 4815/4815
f 4810/4810 4812/4812 4816/4816
f 4817/4817 4818/4818 4819/4819
f 4817/4817 4820/4820 4818/4818
f 4821/4821 4807/4807 4806/4806
f 4822/4822 4814/4814 4813/4813
f 4823/4823 4824/4824 4825/4825
f 4823/4823 4826/4826 4824/4824
f 4827/4827 4828/4828 4829/4829
f 4830/4830 4831/4831 4832/4832
f 4830/4830 4832/4832 4833/4833
f 4834/4834 4835/4835 4836/4836
f 4834/4834 4836/4836 4837/4837
f 4838/4838 4839/4839 4840/4840
f 4838/4838 4840/4840 4841/4841
f 4842/4842 4730/4730 4843/4843
f 4844/4844 4828/4828 4827/4827
f 4845/4845 4846/4846 4847/4847
f 4845/4845 4848/4848 4846/4846
f 4849/4849 4850/4850 4851/4851
f 4852/4852 4746/4746 4747/4747
f 4852/4852 4747/4747 4853/4853
f 4854/4854 4855/4855 4856/4856
f 4854/4854 4857/4857 4855/4855
f 4858/4858 4859/4859 4860/4860
f 4861/4861 4850/4850 4849/4849
f 4862/4862 4863/4863 4864/4864
f 4862/4862 4865/4865 4863/4863
f 4866/4866 4765/4765 4867/4867
f 4866/4866 4762/4762 4765/4765
f 4868/4868 4869/4869 4870/4870
f 4871/4871 4872/4872 4873/4873
f 4871/4871 4874/4874 4872/4872
f 4875/4875 4859/4859 4858/4858
f 4876/4876 4877/4877 4878/4878
f 4876/4876 4878/4878 4879/4879
f 4880/4880 4881/4881 4882/4882
f 4880/4880 4883/4883 4881/4881
f 4884/4884 4869/4869 4868/4868
f 4885/4885 4886/4886 4887/4887
f 4885/4885 4888/4888 4886/4886
f 4889/4889 4890/4890 4891/4891
f 4892/4892 4893/4893 4894/4894
f 4895/4895 4896/4896 4897/4897
f 4892/4892 4898/4898 4893/4893
f 4899/4899 4786/4786 4900/4900
f 4899/4899 4798/4798 4786/4786
f 4901/4901 4902/4902 4903/4903
f 4901/4901 4903/4903 4904/4904
f 4905/4905 4890/4890 4889/4889
f 4906/4906 4803/4803 4809/4809
f 4906/4906 4809/4809 4907/4907
f 4908/4908 4909/4909 4910/4910
f 4908/4908 4910/4910 4911/4911
f 4912/4912 4913/4913 4914/4914
f 4912/4912 4914/4914 4915/4915
f 4916/4916 4917/4917 4918/4918
f 4916/4916 4918/4918 4919/4919
f 4920/4920 4921/4921 4922/4922
f 4920/4920 4922/4922 4923/4923
f 4924/4924 4925/4925 4926/4926
f 4924/4924 4926/4926 4927/4927
f 4928/4928 4929/4929 4930/4930
f 4931/4931 4932/4932 4933/4933
f 4931/4931 4934/4934 4932/4932
f 4935/4935 4936/4936 4729/4729
f 4935/4935 4729/4729 4937/4937
f 4938/4938 4852/4852 4853/4853
f 4939/4939 4940/4940 4941/4941
f 4939/4939 4941/4941 4942/4942
f 4943/4943 4852/4852 4938/4938
f 4944/4944 4929/4929 4928/4928
f 4945/4945 4946/4946 4947/4947
f 4945/4945 4948/4948 4946/4946
f 4949/4949 4950/4950 4951/4951
f 4949/4949 4951/4951 4952/4952
f 4953/4953 4866/4866 4867/4867
f 4953/4953 4867/4867 4954/4954
f 4955/4955 4956/4956 4957/4957
f 4958/4958 4959/4959 4960/4960
f 4955/4955 4957/4957 4961/4961
f 4962/4962 4963/4963 4964/4964
f 4962/4962 4964/4964 4965/4965
f 4966/4966 4967/4967 4968/4968
f 4966/4966 4968/4968 4969/4969
f 4970/4970 4959/4959 4958/4958
f 4971/4971 4972/4972 4973/4973
f 4971/4971 4974/4974 4972/4972
f 4975/4975 4976/4976 4977/4977
f 4978/4978 4979/4979 4980/4980
f 4981/4981 4982/4982 4983/4983
f 4975/4975 4984/4984 4976/4976
f 4985/4985 4986/4986 4987/4987
f 4985/4985 4988/4988 4986/4986
f 4989/4989 4990/4990 4991/4991
f 4989/4989 4991/4991 4992/4992
f 4993/4993 4994/4994 4995/4995
f 4993/4993 4996/4996 4994/4994
f 4997/4997 4998/4998 4999/4999
f 4997/4997 5000/5000 4998/4998
f 5001/5001 5002/5002 5003/5003
f 5001/5001 5004/5004 5002/5002
f 5005/5005 4916/4916 4919/4919
f 5006/5006 5007/5007 5008/5008
f 5006/5006 5008/5008 5009/5009
f 5010/5010 5011/5011 5012/5012
f 5013/5013 5014/5014 5015/5015
f 5013/5013 5016/5016 5014/5014
f 5017/5017 4916/4916 5005/5005
f 5018/5018 5011/5011 5010/5010
f 5019/5019 5020/5020 5021/5021
f 5019/5019 5022/5022 5020/5020
f 5023/5023 5024/5024 5025/5025
f 5023/5023 5026/5026 5024/5024
f 5027/5027 5028/5028 5029/5029
f 5027/5027 5030/5030 5028/5028
f 5031/5031 5032/5032 5033/5033
f 5031/5031 5034/5034 5032/5032
f 5035/5035 5036/5036 5037/5037
f 5035/5035 5037/5037 5038/5038
f 5039/5039 5040/5040 5041/5041
f 5042/5042 5043/5043 5044/5044
f 5042/5042 5045/5045 5043/5043
f 5046/5046 4935/4935 4937/4937
f 5047/5047 5048/5048 5049/5049
f 5050/5050 5040/5040 5039/5039
f 5051/5051 5052/5052 5053/5053
f 5051/5051 5054/5054 5052/5052
f 5055/5055 5056/5056 5057/5057
f 5055/5055 5058/5058 5056/5056
f 5059/5059 4943/4943 4938/4938
f 5059/5059 4938/4938 5060/5060
f 5061/5061 5062/5062 5063/5063
f 5059/5059 5060/5060 5064/5064
f 5065/5065 5066/5066 5067/5067
f 5065/5065 5067/5067 5068/5068
f 5069/5069 5070/5070 5071/5071
f 5072/5072 5073/5073 5074/5074
f 5072/5072 5075/5075 5073/5073
f 5076/5076 5077/5077 5078/5078
f 5079/5079 5080/5080 5081/5081
f 5076/5076 5078/5078 5082/5082
f 5083/5083 5084/5084 5085/5085
f 5083/5083 5086/5086 5084/5084
f 5083/5083 5085/5085 5087/5087
f 5088/5088 5089/5089 5090/5090
f 5088/5088 5091/5091 5089/5089
f 5092/5092 5093/5093 5094/5094
f 5095/5095 5070/5070 5069/5069
f 5096/5096 5080/5080 5079/5079
f 5097/5097 5098/5098 5099/5099
f 5100/5100 5093/5093 5092/5092
f 5101/5101 4973/4973 5102/5102
f 5103/5103 5104/5104 5105/5105
f 5101/5101 5102/5102 5106/5106
f 5101/5101 4971/4971 4973/4973
f 5107/5107 5108/5108 5109/5109
f 5107/5107 5110/5110 5108/5108
f 5111/5111 4997/4997 4999/4999
f 5111/5111 4999/4999 5112/5112
f 5113/5113 5114/5114 5115/5115
f 5111/5111 5112/5112 5116/5116
f 5117/5117 5118/5118 5119/5119
f 5117/5117 5120/5120 5118/5118
f 5121/5121 5122/5122 5123/5123
f 5121/5121 5124/5124 5122/5122
f 5125/5125 5126/5126 5127/5127
f 5125/5125 5128/5128 5129/5129
f 5125/5125 5129/5129 5126/5126
f 5130/5130 5131/5131 5132/5132
f 5130/5130 5133/5133 5131/5131
f 5134/5134 5135/5135 5136/5136
f 5137/5137 5138/5138 5139/5139
f 5140/5140 5141/5141 5142/5142
f 5143/5143 5144/5144 5145/5145
f 5134/5134 5146/5146 5135/5135
f 5147/5147 5148/5148 5149/5149
f 5147/5147 5150/5150 5148/5148
f 5151/5151 5152/5152 5153/5153
f 5154/5154 5155/5155 5156/5156
f 5151/5151 5157/5157 5152/5152
f 5158/5158 5159/5159 5160/5160
f 5158/5158 5161/5161 5159/5159
f 5162/5162 5144/5144 5143/5143
f 5162/5162 5143/5143 5163/5163
f 5164/5164 5165/5165 5166/5166
f 5167/5167 5155/5155 5154/5154
f 5168/5168 5169/5169 5170/5170
f 5171/5171 5172/5172 5173/5173
f 5174/5174 5175/5175 5176/5176
f 5174/5174 5177/5177 5175/5175
f 5178/5178 5169/5169 5168/5168
f 5179/5179 5180/5180 5181/5181
f 5182/5182 5183/5183 5184/5184
f 5182/5182 5184/5184 5185/5185
f 5182/5182 5186/5186 5183/5183
f 5187/5187 5188/5188 5189/5189
f 5190/5190 5191/5191 5192/5192
f 5190/5190 5193/5193 5191/5191
f 5194/5194 5195/5195 5196/5196
f 5197/5197 5172/5172 5171/5171
f 5198/5198 5199/5199 5200/5200
f 5198/5198 5201/5201 5199/5199
f 5202/5202 5203/5203 5204/5204
f 5205/5205 5195/5195 5194/5194
f 5206/5206 5207/5207 5208/5208
f 5206/5206 5208/5208 5209/5209
f 5210/5210 5211/5211 5212/5212
f 5210/5210 5213/5213 5211/5211
f 5214/5214 5215/5215 5216/5216
f 5217/5217 5218/5218 5219/5219
f 5220/5220 5221/5221 5222/5222
f 5220/5220 5223/5223 5221/5221
f 5224/5224 5225/5225 5226/5226
f 5224/5224 5226/5226 5227/5227
f 5228/5228 5229/5229 5230/5230
f 5228/5228 5230/5230 5231/5231
f 5232/5232 5233/5233 5234/5234
f 5232/5232 5234/5234 5235/5235
f 5236/5236 5237/5237 5238/5238
f 5239/5239 5240/5240 5241/5241
f 5242/5242 5243/5243 5244/5244
f 5239/5239 5241/5241 5245/5245
f 5246/5246 5202/5202 5204/5204
f 5247/5247 5248/5248 5249/5249
f 5250/5250 5251/5251 5252/5252
f 5253/5253 5237/5237 5236/5236
f 5254/5254 5243/5243 5242/5242
f 5255/5255 5250/5250 5256/5256
f 5255/5255 5251/5251 5250/5250
f 5257/5257 5258/5258 5259/5259
f 5260/5260 5261/5261 5262/5262
f 5260/5260 5263/5263 5261/5261
f 5264/5264 5265/5265 5266/5266
f 5264/5264 5266/5266 5267/5267
f 5268/5268 5269/5269 5270/5270
f 5268/5268 5271/5271 5272/5272
f 5268/5268 5270/5270 5271/5271
f 5273/5273 5274/5274 5275/5275
f 5268/5268 5272/5272 5276/5276
f 5277/5277 5278/5278 5279/5279
f 5277/5277 5279/5279 5280/5280
f 5281/5281 5282/5282 5283/5283
f 5281/5281 5284/5284 5282/5282
f 5285/5285 5286/5286 5287/5287
f 5285/5285 5287/5287 5288/5288
f 5289/5289 5274/5274 5273/5273
f 5290/5290 5291/5291 5292/5292
f 5290/5290 5293/5293 5291/5291
f 5294/5294 5295/5295 5296/5296
f 5294/5294 5297/5297 5295/5295
f 5298/5298 5299/5299 5300/5300
f 5301/5301 5302/5302 5303/5303
f 5301/5301 5304/5304 5302/5302
f 5305/5305 5306/5306 5307/5307
f 5308/5308 5309/5309 5310/5310
f 5308/5308 5310/5310 5311/5311
f 5308/5308 5311/5311 5312/5312
f 5308/5308 5312/5312 5313/5313
f 5314/5314 5315/5315 5316/5316
f 5314/5314 5317/5317 5315/5315
f 5318/5318 5306/5306 5305/5305
f 5319/5319 5320/5320 5321/5321
f 5322/5322 5323/5323 5324/5324
f 5325/5325 5326/5326 5327/5327
f 5325/5325 5328/5328 5326/5326
f 5329/5329 5330/5330 5331/5331
f 5329/5329 5331/5331 5332/5332
f 5333/5333 5334/5334 5335/5335
f 5336/5336 5337/5337 5338/5338
f 5339/5339 5340/5340 5341/5341
f 5342/5342 5343/5343 5344/5344
f 5342/5342 5345/5345 5343/5343
f 5346/5346 5347/5347 5348/5348
f 5349/5349 5340/5340 5339/5339
f 5350/5350 5351/5351 5352/5352
f 5350/5350 5352/5352 5353/5353
f 5354/5354 5355/5355 5356/5356
f 5357/5357 5358/5358 5359/5359
f 5357/5357 5360/5360 5358/5358
f 5357/5357 5361/5361 5360/5360
f 5362/5362 5363/5363 5364/5364
f 5362/5362 5364/5364 5365/5365
f 5366/5366 5367/5367 5368/5368
f 5369/5369 5370/5370 5371/5371
f 5372/5372 5373/5373 5374/5374
f 5369/5369 5371/5371 5375/5375
f 5376/5376 5377/5377 5378/5378
f 5376/5376 5378/5378 5379/5379
f 5380/5380 5381/5381 5382/5382
f 5383/5383 5373/5373 5372/5372
f 5380/5380 5384/5384 5381/5381
f 5385/5385 5386/5386 5387/5387
f 5385/5385 5388/5388 5386/5386
f 5389/5389 5390/5390 5391/5391
f 5392/5392 5393/5393 5394/5394
f 5392/5392 5394/5394 5395/5395
f 5396/5396 5397/5397 5398/5398
f 5389/5389 5399/5399 5390/5390
f 5400/5400 5401/5401 5402/5402
f 5403/5403 5404/5404 5405/5405
f 5406/5406 5397/5397 5396/5396
f 5407/5407 5408/5408 5409/5409
f 5410/5410 5411/5411 5412/5412
f 5407/5407 5409/5409 5413/5413
f 5414/5414 5415/5415 5416/5416
f 5417/5417 5418/5418 5419/5419
f 5420/5420 5421/5421 5422/5422
f 5420/5420 5423/5423 5424/5424
f 5420/5420 5422/5422 5423/5423
f 5425/5425 5426/5426 5427/5427
f 5428/5428 5429/5429 5430/5430
f 5425/5425 5431/5431 5426/5426
f 5428/5428 5432/5432 5429/5429
f 5433/5433 5434/5434 5435/5435
f 5436/5436 5437/5437 5438/5438
f 5436/5436 5439/5439 5437/5437
f 5440/5440 5441/5441 5442/5442
f 5443/5443 5444/5444 5445/5445
f 5443/5443 5445/5445 5446/5446
f 5447/5447 4402/4402 5448/5448
f 5449/5449 5450/5450 5451/5451
f 5452/5452 5447/5447 5448/5448
f 5453/5453 5454/5454 5455/5455
f 5456/5456 5457/5457 5458/5458
f 5459/5459 5460/5460 5461/5461
f 5462/5462 5453/5453 5455/5455
f 5463/5463 5464/5464 5465/5465
f 5466/5466 5459/5459 5461/5461
f 5467/5467 5468/5468 5469/5469
f 5470/5470 5471/5471 5472/5472
f 5473/5473 5474/5474 5475/5475
f 5476/5476 5477/5477 5478/5478
f 5479/5479 5480/5480 5481/5481
f 5482/5482 5483/5483 5484/5484
f 5485/5485 5479/5479 5481/5481
f 5486/5486 5487/5487 5488/5488
f 5489/5489 5490/5490 5491/5491
f 5492/5492 5493/5493 5494/5494
f 5495/5495 5496/5496 5497/5497
f 5498/5498 5499/5499 5500/5500
f 5501/5501 5502/5502 5503/5503
f 5504/5504 5505/5505 5506/5506
f 5507/5507 5508/5508 5509/5509
f 5510/5510 5511/5511 5512/5512
f 5513/5513 5514/5514 5515/5515
f 5516/5516 5517/5517 5518/5518
f 5519/5519 5520/5520 5521/5521
f 5522/5522 5513/5513 5515/5515
f 5523/5523 5524/5524 5525/5525
f 5526/5526 5527/5527 5528/5528
f 5529/5529 5530/5530 5531/5531
f 5532/5532 5533/5533 5534/5534
f 5535/5535 5536/5536 5537/5537
f 5538/5538 5529/5529 5531/5531
f 5539/5539 5540/5540 5541/5541
f 5542/5542 5535/5535 5537/5537
f 5543/5543 5544/5544 5545/5545
f 5546/5546 5547/5547 5548/5548
f 5549/5549 5550/5550 5551/5551
f 5552/5552 5553/5553 5554/5554
f 5555/5555 5556/5556 5557/5557
f 5558/5558 5559/5559 5560/5560
f 5561/5561 5562/5562 5563/5563
f 5564/5564 5555/5555 5557/5557
f 5565/5565 5566/5566 5567/5567
f 5568/5568 5569/5569 5570/5570
f 5571/5571 5572/5572 5573/5573
f 5574/5574 5565/5565 5567/5567
f 5575/5575 5576/5576 5577/5577
f 5578/5578 5579/5579 5580/5580
f 5581/5581 5582/5582 5583/5583
f 5584/5584 5575/5575 5577/5577
f 5585/5585 5586/5586 5587/5587
f 5588/5588 5589/5589 5590/5590
f 5591/5591 5592/5592 5593/5593
f 5594/5594 5595/5595 5596/5596
f 5597/5597 5598/5598 5599/5599
f 5600/5600 5601/5601 5602/5602
f 5603/5603 5600/5600 5602/5602
f 5604/5604 5605/5605 5606/5606
f 5607/5607 5604/5604 5606/5606
f 5608/5608 5609/5609 5610/5610
f 5611/5611 5612/5612 5613/5613
f 5614/5614 5615/5615 5616/5616
f 5617/5617 5618/5618 5619/5619
f 5620/5620 5611/5611 5613/5613
f 5621/5621 5622/5622 5623/5623
f 5624/5624 5617/5617 5619/5619
f 5625/5625 5626/5626 5627/5627
f 5628/5628 5621/5621 5623/5623
f 5629/5629 5630/5630 5631/5631
f 5632/5632 5625/5625 5627/5627
f 5633/5633 5634/5634 5635/5635
f 5636/5636 5629/5629 5631/5631
f 5637/5637 5638/5638 5639/5639
f 5640/5640 5633/5633 5635/5635
f 5641/5641 5642/5642 5643/5643
f 5644/5644 5637/5637 5639/5639
f 5645/5645 5641/5641 5643/5643
f 5646/5646 5647/5647 5648/5648
f 5649/5649 5650/5650 5651/5651
f 5649/5649 5651/5651 5652/5652
f 5649/5649 5652/5652 5653/5653
f 5649/5649 5653/5653 5654/5654
f 5649/5649 5654/5654 5655/5655
f 5649/5649 5655/5655 5656/5656
f 5649/5649 5656/5656 5657/5657
f 5649/5649 5657/5657 5658/5658
f 5649/5649 5658/5658 5659/5659
f 5649/5649 5659/5659 5660/5660
f 5649/5649 5660/5660 5661/5661
f 5649/5649 5661/5661 5662/5662
f 5649/5649 5662/5662 5663/5663
f 5649/5649 5663/5663 5664/5664
f 5649/5649 5664/5664 5665/5665
f 5649/5649 5665/5665 5666/5666
f 5649/5649 5666/5666 5667/5667
f 5649/5649 5667/5667 5668/5668
f 5649/5649 5668/5668 5669/5669
f 5649/5649 5669/5669 5670/5670
f 5649/5649 5670/5670 5646/5646
f 5671/5671 5646/5646 5648/5648
f 5671/5671 5649/5649 5646/5646
f 5672/5672 5673/5673 5674/5674
f 5675/5675 5673/5673 5672/5672
f 5676/5676 5673/5673 5675/5675
f 5677/5677 5673/5673 5676/5676
f 5678/5678 5673/5673 5677/5677
f 5679/5679 5673/5673 5678/5678
f 5680/5680 5673/5673 5679/5679
f 5681/5681 5673/5673 5680/5680
f 5681/5681 5682/5682 5673/5673
f 5682/5682 5683/5683 5673/5673
f 5683/5683 5684/5684 5673/5673
f 5684/5684 5685/5685 5673/5673
f 5686/5686 5685/5685 5684/5684
f 5687/5687 5685/5685 5686/5686
f 5688/5688 5685/5685 5687/5687
f 5689/5689 5685/5685 5688/5688
f 5690/5690 5685/5685 5689/5689
f 5691/5691 5685/5685 5690/5690
f 5691/5691 5692/5692 5685/5685
f 5692/5692 5693/5693 5685/5685
f 5693/5693 5694/5694 5685/5685
f 5695/5695 5694/5694 5693/5693
f 5696/5696 5694/5694 5695/5695
f 5697/5697 5694/5694 5696/5696
f 5698/5698 5694/5694 5697/5697
f 5698/5698 5699/5699 5694/5694
f 5698/5698 5700/5700 5699/5699
f 5698/5698 5701/5701 5700/5700
f 5698/5698 5702/5702 5701/5701
f 5698/5698 5703/5703 5702/5702
f 5698/5698 5704/5704 5703/5703
f 5698/5698 5705/5705 5704/5704
f 5698/5698 5706/5706 5705/5705
f 5698/5698 5707/5707 5706/5706
f 5698/5698 5708/5708 5707/5707
f 5698/5698 5709/5709 5708/5708
f 5698/5698 5710/5710 5709/5709
f 5698/5698 5711/5711 5710/5710
f 5698/5698 5712/5712 5711/5711
f 5698/5698 5713/5713 5712/5712
f 5698/5698 5714/5714 5713/5713
f 5698/5698 5715/5715 5714/5714
f 5698/5698 5716/5716 5715/5715
f 5698/5698 5717/5717 5716/5716
f 5698/5698 5718/5718 5717/5717
f 5698/5698 5719/5719 5718/5718
f 5698/5698 5720/5720 5719/5719
f 5698/5698 5721/5721 5720/5720
f 5722/5722 5723/5723 5724/5724
f 5721/5721 5723/5723 5722/5722
f 5723/5723 5725/5725 5726/5726
f 5721/5721 5727/5727 5723/5723
f 5723/5723 5727/5727 5725/5725
f 5698/5698 5728/5728 5721/5721
f 5728/5728 5729/5729 5721/5721
f 5730/5730 5731/5731 5732/5732
f 5727/5727 5731/5731 5730/5730
f 5721/5721 5731/5731 5727/5727
f 5729/5729 5733/5733 5721/5721
f 5733/5733 5734/5734 5721/5721
f 5735/5735 5736/5736 5737/5737
f 5731/5731 5736/5736 5735/5735
f 5721/5721 5736/5736 5731/5731
f 5738/5738 5739/5739 5734/5734
f 5740/5740 5739/5739 5738/5738
f 5721/5721 5741/5741 5736/5736
f 5736/5736 5741/5741 5742/5742
f 5739/5739 5743/5743 5734/5734
f 5721/5721 5744/5744 5741/5741
f 5745/5745 5746/5746 5743/5743
f 5734/5734 5746/5746 5721/5721
f 5721/5721 5746/5746 5744/5744
f 5743/5743 5746/5746 5734/5734
f 5747/5747 5748/5748 5749/5749
f 5747/5747 5750/5750 5748/5748
f 5751/5751 5752/5752 5753/5753
f 5754/5754 5755/5755 5756/5756
f 5751/5751 5757/5757 5752/5752
f 5758/5758 5759/5759 5760/5760
f 5761/5761 5754/5754 5756/5756
f 5762/5762 5763/5763 5764/5764
f 5765/5765 5766/5766 5767/5767
f 5768/5768 5758/5758 5760/5760
f 5769/5769 5763/5763 5762/5762
f 5770/5770 5765/5765 5767/5767
f 5416/5416 5415/5415 5769/5769
f 5416/5416 5769/5769 5762/5762
f 5219/5219 5771/5771 5772/5772
f 4982/4982 5773/5773 5774/5774
f 5219/5219 5218/5218 5771/5771
f 5775/5775 5776/5776 5777/5777
f 4983/4983 4982/4982 5774/5774
f 5778/5778 5779/5779 5780/5780
f 5781/5781 5776/5776 5775/5775
f 5781/5781 4774/4774 5776/5776
f 5782/5782 5783/5783 5784/5784
f 5785/5785 5778/5778 5780/5780
f 5786/5786 5782/5782 5784/5784
f 4775/4775 4774/4774 5781/5781
f 5787/5787 5788/5788 5789/5789
f 5787/5787 5790/5790 5788/5788
f 5791/5791 5792/5792 5793/5793
f 5794/5794 5795/5795 5791/5791
f 5791/5791 5795/5795 5792/5792
f 5794/5794 5796/5796 5795/5795
f 5797/5797 5798/5798 5799/5799
f 5799/5799 5800/5800 5797/5797
f 5798/5798 5801/5801 5799/5799
f 5799/5799 5802/5802 5800/5800
f 5799/5799 5803/5803 5804/5804
f 5801/5801 5803/5803 5799/5799
f 5799/5799 5805/5805 5802/5802
f 5803/5803 5806/5806 5804/5804
f 5799/5799 5807/5807 5805/5805
f 5806/5806 5808/5808 5804/5804
f 5799/5799 5809/5809 5807/5807
f 5808/5808 5810/5810 5804/5804
f 5799/5799 5811/5811 5809/5809
f 5810/5810 5812/5812 5804/5804
f 5799/5799 5813/5813 5811/5811
f 5812/5812 5814/5814 5804/5804
f 5799/5799 5815/5815 5813/5813
f 5814/5814 5816/5816 5804/5804
f 5817/5817 5818/5818 5799/5799
f 5799/5799 5818/5818 5815/5815
f 5816/5816 5819/5819 5804/5804
f 5817/5817 5820/5820 5818/5818
f 5819/5819 5821/5821 5804/5804
f 5817/5817 5822/5822 5820/5820
f 5821/5821 5823/5823 5804/5804
f 5817/5817 5824/5824 5822/5822
f 5823/5823 5825/5825 5804/5804
f 5817/5817 5826/5826 5824/5824
f 5825/5825 5827/5827 5804/5804
f 5817/5817 5828/5828 5826/5826
f 5827/5827 5829/5829 5804/5804
f 5817/5817 5830/5830 5828/5828
f 5817/5817 5831/5831 5830/5830
f 5829/5829 5832/5832 5804/5804
f 5832/5832 5833/5833 5804/5804
f 5833/5833 5834/5834 5804/5804
f 5834/5834 5835/5835 5804/5804
f 5835/5835 5836/5836 5804/5804
f 5836/5836 5837/5837 5804/5804
f 5837/5837 5838/5838 5804/5804
f 5838/5838 5839/5839 5804/5804
f 5840/5840 5841/5841 5831/5831
f 5841/5841 5842/5842 5831/5831
f 5842/5842 5843/5843 5831/5831
f 5817/5817 5840/5840 5831/5831
f 5844/5844 5804/5804 5839/5839
f 5845/5845 5846/5846 5847/5847
f 5845/5845 5847/5847 5848/5848
f 5849/5849 5850/5850 5851/5851
f 5849/5849 5852/5852 5850/5850
f 5853/5853 5854/5854 5855/5855
f 5853/5853 5856/5856 5854/5854
f 5857/5857 5858/5858 5859/5859
f 5857/5857 5860/5860 5858/5858
f 5861/5861 5862/5862 5863/5863
f 5861/5861 5864/5864 5862/5862
f 5865/5865 5866/5866 5867/5867
f 5865/5865 5868/5868 5866/5866
f 5869/5869 5870/5870 5871/5871
f 5869/5869 5872/5872 5870/5870
f 5873/5873 5874/5874 5875/5875
f 5873/5873 5876/5876 5874/5874
f 5877/5877 5878/5878 5879/5879
f 5877/5877 5880/5880 5878/5878
f 5881/5881 5882/5882 5883/5883
f 5881/5881 5884/5884 5882/5882
f 5885/5885 5886/5886 5887/5887
f 5885/5885 5888/5888 5886/5886
f 5889/5889 5890/5890 5891/5891
f 5889/5889 5892/5892 5890/5890
f 5893/5893 5894/5894 5895/5895
f 5893/5893 5895/5895 5896/5896
f 5897/5897 5898/5898 5899/5899
f 5897/5897 5899/5899 5900/5900
f 5901/5901 5902/5902 5903/5903
f 5901/5901 5903/5903 5904/5904
f 5905/5905 5906/5906 5907/5907
f 5905/5905 5907/5907 5908/5908
f 5909/5909 5910/5910 5911/5911
f 5909/5909 5911/5911 5912/5912
f 5913/5913 5914/5914 5915/5915
f 5916/5916 5917/5917 5918/5918
f 5913/5913 5915/5915 5919/5919
f 5920/5920 5921/5921 5922/5922
f 5923/5923 5916/5916 5918/5918
f 5924/5924 5920/5920 5922/5922
f 5925/5925 5926/5926 5927/5927
f 5925/5925 5928/5928 5926/5926
f 5929/5929 5930/5930 5931/5931
f 5929/5929 5932/5932 5930/5930
f 5933/5933 5934/5934 5935/5935
f 5936/5936 5934/5934 5933/5933
f 5937/5937 5934/5934 5936/5936
f 5938/5938 5939/5939 5937/5937
f 5934/5934 5940/5940 5941/5941
f 5942/5942 5943/5943 5939/5939
f 5934/5934 5944/5944 5940/5940
f 5945/5945 5946/5946 5943/5943
f 5943/5943 5946/5946 5939/5939
f 5947/5947 5948/5948 5946/5946
f 5946/5946 5948/5948 5939/5939
f 5949/5949 5950/5950 5948/5948
f 5939/5939 5950/5950 5937/5937
f 5948/5948 5950/5950 5939/5939
f 5951/5951 5952/5952 5950/5950
f 5953/5953 5954/5954 5952/5952
f 5955/5955 5954/5954 5953/5953
f 5944/5944 5954/5954 5956/5956
f 5956/5956 5954/5954 5957/5957
f 5957/5957 5954/5954 5958/5958
f 5937/5937 5954/5954 5934/5934
f 5952/5952 5954/5954 5950/5950
f 5934/5934 5954/5954 5944/5944
f 5950/5950 5954/5954 5937/5937
f 5959/5959 5960/5960 5961/5961
f 5962/5962 5963/5963 5960/5960
f 5960/5960 5963/5963 5961/5961
f 5963/5963 5964/5964 5961/5961
f 5965/5965 5966/5966 5964/5964
f 5964/5964 5966/5966 5961/5961
f 5966/5966 5967/5967 5961/5961
f 5968/5968 5969/5969 5967/5967
f 5970/5970 5969/5969 5968/5968
f 5967/5967 5971/5971 5961/5961
f 5969/5969 5971/5971 5967/5967
f 5972/5972 5973/5973 5971/5971
f 5974/5974 5973/5973 5972/5972
f 5975/5975 5973/5973 5974/5974
f 5973/5973 5976/5976 5971/5971
f 5977/5977 5978/5978 5976/5976
f 5979/5979 5978/5978 5977/5977
f 5980/5980 5978/5978 5979/5979
f 5971/5971 5978/5978 5961/5961
f 5976/5976 5978/5978 5971/5971
f 5978/5978 5981/5981 5961/5961
f 5981/5981 5982/5982 5961/5961
f 5982/5982 5983/5983 5961/5961
f 5954/5954 5984/5984 5958/5958
f 5961/5961 5984/5984 5954/5954
f 5983/5983 5984/5984 5961/5961
f 5985/5985 5986/5986 5987/5987
f 5987/5987 5986/5986 5988/5988
f 5989/5989 5990/5990 5991/5991
f 5989/5989 5992/5992 5990/5990
f 5993/5993 5994/5994 5992/5992
f 5993/5993 5992/5992 5989/5989
f 5995/5995 5996/5996 5994/5994
f 5995/5995 5994/5994 5993/5993
f 5997/5997 5998/5998 5996/5996
f 5997/5997 5996/5996 5995/5995
f 5999/5999 6000/6000 6001/6001
f 6001/6001 6000/6000 6002/6002
f 6003/6003 6004/6004 6005/6005
f 6005/6005 6004/6004 6006/6006
f 6006/6006 6004/6004 6007/6007
f 6004/6004 6008/6008 6007/6007
f 6007/6007 6009/6009 6010/6010
f 6008/6008 6009/6009 6007/6007
f 6011/6011 6012/6012 6013/6013
f 6013/6013 6012/6012 6014/6014
f 6015/6015 6016/6016 6011/6011
f 6011/6011 6016/6016 6012/6012
f 6017/6017 6018/6018 6019/6019
f 6018/6018 6020/6020 6019/6019
f 6021/6021 6022/6022 6023/6023
f 6022/6022 6024/6024 6023/6023
f 6025/6025 6026/6026 6027/6027
f 6028/6028 6029/6029 6030/6030
f 6031/6031 6025/6025 6027/6027
f 6032/6032 6033/6033 6034/6034
f 6035/6035 6028/6028 6030/6030
f 6036/6036 6037/6037 6038/6038
f 6039/6039 6032/6032 6034/6034
f 6040/6040 6041/6041 6042/6042
f 6043/6043 6036/6036 6038/6038
f 6044/6044 6045/6045 6046/6046
f 6047/6047 6040/6040 6042/6042
f 6048/6048 6049/6049 6050/6050
f 6051/6051 6044/6044 6046/6046
f 6052/6052 6053/6053 6054/6054
f 6055/6055 6048/6048 6050/6050
f 6056/6056 6057/6057 6058/6058
f 6059/6059 6052/6052 6054/6054
f 6060/6060 6061/6061 6062/6062
f 6063/6063 6056/6056 6058/6058
f 6064/6064 6065/6065 6066/6066
f 6067/6067 6060/6060 6062/6062
f 6068/6068 6069/6069 6070/6070
f 6071/6071 6064/6064 6066/6066
f 6072/6072 6073/6073 6074/6074
f 6075/6075 6068/6068 6070/6070
f 6076/6076 6077/6077 6078/6078
f 6079/6079 6072/6072 6074/6074
f 6080/6080 6076/6076 6078/6078
f 6081/6081 6082/6082 6083/6083
f 6084/6084 6085/6085 6086/6086
f 6087/6087 6081/6081 6083/6083
f 6088/6088 6089/6089 6090/6090
f 6091/6091 6084/6084 6086/6086
f 6092/6092 6093/6093 6094/6094
f 6095/6095 6088/6088 6090/6090
f 6096/6096 6097/6097 6098/6098
f 6099/6099 6092/6092 6094/6094
f 6100/6100 6101/6101 6102/6102
f 6103/6103 6096/6096 6098/6098
f 6104/6104 6105/6105 6106/6106
f 6107/6107 6100/6100 6102/6102
f 6108/6108 6109/6109 6110/6110
f 6111/6111 6104/6104 6106/6106
f 6112/6112 6108/6108 6110/6110
f 6113/6113 6114/6114 6115/6115
f 6116/6116 6117/6117 6118/6118
f 6119/6119 6120/6120 6121/6121
f 6122/6122 6123/6123 6124/6124
f 6125/6125 6126/6126 6127/6127
f 6128/6128 6129/6129 6130/6130
f 6131/6131 6132/6132 6133/6133
f 6134/6134 6135/6135 6136/6136
f 6137/6137 6138/6138 6139/6139
f 6140/6140 6141/6141 6142/6142
f 6143/6143 6144/6144 6145/6145
f 6146/6146 6147/6147 6148/6148
f 6149/6149 6150/6150 6151/6151
f 6152/6152 6153/6153 6154/6154
f 6155/6155 6156/6156 6157/6157
f 6158/6158 6159/6159 6160/6160
f 6161/6161 6162/6162 6134/6134
f 6134/6134 6162/6162 6135/6135
f 6163/6163 6164/6164 6165/6165
f 6166/6166 6167/6167 6168/6168
f 6169/6169 6170/6170 6171/6171
f 6171/6171 6170/6170 6172/6172
f 6173/6173 6174/6174 6175/6175
f 6176/6176 6177/6177 6178/6178
f 6179/6179 6180/6180 6181/6181
f 6182/6182 6183/6183 6184/6184
f 6184/6184 6183/6183 6185/6185
f 6186/6186 6187/6187 6188/6188
f 6189/6189 6190/6190 6191/6191
f 6158/6158 6192/6192 6159/6159
f 6193/6193 6192/6192 6158/6158
f 6194/6194 6195/6195 6196/6196
f 6197/6197 6198/6198 6199/6199
f 6200/6200 6201/6201 6202/6202
f 6203/6203 6204/6204 6161/6161
f 6161/6161 6204/6204 6162/6162
f 6205/6205 6206/6206 6207/6207
f 6207/6207 6206/6206 6208/6208
f 6209/6209 6210/6210 6211/6211
f 6212/6212 6213/6213 6214/6214
f 6169/6169 6215/6215 6170/6170
f 6216/6216 6215/6215 6169/6169
f 6217/6217 6218/6218 6179/6179
f 6179/6179 6218/6218 6180/6180
f 6219/6219 6220/6220 6221/6221
f 6221/6221 6220/6220 6222/6222
f 6223/6223 6224/6224 6225/6225
f 6226/6226 6227/6227 6182/6182
f 6182/6182 6227/6227 6183/6183
f 6228/6228 6229/6229 6186/6186
f 6186/6186 6229/6229 6187/6187
f 6230/6230 6231/6231 6232/6232
f 6233/6233 6234/6234 6235/6235
f 6236/6236 6237/6237 6238/6238
f 6193/6193 6239/6239 6192/6192
f 6240/6240 6239/6239 6193/6193
f 6241/6241 6242/6242 6200/6200
f 6200/6200 6242/6242 6201/6201
f 6243/6243 6244/6244 6245/6245
f 6234/6234 6246/6246 6235/6235
f 6247/6247 6248/6248 6203/6203
f 6203/6203 6248/6248 6204/6204
f 6249/6249 6250/6250 6205/6205
f 6205/6205 6250/6250 6206/6206
f 6251/6251 6252/6252 6212/6212
f 6212/6212 6252/6252 6213/6213
f 6253/6253 6254/6254 6255/6255
f 6256/6256 6257/6257 6258/6258
f 6259/6259 6260/6260 6261/6261
f 6216/6216 6262/6262 6215/6215
f 6263/6263 6262/6262 6216/6216
f 6217/6217 6264/6264 6218/6218
f 6265/6265 6264/6264 6217/6217
f 6266/6266 6267/6267 6219/6219
f 6219/6219 6267/6267 6220/6220
f 6260/6260 6268/6268 6261/6261
f 6269/6269 6270/6270 6271/6271
f 6226/6226 6272/6272 6227/6227
f 6273/6273 6272/6272 6226/6226
f 6274/6274 6275/6275 6228/6228
f 6228/6228 6275/6275 6229/6229
f 6276/6276 6277/6277 6278/6278
f 6278/6278 6277/6277 6279/6279
f 6280/6280 6281/6281 6282/6282
f 6283/6283 6284/6284 6285/6285
f 6286/6286 6287/6287 6288/6288
f 6289/6289 6290/6290 6240/6240
f 6240/6240 6290/6290 6239/6239
f 6291/6291 6292/6292 6241/6241
f 6241/6241 6292/6292 6242/6242
f 6234/6234 6293/6293 6246/6246
f 6294/6294 6293/6293 6234/6234
f 6295/6295 6296/6296 6297/6297
f 6298/6298 6299/6299 6300/6300
f 6301/6301 6302/6302 6247/6247
f 6247/6247 6302/6302 6248/6248
f 6303/6303 6304/6304 6249/6249
f 6249/6249 6304/6304 6250/6250
f 6251/6251 6305/6305 6252/6252
f 6306/6306 6305/6305 6251/6251
f 6307/6307 6308/6308 6253/6253
f 6253/6253 6308/6308 6254/6254
f 6309/6309 6310/6310 6311/6311
f 6312/6312 6313/6313 6314/6314
f 6315/6315 6316/6316 6317/6317
f 6318/6318 6319/6319 6263/6263
f 6263/6263 6319/6319 6262/6262
f 6320/6320 6321/6321 6265/6265
f 6265/6265 6321/6321 6264/6264
f 6266/6266 6322/6322 6267/6267
f 6323/6323 6322/6322 6266/6266
f 6260/6260 6324/6324 6268/6268
f 6325/6325 6324/6324 6260/6260
f 6326/6326 6327/6327 6328/6328
f 6329/6329 6330/6330 6331/6331
f 6273/6273 6332/6332 6272/6272
f 6333/6333 6332/6332 6273/6273
f 6274/6274 6334/6334 6275/6275
f 6291/6291 6335/6335 6292/6292
f 6336/6336 6334/6334 6274/6274
f 6276/6276 6337/6337 6277/6277
f 6338/6338 6337/6337 6276/6276
f 6339/6339 6340/6340 6286/6286
f 6295/6295 6341/6341 6296/6296
f 6286/6286 6340/6340 6287/6287
f 6342/6342 6343/6343 6344/6344
f 6345/6345 6346/6346 6347/6347
f 6348/6348 6349/6349 6350/6350
f 6351/6351 6352/6352 6289/6289
f 6289/6289 6352/6352 6290/6290
f 6335/6335 6353/6353 6292/6292
f 6294/6294 6354/6354 6293/6293
f 6355/6355 6354/6354 6294/6294
f 6341/6341 6356/6356 6296/6296
f 6357/6357 6358/6358 6359/6359
f 6360/6360 6361/6361 6362/6362
f 6363/6363 6364/6364 6365/6365
f 6301/6301 6366/6366 6302/6302
f 6303/6303 6367/6367 6304/6304
f 6368/6368 6367/6367 6303/6303
f 6320/6320 6369/6369 6321/6321
f 6370/6370 6371/6371 6306/6306
f 6306/6306 6371/6371 6305/6305
f 6325/6325 6372/6372 6324/6324
f 6307/6307 6373/6373 6308/6308
f 6374/6374 6373/6373 6307/6307
f 6375/6375 6376/6376 6377/6377
f 6377/6377 6376/6376 6378/6378
f 6379/6379 6380/6380 6381/6381
f 6382/6382 6383/6383 6384/6384
f 6385/6385 6386/6386 6387/6387
f 6318/6318 6388/6388 6319/6319
f 6389/6389 6390/6390 6391/6391
f 6369/6369 6392/6392 6321/6321
f 6393/6393 6394/6394 6323/6323
f 6323/6323 6394/6394 6322/6322
f 6372/6372 6395/6395 6324/6324
f 6396/6396 6397/6397 6398/6398
f 6348/6348 6399/6399 6349/6349
f 6400/6400 6397/6397 6396/6396
f 6401/6401 6402/6402 6403/6403
f 6404/6404 6405/6405 6406/6406
f 6333/6333 6407/6407 6332/6332
f 6408/6408 6409/6409 6410/6410
f 6411/6411 6412/6412 6336/6336
f 6336/6336 6412/6412 6334/6334
f 6338/6338 6413/6413 6337/6337
f 6414/6414 6413/6413 6338/6338
f 6339/6339 6415/6415 6340/6340
f 6416/6416 6415/6415 6339/6339
f 6346/6346 6417/6417 6418/6418
f 6399/6399 6419/6419 6349/6349
f 6420/6420 6421/6421 6422/6422
f 6423/6423 6424/6424 6425/6425
f 6426/6426 6427/6427 6428/6428
f 6429/6429 6430/6430 6431/6431
f 6351/6351 6432/6432 6352/6352
f 6433/6433 6434/6434 6335/6335
f 6335/6335 6434/6434 6353/6353
f 6355/6355 6435/6435 6354/6354
f 6436/6436 6435/6435 6355/6355
f 6437/6437 6438/6438 6341/6341
f 6375/6375 6439/6439 6376/6376
f 6341/6341 6438/6438 6356/6356
f 6417/6417 6440/6440 6418/6418
f 6441/6441 6442/6442 6443/6443
f 6444/6444 6445/6445 6446/6446
f 6447/6447 6448/6448 6363/6363
f 6363/6363 6448/6448 6364/6364
f 6449/6449 6450/6450 6451/6451
f 6368/6368 6452/6452 6367/6367
f 6453/6453 6454/6454 6370/6370
f 6370/6370 6454/6454 6371/6371
f 6455/6455 6456/6456 6374/6374
f 6374/6374 6456/6456 6373/6373
f 6439/6439 6457/6457 6376/6376
f 6458/6458 6459/6459 6379/6379
f 6379/6379 6459/6459 6380/6380
f 6460/6460 6461/6461 6462/6462
f 6463/6463 6464/6464 6465/6465
f 6466/6466 6467/6467 6468/6468
f 6469/6469 6470/6470 6389/6389
f 6389/6389 6470/6470 6390/6390
f 6369/6369 6471/6471 6392/6392
f 6472/6472 6473/6473 6474/6474
f 6475/6475 6476/6476 6393/6393
f 6393/6393 6476/6476 6394/6394
f 6477/6477 6478/6478 6372/6372
f 6372/6372 6478/6478 6395/6395
f 6400/6400 6479/6479 6397/6397
f 6480/6480 6479/6479 6400/6400
f 6404/6404 6481/6481 6405/6405
f 6482/6482 6483/6483 6484/6484
f 6485/6485 6481/6481 6404/6404
f 6486/6486 6487/6487 6488/6488
f 6489/6489 6490/6490 6491/6491
f 6408/6408 6492/6492 6409/6409
f 6493/6493 6492/6492 6408/6408
f 6494/6494 6495/6495 6496/6496
f 6411/6411 6497/6497 6412/6412
f 6414/6414 6498/6498 6413/6413
f 6499/6499 6498/6498 6414/6414
f 6500/6500 6501/6501 6416/6416
f 6416/6416 6501/6501 6415/6415
f 6399/6399 6502/6502 6419/6419
f 6503/6503 6502/6502 6399/6399
f 6483/6483 6504/6504 6484/6484
f 6505/6505 6506/6506 6507/6507
f 6507/6507 6506/6506 6508/6508
f 6509/6509 6510/6510 6511/6511
f 6512/6512 6513/6513 6429/6429
f 6429/6429 6513/6513 6430/6430
f 6514/6514 6515/6515 6516/6516
f 6433/6433 6517/6517 6434/6434
f 6518/6518 6519/6519 6436/6436
f 6436/6436 6519/6519 6435/6435
f 6520/6520 6521/6521 6437/6437
f 6437/6437 6521/6521 6438/6438
f 6522/6522 6523/6523 6417/6417
f 6417/6417 6523/6523 6440/6440
f 6524/6524 6525/6525 6526/6526
f 6526/6526 6525/6525 6527/6527
f 6528/6528 6529/6529 6530/6530
f 6531/6531 6532/6532 6533/6533
f 6534/6534 6535/6535 6447/6447
f 6447/6447 6535/6535 6448/6448
f 6536/6536 6537/6537 6449/6449
f 6449/6449 6537/6537 6450/6450
f 6538/6538 6539/6539 6540/6540
f 6453/6453 6541/6541 6454/6454
f 6455/6455 6542/6542 6456/6456
f 6543/6543 6542/6542 6455/6455
f 6544/6544 6545/6545 6439/6439
f 6439/6439 6545/6545 6457/6457
f 6546/6546 6547/6547 6458/6458
f 6458/6458 6547/6547 6459/6459
f 6548/6548 6549/6549 6466/6466
f 6466/6466 6549/6549 6467/6467
f 6550/6550 6551/6551 6552/6552
f 6552/6552 6551/6551 6553/6553
f 6554/6554 6555/6555 6556/6556
f 6469/6469 6557/6557 6470/6470
f 6558/6558 6557/6557 6469/6469
f 6559/6559 6560/6560 6472/6472
f 6472/6472 6560/6560 6473/6473
f 6475/6475 6561/6561 6476/6476
f 6562/6562 6563/6563 6564/6564
f 6499/6499 6565/6565 6498/6498
f 6566/6566 6567/6567 6477/6477
f 6477/6477 6567/6567 6478/6478
f 6503/6503 6568/6568 6502/6502
f 6569/6569 6570/6570 6480/6480
f 6480/6480 6570/6570 6479/6479
f 6571/6571 6572/6572 6485/6485
f 6485/6485 6572/6572 6481/6481
f 6505/6505 6573/6573 6506/6506
f 6489/6489 6574/6574 6490/6490
f 6575/6575 6574/6574 6489/6489
f 6576/6576 6577/6577 6578/6578
f 6579/6579 6580/6580 6581/6581
f 6493/6493 6582/6582 6492/6492
f 6583/6583 6582/6582 6493/6493
f 6584/6584 6585/6585 6494/6494
f 6494/6494 6585/6585 6495/6495
f 6586/6586 6587/6587 6588/6588
f 6520/6520 6589/6589 6521/6521
f 6500/6500 6590/6590 6501/6501
f 6591/6591 6590/6590 6500/6500
f 6568/6568 6592/6592 6502/6502
f 6593/6593 6594/6594 6483/6483
f 6483/6483 6594/6594 6504/6504
f 6573/6573 6595/6595 6506/6506
f 6596/6596 6597/6597 6598/6598
f 6599/6599 6600/6600 6601/6601
f 6602/6602 6597/6597 6596/6596
f 6603/6603 6604/6604 6512/6512
f 6512/6512 6604/6604 6513/6513
f 6514/6514 6605/6605 6515/6515
f 6606/6606 6605/6605 6514/6514
f 6607/6607 6608/6608 6609/6609
f 6518/6518 6610/6610 6519/6519
f 6589/6589 6611/6611 6521/6521
f 6612/6612 6613/6613 6522/6522
f 6522/6522 6613/6613 6523/6523
f 6524/6524 6614/6614 6525/6525
f 6615/6615 6614/6614 6524/6524
f 6531/6531 6616/6616 6532/6532
f 6617/6617 6616/6616 6531/6531
f 6618/6618 6619/6619 6620/6620
f 6621/6621 6622/6622 6623/6623
f 6624/6624 6625/6625 6626/6626
f 6627/6627 6628/6628 6534/6534
f 6534/6534 6628/6628 6535/6535
f 6536/6536 6629/6629 6537/6537
f 6630/6630 6629/6629 6536/6536
f 6631/6631 6632/6632 6538/6538
f 6538/6538 6632/6632 6539/6539
f 6543/6543 6633/6633 6542/6542
f 6634/6634 6635/6635 6636/6636
f 6544/6544 6637/6637 6545/6545
f 6638/6638 6637/6637 6544/6544
f 6546/6546 6639/6639 6547/6547
f 6640/6640 6639/6639 6546/6546
f 6641/6641 6642/6642 6548/6548
f 6548/6548 6642/6642 6549/6549
f 6643/6643 6644/6644 6550/6550
f 6645/6645 6646/6646 6647/6647
f 6550/6550 6644/6644 6551/6551
f 6648/6648 6649/6649 6650/6650
f 6625/6625 6651/6651 6626/6626
f 6652/6652 6653/6653 6558/6558
f 6558/6558 6653/6653 6557/6557
f 6654/6654 6655/6655 6559/6559
f 6559/6559 6655/6655 6560/6560
f 6562/6562 6656/6656 6563/6563
f 6657/6657 6656/6656 6562/6562
f 6591/6591 6658/6658 6590/6590
f 6566/6566 6659/6659 6567/6567
f 6660/6660 6661/6661 6662/6662
f 6663/6663 6664/6664 6569/6569
f 6569/6569 6664/6664 6570/6570
f 6665/6665 6666/6666 6571/6571
f 6571/6571 6666/6666 6572/6572
f 6575/6575 6667/6667 6574/6574
f 6668/6668 6667/6667 6575/6575
f 6646/6646 6669/6669 6647/6647
f 6670/6670 6671/6671 6672/6672
f 6673/6673 6674/6674 6675/6675
f 6676/6676 6677/6677 6678/6678
f 6583/6583 6679/6679 6582/6582
f 6680/6680 6679/6679 6583/6583
f 6584/6584 6681/6681 6585/6585
f 6682/6682 6681/6681 6584/6584
f 6683/6683 6684/6684 6586/6586
f 6586/6586 6684/6684 6587/6587
f 6589/6589 6685/6685 6611/6611
f 6686/6686 6687/6687 6688/6688
f 6568/6568 6689/6689 6592/6592
f 6690/6690 6689/6689 6568/6568
f 6593/6593 6691/6691 6594/6594
f 6692/6692 6691/6691 6593/6593
f 6617/6617 6693/6693 6616/6616
f 6573/6573 6694/6694 6595/6595
f 6695/6695 6694/6694 6573/6573
f 6602/6602 6696/6696 6597/6597
f 6618/6618 6697/6697 6619/6619
f 6698/6698 6696/6696 6602/6602
f 6699/6699 6700/6700 6701/6701
f 6702/6702 6703/6703 6704/6704
f 6705/6705 6706/6706 6603/6603
f 6603/6603 6706/6706 6604/6604
f 6707/6707 6708/6708 6606/6606
f 6606/6606 6708/6708 6605/6605
f 6709/6709 6710/6710 6607/6607
f 6634/6634 6711/6711 6635/6635
f 6607/6607 6710/6710 6608/6608
f 6712/6712 6713/6713 6714/6714
f 6638/6638 6715/6715 6637/6637
f 6612/6612 6716/6716 6613/6613
f 6717/6717 6716/6716 6612/6612
f 6615/6615 6718/6718 6614/6614
f 6719/6719 6718/6718 6615/6615
f 6693/6693 6720/6720 6616/6616
f 6697/6697 6721/6721 6619/6619
f 6722/6722 6723/6723 6627/6627
f 6724/6724 6723/6723 6722/6722
f 6627/6627 6723/6723 6628/6628
f 6725/6725 6726/6726 6727/6727
f 6652/6652 6728/6728 6653/6653
f 6729/6729 6730/6730 6731/6731
f 6732/6732 6733/6733 6734/6734
f 6735/6735 6736/6736 6737/6737
f 6738/6738 6739/6739 6630/6630
f 6630/6630 6739/6739 6629/6629
f 6657/6657 6740/6740 6656/6656
f 6741/6741 6742/6742 6631/6631
f 6631/6631 6742/6742 6632/6632
f 6711/6711 6743/6743 6635/6635
f 6660/6660 6744/6744 6661/6661
f 6745/6745 6746/6746 6747/6747
f 6748/6748 6749/6749 6640/6640
f 6640/6640 6749/6749 6639/6639
f 6665/6665 6750/6750 6666/6666
f 6641/6641 6751/6751 6642/6642
f 6752/6752 6751/6751 6641/6641
f 6646/6646 6753/6753 6669/6669
f 6643/6643 6754/6754 6644/6644
f 6755/6755 6754/6754 6643/6643
f 6756/6756 6757/6757 6758/6758
f 6759/6759 6760/6760 6761/6761
f 6761/6761 6760/6760 6762/6762
f 6763/6763 6764/6764 6765/6765
f 6766/6766 6767/6767 6768/6768
f 6769/6769 6770/6770 6771/6771
f 6680/6680 6772/6772 6679/6679
f 6728/6728 6773/6773 6653/6653
f 6774/6774 6775/6775 6776/6776
f 6777/6777 6778/6778 6779/6779
f 6780/6780 6781/6781 6654/6654
f 6654/6654 6781/6781 6655/6655
f 6740/6740 6782/6782 6656/6656
f 6744/6744 6783/6783 6661/6661
f 6784/6784 6785/6785 6786/6786
f 6663/6663 6787/6787 6664/6664
f 6750/6750 6788/6788 6666/6666
f 6668/6668 6789/6789 6667/6667
f 6790/6790 6789/6789 6668/6668
f 6695/6695 6791/6791 6694/6694
f 6753/6753 6792/6792 6669/6669
f 6757/6757 6793/6793 6758/6758
f 6794/6794 6795/6795 6796/6796
f 6797/6797 6798/6798 6799/6799
f 6772/6772 6800/6800 6679/6679
f 6801/6801 6802/6802 6803/6803
f 6804/6804 6805/6805 6806/6806
f 6807/6807 6808/6808 6809/6809
f 6682/6682 6810/6810 6681/6681
f 6811/6811 6810/6810 6682/6682
f 6812/6812 6813/6813 6683/6683
f 6683/6683 6813/6813 6684/6684
f 6686/6686 6814/6814 6687/6687
f 6815/6815 6814/6814 6686/6686
f 6690/6690 6816/6816 6689/6689
f 6717/6717 6817/6817 6716/6716
f 6818/6818 6819/6819 6820/6820
f 6821/6821 6822/6822 6692/6692
f 6692/6692 6822/6822 6691/6691
f 6791/6791 6823/6823 6694/6694
f 6697/6697 6824/6824 6721/6721
f 6825/6825 6826/6826 6698/6698
f 6698/6698 6826/6826 6696/6696
f 6827/6827 6828/6828 6699/6699
f 6699/6699 6828/6828 6700/6700
f 6829/6829 6830/6830 6831/6831
f 6832/6832 6833/6833 6705/6705
f 6834/6834 6835/6835 6836/6836
f 6837/6837 6838/6838 6839/6839
f 6705/6705 6833/6833 6706/6706
f 6840/6840 6833/6833 6832/6832
f 6841/6841 6842/6842 6843/6843
f 6844/6844 6845/6845 6846/6846
f 6707/6707 6847/6847 6708/6708
f 6848/6848 6847/6847 6707/6707
f 6709/6709 6849/6849 6710/6710
f 6850/6850 6849/6849 6709/6709
f 6851/6851 6852/6852 6712/6712
f 6712/6712 6852/6852 6713/6713
f 6745/6745 6853/6853 6746/6746
f 6854/6854 6855/6855 6856/6856
f 6719/6719 6857/6857 6718/6718
f 6858/6858 6857/6857 6719/6719
f 6693/6693 6859/6859 6720/6720
f 6860/6860 6859/6859 6693/6693
f 6755/6755 6861/6861 6754/6754
f 6824/6824 6862/6862 6721/6721
f 6830/6830 6863/6863 6831/6831
f 6738/6738 6864/6864 6739/6739
f 6865/6865 6864/6864 6738/6738
f 6866/6866 6867/6867 6868/6868
f 6869/6869 6870/6870 6871/6871
f 6780/6780 6872/6872 6781/6781
f 6873/6873 6874/6874 6875/6875
f 6876/6876 6877/6877 6878/6878
f 6879/6879 6880/6880 6881/6881
f 6741/6741 6882/6882 6742/6742
f 6883/6883 6882/6882 6741/6741
f 6884/6884 6885/6885 6711/6711
f 6711/6711 6885/6885 6743/6743
f 6853/6853 6886/6886 6746/6746
f 6748/6748 6887/6887 6749/6749
f 6888/6888 6889/6889 6890/6890
f 6891/6891 6892/6892 6752/6752
f 6752/6752 6892/6892 6751/6751
f 6861/6861 6893/6893 6754/6754
f 6759/6759 6894/6894 6760/6760
f 6895/6895 6894/6894 6759/6759
f 6757/6757 6896/6896 6793/6793
f 6897/6897 6898/6898 6899/6899
f 6900/6900 6898/6898 6897/6897
f 6801/6801 6901/6901 6802/6802
f 6902/6902 6903/6903 6904/6904
f 6905/6905 6906/6906 6907/6907
f 6908/6908 6909/6909 6872/6872
f 6872/6872 6909/6909 6781/6781
f 6910/6910 6911/6911 6912/6912
f 6913/6913 6914/6914 6915/6915
f 6740/6740 6916/6916 6782/6782
f 6917/6917 6916/6916 6740/6740
f 6918/6918 6919/6919 6744/6744
f 6744/6744 6919/6919 6783/6783
f 6784/6784 6920/6920 6785/6785
f 6921/6921 6920/6920 6784/6784
f 6922/6922 6923/6923 6924/6924
f 6750/6750 6925/6925 6788/6788
f 6790/6790 6926/6926 6789/6789
f 6927/6927 6926/6926 6790/6790
f 6753/6753 6928/6928 6792/6792
f 6825/6825 6929/6929 6826/6826
f 6930/6930 6928/6928 6753/6753
f 6896/6896 6931/6931 6793/6793
f 6901/6901 6932/6932 6802/6802
f 6933/6933 6934/6934 6935/6935
f 6811/6811 6936/6936 6810/6810
f 6848/6848 6937/6937 6847/6847
f 6938/6938 6936/6936 6811/6811
f 6939/6939 6936/6936 6938/6938
f 6940/6940 6941/6941 6942/6942
f 6943/6943 6944/6944 6945/6945
f 6946/6946 6947/6947 6948/6948
f 6812/6812 6949/6949 6813/6813
f 6950/6950 6949/6949 6812/6812
f 6951/6951 6952/6952 6815/6815
f 6815/6815 6952/6952 6814/6814
f 6851/6851 6953/6953 6852/6852
f 6954/6954 6955/6955 6818/6818
f 6818/6818 6955/6955 6819/6819
f 6956/6956 6957/6957 6958/6958
f 6858/6858 6959/6959 6857/6857
f 6821/6821 6960/6960 6822/6822
f 6791/6791 6961/6961 6823/6823
f 6962/6962 6961/6961 6791/6791
f 6929/6929 6963/6963 6826/6826
f 6827/6827 6964/6964 6828/6828
f 6830/6830 6965/6965 6863/6863
f 6966/6966 6964/6964 6827/6827
f 6967/6967 6968/6968 6969/6969
f 6970/6970 6968/6968 6967/6967
f 6971/6971 6972/6972 6973/6973
f 6974/6974 6975/6975 6976/6976
f 6937/6937 6977/6977 6847/6847
f 6978/6978 6977/6977 6937/6937
f 6979/6979 6980/6980 6981/6981
f 6982/6982 6983/6983 6984/6984
f 6985/6985 6986/6986 6850/6850
f 6884/6884 6987/6987 6885/6885
f 6850/6850 6986/6986 6849/6849
f 6953/6953 6988/6988 6852/6852
f 6854/6854 6989/6989 6855/6855
f 6990/6990 6989/6989 6854/6854
f 6991/6991 6992/6992 6993/6993
f 6860/6860 6994/6994 6859/6859
f 6995/6995 6994/6994 6860/6860
f 6996/6996 6997/6997 6824/6824
f 6895/6895 6998/6998 6894/6894
f 6824/6824 6997/6997 6862/6862
f 6965/6965 6999/6999 6863/6863
f 7000/7000 7001/7001 7002/7002
f 7002/7002 7001/7001 7003/7003
f 7004/7004 7005/7005 6883/6883
f 7006/7006 7007/7007 7008/7008
f 7009/7009 7005/7005 7004/7004
f 6883/6883 7005/7005 6882/6882
f 7010/7010 7011/7011 7012/7012
f 7013/7013 7014/7014 7015/7015
f 7016/7016 7017/7017 7018/7018
f 6987/6987 7019/7019 6885/6885
f 7020/7020 7021/7021 6853/6853
f 6853/6853 7021/7021 6886/6886
f 6921/6921 7022/7022 6920/6920
f 6888/6888 7023/7023 6889/6889
f 7024/7024 7023/7023 6888/6888
f 6891/6891 7025/7025 6892/6892
f 7026/7026 7027/7027 7028/7028
f 6861/6861 7029/7029 6893/6893
f 7030/7030 7029/7029 6861/6861
f 6998/6998 7031/7031 6894/6894
f 6896/6896 7032/7032 6931/6931
f 6900/6900 7033/7033 6898/6898
f 7034/7034 7033/7033 6900/6900
f 6913/6913 7035/7035 6914/6914
f 6940/6940 7036/7036 6941/6941
f 7037/7037 7035/7035 6913/6913
f 7038/7038 7039/7039 7040/7040
f 7041/7041 7042/7042 7043/7043
f 6917/6917 7044/7044 6916/6916
f 7045/7045 7044/7044 7046/7046
f 7046/7046 7044/7044 6917/6917
f 7047/7047 7048/7048 7049/7049
f 7050/7050 7051/7051 7052/7052
f 7053/7053 7054/7054 6918/6918
f 6918/6918 7054/7054 6919/6919
f 7022/7022 7055/7055 6920/6920
f 6922/6922 7056/7056 6923/6923
f 7057/7057 7056/7056 6922/6922
f 6956/6956 7058/7058 6957/6957
f 7059/7059 7060/7060 7061/7061
f 6927/6927 7062/7062 6926/6926
f 6929/6929 7063/7063 6963/6963
f 6930/6930 7064/7064 6928/6928
f 7065/7065 7064/7064 6930/6930
f 7032/7032 7066/7066 6931/6931
f 6901/6901 7067/7067 6932/6932
f 7068/7068 7067/7067 6901/6901
f 7036/7036 7069/7069 6941/6941
f 7070/7070 7071/7071 7072/7072
f 7073/7073 7074/7074 6950/6950
f 7075/7075 7076/7076 7077/7077
f 6950/6950 7074/7074 6949/6949
f 7078/7078 7079/7079 7080/7080
f 7081/7081 7082/7082 7083/7083
f 7084/7084 7085/7085 7086/7086
f 7087/7087 7088/7088 6951/6951
f 6951/6951 7088/7088 6952/6952
f 7089/7089 7090/7090 6954/6954
f 6954/6954 7090/7090 6955/6955
f 7058/7058 7091/7091 6957/6957
f 6995/6995 7092/7092 6994/6994
f 6962/6962 7093/7093 6961/6961
f 7094/7094 7095/7095 7096/7096
f 7063/7063 7097/7097 6963/6963
f 6966/6966 7098/7098 6964/6964
f 7099/7099 7098/7098 6966/6966
f 6965/6965 7100/7100 6999/6999
f 7101/7101 7102/7102 6970/6970
f 7000/7000 7103/7103 7001/7001
f 6970/6970 7102/7102 6968/6968
f 7104/7104 7105/7105 7106/7106
f 7106/7106 7105/7105 7107/7107
f 7108/7108 7109/7109 7110/7110
f 6985/6985 7111/7111 6986/6986
f 7112/7112 7111/7111 7113/7113
f 7114/7114 7111/7111 7112/7112
f 7115/7115 7116/7116 7117/7117
f 6987/6987 7118/7118 7019/7019
f 7113/7113 7111/7111 6985/6985
f 7119/7119 7120/7120 7121/7121
f 7122/7122 7123/7123 7124/7124
f 7125/7125 7126/7126 6953/6953
f 6953/6953 7126/7126 6988/6988
f 6990/6990 7127/7127 6989/6989
f 7128/7128 7127/7127 6990/6990
f 7129/7129 7130/7130 6991/6991
f 6991/6991 7130/7130 6992/6992
f 7131/7131 7132/7132 7133/7133
f 7134/7134 7135/7135 6996/6996
f 6996/6996 7135/7135 6997/6997
f 6998/6998 7136/7136 7031/7031
f 7100/7100 7137/7137 6999/6999
f 7103/7103 7138/7138 7001/7001
f 7109/7109 7139/7139 7110/7110
f 7047/7047 7140/7140 7048/7048
f 7141/7141 7142/7142 7143/7143
f 7118/7118 7144/7144 7019/7019
f 7145/7145 7144/7144 7118/7118
f 7146/7146 7147/7147 7148/7148
f 7149/7149 7150/7150 7151/7151
f 7152/7152 7153/7153 7154/7154
f 7022/7022 7155/7155 7055/7055
f 7020/7020 7156/7156 7021/7021
f 7157/7157 7156/7156 7020/7020
f 7057/7057 7158/7158 7056/7056
f 7024/7024 7159/7159 7023/7023
f 7160/7160 7159/7159 7024/7024
f 7026/7026 7161/7161 7027/7027
f 7162/7162 7161/7161 7026/7026
f 7163/7163 7164/7164 7165/7165
f 7030/7030 7166/7166 7029/7029
f 7136/7136 7167/7167 7031/7031
f 7168/7168 7169/7169 7034/7034
f 7034/7034 7169/7169 7033/7033
f 7068/7068 7170/7170 7067/7067
f 7171/7171 7172/7172 7037/7037
f 7036/7036 7173/7173 7069/7069
f 7037/7037 7172/7172 7035/7035
f 7140/7140 7174/7174 7048/7048
f 7053/7053 7175/7175 7054/7054
f 7176/7176 7177/7177 7178/7178
f 7179/7179 7180/7180 7181/7181
f 7182/7182 7175/7175 7053/7053
f 7183/7183 7175/7175 7182/7182
f 7184/7184 7185/7185 7186/7186
f 7187/7187 7188/7188 7189/7189
f 7155/7155 7190/7190 7055/7055
f 7158/7158 7191/7191 7056/7056
f 7059/7059 7192/7192 7060/7060
f 7193/7193 7192/7192 7059/7059
f 7065/7065 7194/7194 7064/7064
f 7195/7195 7196/7196 7197/7197
f 7063/7063 7198/7198 7097/7097
f 7199/7199 7200/7200 7032/7032
f 7099/7099 7201/7201 7098/7098
f 7032/7032 7200/7200 7066/7066
f 7170/7170 7202/7202 7067/7067
f 7173/7173 7203/7203 7069/7069
f 7078/7078 7204/7204 7079/7079
f 7205/7205 7204/7204 7078/7078
f 7087/7087 7206/7206 7088/7088
f 7207/7207 7206/7206 7087/7087
f 7208/7208 7209/7209 7210/7210
f 7211/7211 7206/7206 7207/7207
f 7212/7212 7213/7213 7214/7214
f 7215/7215 7216/7216 7217/7217
f 7218/7218 7219/7219 7220/7220
f 7089/7089 7221/7221 7090/7090
f 7222/7222 7221/7221 7089/7089
f 7058/7058 7223/7223 7091/7091
f 7224/7224 7223/7223 7058/7058
f 7094/7094 7225/7225 7095/7095
f 7131/7131 7226/7226 7132/7132
f 7227/7227 7225/7225 7094/7094
f 7228/7228 7229/7229 7230/7230
f 7201/7201 7231/7231 7098/7098
f 7101/7101 7232/7232 7102/7102
f 7233/7233 7232/7232 7101/7101
f 7234/7234 7235/7235 7104/7104
f 7104/7104 7235/7235 7105/7105
f 7236/7236 7237/7237 7238/7238
f 7238/7238 7237/7237 7239/7239
f 7240/7240 7241/7241 7242/7242
f 7243/7243 7244/7244 7245/7245
f 7246/7246 7244/7244 7243/7243
f 7247/7247 7248/7248 7249/7249
f 7125/7125 7244/7244 7126/7126
f 7245/7245 7244/7244 7125/7125
f 7250/7250 7251/7251 7252/7252
f 7253/7253 7254/7254 7255/7255
f 7256/7256 7257/7257 7128/7128
f 7128/7128 7257/7257 7127/7127
f 7129/7129 7258/7258 7130/7130
f 7259/7259 7258/7258 7129/7129
f 7226/7226 7260/7260 7132/7132
f 7261/7261 7262/7262 7263/7263
f 7134/7134 7264/7264 7135/7135
f 7100/7100 7265/7265 7137/7137
f 7266/7266 7265/7265 7100/7100
f 7103/7103 7267/7267 7138/7138
f 7268/7268 7267/7267 7103/7103
f 7140/7140 7269/7269 7174/7174
f 7109/7109 7270/7270 7139/7139
f 7271/7271 7270/7270 7109/7109
f 7272/7272 7273/7273 7274/7274
f 7241/7241 7275/7275 7242/7242
f 7157/7157 7276/7276 7156/7156
f 7277/7277 7278/7278 7279/7279
f 7280/7280 7281/7281 7282/7282
f 7283/7283 7276/7276 7157/7157
f 7284/7284 7285/7285 7286/7286
f 7286/7286 7285/7285 7287/7287
f 7288/7288 7289/7289 7290/7290
f 7160/7160 7291/7291 7159/7159
f 7292/7292 7291/7291 7160/7160
f 7158/7158 7293/7293 7191/7191
f 7162/7162 7294/7294 7161/7161
f 7295/7295 7294/7294 7162/7162
f 7163/7163 7296/7296 7164/7164
f 7297/7297 7296/7296 7163/7163
f 7136/7136 7298/7298 7167/7167
f 7199/7199 7299/7299 7200/7200
f 7300/7300 7301/7301 7302/7302
f 7303/7303 7304/7304 7168/7168
f 7170/7170 7305/7305 7202/7202
f 7168/7168 7304/7304 7169/7169
f 7173/7173 7306/7306 7203/7203
f 7171/7171 7307/7307 7172/7172
f 7308/7308 7307/7307 7171/7171
f 7269/7269 7309/7309 7174/7174
f 7273/7273 7310/7310 7274/7274
f 7311/7311 7312/7312 7313/7313
f 7314/7314 7315/7315 7316/7316
f 7317/7317 7318/7318 7319/7319
f 7320/7320 7315/7315 7155/7155
f 7155/7155 7315/7315 7190/7190
f 7321/7321 7322/7322 7323/7323
f 7324/7324 7325/7325 7326/7326
f 7327/7327 7328/7328 7329/7329
f 7293/7293 7330/7330 7191/7191
f 7331/7331 7332/7332 7193/7193
f 7227/7227 7333/7333 7225/7225
f 7193/7193 7332/7332 7192/7192
f 7334/7334 7335/7335 7195/7195
f 7195/7195 7335/7335 7196/7196
f 7228/7228 7336/7336 7229/7229
f 7337/7337 7338/7338 7339/7339
f 7305/7305 7340/7340 7202/7202
f 7306/7306 7341/7341 7203/7203
f 7342/7342 7343/7343 7205/7205
f 7205/7205 7343/7343 7204/7204
f 7212/7212 7344/7344 7213/7213
f 7345/7345 7346/7346 7347/7347
f 7348/7348 7344/7344 7212/7212
f 7349/7349 7350/7350 7351/7351
f 7352/7352 7353/7353 7354/7354
f 7222/7222 7350/7350 7221/7221
f 7351/7351 7350/7350 7222/7222
f 7256/7256 7355/7355 7257/7257
f 7356/7356 7357/7357 7358/7358
f 7359/7359 7360/7360 7361/7361
f 7224/7224 7362/7362 7223/7223
f 7259/7259 7363/7363 7258/7258
f 7364/7364 7362/7362 7224/7224
f 7333/7333 7365/7365 7225/7225
f 7336/7336 7366/7366 7229/7229
f 7261/7261 7367/7367 7262/7262
f 7201/7201 7368/7368 7231/7231
f 7369/7369 7370/7370 7371/7371
f 7372/7372 7373/7373 7233/7233
f 7268/7268 7374/7374 7267/7267
f 7233/7233 7373/7373 7232/7232
f 7271/7271 7375/7375 7270/7270
f 7376/7376 7377/7377 7234/7234
f 7234/7234 7377/7377 7235/7235
f 7236/7236 7378/7378 7237/7237
f 7379/7379 7378/7378 7236/7236
f 7284/7284 7380/7380 7285/7285
f 7346/7346 7381/7381 7347/7347
f 7382/7382 7383/7383 7384/7384
f 7385/7385 7386/7386 7387/7387
f 7384/7384 7383/7383 7388/7388
f 7355/7355 7389/7389 7257/7257
f 7390/7390 7391/7391 7392/7392
f 7393/7393 7394/7394 7395/7395
f 7396/7396 7397/7397 7398/7398
f 7363/7363 7399/7399 7258/7258
f 7226/7226 7400/7400 7260/7260
f 7401/7401 7400/7400 7226/7226
f 7367/7367 7402/7402 7262/7262
f 7303/7303 7403/7403 7304/7304
f 7404/7404 7405/7405 7406/7406
f 7266/7266 7407/7407 7265/7265
f 7374/7374 7408/7408 7267/7267
f 7375/7375 7409/7409 7270/7270
f 7273/7273 7410/7410 7310/7310
f 7411/7411 7412/7412 7241/7241
f 7241/7241 7412/7412 7275/7275
f 7380/7380 7413/7413 7285/7285
f 7414/7414 7415/7415 7292/7292
f 7416/7416 7417/7417 7418/7418
f 7419/7419 7415/7415 7414/7414
f 7292/7292 7415/7415 7291/7291
f 7420/7420 7421/7421 7422/7422
f 7423/7423 7424/7424 7425/7425
f 7295/7295 7426/7426 7294/7294
f 7427/7427 7426/7426 7295/7295
f 7297/7297 7428/7428 7296/7296
f 7429/7429 7428/7428 7297/7297
f 7300/7300 7430/7430 7301/7301
f 7337/7337 7431/7431 7338/7338
f 7432/7432 7430/7430 7300/7300
f 7433/7433 7434/7434 7435/7435
f 7308/7308 7436/7436 7307/7307
f 7306/7306 7437/7437 7341/7341
f 7438/7438 7436/7436 7308/7308
f 7269/7269 7439/7439 7309/7309
f 7440/7440 7439/7439 7269/7269
f 7410/7410 7441/7441 7310/7310
f 7442/7442 7443/7443 7321/7321
f 7321/7321 7443/7443 7322/7322
f 7359/7359 7444/7444 7360/7360
f 7445/7445 7446/7446 7447/7447
f 7448/7448 7446/7446 7445/7445
f 7449/7449 7450/7450 7451/7451
f 7447/7447 7446/7446 7293/7293
f 7293/7293 7446/7446 7330/7330
f 7364/7364 7452/7452 7362/7362
f 7453/7453 7454/7454 7455/7455
f 7456/7456 7457/7457 7458/7458
f 7459/7459 7460/7460 7461/7461
f 7462/7462 7463/7463 7331/7331
f 7331/7331 7463/7463 7332/7332
f 7333/7333 7464/7464 7365/7365
f 7334/7334 7465/7465 7335/7335
f 7336/7336 7466/7466 7366/7366
f 7467/7467 7465/7465 7334/7334
f 7431/7431 7468/7468 7338/7338
f 7469/7469 7470/7470 7471/7471
f 7305/7305 7472/7472 7340/7340
f 7372/7372 7473/7473 7373/7373
f 7437/7437 7474/7474 7341/7341
f 7475/7475 7476/7476 7342/7342
f 7342/7342 7476/7476 7343/7343
f 7477/7477 7478/7478 7348/7348
f 7348/7348 7478/7478 7344/7344
f 7444/7444 7479/7479 7360/7360
f 7480/7480 7481/7481 7482/7482
f 7452/7452 7483/7483 7362/7362
f 7484/7484 7485/7485 7486/7486
f 7487/7487 7488/7488 7489/7489
f 7457/7457 7490/7490 7458/7458
f 7464/7464 7491/7491 7365/7365
f 7466/7466 7492/7492 7366/7366
f 7493/7493 7494/7494 7369/7369
f 7369/7369 7494/7494 7370/7370
f 7495/7495 7496/7496 7497/7497
f 7376/7376 7498/7498 7377/7377
f 7499/7499 7498/7498 7376/7376
f 7379/7379 7500/7500 7378/7378
f 7411/7411 7501/7501 7412/7412
f 7502/7502 7500/7500 7379/7379
f 7346/7346 7503/7503 7381/7381
f 7504/7504 7503/7503 7346/7346
f 7505/7505 7506/7506 7507/7507
f 7508/7508 7506/7506 7505/7505
f 7509/7509 7510/7510 7363/7363
f 7511/7511 7510/7510 7512/7512
f 7513/7513 7514/7514 7515/7515
f 7512/7512 7510/7510 7509/7509
f 7363/7363 7510/7510 7399/7399
f 7516/7516 7517/7517 7518/7518
f 7519/7519 7520/7520 7521/7521
f 7522/7522 7523/7523 7524/7524
f 7525/7525 7526/7526 7401/7401
f 7401/7401 7526/7526 7400/7400
f 7367/7367 7527/7527 7402/7402
f 7528/7528 7527/7527 7367/7367
f 7404/7404 7529/7529 7405/7405
f 7530/7530 7529/7529 7404/7404
f 7374/7374 7531/7531 7408/7408
f 7532/7532 7533/7533 7534/7534
f 7535/7535 7536/7536 7375/7375
f 7375/7375 7536/7536 7409/7409
f 7501/7501 7537/7537 7412/7412
f 7538/7538 7539/7539 7380/7380
f 7380/7380 7539/7539 7413/7413
f 7540/7540 7541/7541 7542/7542
f 7543/7543 7541/7541 7540/7540
f 7544/7544 7545/7545 7546/7546
f 7547/7547 7548/7548 7427/7427
f 7549/7549 7550/7550 7551/7551
f 7552/7552 7548/7548 7547/7547
f 7427/7427 7548/7548 7426/7426
f 7553/7553 7554/7554 7555/7555
f 7520/7520 7556/7556 7521/7521
f 7557/7557 7558/7558 7429/7429
f 7429/7429 7558/7558 7428/7428
f 7432/7432 7559/7559 7430/7430
f 7560/7560 7559/7559 7432/7432
f 7433/7433 7561/7561 7434/7434
f 7469/7469 7562/7562 7470/7470
f 7563/7563 7561/7561 7433/7433
f 7438/7438 7564/7564 7436/7436
f 7565/7565 7566/7566 7567/7567
f 7437/7437 7568/7568 7474/7474
f 7440/7440 7569/7569 7439/7439
f 7570/7570 7569/7569 7440/7440
f 7571/7571 7572/7572 7410/7410
f 7410/7410 7572/7572 7441/7441
f 7442/7442 7573/7573 7443/7443
f 7574/7574 7573/7573 7442/7442
f 7545/7545 7575/7575 7546/7546
f 7462/7462 7576/7576 7463/7463
f 7577/7577 7576/7576 7462/7462
f 7578/7578 7576/7576 7579/7579
f 7580/7580 7581/7581 7582/7582
f 7579/7579 7576/7576 7577/7577
f 7583/7583 7584/7584 7585/7585
f 7586/7586 7587/7587 7588/7588
f 7589/7589 7590/7590 7591/7591
f 7466/7466 7592/7592 7492/7492
f 7593/7593 7594/7594 7467/7467
f 7467/7467 7594/7594 7465/7465
f 7431/7431 7595/7595 7468/7468
f 7596/7596 7595/7595 7431/7431
f 7493/7493 7597/7597 7494/7494
f 7562/7562 7598/7598 7470/7470
f 7599/7599 7600/7600 7601/7601
f 7475/7475 7602/7602 7476/7476
f 7603/7603 7602/7602 7475/7475
f 7504/7504 7604/7604 7503/7503
f 7477/7477 7605/7605 7478/7478
f 7606/7606 7605/7605 7477/7477
f 7444/7444 7607/7607 7479/7479
f 7608/7608 7607/7607 7444/7444
f 7457/7457 7609/7609 7490/7490
f 7610/7610 7609/7609 7457/7457
f 7464/7464 7611/7611 7491/7491
f 7612/7612 7611/7611 7613/7613
f 7613/7613 7611/7611 7464/7464
f 7614/7614 7615/7615 7616/7616
f 7525/7525 7617/7617 7526/7526
f 7618/7618 7619/7619 7620/7620
f 7621/7621 7622/7622 7623/7623
f 7624/7624 7625/7625 7626/7626
f 7592/7592 7627/7627 7492/7492
f 7597/7597 7628/7628 7494/7494
f 7495/7495 7629/7629 7496/7496
f 7630/7630 7629/7629 7495/7495
f 7499/7499 7631/7631 7498/7498
f 7632/7632 7633/7633 7634/7634
f 7502/7502 7635/7635 7500/7500
f 7636/7636 7635/7635 7502/7502
f 7604/7604 7637/7637 7503/7503
f 7508/7508 7638/7638 7506/7506
f 7639/7639 7638/7638 7508/7508
f 7640/7640 7641/7641 7522/7522
f 7522/7522 7641/7641 7523/7523
f 7642/7642 7643/7643 7644/7644
f 7645/7645 7646/7646 7647/7647
f 7648/7648 7649/7649 7617/7617
f 7617/7617 7649/7649 7526/7526
f 7650/7650 7651/7651 7528/7528
f 7528/7528 7651/7651 7527/7527
f 7530/7530 7652/7652 7529/7529
f 7653/7653 7652/7652 7530/7530
f 7532/7532 7654/7654 7533/7533
f 7655/7655 7654/7654 7532/7532
f 7656/7656 7657/7657 7658/7658
f 7535/7535 7659/7659 7536/7536
f 7660/7660 7661/7661 7501/7501
f 7501/7501 7661/7661 7537/7537
f 7538/7538 7662/7662 7539/7539
f 7663/7663 7662/7662 7538/7538
f 7543/7543 7664/7664 7541/7541
f 7665/7665 7664/7664 7543/7543
f 7666/7666 7667/7667 7668/7668
f 7668/7668 7667/7667 7669/7669
f 7670/7670 7671/7671 7672/7672
f 7672/7672 7671/7671 7557/7557
f 7557/7557 7671/7671 7558/7558
f 7673/7673 7674/7674 7675/7675
f 7676/7676 7677/7677 7560/7560
f 7560/7560 7677/7677 7559/7559
f 7562/7562 7678/7678 7598/7598
f 7563/7563 7679/7679 7561/7561
f 7680/7680 7679/7679 7563/7563
f 7681/7681 7682/7682 7565/7565
f 7565/7565 7682/7682 7566/7566
f 7683/7683 7684/7684 7685/7685
f 7570/7570 7686/7686 7569/7569
f 7571/7571 7687/7687 7572/7572
f 7688/7688 7687/7687 7571/7571
f 7574/7574 7689/7689 7573/7573
f 7690/7690 7689/7689 7574/7574
f 7691/7691 7692/7692 7545/7545
f 7545/7545 7692/7692 7575/7575
f 7610/7610 7693/7693 7609/7609
f 7589/7589 7694/7694 7590/7590
f 7695/7695 7694/7694 7589/7589
f 7593/7593 7696/7696 7594/7594
f 7697/7697 7696/7696 7593/7593
f 7698/7698 7696/7696 7699/7699
f 7700/7700 7701/7701 7702/7702
f 7703/7703 7704/7704 7705/7705
f 7597/7597 7706/7706 7628/7628
f 7707/7707 7708/7708 7596/7596
f 7596/7596 7708/7708 7595/7595
f 7678/7678 7709/7709 7598/7598
f 7599/7599 7710/7710 7600/7600
f 7711/7711 7710/7710 7599/7599
f 7603/7603 7712/7712 7602/7602
f 7713/7713 7714/7714 7715/7715
f 7606/7606 7716/7716 7605/7605
f 7717/7717 7716/7716 7606/7606
f 7604/7604 7718/7718 7637/7637
f 7608/7608 7719/7719 7607/7607
f 7720/7720 7719/7719 7608/7608
f 7640/7640 7721/7721 7641/7641
f 7693/7693 7722/7722 7609/7609
f 6123/6123 7723/7723 7724/7724
f 7725/7725 7726/7726 7618/7618
f 7618/7618 7726/7726 7619/7619
f 7727/7727 7723/7723 6123/6123
f 7592/7592 7728/7728 7627/7627
f 7729/7729 7728/7728 7730/7730
f 7731/7731 7732/7732 7733/7733
f 7730/7730 7728/7728 7592/7592
f 7706/7706 7734/7734 7628/7628
f 7735/7735 7736/7736 7630/7630
f 7630/7630 7736/7736 7629/7629
f 7632/7632 7737/7737 7633/7633
f 7656/7656 7738/7738 7657/7657
f 7739/7739 7737/7737 7632/7632
f 7636/7636 7740/7740 7635/7635
f 7741/7741 7742/7742 7743/7743
f 7718/7718 7744/7744 7637/7637
f 7639/7639 7745/7745 7638/7638
f 7665/7665 7746/7746 7664/7664
f 7747/7747 7745/7745 7639/7639
f 7721/7721 7748/7748 7641/7641
f 7650/7650 7749/7749 7651/7651
f 7750/7750 7749/7749 7751/7751
f 7752/7752 7749/7749 7750/7750
f 7753/7753 7754/7754 7755/7755
f 7751/7751 7749/7749 7650/7650
f 7653/7653 7756/7756 7652/7652
f 7757/7757 7756/7756 7653/7653
f 7758/7758 7759/7759 7655/7655
f 7681/7681 7760/7760 7682/7682
f 7655/7655 7759/7759 7654/7654
f 7738/7738 7761/7761 7657/7657
f 7660/7660 7762/7762 7661/7661
f 7763/7763 7764/7764 7765/7765
f 7766/7766 7767/7767 7663/7663
f 7663/7663 7767/7767 7662/7662
f 7746/7746 7768/7768 7664/7664
f 7769/7769 7770/7770 7666/7666
f 7666/7666 7770/7770 7667/7667
f 7771/7771 7772/7772 7773/7773
f 7774/7774 7775/7775 7676/7676
f 7776/7776 7777/7777 7778/7778
f 7779/7779 7780/7780 7781/7781
f 7676/7676 7775/7775 7677/7677
f 7680/7680 7782/7782 7679/7679
f 7678/7678 7783/7783 7709/7709
f 7784/7784 7782/7782 7680/7680
f 7760/7760 7785/7785 7682/7682
f 7683/7683 7786/7786 7684/7684
f 7787/7787 7786/7786 7683/7683
f 7688/7688 7788/7788 7687/7687
f 7789/7789 7790/7790 7791/7791
f 7792/7792 7793/7793 7690/7690
f 7720/7720 7794/7794 7719/7719
f 7690/7690 7793/7793 7689/7689
f 7691/7691 7795/7795 7692/7692
f 7796/7796 7795/7795 7691/7691
f 7695/7695 7797/7797 7694/7694
f 7798/7798 7797/7797 7695/7695
f 7779/7779 7799/7799 7780/7780
f 7706/7706 7800/7800 7734/7734
f 7707/7707 7801/7801 7708/7708
f 7802/7802 7803/7803 7804/7804
f 7805/7805 7801/7801 7707/7707
f 7783/7783 7806/7806 7709/7709
f 7711/7711 7807/7807 7710/7710
f 7808/7808 7807/7807 7711/7711
f 7713/7713 7809/7809 7714/7714
f 7810/7810 7809/7809 7713/7713
f 7811/7811 7812/7812 7813/7813
f 7717/7717 7814/7814 7716/7716
f 7794/7794 7815/7815 7719/7719
f 7816/7816 7817/7817 7693/7693
f 7693/7693 7817/7817 7722/7722
f 7724/7724 7818/7818 7819/7819
f 7820/7820 7821/7821 7725/7725
f 7725/7725 7821/7821 7726/7726
f 7723/7723 7818/7818 7724/7724
f 7822/7822 7823/7823 7824/7824
f 7825/7825 7826/7826 7827/7827
f 7828/7828 7829/7829 7800/7800
f 7800/7800 7829/7829 7734/7734
f 7830/7830 7831/7831 7735/7735
f 7735/7735 7831/7831 7736/7736
f 7738/7738 7832/7832 7761/7761
f 7739/7739 7833/7833 7737/7737
f 7834/7834 7833/7833 7739/7739
f 7741/7741 7835/7835 7742/7742
f 7836/7836 7835/7835 7741/7741
f 7718/7718 7837/7837 7744/7744
f 7766/7766 7838/7838 7767/7767
f 7839/7839 7840/7840 7841/7841
f 7747/7747 7842/7842 7745/7745
f 7843/7843 7842/7842 7747/7747
f 7721/7721 7844/7844 7748/7748
f 7845/7845 7844/7844 7721/7721
f 7825/7825 7846/7846 7826/7826
f 7847/7847 7848/7848 7757/7757
f 7757/7757 7848/7848 7756/7756
f 7784/7784 7849/7849 7782/7782
f 7850/7850 7851/7851 7852/7852
f 7853/7853 7854/7854 7758/7758
f 7758/7758 7854/7854 7759/7759
f 7832/7832 7855/7855 7761/7761
f 7787/7787 7856/7856 7786/7786
f 7857/7857 7858/7858 7763/7763
f 7763/7763 7858/7858 7764/7764
f 7859/7859 7860/7860 7861/7861
f 7862/7862 7863/7863 7746/7746
f 7746/7746 7863/7863 7768/7768
f 7864/7864 7865/7865 7769/7769
f 7769/7769 7865/7865 7770/7770
f 7783/7783 7866/7866 7806/7806
f 7849/7849 7867/7867 7782/7782
f 7868/7868 7869/7869 7870/7870
f 7871/7871 7872/7872 7873/7873
f 7874/7874 7866/7866 7875/7875
f 7760/7760 7876/7876 7785/7785
f 7877/7877 7876/7876 7760/7760
f 7856/7856 7878/7878 7786/7786
f 7879/7879 7880/7880 7789/7789
f 7789/7789 7880/7880 7790/7790
f 7881/7881 7882/7882 7883/7883
f 7792/7792 7884/7884 7793/7793
f 7796/7796 7885/7885 7795/7795
f 7886/7886 7885/7885 7796/7796
f 7798/7798 7887/7887 7797/7797
f 7888/7888 7887/7887 7798/7798
f 7820/7820 7889/7889 7821/7821
f 7874/7874 7890/7890 7866/7866
f 7891/7891 7892/7892 7893/7893
f 7866/7866 7890/7890 7806/7806
f 7808/7808 7894/7894 7807/7807
f 7895/7895 7894/7894 7808/7808
f 7836/7836 7896/7896 7835/7835
f 7897/7897 7898/7898 7810/7810
f 7810/7810 7898/7898 7809/7809
f 7811/7811 7899/7899 7812/7812
f 7839/7839 7900/7900 7840/7840
f 7901/7901 7899/7899 7811/7811
f 7902/7902 7903/7903 7904/7904
f 7794/7794 7905/7905 7815/7815
f 7816/7816 7906/7906 7817/7817
f 7907/7907 7906/7906 7816/7816
f 7819/7819 7908/7908 7909/7909
f 7818/7818 7908/7908 7819/7819
f 7889/7889 7910/7910 7821/7821
f 7911/7911 7912/7912 7913/7913
f 7914/7914 7915/7915 7916/7916
f 7917/7917 7918/7918 7919/7919
f 7830/7830 7920/7920 7831/7831
f 7921/7921 7920/7920 7830/7830
f 7834/7834 7922/7922 7833/7833
f 7923/7923 7922/7922 7834/7834
f 7857/7857 7924/7924 7858/7858
f 7896/7896 7925/7925 7835/7835
f 7900/7900 7926/7926 7840/7840
f 7843/7843 7927/7927 7842/7842
f 7928/7928 7929/7929 7930/7930
f 7931/7931 7932/7932 7845/7845
f 7845/7845 7932/7932 7844/7844
f 7933/7933 7934/7934 7935/7935
f 7853/7853 7936/7936 7854/7854
f 7937/7937 7938/7938 7939/7939
f 7918/7918 7936/7936 7853/7853
f 7832/7832 7940/7940 7855/7855
f 7941/7941 7940/7940 7832/7832
f 7924/7924 7942/7942 7858/7858
f 7943/7943 7944/7944 7859/7859
f 7859/7859 7944/7944 7860/7860
f 7881/7881 7945/7945 7882/7882
f 7946/7946 7947/7947 7948/7948
f 7862/7862 7949/7949 7863/7863
f 7886/7886 7950/7950 7885/7885
f 7951/7951 7952/7952 7864/7864
f 7864/7864 7952/7952 7865/7865
f 7953/7953 7954/7954 7955/7955
f 7955/7955 7954/7954 7877/7877
f 7956/7956 7957/7957 7958/7958
f 7959/7959 7960/7960 7961/7961
f 7877/7877 7954/7954 7876/7876
f 7962/7962 7963/7963 7856/7856
f 7856/7856 7963/7963 7878/7878
f 7964/7964 7965/7965 7879/7879
f 7901/7901 7966/7966 7899/7899
f 7879/7879 7965/7965 7880/7880
f 7945/7945 7967/7967 7882/7882
f 7968/7968 7969/7969 7970/7970
f 7889/7889 7971/7971 7910/7910
f 7888/7888 7972/7972 7887/7887
f 7973/7973 7972/7972 7888/7888
f 7974/7974 7975/7975 7976/7976
f 7977/7977 7978/7978 7895/7895
f 7895/7895 7978/7978 7894/7894
f 7979/7979 7978/7978 7977/7977
f 7980/7980 7981/7981 7897/7897
f 7896/7896 7982/7982 7925/7925
f 7897/7897 7981/7981 7898/7898
f 7966/7966 7983/7983 7899/7899
f 7900/7900 7984/7984 7926/7926
f 7902/7902 7985/7985 7903/7903
f 7986/7986 7985/7985 7902/7902
f 7907/7907 7987/7987 7906/7906
f 7988/7988 7989/7989 7990/7990
f 7909/7909 7991/7991 7992/7992
f 7908/7908 7991/7991 7909/7909
f 7971/7971 7993/7993 7910/7910
f 7994/7994 7995/7995 7923/7923
f 7996/7996 7997/7997 7998/7998
f 7999/7999 8000/8000 8001/8001
f 8002/8002 8003/8003 8004/8004
f 7941/7941 8003/8003 7940/7940
f 7923/7923 7995/7995 7922/7922
f 7982/7982 8005/8005 7925/7925
f 7943/7943 8006/8006 7944/7944
f 7984/7984 8007/8007 7926/7926
f 7928/7928 8008/8008 7929/7929
f 8009/8009 8008/8008 7928/7928
f 7931/7931 8010/8010 7932/7932
f 8011/8011 8012/8012 8013/8013
f 8003/8003 8014/8014 7940/7940
f 8015/8015 8016/8016 8017/8017
f 8018/8018 8019/8019 8020/8020
f 7964/7964 8021/8021 7965/7965
f 7924/7924 8022/8022 7942/7942
f 8023/8023 8022/8022 7924/7924
f 8006/8006 8024/8024 7944/7944
f 8025/8025 8026/8026 7946/7946
f 7946/7946 8026/8026 7947/7947
f 7968/7968 8027/8027 7969/7969
f 7951/7951 8028/8028 7952/7952
f 8029/8029 8030/8030 8031/8031
f 7962/7962 8032/8032 7963/7963
f 8033/8033 8032/8032 8034/8034
f 8035/8035 8036/8036 8037/8037
f 8038/8038 8039/8039 8040/8040
f 8034/8034 8032/8032 7962/7962
f 8021/8021 8041/8041 7965/7965
f 7945/7945 8042/8042 7967/7967
f 8043/8043 8042/8042 7945/7945
f 8027/8027 8044/8044 7969/7969
f 7973/7973 8045/8045 7972/7972
f 8046/8046 8047/8047 8048/8048
f 7980/7980 8049/8049 7981/7981
f 8039/8039 8049/8049 7980/7980
f 8050/8050 8051/8051 8052/8052
f 8038/8038 8049/8049 8039/8039
f 8053/8053 8054/8054 7966/7966
f 7966/7966 8054/8054 7983/7983
f 8055/8055 8056/8056 7986/7986
f 7986/7986 8056/8056 7985/7985
f 8009/8009 8057/8057 8008/8008
f 8058/8058 8059/8059 7988/7988
f 7988/7988 8059/8059 7989/7989
f 8060/8060 8061/8061 8062/8062
f 7991/7991 8063/8063 7992/7992
f 8064/8064 8065/8065 8066/8066
f 7971/7971 8067/8067 7993/7993
f 8068/8068 8069/8069 7982/7982
f 7982/7982 8069/8069 8005/8005
f 8070/8070 8071/8071 8072/8072
f 8073/8073 8074/8074 8075/8075
f 8076/8076 8077/8077 8078/8078
f 7984/7984 8079/8079 8007/8007
f 8080/8080 8079/8079 7984/7984
f 8057/8057 8081/8081 8008/8008
f 8011/8011 8082/8082 8012/8012
f 8083/8083 8082/8082 8011/8011
f 8084/8084 8085/8085 8086/8086
f 8021/8021 8087/8087 8041/8041
f 8077/8077 8088/8088 8023/8023
f 8089/8089 8090/8090 8091/8091
f 8023/8023 8088/8088 8022/8022
f 8092/8092 8093/8093 8006/8006
f 8006/8006 8093/8093 8024/8024
f 8094/8094 8095/8095 8025/8025
f 8025/8025 8095/8095 8026/8026
f 8029/8029 8096/8096 8030/8030
f 8046/8046 8097/8097 8047/8047
f 8098/8098 8096/8096 8029/8029
f 8099/8099 8100/8100 8101/8101
f 8087/8087 8102/8102 8041/8041
f 8103/8103 8104/8104 8105/8105
f 8106/8106 8107/8107 8108/8108
f 8043/8043 8109/8109 8042/8042
f 8110/8110 8109/8109 8043/8043
f 8027/8027 8111/8111 8044/8044
f 8112/8112 8111/8111 8027/8027
f 8097/8097 8113/8113 8047/8047
f 8114/8114 8115/8115 8116/8116
f 8053/8053 8115/8115 8054/8054
f 8080/8080 8117/8117 8079/8079
f 8116/8116 8115/8115 8053/8053
f 8118/8118 8119/8119 8120/8120
f 8121/8121 8122/8122 8055/8055
f 8055/8055 8122/8122 8056/8056
f 8058/8058 8123/8123 8059/8059
f 8083/8083 8124/8124 8082/8082
f 8125/8125 8123/8123 8058/8058
f 8062/8062 8126/8126 8127/8127
f 8064/8064 8128/8128 8065/8065
f 8061/8061 8126/8126 8062/8062
f 8129/8129 8128/8128 8064/8064
f 8130/8130 8131/8131 8132/8132
f 8117/8117 8133/8133 8079/8079
f 8134/8134 8135/8135 8136/8136
f 8137/8137 8138/8138 8139/8139
f 8057/8057 8140/8140 8081/8081
f 8141/8141 8140/8140 8057/8057
f 8124/8124 8142/8142 8082/8082
f 8110/8110 8143/8143 8109/8109
f 8092/8092 8144/8144 8093/8093
f 8145/8145 8144/8144 8146/8146
f 8146/8146 8144/8144 8092/8092
f 8147/8147 8148/8148 8149/8149
f 8150/8150 8151/8151 8094/8094
f 8094/8094 8151/8151 8095/8095
f 8112/8112 8152/8152 8111/8111
f 8153/8153 8154/8154 8098/8098
f 8098/8098 8154/8154 8096/8096
f 8143/8143 8155/8155 8109/8109
f 8156/8156 8157/8157 8158/8158
f 8159/8159 8160/8160 8161/8161
f 8162/8162 8155/8155 8143/8143
f 8152/8152 8163/8163 8111/8111
f 8164/8164 8165/8165 8097/8097
f 8097/8097 8165/8165 8113/8113
f 8129/8129 8166/8166 8128/8128
f 8121/8121 8167/8167 8122/8122
f 8168/8168 8167/8167 8121/8121
f 8169/8169 8170/8170 8171/8171
f 8172/8172 8167/8167 8168/8168
f 8124/8124 8173/8173 8142/8142
f 8174/8174 8175/8175 8125/8125
f 8125/8125 8175/8175 8123/8123
f 8127/8127 8176/8176 8177/8177
f 8166/8166 8178/8178 8128/8128
f 8126/8126 8176/8176 8127/8127
f 8179/8179 8180/8180 8141/8141
f 8141/8141 8180/8180 8140/8140
f 8181/8181 8182/8182 8183/8183
f 8184/8184 8185/8185 8186/8186
f 8187/8187 8180/8180 8179/8179
f 8173/8173 8188/8188 8142/8142
f 8152/8152 8189/8189 8163/8163
f 8150/8150 8190/8190 8151/8151
f 8191/8191 8192/8192 8193/8193
f 8194/8194 8190/8190 8150/8150
f 8195/8195 8196/8196 8197/8197
f 8153/8153 8198/8198 8154/8154
f 8199/8199 8198/8198 8153/8153
f 8200/8200 8201/8201 8202/8202
f 8189/8189 8203/8203 8163/8163
f 8204/8204 8205/8205 8206/8206
f 8207/8207 8208/8208 8209/8209
f 8210/8210 8211/8211 8164/8164
f 8164/8164 8211/8211 8165/8165
f 8174/8174 8212/8212 8175/8175
f 8208/8208 8212/8212 8174/8174
f 8207/8207 8212/8212 8208/8208
f 8213/8213 8214/8214 8215/8215
f 8177/8177 8216/8216 8217/8217
f 8166/8166 8218/8218 8178/8178
f 8176/8176 8216/8216 8177/8177
f 8219/8219 8218/8218 8166/8166
f 8220/8220 8221/8221 8222/8222
f 8223/8223 8224/8224 8225/8225
f 8226/8226 8227/8227 8173/8173
f 8173/8173 8227/8227 8188/8188
f 8228/8228 8227/8227 8226/8226
f 8229/8229 8230/8230 8231/8231
f 8199/8199 8232/8232 8198/8198
f 8233/8233 8232/8232 8199/8199
f 8223/8223 8234/8234 8224/8224
f 8210/8210 8235/8235 8211/8211
f 8236/8236 8237/8237 8238/8238
f 8239/8239 8240/8240 8241/8241
f 8242/8242 8243/8243 8235/8235
f 8235/8235 8243/8243 8211/8211
f 8217/8217 8244/8244 8245/8245
f 8245/8245 8244/8244 6130/6130
f 8246/8246 8247/8247 8248/8248
f 8249/8249 8250/8250 8251/8251
f 8216/8216 8244/8244 8217/8217
f 8219/8219 8247/8247 8218/8218
f 8248/8248 8247/8247 8219/8219
f 8252/8252 8253/8253 8254/8254
f 8255/8255 8256/8256 8257/8257
f 8258/8258 8252/8252 8254/8254
f 8259/8259 8255/8255 8257/8257
f 8260/8260 8261/8261 8262/8262
f 8263/8263 8260/8260 8262/8262
f 8264/8264 8265/8265 8266/8266
f 8267/8267 8264/8264 8266/8266
f 8268/8268 8269/8269 8270/8270
f 8271/8271 8268/8268 8270/8270
f 8272/8272 8273/8273 8274/8274
f 8275/8275 8272/8272 8274/8274
f 8276/8276 8277/8277 8278/8278
f 8279/8279 8276/8276 8278/8278
f 8280/8280 8281/8281 8282/8282
f 8283/8283 8284/8284 8285/8285
f 8286/8286 8287/8287 8288/8288
f 8289/8289 8290/8290 8291/8291
f 8292/8292 8293/8293 8294/8294
f 8295/8295 8296/8296 8297/8297
f 8298/8298 8299/8299 8300/8300
f 8301/8301 8302/8302 8303/8303
f 8304/8304 8305/8305 8306/8306
f 8307/8307 8308/8308 8309/8309
f 8310/8310 8311/8311 8312/8312
f 8313/8313 8314/8314 8315/8315
f 8316/8316 8317/8317 8318/8318
f 8319/8319 8320/8320 8321/8321
f 8322/8322 8323/8323 8324/8324
f 8325/8325 8326/8326 8327/8327
f 8328/8328 8329/8329 8330/8330
f 8331/8331 8332/8332 8333/8333
f 8334/8334 8335/8335 8336/8336
f 8337/8337 8338/8338 8339/8339
f 8340/8340 8341/8341 8342/8342
f 8343/8343 8344/8344 8345/8345
f 8346/8346 8347/8347 8348/8348
f 8349/8349 8350/8350 8351/8351
f 8352/8352 8353/8353 8354/8354
f 8355/8355 8356/8356 8357/8357
f 8358/8358 8359/8359 8360/8360
f 8361/8361 8362/8362 8363/8363
f 8364/8364 8365/8365 8366/8366
f 8367/8367 8368/8368 8369/8369
f 8370/8370 8371/8371 8372/8372
f 8373/8373 8374/8374 8375/8375
f 8376/8376 8377/8377 8378/8378
f 8379/8379 8380/8380 8381/8381
f 8382/8382 8383/8383 8384/8384
f 8385/8385 8386/8386 8387/8387
f 8388/8388 8389/8389 8390/8390
f 8391/8391 8392/8392 8393/8393
f 8394/8394 8395/8395 8396/8396
f 8397/8397 8398/8398 8399/8399
f 8400/8400 8401/8401 8402/8402
f 8403/8403 8404/8404 8405/8405
f 8406/8406 8407/8407 8408/8408
f 8409/8409 8410/8410 8411/8411
f 8412/8412 8413/8413 8414/8414
f 8415/8415 8416/8416 8417/8417
f 8418/8418 8419/8419 8420/8420
f 8421/8421 8422/8422 8423/8423
f 8424/8424 8425/8425 8426/8426
f 8427/8427 8428/8428 8429/8429
f 8430/8430 8431/8431 8432/8432
f 8433/8433 8434/8434 8435/8435
f 8436/8436 8437/8437 8438/8438
f 8439/8439 8440/8440 8441/8441
f 8442/8442 8443/8443 8444/8444
f 8445/8445 8446/8446 8447/8447
f 8448/8448 8449/8449 8450/8450
f 8451/8451 8452/8452 8453/8453
f 8454/8454 8455/8455 8456/8456
f 8457/8457 8458/8458 8459/8459
f 8460/8460 8461/8461 8462/8462
f 8463/8463 8464/8464 8465/8465
f 8466/8466 8467/8467 8468/8468
f 8469/8469 8470/8470 8471/8471
f 8472/8472 8473/8473 8474/8474
f 8475/8475 8476/8476 8477/8477
f 8478/8478 8479/8479 8480/8480
f 8481/8481 8482/8482 8483/8483
f 8484/8484 8485/8485 8486/8486
f 8487/8487 8488/8488 8489/8489
f 8490/8490 8491/8491 8492/8492
f 8493/8493 8494/8494 8495/8495
f 8496/8496 8497/8497 8498/8498
f 8499/8499 8500/8500 8501/8501
f 8502/8502 8503/8503 8504/8504
f 8505/8505 8506/8506 8507/8507
f 8508/8508 8509/8509 8510/8510
f 8511/8511 8512/8512 8513/8513
f 8514/8514 8515/8515 8516/8516
f 8517/8517 8518/8518 8519/8519
f 8520/8520 8521/8521 8522/8522
f 8523/8523 8524/8524 8525/8525
f 8526/8526 8527/8527 8528/8528
f 8529/8529 8530/8530 8531/8531
f 8532/8532 8533/8533 8534/8534
f 8535/8535 8536/8536 8537/8537
f 8538/8538 8539/8539 8540/8540
f 8541/8541 8542/8542 8543/8543
f 8544/8544 8545/8545 8546/8546
f 8547/8547 8548/8548 8549/8549
f 8550/8550 8551/8551 8552/8552
f 8553/8553 8554/8554 8555/8555
f 8556/8556 8557/8557 8558/8558
f 8559/8559 8560/8560 8561/8561
f 8562/8562 8563/8563 8564/8564
f 8565/8565 8566/8566 8567/8567
f 8568/8568 8569/8569 8570/8570
f 8571/8571 8572/8572 8573/8573
f 8574/8574 8575/8575 8576/8576
f 8577/8577 8578/8578 8579/8579
f 8580/8580 8581/8581 8582/8582
f 8583/8583 8584/8584 8585/8585
f 8586/8586 8587/8587 8588/8588
f 8589/8589 8590/8590 8591/8591
f 8592/8592 8593/8593 8594/8594
f 8595/8595 8596/8596 8597/8597
f 8598/8598 8599/8599 8600/8600
f 8601/8601 8602/8602 8603/8603
f 8604/8604 8605/8605 8606/8606
f 8607/8607 8608/8608 8609/8609
f 8610/8610 8611/8611 8612/8612
f 8613/8613 8614/8614 8615/8615
f 8616/8616 8617/8617 8618/8618
f 8619/8619 8620/8620 8621/8621
f 8622/8622 8623/8623 8624/8624
f 8625/8625 8626/8626 8627/8627
f 8628/8628 8629/8629 8630/8630
f 8631/8631 8632/8632 8633/8633
f 8634/8634 8635/8635 8636/8636
f 8637/8637 8638/8638 8639/8639
f 8640/8640 8641/8641 8642/8642
f 8643/8643 8644/8644 8645/8645
f 8646/8646 8647/8647 8648/8648
f 8649/8649 8650/8650 8651/8651
f 8652/8652 8653/8653 8654/8654
f 8655/8655 8656/8656 8657/8657
f 8658/8658 8659/8659 8660/8660
f 8661/8661 8662/8662 8663/8663
f 8664/8664 8665/8665 8666/8666
f 8667/8667 8668/8668 8669/8669
f 8670/8670 8671/8671 8672/8672
f 8673/8673 8674/8674 8675/8675
f 8676/8676 8677/8677 8678/8678
f 8679/8679 8680/8680 8681/8681
f 8682/8682 8683/8683 8684/8684
f 8685/8685 8686/8686 8687/8687
f 8688/8688 8689/8689 8690/8690
f 8691/8691 8692/8692 8693/8693
f 8694/8694 8695/8695 8696/8696
f 8697/8697 8698/8698 8699/8699
f 8700/8700 8701/8701 8702/8702
f 8703/8703 8704/8704 8705/8705
f 8706/8706 8707/8707 8708/8708
f 8709/8709 8710/8710 8711/8711
f 8712/8712 8713/8713 8714/8714
f 8715/8715 8716/8716 8717/8717
f 8718/8718 8719/8719 8720/8720
f 8721/8721 8722/8722 8723/8723
f 8724/8724 8725/8725 8726/8726
f 8727/8727 8728/8728 8729/8729
f 8730/8730 8731/8731 8732/8732
f 8733/8733 8734/8734 8735/8735
f 8736/8736 8737/8737 8738/8738
f 8739/8739 8740/8740 8741/8741
f 8739/8739 8741/8741 8742/8742
f 8743/8743 8744/8744 8745/8745
f 8746/8746 8747/8747 8748/8748
f 8749/8749 8750/8750 8751/8751
f 8749/8749 8751/8751 8752/8752
f 8753/8753 8754/8754 8755/8755
f 8756/8756 8757/8757 8758/8758
f 8759/8759 8760/8760 8761/8761
f 8762/8762 8763/8763 8764/8764
f 8765/8765 8766/8766 8767/8767
f 8765/8765 8768/8768 8766/8766
f 8769/8769 8770/8770 8771/8771
f 8769/8769 8772/8772 8770/8770
f 8773/8773 8774/8774 8775/8775
f 8773/8773 8776/8776 8774/8774
f 8777/8777 8778/8778 8779/8779
f 8777/8777 8780/8780 8778/8778
f 8781/8781 8782/8782 8783/8783
f 8784/8784 8785/8785 8786/8786
f 8787/8787 8788/8788 8789/8789
f 8787/8787 8790/8790 8788/8788
f 8791/8791 8792/8792 8793/8793
f 8791/8791 8794/8794 8792/8792
f 8795/8795 8796/8796 8797/8797
f 8798/8798 8799/8799 8800/8800
f 8801/8801 8795/8795 8797/8797
f 8802/8802 8798/8798 8800/8800
f 8803/8803 8804/8804 8805/8805
f 8806/8806 8807/8807 8808/8808
f 8809/8809 8810/8810 8811/8811
f 8812/8812 8813/8813 8814/8814
f 8815/8815 8816/8816 8817/8817
f 8818/8818 8815/8815 8817/8817
f 8819/8819 8820/8820 8821/8821
f 8822/8822 8823/8823 8824/8824
f 8825/8825 8826/8826 8827/8827
f 8828/8828 8829/8829 8830/8830
f 8831/8831 8832/8832 8833/8833
f 8834/8834 8835/8835 8836/8836
f 8837/8837 8838/8838 8839/8839
f 8840/8840 8841/8841 8842/8842
f 8843/8843 8844/8844 8845/8845
f 8846/8846 8843/8843 8845/8845
f 8847/8847 8848/8848 8849/8849
f 8850/8850 8851/8851 8852/8852
f 8853/8853 8854/8854 8855/8855
f 8856/8856 8853/8853 8855/8855
f 8857/8857 8858/8858 8859/8859
f 8860/8860 8861/8861 8862/8862
f 8863/8863 8864/8864 8865/8865
f 8866/8866 8867/8867 8868/8868
f 8869/8869 8870/8870 8871/8871
f 8872/8872 8873/8873 8874/8874
f 8875/8875 8876/8876 8877/8877
f 8878/8878 8879/8879 8880/8880
f 8881/8881 8882/8882 8883/8883
f 8884/8884 8885/8885 8886/8886
f 8887/8887 8888/8888 8889/8889
f 8890/8890 8891/8891 8892/8892
f 8893/8893 8894/8894 8895/8895
f 8896/8896 8897/8897 8898/8898
f 8899/8899 8900/8900 8901/8901
f 8902/8902 8903/8903 8904/8904
f 8905/8905 8906/8906 8907/8907
f 8908/8908 8909/8909 8910/8910
f 8911/8911 8912/8912 8913/8913
f 8914/8914 8915/8915 8916/8916
f 8917/8917 8918/8918 8919/8919
f 8920/8920 8921/8921 8922/8922
f 8923/8923 8924/8924 8925/8925
f 8926/8926 8927/8927 8928/8928
f 8929/8929 8930/8930 8931/8931
f 8932/8932 8933/8933 8934/8934
f 8935/8935 8936/8936 8937/8937
f 8938/8938 8939/8939 8940/8940
f 8941/8941 8942/8942 8943/8943
f 8944/8944 8945/8945 8946/8946
f 8947/8947 8948/8948 8949/8949
f 8950/8950 8951/8951 8952/8952
f 8953/8953 8954/8954 8955/8955
f 8956/8956 8957/8957 8958/8958
f 8959/8959 8960/8960 8961/8961
f 8962/8962 8963/8963 8964/8964
f 8965/8965 8966/8966 8967/8967
f 8968/8968 8969/8969 8970/8970
f 8971/8971 8972/8972 8973/8973
f 8974/8974 8975/8975 8976/8976
f 8977/8977 8978/8978 8979/8979
f 8980/8980 8981/8981 8982/8982
f 8983/8983 8984/8984 8985/8985
f 8986/8986 8987/8987 8988/8988
f 8989/8989 8990/8990 8991/8991
f 8992/8992 8993/8993 8994/8994
f 8995/8995 8996/8996 8997/8997
f 8998/8998 8999/8999 9000/9000
f 9001/9001 9002/9002 9003/9003
f 9004/9004 9005/9005 9006/9006
f 9007/9007 9008/9008 9009/9009
f 9010/9010 9011/9011 9012/9012
f 9013/9013 9014/9014 9015/9015
f 9016/9016 9017/9017 9018/9018
f 9019/9019 9020/9020 9021/9021
f 9022/9022 9023/9023 9024/9024
f 9025/9025 9026/9026 9027/9027
f 9028/9028 9029/9029 9030/9030
f 9031/9031 9032/9032 9033/9033
f 9034/9034 9035/9035 9036/9036
f 9037/9037 9038/9038 9039/9039
f 9040/9040 9041/9041 9042/9042
f 9043/9043 9044/9044 9045/9045
f 9046/9046 9047/9047 9048/9048
f 9049/9049 9050/9050 9051/9051
f 9052/9052 9053/9053 9054/9054
f 9055/9055 9056/9056 9057/9057
f 9058/9058 9059/9059 9060/9060
f 9061/9061 9062/9062 9063/9063
f 9064/9064 9065/9065 9066/9066
f 9067/9067 9068/9068 9069/9069
f 9070/9070 9071/9071 9072/9072
f 9073/9073 9074/9074 9075/9075
f 9076/9076 9077/9077 9078/9078
f 9079/9079 9080/9080 9081/9081
f 9082/9082 9083/9083 9084/9084
f 9085/9085 9086/9086 9087/9087
f 9088/9088 9089/9089 9090/9090
f 9091/9091 9092/9092 9093/9093
f 9094/9094 9095/9095 9096/9096
f 9097/9097 9098/9098 9099/9099
f 9100/9100 9101/9101 9102/9102
f 9103/9103 9104/9104 9105/9105
f 9106/9106 9107/9107 9108/9108
f 9109/9109 9110/9110 9111/9111
f 9112/9112 9113/9113 9114/9114
f 9115/9115 9116/9116 9117/9117
f 9118/9118 9119/9119 9120/9120
f 9121/9121 9122/9122 9123/9123
f 9124/9124 9125/9125 9126/9126
f 9127/9127 9128/9128 9129/9129
f 9130/9130 9131/9131 9132/9132
f 9133/9133 9134/9134 9135/9135
f 9136/9136 9137/9137 9138/9138
f 9139/9139 9140/9140 9141/9141
f 9142/9142 9143/9143 9144/9144
f 9145/9145 9146/9146 9147/9147
f 9148/9148 9149/9149 9150/9150
f 9151/9151 9152/9152 9153/9153
f 9154/9154 9155/9155 9156/9156
f 9157/9157 9158/9158 9159/9159
f 9160/9160 9161/9161 9162/9162
f 9163/9163 9164/9164 9165/9165
f 9166/9166 9167/9167 9168/9168
f 9169/9169 9170/9170 9171/9171
f 9172/9172 9173/9173 9174/9174
f 9175/9175 9176/9176 9177/9177
f 9178/9178 9179/9179 9180/9180
f 9181/9181 9182/9182 9183/9183
f 9184/9184 9185/9185 9186/9186
f 9187/9187 9188/9188 9189/9189
f 9190/9190 9191/9191 9192/9192
f 9193/9193 9194/9194 9195/9195
f 9196/9196 9197/9197 9198/9198
f 9199/9199 9200/9200 9201/9201
f 9202/9202 9203/9203 9204/9204
f 9205/9205 9206/9206 9207/9207
f 9208/9208 9209/9209 9210/9210
f 9211/9211 9212/9212 9213/9213
f 9214/9214 9215/9215 9216/9216
f 9217/9217 9218/9218 9219/9219
f 9220/9220 9221/9221 9222/9222
f 9223/9223 9224/9224 9225/9225
f 9226/9226 9227/9227 9228/9228
f 9229/9229 9230/9230 9231/9231
f 9232/9232 9233/9233 9234/9234
f 9235/9235 9236/9236 9237/9237
f 9238/9238 9239/9239 9240/9240
f 9241/9241 9242/9242 9243/9243
f 9244/9244 9245/9245 9246/9246
f 9247/9247 9248/9248 9249/9249
f 9250/9250 9251/9251 9252/9252
f 9253/9253 9254/9254 9255/9255
f 9256/9256 9257/9257 9258/9258
f 9259/9259 9260/9260 9261/9261
f 9262/9262 9263/9263 9264/9264
f 9265/9265 9266/9266 9267/9267
f 9268/9268 9269/9269 9270/9270
f 9271/9271 9272/9272 9273/9273
f 9274/9274 9275/9275 9276/9276
f 9277/9277 9278/9278 9279/9279
f 9280/9280 9281/9281 9282/9282
f 9283/9283 9284/9284 9285/9285
f 9286/9286 9287/9287 9288/9288
f 9289/9289 9290/9290 9291/9291
f 9292/9292 9293/9293 9294/9294
f 9295/9295 9296/9296 9297/9297
f 9298/9298 9299/9299 9300/9300
f 9298/9298 9300/9300 9301/9301
f 9302/9302 9303/9303 9304/9304
f 9305/9305 9306/9306 9307/9307
f 9308/9308 9309/9309 9310/9310
f 9308/9308 9311/9311 9309/9309
f 9312/9312 9313/9313 9314/9314
f 9315/9315 9316/9316 9317/9317
f 9318/9318 9319/9319 9320/9320
f 9321/9321 9322/9322 9323/9323
f 9324/9324 9325/9325 9326/9326
f 9324/9324 9327/9327 9325/9325
f 9328/9328 9329/9329 9330/9330
f 9328/9328 9331/9331 9329/9329
f 9332/9332 9333/9333 9334/9334
f 9332/9332 9335/9335 9333/9333
f 9336/9336 9337/9337 9338/9338
f 9336/9336 9339/9339 9337/9337
f 9340/9340 9341/9341 9342/9342
f 9340/9340 9343/9343 9341/9341
f 9344/9344 9345/9345 9346/9346
f 9347/9347 9348/9348 9349/9349
f 9350/9350 9351/9351 9352/9352
f 9353/9353 9354/9354 9355/9355
f 9356/9356 9357/9357 9358/9358
f 9359/9359 9360/9360 9361/9361
f 9362/9362 9363/9363 9364/9364
f 9365/9365 9366/9366 9367/9367
f 9368/9368 9369/9369 9370/9370
f 9371/9371 9372/9372 9373/9373
f 9374/9374 9375/9375 9376/9376
f 9377/9377 9378/9378 9379/9379
f 9380/9380 9381/9381 9382/9382
f 9383/9383 9384/9384 9385/9385
f 9386/9386 9387/9387 9388/9388
f 9389/9389 9390/9390 9391/9391
f 9392/9392 9393/9393 9345/9345
f 9345/9345 9393/9393 9394/9394
f 9395/9395 9396/9396 9397/9397
f 9398/9398 9399/9399 9400/9400
f 9368/9368 9401/9401 9369/9369
f 9402/9402 9401/9401 9368/9368
f 9403/9403 9404/9404 9405/9405
f 9406/9406 9407/9407 9408/9408
f 9409/9409 9404/9404 9403/9403
f 9410/9410 9411/9411 9377/9377
f 9377/9377 9411/9411 9378/9378
f 9412/9412 9413/9413 9414/9414
f 9415/9415 9416/9416 9417/9417
f 9418/9418 9419/9419 9420/9420
f 9420/9420 9419/9419 9421/9421
f 9422/9422 9423/9423 9424/9424
f 9425/9425 9426/9426 9427/9427
f 9428/9428 9423/9423 9422/9422
f 9392/9392 9429/9429 9393/9393
f 9430/9430 9429/9429 9392/9392
f 9431/9431 9432/9432 9433/9433
f 9434/9434 9432/9432 9431/9431
f 9435/9435 9436/9436 9437/9437
f 9438/9438 9439/9439 9440/9440
f 9441/9441 9442/9442 9402/9402
f 9402/9402 9442/9442 9401/9401
f 9443/9443 9444/9444 9409/9409
f 9409/9409 9444/9444 9404/9404
f 9445/9445 9446/9446 9447/9447
f 9447/9447 9446/9446 9448/9448
f 9449/9449 9450/9450 9451/9451
f 9452/9452 9453/9453 9410/9410
f 9410/9410 9453/9453 9411/9411
f 9415/9415 9454/9454 9416/9416
f 9455/9455 9454/9454 9415/9415
f 9456/9456 9457/9457 9458/9458
f 9459/9459 9460/9460 9461/9461
f 9462/9462 9463/9463 9464/9464
f 9465/9465 9466/9466 9418/9418
f 9418/9418 9466/9466 9419/9419
f 9428/9428 9467/9467 9423/9423
f 9468/9468 9467/9467 9428/9428
f 9469/9469 9470/9470 9471/9471
f 9472/9472 9473/9473 9474/9474
f 9475/9475 9476/9476 9430/9430
f 9430/9430 9476/9476 9429/9429
f 9477/9477 9478/9478 9434/9434
f 9434/9434 9478/9478 9432/9432
f 9479/9479 9480/9480 9438/9438
f 9438/9438 9480/9480 9439/9439
f 9481/9481 9482/9482 9483/9483
f 9484/9484 9485/9485 9486/9486
f 9487/9487 9488/9488 9489/9489
f 9441/9441 9490/9490 9442/9442
f 9491/9491 9490/9490 9441/9441
f 9443/9443 9492/9492 9444/9444
f 9493/9493 9492/9492 9443/9443
f 9494/9494 9495/9495 9496/9496
f 9497/9497 9495/9495 9494/9494
f 9498/9498 9499/9499 9500/9500
f 9501/9501 9502/9502 9503/9503
f 9504/9504 9505/9505 9452/9452
f 9452/9452 9505/9505 9453/9453
f 9455/9455 9506/9506 9454/9454
f 9507/9507 9506/9506 9455/9455
f 9508/9508 9509/9509 9510/9510
f 9511/9511 9509/9509 9508/9508
f 9512/9512 9513/9513 9514/9514
f 9515/9515 9516/9516 9517/9517
f 9518/9518 9519/9519 9520/9520
f 9521/9521 9522/9522 9465/9465
f 9465/9465 9522/9522 9466/9466
f 9523/9523 9524/9524 9468/9468
f 9468/9468 9524/9524 9467/9467
f 9472/9472 9525/9525 9473/9473
f 9526/9526 9525/9525 9472/9472
f 9516/9516 9527/9527 9517/9517
f 9528/9528 9529/9529 9530/9530
f 9531/9531 9532/9532 9475/9475
f 9475/9475 9532/9532 9476/9476
f 9477/9477 9533/9533 9478/9478
f 9534/9534 9533/9533 9477/9477
f 9535/9535 9536/9536 9479/9479
f 9479/9479 9536/9536 9480/9480
f 9537/9537 9538/9538 9539/9539
f 9539/9539 9538/9538 9540/9540
f 9541/9541 9542/9542 9543/9543
f 9544/9544 9545/9545 9546/9546
f 9547/9547 9548/9548 9549/9549
f 9550/9550 9551/9551 9491/9491
f 9491/9491 9551/9551 9490/9490
f 9493/9493 9552/9552 9492/9492
f 9553/9553 9552/9552 9493/9493
f 9497/9497 9554/9554 9495/9495
f 9555/9555 9554/9554 9497/9497
f 9498/9498 9556/9556 9499/9499
f 9557/9557 9556/9556 9498/9498
f 9558/9558 9559/9559 9560/9560
f 9561/9561 9562/9562 9563/9563
f 9564/9564 9565/9565 9504/9504
f 9504/9504 9565/9565 9505/9505
f 9507/9507 9566/9566 9506/9506
f 9567/9567 9566/9566 9507/9507
f 9511/9511 9568/9568 9509/9509
f 9569/9569 9568/9568 9511/9511
f 9526/9526 9570/9570 9525/9525
f 9571/9571 9572/9572 9518/9518
f 9518/9518 9572/9572 9519/9519
f 9573/9573 9574/9574 9575/9575
f 9576/9576 9577/9577 9578/9578
f 9579/9579 9580/9580 9581/9581
f 9582/9582 9583/9583 9521/9521
f 9534/9534 9584/9584 9533/9533
f 9521/9521 9583/9583 9522/9522
f 9523/9523 9585/9585 9524/9524
f 9586/9586 9585/9585 9523/9523
f 9570/9570 9587/9587 9525/9525
f 9588/9588 9589/9589 9516/9516
f 9516/9516 9589/9589 9527/9527
f 9590/9590 9591/9591 9592/9592
f 9593/9593 9594/9594 9595/9595
f 9596/9596 9597/9597 9598/9598
f 9531/9531 9599/9599 9532/9532
f 9584/9584 9600/9600 9533/9533
f 9601/9601 9602/9602 9535/9535
f 9535/9535 9602/9602 9536/9536
f 9537/9537 9603/9603 9538/9538
f 9557/9557 9604/9604 9556/9556
f 9605/9605 9603/9603 9537/9537
f 9541/9541 9606/9606 9542/9542
f 9607/9607 9606/9606 9541/9541
f 9608/9608 9609/9609 9610/9610
f 9611/9611 9612/9612 9613/9613
f 9614/9614 9615/9615 9616/9616
f 9550/9550 9617/9617 9551/9551
f 9618/9618 9619/9619 9620/9620
f 9553/9553 9621/9621 9552/9552
f 9622/9622 9621/9621 9553/9553
f 9555/9555 9623/9623 9554/9554
f 9624/9624 9623/9623 9555/9555
f 9604/9604 9625/9625 9556/9556
f 9561/9561 9626/9626 9562/9562
f 9627/9627 9626/9626 9561/9561
f 9628/9628 9629/9629 9630/9630
f 9631/9631 9632/9632 9633/9633
f 9634/9634 9635/9635 9636/9636
f 9564/9564 9637/9637 9565/9565
f 9567/9567 9638/9638 9566/9566
f 9639/9639 9638/9638 9567/9567
f 9570/9570 9640/9640 9587/9587
f 9641/9641 9642/9642 9569/9569
f 9569/9569 9642/9642 9568/9568
f 9571/9571 9643/9643 9572/9572
f 9588/9588 9644/9644 9589/9589
f 9645/9645 9643/9643 9571/9571
f 9579/9579 9646/9646 9580/9580
f 9647/9647 9646/9646 9579/9579
f 9648/9648 9649/9649 9650/9650
f 9651/9651 9652/9652 9653/9653
f 9654/9654 9655/9655 9656/9656
f 9582/9582 9657/9657 9583/9583
f 9658/9658 9659/9659 9660/9660
f 9661/9661 9662/9662 9586/9586
f 9586/9586 9662/9662 9585/9585
f 9640/9640 9663/9663 9587/9587
f 9644/9644 9664/9664 9589/9589
f 9593/9593 9665/9665 9594/9594
f 9666/9666 9665/9665 9593/9593
f 9667/9667 9668/9668 9669/9669
f 9670/9670 9671/9671 9672/9672
f 9596/9596 9673/9673 9597/9597
f 9674/9674 9673/9673 9596/9596
f 9618/9618 9675/9675 9619/9619
f 9584/9584 9676/9676 9600/9600
f 9677/9677 9678/9678 9679/9679
f 9601/9601 9680/9680 9602/9602
f 9681/9681 9680/9680 9601/9601
f 9682/9682 9683/9683 9605/9605
f 9605/9605 9683/9683 9603/9603
f 9604/9604 9684/9684 9625/9625
f 9685/9685 9686/9686 9607/9607
f 9627/9627 9687/9687 9626/9626
f 9607/9607 9686/9686 9606/9606
f 9688/9688 9689/9689 9614/9614
f 9614/9614 9689/9689 9615/9615
f 9690/9690 9691/9691 9692/9692
f 9693/9693 9694/9694 9695/9695
f 9696/9696 9697/9697 9698/9698
f 9675/9675 9699/9699 9619/9619
f 9622/9622 9700/9700 9621/9621
f 9701/9701 9702/9702 9703/9703
f 9704/9704 9705/9705 9624/9624
f 9624/9624 9705/9705 9623/9623
f 9684/9684 9706/9706 9625/9625
f 9687/9687 9707/9707 9626/9626
f 9708/9708 9709/9709 9631/9631
f 9631/9631 9709/9709 9632/9632
f 9710/9710 9711/9711 9712/9712
f 9713/9713 9714/9714 9715/9715
f 9716/9716 9717/9717 9634/9634
f 9634/9634 9717/9717 9635/9635
f 9639/9639 9718/9718 9638/9638
f 9719/9719 9720/9720 9721/9721
f 9722/9722 9723/9723 9641/9641
f 9641/9641 9723/9723 9642/9642
f 9645/9645 9724/9724 9643/9643
f 9725/9725 9724/9724 9645/9645
f 9726/9726 9727/9727 9647/9647
f 9647/9647 9727/9727 9646/9646
f 9728/9728 9729/9729 9648/9648
f 9670/9670 9730/9730 9671/9671
f 9648/9648 9729/9729 9649/9649
f 9731/9731 9732/9732 9733/9733
f 9734/9734 9735/9735 9736/9736
f 9737/9737 9738/9738 9739/9739
f 9740/9740 9741/9741 9658/9658
f 9658/9658 9741/9741 9659/9659
f 9661/9661 9742/9742 9662/9662
f 9743/9743 9744/9744 9745/9745
f 9746/9746 9747/9747 9640/9640
f 9640/9640 9747/9747 9663/9663
f 9748/9748 9749/9749 9644/9644
f 9644/9644 9749/9749 9664/9664
f 9666/9666 9750/9750 9665/9665
f 9751/9751 9750/9750 9666/9666
f 9730/9730 9752/9752 9671/9671
f 9753/9753 9754/9754 9755/9755
f 9756/9756 9757/9757 9758/9758
f 9759/9759 9760/9760 9674/9674
f 9674/9674 9760/9760 9673/9673
f 9761/9761 9762/9762 9677/9677
f 9677/9677 9762/9762 9678/9678
f 9681/9681 9763/9763 9680/9680
f 9764/9764 9765/9765 9766/9766
f 9767/9767 9768/9768 9682/9682
f 9682/9682 9768/9768 9683/9683
f 9769/9769 9770/9770 9685/9685
f 9685/9685 9770/9770 9686/9686
f 9771/9771 9772/9772 9688/9688
f 9688/9688 9772/9772 9689/9689
f 9773/9773 9774/9774 9690/9690
f 9690/9690 9774/9774 9691/9691
f 9775/9775 9776/9776 9777/9777
f 9777/9777 9776/9776 9778/9778
f 9779/9779 9780/9780 9781/9781
f 9782/9782 9783/9783 9675/9675
f 9675/9675 9783/9783 9699/9699
f 9701/9701 9784/9784 9702/9702
f 9785/9785 9784/9784 9701/9701
f 9704/9704 9786/9786 9705/9705
f 9787/9787 9788/9788 9789/9789
f 9684/9684 9790/9790 9706/9706
f 9791/9791 9790/9790 9684/9684
f 9792/9792 9793/9793 9687/9687
f 9687/9687 9793/9793 9707/9707
f 9708/9708 9794/9794 9709/9709
f 9795/9795 9794/9794 9708/9708
f 9710/9710 9796/9796 9711/9711
f 9797/9797 9796/9796 9710/9710
f 9798/9798 9799/9799 9800/9800
f 9801/9801 9802/9802 9803/9803
f 9804/9804 9805/9805 9716/9716
f 9716/9716 9805/9805 9717/9717
f 9806/9806 9807/9807 9719/9719
f 9719/9719 9807/9807 9720/9720
f 9722/9722 9808/9808 9723/9723
f 9746/9746 9809/9809 9747/9747
f 9810/9810 9811/9811 9812/9812
f 9725/9725 9813/9813 9724/9724
f 9814/9814 9813/9813 9725/9725
f 9815/9815 9816/9816 9726/9726
f 9726/9726 9816/9816 9727/9727
f 9730/9730 9817/9817 9752/9752
f 9818/9818 9819/9819 9728/9728
f 9728/9728 9819/9819 9729/9729
f 9737/9737 9820/9820 9738/9738
f 9821/9821 9820/9820 9737/9737
f 9822/9822 9823/9823 9824/9824
f 9825/9825 9826/9826 9827/9827
f 9828/9828 9823/9823 9822/9822
f 9740/9740 9829/9829 9741/9741
f 9830/9830 9829/9829 9740/9740
f 9743/9743 9831/9831 9744/9744
f 9832/9832 9831/9831 9743/9743
f 9833/9833 9834/9834 9835/9835
f 9748/9748 9836/9836 9749/9749
f 9837/9837 9836/9836 9748/9748
f 9751/9751 9838/9838 9750/9750
f 9839/9839 9838/9838 9751/9751
f 9817/9817 9840/9840 9752/9752
f 9841/9841 9842/9842 9753/9753
f 9753/9753 9842/9842 9754/9754
f 9843/9843 9844/9844 9845/9845
f 9846/9846 9847/9847 9848/9848
f 9849/9849 9850/9850 9851/9851
f 9852/9852 9853/9853 9759/9759
f 9759/9759 9853/9853 9760/9760
f 9782/9782 9854/9854 9783/9783
f 9761/9761 9855/9855 9762/9762
f 9856/9856 9855/9855 9761/9761
f 9857/9857 9858/9858 9764/9764
f 9764/9764 9858/9858 9765/9765
f 9787/9787 9859/9859 9788/9788
f 9860/9860 9861/9861 9862/9862
f 9767/9767 9863/9863 9768/9768
f 9864/9864 9865/9865 9769/9769
f 9769/9769 9865/9865 9770/9770
f 9792/9792 9866/9866 9793/9793
f 9771/9771 9867/9867 9772/9772
f 9868/9868 9867/9867 9771/9771
f 9869/9869 9870/9870 9773/9773
f 9773/9773 9870/9870 9774/9774
f 9871/9871 9872/9872 9775/9775
f 9775/9775 9872/9872 9776/9776
f 9873/9873 9874/9874 9875/9875
f 9850/9850 9876/9876 9851/9851
f 9854/9854 9877/9877 9783/9783
f 9804/9804 9878/9878 9805/9805
f 9879/9879 9880/9880 9785/9785
f 9785/9785 9880/9880 9784/9784
f 9859/9859 9881/9881 9788/9788
f 9882/9882 9883/9883 9884/9884
f 9791/9791 9885/9885 9790/9790
f 9866/9866 9886/9886 9793/9793
f 9887/9887 9888/9888 9795/9795
f 9795/9795 9888/9888 9794/9794
f 9889/9889 9890/9890 9797/9797
f 9797/9797 9890/9890 9796/9796
f 9798/9798 9891/9891 9799/9799
f 9892/9892 9891/9891 9798/9798
f 9893/9893 9894/9894 9895/9895
f 9896/9896 9897/9897 9898/9898
f 9899/9899 9900/9900 9901/9901
f 9878/9878 9902/9902 9805/9805
f 9806/9806 9903/9903 9807/9807
f 9904/9904 9903/9903 9806/9806
f 9905/9905 9906/9906 9810/9810
f 9810/9810 9906/9906 9811/9811
f 9907/9907 9908/9908 9909/9909
f 9814/9814 9910/9910 9813/9813
f 9815/9815 9911/9911 9816/9816
f 9912/9912 9911/9911 9815/9815
f 9818/9818 9913/9913 9819/9819
f 9817/9817 9914/9914 9840/9840
f 9915/9915 9913/9913 9818/9818
f 9821/9821 9916/9916 9820/9820
f 9917/9917 9916/9916 9821/9821
f 9828/9828 9918/9918 9823/9823
f 9919/9919 9918/9918 9828/9828
f 9920/9920 9921/9921 9922/9922
f 9923/9923 9924/9924 9925/9925
f 9926/9926 9927/9927 9830/9830
f 9830/9830 9927/9927 9829/9829
f 9856/9856 9928/9928 9855/9855
f 9929/9929 9930/9930 9832/9832
f 9832/9832 9930/9930 9831/9831
f 9833/9833 9931/9931 9834/9834
f 9932/9932 9931/9931 9833/9833
f 9933/9933 9934/9934 9935/9935
f 9837/9837 9936/9936 9836/9836
f 9839/9839 9937/9937 9838/9838
f 9938/9938 9937/9937 9839/9839
f 9914/9914 9939/9939 9840/9840
f 9940/9940 9941/9941 9841/9841
f 9841/9841 9941/9941 9842/9842
f 9843/9843 9942/9942 9844/9844
f 9850/9850 9943/9943 9876/9876
f 9944/9944 9942/9942 9843/9843
f 9945/9945 9946/9946 9852/9852
f 9349/9349 9946/9946 9945/9945
f 9852/9852 9946/9946 9853/9853
f 9947/9947 9948/9948 9949/9949
f 9950/9950 9951/9951 9952/9952
f 9953/9953 9954/9954 9955/9955
f 9956/9956 9957/9957 9958/9958
f 9928/9928 9959/9959 9855/9855
f 9857/9857 9960/9960 9858/9858
f 9961/9961 9960/9960 9857/9857
f 9882/9882 9962/9962 9883/9883
f 9860/9860 9963/9963 9861/9861
f 9964/9964 9963/9963 9860/9860
f 9864/9864 9965/9965 9865/9865
f 9966/9966 9967/9967 9968/9968
f 9969/9969 9970/9970 9868/9868
f 9868/9868 9970/9970 9867/9867
f 9971/9971 9972/9972 9869/9869
f 9869/9869 9972/9972 9870/9870
f 9973/9973 9974/9974 9871/9871
f 9871/9871 9974/9974 9872/9872
f 9943/9943 9975/9975 9876/9876
f 9976/9976 9977/9977 9978/9978
f 9979/9979 9980/9980 9981/9981
f 9982/9982 9983/9983 9984/9984
f 9854/9854 9983/9983 9877/9877
f 9984/9984 9983/9983 9854/9854
f 9985/9985 9986/9986 9987/9987
f 9988/9988 9989/9989 9990/9990
f 9991/9991 9992/9992 9879/9879
f 9879/9879 9992/9992 9880/9880
f 9993/9993 9994/9994 9859/9859
f 9859/9859 9994/9994 9881/9881
f 9962/9962 9995/9995 9883/9883
f 9996/9996 9997/9997 9998/9998
f 9866/9866 9999/9999 9886/9886
f 9887/9887 10000/10000 9888/9888
f 10001/10001 10000/10000 9887/9887
f 10002/10002 10003/10003 9889/9889
f 9889/9889 10003/10003 9890/9890
f 9892/9892 10004/10004 9891/9891
f 10005/10005 10004/10004 9892/9892
f 10006/10006 10007/10007 10008/10008
f 10009/10009 10007/10007 10006/10006
f 10010/10010 10011/10011 10012/10012
f 10013/10013 10014/10014 9878/9878
f 10015/10015 10014/10014 10013/10013
f 9878/9878 10014/10014 9902/9902
f 10016/10016 10017/10017 10018/10018
f 10019/10019 10020/10020 10021/10021
f 10022/10022 10023/10023 10024/10024
f 10025/10025 10026/10026 9904/9904
f 9904/9904 10026/10026 9903/9903
f 9905/9905 10027/10027 9906/9906
f 10028/10028 10027/10027 9905/9905
f 10029/10029 10030/10030 9907/9907
f 9907/9907 10030/10030 9908/9908
f 10031/10031 10032/10032 10033/10033
f 9912/9912 10034/10034 9911/9911
f 9915/9915 10035/10035 9913/9913
f 10036/10036 10035/10035 9915/9915
f 9917/9917 10037/10037 9916/9916
f 10038/10038 10037/10037 9917/9917
f 10039/10039 10040/10040 9919/9919
f 9944/9944 10041/10041 9942/9942
f 9919/9919 10040/10040 9918/9918
f 9923/9923 10042/10042 9924/9924
f 10043/10043 10042/10042 9923/9923
f 10044/10044 10045/10045 10046/10046
f 10047/10047 10048/10048 10049/10049
f 9926/9926 10050/10050 9927/9927
f 10051/10051 10050/10050 9926/9926
f 10052/10052 10053/10053 10054/10054
f 10055/10055 10056/10056 10057/10057
f 10058/10058 10059/10059 10060/10060
f 9961/9961 10061/10061 9960/9960
f 9929/9929 10062/10062 9930/9930
f 10063/10063 10062/10062 9929/9929
f 9932/9932 10064/10064 9931/9931
f 10065/10065 10064/10064 9932/9932
f 10066/10066 10067/10067 9933/9933
f 9933/9933 10067/10067 9934/9934
f 10068/10068 10069/10069 10070/10070
f 9938/9938 10071/10071 9937/9937
f 9914/9914 10072/10072 9939/9939
f 9971/9971 10073/10073 9972/9972
f 10074/10074 10072/10072 9914/9914
f 9973/9973 10075/10075 9974/9974
f 9940/9940 10076/10076 9941/9941
f 10077/10077 10076/10076 9940/9940
f 10041/10041 10078/10078 9942/9942
f 9950/9950 10079/10079 9951/9951
f 10080/10080 10079/10079 9950/9950
f 9991/9991 10081/10081 9992/9992
f 10082/10082 10083/10083 9928/9928
f 9928/9928 10083/10083 9959/9959
f 10084/10084 10085/10085 10086/10086
f 10087/10087 10088/10088 10089/10089
f 10090/10090 10091/10091 10092/10092
f 10093/10093 10094/10094 10095/10095
f 10096/10096 10097/10097 10098/10098
f 9993/9993 10099/10099 9994/9994
f 10061/10061 10100/10100 9960/9960
f 9964/9964 10101/10101 9963/9963
f 10102/10102 10101/10101 9964/9964
f 10103/10103 10104/10104 9966/9966
f 9966/9966 10104/10104 9967/9967
f 9996/9996 10105/10105 9997/9997
f 10106/10106 10107/10107 10108/10108
f 9969/9969 10109/10109 9970/9970
f 10073/10073 10110/10110 9972/9972
f 10002/10002 10111/10111 10003/10003
f 10075/10075 10112/10112 9974/9974
f 10113/10113 10114/10114 9943/9943
f 9943/9943 10114/10114 9975/9975
f 9988/9988 10115/10115 9989/9989
f 10116/10116 10115/10115 9988/9988
f 10081/10081 10117/10117 9992/9992
f 10118/10118 10117/10117 10081/10081
f 10119/10119 10120/10120 10121/10121
f 10122/10122 10123/10123 10124/10124
f 10125/10125 10126/10126 10127/10127
f 10128/10128 10129/10129 10130/10130
f 10099/10099 10131/10131 9994/9994
f 10132/10132 10133/10133 9962/9962
f 9962/9962 10133/10133 9995/9995
f 10105/10105 10134/10134 9997/9997
f 10001/10001 10135/10135 10000/10000
f 10136/10136 10137/10137 10138/10138
f 10111/10111 10139/10139 10003/10003
f 10005/10005 10140/10140 10004/10004
f 10141/10141 10140/10140 10005/10005
f 10009/10009 10142/10142 10007/10007
f 10143/10143 10142/10142 10009/10009
f 10144/10144 10145/10145 10016/10016
f 10016/10016 10145/10145 10017/10017
f 10146/10146 10147/10147 10148/10148
f 10148/10148 10147/10147 10025/10025
f 10025/10025 10147/10147 10026/10026
f 10149/10149 10150/10150 10151/10151
f 10152/10152 10153/10153 10154/10154
f 10155/10155 10156/10156 10157/10157
f 10158/10158 10159/10159 10160/10160
f 10028/10028 10161/10161 10027/10027
f 10162/10162 10161/10161 10028/10028
f 10066/10066 10163/10163 10067/10067
f 10029/10029 10164/10164 10030/10030
f 10165/10165 10164/10164 10029/10029
f 10031/10031 10166/10166 10032/10032
f 10167/10167 10166/10166 10031/10031
f 10036/10036 10168/10168 10035/10035
f 10074/10074 10169/10169 10072/10072
f 10170/10170 10171/10171 10172/10172
f 10038/10038 10173/10173 10037/10037
f 10174/10174 10173/10173 10038/10038
f 10039/10039 10175/10175 10040/10040
f 10176/10176 10175/10175 10039/10039
f 10043/10043 10177/10177 10042/10042
f 10080/10080 10178/10178 10079/10079
f 10179/10179 10177/10177 10043/10043
f 10058/10058 10180/10180 10059/10059
f 10181/10181 10180/10180 10058/10058
f 10063/10063 10182/10182 10062/10062
f 10183/10183 10182/10182 10184/10184
f 10184/10184 10182/10182 10063/10063
f 10185/10185 10186/10186 10187/10187
f 10188/10188 10189/10189 10190/10190
f 10191/10191 10192/10192 10193/10193
f 10194/10194 10195/10195 10196/10196
f 10197/10197 10198/10198 10065/10065
f 10065/10065 10198/10198 10064/10064
f 10102/10102 10199/10199 10101/10101
f 10163/10163 10200/10200 10067/10067
f 10201/10201 10202/10202 10068/10068
f 10106/10106 10203/10203 10107/10107
f 10068/10068 10202/10202 10069/10069
f 10204/10204 10205/10205 10206/10206
f 10207/10207 10208/10208 10077/10077
f 10077/10077 10208/10208 10076/10076
f 10209/10209 10210/10210 10041/10041
f 10041/10041 10210/10210 10078/10078
f 10178/10178 10211/10211 10079/10079
f 10212/10212 10213/10213 10214/10214
f 10215/10215 10213/10213 10212/10212
f 10216/10216 10217/10217 10061/10061
f 10218/10218 10217/10217 10216/10216
f 10061/10061 10217/10217 10100/10100
f 10219/10219 10220/10220 10221/10221
f 10222/10222 10223/10223 10224/10224
f 10225/10225 10226/10226 10227/10227
f 10228/10228 10229/10229 10230/10230
f 10199/10199 10231/10231 10101/10101
f 10232/10232 10233/10233 10103/10103
f 10103/10103 10233/10233 10104/10104
f 10203/10203 10234/10234 10107/10107
f 10235/10235 10236/10236 10237/10237
f 10073/10073 10238/10238 10110/10110
f 10075/10075 10239/10239 10112/10112
f 10240/10240 10239/10239 10075/10075
f 10241/10241 10242/10242 10113/10113
f 10113/10113 10242/10242 10114/10114
f 10116/10116 10243/10243 10115/10115
f 10244/10244 10243/10243 10116/10116
f 10144/10144 10245/10245 10145/10145
f 10246/10246 10247/10247 10125/10125
f 10125/10125 10247/10247 10126/10126
f 10158/10158 10248/10248 10159/10159
f 10249/10249 10250/10250 10099/10099
f 10099/10099 10250/10250 10131/10131
f 10251/10251 10252/10252 10253/10253
f 10254/10254 10255/10255 10256/10256
f 10257/10257 10258/10258 10259/10259
f 10260/10260 10261/10261 10262/10262
f 10263/10263 10264/10264 10265/10265
f 10266/10266 10267/10267 10132/10132
f 10132/10132 10267/10267 10133/10133
f 10268/10268 10269/10269 10105/10105
f 10105/10105 10269/10269 10134/10134
f 10270/10270 10271/10271 10136/10136
f 10136/10136 10271/10271 10137/10137
f 10272/10272 10273/10273 10274/10274
f 10111/10111 10275/10275 10139/10139
f 10276/10276 10277/10277 10141/10141
f 10141/10141 10277/10277 10140/10140
f 10143/10143 10278/10278 10142/10142
f 10279/10279 10278/10278 10143/10143
f 10245/10245 10280/10280 10145/10145
f 10248/10248 10281/10281 10159/10159
f 10282/10282 10283/10283 10284/10284
f 10162/10162 10285/10285 10161/10161
f 10286/10286 10287/10287 10288/10288
f 10289/10289 10285/10285 10162/10162
f 10290/10290 10291/10291 10292/10292
f 10292/10292 10291/10291 10293/10293
f 10294/10294 10295/10295 10296/10296
f 10165/10165 10297/10297 10164/10164
f 10163/10163 10298/10298 10200/10200
f 10299/10299 10297/10297 10165/10165
f 10300/10300 10301/10301 10167/10167
f 10167/10167 10301/10301 10166/10166
f 10302/10302 10303/10303 10170/10170
f 10170/10170 10303/10303 10171/10171
f 10304/10304 10305/10305 10306/10306
f 10174/10174 10307/10307 10173/10173
f 10209/10209 10308/10308 10210/10210
f 10176/10176 10309/10309 10175/10175
f 10310/10310 10309/10309 10176/10176
f 10179/10179 10311/10311 10177/10177
f 10312/10312 10311/10311 10179/10179
f 10215/10215 10313/10313 10213/10213
f 10314/10314 10315/10315 10181/10181
f 10181/10181 10315/10315 10180/10180
f 10191/10191 10316/10316 10192/10192
f 10317/10317 10316/10316 10191/10191
f 10197/10197 10318/10318 10198/10198
f 10319/10319 10318/10318 10320/10320
f 10320/10320 10318/10318 10197/10197
f 10321/10321 10322/10322 10323/10323
f 10324/10324 10318/10318 10319/10319
f 10325/10325 10326/10326 10327/10327
f 10328/10328 10329/10329 10330/10330
f 10298/10298 10331/10331 10200/10200
f 10332/10332 10333/10333 10201/10201
f 10201/10201 10333/10333 10202/10202
f 10204/10204 10334/10334 10205/10205
f 10335/10335 10334/10334 10204/10204
f 10336/10336 10337/10337 10338/10338
f 10207/10207 10339/10339 10208/10208
f 10308/10308 10340/10340 10210/10210
f 10178/10178 10341/10341 10211/10211
f 10342/10342 10341/10341 10178/10178
f 10313/10313 10343/10343 10213/10213
f 10222/10222 10344/10344 10223/10223
f 10345/10345 10344/10344 10222/10222
f 10346/10346 10347/10347 10348/10348
f 10349/10349 10350/10350 10199/10199
f 10199/10199 10350/10350 10231/10231
f 10351/10351 10352/10352 10353/10353
f 10354/10354 10355/10355 10356/10356
f 10357/10357 10358/10358 10359/10359
f 10360/10360 10361/10361 10362/10362
f 10363/10363 10364/10364 10365/10365
f 10232/10232 10366/10366 10233/10233
f 10367/10367 10366/10366 10232/10232
f 10268/10268 10368/10368 10269/10269
f 10369/10369 10370/10370 10203/10203
f 10203/10203 10370/10370 10234/10234
f 10235/10235 10371/10371 10236/10236
f 10372/10372 10371/10371 10235/10235
f 10240/10240 10373/10373 10239/10239
f 10374/10374 10375/10375 10376/10376
f 10279/10279 10377/10377 10278/10278
f 10378/10378 10379/10379 10241/10241
f 10241/10241 10379/10379 10242/10242
f 10244/10244 10380/10380 10243/10243
f 10381/10381 10380/10380 10244/10244
f 10382/10382 10383/10383 10246/10246
f 10248/10248 10384/10384 10281/10281
f 10246/10246 10383/10383 10247/10247
f 10347/10347 10385/10385 10348/10348
f 10386/10386 10387/10387 10388/10388
f 10388/10388 10387/10387 10266/10266
f 10266/10266 10387/10387 10267/10267
f 10389/10389 10390/10390 10391/10391
f 10392/10392 10393/10393 10394/10394
f 10395/10395 10396/10396 10397/10397
f 10398/10398 10399/10399 10400/10400
f 10300/10300 10401/10401 10301/10301
f 10368/10368 10402/10402 10269/10269
f 10403/10403 10404/10404 10270/10270
f 10270/10270 10404/10404 10271/10271
f 10272/10272 10405/10405 10273/10273
f 10406/10406 10405/10405 10272/10272
f 10276/10276 10407/10407 10277/10277
f 10408/10408 10409/10409 10410/10410
f 10377/10377 10411/10411 10278/10278
f 10245/10245 10412/10412 10280/10280
f 10413/10413 10412/10412 10245/10245
f 10384/10384 10414/10414 10281/10281
f 10415/10415 10416/10416 10290/10290
f 10290/10290 10416/10416 10291/10291
f 10299/10299 10417/10417 10297/10297
f 10418/10418 10417/10417 10419/10419
f 10419/10419 10417/10417 10299/10299
f 10420/10420 10421/10421 10422/10422
f 10423/10423 10424/10424 10425/10425
f 10425/10425 10424/10424 10426/10426
f 10427/10427 10428/10428 10429/10429
f 10332/10332 10430/10430 10333/10333
f 10401/10401 10431/10431 10301/10301
f 10432/10432 10433/10433 10302/10302
f 10335/10335 10434/10434 10334/10334
f 10302/10302 10433/10433 10303/10303
f 10435/10435 10436/10436 10304/10304
f 10304/10304 10436/10436 10305/10305
f 10310/10310 10437/10437 10309/10309
f 10308/10308 10438/10438 10340/10340
f 10439/10439 10440/10440 10441/10441
f 10442/10442 10443/10443 10312/10312
f 10312/10312 10443/10443 10311/10311
f 10314/10314 10444/10444 10315/10315
f 10445/10445 10444/10444 10314/10314
f 10446/10446 10447/10447 10317/10317
f 10317/10317 10447/10447 10316/10316
f 10325/10325 10448/10448 10326/10326
f 10449/10449 10448/10448 10325/10325
f 10298/10298 10450/10450 10331/10331
f 10451/10451 10450/10450 10298/10298
f 10452/10452 10450/10450 10451/10451
f 10453/10453 10454/10454 10455/10455
f 10456/10456 10457/10457 10458/10458
f 10459/10459 10460/10460 10461/10461
f 10462/10462 10463/10463 10464/10464
f 10430/10430 10465/10465 10333/10333
f 10434/10434 10466/10466 10334/10334
f 10467/10467 10468/10468 10336/10336
f 10336/10336 10468/10468 10337/10337
f 10469/10469 10470/10470 10471/10471
f 10342/10342 10472/10472 10341/10341
f 10473/10473 10472/10472 10342/10342
f 10474/10474 10475/10475 10313/10313
f 10313/10313 10475/10475 10343/10343
f 10345/10345 10476/10476 10344/10344
f 10347/10347 10477/10477 10385/10385
f 10478/10478 10476/10476 10345/10345
f 10395/10395 10479/10479 10396/10396
f 10480/10480 10481/10481 10357/10357
f 10357/10357 10481/10481 10358/10358
f 10482/10482 10483/10483 10484/10484
f 10484/10484 10483/10483 10367/10367
f 10367/10367 10483/10483 10366/10366
f 10485/10485 10486/10486 10487/10487
f 10488/10488 10489/10489 10490/10490
f 10490/10490 10489/10489 10491/10491
f 10492/10492 10493/10493 10494/10494
f 10369/10369 10495/10495 10370/10370
f 10496/10496 10495/10495 10369/10369
f 10372/10372 10497/10497 10371/10371
f 10498/10498 10497/10497 10372/10372
f 10374/10374 10499/10499 10375/10375
f 10500/10500 10499/10499 10374/10374
f 10378/10378 10501/10501 10379/10379
f 10502/10502 10503/10503 10504/10504
f 10381/10381 10505/10505 10380/10380
f 10506/10506 10505/10505 10381/10381
f 10382/10382 10507/10507 10383/10383
f 10384/10384 10508/10508 10414/10414
f 10509/10509 10507/10507 10382/10382
f 10415/10415 10510/10510 10416/10416
f 10477/10477 10511/10511 10385/10385
f 10423/10423 10512/10512 10424/10424
f 10479/10479 10513/10513 10396/10396
f 10514/10514 10515/10515 10516/10516
f 10368/10368 10515/10515 10402/10402
f 10517/10517 10518/10518 10519/10519
f 10520/10520 10521/10521 10522/10522
f 10516/10516 10515/10515 10368/10368
f 10523/10523 10524/10524 10525/10525
f 10526/10526 10527/10527 10528/10528
f 10529/10529 10530/10530 10531/10531
f 10532/10532 10533/10533 10403/10403
f 10403/10403 10533/10533 10404/10404
f 10406/10406 10534/10534 10405/10405
f 10535/10535 10534/10534 10406/10406
f 10536/10536 10537/10537 10408/10408
f 10408/10408 10537/10537 10409/10409
f 10377/10377 10538/10538 10411/10411
f 10539/10539 10540/10540 10541/10541
f 10542/10542 10543/10543 10413/10413
f 10413/10413 10543/10543 10412/10412
f 10508/10508 10544/10544 10414/10414
f 10510/10510 10545/10545 10416/10416
f 10512/10512 10546/10546 10424/10424
f 10547/10547 10548/10548 10401/10401
f 10549/10549 10548/10548 10547/10547
f 10550/10550 10551/10551 10552/10552
f 10401/10401 10548/10548 10431/10431
f 10553/10553 10554/10554 10555/10555
f 10530/10530 10556/10556 10531/10531
f 10557/10557 10558/10558 10432/10432
f 10432/10432 10558/10558 10433/10433
f 10434/10434 10559/10559 10466/10466
f 10560/10560 10561/10561 10435/10435
f 10435/10435 10561/10561 10436/10436
f 10439/10439 10562/10562 10440/10440
f 10563/10563 10562/10562 10439/10439
f 10442/10442 10564/10564 10443/10443
f 10565/10565 10566/10566 10567/10567
f 10568/10568 10569/10569 10445/10445
f 10445/10445 10569/10569 10444/10444
f 10570/10570 10571/10571 10446/10446
f 10446/10446 10571/10571 10447/10447
f 10449/10449 10572/10572 10448/10448
f 10573/10573 10572/10572 10449/10449
f 10574/10574 10575/10575 10576/10576
f 10577/10577 10575/10575 10574/10574
f 10578/10578 10579/10579 10580/10580
f 10581/10581 10582/10582 10583/10583
f 10430/10430 10582/10582 10465/10465
f 10583/10583 10582/10582 10584/10584
f 10584/10584 10582/10582 10430/10430
f 10585/10585 10586/10586 10587/10587
f 10588/10588 10589/10589 10590/10590
f 10591/10591 10592/10592 10593/10593
f 10559/10559 10594/10594 10466/10466
f 10498/10498 10595/10595 10497/10497
f 10467/10467 10596/10596 10468/10468
f 10597/10597 10596/10596 10467/10467
f 10469/10469 10598/10598 10470/10470
f 10599/10599 10598/10598 10469/10469
f 10600/10600 10601/10601 10602/10602
f 10473/10473 10603/10603 10472/10472
f 10474/10474 10604/10604 10475/10475
f 10605/10605 10604/10604 10474/10474
f 10478/10478 10606/10606 10476/10476
f 10607/10607 10606/10606 10478/10478
f 10480/10480 10608/10608 10481/10481
f 10609/10609 10608/10608 10480/10480
f 10610/10610 10611/10611 10488/10488
f 10488/10488 10611/10611 10489/10489
f 10612/10612 10613/10613 10614/10614
f 10496/10496 10615/10615 10495/10495
f 10616/10616 10615/10615 10617/10617
f 10617/10617 10615/10615 10496/10496
f 10618/10618 10619/10619 10620/10620
f 10621/10621 10622/10622 10623/10623
f 10589/10589 10624/10624 10590/10590
f 10595/10595 10625/10625 10497/10497
f 10535/10535 10626/10626 10534/10534
f 10500/10500 10627/10627 10499/10499
f 10628/10628 10627/10627 10500/10500
f 10502/10502 10629/10629 10503/10503
f 10630/10630 10629/10629 10502/10502
f 10631/10631 10632/10632 10633/10633
f 10506/10506 10634/10634 10505/10505
f 10542/10542 10635/10635 10543/10543
f 10636/10636 10637/10637 10509/10509
f 10509/10509 10637/10637 10507/10507
f 10477/10477 10638/10638 10511/10511
f 10639/10639 10638/10638 10477/10477
f 10640/10640 10641/10641 10479/10479
f 10479/10479 10641/10641 10513/10513
f 10512/10512 10642/10642 10546/10546
f 10613/10613 10643/10643 10614/10614
f 10644/10644 10645/10645 10532/10532
f 10532/10532 10645/10645 10533/10533
f 10646/10646 10645/10645 10644/10644
f 10647/10647 10648/10648 10649/10649
f 10650/10650 10645/10645 10646/10646
f 10651/10651 10652/10652 10653/10653
f 10654/10654 10655/10655 10656/10656
f 10657/10657 10658/10658 10659/10659
f 10626/10626 10660/10660 10534/10534
f 10536/10536 10661/10661 10537/10537
f 10662/10662 10661/10661 10536/10536
f 10539/10539 10663/10663 10540/10540
f 10664/10664 10663/10663 10539/10539
f 10665/10665 10666/10666 10667/10667
f 10668/10668 10669/10669 10508/10508
f 10508/10508 10669/10669 10544/10544
f 10670/10670 10671/10671 10510/10510
f 10510/10510 10671/10671 10545/10545
f 10642/10642 10672/10672 10546/10546
f 10673/10673 10674/10674 10530/10530
f 10530/10530 10674/10674 10556/10556
f 10675/10675 10676/10676 10557/10557
f 10677/10677 10678/10678 10679/10679
f 10680/10680 10676/10676 10675/10675
f 10557/10557 10676/10676 10558/10558
f 10681/10681 10682/10682 10683/10683
f 10684/10684 10685/10685 10686/10686
f 10560/10560 10687/10687 10561/10561
f 10688/10688 10687/10687 10560/10560
f 10563/10563 10689/10689 10562/10562
f 10690/10690 10689/10689 10563/10563
f 10565/10565 10691/10691 10566/10566
f 10692/10692 10691/10691 10565/10565
f 10568/10568 10693/10693 10569/10569
f 10694/10694 10695/10695 10696/10696
f 10570/10570 10697/10697 10571/10571
f 10698/10698 10697/10697 10570/10570
f 10699/10699 10700/10700 10573/10573
f 10573/10573 10700/10700 10572/10572
f 10701/10701 10702/10702 10577/10577
f 10577/10577 10702/10702 10575/10575
f 10591/10591 10703/10703 10592/10592
f 10704/10704 10703/10703 10591/10591
f 10589/10589 10705/10705 10624/10624
f 10559/10559 10706/10706 10594/10594
f 10707/10707 10706/10706 10708/10708
f 10708/10708 10706/10706 10559/10559
f 10595/10595 10709/10709 10625/10625
f 10710/10710 10711/10711 10712/10712
f 10713/10713 10714/10714 10715/10715
f 10716/10716 10717/10717 10718/10718
f 10719/10719 10720/10720 10721/10721
f 10722/10722 10723/10723 10724/10724
f 10597/10597 10725/10725 10596/10596
f 10726/10726 10725/10725 10597/10597
f 10599/10599 10727/10727 10598/10598
f 10728/10728 10727/10727 10599/10599
f 10600/10600 10729/10729 10601/10601
f 10730/10730 10729/10729 10600/10600
f 10731/10731 10732/10732 10733/10733
f 10605/10605 10734/10734 10604/10604
f 10607/10607 10735/10735 10606/10606
f 10639/10639 10736/10736 10638/10638
f 10737/10737 10735/10735 10607/10607
f 10738/10738 10739/10739 10609/10609
f 10609/10609 10739/10739 10608/10608
f 10610/10610 10740/10740 10611/10611
f 10613/10613 10741/10741 10643/10643
f 10742/10742 10740/10740 10610/10610
f 10705/10705 10743/10743 10624/10624
f 10744/10744 10745/10745 10746/10746
f 10747/10747 10748/10748 10709/10709
f 10709/10709 10748/10748 10625/10625
f 10749/10749 10750/10750 10751/10751
f 10752/10752 10753/10753 10754/10754
f 10755/10755 10756/10756 10757/10757
f 10662/10662 10758/10758 10661/10661
f 10628/10628 10759/10759 10627/10627
f 10760/10760 10759/10759 10628/10628
f 10630/10630 10761/10761 10629/10629
f 10762/10762 10761/10761 10630/10630
f 10763/10763 10764/10764 10631/10631
f 10631/10631 10764/10764 10632/10632
f 10668/10668 10765/10765 10669/10669
f 10636/10636 10766/10766 10637/10637
f 10767/10767 10768/10768 10769/10769
f 10736/10736 10770/10770 10638/10638
f 10640/10640 10771/10771 10641/10641
f 10772/10772 10771/10771 10640/10640
f 10642/10642 10773/10773 10672/10672
f 10741/10741 10774/10774 10643/10643
f 10745/10745 10775/10775 10746/10746
f 10776/10776 10777/10777 10626/10626
f 10626/10626 10777/10777 10660/10660
f 10778/10778 10779/10779 10780/10780
f 10781/10781 10782/10782 10783/10783
f 10784/10784 10777/10777 10776/10776
f 10785/10785 10786/10786 10787/10787
f 10788/10788 10789/10789 10790/10790
f 10791/10791 10792/10792 10793/10793
f 10758/10758 10794/10794 10661/10661
f 10692/10692 10795/10795 10691/10691
f 10796/10796 10797/10797 10664/10664
f 10664/10664 10797/10797 10663/10663
f 10798/10798 10799/10799 10665/10665
f 10665/10665 10799/10799 10666/10666
f 10800/10800 10801/10801 10802/10802
f 10670/10670 10803/10803 10671/10671
f 10699/10699 10804/10804 10700/10700
f 10805/10805 10803/10803 10670/10670
f 10773/10773 10806/10806 10672/10672
f 10673/10673 10807/10807 10674/10674
f 10808/10808 10807/10807 10673/10673
f 10684/10684 10809/10809 10685/10685
f 10810/10810 10809/10809 10684/10684
f 10811/10811 10812/10812 10688/10688
f 10813/10813 10814/10814 10815/10815
f 10688/10688 10812/10812 10687/10687
f 10816/10816 10812/10812 10811/10811
f 10817/10817 10818/10818 10819/10819
f 10820/10820 10821/10821 10822/10822
f 10823/10823 10824/10824 10825/10825
f 10690/10690 10826/10826 10689/10689
f 10728/10728 10827/10827 10727/10727
f 10828/10828 10826/10826 10690/10690
f 10795/10795 10829/10829 10691/10691
f 10694/10694 10830/10830 10695/10695
f 10831/10831 10830/10830 10694/10694
f 10698/10698 10832/10832 10697/10697
f 10833/10833 10834/10834 10835/10835
f 10804/10804 10836/10836 10700/10700
f 10701/10701 10837/10837 10702/10702
f 10838/10838 10837/10837 10701/10701
f 10705/10705 10839/10839 10743/10743
f 10704/10704 10840/10840 10703/10703
f 10841/10841 10840/10840 10704/10704
f 10842/10842 10843/10843 10722/10722
f 10722/10722 10843/10843 10723/10723
f 10844/10844 10845/10845 10846/10846
f 10846/10846 10845/10845 10726/10726
f 10726/10726 10845/10845 10725/10725
f 10847/10847 10848/10848 10849/10849
f 10850/10850 10845/10845 10844/10844
f 10827/10827 10851/10851 10727/10727
f 10762/10762 10852/10852 10761/10761
f 10853/10853 10854/10854 10730/10730
f 10763/10763 10855/10855 10764/10764
f 10730/10730 10854/10854 10729/10729
f 10731/10731 10856/10856 10732/10732
f 10857/10857 10856/10856 10731/10731
f 10858/10858 10859/10859 10860/10860
f 10737/10737 10861/10861 10735/10735
f 10736/10736 10862/10862 10770/10770
f 10738/10738 10863/10863 10739/10739
f 10864/10864 10863/10863 10738/10738
f 10742/10742 10865/10865 10740/10740
f 10866/10866 10865/10865 10742/10742
f 10741/10741 10867/10867 10774/10774
f 10745/10745 10868/10868 10775/10775
f 10839/10839 10869/10869 10743/10743
f 10870/10870 10871/10871 10872/10872
f 10873/10873 10874/10874 10755/10755
f 10755/10755 10874/10874 10756/10756
f 10875/10875 10876/10876 10760/10760
f 10760/10760 10876/10876 10759/10759
f 10877/10877 10876/10876 10875/10875
f 10878/10878 10879/10879 10880/10880
f 10852/10852 10881/10881 10761/10761
f 10855/10855 10882/10882 10764/10764
f 10767/10767 10883/10883 10768/10768
f 10884/10884 10883/10883 10767/10767
f 10800/10800 10885/10885 10801/10801
f 10886/10886 10887/10887 10888/10888
f 10889/10889 10890/10890 10772/10772
f 10772/10772 10890/10890 10771/10771
f 10867/10867 10891/10891 10774/10774
f 10868/10868 10892/10892 10775/10775
f 10871/10871 10893/10893 10872/10872
f 10894/10894 10895/10895 10758/10758
f 10896/10896 10897/10897 10898/10898
f 10899/10899 10895/10895 10900/10900
f 10900/10900 10895/10895 10894/10894
f 10758/10758 10895/10895 10794/10794
f 10796/10796 10901/10901 10797/10797
f 10902/10902 10901/10901 10796/10796
f 10798/10798 10903/10903 10799/10799
f 10904/10904 10903/10903 10798/10798
f 10885/10885 10905/10905 10801/10801
f 10805/10805 10906/10906 10803/10803
f 10907/10907 10908/10908 10909/10909
f 10773/10773 10910/10910 10806/10806
f 10911/10911 10910/10910 10773/10773
f 10808/10808 10912/10912 10807/10807
f 10913/10913 10912/10912 10808/10808
f 10810/10810 10914/10914 10809/10809
f 10915/10915 10914/10914 10810/10810
f 10825/10825 10916/10916 10917/10917
f 10918/10918 10919/10919 10817/10817
f 10817/10817 10919/10919 10818/10818
f 10824/10824 10916/10916 10825/10825
f 10920/10920 10921/10921 10828/10828
f 10827/10827 10922/10922 10851/10851
f 10828/10828 10921/10921 10826/10826
f 10923/10923 10924/10924 10925/10925
f 10926/10926 10921/10921 10920/10920
f 10795/10795 10927/10927 10829/10829
f 10928/10928 10927/10927 10795/10795
f 10831/10831 10929/10929 10830/10830
f 10930/10930 10929/10929 10831/10831
f 10833/10833 10931/10931 10834/10834
f 10932/10932 10931/10931 10833/10833
f 10804/10804 10933/10933 10836/10836
f 10934/10934 10935/10935 10936/10936
f 10937/10937 10938/10938 10838/10838
f 10838/10838 10938/10938 10837/10837
f 10939/10939 10940/10940 10841/10841
f 10841/10841 10940/10940 10840/10840
f 10941/10941 10942/10942 10842/10842
f 10842/10842 10942/10942 10843/10843
f 10922/10922 10943/10943 10851/10851
f 10944/10944 10943/10943 10922/10922
f 10945/10945 10946/10946 10947/10947
f 10948/10948 10943/10943 10944/10944
f 10949/10949 10950/10950 10853/10853
f 10853/10853 10950/10950 10854/10854
f 10857/10857 10951/10951 10856/10856
f 10952/10952 10951/10951 10857/10857
f 10858/10858 10953/10953 10859/10859
f 10954/10954 10953/10953 10858/10858
f 10886/10886 10955/10955 10887/10887
f 10956/10956 10957/10957 10958/10958
f 10889/10889 10959/10959 10890/10890
f 10864/10864 10960/10960 10863/10863
f 10867/10867 10961/10961 10891/10891
f 10962/10962 10963/10963 10866/10866
f 10866/10866 10963/10963 10865/10865
f 10964/10964 10965/10965 10839/10839
f 10839/10839 10965/10965 10869/10869
f 10966/10966 10967/10967 10873/10873
f 10873/10873 10967/10967 10874/10874
f 10968/10968 10969/10969 10970/10970
f 10971/10971 10972/10972 10973/10973
f 10974/10974 10975/10975 10852/10852
f 10976/10976 10975/10975 10974/10974
f 10852/10852 10975/10975 10881/10881
f 10977/10977 10978/10978 10855/10855
f 10855/10855 10978/10978 10882/10882
f 10885/10885 10979/10979 10905/10905
f 10980/10980 10981/10981 10884/10884
f 10884/10884 10981/10981 10883/10883
f 10955/10955 10982/10982 10887/10887
f 10911/10911 10983/10983 10910/10910
f 10984/10984 10985/10985 10986/10986
f 10961/10961 10987/10987 10891/10891
f 10868/10868 10988/10988 10892/10892
f 10989/10989 10988/10988 10868/10868
f 10990/10990 10991/10991 10871/10871
f 10871/10871 10991/10991 10893/10893
f 10992/10992 10993/10993 10902/10902
f 10902/10902 10993/10993 10901/10901
f 10968/10968 10994/10994 10969/10969
f 10995/10995 10996/10996 10997/10997
f 10904/10904 10998/10998 10903/10903
f 10999/10999 10998/10998 10904/10904
f 10979/10979 11000/11000 10905/10905
f 11001/11001 11002/11002 10907/10907
f 10907/10907 11002/11002 10908/10908
f 11003/11003 11004/11004 11005/11005
f 11006/11006 11007/11007 10913/10913
f 10913/10913 11007/11007 10912/10912
f 11008/11008 11009/11009 10915/10915
f 10915/10915 11009/11009 10914/10914
f 10917/10917 11010/11010 11011/11011
f 11012/11012 11013/11013 10918/10918
f 10918/10918 11013/11013 10919/10919
f 10916/10916 11010/11010 10917/10917
f 11014/11014 11015/11015 11016/11016
f 10928/10928 11017/11017 10927/10927
f 11018/11018 11019/11019 11020/11020
f 11021/11021 11022/11022 11023/11023
f 11024/11024 11017/11017 10928/10928
f 11025/11025 11026/11026 10930/10930
f 10930/10930 11026/11026 10929/10929
f 11027/11027 11028/11028 10932/10932
f 10932/10932 11028/11028 10931/10931
f 11029/11029 11030/11030 10934/10934
f 10934/10934 11030/11030 10935/10935
f 11031/11031 11032/11032 11033/11033
f 10937/10937 11034/11034 10938/10938
f 10939/10939 11035/11035 10940/10940
f 11036/11036 11035/11035 10939/10939
f 10964/10964 11037/11037 10965/10965
f 11038/11038 11039/11039 10941/10941
f 10941/10941 11039/11039 10942/10942
f 11018/11018 11040/11040 11019/11019
f 11041/11041 11042/11042 11043/11043
f 11019/11019 11040/11040 10949/10949
f 10949/10949 11040/11040 10950/10950
f 11044/11044 11045/11045 10952/10952
f 10952/10952 11045/11045 10951/10951
f 10954/10954 11046/11046 10953/10953
f 11047/11047 11046/11046 10954/10954
f 10955/10955 11048/11048 10982/10982
f 11049/11049 11050/11050 10956/10956
f 10956/10956 11050/11050 10957/10957
f 10961/10961 11051/11051 10987/10987
f 11052/11052 11053/11053 11054/11054
f 10962/10962 11055/11055 10963/10963
f 11037/11037 11056/11056 10965/10965
f 10990/10990 11057/11057 10991/10991
f 11058/11058 11059/11059 10966/10966
f 10966/10966 11059/11059 10967/10967
f 11060/11060 11061/11061 10977/10977
f 10977/10977 11061/11061 10978/10978
f 11062/11062 11063/11063 11064/11064
f 11065/11065 11066/11066 11067/11067
f 11068/11068 11061/11061 11060/11060
f 10979/10979 11069/11069 11000/11000
f 11070/11070 11071/11071 10980/10980
f 10980/10980 11071/11071 10981/10981
f 11048/11048 11072/11072 10982/10982
f 10984/10984 11073/11073 10985/10985
f 11003/11003 11074/11074 11004/11004
f 11075/11075 11073/11073 10984/10984
f 11006/11006 11076/11076 11007/11007
f 11077/11077 11078/11078 11079/11079
f 10989/10989 11080/11080 10988/10988
f 11081/11081 11080/11080 10989/10989
f 11057/11057 11082/11082 10991/10991
f 10999/10999 11083/11083 10998/10998
f 11063/11063 11083/11083 10999/10999
f 11084/11084 11085/11085 11086/11086
f 11062/11062 11083/11083 11063/11063
f 11069/11069 11087/11087 11000/11000
f 11001/11001 11088/11088 11002/11002
f 11089/11089 11088/11088 11001/11001
f 11029/11029 11090/11090 11030/11030
f 11074/11074 11091/11091 11004/11004
f 11092/11092 11093/11093 11094/11094
f 11038/11038 11095/11095 11039/11039
f 11008/11008 11096/11096 11009/11009
f 11097/11097 11096/11096 11008/11008
f 11011/11011 11098/11098 11099/11099
f 11012/11012 11100/11100 11013/11013
f 11010/11010 11098/11098 11011/11011
f 11101/11101 11100/11100 11012/11012
f 11102/11102 11103/11103 11025/11025
f 11104/11104 11105/11105 11106/11106
f 11107/11107 11108/11108 11109/11109
f 11025/11025 11103/11103 11026/11026
f 11110/11110 11103/11103 11102/11102
f 11111/11111 11112/11112 11027/11027
f 11027/11027 11112/11112 11028/11028
f 11090/11090 11113/11113 11030/11030
f 11114/11114 11115/11115 11031/11031
f 11031/11031 11115/11115 11032/11032
f 11036/11036 11116/11116 11035/11035
f 11117/11117 11118/11118 11119/11119
f 11095/11095 11120/11120 11039/11039
f 11104/11104 11121/11121 11105/11105
f 11044/11044 11122/11122 11045/11045
f 11123/11123 11124/11124 11125/11125
f 11126/11126 11122/11122 11044/11044
f 11070/11070 11127/11127 11071/11071
f 11128/11128 11129/11129 11047/11047
f 11048/11048 11130/11130 11072/11072
f 11047/11047 11129/11129 11046/11046
f 11131/11131 11132/11132 11049/11049
f 11049/11049 11132/11132 11050/11050
f 11052/11052 11133/11133 11053/11053
f 11134/11134 11133/11133 11052/11052
f 11077/11077 11135/11135 11078/11078
f 11136/11136 11137/11137 11138/11138
f 11037/11037 11139/11139 11056/11056
f 11081/11081 11140/11140 11080/11080
f 11058/11058 11141/11141 11059/11059
f 11057/11057 11142/11142 11082/11082
f 11143/11143 11141/11141 11058/11058
f 11144/11144 11145/11145 11146/11146
f 11127/11127 11147/11147 11071/11071
f 11148/11148 11149/11149 11150/11150
f 11151/11151 11152/11152 11153/11153
f 11069/11069 11149/11149 11087/11087
f 11130/11130 11154/11154 11072/11072
f 11074/11074 11155/11155 11091/11091
f 11156/11156 11157/11157 11075/11075
f 11075/11075 11157/11157 11073/11073
f 11135/11135 11158/11158 11078/11078
f 11159/11159 11160/11160 11161/11161
f 11142/11142 11162/11162 11082/11082
f 11163/11163 11164/11164 11165/11165
f 11148/11148 11166/11166 11149/11149
f 11149/11149 11166/11166 11087/11087
f 11167/11167 11168/11168 11089/11089
f 11089/11089 11168/11168 11088/11088
f 11155/11155 11169/11169 11091/11091
f 11170/11170 11171/11171 11092/11092
f 11092/11092 11171/11171 11093/11093
f 11172/11172 11173/11173 11174/11174
f 11097/11097 11175/11175 11096/11096
f 11099/11099 11176/11176 11177/11177
f 11101/11101 11178/11178 11100/11100
f 11179/11179 11178/11178 11101/11101
f 11098/11098 11176/11176 11099/11099
f 11180/11180 11181/11181 11182/11182
f 11183/11183 11184/11184 11185/11185
f 11186/11186 11187/11187 11188/11188
f 11182/11182 11181/11181 11111/11111
f 11111/11111 11181/11181 11112/11112
f 11090/11090 11189/11189 11113/11113
f 11190/11190 11189/11189 11090/11090
f 11114/11114 11191/11191 11115/11115
f 11192/11192 11191/11191 11114/11114
f 11117/11117 11193/11193 11118/11118
f 11136/11136 11194/11194 11137/11137
f 11195/11195 11193/11193 11117/11117
f 11095/11095 11196/11196 11120/11120
f 11197/11197 11198/11198 11199/11199
f 11128/11128 11200/11200 11129/11129
f 11201/11201 11202/11202 11203/11203
f 11184/11184 11200/11200 11128/11128
f 11183/11183 11200/11200 11184/11184
f 11131/11131 11204/11204 11132/11132
f 11205/11205 11204/11204 11131/11131
f 11206/11206 11207/11207 11134/11134
f 11134/11134 11207/11207 11133/11133
f 11135/11135 11208/11208 11158/11158
f 11194/11194 11209/11209 11137/11137
f 11143/11143 11210/11210 11141/11141
f 11211/11211 11212/11212 11213/11213
f 11130/11130 11214/11214 11154/11154
f 11215/11215 11214/11214 11130/11130
f 11216/11216 11217/11217 11218/11218
f 11219/11219 11220/11220 11221/11221
f 11222/11222 11223/11223 11224/11224
f 11156/11156 11225/11225 11157/11157
f 11226/11226 11225/11225 11156/11156
f 11155/11155 11227/11227 11169/11169
f 11208/11208 11228/11228 11158/11158
f 11229/11229 11230/11230 11159/11159
f 11172/11172 11231/11231 11173/11173
f 11159/11159 11230/11230 11160/11160
f 11232/11232 11233/11233 11234/11234
f 11142/11142 11235/11235 11162/11162
f 11236/11236 11237/11237 11167/11167
f 11238/11238 11239/11239 11240/11240
f 11167/11167 11237/11237 11168/11168
f 11241/11241 11237/11237 11236/11236
f 11227/11227 11242/11242 11169/11169
f 11243/11243 11244/11244 11170/11170
f 11170/11170 11244/11244 11171/11171
f 11231/11231 11245/11245 11173/11173
f 11246/11246 11247/11247 11248/11248
f 11249/11249 11250/11250 11251/11251
f 11176/11176 11252/11252 11177/11177
f 11179/11179 11253/11253 11178/11178
f 11254/11254 11255/11255 11256/11256
f 11256/11256 11255/11255 11190/11190
f 11257/11257 11258/11258 11259/11259
f 11260/11260 11261/11261 11262/11262
f 11190/11190 11255/11255 11189/11189
f 11263/11263 11264/11264 11192/11192
f 11192/11192 11264/11264 11191/11191
f 11265/11265 11266/11266 11195/11195
f 11195/11195 11266/11266 11193/11193
f 11267/11267 11268/11268 11197/11197
f 11197/11197 11268/11268 11198/11198
f 11205/11205 11269/11269 11204/11204
f 11270/11270 11271/11271 11272/11272
f 11258/11258 11269/11269 11205/11205
f 11257/11257 11269/11269 11258/11258
f 11208/11208 11273/11273 11228/11228
f 11274/11274 11275/11275 11206/11206
f 11206/11206 11275/11275 11207/11207
f 11276/11276 11277/11277 11194/11194
f 11194/11194 11277/11277 11209/11209
f 11232/11232 11278/11278 11233/11233
f 11211/11211 11279/11279 11212/11212
f 11280/11280 11279/11279 11211/11211
f 11281/11281 11282/11282 11283/11283
f 11284/11284 11285/11285 11286/11286
f 11287/11287 11288/11288 11289/11289
f 11289/11289 11288/11288 11226/11226
f 11226/11226 11288/11288 11225/11225
f 11273/11273 11290/11290 11228/11228
f 11229/11229 11291/11291 11230/11230
f 11292/11292 11291/11291 11229/11229
f 11278/11278 11293/11293 11233/11233
f 11249/11249 11294/11294 11250/11250
f 11295/11295 11296/11296 11297/11297
f 11298/11298 11299/11299 11300/11300
f 11300/11300 11299/11299 11227/11227
f 11227/11227 11299/11299 11242/11242
f 11301/11301 11302/11302 11243/11243
f 11243/11243 11302/11302 11244/11244
f 11231/11231 11303/11303 11245/11245
f 11304/11304 11303/11303 11231/11231
f 11247/11247 11305/11305 11248/11248
f 11248/11248 11305/11305 11306/11306
f 11294/11294 11307/11307 11250/11250
f 11308/11308 11309/11309 11310/11310
f 11263/11263 11311/11311 11264/11264
f 11312/11312 11313/11313 11314/11314
f 11315/11315 11316/11316 11317/11317
f 11318/11318 11311/11311 11263/11263
f 11265/11265 11319/11319 11266/11266
f 11320/11320 11319/11319 11265/11265
f 11276/11276 11321/11321 11277/11277
f 11267/11267 11322/11322 11268/11268
f 11323/11323 11322/11322 11267/11267
f 11273/11273 11324/11324 11290/11290
f 11325/11325 11326/11326 11327/11327
f 11328/11328 11329/11329 11274/11274
f 11274/11274 11329/11329 11275/11275
f 11330/11330 11329/11329 11328/11328
f 11321/11321 11331/11331 11277/11277
f 11332/11332 11333/11333 11280/11280
f 11278/11278 11334/11334 11293/11293
f 11280/11280 11333/11333 11279/11279
f 11335/11335 11336/11336 11337/11337
f 11338/11338 11339/11339 11340/11340
f 11341/11341 11342/11342 11343/11343
f 11324/11324 11344/11344 11290/11290
f 11345/11345 11346/11346 11292/11292
f 11292/11292 11346/11346 11291/11291
f 11304/11304 11347/11347 11303/11303
f 11334/11334 11348/11348 11293/11293
f 11349/11349 11350/11350 11301/11301
f 11351/11351 11352/11352 11353/11353
f 11301/11301 11350/11350 11302/11302
f 11354/11354 11355/11355 11356/11356
f 11323/11323 11357/11357 11322/11322
f 11347/11347 11358/11358 11303/11303
f 11306/11306 11359/11359 11360/11360
f 11361/11361 11362/11362 11294/11294
f 11305/11305 11359/11359 11306/11306
f 11294/11294 11362/11362 11307/11307
f 11363/11363 11364/11364 11365/11365
f 11365/11365 11364/11364 11320/11320
f 11366/11366 11367/11367 11368/11368
f 11369/11369 11370/11370 11371/11371
f 11321/11321 11372/11372 11331/11331
f 11320/11320 11364/11364 11319/11319
f 11357/11357 11373/11373 11322/11322
f 11374/11374 11375/11375 11376/11376
f 11372/11372 11377/11377 11331/11331
f 11378/11378 11379/11379 11380/11380
f 11332/11332 11381/11381 11333/11333
f 11334/11334 11382/11382 11348/11348
f 11383/11383 11381/11381 11332/11332
f 11384/11384 11385/11385 11386/11386
f 11387/11387 11388/11388 11389/11389
f 11390/11390 11391/11391 11392/11392
f 11345/11345 11393/11393 11346/11346
f 11394/11394 11393/11393 11345/11345
f 11347/11347 11395/11395 11358/11358
f 11382/11382 11396/11396 11348/11348
f 11397/11397 11398/11398 11395/11395
f 11399/11399 11400/11400 11401/11401
f 11395/11395 11398/11398 11358/11358
f 11360/11360 11402/11402 11403/11403
f 11359/11359 11402/11402 11360/11360
f 11361/11361 11404/11404 11362/11362
f 11405/11405 11404/11404 11361/11361
f 11357/11357 11406/11406 11373/11373
f 11407/11407 11408/11408 11409/11409
f 11410/11410 11411/11411 11412/11412
f 11413/11413 11406/11406 11414/11414
f 11414/11414 11406/11406 11357/11357
f 11415/11415 11416/11416 11417/11417
f 11418/11418 11419/11419 11420/11420
f 11420/11420 11419/11419 11383/11383
f 11383/11383 11419/11419 11381/11381
f 11382/11382 11421/11421 11396/11396
f 11422/11422 11423/11423 11424/11424
f 11425/11425 11426/11426 11427/11427
f 11428/11428 11429/11429 11430/11430
f 11405/11405 11431/11431 11404/11404
f 11421/11421 11432/11432 11396/11396
f 11402/11402 11433/11433 11403/11403
f 11403/11403 11433/11433 11434/11434
f 11434/11434 11433/11433 11435/11435
f 11436/11436 11437/11437 11438/11438
f 11439/11439 11440/11440 11431/11431
f 11431/11431 11440/11440 11404/11404

